{
  "type": "FeatureCollection",
  "name": "moscow_mitino_-3_-2_80ad056c",
  "metadata": {
    "category": "separate_pipes",
    "rank": 40,
    "city": "Москва Митино",
    "seed": "moscow_mitino",
    "center": [
      37.3337988,
      55.8230931
    ],
    "bbox_south_west_north_east": [
      55.8217456,
      37.3314001,
      55.8244405,
      37.3361975
    ],
    "source": "OpenStreetMap via Overpass API",
    "note": "Real OSM geometry only. Category is a heuristic research bucket, not heat-network ground truth.",
    "metrics": {
      "counts": {
        "building": 29,
        "road": 111,
        "major_road": 0,
        "railway": 0,
        "water": 0,
        "green": 0
      },
      "lengths_m": {
        "road": 8532.26,
        "major_road": 0.0,
        "railway": 0.0,
        "water": 0.0
      },
      "building_centers": 29,
      "building_spread": 0.2805,
      "barrier_score": 0.0,
      "road_score": 13.1461,
      "category_scores": {
        "shared_pipe": 2.3452,
        "separate_pipes": 6.6567,
        "fifty_fifty": 1.886,
        "refusal": 0.5437
      }
    }
  },
  "features": [
    {
      "type": "Feature",
      "properties": {
        "osm_kind": "road",
        "name": "Школьная улица",
        "source": "OpenStreetMap",
        "download_window_id": "moscow_mitino_-3_-2_80ad056c",
        "download_city": "Москва Митино",
        "osm_tags": {
          "highway": "tertiary",
          "name": "Школьная улица"
        },
        "osm_id": 37844862,
        "osm_type": "way"
      },
      "geometry": {
        "type": "LineString",
        "coordinates": [
          [
            37.3348352,
            55.8215418
          ],
          [
            37.3348942,
            55.8215571
          ],
          [
            37.3359491,
            55.8218303
          ],
          [
            37.3361279,
            55.8218766
          ],
          [
            37.337073,
            55.8221213
          ],
          [
            37.3371516,
            55.8221417
          ],
          [
            37.3376388,
            55.8222679
          ],
          [
            37.3380047,
            55.8223626
          ],
          [
            37.3381096,
            55.8223898
          ]
        ]
      }
    },
    {
      "type": "Feature",
      "properties": {
        "osm_kind": "building",
        "name": "",
        "source": "OpenStreetMap",
        "download_window_id": "moscow_mitino_-3_-2_80ad056c",
        "download_city": "Москва Митино",
        "osm_tags": {
          "building": "apartments"
        },
        "osm_id": 40736977,
        "osm_type": "way"
      },
      "geometry": {
        "type": "Polygon",
        "coordinates": [
          [
            [
              37.336158,
              55.8216049
            ],
            [
              37.3360289,
              55.8215719
            ],
            [
              37.3358994,
              55.8215388
            ],
            [
              37.3358798,
              55.821563
            ],
            [
              37.3356653,
              55.8215081
            ],
            [
              37.3354409,
              55.8214507
            ],
            [
              37.3354597,
              55.8214274
            ],
            [
              37.335351,
              55.8213996
            ],
            [
              37.3351993,
              55.8213608
            ],
            [
              37.3350823,
              55.821505
            ],
            [
              37.3360403,
              55.8217502
            ],
            [
              37.336158,
              55.8216049
            ]
          ]
        ]
      }
    },
    {
      "type": "Feature",
      "properties": {
        "osm_kind": "building",
        "name": "",
        "source": "OpenStreetMap",
        "download_window_id": "moscow_mitino_-3_-2_80ad056c",
        "download_city": "Москва Митино",
        "osm_tags": {
          "building": "school"
        },
        "osm_id": 40739047,
        "osm_type": "way"
      },
      "geometry": {
        "type": "Polygon",
        "coordinates": [
          [
            [
              37.3327236,
              55.8219134
            ],
            [
              37.3328721,
              55.8217293
            ],
            [
              37.3330111,
              55.8215571
            ],
            [
              37.3327287,
              55.8214852
            ],
            [
              37.3326803,
              55.8215452
            ],
            [
              37.3325269,
              55.8215062
            ],
            [
              37.3323495,
              55.821726
            ],
            [
              37.3325053,
              55.8217657
            ],
            [
              37.3324437,
              55.8218421
            ],
            [
              37.3327236,
              55.8219134
            ]
          ]
        ]
      }
    },
    {
      "type": "Feature",
      "properties": {
        "osm_kind": "building",
        "name": "",
        "source": "OpenStreetMap",
        "download_window_id": "moscow_mitino_-3_-2_80ad056c",
        "download_city": "Москва Митино",
        "osm_tags": {
          "building": "apartments"
        },
        "osm_id": 40739049,
        "osm_type": "way"
      },
      "geometry": {
        "type": "Polygon",
        "coordinates": [
          [
            [
              37.334003,
              55.8223519
            ],
            [
              37.3336137,
              55.8222531
            ],
            [
              37.3335174,
              55.8223727
            ],
            [
              37.3337214,
              55.8224246
            ],
            [
              37.3337042,
              55.8224459
            ],
            [
              37.3336757,
              55.8224814
            ],
            [
              37.333643,
              55.8224731
            ],
            [
              37.3334687,
              55.8226897
            ],
            [
              37.3335014,
              55.822698
            ],
            [
              37.3334723,
              55.8227341
            ],
            [
              37.3334569,
              55.8227532
            ],
            [
              37.3332612,
              55.8227034
            ],
            [
              37.333164,
              55.8228241
            ],
            [
              37.3335449,
              55.8229209
            ],
            [
              37.334003,
              55.8223519
            ]
          ]
        ]
      }
    },
    {
      "type": "Feature",
      "properties": {
        "osm_kind": "building",
        "name": "",
        "source": "OpenStreetMap",
        "download_window_id": "moscow_mitino_-3_-2_80ad056c",
        "download_city": "Москва Митино",
        "osm_tags": {
          "building": "apartments"
        },
        "osm_id": 40739587,
        "osm_type": "way"
      },
      "geometry": {
        "type": "Polygon",
        "coordinates": [
          [
            [
              37.3323945,
              55.8229491
            ],
            [
              37.3321699,
              55.8228928
            ],
            [
              37.3321579,
              55.8229079
            ],
            [
              37.3320602,
              55.8228834
            ],
            [
              37.3320469,
              55.8229001
            ],
            [
              37.3317626,
              55.8228288
            ],
            [
              37.3317759,
              55.822812
            ],
            [
              37.331685,
              55.8227892
            ],
            [
              37.3316964,
              55.8227749
            ],
            [
              37.3314689,
              55.8227179
            ],
            [
              37.3313582,
              55.8228573
            ],
            [
              37.3315899,
              55.8229154
            ],
            [
              37.331631,
              55.8228636
            ],
            [
              37.3317221,
              55.8228864
            ],
            [
              37.331681,
              55.8229381
            ],
            [
              37.3319599,
              55.8230081
            ],
            [
              37.3320015,
              55.8229557
            ],
            [
              37.3320918,
              55.8229783
            ],
            [
              37.3320516,
              55.8230289
            ],
            [
              37.3319586,
              55.8231459
            ],
            [
              37.3317522,
              55.8230942
            ],
            [
              37.331592,
              55.8232959
            ],
            [
              37.3319314,
              55.823381
            ],
            [
              37.3320919,
              55.8231788
            ],
            [
              37.332014,
              55.8231593
            ],
            [
              37.3321066,
              55.8230427
            ],
            [
              37.3322847,
              55.8230874
            ],
            [
              37.3323945,
              55.8229491
            ]
          ]
        ]
      }
    },
    {
      "type": "Feature",
      "properties": {
        "osm_kind": "building",
        "name": "",
        "source": "OpenStreetMap",
        "download_window_id": "moscow_mitino_-3_-2_80ad056c",
        "download_city": "Москва Митино",
        "osm_tags": {
          "building": "apartments"
        },
        "osm_id": 40739589,
        "osm_type": "way"
      },
      "geometry": {
        "type": "Polygon",
        "coordinates": [
          [
            [
              37.3324474,
              55.8242092
            ],
            [
              37.332347,
              55.824184
            ],
            [
              37.3323562,
              55.8241724
            ],
            [
              37.3318825,
              55.8240533
            ],
            [
              37.3318733,
              55.8240648
            ],
            [
              37.3317783,
              55.8240409
            ],
            [
              37.3318029,
              55.82401
            ],
            [
              37.3320047,
              55.8237569
            ],
            [
              37.331909,
              55.8237328
            ],
            [
              37.3319185,
              55.823721
            ],
            [
              37.3310229,
              55.8234957
            ],
            [
              37.330937,
              55.8236034
            ],
            [
              37.3311541,
              55.823658
            ],
            [
              37.3314726,
              55.8237381
            ],
            [
              37.3316655,
              55.8237866
            ],
            [
              37.3317341,
              55.8238039
            ],
            [
              37.3315153,
              55.8240784
            ],
            [
              37.3316158,
              55.8241036
            ],
            [
              37.3316072,
              55.8241145
            ],
            [
              37.3319028,
              55.8241888
            ],
            [
              37.3320821,
              55.8242339
            ],
            [
              37.3320907,
              55.8242231
            ],
            [
              37.3321331,
              55.8242338
            ],
            [
              37.3321817,
              55.824246
            ],
            [
              37.3321019,
              55.8243461
            ],
            [
              37.3322756,
              55.8243898
            ],
            [
              37.3322988,
              55.8243956
            ],
            [
              37.3324474,
              55.8242092
            ]
          ]
        ]
      }
    },
    {
      "type": "Feature",
      "properties": {
        "osm_kind": "building",
        "name": "",
        "source": "OpenStreetMap",
        "download_window_id": "moscow_mitino_-3_-2_80ad056c",
        "download_city": "Москва Митино",
        "osm_tags": {
          "building": "apartments"
        },
        "osm_id": 40739597,
        "osm_type": "way"
      },
      "geometry": {
        "type": "Polygon",
        "coordinates": [
          [
            [
              37.3326805,
              55.8239199
            ],
            [
              37.3332523,
              55.8232155
            ],
            [
              37.3330768,
              55.8231705
            ],
            [
              37.3330249,
              55.8232345
            ],
            [
              37.3329111,
              55.8233747
            ],
            [
              37.3327973,
              55.8235149
            ],
            [
              37.3326835,
              55.8236551
            ],
            [
              37.3325697,
              55.8237953
            ],
            [
              37.332505,
              55.823875
            ],
            [
              37.3326805,
              55.8239199
            ]
          ]
        ]
      }
    },
    {
      "type": "Feature",
      "properties": {
        "osm_kind": "building",
        "name": "",
        "source": "OpenStreetMap",
        "download_window_id": "moscow_mitino_-3_-2_80ad056c",
        "download_city": "Москва Митино",
        "osm_tags": {
          "building": "apartments"
        },
        "osm_id": 40740355,
        "osm_type": "way"
      },
      "geometry": {
        "type": "Polygon",
        "coordinates": [
          [
            [
              37.3347801,
              55.8221543
            ],
            [
              37.335016,
              55.8222143
            ],
            [
              37.3350942,
              55.8221171
            ],
            [
              37.3352287,
              55.8219502
            ],
            [
              37.3352805,
              55.8219634
            ],
            [
              37.335427,
              55.8220007
            ],
            [
              37.3355757,
              55.8220386
            ],
            [
              37.3356838,
              55.8220661
            ],
            [
              37.3357898,
              55.8219345
            ],
            [
              37.3350989,
              55.8217588
            ],
            [
              37.3347801,
              55.8221543
            ]
          ]
        ]
      }
    },
    {
      "type": "Feature",
      "properties": {
        "osm_kind": "building",
        "name": "",
        "source": "OpenStreetMap",
        "download_window_id": "moscow_mitino_-3_-2_80ad056c",
        "download_city": "Москва Митино",
        "osm_tags": {
          "building": "apartments"
        },
        "osm_id": 40740357,
        "osm_type": "way"
      },
      "geometry": {
        "type": "Polygon",
        "coordinates": [
          [
            [
              37.3349109,
              55.8223371
            ],
            [
              37.3346745,
              55.8222761
            ],
            [
              37.3343496,
              55.8226735
            ],
            [
              37.3350283,
              55.8228486
            ],
            [
              37.3351363,
              55.8227166
            ],
            [
              37.3349921,
              55.8226793
            ],
            [
              37.3347531,
              55.8226177
            ],
            [
              37.334694,
              55.8226024
            ],
            [
              37.3348374,
              55.822427
            ],
            [
              37.3349109,
              55.8223371
            ]
          ]
        ]
      }
    },
    {
      "type": "Feature",
      "properties": {
        "osm_kind": "building",
        "name": "",
        "source": "OpenStreetMap",
        "download_window_id": "moscow_mitino_-3_-2_80ad056c",
        "download_city": "Москва Митино",
        "osm_tags": {
          "building": "apartments"
        },
        "osm_id": 40740358,
        "osm_type": "way"
      },
      "geometry": {
        "type": "Polygon",
        "coordinates": [
          [
            [
              37.3353855,
              55.8229384
            ],
            [
              37.3354267,
              55.822949
            ],
            [
              37.3359672,
              55.8230881
            ],
            [
              37.3359548,
              55.8231033
            ],
            [
              37.336056,
              55.8231293
            ],
            [
              37.3360793,
              55.8231008
            ],
            [
              37.3361642,
              55.8229966
            ],
            [
              37.3362358,
              55.8229088
            ],
            [
              37.3361885,
              55.8228966
            ],
            [
              37.3360012,
              55.8228484
            ],
            [
              37.3359425,
              55.8229205
            ],
            [
              37.3358842,
              55.8229055
            ],
            [
              37.3356196,
              55.8228374
            ],
            [
              37.3354942,
              55.8228051
            ],
            [
              37.3353855,
              55.8229384
            ]
          ]
        ]
      }
    },
    {
      "type": "Feature",
      "properties": {
        "osm_kind": "building",
        "name": "",
        "source": "OpenStreetMap",
        "download_window_id": "moscow_mitino_-3_-2_80ad056c",
        "download_city": "Москва Митино",
        "osm_tags": {
          "building": "hotel"
        },
        "osm_id": 40740359,
        "osm_type": "way"
      },
      "geometry": {
        "type": "Polygon",
        "coordinates": [
          [
            [
              37.3361885,
              55.8228966
            ],
            [
              37.3360012,
              55.8228484
            ],
            [
              37.33602,
              55.8228253
            ],
            [
              37.3360376,
              55.8228037
            ],
            [
              37.3359914,
              55.8227918
            ],
            [
              37.3363256,
              55.8223818
            ],
            [
              37.3363711,
              55.8223935
            ],
            [
              37.3363917,
              55.8223682
            ],
            [
              37.3364084,
              55.8223477
            ],
            [
              37.3365965,
              55.8223961
            ],
            [
              37.3365802,
              55.8224161
            ],
            [
              37.3363172,
              55.8227388
            ],
            [
              37.3362081,
              55.8228726
            ],
            [
              37.3361885,
              55.8228966
            ]
          ]
        ]
      }
    },
    {
      "type": "Feature",
      "properties": {
        "osm_kind": "building",
        "name": "",
        "source": "OpenStreetMap",
        "download_window_id": "moscow_mitino_-3_-2_80ad056c",
        "download_city": "Москва Митино",
        "osm_tags": {
          "building": "apartments"
        },
        "osm_id": 40740360,
        "osm_type": "way"
      },
      "geometry": {
        "type": "Polygon",
        "coordinates": [
          [
            [
              37.3366484,
              55.8224094
            ],
            [
              37.3367343,
              55.822304
            ],
            [
              37.336822,
              55.8221965
            ],
            [
              37.3361405,
              55.8220211
            ],
            [
              37.3360366,
              55.8221486
            ],
            [
              37.3361842,
              55.8221866
            ],
            [
              37.3364395,
              55.8222523
            ],
            [
              37.3364781,
              55.8222622
            ],
            [
              37.3364084,
              55.8223477
            ],
            [
              37.3365965,
              55.8223961
            ],
            [
              37.3366484,
              55.8224094
            ]
          ]
        ]
      }
    },
    {
      "type": "Feature",
      "properties": {
        "osm_kind": "building",
        "name": "",
        "source": "OpenStreetMap",
        "download_window_id": "moscow_mitino_-3_-2_80ad056c",
        "download_city": "Москва Митино",
        "osm_tags": {
          "building": "apartments"
        },
        "osm_id": 40740367,
        "osm_type": "way"
      },
      "geometry": {
        "type": "Polygon",
        "coordinates": [
          [
            [
              37.3342328,
              55.824608
            ],
            [
              37.3341934,
              55.824657
            ],
            [
              37.3347346,
              55.824794
            ],
            [
              37.3347448,
              55.8247813
            ],
            [
              37.3347651,
              55.824756
            ],
            [
              37.334839,
              55.8246639
            ],
            [
              37.3349658,
              55.8245058
            ],
            [
              37.3347918,
              55.8244617
            ],
            [
              37.3346774,
              55.8246043
            ],
            [
              37.3346333,
              55.8245931
            ],
            [
              37.3346418,
              55.8245826
            ],
            [
              37.3346105,
              55.8245747
            ],
            [
              37.334574,
              55.8245654
            ],
            [
              37.3345655,
              55.824576
            ],
            [
              37.3344104,
              55.8245367
            ],
            [
              37.3344191,
              55.8245259
            ],
            [
              37.3343873,
              55.8245179
            ],
            [
              37.3343513,
              55.8245088
            ],
            [
              37.3343426,
              55.8245195
            ],
            [
              37.3343103,
              55.8245114
            ],
            [
              37.3341555,
              55.8244722
            ],
            [
              37.3341642,
              55.8244613
            ],
            [
              37.3341301,
              55.8244527
            ],
            [
              37.3340964,
              55.8244442
            ],
            [
              37.3340877,
              55.824455
            ],
            [
              37.3338853,
              55.8244038
            ],
            [
              37.333894,
              55.824393
            ],
            [
              37.3338621,
              55.8243849
            ],
            [
              37.3338262,
              55.8243758
            ],
            [
              37.3338175,
              55.8243867
            ],
            [
              37.3337002,
              55.824357
            ],
            [
              37.3336227,
              55.8244535
            ],
            [
              37.3342328,
              55.824608
            ]
          ]
        ]
      }
    },
    {
      "type": "Feature",
      "properties": {
        "osm_kind": "building",
        "name": "",
        "source": "OpenStreetMap",
        "download_window_id": "moscow_mitino_-3_-2_80ad056c",
        "download_city": "Москва Митино",
        "osm_tags": {
          "building": "apartments"
        },
        "osm_id": 40740368,
        "osm_type": "way"
      },
      "geometry": {
        "type": "Polygon",
        "coordinates": [
          [
            [
              37.3349067,
              55.8243051
            ],
            [
              37.3350945,
              55.8243527
            ],
            [
              37.3356025,
              55.8237207
            ],
            [
              37.3354147,
              55.8236731
            ],
            [
              37.3353508,
              55.8237526
            ],
            [
              37.3353205,
              55.8237449
            ],
            [
              37.3353034,
              55.8237661
            ],
            [
              37.3352853,
              55.8237886
            ],
            [
              37.3353157,
              55.8237963
            ],
            [
              37.3352514,
              55.8238762
            ],
            [
              37.3352209,
              55.8238685
            ],
            [
              37.3352025,
              55.8238914
            ],
            [
              37.3351857,
              55.8239122
            ],
            [
              37.3352163,
              55.82392
            ],
            [
              37.3351129,
              55.8240486
            ],
            [
              37.3350828,
              55.824041
            ],
            [
              37.3350642,
              55.8240642
            ],
            [
              37.3350477,
              55.8240847
            ],
            [
              37.3350777,
              55.8240923
            ],
            [
              37.3350144,
              55.8241711
            ],
            [
              37.3349826,
              55.8241631
            ],
            [
              37.3349651,
              55.8241848
            ],
            [
              37.3349474,
              55.8242068
            ],
            [
              37.3349792,
              55.8242149
            ],
            [
              37.3349067,
              55.8243051
            ]
          ]
        ]
      }
    },
    {
      "type": "Feature",
      "properties": {
        "osm_kind": "building",
        "name": "",
        "source": "OpenStreetMap",
        "download_window_id": "moscow_mitino_-3_-2_80ad056c",
        "download_city": "Москва Митино",
        "osm_tags": {
          "building": "kindergarten"
        },
        "osm_id": 40740369,
        "osm_type": "way"
      },
      "geometry": {
        "type": "Polygon",
        "coordinates": [
          [
            [
              37.3348477,
              55.8236338
            ],
            [
              37.3345862,
              55.8235675
            ],
            [
              37.3345056,
              55.8236678
            ],
            [
              37.3347563,
              55.8237314
            ],
            [
              37.3345578,
              55.8239785
            ],
            [
              37.3343148,
              55.8239169
            ],
            [
              37.3342329,
              55.8240189
            ],
            [
              37.3344924,
              55.8240847
            ],
            [
              37.3344806,
              55.8240993
            ],
            [
              37.3345611,
              55.8241197
            ],
            [
              37.3346451,
              55.8240151
            ],
            [
              37.3347685,
              55.8240463
            ],
            [
              37.334816,
              55.8239873
            ],
            [
              37.3347807,
              55.8239783
            ],
            [
              37.3349096,
              55.8238179
            ],
            [
              37.3349426,
              55.8238262
            ],
            [
              37.3349854,
              55.8237729
            ],
            [
              37.3348554,
              55.82374
            ],
            [
              37.334944,
              55.8236297
            ],
            [
              37.3348667,
              55.8236101
            ],
            [
              37.3348477,
              55.8236338
            ]
          ]
        ]
      }
    },
    {
      "type": "Feature",
      "properties": {
        "osm_kind": "road",
        "name": "",
        "source": "OpenStreetMap",
        "download_window_id": "moscow_mitino_-3_-2_80ad056c",
        "download_city": "Москва Митино",
        "osm_tags": {
          "highway": "service"
        },
        "osm_id": 54426906,
        "osm_type": "way"
      },
      "geometry": {
        "type": "LineString",
        "coordinates": [
          [
            37.3351433,
            55.8229773
          ],
          [
            37.3353656,
            55.8227095
          ]
        ]
      }
    },
    {
      "type": "Feature",
      "properties": {
        "osm_kind": "building",
        "name": "",
        "source": "OpenStreetMap",
        "download_window_id": "moscow_mitino_-3_-2_80ad056c",
        "download_city": "Москва Митино",
        "osm_tags": {
          "building": "service"
        },
        "osm_id": 94621378,
        "osm_type": "way"
      },
      "geometry": {
        "type": "Polygon",
        "coordinates": [
          [
            [
              37.3330525,
              55.8221155
            ],
            [
              37.3329778,
              55.822207
            ],
            [
              37.3332088,
              55.8222665
            ],
            [
              37.3332836,
              55.8221749
            ],
            [
              37.3330525,
              55.8221155
            ]
          ]
        ]
      }
    },
    {
      "type": "Feature",
      "properties": {
        "osm_kind": "road",
        "name": "",
        "source": "OpenStreetMap",
        "download_window_id": "moscow_mitino_-3_-2_80ad056c",
        "download_city": "Москва Митино",
        "osm_tags": {
          "highway": "service"
        },
        "osm_id": 109353673,
        "osm_type": "way"
      },
      "geometry": {
        "type": "LineString",
        "coordinates": [
          [
            37.3361279,
            55.8218766
          ],
          [
            37.3361713,
            55.8218218
          ],
          [
            37.3363829,
            55.8215548
          ],
          [
            37.3351877,
            55.8212527
          ],
          [
            37.3350812,
            55.8212259
          ],
          [
            37.334738,
            55.8211391
          ],
          [
            37.3344817,
            55.8210744
          ],
          [
            37.3342849,
            55.8210247
          ],
          [
            37.3340725,
            55.820971
          ],
          [
            37.3339648,
            55.8209438
          ],
          [
            37.3339018,
            55.8209778
          ],
          [
            37.3337232,
            55.8211997
          ],
          [
            37.3336833,
            55.8212493
          ]
        ]
      }
    },
    {
      "type": "Feature",
      "properties": {
        "osm_kind": "road",
        "name": "",
        "source": "OpenStreetMap",
        "download_window_id": "moscow_mitino_-3_-2_80ad056c",
        "download_city": "Москва Митино",
        "osm_tags": {
          "highway": "residential"
        },
        "osm_id": 173793515,
        "osm_type": "way"
      },
      "geometry": {
        "type": "LineString",
        "coordinates": [
          [
            37.3372011,
            55.8235025
          ],
          [
            37.3371136,
            55.82348
          ],
          [
            37.3367143,
            55.8233775
          ],
          [
            37.336294,
            55.8232703
          ],
          [
            37.33624,
            55.8232565
          ],
          [
            37.3361883,
            55.8232434
          ],
          [
            37.3361776,
            55.8232407
          ],
          [
            37.3352278,
            55.8229988
          ],
          [
            37.3351433,
            55.8229773
          ],
          [
            37.3350143,
            55.8229444
          ],
          [
            37.3341546,
            55.8227253
          ],
          [
            37.3340492,
            55.8226988
          ],
          [
            37.3339306,
            55.822669
          ]
        ]
      }
    },
    {
      "type": "Feature",
      "properties": {
        "osm_kind": "road",
        "name": "",
        "source": "OpenStreetMap",
        "download_window_id": "moscow_mitino_-3_-2_80ad056c",
        "download_city": "Москва Митино",
        "osm_tags": {
          "highway": "unclassified"
        },
        "osm_id": 178321758,
        "osm_type": "way"
      },
      "geometry": {
        "type": "LineString",
        "coordinates": [
          [
            37.3326073,
            55.8242936
          ],
          [
            37.3327024,
            55.8243173
          ],
          [
            37.3328621,
            55.8243572
          ],
          [
            37.3333369,
            55.8244794
          ],
          [
            37.3334624,
            55.8245116
          ],
          [
            37.3348842,
            55.8248776
          ],
          [
            37.3349483,
            55.8248941
          ]
        ]
      }
    },
    {
      "type": "Feature",
      "properties": {
        "osm_kind": "road",
        "name": "Октябрьская улица",
        "source": "OpenStreetMap",
        "download_window_id": "moscow_mitino_-3_-2_80ad056c",
        "download_city": "Москва Митино",
        "osm_tags": {
          "highway": "residential",
          "name": "Октябрьская улица"
        },
        "osm_id": 178768469,
        "osm_type": "way"
      },
      "geometry": {
        "type": "LineString",
        "coordinates": [
          [
            37.33624,
            55.8232565
          ],
          [
            37.3362079,
            55.8232967
          ],
          [
            37.3361201,
            55.8234067
          ],
          [
            37.335899,
            55.8236948
          ],
          [
            37.3352713,
            55.8244911
          ],
          [
            37.3352394,
            55.8245315
          ],
          [
            37.3349483,
            55.8248941
          ],
          [
            37.3345501,
            55.8253966
          ],
          [
            37.3343929,
            55.8255957
          ]
        ]
      }
    },
    {
      "type": "Feature",
      "properties": {
        "osm_kind": "road",
        "name": "",
        "source": "OpenStreetMap",
        "download_window_id": "moscow_mitino_-3_-2_80ad056c",
        "download_city": "Москва Митино",
        "osm_tags": {
          "highway": "service"
        },
        "osm_id": 184899403,
        "osm_type": "way"
      },
      "geometry": {
        "type": "LineString",
        "coordinates": [
          [
            37.3326965,
            55.8241905
          ],
          [
            37.3326243,
            55.824172
          ],
          [
            37.3326001,
            55.8241658
          ],
          [
            37.3323082,
            55.8240908
          ],
          [
            37.3320353,
            55.8240207
          ],
          [
            37.3319936,
            55.8239995
          ],
          [
            37.3319772,
            55.8239742
          ],
          [
            37.331985,
            55.8239419
          ],
          [
            37.3320814,
            55.8238164
          ],
          [
            37.3321028,
            55.8237847
          ],
          [
            37.3321055,
            55.8237591
          ],
          [
            37.3320948,
            55.82372
          ],
          [
            37.3320599,
            55.8236868
          ],
          [
            37.3313688,
            55.82351
          ],
          [
            37.3309877,
            55.8234127
          ]
        ]
      }
    },
    {
      "type": "Feature",
      "properties": {
        "osm_kind": "road",
        "name": "",
        "source": "OpenStreetMap",
        "download_window_id": "moscow_mitino_-3_-2_80ad056c",
        "download_city": "Москва Митино",
        "osm_tags": {
          "highway": "service"
        },
        "osm_id": 184899840,
        "osm_type": "way"
      },
      "geometry": {
        "type": "LineString",
        "coordinates": [
          [
            37.3313177,
            55.8242535
          ],
          [
            37.331405,
            55.8241426
          ],
          [
            37.3314032,
            55.8240496
          ],
          [
            37.3315753,
            55.823836
          ],
          [
            37.3307993,
            55.8236449
          ],
          [
            37.3309877,
            55.8234127
          ],
          [
            37.3311036,
            55.8232649
          ],
          [
            37.3311854,
            55.8231588
          ],
          [
            37.3312347,
            55.8229238
          ],
          [
            37.3312519,
            55.822842
          ],
          [
            37.3312706,
            55.8227812
          ],
          [
            37.3313937,
            55.8226283
          ]
        ]
      }
    },
    {
      "type": "Feature",
      "properties": {
        "osm_kind": "road",
        "name": "",
        "source": "OpenStreetMap",
        "download_window_id": "moscow_mitino_-3_-2_80ad056c",
        "download_city": "Москва Митино",
        "osm_tags": {
          "highway": "service"
        },
        "osm_id": 184899842,
        "osm_type": "way"
      },
      "geometry": {
        "type": "LineString",
        "coordinates": [
          [
            37.331405,
            55.8241426
          ],
          [
            37.3320163,
            55.8242936
          ],
          [
            37.3319874,
            55.8244179
          ]
        ]
      }
    },
    {
      "type": "Feature",
      "properties": {
        "osm_kind": "building",
        "name": "",
        "source": "OpenStreetMap",
        "download_window_id": "moscow_mitino_-3_-2_80ad056c",
        "download_city": "Москва Митино",
        "osm_tags": {
          "building": "apartments"
        },
        "osm_id": 184948341,
        "osm_type": "way"
      },
      "geometry": {
        "type": "Polygon",
        "coordinates": [
          [
            [
              37.3311756,
              55.822071
            ],
            [
              37.3312142,
              55.8220193
            ],
            [
              37.331159,
              55.8220064
            ],
            [
              37.3311902,
              55.821966
            ],
            [
              37.3312228,
              55.8219238
            ],
            [
              37.3311704,
              55.8219113
            ],
            [
              37.3312559,
              55.8218285
            ],
            [
              37.3313723,
              55.8218571
            ],
            [
              37.331381,
              55.821846
            ],
            [
              37.3314417,
              55.8218609
            ],
            [
              37.3314282,
              55.8218782
            ],
            [
              37.3314926,
              55.821894
            ],
            [
              37.3313955,
              55.8220178
            ],
            [
              37.3314432,
              55.8220708
            ],
            [
              37.3314963,
              55.8220851
            ],
            [
              37.331351,
              55.8222632
            ],
            [
              37.3313907,
              55.8223225
            ],
            [
              37.3314916,
              55.8223483
            ],
            [
              37.331468,
              55.8223765
            ],
            [
              37.3315208,
              55.8223899
            ],
            [
              37.3314797,
              55.8224392
            ],
            [
              37.3314437,
              55.82243
            ],
            [
              37.3314152,
              55.8224635
            ],
            [
              37.3312768,
              55.8224293
            ],
            [
              37.3312682,
              55.8224403
            ],
            [
              37.3311578,
              55.8224131
            ],
            [
              37.3311664,
              55.8224021
            ],
            [
              37.3310944,
              55.8223843
            ],
            [
              37.3311371,
              55.8223304
            ],
            [
              37.3311014,
              55.8223216
            ],
            [
              37.3311518,
              55.8222582
            ],
            [
              37.3310926,
              55.8222428
            ],
            [
              37.331125,
              55.8222044
            ],
            [
              37.3311611,
              55.8221616
            ],
            [
              37.3311831,
              55.8221673
            ],
            [
              37.3312076,
              55.8221393
            ],
            [
              37.3311788,
              55.8221315
            ],
            [
              37.3311756,
              55.822071
            ]
          ]
        ]
      }
    },
    {
      "type": "Feature",
      "properties": {
        "osm_kind": "road",
        "name": "",
        "source": "OpenStreetMap",
        "download_window_id": "moscow_mitino_-3_-2_80ad056c",
        "download_city": "Москва Митино",
        "osm_tags": {
          "highway": "service"
        },
        "osm_id": 185171403,
        "osm_type": "way"
      },
      "geometry": {
        "type": "LineString",
        "coordinates": [
          [
            37.3328565,
            55.8229919
          ],
          [
            37.3328907,
            55.8229488
          ],
          [
            37.3331105,
            55.8226716
          ],
          [
            37.33313,
            55.822647
          ],
          [
            37.3333594,
            55.8223582
          ],
          [
            37.3336931,
            55.821938
          ]
        ]
      }
    },
    {
      "type": "Feature",
      "properties": {
        "osm_kind": "road",
        "name": "",
        "source": "OpenStreetMap",
        "download_window_id": "moscow_mitino_-3_-2_80ad056c",
        "download_city": "Москва Митино",
        "osm_tags": {
          "highway": "service"
        },
        "osm_id": 185171409,
        "osm_type": "way"
      },
      "geometry": {
        "type": "LineString",
        "coordinates": [
          [
            37.3331031,
            55.8212761
          ],
          [
            37.3329446,
            55.8214687
          ],
          [
            37.3331531,
            55.8215232
          ],
          [
            37.3329671,
            55.8217534
          ],
          [
            37.3327154,
            55.8220562
          ]
        ]
      }
    },
    {
      "type": "Feature",
      "properties": {
        "osm_kind": "road",
        "name": "",
        "source": "OpenStreetMap",
        "download_window_id": "moscow_mitino_-3_-2_80ad056c",
        "download_city": "Москва Митино",
        "osm_tags": {
          "highway": "service"
        },
        "osm_id": 185266144,
        "osm_type": "way"
      },
      "geometry": {
        "type": "LineString",
        "coordinates": [
          [
            37.3358955,
            55.8227944
          ],
          [
            37.3358629,
            55.8228352
          ],
          [
            37.3357254,
            55.8228002
          ],
          [
            37.3354889,
            55.8227406
          ],
          [
            37.3353656,
            55.8227095
          ],
          [
            37.3352337,
            55.8226762
          ],
          [
            37.3350187,
            55.822622
          ],
          [
            37.3348309,
            55.8225747
          ],
          [
            37.3350615,
            55.822286
          ],
          [
            37.3352805,
            55.8220119
          ],
          [
            37.3356169,
            55.8220967
          ],
          [
            37.3357115,
            55.8221205
          ],
          [
            37.3359322,
            55.8221761
          ],
          [
            37.3361897,
            55.822241
          ],
          [
            37.3363125,
            55.8222724
          ],
          [
            37.3362619,
            55.8223357
          ],
          [
            37.3359085,
            55.8227781
          ],
          [
            37.3358955,
            55.8227944
          ]
        ]
      }
    },
    {
      "type": "Feature",
      "properties": {
        "osm_kind": "road",
        "name": "",
        "source": "OpenStreetMap",
        "download_window_id": "moscow_mitino_-3_-2_80ad056c",
        "download_city": "Москва Митино",
        "osm_tags": {
          "highway": "service"
        },
        "osm_id": 185266149,
        "osm_type": "way"
      },
      "geometry": {
        "type": "LineString",
        "coordinates": [
          [
            37.3358955,
            55.8227944
          ],
          [
            37.33602,
            55.8228253
          ]
        ]
      }
    },
    {
      "type": "Feature",
      "properties": {
        "osm_kind": "road",
        "name": "",
        "source": "OpenStreetMap",
        "download_window_id": "moscow_mitino_-3_-2_80ad056c",
        "download_city": "Москва Митино",
        "osm_tags": {
          "highway": "service"
        },
        "osm_id": 185266152,
        "osm_type": "way"
      },
      "geometry": {
        "type": "LineString",
        "coordinates": [
          [
            37.33602,
            55.8228253
          ],
          [
            37.3362081,
            55.8228726
          ]
        ]
      }
    },
    {
      "type": "Feature",
      "properties": {
        "osm_kind": "road",
        "name": "",
        "source": "OpenStreetMap",
        "download_window_id": "moscow_mitino_-3_-2_80ad056c",
        "download_city": "Москва Митино",
        "osm_tags": {
          "highway": "service"
        },
        "osm_id": 185268862,
        "osm_type": "way"
      },
      "geometry": {
        "type": "LineString",
        "coordinates": [
          [
            37.3357115,
            55.8221205
          ],
          [
            37.3358948,
            55.8218965
          ],
          [
            37.3359491,
            55.8218303
          ]
        ]
      }
    },
    {
      "type": "Feature",
      "properties": {
        "osm_kind": "road",
        "name": "",
        "source": "OpenStreetMap",
        "download_window_id": "moscow_mitino_-3_-2_80ad056c",
        "download_city": "Москва Митино",
        "osm_tags": {
          "highway": "service"
        },
        "osm_id": 185268863,
        "osm_type": "way"
      },
      "geometry": {
        "type": "LineString",
        "coordinates": [
          [
            37.3343775,
            55.8221121
          ],
          [
            37.3346011,
            55.8221689
          ],
          [
            37.3350615,
            55.822286
          ]
        ]
      }
    },
    {
      "type": "Feature",
      "properties": {
        "osm_kind": "building",
        "name": "",
        "source": "OpenStreetMap",
        "download_window_id": "moscow_mitino_-3_-2_80ad056c",
        "download_city": "Москва Митино",
        "osm_tags": {
          "building": "service"
        },
        "osm_id": 185268864,
        "osm_type": "way"
      },
      "geometry": {
        "type": "Polygon",
        "coordinates": [
          [
            [
              37.3358279,
              55.822061
            ],
            [
              37.3359355,
              55.8220884
            ],
            [
              37.3359828,
              55.8220297
            ],
            [
              37.3358751,
              55.8220023
            ],
            [
              37.3358279,
              55.822061
            ]
          ]
        ]
      }
    },
    {
      "type": "Feature",
      "properties": {
        "osm_kind": "road",
        "name": "",
        "source": "OpenStreetMap",
        "download_window_id": "moscow_mitino_-3_-2_80ad056c",
        "download_city": "Москва Митино",
        "osm_tags": {
          "highway": "service"
        },
        "osm_id": 187405554,
        "osm_type": "way"
      },
      "geometry": {
        "type": "LineString",
        "coordinates": [
          [
            37.3336833,
            55.8212493
          ],
          [
            37.3336043,
            55.8213484
          ],
          [
            37.3334472,
            55.8215453
          ],
          [
            37.3335187,
            55.8215635
          ],
          [
            37.3341872,
            55.8217333
          ],
          [
            37.3343312,
            55.8217699
          ]
        ]
      }
    },
    {
      "type": "Feature",
      "properties": {
        "osm_kind": "road",
        "name": "",
        "source": "OpenStreetMap",
        "download_window_id": "moscow_mitino_-3_-2_80ad056c",
        "download_city": "Москва Митино",
        "osm_tags": {
          "highway": "living_street"
        },
        "osm_id": 187725228,
        "osm_type": "way"
      },
      "geometry": {
        "type": "LineString",
        "coordinates": [
          [
            37.3299039,
            55.8220507
          ],
          [
            37.3302013,
            55.8222583
          ],
          [
            37.3302499,
            55.8222922
          ],
          [
            37.3303866,
            55.8223684
          ],
          [
            37.330496,
            55.8224051
          ],
          [
            37.3307826,
            55.8224764
          ],
          [
            37.3309291,
            55.8225128
          ],
          [
            37.3313937,
            55.8226283
          ],
          [
            37.3315162,
            55.8226588
          ],
          [
            37.3320958,
            55.8228028
          ],
          [
            37.3325417,
            55.8229136
          ],
          [
            37.3328565,
            55.8229919
          ],
          [
            37.3329234,
            55.8230084
          ],
          [
            37.3330038,
            55.8230282
          ],
          [
            37.33324,
            55.8230871
          ],
          [
            37.3334352,
            55.8231358
          ],
          [
            37.3335376,
            55.8231612
          ]
        ]
      }
    },
    {
      "type": "Feature",
      "properties": {
        "osm_kind": "road",
        "name": "",
        "source": "OpenStreetMap",
        "download_window_id": "moscow_mitino_-3_-2_80ad056c",
        "download_city": "Москва Митино",
        "osm_tags": {
          "highway": "service"
        },
        "osm_id": 192917826,
        "osm_type": "way"
      },
      "geometry": {
        "type": "LineString",
        "coordinates": [
          [
            37.3347661,
            55.8243622
          ],
          [
            37.3352045,
            55.8244741
          ],
          [
            37.3352713,
            55.8244911
          ]
        ]
      }
    },
    {
      "type": "Feature",
      "properties": {
        "osm_kind": "road",
        "name": "",
        "source": "OpenStreetMap",
        "download_window_id": "moscow_mitino_-3_-2_80ad056c",
        "download_city": "Москва Митино",
        "osm_tags": {
          "highway": "service"
        },
        "osm_id": 192917827,
        "osm_type": "way"
      },
      "geometry": {
        "type": "LineString",
        "coordinates": [
          [
            37.3336542,
            55.8242739
          ],
          [
            37.3334866,
            55.8244816
          ],
          [
            37.3334624,
            55.8245116
          ]
        ]
      }
    },
    {
      "type": "Feature",
      "properties": {
        "osm_kind": "road",
        "name": "",
        "source": "OpenStreetMap",
        "download_window_id": "moscow_mitino_-3_-2_80ad056c",
        "download_city": "Москва Митино",
        "osm_tags": {
          "highway": "service"
        },
        "osm_id": 192917828,
        "osm_type": "way"
      },
      "geometry": {
        "type": "LineString",
        "coordinates": [
          [
            37.3353975,
            55.8235675
          ],
          [
            37.3358341,
            55.8236783
          ],
          [
            37.335899,
            55.8236948
          ]
        ]
      }
    },
    {
      "type": "Feature",
      "properties": {
        "osm_kind": "road",
        "name": "",
        "source": "OpenStreetMap",
        "download_window_id": "moscow_mitino_-3_-2_80ad056c",
        "download_city": "Москва Митино",
        "osm_tags": {
          "highway": "service"
        },
        "osm_id": 192917829,
        "osm_type": "way"
      },
      "geometry": {
        "type": "LineString",
        "coordinates": [
          [
            37.3335542,
            55.8241738
          ],
          [
            37.333604,
            55.8242613
          ],
          [
            37.3336542,
            55.8242739
          ],
          [
            37.3337384,
            55.824295
          ],
          [
            37.334542,
            55.8244963
          ],
          [
            37.3346811,
            55.824467
          ],
          [
            37.3347661,
            55.8243622
          ],
          [
            37.3347848,
            55.8243386
          ],
          [
            37.3348728,
            55.8242279
          ],
          [
            37.3353975,
            55.8235675
          ],
          [
            37.335465,
            55.8234789
          ],
          [
            37.3354051,
            55.8233879
          ],
          [
            37.3345749,
            55.8231801
          ],
          [
            37.3345172,
            55.8231656
          ],
          [
            37.3344849,
            55.8231575
          ],
          [
            37.3343307,
            55.8231953
          ],
          [
            37.333946,
            55.8236748
          ],
          [
            37.3335542,
            55.8241738
          ]
        ]
      }
    },
    {
      "type": "Feature",
      "properties": {
        "osm_kind": "building",
        "name": "",
        "source": "OpenStreetMap",
        "download_window_id": "moscow_mitino_-3_-2_80ad056c",
        "download_city": "Москва Митино",
        "osm_tags": {
          "building": "roof"
        },
        "osm_id": 205395331,
        "osm_type": "way"
      },
      "geometry": {
        "type": "Polygon",
        "coordinates": [
          [
            [
              37.334782,
              55.8240601
            ],
            [
              37.3348505,
              55.8240778
            ],
            [
              37.3348975,
              55.8240204
            ],
            [
              37.3348289,
              55.8240028
            ],
            [
              37.334782,
              55.8240601
            ]
          ]
        ]
      }
    },
    {
      "type": "Feature",
      "properties": {
        "osm_kind": "building",
        "name": "",
        "source": "OpenStreetMap",
        "download_window_id": "moscow_mitino_-3_-2_80ad056c",
        "download_city": "Москва Митино",
        "osm_tags": {
          "building": "roof"
        },
        "osm_id": 205395332,
        "osm_type": "way"
      },
      "geometry": {
        "type": "Polygon",
        "coordinates": [
          [
            [
              37.3350247,
              55.8237318
            ],
            [
              37.3350931,
              55.8237495
            ],
            [
              37.3351378,
              55.8236948
            ],
            [
              37.3350695,
              55.8236771
            ],
            [
              37.3350247,
              55.8237318
            ]
          ]
        ]
      }
    },
    {
      "type": "Feature",
      "properties": {
        "osm_kind": "building",
        "name": "",
        "source": "OpenStreetMap",
        "download_window_id": "moscow_mitino_-3_-2_80ad056c",
        "download_city": "Москва Митино",
        "osm_tags": {
          "building": "roof"
        },
        "osm_id": 205395343,
        "osm_type": "way"
      },
      "geometry": {
        "type": "Polygon",
        "coordinates": [
          [
            [
              37.3345228,
              55.8235015
            ],
            [
              37.3344346,
              55.8234788
            ],
            [
              37.3343814,
              55.8235439
            ],
            [
              37.3344695,
              55.8235666
            ],
            [
              37.3345228,
              55.8235015
            ]
          ]
        ]
      }
    },
    {
      "type": "Feature",
      "properties": {
        "osm_kind": "building",
        "name": "",
        "source": "OpenStreetMap",
        "download_window_id": "moscow_mitino_-3_-2_80ad056c",
        "download_city": "Москва Митино",
        "osm_tags": {
          "building": "roof"
        },
        "osm_id": 205395363,
        "osm_type": "way"
      },
      "geometry": {
        "type": "Polygon",
        "coordinates": [
          [
            [
              37.3350169,
              55.8235903
            ],
            [
              37.3350564,
              55.8235419
            ],
            [
              37.3349461,
              55.8235135
            ],
            [
              37.3349066,
              55.8235618
            ],
            [
              37.3350169,
              55.8235903
            ]
          ]
        ]
      }
    },
    {
      "type": "Feature",
      "properties": {
        "osm_kind": "road",
        "name": "",
        "source": "OpenStreetMap",
        "download_window_id": "moscow_mitino_-3_-2_80ad056c",
        "download_city": "Москва Митино",
        "osm_tags": {
          "highway": "service"
        },
        "osm_id": 218747510,
        "osm_type": "way"
      },
      "geometry": {
        "type": "LineString",
        "coordinates": [
          [
            37.3315162,
            55.8226588
          ],
          [
            37.3317335,
            55.8223856
          ],
          [
            37.3317359,
            55.8223464
          ],
          [
            37.3316426,
            55.8222756
          ],
          [
            37.3316277,
            55.8222341
          ],
          [
            37.3317044,
            55.8221351
          ],
          [
            37.3316982,
            55.8221056
          ],
          [
            37.3315968,
            55.822032
          ],
          [
            37.3315856,
            55.8220001
          ],
          [
            37.3316398,
            55.8218757
          ],
          [
            37.3316118,
            55.8218306
          ],
          [
            37.3313047,
            55.821757
          ],
          [
            37.3312411,
            55.8217621
          ],
          [
            37.3311856,
            55.8217934
          ]
        ]
      }
    },
    {
      "type": "Feature",
      "properties": {
        "osm_kind": "road",
        "name": "",
        "source": "OpenStreetMap",
        "download_window_id": "moscow_mitino_-3_-2_80ad056c",
        "download_city": "Москва Митино",
        "osm_tags": {
          "highway": "service"
        },
        "osm_id": 218747516,
        "osm_type": "way"
      },
      "geometry": {
        "type": "LineString",
        "coordinates": [
          [
            37.3327154,
            55.8220562
          ],
          [
            37.3321417,
            55.8227478
          ]
        ]
      }
    },
    {
      "type": "Feature",
      "properties": {
        "osm_kind": "road",
        "name": "",
        "source": "OpenStreetMap",
        "download_window_id": "moscow_mitino_-3_-2_80ad056c",
        "download_city": "Москва Митино",
        "osm_tags": {
          "highway": "service"
        },
        "osm_id": 225976252,
        "osm_type": "way"
      },
      "geometry": {
        "type": "LineString",
        "coordinates": [
          [
            37.3330924,
            55.8225043
          ],
          [
            37.3326259,
            55.8223818
          ]
        ]
      }
    },
    {
      "type": "Feature",
      "properties": {
        "osm_kind": "road",
        "name": "",
        "source": "OpenStreetMap",
        "download_window_id": "moscow_mitino_-3_-2_80ad056c",
        "download_city": "Москва Митино",
        "osm_tags": {
          "highway": "service"
        },
        "osm_id": 225976256,
        "osm_type": "way"
      },
      "geometry": {
        "type": "LineString",
        "coordinates": [
          [
            37.3330163,
            55.8226467
          ],
          [
            37.3329086,
            55.8227737
          ],
          [
            37.3328316,
            55.8227531
          ],
          [
            37.3327976,
            55.8227931
          ],
          [
            37.3323838,
            55.8226823
          ]
        ]
      }
    },
    {
      "type": "Feature",
      "properties": {
        "osm_kind": "road",
        "name": "",
        "source": "OpenStreetMap",
        "download_window_id": "moscow_mitino_-3_-2_80ad056c",
        "download_city": "Москва Митино",
        "osm_tags": {
          "highway": "service"
        },
        "osm_id": 225976259,
        "osm_type": "way"
      },
      "geometry": {
        "type": "LineString",
        "coordinates": [
          [
            37.3327622,
            55.822217
          ],
          [
            37.3332299,
            55.8223404
          ],
          [
            37.3330924,
            55.8225043
          ],
          [
            37.3329812,
            55.8226375
          ],
          [
            37.3330163,
            55.8226467
          ],
          [
            37.3331105,
            55.8226716
          ]
        ]
      }
    },
    {
      "type": "Feature",
      "properties": {
        "osm_kind": "road",
        "name": "",
        "source": "OpenStreetMap",
        "download_window_id": "moscow_mitino_-3_-2_80ad056c",
        "download_city": "Москва Митино",
        "osm_tags": {
          "highway": "service"
        },
        "osm_id": 226059929,
        "osm_type": "way"
      },
      "geometry": {
        "type": "LineString",
        "coordinates": [
          [
            37.3321417,
            55.8227478
          ],
          [
            37.3320958,
            55.8228028
          ]
        ]
      }
    },
    {
      "type": "Feature",
      "properties": {
        "osm_kind": "road",
        "name": "",
        "source": "OpenStreetMap",
        "download_window_id": "moscow_mitino_-3_-2_80ad056c",
        "download_city": "Москва Митино",
        "osm_tags": {
          "highway": "footway"
        },
        "osm_id": 227777053,
        "osm_type": "way"
      },
      "geometry": {
        "type": "LineString",
        "coordinates": [
          [
            37.3327457,
            55.82398
          ],
          [
            37.3326001,
            55.8241658
          ],
          [
            37.3325782,
            55.8242053
          ],
          [
            37.3325484,
            55.8242427
          ],
          [
            37.3323397,
            55.8245045
          ]
        ]
      }
    },
    {
      "type": "Feature",
      "properties": {
        "osm_kind": "road",
        "name": "",
        "source": "OpenStreetMap",
        "download_window_id": "moscow_mitino_-3_-2_80ad056c",
        "download_city": "Москва Митино",
        "osm_tags": {
          "highway": "service"
        },
        "osm_id": 232508299,
        "osm_type": "way"
      },
      "geometry": {
        "type": "LineString",
        "coordinates": [
          [
            37.3325417,
            55.8229136
          ],
          [
            37.3323195,
            55.8231946
          ],
          [
            37.3321641,
            55.8233911
          ],
          [
            37.3321173,
            55.8234504
          ],
          [
            37.3320889,
            55.8234863
          ],
          [
            37.3319947,
            55.8234623
          ],
          [
            37.3314496,
            55.8233235
          ],
          [
            37.3316811,
            55.8230357
          ],
          [
            37.3312347,
            55.8229238
          ]
        ]
      }
    },
    {
      "type": "Feature",
      "properties": {
        "osm_kind": "road",
        "name": "",
        "source": "OpenStreetMap",
        "download_window_id": "moscow_mitino_-3_-2_80ad056c",
        "download_city": "Москва Митино",
        "osm_tags": {
          "highway": "footway"
        },
        "osm_id": 234278570,
        "osm_type": "way"
      },
      "geometry": {
        "type": "LineString",
        "coordinates": [
          [
            37.3350031,
            55.8216741
          ],
          [
            37.3358948,
            55.8218965
          ],
          [
            37.3361388,
            55.8219585
          ],
          [
            37.3370246,
            55.8221838
          ]
        ]
      }
    },
    {
      "type": "Feature",
      "properties": {
        "osm_kind": "building",
        "name": "",
        "source": "OpenStreetMap",
        "download_window_id": "moscow_mitino_-3_-2_80ad056c",
        "download_city": "Москва Митино",
        "osm_tags": {
          "building": "apartments"
        },
        "osm_id": 263280685,
        "osm_type": "way"
      },
      "geometry": {
        "type": "Polygon",
        "coordinates": [
          [
            [
              37.3353906,
              55.823163
            ],
            [
              37.3354296,
              55.8231139
            ],
            [
              37.3359716,
              55.8232499
            ],
            [
              37.335868,
              55.8233802
            ],
            [
              37.3357421,
              55.8235386
            ],
            [
              37.3355678,
              55.8234949
            ],
            [
              37.3356028,
              55.8234509
            ],
            [
              37.3355773,
              55.8234445
            ],
            [
              37.3355892,
              55.8234295
            ],
            [
              37.3356054,
              55.8234091
            ],
            [
              37.3356308,
              55.8234155
            ],
            [
              37.3356813,
              55.823352
            ],
            [
              37.3356371,
              55.823341
            ],
            [
              37.3356288,
              55.8233515
            ],
            [
              37.3355936,
              55.8233427
            ],
            [
              37.3355608,
              55.8233345
            ],
            [
              37.3355693,
              55.8233239
            ],
            [
              37.3354139,
              55.823285
            ],
            [
              37.3354053,
              55.8232958
            ],
            [
              37.3353763,
              55.8232885
            ],
            [
              37.3353375,
              55.8232787
            ],
            [
              37.335346,
              55.823268
            ],
            [
              37.3353137,
              55.8232598
            ],
            [
              37.3351587,
              55.8232209
            ],
            [
              37.3351499,
              55.8232318
            ],
            [
              37.3351148,
              55.823223
            ],
            [
              37.3350821,
              55.8232147
            ],
            [
              37.3350907,
              55.8232039
            ],
            [
              37.3348881,
              55.823153
            ],
            [
              37.3348795,
              55.8231638
            ],
            [
              37.3348452,
              55.8231552
            ],
            [
              37.3348115,
              55.8231468
            ],
            [
              37.3348202,
              55.8231359
            ],
            [
              37.3347027,
              55.8231065
            ],
            [
              37.3347795,
              55.8230098
            ],
            [
              37.3353906,
              55.823163
            ]
          ]
        ]
      }
    },
    {
      "type": "Feature",
      "properties": {
        "osm_kind": "building",
        "name": "",
        "source": "OpenStreetMap",
        "download_window_id": "moscow_mitino_-3_-2_80ad056c",
        "download_city": "Москва Митино",
        "osm_tags": {
          "building": "apartments"
        },
        "osm_id": 263281173,
        "osm_type": "way"
      },
      "geometry": {
        "type": "Polygon",
        "coordinates": [
          [
            [
              37.333273,
              55.8240004
            ],
            [
              37.3331858,
              55.8239783
            ],
            [
              37.3329415,
              55.8242822
            ],
            [
              37.3330091,
              55.8242993
            ],
            [
              37.3331731,
              55.8243409
            ],
            [
              37.3334544,
              55.8244123
            ],
            [
              37.3335331,
              55.8243146
            ],
            [
              37.3334487,
              55.8242932
            ],
            [
              37.3332793,
              55.8242502
            ],
            [
              37.3332993,
              55.8242254
            ],
            [
              37.3333179,
              55.8242302
            ],
            [
              37.3333307,
              55.8242143
            ],
            [
              37.3333486,
              55.8241921
            ],
            [
              37.3333298,
              55.8241873
            ],
            [
              37.3333998,
              55.8241003
            ],
            [
              37.333419,
              55.8241051
            ],
            [
              37.3334352,
              55.824085
            ],
            [
              37.3334495,
              55.8240671
            ],
            [
              37.3334305,
              55.8240622
            ],
            [
              37.3334449,
              55.824044
            ],
            [
              37.3335148,
              55.8239571
            ],
            [
              37.3335342,
              55.823962
            ],
            [
              37.3335486,
              55.823944
            ],
            [
              37.3335647,
              55.8239239
            ],
            [
              37.3335455,
              55.823919
            ],
            [
              37.3336368,
              55.8238054
            ],
            [
              37.333656,
              55.8238103
            ],
            [
              37.3336701,
              55.8237928
            ],
            [
              37.3336867,
              55.8237722
            ],
            [
              37.3336673,
              55.8237673
            ],
            [
              37.3337426,
              55.8236735
            ],
            [
              37.3335709,
              55.8236299
            ],
            [
              37.333273,
              55.8240004
            ]
          ]
        ]
      }
    },
    {
      "type": "Feature",
      "properties": {
        "osm_kind": "building",
        "name": "",
        "source": "OpenStreetMap",
        "download_window_id": "moscow_mitino_-3_-2_80ad056c",
        "download_city": "Москва Митино",
        "osm_tags": {
          "building": "apartments"
        },
        "osm_id": 263281175,
        "osm_type": "way"
      },
      "geometry": {
        "type": "Polygon",
        "coordinates": [
          [
            [
              37.3339487,
              55.8231642
            ],
            [
              37.3338615,
              55.823142
            ],
            [
              37.3341076,
              55.8228385
            ],
            [
              37.3343388,
              55.8228977
            ],
            [
              37.3346197,
              55.8229696
            ],
            [
              37.3345407,
              55.8230672
            ],
            [
              37.3344758,
              55.8230506
            ],
            [
              37.3342873,
              55.8230023
            ],
            [
              37.3342673,
              55.8230271
            ],
            [
              37.334286,
              55.8230318
            ],
            [
              37.3342705,
              55.823051
            ],
            [
              37.3342552,
              55.8230699
            ],
            [
              37.3342364,
              55.8230651
            ],
            [
              37.3341659,
              55.8231521
            ],
            [
              37.3341851,
              55.823157
            ],
            [
              37.3341704,
              55.8231751
            ],
            [
              37.3341542,
              55.8231949
            ],
            [
              37.3341351,
              55.8231901
            ],
            [
              37.3341203,
              55.8232082
            ],
            [
              37.3340499,
              55.823295
            ],
            [
              37.3340693,
              55.8232999
            ],
            [
              37.3340528,
              55.8233202
            ],
            [
              37.3340384,
              55.8233379
            ],
            [
              37.3340192,
              55.823333
            ],
            [
              37.3339271,
              55.8234465
            ],
            [
              37.3339463,
              55.8234514
            ],
            [
              37.333931,
              55.8234702
            ],
            [
              37.3339155,
              55.8234894
            ],
            [
              37.3338962,
              55.8234844
            ],
            [
              37.3338173,
              55.8235817
            ],
            [
              37.3336458,
              55.8235379
            ],
            [
              37.3339487,
              55.8231642
            ]
          ]
        ]
      }
    },
    {
      "type": "Feature",
      "properties": {
        "osm_kind": "road",
        "name": "",
        "source": "OpenStreetMap",
        "download_window_id": "moscow_mitino_-3_-2_80ad056c",
        "download_city": "Москва Митино",
        "osm_tags": {
          "highway": "service"
        },
        "osm_id": 263340767,
        "osm_type": "way"
      },
      "geometry": {
        "type": "LineString",
        "coordinates": [
          [
            37.333946,
            55.8236748
          ],
          [
            37.3340032,
            55.8236892
          ],
          [
            37.3341399,
            55.8237237
          ],
          [
            37.3341707,
            55.8237315
          ]
        ]
      }
    },
    {
      "type": "Feature",
      "properties": {
        "osm_kind": "road",
        "name": "",
        "source": "OpenStreetMap",
        "download_window_id": "moscow_mitino_-3_-2_80ad056c",
        "download_city": "Москва Митино",
        "osm_tags": {
          "highway": "footway"
        },
        "osm_id": 263340768,
        "osm_type": "way"
      },
      "geometry": {
        "type": "LineString",
        "coordinates": [
          [
            37.3346662,
            55.8229815
          ],
          [
            37.3349198,
            55.8229658
          ]
        ]
      }
    },
    {
      "type": "Feature",
      "properties": {
        "osm_kind": "road",
        "name": "",
        "source": "OpenStreetMap",
        "download_window_id": "moscow_mitino_-3_-2_80ad056c",
        "download_city": "Москва Митино",
        "osm_tags": {
          "highway": "service"
        },
        "osm_id": 263340769,
        "osm_type": "way"
      },
      "geometry": {
        "type": "LineString",
        "coordinates": [
          [
            37.3341707,
            55.8237315
          ],
          [
            37.3342758,
            55.8237579
          ]
        ]
      }
    },
    {
      "type": "Feature",
      "properties": {
        "osm_kind": "road",
        "name": "",
        "source": "OpenStreetMap",
        "download_window_id": "moscow_mitino_-3_-2_80ad056c",
        "download_city": "Москва Митино",
        "osm_tags": {
          "highway": "footway"
        },
        "osm_id": 263340770,
        "osm_type": "way"
      },
      "geometry": {
        "type": "LineString",
        "coordinates": [
          [
            37.3335226,
            55.8235294
          ],
          [
            37.3337308,
            55.8235826
          ],
          [
            37.3337921,
            55.8235983
          ],
          [
            37.333946,
            55.8236748
          ]
        ]
      }
    },
    {
      "type": "Feature",
      "properties": {
        "osm_kind": "road",
        "name": "",
        "source": "OpenStreetMap",
        "download_window_id": "moscow_mitino_-3_-2_80ad056c",
        "download_city": "Москва Митино",
        "osm_tags": {
          "highway": "footway"
        },
        "osm_id": 263340771,
        "osm_type": "way"
      },
      "geometry": {
        "type": "LineString",
        "coordinates": [
          [
            37.3345172,
            55.8231656
          ],
          [
            37.3346662,
            55.8229815
          ],
          [
            37.3346719,
            55.8229024
          ]
        ]
      }
    },
    {
      "type": "Feature",
      "properties": {
        "osm_kind": "road",
        "name": "",
        "source": "OpenStreetMap",
        "download_window_id": "moscow_mitino_-3_-2_80ad056c",
        "download_city": "Москва Митино",
        "osm_tags": {
          "highway": "footway"
        },
        "osm_id": 263340772,
        "osm_type": "way"
      },
      "geometry": {
        "type": "LineString",
        "coordinates": [
          [
            37.3361469,
            55.8232797
          ],
          [
            37.3349198,
            55.8229658
          ],
          [
            37.3346719,
            55.8229024
          ],
          [
            37.3341256,
            55.8227625
          ]
        ]
      }
    },
    {
      "type": "Feature",
      "properties": {
        "osm_kind": "road",
        "name": "",
        "source": "OpenStreetMap",
        "download_window_id": "moscow_mitino_-3_-2_80ad056c",
        "download_city": "Москва Митино",
        "osm_tags": {
          "highway": "service"
        },
        "osm_id": 263340773,
        "osm_type": "way"
      },
      "geometry": {
        "type": "LineString",
        "coordinates": [
          [
            37.3342758,
            55.8237579
          ],
          [
            37.3342328,
            55.8238125
          ],
          [
            37.3342777,
            55.8238788
          ],
          [
            37.3344605,
            55.8239248
          ],
          [
            37.3345759,
            55.8239002
          ],
          [
            37.3346635,
            55.8237905
          ],
          [
            37.3346162,
            55.8237207
          ],
          [
            37.3344462,
            55.8236779
          ],
          [
            37.3343172,
            55.8237055
          ],
          [
            37.3342758,
            55.8237579
          ]
        ]
      }
    },
    {
      "type": "Feature",
      "properties": {
        "osm_kind": "road",
        "name": "",
        "source": "OpenStreetMap",
        "download_window_id": "moscow_mitino_-3_-2_80ad056c",
        "download_city": "Москва Митино",
        "osm_tags": {
          "highway": "footway"
        },
        "osm_id": 263513653,
        "osm_type": "way"
      },
      "geometry": {
        "type": "LineString",
        "coordinates": [
          [
            37.3330874,
            55.821784
          ],
          [
            37.3331415,
            55.8217978
          ],
          [
            37.3332043,
            55.8218138
          ],
          [
            37.3336931,
            55.821938
          ],
          [
            37.334299,
            55.8220898
          ],
          [
            37.3342401,
            55.8221641
          ],
          [
            37.3342685,
            55.822171
          ]
        ]
      }
    },
    {
      "type": "Feature",
      "properties": {
        "osm_kind": "road",
        "name": "",
        "source": "OpenStreetMap",
        "download_window_id": "moscow_mitino_-3_-2_80ad056c",
        "download_city": "Москва Митино",
        "osm_tags": {
          "highway": "footway"
        },
        "osm_id": 263541503,
        "osm_type": "way"
      },
      "geometry": {
        "type": "LineString",
        "coordinates": [
          [
            37.3361577,
            55.8232659
          ],
          [
            37.3361469,
            55.8232797
          ],
          [
            37.3358341,
            55.8236783
          ],
          [
            37.3352045,
            55.8244741
          ],
          [
            37.3351719,
            55.8245152
          ],
          [
            37.3349056,
            55.824851
          ],
          [
            37.3348842,
            55.8248776
          ],
          [
            37.3339843,
            55.8259972
          ],
          [
            37.3339133,
            55.8260851
          ],
          [
            37.3335985,
            55.8264662
          ],
          [
            37.3331684,
            55.826987
          ],
          [
            37.3328654,
            55.8273682
          ],
          [
            37.332314,
            55.828051
          ],
          [
            37.3322749,
            55.8280992
          ],
          [
            37.3321425,
            55.8282624
          ]
        ]
      }
    },
    {
      "type": "Feature",
      "properties": {
        "osm_kind": "road",
        "name": "Школьная улица",
        "source": "OpenStreetMap",
        "download_window_id": "moscow_mitino_-3_-2_80ad056c",
        "download_city": "Москва Митино",
        "osm_tags": {
          "highway": "residential",
          "name": "Школьная улица"
        },
        "osm_id": 263646673,
        "osm_type": "way"
      },
      "geometry": {
        "type": "LineString",
        "coordinates": [
          [
            37.3296755,
            55.8238502
          ],
          [
            37.3302269,
            55.8239856
          ],
          [
            37.3313177,
            55.8242535
          ],
          [
            37.3319237,
            55.8244023
          ],
          [
            37.3319874,
            55.8244179
          ],
          [
            37.3322552,
            55.8244837
          ],
          [
            37.3323397,
            55.8245045
          ],
          [
            37.332365,
            55.8245107
          ],
          [
            37.3324169,
            55.8245234
          ]
        ]
      }
    },
    {
      "type": "Feature",
      "properties": {
        "osm_kind": "road",
        "name": "",
        "source": "OpenStreetMap",
        "download_window_id": "moscow_mitino_-3_-2_80ad056c",
        "download_city": "Москва Митино",
        "osm_tags": {
          "highway": "service"
        },
        "osm_id": 263646674,
        "osm_type": "way"
      },
      "geometry": {
        "type": "LineString",
        "coordinates": [
          [
            37.3330038,
            55.8230282
          ],
          [
            37.3327591,
            55.8233296
          ],
          [
            37.3325675,
            55.8235656
          ],
          [
            37.332524,
            55.8236191
          ],
          [
            37.3324446,
            55.823717
          ],
          [
            37.3322391,
            55.8236642
          ]
        ]
      }
    },
    {
      "type": "Feature",
      "properties": {
        "osm_kind": "road",
        "name": "",
        "source": "OpenStreetMap",
        "download_window_id": "moscow_mitino_-3_-2_80ad056c",
        "download_city": "Москва Митино",
        "osm_tags": {
          "highway": "footway"
        },
        "osm_id": 264452255,
        "osm_type": "way"
      },
      "geometry": {
        "type": "LineString",
        "coordinates": [
          [
            37.3318096,
            55.8207643
          ],
          [
            37.3324119,
            55.8208752
          ],
          [
            37.3329144,
            55.8210009
          ],
          [
            37.3331458,
            55.8210589
          ],
          [
            37.3332521,
            55.8210855
          ],
          [
            37.3335143,
            55.82115
          ],
          [
            37.3337232,
            55.8211997
          ],
          [
            37.3348739,
            55.8214921
          ],
          [
            37.3361713,
            55.8218218
          ],
          [
            37.3371185,
            55.8220634
          ]
        ]
      }
    },
    {
      "type": "Feature",
      "properties": {
        "osm_kind": "road",
        "name": "",
        "source": "OpenStreetMap",
        "download_window_id": "moscow_mitino_-3_-2_80ad056c",
        "download_city": "Москва Митино",
        "osm_tags": {
          "highway": "footway"
        },
        "osm_id": 267403750,
        "osm_type": "way"
      },
      "geometry": {
        "type": "LineString",
        "coordinates": [
          [
            37.3367321,
            55.8234306
          ],
          [
            37.3363662,
            55.8238793
          ],
          [
            37.3359979,
            55.8243282
          ],
          [
            37.3357377,
            55.8246524
          ],
          [
            37.3354376,
            55.8250186
          ],
          [
            37.3351791,
            55.8253359
          ],
          [
            37.334867,
            55.8257188
          ]
        ]
      }
    },
    {
      "type": "Feature",
      "properties": {
        "osm_kind": "road",
        "name": "",
        "source": "OpenStreetMap",
        "download_window_id": "moscow_mitino_-3_-2_80ad056c",
        "download_city": "Москва Митино",
        "osm_tags": {
          "highway": "footway"
        },
        "osm_id": 267403887,
        "osm_type": "way"
      },
      "geometry": {
        "type": "LineString",
        "coordinates": [
          [
            37.3361602,
            55.8246274
          ],
          [
            37.3359979,
            55.8243282
          ]
        ]
      }
    },
    {
      "type": "Feature",
      "properties": {
        "osm_kind": "road",
        "name": "",
        "source": "OpenStreetMap",
        "download_window_id": "moscow_mitino_-3_-2_80ad056c",
        "download_city": "Москва Митино",
        "osm_tags": {
          "highway": "footway"
        },
        "osm_id": 353294861,
        "osm_type": "way"
      },
      "geometry": {
        "type": "LineString",
        "coordinates": [
          [
            37.3326745,
            55.8242752
          ],
          [
            37.3327077,
            55.8242838
          ],
          [
            37.332783,
            55.8242984
          ],
          [
            37.3328866,
            55.8243253
          ],
          [
            37.3334866,
            55.8244816
          ],
          [
            37.3349056,
            55.824851
          ]
        ]
      }
    },
    {
      "type": "Feature",
      "properties": {
        "osm_kind": "road",
        "name": "",
        "source": "OpenStreetMap",
        "download_window_id": "moscow_mitino_-3_-2_80ad056c",
        "download_city": "Москва Митино",
        "osm_tags": {
          "highway": "footway"
        },
        "osm_id": 370158132,
        "osm_type": "way"
      },
      "geometry": {
        "type": "LineString",
        "coordinates": [
          [
            37.3336546,
            55.8231145
          ],
          [
            37.3338523,
            55.8231065
          ]
        ]
      }
    },
    {
      "type": "Feature",
      "properties": {
        "osm_kind": "road",
        "name": "",
        "source": "OpenStreetMap",
        "download_window_id": "moscow_mitino_-3_-2_80ad056c",
        "download_city": "Москва Митино",
        "osm_tags": {
          "highway": "footway"
        },
        "osm_id": 370158133,
        "osm_type": "way"
      },
      "geometry": {
        "type": "LineString",
        "coordinates": [
          [
            37.3314393,
            55.826095
          ],
          [
            37.3314747,
            55.8260507
          ],
          [
            37.3319349,
            55.8254792
          ],
          [
            37.3328621,
            55.8243572
          ],
          [
            37.3328866,
            55.8243253
          ],
          [
            37.3331361,
            55.8240131
          ],
          [
            37.3334665,
            55.8235996
          ],
          [
            37.3335226,
            55.8235294
          ],
          [
            37.3338523,
            55.8231065
          ],
          [
            37.3341256,
            55.8227625
          ],
          [
            37.3341546,
            55.8227253
          ],
          [
            37.3345435,
            55.822241
          ],
          [
            37.3346011,
            55.8221689
          ],
          [
            37.3350031,
            55.8216741
          ]
        ]
      }
    },
    {
      "type": "Feature",
      "properties": {
        "osm_kind": "road",
        "name": "",
        "source": "OpenStreetMap",
        "download_window_id": "moscow_mitino_-3_-2_80ad056c",
        "download_city": "Москва Митино",
        "osm_tags": {
          "highway": "footway"
        },
        "osm_id": 370158135,
        "osm_type": "way"
      },
      "geometry": {
        "type": "LineString",
        "coordinates": [
          [
            37.3335078,
            55.8230773
          ],
          [
            37.3335883,
            55.8230977
          ],
          [
            37.3336546,
            55.8231145
          ]
        ]
      }
    },
    {
      "type": "Feature",
      "properties": {
        "osm_kind": "road",
        "name": "",
        "source": "OpenStreetMap",
        "download_window_id": "moscow_mitino_-3_-2_80ad056c",
        "download_city": "Москва Митино",
        "osm_tags": {
          "highway": "footway"
        },
        "osm_id": 370158138,
        "osm_type": "way"
      },
      "geometry": {
        "type": "LineString",
        "coordinates": [
          [
            37.3328907,
            55.8229488
          ],
          [
            37.3334058,
            55.8230769
          ],
          [
            37.3334542,
            55.823089
          ],
          [
            37.3335078,
            55.8230773
          ]
        ]
      }
    },
    {
      "type": "Feature",
      "properties": {
        "osm_kind": "road",
        "name": "",
        "source": "OpenStreetMap",
        "download_window_id": "moscow_mitino_-3_-2_80ad056c",
        "download_city": "Москва Митино",
        "osm_tags": {
          "highway": "footway"
        },
        "osm_id": 402851028,
        "osm_type": "way"
      },
      "geometry": {
        "type": "LineString",
        "coordinates": [
          [
            37.3361668,
            55.8232856
          ],
          [
            37.3362079,
            55.8232967
          ],
          [
            37.3362703,
            55.8233136
          ]
        ]
      }
    },
    {
      "type": "Feature",
      "properties": {
        "osm_kind": "road",
        "name": "",
        "source": "OpenStreetMap",
        "download_window_id": "moscow_mitino_-3_-2_80ad056c",
        "download_city": "Москва Митино",
        "osm_tags": {
          "highway": "footway"
        },
        "osm_id": 531571372,
        "osm_type": "way"
      },
      "geometry": {
        "type": "LineString",
        "coordinates": [
          [
            37.3343736,
            55.8221973
          ],
          [
            37.3345435,
            55.822241
          ]
        ]
      }
    },
    {
      "type": "Feature",
      "properties": {
        "osm_kind": "road",
        "name": "",
        "source": "OpenStreetMap",
        "download_window_id": "moscow_mitino_-3_-2_80ad056c",
        "download_city": "Москва Митино",
        "osm_tags": {
          "highway": "footway"
        },
        "osm_id": 531571373,
        "osm_type": "way"
      },
      "geometry": {
        "type": "LineString",
        "coordinates": [
          [
            37.3342685,
            55.822171
          ],
          [
            37.3343201,
            55.8221835
          ],
          [
            37.3343736,
            55.8221973
          ]
        ]
      }
    },
    {
      "type": "Feature",
      "properties": {
        "osm_kind": "road",
        "name": "",
        "source": "OpenStreetMap",
        "download_window_id": "moscow_mitino_-3_-2_80ad056c",
        "download_city": "Москва Митино",
        "osm_tags": {
          "highway": "footway"
        },
        "osm_id": 531571374,
        "osm_type": "way"
      },
      "geometry": {
        "type": "LineString",
        "coordinates": [
          [
            37.3328721,
            55.8217293
          ],
          [
            37.3329671,
            55.8217534
          ],
          [
            37.3330703,
            55.8217797
          ],
          [
            37.3330874,
            55.821784
          ]
        ]
      }
    },
    {
      "type": "Feature",
      "properties": {
        "osm_kind": "road",
        "name": "",
        "source": "OpenStreetMap",
        "download_window_id": "moscow_mitino_-3_-2_80ad056c",
        "download_city": "Москва Митино",
        "osm_tags": {
          "highway": "service"
        },
        "osm_id": 542298649,
        "osm_type": "way"
      },
      "geometry": {
        "type": "LineString",
        "coordinates": [
          [
            37.3348076,
            55.8242114
          ],
          [
            37.3342271,
            55.8240643
          ]
        ]
      }
    },
    {
      "type": "Feature",
      "properties": {
        "osm_kind": "road",
        "name": "",
        "source": "OpenStreetMap",
        "download_window_id": "moscow_mitino_-3_-2_80ad056c",
        "download_city": "Москва Митино",
        "osm_tags": {
          "highway": "service"
        },
        "osm_id": 542298650,
        "osm_type": "way"
      },
      "geometry": {
        "type": "LineString",
        "coordinates": [
          [
            37.3348728,
            55.8242279
          ],
          [
            37.3348076,
            55.8242114
          ]
        ]
      }
    },
    {
      "type": "Feature",
      "properties": {
        "osm_kind": "road",
        "name": "",
        "source": "OpenStreetMap",
        "download_window_id": "moscow_mitino_-3_-2_80ad056c",
        "download_city": "Москва Митино",
        "osm_tags": {
          "highway": "footway"
        },
        "osm_id": 579394967,
        "osm_type": "way"
      },
      "geometry": {
        "type": "LineString",
        "coordinates": [
          [
            37.3336931,
            55.821938
          ],
          [
            37.3336175,
            55.8217757
          ],
          [
            37.3335187,
            55.8215635
          ]
        ]
      }
    },
    {
      "type": "Feature",
      "properties": {
        "osm_kind": "road",
        "name": "",
        "source": "OpenStreetMap",
        "download_window_id": "moscow_mitino_-3_-2_80ad056c",
        "download_city": "Москва Митино",
        "osm_tags": {
          "highway": "footway"
        },
        "osm_id": 579394970,
        "osm_type": "way"
      },
      "geometry": {
        "type": "LineString",
        "coordinates": [
          [
            37.3336931,
            55.821938
          ],
          [
            37.3340946,
            55.8217717
          ],
          [
            37.3341872,
            55.8217333
          ]
        ]
      }
    },
    {
      "type": "Feature",
      "properties": {
        "osm_kind": "building",
        "name": "",
        "source": "OpenStreetMap",
        "download_window_id": "moscow_mitino_-3_-2_80ad056c",
        "download_city": "Москва Митино",
        "osm_tags": {
          "building": "garages"
        },
        "osm_id": 579394971,
        "osm_type": "way"
      },
      "geometry": {
        "type": "Polygon",
        "coordinates": [
          [
            [
              37.3323584,
              55.8227053
            ],
            [
              37.3323103,
              55.8227619
            ],
            [
              37.3327433,
              55.8228778
            ],
            [
              37.3327913,
              55.8228212
            ],
            [
              37.3323584,
              55.8227053
            ]
          ]
        ]
      }
    },
    {
      "type": "Feature",
      "properties": {
        "osm_kind": "building",
        "name": "",
        "source": "OpenStreetMap",
        "download_window_id": "moscow_mitino_-3_-2_80ad056c",
        "download_city": "Москва Митино",
        "osm_tags": {
          "building": "garages"
        },
        "osm_id": 579394973,
        "osm_type": "way"
      },
      "geometry": {
        "type": "Polygon",
        "coordinates": [
          [
            [
              37.3329605,
              55.8226751
            ],
            [
              37.3324776,
              55.8225477
            ],
            [
              37.3323905,
              55.8226518
            ],
            [
              37.3328032,
              55.8227607
            ],
            [
              37.3328423,
              55.8227139
            ],
            [
              37.3329125,
              55.8227325
            ],
            [
              37.3329605,
              55.8226751
            ]
          ]
        ]
      }
    },
    {
      "type": "Feature",
      "properties": {
        "osm_kind": "building",
        "name": "",
        "source": "OpenStreetMap",
        "download_window_id": "moscow_mitino_-3_-2_80ad056c",
        "download_city": "Москва Митино",
        "osm_tags": {
          "building": "garages"
        },
        "osm_id": 579394974,
        "osm_type": "way"
      },
      "geometry": {
        "type": "Polygon",
        "coordinates": [
          [
            [
              37.3325863,
              55.8224159
            ],
            [
              37.3325203,
              55.8224948
            ],
            [
              37.332833,
              55.8225774
            ],
            [
              37.332899,
              55.8224984
            ],
            [
              37.3325863,
              55.8224159
            ]
          ]
        ]
      }
    },
    {
      "type": "Feature",
      "properties": {
        "osm_kind": "building",
        "name": "",
        "source": "OpenStreetMap",
        "download_window_id": "moscow_mitino_-3_-2_80ad056c",
        "download_city": "Москва Митино",
        "osm_tags": {
          "building": "garages"
        },
        "osm_id": 579394978,
        "osm_type": "way"
      },
      "geometry": {
        "type": "Polygon",
        "coordinates": [
          [
            [
              37.3326439,
              55.822327
            ],
            [
              37.3331101,
              55.82245
            ],
            [
              37.3331912,
              55.822353
            ],
            [
              37.332725,
              55.82223
            ],
            [
              37.3326439,
              55.822327
            ]
          ]
        ]
      }
    },
    {
      "type": "Feature",
      "properties": {
        "osm_kind": "road",
        "name": "",
        "source": "OpenStreetMap",
        "download_window_id": "moscow_mitino_-3_-2_80ad056c",
        "download_city": "Москва Митино",
        "osm_tags": {
          "highway": "footway"
        },
        "osm_id": 579394981,
        "osm_type": "way"
      },
      "geometry": {
        "type": "LineString",
        "coordinates": [
          [
            37.3337042,
            55.8224459
          ],
          [
            37.3333594,
            55.8223582
          ]
        ]
      }
    },
    {
      "type": "Feature",
      "properties": {
        "osm_kind": "road",
        "name": "",
        "source": "OpenStreetMap",
        "download_window_id": "moscow_mitino_-3_-2_80ad056c",
        "download_city": "Москва Митино",
        "osm_tags": {
          "highway": "footway"
        },
        "osm_id": 579394983,
        "osm_type": "way"
      },
      "geometry": {
        "type": "LineString",
        "coordinates": [
          [
            37.3334723,
            55.8227341
          ],
          [
            37.33313,
            55.822647
          ]
        ]
      }
    },
    {
      "type": "Feature",
      "properties": {
        "osm_kind": "road",
        "name": "",
        "source": "OpenStreetMap",
        "download_window_id": "moscow_mitino_-3_-2_80ad056c",
        "download_city": "Москва Митино",
        "osm_tags": {
          "highway": "footway"
        },
        "osm_id": 579394989,
        "osm_type": "way"
      },
      "geometry": {
        "type": "LineString",
        "coordinates": [
          [
            37.3322391,
            55.8236642
          ],
          [
            37.3320599,
            55.8236868
          ]
        ]
      }
    },
    {
      "type": "Feature",
      "properties": {
        "osm_kind": "road",
        "name": "",
        "source": "OpenStreetMap",
        "download_window_id": "moscow_mitino_-3_-2_80ad056c",
        "download_city": "Москва Митино",
        "osm_tags": {
          "highway": "footway"
        },
        "osm_id": 588646669,
        "osm_type": "way"
      },
      "geometry": {
        "type": "LineString",
        "coordinates": [
          [
            37.3316133,
            55.8234279
          ],
          [
            37.3317971,
            55.8234774
          ]
        ]
      }
    },
    {
      "type": "Feature",
      "properties": {
        "osm_kind": "road",
        "name": "",
        "source": "OpenStreetMap",
        "download_window_id": "moscow_mitino_-3_-2_80ad056c",
        "download_city": "Москва Митино",
        "osm_tags": {
          "highway": "footway"
        },
        "osm_id": 588646671,
        "osm_type": "way"
      },
      "geometry": {
        "type": "LineString",
        "coordinates": [
          [
            37.3319947,
            55.8234623
          ],
          [
            37.3317971,
            55.8234774
          ],
          [
            37.3313688,
            55.82351
          ]
        ]
      }
    },
    {
      "type": "Feature",
      "properties": {
        "osm_kind": "road",
        "name": "",
        "source": "OpenStreetMap",
        "download_window_id": "moscow_mitino_-3_-2_80ad056c",
        "download_city": "Москва Митино",
        "osm_tags": {
          "highway": "footway"
        },
        "osm_id": 594479816,
        "osm_type": "way"
      },
      "geometry": {
        "type": "LineString",
        "coordinates": [
          [
            37.3361469,
            55.8232797
          ],
          [
            37.3361668,
            55.8232856
          ]
        ]
      }
    },
    {
      "type": "Feature",
      "properties": {
        "osm_kind": "road",
        "name": "",
        "source": "OpenStreetMap",
        "download_window_id": "moscow_mitino_-3_-2_80ad056c",
        "download_city": "Москва Митино",
        "osm_tags": {
          "highway": "footway"
        },
        "osm_id": 594479819,
        "osm_type": "way"
      },
      "geometry": {
        "type": "LineString",
        "coordinates": [
          [
            37.3361995,
            55.8232138
          ],
          [
            37.3361776,
            55.8232407
          ],
          [
            37.3361577,
            55.8232659
          ]
        ]
      }
    },
    {
      "type": "Feature",
      "properties": {
        "osm_kind": "road",
        "name": "",
        "source": "OpenStreetMap",
        "download_window_id": "moscow_mitino_-3_-2_80ad056c",
        "download_city": "Москва Митино",
        "osm_tags": {
          "highway": "footway"
        },
        "osm_id": 594975259,
        "osm_type": "way"
      },
      "geometry": {
        "type": "LineString",
        "coordinates": [
          [
            37.3331415,
            55.8217978
          ],
          [
            37.3334472,
            55.8215453
          ]
        ]
      }
    },
    {
      "type": "Feature",
      "properties": {
        "osm_kind": "road",
        "name": "",
        "source": "OpenStreetMap",
        "download_window_id": "moscow_mitino_-3_-2_80ad056c",
        "download_city": "Москва Митино",
        "osm_tags": {
          "highway": "service"
        },
        "osm_id": 813679409,
        "osm_type": "way"
      },
      "geometry": {
        "type": "LineString",
        "coordinates": [
          [
            37.3328918,
            55.8239515
          ],
          [
            37.3331361,
            55.8240131
          ]
        ]
      }
    },
    {
      "type": "Feature",
      "properties": {
        "osm_kind": "road",
        "name": "",
        "source": "OpenStreetMap",
        "download_window_id": "moscow_mitino_-3_-2_80ad056c",
        "download_city": "Москва Митино",
        "osm_tags": {
          "highway": "service"
        },
        "osm_id": 863754122,
        "osm_type": "way"
      },
      "geometry": {
        "type": "LineString",
        "coordinates": [
          [
            37.3318513,
            55.8244948
          ],
          [
            37.3318585,
            55.8244861
          ],
          [
            37.3319237,
            55.8244023
          ]
        ]
      }
    },
    {
      "type": "Feature",
      "properties": {
        "osm_kind": "road",
        "name": "",
        "source": "OpenStreetMap",
        "download_window_id": "moscow_mitino_-3_-2_80ad056c",
        "download_city": "Москва Митино",
        "osm_tags": {
          "highway": "footway"
        },
        "osm_id": 863754132,
        "osm_type": "way"
      },
      "geometry": {
        "type": "LineString",
        "coordinates": [
          [
            37.3361388,
            55.8219585
          ],
          [
            37.3360035,
            55.8221229
          ],
          [
            37.3359322,
            55.8221761
          ]
        ]
      }
    },
    {
      "type": "Feature",
      "properties": {
        "osm_kind": "road",
        "name": "",
        "source": "OpenStreetMap",
        "download_window_id": "moscow_mitino_-3_-2_80ad056c",
        "download_city": "Москва Митино",
        "osm_tags": {
          "highway": "service"
        },
        "osm_id": 863754133,
        "osm_type": "way"
      },
      "geometry": {
        "type": "LineString",
        "coordinates": [
          [
            37.335515,
            55.8221614
          ],
          [
            37.3353829,
            55.8223268
          ]
        ]
      }
    },
    {
      "type": "Feature",
      "properties": {
        "osm_kind": "road",
        "name": "",
        "source": "OpenStreetMap",
        "download_window_id": "moscow_mitino_-3_-2_80ad056c",
        "download_city": "Москва Митино",
        "osm_tags": {
          "highway": "service"
        },
        "osm_id": 863754134,
        "osm_type": "way"
      },
      "geometry": {
        "type": "LineString",
        "coordinates": [
          [
            37.3356169,
            55.8220967
          ],
          [
            37.3355568,
            55.8221719
          ],
          [
            37.335515,
            55.8221614
          ],
          [
            37.3353843,
            55.8221284
          ],
          [
            37.3352515,
            55.8222947
          ]
        ]
      }
    },
    {
      "type": "Feature",
      "properties": {
        "osm_kind": "road",
        "name": "",
        "source": "OpenStreetMap",
        "download_window_id": "moscow_mitino_-3_-2_80ad056c",
        "download_city": "Москва Митино",
        "osm_tags": {
          "highway": "footway"
        },
        "osm_id": 863754135,
        "osm_type": "way"
      },
      "geometry": {
        "type": "LineString",
        "coordinates": [
          [
            37.3352038,
            55.8223211
          ],
          [
            37.3353454,
            55.8223568
          ],
          [
            37.335471,
            55.8223884
          ],
          [
            37.3358222,
            55.8223474
          ]
        ]
      }
    },
    {
      "type": "Feature",
      "properties": {
        "osm_kind": "road",
        "name": "",
        "source": "OpenStreetMap",
        "download_window_id": "moscow_mitino_-3_-2_80ad056c",
        "download_city": "Москва Митино",
        "osm_tags": {
          "highway": "footway"
        },
        "osm_id": 863754138,
        "osm_type": "way"
      },
      "geometry": {
        "type": "LineString",
        "coordinates": [
          [
            37.3353768,
            55.822432
          ],
          [
            37.3352535,
            55.8225864
          ],
          [
            37.3353884,
            55.822682
          ]
        ]
      }
    },
    {
      "type": "Feature",
      "properties": {
        "osm_kind": "road",
        "name": "",
        "source": "OpenStreetMap",
        "download_window_id": "moscow_mitino_-3_-2_80ad056c",
        "download_city": "Москва Митино",
        "osm_tags": {
          "highway": "footway"
        },
        "osm_id": 863754141,
        "osm_type": "way"
      },
      "geometry": {
        "type": "LineString",
        "coordinates": [
          [
            37.3357727,
            55.8226864
          ],
          [
            37.3357254,
            55.8228002
          ]
        ]
      }
    },
    {
      "type": "Feature",
      "properties": {
        "osm_kind": "road",
        "name": "",
        "source": "OpenStreetMap",
        "download_window_id": "moscow_mitino_-3_-2_80ad056c",
        "download_city": "Москва Митино",
        "osm_tags": {
          "highway": "footway"
        },
        "osm_id": 863754143,
        "osm_type": "way"
      },
      "geometry": {
        "type": "LineString",
        "coordinates": [
          [
            37.3350615,
            55.822286
          ],
          [
            37.3352038,
            55.8223211
          ],
          [
            37.3352406,
            55.8223447
          ],
          [
            37.3353768,
            55.822432
          ],
          [
            37.3356264,
            55.8225925
          ],
          [
            37.3357309,
            55.8226595
          ],
          [
            37.3357727,
            55.8226864
          ],
          [
            37.3359085,
            55.8227781
          ]
        ]
      }
    },
    {
      "type": "Feature",
      "properties": {
        "osm_kind": "road",
        "name": "",
        "source": "OpenStreetMap",
        "download_window_id": "moscow_mitino_-3_-2_80ad056c",
        "download_city": "Москва Митино",
        "osm_tags": {
          "highway": "footway"
        },
        "osm_id": 863754145,
        "osm_type": "way"
      },
      "geometry": {
        "type": "LineString",
        "coordinates": [
          [
            37.3361096,
            55.8223413
          ],
          [
            37.3361897,
            55.822241
          ]
        ]
      }
    },
    {
      "type": "Feature",
      "properties": {
        "osm_kind": "road",
        "name": "",
        "source": "OpenStreetMap",
        "download_window_id": "moscow_mitino_-3_-2_80ad056c",
        "download_city": "Москва Митино",
        "osm_tags": {
          "highway": "footway"
        },
        "osm_id": 863754146,
        "osm_type": "way"
      },
      "geometry": {
        "type": "LineString",
        "coordinates": [
          [
            37.3359751,
            55.8223554
          ],
          [
            37.3357309,
            55.8226595
          ]
        ]
      }
    },
    {
      "type": "Feature",
      "properties": {
        "osm_kind": "road",
        "name": "",
        "source": "OpenStreetMap",
        "download_window_id": "moscow_mitino_-3_-2_80ad056c",
        "download_city": "Москва Митино",
        "osm_tags": {
          "highway": "footway"
        },
        "osm_id": 863754147,
        "osm_type": "way"
      },
      "geometry": {
        "type": "LineString",
        "coordinates": [
          [
            37.3353656,
            55.8227095
          ],
          [
            37.3353884,
            55.822682
          ],
          [
            37.3355669,
            55.822667
          ],
          [
            37.3356264,
            55.8225925
          ],
          [
            37.3358222,
            55.8223474
          ],
          [
            37.3359751,
            55.8223554
          ],
          [
            37.3361096,
            55.8223413
          ],
          [
            37.3362619,
            55.8223357
          ]
        ]
      }
    },
    {
      "type": "Feature",
      "properties": {
        "osm_kind": "road",
        "name": "",
        "source": "OpenStreetMap",
        "download_window_id": "moscow_mitino_-3_-2_80ad056c",
        "download_city": "Москва Митино",
        "osm_tags": {
          "highway": "footway"
        },
        "osm_id": 866549730,
        "osm_type": "way"
      },
      "geometry": {
        "type": "LineString",
        "coordinates": [
          [
            37.3323195,
            55.8231946
          ],
          [
            37.3326067,
            55.8231186
          ],
          [
            37.3327047,
            55.8230927
          ],
          [
            37.3327981,
            55.8230776
          ],
          [
            37.3329234,
            55.8230084
          ]
        ]
      }
    },
    {
      "type": "Feature",
      "properties": {
        "osm_kind": "road",
        "name": "Пионерская улица",
        "source": "OpenStreetMap",
        "download_window_id": "moscow_mitino_-3_-2_80ad056c",
        "download_city": "Москва Митино",
        "osm_tags": {
          "highway": "tertiary",
          "name": "Пионерская улица"
        },
        "osm_id": 970740795,
        "osm_type": "way"
      },
      "geometry": {
        "type": "LineString",
        "coordinates": [
          [
            37.3331045,
            55.8236913
          ],
          [
            37.3333599,
            55.8233787
          ],
          [
            37.3335376,
            55.8231612
          ],
          [
            37.3335883,
            55.8230977
          ],
          [
            37.3339306,
            55.822669
          ],
          [
            37.3342359,
            55.8222884
          ]
        ]
      }
    },
    {
      "type": "Feature",
      "properties": {
        "osm_kind": "road",
        "name": "Пионерская улица",
        "source": "OpenStreetMap",
        "download_window_id": "moscow_mitino_-3_-2_80ad056c",
        "download_city": "Москва Митино",
        "osm_tags": {
          "highway": "tertiary",
          "name": "Пионерская улица"
        },
        "osm_id": 970740796,
        "osm_type": "way"
      },
      "geometry": {
        "type": "LineString",
        "coordinates": [
          [
            37.332334,
            55.8246282
          ],
          [
            37.3324169,
            55.8245234
          ],
          [
            37.3326073,
            55.8242936
          ],
          [
            37.3326325,
            55.8242644
          ],
          [
            37.3326965,
            55.8241905
          ],
          [
            37.3328918,
            55.8239515
          ],
          [
            37.3330301,
            55.8237823
          ],
          [
            37.3331045,
            55.8236913
          ]
        ]
      }
    },
    {
      "type": "Feature",
      "properties": {
        "osm_kind": "road",
        "name": "Пионерская улица",
        "source": "OpenStreetMap",
        "download_window_id": "moscow_mitino_-3_-2_80ad056c",
        "download_city": "Москва Митино",
        "osm_tags": {
          "highway": "tertiary",
          "name": "Пионерская улица"
        },
        "osm_id": 970740797,
        "osm_type": "way"
      },
      "geometry": {
        "type": "LineString",
        "coordinates": [
          [
            37.33446,
            55.8220092
          ],
          [
            37.3348352,
            55.8215418
          ]
        ]
      }
    },
    {
      "type": "Feature",
      "properties": {
        "osm_kind": "road",
        "name": "Пионерская улица",
        "source": "OpenStreetMap",
        "download_window_id": "moscow_mitino_-3_-2_80ad056c",
        "download_city": "Москва Митино",
        "osm_tags": {
          "highway": "tertiary",
          "name": "Пионерская улица"
        },
        "osm_id": 970740798,
        "osm_type": "way"
      },
      "geometry": {
        "type": "LineString",
        "coordinates": [
          [
            37.3342359,
            55.8222884
          ],
          [
            37.3343201,
            55.8221835
          ],
          [
            37.3343775,
            55.8221121
          ],
          [
            37.33446,
            55.8220092
          ]
        ]
      }
    },
    {
      "type": "Feature",
      "properties": {
        "osm_kind": "road",
        "name": "",
        "source": "OpenStreetMap",
        "download_window_id": "moscow_mitino_-3_-2_80ad056c",
        "download_city": "Москва Митино",
        "osm_tags": {
          "highway": "footway"
        },
        "osm_id": 997995307,
        "osm_type": "way"
      },
      "geometry": {
        "type": "LineString",
        "coordinates": [
          [
            37.3338852,
            55.8241115
          ],
          [
            37.3337384,
            55.824295
          ]
        ]
      }
    },
    {
      "type": "Feature",
      "properties": {
        "osm_kind": "road",
        "name": "",
        "source": "OpenStreetMap",
        "download_window_id": "moscow_mitino_-3_-2_80ad056c",
        "download_city": "Москва Митино",
        "osm_tags": {
          "highway": "footway"
        },
        "osm_id": 997995308,
        "osm_type": "way"
      },
      "geometry": {
        "type": "LineString",
        "coordinates": [
          [
            37.3345749,
            55.8231801
          ],
          [
            37.3341399,
            55.8237237
          ],
          [
            37.333839,
            55.8240998
          ],
          [
            37.3338852,
            55.8241115
          ],
          [
            37.3347848,
            55.8243386
          ]
        ]
      }
    },
    {
      "type": "Feature",
      "properties": {
        "osm_kind": "building",
        "name": "",
        "source": "OpenStreetMap",
        "download_window_id": "moscow_mitino_-3_-2_80ad056c",
        "download_city": "Москва Митино",
        "osm_tags": {
          "building": "yes"
        },
        "osm_id": 1104668402,
        "osm_type": "way"
      },
      "geometry": {
        "type": "Polygon",
        "coordinates": [
          [
            [
              37.3328012,
              55.8221679
            ],
            [
              37.3328592,
              55.8221832
            ],
            [
              37.332895,
              55.8221404
            ],
            [
              37.332837,
              55.8221251
            ],
            [
              37.3328012,
              55.8221679
            ]
          ]
        ]
      }
    },
    {
      "type": "Feature",
      "properties": {
        "osm_kind": "road",
        "name": "",
        "source": "OpenStreetMap",
        "download_window_id": "moscow_mitino_-3_-2_80ad056c",
        "download_city": "Москва Митино",
        "osm_tags": {
          "highway": "service"
        },
        "osm_id": 1104668404,
        "osm_type": "way"
      },
      "geometry": {
        "type": "LineString",
        "coordinates": [
          [
            37.3329812,
            55.8226375
          ],
          [
            37.3325141,
            55.8225149
          ]
        ]
      }
    },
    {
      "type": "Feature",
      "properties": {
        "osm_kind": "road",
        "name": "",
        "source": "OpenStreetMap",
        "download_window_id": "moscow_mitino_-3_-2_80ad056c",
        "download_city": "Москва Митино",
        "osm_tags": {
          "highway": "footway"
        },
        "osm_id": 1136453553,
        "osm_type": "way"
      },
      "geometry": {
        "type": "LineString",
        "coordinates": [
          [
            37.3325772,
            55.8242501
          ],
          [
            37.3326325,
            55.8242644
          ],
          [
            37.3326745,
            55.8242752
          ]
        ]
      }
    },
    {
      "type": "Feature",
      "properties": {
        "osm_kind": "road",
        "name": "",
        "source": "OpenStreetMap",
        "download_window_id": "moscow_mitino_-3_-2_80ad056c",
        "download_city": "Москва Митино",
        "osm_tags": {
          "highway": "footway"
        },
        "osm_id": 1136453554,
        "osm_type": "way"
      },
      "geometry": {
        "type": "LineString",
        "coordinates": [
          [
            37.3325484,
            55.8242427
          ],
          [
            37.3325772,
            55.8242501
          ]
        ]
      }
    },
    {
      "type": "Feature",
      "properties": {
        "osm_kind": "road",
        "name": "",
        "source": "OpenStreetMap",
        "download_window_id": "moscow_mitino_-3_-2_80ad056c",
        "download_city": "Москва Митино",
        "osm_tags": {
          "highway": "path"
        },
        "osm_id": 1159854176,
        "osm_type": "way"
      },
      "geometry": {
        "type": "LineString",
        "coordinates": [
          [
            37.3353829,
            55.8223268
          ],
          [
            37.3353454,
            55.8223568
          ]
        ]
      }
    },
    {
      "type": "Feature",
      "properties": {
        "osm_kind": "road",
        "name": "",
        "source": "OpenStreetMap",
        "download_window_id": "moscow_mitino_-3_-2_80ad056c",
        "download_city": "Москва Митино",
        "osm_tags": {
          "highway": "path"
        },
        "osm_id": 1160849912,
        "osm_type": "way"
      },
      "geometry": {
        "type": "LineString",
        "coordinates": [
          [
            37.3349198,
            55.8229658
          ],
          [
            37.3350143,
            55.8229444
          ]
        ]
      }
    },
    {
      "type": "Feature",
      "properties": {
        "osm_kind": "road",
        "name": "",
        "source": "OpenStreetMap",
        "download_window_id": "moscow_mitino_-3_-2_80ad056c",
        "download_city": "Москва Митино",
        "osm_tags": {
          "highway": "footway"
        },
        "osm_id": 1160849913,
        "osm_type": "way"
      },
      "geometry": {
        "type": "LineString",
        "coordinates": [
          [
            37.3352337,
            55.8226762
          ],
          [
            37.3350143,
            55.8229444
          ]
        ]
      }
    },
    {
      "type": "Feature",
      "properties": {
        "osm_kind": "road",
        "name": "",
        "source": "OpenStreetMap",
        "download_window_id": "moscow_mitino_-3_-2_80ad056c",
        "download_city": "Москва Митино",
        "osm_tags": {
          "highway": "footway"
        },
        "osm_id": 1160856477,
        "osm_type": "way"
      },
      "geometry": {
        "type": "LineString",
        "coordinates": [
          [
            37.334192,
            55.8217711
          ],
          [
            37.3340946,
            55.8217717
          ],
          [
            37.3336175,
            55.8217757
          ],
          [
            37.3332043,
            55.8218138
          ]
        ]
      }
    },
    {
      "type": "Feature",
      "properties": {
        "osm_kind": "road",
        "name": "",
        "source": "OpenStreetMap",
        "download_window_id": "moscow_mitino_-3_-2_80ad056c",
        "download_city": "Москва Митино",
        "osm_tags": {
          "highway": "footway"
        },
        "osm_id": 1160856478,
        "osm_type": "way"
      },
      "geometry": {
        "type": "LineString",
        "coordinates": [
          [
            37.334299,
            55.8220898
          ],
          [
            37.3342118,
            55.8219278
          ],
          [
            37.334192,
            55.8217711
          ],
          [
            37.3341872,
            55.8217333
          ]
        ]
      }
    },
    {
      "type": "Feature",
      "properties": {
        "osm_kind": "road",
        "name": "",
        "source": "OpenStreetMap",
        "download_window_id": "moscow_mitino_-3_-2_80ad056c",
        "download_city": "Москва Митино",
        "osm_tags": {
          "highway": "service"
        },
        "osm_id": 1160856479,
        "osm_type": "way"
      },
      "geometry": {
        "type": "LineString",
        "coordinates": [
          [
            37.3330301,
            55.8237823
          ],
          [
            37.3328674,
            55.8237406
          ]
        ]
      }
    },
    {
      "type": "Feature",
      "properties": {
        "osm_kind": "road",
        "name": "",
        "source": "OpenStreetMap",
        "download_window_id": "moscow_mitino_-3_-2_80ad056c",
        "download_city": "Москва Митино",
        "osm_tags": {
          "highway": "service"
        },
        "osm_id": 1160856480,
        "osm_type": "way"
      },
      "geometry": {
        "type": "LineString",
        "coordinates": [
          [
            37.3333599,
            55.8233787
          ],
          [
            37.3331952,
            55.8233365
          ]
        ]
      }
    },
    {
      "type": "Feature",
      "properties": {
        "osm_kind": "road",
        "name": "",
        "source": "OpenStreetMap",
        "download_window_id": "moscow_mitino_-3_-2_80ad056c",
        "download_city": "Москва Митино",
        "osm_tags": {
          "highway": "footway"
        },
        "osm_id": 1165964021,
        "osm_type": "way"
      },
      "geometry": {
        "type": "LineString",
        "coordinates": [
          [
            37.3320814,
            55.8238164
          ],
          [
            37.3321718,
            55.8238791
          ],
          [
            37.3323082,
            55.8240908
          ]
        ]
      }
    },
    {
      "type": "Feature",
      "properties": {
        "osm_kind": "road",
        "name": "",
        "source": "OpenStreetMap",
        "download_window_id": "moscow_mitino_-3_-2_80ad056c",
        "download_city": "Москва Митино",
        "osm_tags": {
          "highway": "footway"
        },
        "osm_id": 1177876369,
        "osm_type": "way"
      },
      "geometry": {
        "type": "LineString",
        "coordinates": [
          [
            37.3331952,
            55.8233365
          ],
          [
            37.3328674,
            55.8237406
          ],
          [
            37.3327022,
            55.8239443
          ],
          [
            37.3327457,
            55.82398
          ]
        ]
      }
    },
    {
      "type": "Feature",
      "properties": {
        "osm_kind": "road",
        "name": "",
        "source": "OpenStreetMap",
        "download_window_id": "moscow_mitino_-3_-2_80ad056c",
        "download_city": "Москва Митино",
        "osm_tags": {
          "highway": "footway"
        },
        "osm_id": 1177876370,
        "osm_type": "way"
      },
      "geometry": {
        "type": "LineString",
        "coordinates": [
          [
            37.3327022,
            55.8239443
          ],
          [
            37.3324111,
            55.8238699
          ],
          [
            37.3324446,
            55.823717
          ]
        ]
      }
    },
    {
      "type": "Feature",
      "properties": {
        "osm_kind": "road",
        "name": "",
        "source": "OpenStreetMap",
        "download_window_id": "moscow_mitino_-3_-2_80ad056c",
        "download_city": "Москва Митино",
        "osm_tags": {
          "highway": "footway"
        },
        "osm_id": 1191374108,
        "osm_type": "way"
      },
      "geometry": {
        "type": "LineString",
        "coordinates": [
          [
            37.3350816,
            55.8225432
          ],
          [
            37.3350788,
            55.8225468
          ],
          [
            37.3350187,
            55.822622
          ]
        ]
      }
    },
    {
      "type": "Feature",
      "properties": {
        "osm_kind": "road",
        "name": "",
        "source": "OpenStreetMap",
        "download_window_id": "moscow_mitino_-3_-2_80ad056c",
        "download_city": "Москва Митино",
        "osm_tags": {
          "highway": "footway"
        },
        "osm_id": 1191374109,
        "osm_type": "way"
      },
      "geometry": {
        "type": "LineString",
        "coordinates": [
          [
            37.3352535,
            55.8225864
          ],
          [
            37.3350816,
            55.8225432
          ]
        ]
      }
    },
    {
      "type": "Feature",
      "properties": {
        "osm_kind": "road",
        "name": "",
        "source": "OpenStreetMap",
        "download_window_id": "moscow_mitino_-3_-2_80ad056c",
        "download_city": "Москва Митино",
        "osm_tags": {
          "highway": "footway"
        },
        "osm_id": 1209827106,
        "osm_type": "way"
      },
      "geometry": {
        "type": "LineString",
        "coordinates": [
          [
            37.3362606,
            55.8229819
          ],
          [
            37.3361008,
            55.8231772
          ],
          [
            37.3362069,
            55.8232047
          ]
        ]
      }
    },
    {
      "type": "Feature",
      "properties": {
        "osm_kind": "road",
        "name": "",
        "source": "OpenStreetMap",
        "download_window_id": "moscow_mitino_-3_-2_80ad056c",
        "download_city": "Москва Митино",
        "osm_tags": {
          "highway": "path"
        },
        "osm_id": 1308814200,
        "osm_type": "way"
      },
      "geometry": {
        "type": "LineString",
        "coordinates": [
          [
            37.3337308,
            55.8235826
          ],
          [
            37.3334665,
            55.8235996
          ]
        ]
      }
    },
    {
      "type": "Feature",
      "properties": {
        "osm_kind": "road",
        "name": "",
        "source": "OpenStreetMap",
        "download_window_id": "moscow_mitino_-3_-2_80ad056c",
        "download_city": "Москва Митино",
        "osm_tags": {
          "highway": "footway"
        },
        "osm_id": 1412868587,
        "osm_type": "way"
      },
      "geometry": {
        "type": "LineString",
        "coordinates": [
          [
            37.3354889,
            55.8227406
          ],
          [
            37.3353408,
            55.8229222
          ],
          [
            37.3352278,
            55.8229988
          ]
        ]
      }
    },
    {
      "type": "Feature",
      "properties": {
        "osm_kind": "road",
        "name": "",
        "source": "OpenStreetMap",
        "download_window_id": "moscow_mitino_-3_-2_80ad056c",
        "download_city": "Москва Митино",
        "osm_tags": {
          "highway": "footway"
        },
        "osm_id": 1423054495,
        "osm_type": "way"
      },
      "geometry": {
        "type": "LineString",
        "coordinates": [
          [
            37.3343312,
            55.8217699
          ],
          [
            37.3345055,
            55.8217251
          ],
          [
            37.3346844,
            55.821502
          ]
        ]
      }
    },
    {
      "type": "Feature",
      "properties": {
        "osm_kind": "road",
        "name": "",
        "source": "OpenStreetMap",
        "download_window_id": "moscow_mitino_-3_-2_80ad056c",
        "download_city": "Москва Митино",
        "osm_tags": {
          "highway": "path"
        },
        "osm_id": 1423054497,
        "osm_type": "way"
      },
      "geometry": {
        "type": "LineString",
        "coordinates": [
          [
            37.3359322,
            55.8221761
          ],
          [
            37.3358412,
            55.8222819
          ],
          [
            37.3358222,
            55.8223474
          ]
        ]
      }
    },
    {
      "type": "Feature",
      "properties": {
        "osm_kind": "road",
        "name": "",
        "source": "OpenStreetMap",
        "download_window_id": "moscow_mitino_-3_-2_80ad056c",
        "download_city": "Москва Митино",
        "osm_tags": {
          "highway": "service"
        },
        "osm_id": 1548806578,
        "osm_type": "way"
      },
      "geometry": {
        "type": "LineString",
        "coordinates": [
          [
            37.3320889,
            55.8234863
          ],
          [
            37.3319873,
            55.8236116
          ]
        ]
      }
    },
    {
      "type": "Feature",
      "properties": {
        "osm_kind": "road",
        "name": "",
        "source": "OpenStreetMap",
        "download_window_id": "moscow_mitino_-3_-2_80ad056c",
        "download_city": "Москва Митино",
        "osm_tags": {
          "highway": "footway"
        },
        "osm_id": 1553593613,
        "osm_type": "way"
      },
      "geometry": {
        "type": "LineString",
        "coordinates": [
          [
            37.3324437,
            55.8235743
          ],
          [
            37.332524,
            55.8236191
          ]
        ]
      }
    },
    {
      "type": "Feature",
      "properties": {
        "osm_kind": "road",
        "name": "",
        "source": "OpenStreetMap",
        "download_window_id": "moscow_mitino_-3_-2_80ad056c",
        "download_city": "Москва Митино",
        "osm_tags": {
          "highway": "footway"
        },
        "osm_id": 1553593616,
        "osm_type": "way"
      },
      "geometry": {
        "type": "LineString",
        "coordinates": [
          [
            37.3323195,
            55.8231946
          ],
          [
            37.3324509,
            55.8232283
          ]
        ]
      }
    },
    {
      "type": "Feature",
      "properties": {
        "osm_kind": "road",
        "name": "",
        "source": "OpenStreetMap",
        "download_window_id": "moscow_mitino_-3_-2_80ad056c",
        "download_city": "Москва Митино",
        "osm_tags": {
          "highway": "footway"
        },
        "osm_id": 1553593617,
        "osm_type": "way"
      },
      "geometry": {
        "type": "LineString",
        "coordinates": [
          [
            37.3322921,
            55.8234239
          ],
          [
            37.3321641,
            55.8233911
          ]
        ]
      }
    },
    {
      "type": "Feature",
      "properties": {
        "osm_kind": "road",
        "name": "",
        "source": "OpenStreetMap",
        "download_window_id": "moscow_mitino_-3_-2_80ad056c",
        "download_city": "Москва Митино",
        "osm_tags": {
          "highway": "footway"
        },
        "osm_id": 1553593618,
        "osm_type": "way"
      },
      "geometry": {
        "type": "LineString",
        "coordinates": [
          [
            37.3326633,
            55.8233051
          ],
          [
            37.3327591,
            55.8233296
          ]
        ]
      }
    },
    {
      "type": "Feature",
      "properties": {
        "osm_kind": "road",
        "name": "",
        "source": "OpenStreetMap",
        "download_window_id": "moscow_mitino_-3_-2_80ad056c",
        "download_city": "Москва Митино",
        "osm_tags": {
          "highway": "footway"
        },
        "osm_id": 1553593619,
        "osm_type": "way"
      },
      "geometry": {
        "type": "LineString",
        "coordinates": [
          [
            37.3326067,
            55.8231186
          ],
          [
            37.3325172,
            55.8232288
          ]
        ]
      }
    }
  ]
}