<?xml version="1.0" encoding="UTF-8"?>
<osm version="0.6" generator="openstreetmap-cgimap 2.1.0 (244695 spike-07.openstreetmap.org)" copyright="OpenStreetMap and contributors" attribution="http://www.openstreetmap.org/copyright" license="http://opendatacommons.org/licenses/odbl/1-0/">
 <bounds minlat="55.7659238" minlon="48.7144691" maxlat="55.7686188" maxlon="48.7192596"/>
 <node id="163928147" visible="true" version="5" changeset="95136288" timestamp="2020-12-02T07:16:50Z" user="EarlOMeath" uid="11187534" lat="55.7742196" lon="48.6891478"/>
 <node id="163928149" visible="true" version="5" changeset="95136288" timestamp="2020-12-02T07:16:50Z" user="EarlOMeath" uid="11187534" lat="55.7715976" lon="48.6871308"/>
 <node id="730558813" visible="true" version="3" changeset="14159116" timestamp="2012-12-05T01:27:35Z" user="misha yakin" uid="384109" lat="55.7768915" lon="48.7082571"/>
 <node id="730558819" visible="true" version="3" changeset="14159116" timestamp="2012-12-05T01:27:35Z" user="misha yakin" uid="384109" lat="55.7759316" lon="48.7070591"/>
 <node id="730558830" visible="true" version="3" changeset="14159116" timestamp="2012-12-05T01:27:35Z" user="misha yakin" uid="384109" lat="55.7758617" lon="48.7063299"/>
 <node id="730558853" visible="true" version="3" changeset="14159116" timestamp="2012-12-05T01:27:35Z" user="misha yakin" uid="384109" lat="55.7765157" lon="48.7062358"/>
 <node id="730558864" visible="true" version="3" changeset="14159116" timestamp="2012-12-05T01:27:35Z" user="misha yakin" uid="384109" lat="55.7763110" lon="48.7037345"/>
 <node id="730558872" visible="true" version="2" changeset="6467303" timestamp="2010-11-27T07:53:52Z" user="shafr" uid="261620" lat="55.7763921" lon="48.7008528"/>
 <node id="730559195" visible="true" version="4" changeset="7069766" timestamp="2011-01-24T05:40:08Z" user="shafr" uid="261620" lat="55.7766647" lon="48.7172039"/>
 <node id="1006657048" visible="true" version="2" changeset="9579647" timestamp="2011-10-17T08:39:15Z" user="shafr" uid="261620" lat="55.7667306" lon="48.7152302"/>
 <node id="1006657053" visible="true" version="2" changeset="9579647" timestamp="2011-10-17T08:39:16Z" user="shafr" uid="261620" lat="55.7678112" lon="48.7137440"/>
 <node id="1006657070" visible="true" version="1" changeset="6467303" timestamp="2010-11-27T07:33:05Z" user="shafr" uid="261620" lat="55.7675933" lon="48.7123971"/>
 <node id="1006657072" visible="true" version="1" changeset="6467303" timestamp="2010-11-27T07:33:06Z" user="shafr" uid="261620" lat="55.7686555" lon="48.7116675"/>
 <node id="1006657075" visible="true" version="1" changeset="6467303" timestamp="2010-11-27T07:33:06Z" user="shafr" uid="261620" lat="55.7688969" lon="48.7113242"/>
 <node id="1006657080" visible="true" version="1" changeset="6467303" timestamp="2010-11-27T07:33:06Z" user="shafr" uid="261620" lat="55.7683175" lon="48.7099080"/>
 <node id="1006657085" visible="true" version="1" changeset="6467303" timestamp="2010-11-27T07:33:06Z" user="shafr" uid="261620" lat="55.7675209" lon="48.7092213"/>
 <node id="1006657088" visible="true" version="1" changeset="6467303" timestamp="2010-11-27T07:33:06Z" user="shafr" uid="261620" lat="55.7670139" lon="48.7079768"/>
 <node id="1006657091" visible="true" version="1" changeset="6467303" timestamp="2010-11-27T07:33:06Z" user="shafr" uid="261620" lat="55.7656136" lon="48.7080626"/>
 <node id="1006657093" visible="true" version="1" changeset="6467303" timestamp="2010-11-27T07:33:06Z" user="shafr" uid="261620" lat="55.7653239" lon="48.7054019"/>
 <node id="1006657099" visible="true" version="1" changeset="6467303" timestamp="2010-11-27T07:33:06Z" user="shafr" uid="261620" lat="55.7649859" lon="48.7045865"/>
 <node id="1006657101" visible="true" version="1" changeset="6467303" timestamp="2010-11-27T07:33:06Z" user="shafr" uid="261620" lat="55.7643098" lon="48.7003808"/>
 <node id="1006657105" visible="true" version="1" changeset="6467303" timestamp="2010-11-27T07:33:06Z" user="shafr" uid="261620" lat="55.7641650" lon="48.6999516"/>
 <node id="1006657109" visible="true" version="1" changeset="6467303" timestamp="2010-11-27T07:33:06Z" user="shafr" uid="261620" lat="55.7640684" lon="48.6990504"/>
 <node id="1006657114" visible="true" version="1" changeset="6467303" timestamp="2010-11-27T07:33:06Z" user="shafr" uid="261620" lat="55.7634406" lon="48.6950593"/>
 <node id="1006657119" visible="true" version="1" changeset="6467303" timestamp="2010-11-27T07:33:07Z" user="shafr" uid="261620" lat="55.7630060" lon="48.6946301"/>
 <node id="1006657123" visible="true" version="1" changeset="6467303" timestamp="2010-11-27T07:33:07Z" user="shafr" uid="261620" lat="55.7629577" lon="48.6930852"/>
 <node id="1006657129" visible="true" version="1" changeset="6467303" timestamp="2010-11-27T07:33:07Z" user="shafr" uid="261620" lat="55.7630785" lon="48.6925702"/>
 <node id="1006657134" visible="true" version="1" changeset="6467303" timestamp="2010-11-27T07:33:07Z" user="shafr" uid="261620" lat="55.7628853" lon="48.6920552"/>
 <node id="1006657138" visible="true" version="1" changeset="6467303" timestamp="2010-11-27T07:33:07Z" user="shafr" uid="261620" lat="55.7621126" lon="48.6913685"/>
 <node id="1006657142" visible="true" version="1" changeset="6467303" timestamp="2010-11-27T07:33:07Z" user="shafr" uid="261620" lat="55.7618229" lon="48.6928706"/>
 <node id="1006657145" visible="true" version="1" changeset="6467303" timestamp="2010-11-27T07:33:07Z" user="shafr" uid="261620" lat="55.7615573" lon="48.6945443"/>
 <node id="1006657163" visible="true" version="1" changeset="6467303" timestamp="2010-11-27T07:33:07Z" user="shafr" uid="261620" lat="55.7616056" lon="48.6956172"/>
 <node id="1006657172" visible="true" version="1" changeset="6467303" timestamp="2010-11-27T07:33:07Z" user="shafr" uid="261620" lat="55.7614607" lon="48.6966901"/>
 <node id="1006657177" visible="true" version="1" changeset="6467303" timestamp="2010-11-27T07:33:07Z" user="shafr" uid="261620" lat="55.7614607" lon="48.6979346"/>
 <node id="1006657182" visible="true" version="1" changeset="6467303" timestamp="2010-11-27T07:33:07Z" user="shafr" uid="261620" lat="55.7616780" lon="48.6983208"/>
 <node id="1006657189" visible="true" version="1" changeset="6467303" timestamp="2010-11-27T07:33:07Z" user="shafr" uid="261620" lat="55.7617505" lon="48.6991791"/>
 <node id="1006657194" visible="true" version="1" changeset="6467303" timestamp="2010-11-27T07:33:07Z" user="shafr" uid="261620" lat="55.7620885" lon="48.7003808"/>
 <node id="1006657197" visible="true" version="1" changeset="6467303" timestamp="2010-11-27T07:33:08Z" user="shafr" uid="261620" lat="55.7620885" lon="48.7014537"/>
 <node id="1006657203" visible="true" version="1" changeset="6467303" timestamp="2010-11-27T07:33:08Z" user="shafr" uid="261620" lat="55.7620644" lon="48.7023549"/>
 <node id="1006657207" visible="true" version="1" changeset="6467303" timestamp="2010-11-27T07:33:08Z" user="shafr" uid="261620" lat="55.7624265" lon="48.7029557"/>
 <node id="1006657211" visible="true" version="1" changeset="6467303" timestamp="2010-11-27T07:33:08Z" user="shafr" uid="261620" lat="55.7625714" lon="48.7036853"/>
 <node id="1006657217" visible="true" version="1" changeset="6467303" timestamp="2010-11-27T07:33:08Z" user="shafr" uid="261620" lat="55.7625473" lon="48.7045865"/>
 <node id="1006657221" visible="true" version="1" changeset="6467303" timestamp="2010-11-27T07:33:08Z" user="shafr" uid="261620" lat="55.7627887" lon="48.7054877"/>
 <node id="1006657225" visible="true" version="1" changeset="6467303" timestamp="2010-11-27T07:33:08Z" user="shafr" uid="261620" lat="55.7624024" lon="48.7056164"/>
 <node id="1006657232" visible="true" version="1" changeset="6467303" timestamp="2010-11-27T07:33:08Z" user="shafr" uid="261620" lat="55.7622334" lon="48.7046723"/>
 <node id="1006657258" visible="true" version="1" changeset="6467303" timestamp="2010-11-27T07:33:08Z" user="shafr" uid="261620" lat="55.7620161" lon="48.7120537"/>
 <node id="1006657283" visible="true" version="1" changeset="6467303" timestamp="2010-11-27T07:33:08Z" user="shafr" uid="261620" lat="55.7608571" lon="48.7154870"/>
 <node id="1006657352" visible="true" version="1" changeset="6467303" timestamp="2010-11-27T07:33:10Z" user="shafr" uid="261620" lat="55.7613641" lon="48.7244563"/>
 <node id="1006657356" visible="true" version="1" changeset="6467303" timestamp="2010-11-27T07:33:10Z" user="shafr" uid="261620" lat="55.7610744" lon="48.7267308"/>
 <node id="1006657362" visible="true" version="1" changeset="6467303" timestamp="2010-11-27T07:33:10Z" user="shafr" uid="261620" lat="55.7613400" lon="48.7267737"/>
 <node id="1006657366" visible="true" version="1" changeset="6467303" timestamp="2010-11-27T07:33:10Z" user="shafr" uid="261620" lat="55.7617746" lon="48.7256150"/>
 <node id="1006657370" visible="true" version="1" changeset="6467303" timestamp="2010-11-27T07:33:10Z" user="shafr" uid="261620" lat="55.7625956" lon="48.7244134"/>
 <node id="1006657375" visible="true" version="1" changeset="6467303" timestamp="2010-11-27T07:33:10Z" user="shafr" uid="261620" lat="55.7626921" lon="48.7231688"/>
 <node id="1006657387" visible="true" version="1" changeset="6467303" timestamp="2010-11-27T07:33:10Z" user="shafr" uid="261620" lat="55.7625231" lon="48.7217955"/>
 <node id="1006657392" visible="true" version="1" changeset="6467303" timestamp="2010-11-27T07:33:10Z" user="shafr" uid="261620" lat="55.7627163" lon="48.7210231"/>
 <node id="1006657396" visible="true" version="1" changeset="6467303" timestamp="2010-11-27T07:33:10Z" user="shafr" uid="261620" lat="55.7626438" lon="48.7187056"/>
 <node id="1006657400" visible="true" version="1" changeset="6467303" timestamp="2010-11-27T07:33:10Z" user="shafr" uid="261620" lat="55.7627163" lon="48.7164740"/>
 <node id="1006657403" visible="true" version="1" changeset="6467303" timestamp="2010-11-27T07:33:10Z" user="shafr" uid="261620" lat="55.7632233" lon="48.7173752"/>
 <node id="1006657405" visible="true" version="1" changeset="6467303" timestamp="2010-11-27T07:33:10Z" user="shafr" uid="261620" lat="55.7641408" lon="48.7180190"/>
 <node id="1006657408" visible="true" version="1" changeset="6467303" timestamp="2010-11-27T07:33:11Z" user="shafr" uid="261620" lat="55.7643823" lon="48.7178044"/>
 <node id="1006657414" visible="true" version="1" changeset="6467303" timestamp="2010-11-27T07:33:11Z" user="shafr" uid="261620" lat="55.7640442" lon="48.7171178"/>
 <node id="1006657417" visible="true" version="1" changeset="6467303" timestamp="2010-11-27T07:33:11Z" user="shafr" uid="261620" lat="55.7634889" lon="48.7166886"/>
 <node id="1006657423" visible="true" version="1" changeset="6467303" timestamp="2010-11-27T07:33:11Z" user="shafr" uid="261620" lat="55.7630060" lon="48.7157015"/>
 <node id="1006657426" visible="true" version="1" changeset="6467303" timestamp="2010-11-27T07:33:11Z" user="shafr" uid="261620" lat="55.7639477" lon="48.7143283"/>
 <node id="1006657430" visible="true" version="1" changeset="6467303" timestamp="2010-11-27T07:33:11Z" user="shafr" uid="261620" lat="55.7637304" lon="48.7133412"/>
 <node id="1006657431" visible="true" version="1" changeset="6467303" timestamp="2010-11-27T07:33:11Z" user="shafr" uid="261620" lat="55.7640925" lon="48.7126546"/>
 <node id="1006657433" visible="true" version="1" changeset="6467303" timestamp="2010-11-27T07:33:11Z" user="shafr" uid="261620" lat="55.7646720" lon="48.7126116"/>
 <node id="1006657435" visible="true" version="1" changeset="6467303" timestamp="2010-11-27T07:33:11Z" user="shafr" uid="261620" lat="55.7652031" lon="48.7132125"/>
 <node id="1006657438" visible="true" version="1" changeset="6467303" timestamp="2010-11-27T07:33:11Z" user="shafr" uid="261620" lat="55.7656377" lon="48.7132125"/>
 <node id="1006657444" visible="true" version="2" changeset="9579647" timestamp="2011-10-17T08:39:16Z" user="shafr" uid="261620" lat="55.7664319" lon="48.7152619"/>
 <node id="1006697547" visible="true" version="1" changeset="6467303" timestamp="2010-11-27T07:52:10Z" user="shafr" uid="261620" lat="55.7645754" lon="48.7297349"/>
 <node id="1006697551" visible="true" version="1" changeset="6467303" timestamp="2010-11-27T07:52:10Z" user="shafr" uid="261620" lat="55.7650945" lon="48.7310009"/>
 <node id="1006697554" visible="true" version="1" changeset="6467303" timestamp="2010-11-27T07:52:10Z" user="shafr" uid="261620" lat="55.7653963" lon="48.7323527"/>
 <node id="1006697558" visible="true" version="1" changeset="6467303" timestamp="2010-11-27T07:52:10Z" user="shafr" uid="261620" lat="55.7664707" lon="48.7335758"/>
 <node id="1006697561" visible="true" version="1" changeset="6467303" timestamp="2010-11-27T07:52:10Z" user="shafr" uid="261620" lat="55.7679071" lon="48.7336616"/>
 <node id="1006697565" visible="true" version="2" changeset="111944385" timestamp="2021-10-01T05:14:36Z" user="misha yakin" uid="384109" lat="55.7683839" lon="48.7337367"/>
 <node id="1006697568" visible="true" version="2" changeset="111944385" timestamp="2021-10-01T05:14:36Z" user="misha yakin" uid="384109" lat="55.7688789" lon="48.7346594"/>
 <node id="1006697570" visible="true" version="1" changeset="6467303" timestamp="2010-11-27T07:52:10Z" user="shafr" uid="261620" lat="55.7695125" lon="48.7354426"/>
 <node id="1006697572" visible="true" version="1" changeset="6467303" timestamp="2010-11-27T07:52:10Z" user="shafr" uid="261620" lat="55.7695970" lon="48.7362365"/>
 <node id="1006697574" visible="true" version="2" changeset="111944385" timestamp="2021-10-01T05:14:36Z" user="misha yakin" uid="384109" lat="55.7694703" lon="48.7369018"/>
 <node id="1006697766" visible="true" version="1" changeset="6467303" timestamp="2010-11-27T07:52:16Z" user="shafr" uid="261620" lat="55.7623420" lon="48.7261514"/>
 <node id="1006697769" visible="true" version="1" changeset="6467303" timestamp="2010-11-27T07:52:16Z" user="shafr" uid="261620" lat="55.7626680" lon="48.7266879"/>
 <node id="1006697770" visible="true" version="1" changeset="6467303" timestamp="2010-11-27T07:52:16Z" user="shafr" uid="261620" lat="55.7632475" lon="48.7261300"/>
 <node id="1006697771" visible="true" version="1" changeset="6467303" timestamp="2010-11-27T07:52:16Z" user="shafr" uid="261620" lat="55.7637304" lon="48.7263660"/>
 <node id="1006697772" visible="true" version="1" changeset="6467303" timestamp="2010-11-27T07:52:16Z" user="shafr" uid="261620" lat="55.7639235" lon="48.7261300"/>
 <node id="1006697774" visible="true" version="1" changeset="6467303" timestamp="2010-11-27T07:52:16Z" user="shafr" uid="261620" lat="55.7641167" lon="48.7256365"/>
 <node id="1006697776" visible="true" version="1" changeset="6467303" timestamp="2010-11-27T07:52:16Z" user="shafr" uid="261620" lat="55.7647565" lon="48.7257652"/>
 <node id="1006697779" visible="true" version="1" changeset="6467303" timestamp="2010-11-27T07:52:16Z" user="shafr" uid="261620" lat="55.7649859" lon="48.7257008"/>
 <node id="1006697782" visible="true" version="1" changeset="6467303" timestamp="2010-11-27T07:52:16Z" user="shafr" uid="261620" lat="55.7651186" lon="48.7255077"/>
 <node id="1006697785" visible="true" version="1" changeset="6467303" timestamp="2010-11-27T07:52:16Z" user="shafr" uid="261620" lat="55.7657222" lon="48.7254648"/>
 <node id="1006697787" visible="true" version="1" changeset="6467303" timestamp="2010-11-27T07:52:16Z" user="shafr" uid="261620" lat="55.7662292" lon="48.7257867"/>
 <node id="1006697790" visible="true" version="1" changeset="6467303" timestamp="2010-11-27T07:52:16Z" user="shafr" uid="261620" lat="55.7659637" lon="48.7263016"/>
 <node id="1006697792" visible="true" version="1" changeset="6467303" timestamp="2010-11-27T07:52:16Z" user="shafr" uid="261620" lat="55.7658912" lon="48.7267523"/>
 <node id="1006697801" visible="true" version="1" changeset="6467303" timestamp="2010-11-27T07:52:16Z" user="shafr" uid="261620" lat="55.7649255" lon="48.7274174"/>
 <node id="1006697804" visible="true" version="1" changeset="6467303" timestamp="2010-11-27T07:52:17Z" user="shafr" uid="261620" lat="55.7640322" lon="48.7275891"/>
 <node id="1006697806" visible="true" version="1" changeset="6467303" timestamp="2010-11-27T07:52:17Z" user="shafr" uid="261620" lat="55.7631147" lon="48.7279324"/>
 <node id="1006697808" visible="true" version="1" changeset="6467303" timestamp="2010-11-27T07:52:17Z" user="shafr" uid="261620" lat="55.7636700" lon="48.7282972"/>
 <node id="1006697811" visible="true" version="1" changeset="6467303" timestamp="2010-11-27T07:52:17Z" user="shafr" uid="261620" lat="55.7638752" lon="48.7288551"/>
 <node id="1006697815" visible="true" version="1" changeset="6467303" timestamp="2010-11-27T07:52:17Z" user="shafr" uid="261620" lat="55.7642736" lon="48.7290482"/>
 <node id="1006697819" visible="true" version="1" changeset="6467303" timestamp="2010-11-27T07:52:17Z" user="shafr" uid="261620" lat="55.7642615" lon="48.7284903"/>
 <node id="1006697822" visible="true" version="1" changeset="6467303" timestamp="2010-11-27T07:52:17Z" user="shafr" uid="261620" lat="55.7645150" lon="48.7282972"/>
 <node id="1006697825" visible="true" version="1" changeset="6467303" timestamp="2010-11-27T07:52:17Z" user="shafr" uid="261620" lat="55.7646841" lon="48.7284903"/>
 <node id="1006697827" visible="true" version="1" changeset="6467303" timestamp="2010-11-27T07:52:17Z" user="shafr" uid="261620" lat="55.7652394" lon="48.7283401"/>
 <node id="1006697828" visible="true" version="1" changeset="6467303" timestamp="2010-11-27T07:52:17Z" user="shafr" uid="261620" lat="55.7655049" lon="48.7284259"/>
 <node id="1006697830" visible="true" version="1" changeset="6467303" timestamp="2010-11-27T07:52:17Z" user="shafr" uid="261620" lat="55.7653239" lon="48.7289409"/>
 <node id="1006697832" visible="true" version="1" changeset="6467303" timestamp="2010-11-27T07:52:17Z" user="shafr" uid="261620" lat="55.7649859" lon="48.7295417"/>
 <node id="1006700235" visible="true" version="2" changeset="14159116" timestamp="2012-12-05T01:27:21Z" user="misha yakin" uid="384109" lat="55.7766381" lon="48.7071035"/>
 <node id="1118306421" visible="true" version="2" changeset="95136288" timestamp="2020-12-02T07:16:50Z" user="EarlOMeath" uid="11187534" lat="55.7729735" lon="48.6880267"/>
 <node id="1455692874" visible="true" version="2" changeset="95136288" timestamp="2020-12-02T07:16:50Z" user="EarlOMeath" uid="11187534" lat="55.7706712" lon="48.6863261"/>
 <node id="1455692887" visible="true" version="2" changeset="95136288" timestamp="2020-12-02T07:16:50Z" user="EarlOMeath" uid="11187534" lat="55.7766696" lon="48.6914223"/>
 <node id="1455693979" visible="true" version="1" changeset="9475214" timestamp="2011-10-05T06:11:09Z" user="shafr" uid="261620" lat="55.7631992" lon="48.6870180"/>
 <node id="1455693989" visible="true" version="1" changeset="9475214" timestamp="2011-10-05T06:11:10Z" user="shafr" uid="261620" lat="55.7626680" lon="48.6872540"/>
 <node id="1455694019" visible="true" version="2" changeset="13927687" timestamp="2012-11-19T05:08:39Z" user="AHTOH" uid="204562" lat="55.7638572" lon="48.6871145"/>
 <node id="1455694054" visible="true" version="1" changeset="9475214" timestamp="2011-10-05T06:11:12Z" user="shafr" uid="261620" lat="55.7625050" lon="48.6878119"/>
 <node id="1470634476" visible="true" version="2" changeset="134503756" timestamp="2023-04-04T16:24:32Z" user="CometSeeker" uid="231327" lat="55.7691656" lon="48.7112828"/>
 <node id="1470634477" visible="true" version="2" changeset="134503756" timestamp="2023-04-04T16:24:32Z" user="CometSeeker" uid="231327" lat="55.7686707" lon="48.7120161"/>
 <node id="1470634478" visible="true" version="2" changeset="134503756" timestamp="2023-04-04T16:24:32Z" user="CometSeeker" uid="231327" lat="55.7683583" lon="48.7125606"/>
 <node id="1470634479" visible="true" version="2" changeset="134503756" timestamp="2023-04-04T16:24:32Z" user="CometSeeker" uid="231327" lat="55.7677231" lon="48.7137918"/>
 <node id="1470634480" visible="true" version="2" changeset="134503756" timestamp="2023-04-04T16:24:32Z" user="CometSeeker" uid="231327" lat="55.7674893" lon="48.7141485"/>
 <node id="1470634481" visible="true" version="1" changeset="9579647" timestamp="2011-10-17T08:39:14Z" user="shafr" uid="261620" lat="55.7675212" lon="48.7141713"/>
 <node id="1470634482" visible="true" version="2" changeset="134503756" timestamp="2023-04-04T16:24:32Z" user="CometSeeker" uid="231327" lat="55.7670592" lon="48.7146313"/>
 <node id="1470634483" visible="true" version="1" changeset="9579647" timestamp="2011-10-17T08:39:15Z" user="shafr" uid="261620" lat="55.7678942" lon="48.7128699"/>
 <node id="1470634484" visible="true" version="1" changeset="9579647" timestamp="2011-10-17T08:39:15Z" user="shafr" uid="261620" lat="55.7675875" lon="48.7139366"/>
 <node id="1470634485" visible="true" version="1" changeset="9579647" timestamp="2011-10-17T08:39:15Z" user="shafr" uid="261620" lat="55.7677774" lon="48.7132041"/>
 <node id="1470634486" visible="true" version="1" changeset="9579647" timestamp="2011-10-17T08:39:15Z" user="shafr" uid="261620" lat="55.7670450" lon="48.7145726"/>
 <node id="1470634487" visible="true" version="1" changeset="9579647" timestamp="2011-10-17T08:39:15Z" user="shafr" uid="261620" lat="55.7662984" lon="48.7151626"/>
 <node id="1470634488" visible="true" version="1" changeset="9579647" timestamp="2011-10-17T08:39:15Z" user="shafr" uid="261620" lat="55.7659227" lon="48.7134726"/>
 <node id="1470634489" visible="true" version="1" changeset="9579647" timestamp="2011-10-17T08:39:15Z" user="shafr" uid="261620" lat="55.7661329" lon="48.7145436"/>
 <node id="1470634493" visible="true" version="3" changeset="134503756" timestamp="2023-04-04T16:24:32Z" user="CometSeeker" uid="231327" lat="55.7692530" lon="48.7112210"/>
 <node id="1470634494" visible="true" version="2" changeset="134503756" timestamp="2023-04-04T16:24:32Z" user="CometSeeker" uid="231327" lat="55.7704586" lon="48.7100246"/>
 <node id="1470634495" visible="true" version="2" changeset="134503756" timestamp="2023-04-04T16:24:32Z" user="CometSeeker" uid="231327" lat="55.7704396" lon="48.7104382"/>
 <node id="1470634496" visible="true" version="2" changeset="134503756" timestamp="2023-04-04T16:24:32Z" user="CometSeeker" uid="231327" lat="55.7703973" lon="48.7107381"/>
 <node id="1470634498" visible="true" version="2" changeset="134503756" timestamp="2023-04-04T16:24:32Z" user="CometSeeker" uid="231327" lat="55.7703487" lon="48.7108780"/>
 <node id="1470634499" visible="true" version="2" changeset="134503756" timestamp="2023-04-04T16:24:32Z" user="CometSeeker" uid="231327" lat="55.7702969" lon="48.7109728"/>
 <node id="1470634500" visible="true" version="2" changeset="134503756" timestamp="2023-04-04T16:24:32Z" user="CometSeeker" uid="231327" lat="55.7695313" lon="48.7111036"/>
 <node id="1470635312" visible="true" version="2" changeset="134503756" timestamp="2023-04-04T16:24:32Z" user="CometSeeker" uid="231327" lat="55.7667272" lon="48.7151275"/>
 <node id="1470635313" visible="true" version="2" changeset="134503756" timestamp="2023-04-04T16:24:32Z" user="CometSeeker" uid="231327" lat="55.7664707" lon="48.7153770"/>
 <node id="1470635314" visible="true" version="2" changeset="134503756" timestamp="2023-04-04T16:24:32Z" user="CometSeeker" uid="231327" lat="55.7665779" lon="48.7153126"/>
 <node id="1470635315" visible="true" version="2" changeset="134503756" timestamp="2023-04-04T16:24:32Z" user="CometSeeker" uid="231327" lat="55.7659818" lon="48.7155969"/>
 <node id="1470635316" visible="true" version="2" changeset="134503756" timestamp="2023-04-04T16:24:32Z" user="CometSeeker" uid="231327" lat="55.7653752" lon="48.7161897"/>
 <node id="1470635317" visible="true" version="2" changeset="134503756" timestamp="2023-04-04T16:24:32Z" user="CometSeeker" uid="231327" lat="55.7651368" lon="48.7165196"/>
 <node id="1470635318" visible="true" version="2" changeset="134503756" timestamp="2023-04-04T16:24:32Z" user="CometSeeker" uid="231327" lat="55.7657630" lon="48.7157498"/>
 <node id="1470635319" visible="true" version="1" changeset="9579647" timestamp="2011-10-17T08:44:23Z" user="shafr" uid="261620" lat="55.7646147" lon="48.7179063"/>
 <node id="1470635320" visible="true" version="2" changeset="134503756" timestamp="2023-04-04T16:24:32Z" user="CometSeeker" uid="231327" lat="55.7643257" lon="48.7182775"/>
 <node id="1470635321" visible="true" version="2" changeset="134503756" timestamp="2023-04-04T16:24:32Z" user="CometSeeker" uid="231327" lat="55.7638542" lon="48.7193413"/>
 <node id="1470635322" visible="true" version="2" changeset="134503756" timestamp="2023-04-04T16:24:32Z" user="CometSeeker" uid="231327" lat="55.7636006" lon="48.7200976"/>
 <node id="1470635323" visible="true" version="2" changeset="134503756" timestamp="2023-04-04T16:24:32Z" user="CometSeeker" uid="231327" lat="55.7634000" lon="48.7206073"/>
 <node id="1470635325" visible="true" version="2" changeset="134503756" timestamp="2023-04-04T16:24:32Z" user="CometSeeker" uid="231327" lat="55.7628823" lon="48.7222702"/>
 <node id="1470635326" visible="true" version="2" changeset="134503756" timestamp="2023-04-04T16:24:32Z" user="CometSeeker" uid="231327" lat="55.7628371" lon="48.7226162"/>
 <node id="1470635327" visible="true" version="2" changeset="134503756" timestamp="2023-04-04T16:24:32Z" user="CometSeeker" uid="231327" lat="55.7628137" lon="48.7243956"/>
 <node id="2050759794" visible="true" version="1" changeset="14159116" timestamp="2012-12-05T01:27:02Z" user="misha yakin" uid="384109" lat="55.7760672" lon="48.7061480"/>
 <node id="2050759805" visible="true" version="1" changeset="14159116" timestamp="2012-12-05T01:27:02Z" user="misha yakin" uid="384109" lat="55.7763326" lon="48.7069941"/>
 <node id="2050759809" visible="true" version="1" changeset="14159116" timestamp="2012-12-05T01:27:02Z" user="misha yakin" uid="384109" lat="55.7763672" lon="48.7063121"/>
 <node id="2050759813" visible="true" version="1" changeset="14159116" timestamp="2012-12-05T01:27:02Z" user="misha yakin" uid="384109" lat="55.7764710" lon="48.7071634"/>
 <node id="2050759818" visible="true" version="1" changeset="14159116" timestamp="2012-12-05T01:27:02Z" user="misha yakin" uid="384109" lat="55.7765431" lon="48.7052608"/>
 <node id="2050759822" visible="true" version="1" changeset="14159116" timestamp="2012-12-05T01:27:03Z" user="misha yakin" uid="384109" lat="55.7766642" lon="48.7059839"/>
 <node id="2050759824" visible="true" version="1" changeset="14159116" timestamp="2012-12-05T01:27:03Z" user="misha yakin" uid="384109" lat="55.7766960" lon="48.7055480"/>
 <node id="2050759826" visible="true" version="1" changeset="14159116" timestamp="2012-12-05T01:27:03Z" user="misha yakin" uid="384109" lat="55.7767248" lon="48.7079428"/>
 <node id="2050759828" visible="true" version="1" changeset="14159116" timestamp="2012-12-05T01:27:03Z" user="misha yakin" uid="384109" lat="55.7767421" lon="48.7081582"/>
 <node id="2050759829" visible="true" version="1" changeset="14159116" timestamp="2012-12-05T01:27:03Z" user="misha yakin" uid="384109" lat="55.7767969" lon="48.7077685"/>
 <node id="2050759845" visible="true" version="2" changeset="111944385" timestamp="2021-10-01T05:14:36Z" user="misha yakin" uid="384109" lat="55.7777764" lon="48.7068458"/>
 <node id="2050759848" visible="true" version="1" changeset="14159116" timestamp="2012-12-05T01:27:03Z" user="misha yakin" uid="384109" lat="55.7780658" lon="48.7159730"/>
 <node id="2050759850" visible="true" version="1" changeset="14159116" timestamp="2012-12-05T01:27:03Z" user="misha yakin" uid="384109" lat="55.7783971" lon="48.7086214"/>
 <node id="2050759852" visible="true" version="1" changeset="14159116" timestamp="2012-12-05T01:27:03Z" user="misha yakin" uid="384109" lat="55.7787504" lon="48.7100453"/>
 <node id="2050759854" visible="true" version="1" changeset="14159116" timestamp="2012-12-05T01:27:03Z" user="misha yakin" uid="384109" lat="55.7788877" lon="48.7146909"/>
 <node id="2050759867" visible="true" version="2" changeset="111944385" timestamp="2021-10-01T05:14:36Z" user="misha yakin" uid="384109" lat="55.7795791" lon="48.7144097"/>
 <node id="2050759872" visible="true" version="2" changeset="111944385" timestamp="2021-10-01T05:14:36Z" user="misha yakin" uid="384109" lat="55.7797400" lon="48.7141212"/>
 <node id="3536390774" visible="true" version="2" changeset="49297050" timestamp="2017-06-06T07:47:52Z" user="NeoChapay" uid="96925" lat="55.7613569" lon="48.7243350"/>
 <node id="3590831263" visible="true" version="1" changeset="31933817" timestamp="2015-06-12T22:45:13Z" user="dbanisimov" uid="2963812" lat="55.7680854" lon="48.6941002"/>
 <node id="3590831266" visible="true" version="1" changeset="31933817" timestamp="2015-06-12T22:45:13Z" user="dbanisimov" uid="2963812" lat="55.7696735" lon="48.6905535"/>
 <node id="3590831267" visible="true" version="1" changeset="31933817" timestamp="2015-06-12T22:45:13Z" user="dbanisimov" uid="2963812" lat="55.7704999" lon="48.6866287"/>
 <node id="3590831270" visible="true" version="1" changeset="31933817" timestamp="2015-06-12T22:45:13Z" user="dbanisimov" uid="2963812" lat="55.7775022" lon="48.6984006"/>
 <node id="3590831271" visible="true" version="1" changeset="31933817" timestamp="2015-06-12T22:45:13Z" user="dbanisimov" uid="2963812" lat="55.7777318" lon="48.6974749"/>
 <node id="3590831272" visible="true" version="1" changeset="31933817" timestamp="2015-06-12T22:45:13Z" user="dbanisimov" uid="2963812" lat="55.7779723" lon="48.6931335"/>
 <node id="3590831273" visible="true" version="1" changeset="31933817" timestamp="2015-06-12T22:45:13Z" user="dbanisimov" uid="2963812" lat="55.7782621" lon="48.6957866"/>
 <node id="3590831274" visible="true" version="1" changeset="31933817" timestamp="2015-06-12T22:45:13Z" user="dbanisimov" uid="2963812" lat="55.7783347" lon="48.6947766"/>
 <node id="3600600122" visible="true" version="1" changeset="32030933" timestamp="2015-06-17T14:40:47Z" user="dbanisimov" uid="2963812" lat="55.7617680" lon="48.6878431"/>
 <node id="3600600123" visible="true" version="1" changeset="32030933" timestamp="2015-06-17T14:40:47Z" user="dbanisimov" uid="2963812" lat="55.7620406" lon="48.6900685"/>
 <node id="3600600124" visible="true" version="1" changeset="32030933" timestamp="2015-06-17T14:40:47Z" user="dbanisimov" uid="2963812" lat="55.7620704" lon="48.6906283"/>
 <node id="3600600125" visible="true" version="1" changeset="32030933" timestamp="2015-06-17T14:40:47Z" user="dbanisimov" uid="2963812" lat="55.7622747" lon="48.6887748"/>
 <node id="3600600126" visible="true" version="1" changeset="32030933" timestamp="2015-06-17T14:40:47Z" user="dbanisimov" uid="2963812" lat="55.7622832" lon="48.6884268"/>
 <node id="3600600127" visible="true" version="1" changeset="32030933" timestamp="2015-06-17T14:40:47Z" user="dbanisimov" uid="2963812" lat="55.7623215" lon="48.6910293"/>
 <node id="3600600129" visible="true" version="1" changeset="32030933" timestamp="2015-06-17T14:40:47Z" user="dbanisimov" uid="2963812" lat="55.7625428" lon="48.6914983"/>
 <node id="4899003829" visible="true" version="1" changeset="49297050" timestamp="2017-06-06T07:47:52Z" user="NeoChapay" uid="96925" lat="55.7611346" lon="48.7226366"/>
 <node id="4899003830" visible="true" version="2" changeset="49302286" timestamp="2017-06-06T11:23:47Z" user="NeoChapay" uid="96925" lat="55.7602776" lon="48.7167744"/>
 <node id="4899003831" visible="true" version="2" changeset="49302286" timestamp="2017-06-06T11:23:47Z" user="NeoChapay" uid="96925" lat="55.7610165" lon="48.7151306"/>
 <node id="4899003832" visible="true" version="2" changeset="49302286" timestamp="2017-06-06T11:23:47Z" user="NeoChapay" uid="96925" lat="55.7616056" lon="48.7138133"/>
 <node id="4899003833" visible="true" version="1" changeset="49297050" timestamp="2017-06-06T07:47:52Z" user="NeoChapay" uid="96925" lat="55.7624024" lon="48.7102513"/>
 <node id="4899003834" visible="true" version="1" changeset="49297050" timestamp="2017-06-06T07:47:52Z" user="NeoChapay" uid="96925" lat="55.7619678" lon="48.7057881"/>
 <node id="4899003835" visible="true" version="1" changeset="49297050" timestamp="2017-06-06T07:47:52Z" user="NeoChapay" uid="96925" lat="55.7623058" lon="48.7079339"/>
 <node id="4899003836" visible="true" version="1" changeset="49297050" timestamp="2017-06-06T07:47:52Z" user="NeoChapay" uid="96925" lat="55.7619195" lon="48.7036853"/>
 <node id="4899504123" visible="true" version="1" changeset="49302286" timestamp="2017-06-06T11:23:47Z" user="NeoChapay" uid="96925" lat="55.7596014" lon="48.7176757"/>
 <node id="4899504125" visible="true" version="1" changeset="49302286" timestamp="2017-06-06T11:23:47Z" user="NeoChapay" uid="96925" lat="55.7586597" lon="48.7180190"/>
 <node id="4899504126" visible="true" version="1" changeset="49302286" timestamp="2017-06-06T11:23:47Z" user="NeoChapay" uid="96925" lat="55.7586597" lon="48.7189202"/>
 <node id="4899504127" visible="true" version="1" changeset="49302286" timestamp="2017-06-06T11:23:47Z" user="NeoChapay" uid="96925" lat="55.7594324" lon="48.7187056"/>
 <node id="4899504128" visible="true" version="1" changeset="49302286" timestamp="2017-06-06T11:23:47Z" user="NeoChapay" uid="96925" lat="55.7602534" lon="48.7178044"/>
 <node id="4899504129" visible="true" version="1" changeset="49302286" timestamp="2017-06-06T11:23:47Z" user="NeoChapay" uid="96925" lat="55.7606639" lon="48.7184481"/>
 <node id="4899504130" visible="true" version="1" changeset="49302286" timestamp="2017-06-06T11:23:47Z" user="NeoChapay" uid="96925" lat="55.7606880" lon="48.7192635"/>
 <node id="4899504131" visible="true" version="1" changeset="49302286" timestamp="2017-06-06T11:23:47Z" user="NeoChapay" uid="96925" lat="55.7601568" lon="48.7197356"/>
 <node id="4899504132" visible="true" version="1" changeset="49302286" timestamp="2017-06-06T11:23:47Z" user="NeoChapay" uid="96925" lat="55.7606639" lon="48.7200789"/>
 <node id="4899504133" visible="true" version="1" changeset="49302286" timestamp="2017-06-06T11:23:47Z" user="NeoChapay" uid="96925" lat="55.7608329" lon="48.7206797"/>
 <node id="4899504134" visible="true" version="1" changeset="49302286" timestamp="2017-06-06T11:23:47Z" user="NeoChapay" uid="96925" lat="55.7605432" lon="48.7217955"/>
 <node id="4899504135" visible="true" version="1" changeset="49302286" timestamp="2017-06-06T11:23:47Z" user="NeoChapay" uid="96925" lat="55.7612675" lon="48.7228255"/>
 <node id="7589002213" visible="true" version="2" changeset="134503756" timestamp="2023-04-04T16:24:32Z" user="CometSeeker" uid="231327" lat="55.7627804" lon="48.7247697"/>
 <node id="7589002214" visible="true" version="2" changeset="134503756" timestamp="2023-04-04T16:24:32Z" user="CometSeeker" uid="231327" lat="55.7627478" lon="48.7250103"/>
 <node id="7589002215" visible="true" version="2" changeset="134503756" timestamp="2023-04-04T16:24:32Z" user="CometSeeker" uid="231327" lat="55.7626595" lon="48.7252795"/>
 <node id="7589002216" visible="true" version="2" changeset="134503756" timestamp="2023-04-04T16:24:32Z" user="CometSeeker" uid="231327" lat="55.7625466" lon="48.7258345"/>
 <node id="7589002217" visible="true" version="3" changeset="156826163" timestamp="2024-09-19T15:24:35Z" user="Tim Apelov" uid="10074340" lat="55.7622057" lon="48.7260483"/>
 <node id="7589002218" visible="true" version="3" changeset="156826163" timestamp="2024-09-19T15:24:35Z" user="Tim Apelov" uid="10074340" lat="55.7620460" lon="48.7263391"/>
 <node id="7589002219" visible="true" version="2" changeset="156826163" timestamp="2024-09-19T15:24:35Z" user="Tim Apelov" uid="10074340" lat="55.7619610" lon="48.7264793"/>
 <node id="7589002220" visible="true" version="3" changeset="156826163" timestamp="2024-09-19T15:24:35Z" user="Tim Apelov" uid="10074340" lat="55.7618029" lon="48.7264656"/>
 <node id="7589002221" visible="true" version="2" changeset="134503756" timestamp="2023-04-04T16:24:32Z" user="CometSeeker" uid="231327" lat="55.7616167" lon="48.7266816"/>
 <node id="7589002234" visible="true" version="2" changeset="156826163" timestamp="2024-09-19T15:24:35Z" user="Tim Apelov" uid="10074340" lat="55.7618820" lon="48.7264783">
  <tag k="ford" v="yes"/>
 </node>
 <node id="7964531160" visible="true" version="2" changeset="111944385" timestamp="2021-10-01T05:14:36Z" user="misha yakin" uid="384109" lat="55.7667226" lon="48.7178182"/>
 <node id="7964531161" visible="true" version="2" changeset="111944385" timestamp="2021-10-01T05:14:36Z" user="misha yakin" uid="384109" lat="55.7666959" lon="48.7199599"/>
 <node id="7964531162" visible="true" version="2" changeset="111944385" timestamp="2021-10-01T05:14:36Z" user="misha yakin" uid="384109" lat="55.7676326" lon="48.7213319"/>
 <node id="7964531163" visible="true" version="2" changeset="111944385" timestamp="2021-10-01T05:14:36Z" user="misha yakin" uid="384109" lat="55.7691029" lon="48.7221564"/>
 <node id="7964531164" visible="true" version="2" changeset="111944385" timestamp="2021-10-01T05:14:36Z" user="misha yakin" uid="384109" lat="55.7704254" lon="48.7234182"/>
 <node id="7964531165" visible="true" version="2" changeset="111944385" timestamp="2021-10-01T05:14:36Z" user="misha yakin" uid="384109" lat="55.7704167" lon="48.7187287"/>
 <node id="7964531166" visible="true" version="2" changeset="111944385" timestamp="2021-10-01T05:14:36Z" user="misha yakin" uid="384109" lat="55.7704164" lon="48.7173050"/>
 <node id="7964531167" visible="true" version="2" changeset="111944385" timestamp="2021-10-01T05:14:36Z" user="misha yakin" uid="384109" lat="55.7692737" lon="48.7159365"/>
 <node id="7964531168" visible="true" version="2" changeset="111944385" timestamp="2021-10-01T05:14:36Z" user="misha yakin" uid="384109" lat="55.7685945" lon="48.7149255"/>
 <node id="7964531169" visible="true" version="2" changeset="111944385" timestamp="2021-10-01T05:14:36Z" user="misha yakin" uid="384109" lat="55.7680120" lon="48.7155641"/>
 <node id="7964531170" visible="true" version="2" changeset="111944385" timestamp="2021-10-01T05:14:36Z" user="misha yakin" uid="384109" lat="55.7677888" lon="48.7175580"/>
 <node id="9136759467" visible="true" version="1" changeset="111944385" timestamp="2021-10-01T05:14:35Z" user="misha yakin" uid="384109" lat="55.7664344" lon="48.7180674"/>
 <node id="9136759468" visible="true" version="1" changeset="111944385" timestamp="2021-10-01T05:14:35Z" user="misha yakin" uid="384109" lat="55.7661024" lon="48.7169945"/>
 <node id="9136759469" visible="true" version="1" changeset="111944385" timestamp="2021-10-01T05:14:35Z" user="misha yakin" uid="384109" lat="55.7659032" lon="48.7171554"/>
 <node id="9136759470" visible="true" version="1" changeset="111944385" timestamp="2021-10-01T05:14:35Z" user="misha yakin" uid="384109" lat="55.7666698" lon="48.7192798"/>
 <node id="9136759471" visible="true" version="1" changeset="111944385" timestamp="2021-10-01T05:14:35Z" user="misha yakin" uid="384109" lat="55.7662292" lon="48.7191939"/>
 <node id="9136759472" visible="true" version="1" changeset="111944385" timestamp="2021-10-01T05:14:35Z" user="misha yakin" uid="384109" lat="55.7697780" lon="48.7152886"/>
 <node id="9136759473" visible="true" version="1" changeset="111944385" timestamp="2021-10-01T05:14:35Z" user="misha yakin" uid="384109" lat="55.7696814" lon="48.7160504"/>
 <node id="9136759474" visible="true" version="1" changeset="111944385" timestamp="2021-10-01T05:14:35Z" user="misha yakin" uid="384109" lat="55.7695668" lon="48.7153530"/>
 <node id="9136759475" visible="true" version="1" changeset="111944385" timestamp="2021-10-01T05:14:35Z" user="misha yakin" uid="384109" lat="55.7695728" lon="48.7162542"/>
 <node id="9136759476" visible="true" version="1" changeset="111944385" timestamp="2021-10-01T05:14:35Z" user="misha yakin" uid="384109" lat="55.7692469" lon="48.7152457"/>
 <node id="9136759477" visible="true" version="1" changeset="111944385" timestamp="2021-10-01T05:14:35Z" user="misha yakin" uid="384109" lat="55.7690477" lon="48.7147951"/>
 <node id="9136759478" visible="true" version="1" changeset="111944385" timestamp="2021-10-01T05:14:35Z" user="misha yakin" uid="384109" lat="55.7685468" lon="48.7152564"/>
 <node id="9136759479" visible="true" version="1" changeset="111944385" timestamp="2021-10-01T05:14:35Z" user="misha yakin" uid="384109" lat="55.7682631" lon="48.7152564"/>
 <node id="9136759480" visible="true" version="1" changeset="111944385" timestamp="2021-10-01T05:14:35Z" user="misha yakin" uid="384109" lat="55.7681424" lon="48.7163401"/>
 <node id="9136759481" visible="true" version="1" changeset="111944385" timestamp="2021-10-01T05:14:35Z" user="misha yakin" uid="384109" lat="55.7677441" lon="48.7171018"/>
 <node id="9136759482" visible="true" version="1" changeset="111944385" timestamp="2021-10-01T05:14:35Z" user="misha yakin" uid="384109" lat="55.7672069" lon="48.7173915"/>
 <node id="9136759483" visible="true" version="1" changeset="111944385" timestamp="2021-10-01T05:14:35Z" user="misha yakin" uid="384109" lat="55.7659877" lon="48.7183678"/>
 <node id="9136759484" visible="true" version="1" changeset="111944385" timestamp="2021-10-01T05:14:35Z" user="misha yakin" uid="384109" lat="55.7692047" lon="48.7228739"/>
 <node id="9136759485" visible="true" version="1" changeset="111944385" timestamp="2021-10-01T05:14:35Z" user="misha yakin" uid="384109" lat="55.7697840" lon="48.7235927"/>
 <node id="9136759486" visible="true" version="1" changeset="111944385" timestamp="2021-10-01T05:14:35Z" user="misha yakin" uid="384109" lat="55.7697720" lon="48.7244618"/>
 <node id="9136759487" visible="true" version="1" changeset="111944385" timestamp="2021-10-01T05:14:35Z" user="misha yakin" uid="384109" lat="55.7689753" lon="48.7246227"/>
 <node id="9136759488" visible="true" version="1" changeset="111944385" timestamp="2021-10-01T05:14:35Z" user="misha yakin" uid="384109" lat="55.7694883" lon="48.7247300"/>
 <node id="9136759489" visible="true" version="1" changeset="111944385" timestamp="2021-10-01T05:14:35Z" user="misha yakin" uid="384109" lat="55.7679010" lon="48.7250090"/>
 <node id="9136759490" visible="true" version="1" changeset="111944385" timestamp="2021-10-01T05:14:35Z" user="misha yakin" uid="384109" lat="55.7677079" lon="48.7246764"/>
 <node id="9136759491" visible="true" version="1" changeset="111944385" timestamp="2021-10-01T05:14:35Z" user="misha yakin" uid="384109" lat="55.7672975" lon="48.7249982"/>
 <node id="9136759492" visible="true" version="1" changeset="111944385" timestamp="2021-10-01T05:14:35Z" user="misha yakin" uid="384109" lat="55.7673940" lon="48.7243330"/>
 <node id="9136759493" visible="true" version="1" changeset="111944385" timestamp="2021-10-01T05:14:35Z" user="misha yakin" uid="384109" lat="55.7681002" lon="48.7230456"/>
 <node id="9136759494" visible="true" version="1" changeset="111944385" timestamp="2021-10-01T05:14:35Z" user="misha yakin" uid="384109" lat="55.7680278" lon="48.7219298"/>
 <node id="9136759495" visible="true" version="1" changeset="111944385" timestamp="2021-10-01T05:14:35Z" user="misha yakin" uid="384109" lat="55.7673156" lon="48.7209105"/>
 <node id="9136759496" visible="true" version="1" changeset="111944385" timestamp="2021-10-01T05:14:35Z" user="misha yakin" uid="384109" lat="55.7667180" lon="48.7212217"/>
 <node id="9136759497" visible="true" version="1" changeset="111944385" timestamp="2021-10-01T05:14:35Z" user="misha yakin" uid="384109" lat="55.7665008" lon="48.7205672"/>
 <node id="9136759498" visible="true" version="1" changeset="111944385" timestamp="2021-10-01T05:14:35Z" user="misha yakin" uid="384109" lat="55.7662473" lon="48.7209642"/>
 <node id="9136759499" visible="true" version="1" changeset="111944385" timestamp="2021-10-01T05:14:35Z" user="misha yakin" uid="384109" lat="55.7661145" lon="48.7207603"/>
 <node id="9136759500" visible="true" version="1" changeset="111944385" timestamp="2021-10-01T05:14:35Z" user="misha yakin" uid="384109" lat="55.7662774" lon="48.7201166"/>
 <node id="9136759549" visible="true" version="1" changeset="111944385" timestamp="2021-10-01T05:14:35Z" user="misha yakin" uid="384109" lat="55.7705958" lon="48.7316716"/>
 <node id="9136759550" visible="true" version="1" changeset="111944385" timestamp="2021-10-01T05:14:35Z" user="misha yakin" uid="384109" lat="55.7706229" lon="48.7314302"/>
 <node id="9136759551" visible="true" version="1" changeset="111944385" timestamp="2021-10-01T05:14:35Z" user="misha yakin" uid="384109" lat="55.7706229" lon="48.7305504"/>
 <node id="9136759552" visible="true" version="1" changeset="111944385" timestamp="2021-10-01T05:14:35Z" user="misha yakin" uid="384109" lat="55.7706290" lon="48.7294239"/>
 <node id="9136759553" visible="true" version="1" changeset="111944385" timestamp="2021-10-01T05:14:35Z" user="misha yakin" uid="384109" lat="55.7705656" lon="48.7274337"/>
 <node id="9136759653" visible="true" version="2" changeset="134503756" timestamp="2023-04-04T16:24:32Z" user="CometSeeker" uid="231327" lat="55.7705082" lon="48.7154013"/>
 <node id="9136759654" visible="true" version="2" changeset="134503756" timestamp="2023-04-04T16:24:32Z" user="CometSeeker" uid="231327" lat="55.7705113" lon="48.7140763"/>
 <node id="9136759655" visible="true" version="1" changeset="111944385" timestamp="2021-10-01T05:14:35Z" user="misha yakin" uid="384109" lat="55.7702337" lon="48.7157875"/>
 <node id="9136759656" visible="true" version="2" changeset="134503756" timestamp="2023-04-04T16:24:32Z" user="CometSeeker" uid="231327" lat="55.7702940" lon="48.7155783"/>
 <node id="9136759657" visible="true" version="2" changeset="134503756" timestamp="2023-04-04T16:24:32Z" user="CometSeeker" uid="231327" lat="55.7704147" lon="48.7120861"/>
 <node id="9136759658" visible="true" version="2" changeset="134503756" timestamp="2023-04-04T16:24:32Z" user="CometSeeker" uid="231327" lat="55.7704901" lon="48.7120647"/>
 <node id="9136759659" visible="true" version="1" changeset="111944385" timestamp="2021-10-01T05:14:35Z" user="misha yakin" uid="384109" lat="55.7699832" lon="48.7157178"/>
 <node id="9136759660" visible="true" version="2" changeset="134503756" timestamp="2023-04-04T16:24:32Z" user="CometSeeker" uid="231327" lat="55.7704902" lon="48.7161791"/>
 <node id="9136759661" visible="true" version="1" changeset="111944385" timestamp="2021-10-01T05:14:35Z" user="misha yakin" uid="384109" lat="55.7703332" lon="48.7218386"/>
 <node id="9136759662" visible="true" version="1" changeset="111944385" timestamp="2021-10-01T05:14:35Z" user="misha yakin" uid="384109" lat="55.7694099" lon="48.7218010"/>
 <node id="9136759663" visible="true" version="1" changeset="111944385" timestamp="2021-10-01T05:14:35Z" user="misha yakin" uid="384109" lat="55.7693797" lon="48.7213826"/>
 <node id="9136759669" visible="true" version="1" changeset="111944385" timestamp="2021-10-01T05:14:35Z" user="misha yakin" uid="384109" lat="55.7703815" lon="48.7200576"/>
 <node id="9136759670" visible="true" version="1" changeset="111944385" timestamp="2021-10-01T05:14:35Z" user="misha yakin" uid="384109" lat="55.7703513" lon="48.7234640"/>
 <node id="9136759671" visible="true" version="1" changeset="111944385" timestamp="2021-10-01T05:14:35Z" user="misha yakin" uid="384109" lat="55.7702246" lon="48.7211466"/>
 <node id="9136759672" visible="true" version="1" changeset="111944385" timestamp="2021-10-01T05:14:35Z" user="misha yakin" uid="384109" lat="55.7696181" lon="48.7206799"/>
 <node id="9136759673" visible="true" version="1" changeset="111944385" timestamp="2021-10-01T05:14:35Z" user="misha yakin" uid="384109" lat="55.7693284" lon="48.7220800"/>
 <node id="9136759725" visible="true" version="1" changeset="111944385" timestamp="2021-10-01T05:14:35Z" user="misha yakin" uid="384109" lat="55.7692831" lon="48.7346113"/>
 <node id="10784742032" visible="true" version="1" changeset="134503756" timestamp="2023-04-04T16:24:32Z" user="CometSeeker" uid="231327" lat="55.7616779" lon="48.7266290"/>
 <node id="10784742033" visible="true" version="2" changeset="156826163" timestamp="2024-09-19T15:24:35Z" user="Tim Apelov" uid="10074340" lat="55.7617375" lon="48.7265776"/>
 <node id="10784742034" visible="true" version="2" changeset="156826163" timestamp="2024-09-19T15:24:35Z" user="Tim Apelov" uid="10074340" lat="55.7620155" lon="48.7264576"/>
 <node id="10784742035" visible="true" version="2" changeset="156826163" timestamp="2024-09-19T15:24:35Z" user="Tim Apelov" uid="10074340" lat="55.7620673" lon="48.7262258"/>
 <node id="10784742036" visible="true" version="2" changeset="156826163" timestamp="2024-09-19T15:24:35Z" user="Tim Apelov" uid="10074340" lat="55.7621371" lon="48.7261269"/>
 <node id="10784742037" visible="true" version="2" changeset="156826163" timestamp="2024-09-19T15:24:35Z" user="Tim Apelov" uid="10074340" lat="55.7621615" lon="48.7260787"/>
 <node id="10784742038" visible="true" version="1" changeset="134503756" timestamp="2023-04-04T16:24:32Z" user="CometSeeker" uid="231327" lat="55.7622567" lon="48.7259826"/>
 <node id="10784742039" visible="true" version="1" changeset="134503756" timestamp="2023-04-04T16:24:32Z" user="CometSeeker" uid="231327" lat="55.7624099" lon="48.7258042"/>
 <node id="10784742040" visible="true" version="1" changeset="134503756" timestamp="2023-04-04T16:24:32Z" user="CometSeeker" uid="231327" lat="55.7624453" lon="48.7258109"/>
 <node id="10784742041" visible="true" version="1" changeset="134503756" timestamp="2023-04-04T16:24:32Z" user="CometSeeker" uid="231327" lat="55.7625102" lon="48.7258539"/>
 <node id="10784742042" visible="true" version="1" changeset="134503756" timestamp="2023-04-04T16:24:32Z" user="CometSeeker" uid="231327" lat="55.7625834" lon="48.7257439"/>
 <node id="10784742043" visible="true" version="1" changeset="134503756" timestamp="2023-04-04T16:24:32Z" user="CometSeeker" uid="231327" lat="55.7628233" lon="48.7229946"/>
 <node id="10784742044" visible="true" version="1" changeset="134503756" timestamp="2023-04-04T16:24:32Z" user="CometSeeker" uid="231327" lat="55.7630225" lon="48.7217098"/>
 <node id="10784742045" visible="true" version="1" changeset="134503756" timestamp="2023-04-04T16:24:32Z" user="CometSeeker" uid="231327" lat="55.7640592" lon="48.7187943"/>
 <node id="10784742046" visible="true" version="1" changeset="134503756" timestamp="2023-04-04T16:24:32Z" user="CometSeeker" uid="231327" lat="55.7649058" lon="48.7170240"/>
 <node id="10784742047" visible="true" version="1" changeset="134503756" timestamp="2023-04-04T16:24:32Z" user="CometSeeker" uid="231327" lat="55.7701318" lon="48.7110266"/>
 <node id="10784742082" visible="true" version="1" changeset="134503756" timestamp="2023-04-04T16:24:32Z" user="CometSeeker" uid="231327" lat="55.7705565" lon="48.7089077"/>
 <node id="10784742083" visible="true" version="1" changeset="134503756" timestamp="2023-04-04T16:24:32Z" user="CometSeeker" uid="231327" lat="55.7704947" lon="48.7092134"/>
 <node id="11281111613" visible="true" version="1" changeset="142960250" timestamp="2023-10-22T09:50:31Z" user="dpolovinkin" uid="6710042" lat="55.7704634" lon="48.7321888"/>
 <node id="11281111614" visible="true" version="1" changeset="142960250" timestamp="2023-10-22T09:50:31Z" user="dpolovinkin" uid="6710042" lat="55.7706026" lon="48.7335407"/>
 <node id="11281111615" visible="true" version="1" changeset="142960250" timestamp="2023-10-22T09:50:31Z" user="dpolovinkin" uid="6710042" lat="55.7705380" lon="48.7350605"/>
 <node id="11281111616" visible="true" version="1" changeset="142960250" timestamp="2023-10-22T09:50:31Z" user="dpolovinkin" uid="6710042" lat="55.7704336" lon="48.7364125"/>
 <node id="11281111617" visible="true" version="1" changeset="142960250" timestamp="2023-10-22T09:50:31Z" user="dpolovinkin" uid="6710042" lat="55.7699664" lon="48.7369338"/>
 <node id="11281111618" visible="true" version="1" changeset="142960250" timestamp="2023-10-22T09:50:31Z" user="dpolovinkin" uid="6710042" lat="55.7697228" lon="48.7374375"/>
 <node id="11281111619" visible="true" version="1" changeset="142960250" timestamp="2023-10-22T09:50:31Z" user="dpolovinkin" uid="6710042" lat="55.7626411" lon="48.7250184"/>
 <node id="11281111620" visible="true" version="1" changeset="142960250" timestamp="2023-10-22T09:50:31Z" user="dpolovinkin" uid="6710042" lat="55.7628937" lon="48.7216216"/>
 <node id="11281111621" visible="true" version="1" changeset="142960250" timestamp="2023-10-22T09:50:31Z" user="dpolovinkin" uid="6710042" lat="55.7628011" lon="48.7178656"/>
 <node id="11281111622" visible="true" version="1" changeset="142960250" timestamp="2023-10-22T09:50:31Z" user="dpolovinkin" uid="6710042" lat="55.7631715" lon="48.7176562"/>
 <node id="11281111623" visible="true" version="1" changeset="142960250" timestamp="2023-10-22T09:50:31Z" user="dpolovinkin" uid="6710042" lat="55.7645522" lon="48.7184118"/>
 <node id="11281111624" visible="true" version="1" changeset="142960250" timestamp="2023-10-22T09:50:31Z" user="dpolovinkin" uid="6710042" lat="55.7644268" lon="48.7173034"/>
 <node id="11281111625" visible="true" version="1" changeset="142960250" timestamp="2023-10-22T09:50:31Z" user="dpolovinkin" uid="6710042" lat="55.7637954" lon="48.7158101"/>
 <node id="11281111626" visible="true" version="1" changeset="142960250" timestamp="2023-10-22T09:50:31Z" user="dpolovinkin" uid="6710042" lat="55.7645361" lon="48.7138484"/>
 <node id="11281111627" visible="true" version="1" changeset="142960250" timestamp="2023-10-22T09:50:31Z" user="dpolovinkin" uid="6710042" lat="55.7656745" lon="48.7137070"/>
 <node id="11281111628" visible="true" version="1" changeset="142960250" timestamp="2023-10-22T09:50:31Z" user="dpolovinkin" uid="6710042" lat="55.7664301" lon="48.7156157"/>
 <node id="14156747740" visible="true" version="1" changeset="188602779" timestamp="2026-09-06T06:50:41Z" user="parukhin" uid="519501" lat="55.7665334" lon="48.7152704">
  <tag k="information" v="route_marker"/>
  <tag k="material" v="stone"/>
  <tag k="operator" v="Волжская тропа"/>
  <tag k="tourism" v="information"/>
 </node>
 <way id="86580850" visible="true" version="6" changeset="111944385" timestamp="2021-10-01T05:14:36Z" user="misha yakin" uid="384109">
  <nd ref="1006657048"/>
  <nd ref="1470634486"/>
  <nd ref="1470634481"/>
  <nd ref="1470634484"/>
  <nd ref="1006657053"/>
  <nd ref="1470634485"/>
  <nd ref="1470634483"/>
  <nd ref="1006657070"/>
  <nd ref="1006657072"/>
  <nd ref="1006657075"/>
  <nd ref="1006657080"/>
  <nd ref="1006657085"/>
  <nd ref="1006657088"/>
  <nd ref="1006657091"/>
  <nd ref="1006657093"/>
  <nd ref="1006657099"/>
  <nd ref="1006657101"/>
  <nd ref="1006657105"/>
  <nd ref="1006657109"/>
  <nd ref="1006657114"/>
  <nd ref="1006657119"/>
  <nd ref="1006657123"/>
  <nd ref="1006657129"/>
  <nd ref="1006657134"/>
  <nd ref="1006657138"/>
  <nd ref="1006657142"/>
  <nd ref="1006657145"/>
  <nd ref="1006657163"/>
  <nd ref="1006657172"/>
  <nd ref="1006657177"/>
  <nd ref="1006657182"/>
  <nd ref="1006657189"/>
  <nd ref="1006657194"/>
  <nd ref="1006657197"/>
  <nd ref="1006657203"/>
  <nd ref="1006657207"/>
  <nd ref="1006657211"/>
  <nd ref="1006657217"/>
  <nd ref="1006657221"/>
  <nd ref="1006657225"/>
  <nd ref="1006657232"/>
  <nd ref="4899003836"/>
  <nd ref="4899003834"/>
  <nd ref="4899003835"/>
  <nd ref="4899003833"/>
  <nd ref="1006657258"/>
  <nd ref="4899003832"/>
  <nd ref="4899003831"/>
  <nd ref="1006657283"/>
  <nd ref="4899003830"/>
  <nd ref="4899504123"/>
  <nd ref="4899504125"/>
  <nd ref="4899504126"/>
  <nd ref="4899504127"/>
  <nd ref="4899504128"/>
  <nd ref="4899504129"/>
  <nd ref="4899504130"/>
  <nd ref="4899504131"/>
  <nd ref="4899504132"/>
  <nd ref="4899504133"/>
  <nd ref="4899504134"/>
  <nd ref="4899003829"/>
  <nd ref="4899504135"/>
  <nd ref="3536390774"/>
  <nd ref="1006657352"/>
  <nd ref="1006657356"/>
  <nd ref="1006657362"/>
  <nd ref="1006657366"/>
  <nd ref="1006657370"/>
  <nd ref="1006657375"/>
  <nd ref="1006657387"/>
  <nd ref="1006657392"/>
  <nd ref="1006657396"/>
  <nd ref="1006657400"/>
  <nd ref="1006657403"/>
  <nd ref="1006657405"/>
  <nd ref="1006657408"/>
  <nd ref="1006657414"/>
  <nd ref="1006657417"/>
  <nd ref="1006657423"/>
  <nd ref="1006657426"/>
  <nd ref="1006657430"/>
  <nd ref="1006657431"/>
  <nd ref="1006657433"/>
  <nd ref="1006657435"/>
  <nd ref="1006657438"/>
  <nd ref="1470634488"/>
  <nd ref="1470634489"/>
  <nd ref="1470634487"/>
  <nd ref="1006657444"/>
  <nd ref="1006657048"/>
  <tag k="leaf_cycle" v="deciduous"/>
  <tag k="leaf_type" v="broadleaved"/>
  <tag k="natural" v="wood"/>
 </way>
 <way id="133607013" visible="true" version="5" changeset="134503756" timestamp="2023-04-04T16:24:32Z" user="CometSeeker" uid="231327">
  <nd ref="7589002221"/>
  <nd ref="10784742032"/>
  <nd ref="10784742033"/>
  <nd ref="7589002220"/>
  <nd ref="7589002234"/>
  <nd ref="7589002219"/>
  <nd ref="10784742034"/>
  <nd ref="7589002218"/>
  <nd ref="10784742035"/>
  <nd ref="10784742036"/>
  <nd ref="10784742037"/>
  <nd ref="7589002217"/>
  <nd ref="10784742038"/>
  <nd ref="10784742039"/>
  <nd ref="10784742040"/>
  <nd ref="10784742041"/>
  <nd ref="7589002216"/>
  <nd ref="10784742042"/>
  <nd ref="7589002215"/>
  <nd ref="7589002214"/>
  <nd ref="7589002213"/>
  <nd ref="1470635327"/>
  <nd ref="10784742043"/>
  <nd ref="1470635326"/>
  <nd ref="1470635325"/>
  <nd ref="10784742044"/>
  <nd ref="1470635323"/>
  <nd ref="1470635322"/>
  <nd ref="1470635321"/>
  <nd ref="10784742045"/>
  <nd ref="1470635320"/>
  <nd ref="1470635319"/>
  <nd ref="10784742046"/>
  <nd ref="1470635317"/>
  <nd ref="1470635316"/>
  <nd ref="1470635318"/>
  <nd ref="1470635315"/>
  <nd ref="1470635313"/>
  <nd ref="1470635314"/>
  <nd ref="1470635312"/>
  <nd ref="1470634482"/>
  <nd ref="1470634480"/>
  <nd ref="1470634479"/>
  <nd ref="1470634478"/>
  <nd ref="1470634477"/>
  <nd ref="1470634476"/>
  <nd ref="1470634493"/>
  <nd ref="1470634500"/>
  <nd ref="10784742047"/>
  <nd ref="1470634499"/>
  <nd ref="1470634498"/>
  <nd ref="1470634496"/>
  <nd ref="1470634495"/>
  <nd ref="1470634494"/>
  <nd ref="10784742083"/>
  <nd ref="10784742082"/>
  <tag k="highway" v="track"/>
  <tag k="surface" v="unpaved"/>
  <tag k="tracktype" v="grade3"/>
 </way>
 <way id="354327343" visible="true" version="2" changeset="32057229" timestamp="2015-06-18T17:45:31Z" user="acsd" uid="345493">
  <nd ref="1006697766"/>
  <nd ref="1006657370"/>
  <nd ref="1006657375"/>
  <nd ref="1006657387"/>
  <nd ref="1006657392"/>
  <nd ref="1006657396"/>
  <nd ref="1006657400"/>
  <nd ref="1006657403"/>
  <nd ref="1006657405"/>
  <nd ref="1006657408"/>
  <nd ref="1006657414"/>
  <nd ref="1006657417"/>
  <nd ref="1006657423"/>
  <nd ref="1006657426"/>
  <nd ref="1006657430"/>
  <nd ref="1006657431"/>
  <nd ref="1006657433"/>
  <nd ref="1006657435"/>
  <nd ref="1006657438"/>
  <nd ref="1470634488"/>
  <nd ref="1470634489"/>
  <nd ref="1470634487"/>
  <nd ref="1006657444"/>
  <nd ref="1006657048"/>
  <nd ref="1470634486"/>
  <nd ref="1470634481"/>
  <nd ref="1470634484"/>
  <nd ref="1006657053"/>
  <nd ref="1470634485"/>
  <nd ref="1470634483"/>
  <nd ref="1006657070"/>
  <nd ref="1006657072"/>
  <nd ref="1006657075"/>
  <nd ref="1006657080"/>
  <nd ref="1006657085"/>
  <nd ref="1006657088"/>
  <nd ref="1006657091"/>
  <nd ref="1006657093"/>
  <nd ref="1006657099"/>
  <nd ref="1006657101"/>
  <nd ref="1006657105"/>
  <nd ref="1006657109"/>
  <nd ref="1006657114"/>
  <nd ref="1006657119"/>
  <nd ref="1006657123"/>
  <nd ref="1006657129"/>
  <nd ref="1006657134"/>
  <nd ref="3600600129"/>
  <nd ref="3600600127"/>
  <nd ref="3600600124"/>
  <nd ref="3600600123"/>
  <nd ref="3600600125"/>
  <nd ref="3600600126"/>
  <nd ref="3600600122"/>
  <nd ref="1455694054"/>
  <nd ref="1455693989"/>
  <nd ref="1455693979"/>
  <nd ref="1455694019"/>
  <nd ref="3590831263"/>
  <nd ref="3590831266"/>
  <nd ref="3590831267"/>
  <nd ref="1455692874"/>
  <nd ref="163928149"/>
  <nd ref="1118306421"/>
  <nd ref="163928147"/>
  <nd ref="1455692887"/>
  <nd ref="3590831272"/>
  <nd ref="3590831274"/>
  <nd ref="3590831273"/>
  <nd ref="3590831271"/>
  <nd ref="3590831270"/>
  <nd ref="730558872"/>
  <nd ref="730558864"/>
  <nd ref="2050759818"/>
  <nd ref="2050759824"/>
  <nd ref="2050759822"/>
  <nd ref="730558853"/>
  <nd ref="2050759809"/>
  <nd ref="2050759794"/>
  <nd ref="730558830"/>
  <nd ref="730558819"/>
  <nd ref="2050759805"/>
  <nd ref="2050759813"/>
  <nd ref="1006700235"/>
  <nd ref="2050759829"/>
  <nd ref="2050759826"/>
  <nd ref="2050759828"/>
  <nd ref="730558813"/>
  <nd ref="2050759845"/>
  <nd ref="2050759850"/>
  <nd ref="2050759852"/>
  <nd ref="2050759872"/>
  <nd ref="2050759867"/>
  <nd ref="2050759854"/>
  <nd ref="2050759848"/>
  <nd ref="730559195"/>
  <tag k="admin_level" v="8"/>
  <tag k="boundary" v="administrative"/>
 </way>
 <way id="853989961" visible="true" version="2" changeset="111944385" timestamp="2021-10-01T05:14:36Z" user="misha yakin" uid="384109">
  <nd ref="7964531160"/>
  <nd ref="9136759467"/>
  <nd ref="9136759468"/>
  <nd ref="9136759469"/>
  <nd ref="9136759483"/>
  <nd ref="9136759471"/>
  <nd ref="9136759470"/>
  <nd ref="7964531161"/>
  <nd ref="9136759500"/>
  <nd ref="9136759499"/>
  <nd ref="9136759498"/>
  <nd ref="9136759497"/>
  <nd ref="9136759496"/>
  <nd ref="9136759495"/>
  <nd ref="7964531162"/>
  <nd ref="9136759494"/>
  <nd ref="9136759493"/>
  <nd ref="9136759492"/>
  <nd ref="9136759491"/>
  <nd ref="9136759490"/>
  <nd ref="9136759489"/>
  <nd ref="9136759487"/>
  <nd ref="9136759488"/>
  <nd ref="9136759486"/>
  <nd ref="9136759485"/>
  <nd ref="9136759484"/>
  <nd ref="7964531163"/>
  <nd ref="9136759673"/>
  <nd ref="9136759662"/>
  <nd ref="9136759663"/>
  <nd ref="9136759672"/>
  <nd ref="9136759671"/>
  <nd ref="9136759661"/>
  <nd ref="9136759670"/>
  <nd ref="7964531164"/>
  <nd ref="9136759669"/>
  <nd ref="7964531165"/>
  <nd ref="7964531166"/>
  <nd ref="9136759660"/>
  <nd ref="9136759653"/>
  <nd ref="9136759654"/>
  <nd ref="9136759658"/>
  <nd ref="9136759657"/>
  <nd ref="9136759656"/>
  <nd ref="9136759655"/>
  <nd ref="9136759659"/>
  <nd ref="9136759472"/>
  <nd ref="9136759474"/>
  <nd ref="9136759473"/>
  <nd ref="9136759475"/>
  <nd ref="7964531167"/>
  <nd ref="9136759476"/>
  <nd ref="9136759477"/>
  <nd ref="7964531168"/>
  <nd ref="9136759478"/>
  <nd ref="9136759479"/>
  <nd ref="7964531169"/>
  <nd ref="9136759480"/>
  <nd ref="9136759481"/>
  <nd ref="7964531170"/>
  <nd ref="9136759482"/>
  <nd ref="7964531160"/>
  <tag k="natural" v="wood"/>
 </way>
 <way id="1217505819" visible="true" version="1" changeset="142960250" timestamp="2023-10-22T09:50:31Z" user="dpolovinkin" uid="6710042">
  <nd ref="9136759549"/>
  <nd ref="11281111613"/>
  <nd ref="11281111614"/>
  <nd ref="11281111615"/>
  <nd ref="11281111616"/>
  <nd ref="11281111617"/>
  <nd ref="11281111618"/>
  <nd ref="1006697574"/>
  <nd ref="1006697572"/>
  <nd ref="1006697570"/>
  <nd ref="9136759725"/>
  <nd ref="1006697568"/>
  <nd ref="1006697565"/>
  <nd ref="1006697561"/>
  <nd ref="1006697558"/>
  <nd ref="1006697554"/>
  <nd ref="1006697551"/>
  <nd ref="1006697547"/>
  <nd ref="1006697832"/>
  <nd ref="1006697830"/>
  <nd ref="1006697828"/>
  <nd ref="1006697827"/>
  <nd ref="1006697825"/>
  <nd ref="1006697822"/>
  <nd ref="1006697819"/>
  <nd ref="1006697815"/>
  <nd ref="1006697811"/>
  <nd ref="1006697808"/>
  <nd ref="1006697806"/>
  <nd ref="1006697804"/>
  <nd ref="1006697801"/>
  <nd ref="1006697792"/>
  <nd ref="1006697790"/>
  <nd ref="1006697787"/>
  <nd ref="1006697785"/>
  <nd ref="1006697782"/>
  <nd ref="1006697779"/>
  <nd ref="1006697776"/>
  <nd ref="1006697774"/>
  <nd ref="1006697772"/>
  <nd ref="1006697771"/>
  <nd ref="1006697770"/>
  <nd ref="1006697769"/>
  <nd ref="11281111619"/>
  <nd ref="11281111620"/>
  <nd ref="11281111621"/>
  <nd ref="11281111622"/>
  <nd ref="11281111623"/>
  <nd ref="11281111624"/>
  <nd ref="11281111625"/>
  <nd ref="11281111626"/>
  <nd ref="11281111627"/>
  <nd ref="11281111628"/>
  <nd ref="7964531169"/>
  <nd ref="9136759480"/>
  <nd ref="9136759481"/>
  <nd ref="7964531170"/>
  <nd ref="9136759482"/>
  <nd ref="7964531160"/>
  <nd ref="9136759467"/>
  <nd ref="9136759468"/>
  <nd ref="9136759469"/>
  <nd ref="9136759483"/>
  <nd ref="9136759471"/>
  <nd ref="9136759470"/>
  <nd ref="7964531161"/>
  <nd ref="9136759500"/>
  <nd ref="9136759499"/>
  <nd ref="9136759498"/>
  <nd ref="9136759497"/>
  <nd ref="9136759496"/>
  <nd ref="9136759495"/>
  <nd ref="7964531162"/>
  <nd ref="9136759494"/>
  <nd ref="9136759493"/>
  <nd ref="9136759492"/>
  <nd ref="9136759491"/>
  <nd ref="9136759490"/>
  <nd ref="9136759489"/>
  <nd ref="9136759487"/>
  <nd ref="9136759488"/>
  <nd ref="9136759486"/>
  <nd ref="9136759485"/>
  <nd ref="9136759484"/>
  <nd ref="7964531163"/>
  <nd ref="9136759673"/>
  <nd ref="9136759662"/>
  <nd ref="9136759663"/>
  <nd ref="9136759672"/>
  <nd ref="9136759671"/>
  <nd ref="9136759661"/>
  <nd ref="9136759670"/>
  <nd ref="9136759553"/>
  <nd ref="9136759552"/>
  <nd ref="9136759551"/>
  <nd ref="9136759550"/>
  <nd ref="9136759549"/>
  <tag k="natural" v="grassland"/>
 </way>
 <relation id="367670" visible="true" version="39" changeset="161030824" timestamp="2025-01-05T17:51:45Z" user="CometSeeker" uid="231327">
  <member type="way" ref="136714766" role="outer"/>
  <member type="way" ref="551277727" role="outer"/>
  <member type="way" ref="551277696" role="outer"/>
  <member type="way" ref="136704209" role="outer"/>
  <member type="way" ref="136704206" role="outer"/>
  <member type="way" ref="46711174" role="outer"/>
  <member type="way" ref="551277682" role="outer"/>
  <member type="way" ref="46711173" role="outer"/>
  <member type="way" ref="138124309" role="outer"/>
  <member type="way" ref="137530271" role="outer"/>
  <member type="way" ref="193332454" role="outer"/>
  <member type="way" ref="551277666" role="outer"/>
  <member type="way" ref="193332479" role="outer"/>
  <member type="way" ref="551277654" role="outer"/>
  <member type="way" ref="551441957" role="outer"/>
  <member type="way" ref="551441969" role="outer"/>
  <member type="way" ref="551441931" role="outer"/>
  <member type="way" ref="46711168" role="outer"/>
  <member type="way" ref="1348748757" role="outer"/>
  <member type="way" ref="551441894" role="outer"/>
  <member type="way" ref="551277703" role="outer"/>
  <member type="way" ref="551441887" role="outer"/>
  <member type="way" ref="1307024433" role="outer"/>
  <member type="way" ref="1307024432" role="outer"/>
  <member type="way" ref="551473865" role="outer"/>
  <member type="way" ref="551277725" role="outer"/>
  <member type="way" ref="1348748758" role="outer"/>
  <member type="way" ref="551473826" role="outer"/>
  <member type="way" ref="551277761" role="outer"/>
  <member type="way" ref="46770002" role="outer"/>
  <member type="way" ref="551277770" role="outer"/>
  <member type="way" ref="1072754341" role="outer"/>
  <member type="way" ref="46770006" role="outer"/>
  <member type="way" ref="551277772" role="outer"/>
  <member type="way" ref="159357063" role="outer"/>
  <member type="way" ref="159357078" role="outer"/>
  <member type="way" ref="551277671" role="outer"/>
  <member type="way" ref="551277673" role="outer"/>
  <member type="way" ref="551277774" role="outer"/>
  <member type="way" ref="354319385" role="outer"/>
  <member type="way" ref="354641455" role="outer"/>
  <member type="way" ref="194571102" role="outer"/>
  <member type="way" ref="122928212" role="outer"/>
  <member type="way" ref="129651886" role="outer"/>
  <member type="way" ref="129651909" role="outer"/>
  <member type="way" ref="193420476" role="outer"/>
  <member type="way" ref="136714773" role="outer"/>
  <member type="way" ref="129651994" role="outer"/>
  <member type="way" ref="129651889" role="outer"/>
  <member type="way" ref="123322495" role="outer"/>
  <member type="way" ref="193420458" role="outer"/>
  <member type="way" ref="123322485" role="outer"/>
  <member type="way" ref="136714769" role="outer"/>
  <member type="way" ref="46770003" role="outer"/>
  <member type="node" ref="703197622" role="admin_centre"/>
  <member type="relation" ref="2604877" role="subarea"/>
  <member type="relation" ref="2619050" role="subarea"/>
  <member type="relation" ref="5273126" role="subarea"/>
  <member type="relation" ref="7880303" role="subarea"/>
  <member type="relation" ref="7880310" role="subarea"/>
  <member type="relation" ref="7880316" role="subarea"/>
  <member type="relation" ref="7880302" role="subarea"/>
  <member type="relation" ref="7880307" role="subarea"/>
  <member type="relation" ref="7880305" role="subarea"/>
  <member type="relation" ref="7880313" role="subarea"/>
  <member type="relation" ref="7880301" role="subarea"/>
  <member type="relation" ref="7880311" role="subarea"/>
  <member type="relation" ref="7880317" role="subarea"/>
  <member type="relation" ref="7880315" role="subarea"/>
  <member type="relation" ref="7880308" role="subarea"/>
  <member type="relation" ref="7880314" role="subarea"/>
  <member type="relation" ref="7880304" role="subarea"/>
  <member type="relation" ref="7880312" role="subarea"/>
  <member type="relation" ref="7880309" role="subarea"/>
  <member type="relation" ref="7880306" role="subarea"/>
  <tag k="admin_level" v="6"/>
  <tag k="boundary" v="administrative"/>
  <tag k="name" v="Верхнеуслонский район"/>
  <tag k="name:ba" v="Үрге Услан районы"/>
  <tag k="name:en" v="Verkhneuslonsky District"/>
  <tag k="name:ja" v="ヴェルフニー・ウスロン地区"/>
  <tag k="name:ru" v="Верхнеуслонский район"/>
  <tag k="name:tt" v="Югары Ослан районы"/>
  <tag k="official_status" v="ru:муниципальный район"/>
  <tag k="type" v="boundary"/>
  <tag k="wikidata" v="Q2220436"/>
  <tag k="wikipedia" v="ru:Верхнеуслонский район"/>
 </relation>
 <relation id="2619050" visible="true" version="15" changeset="158531846" timestamp="2024-10-30T09:20:38Z" user="NeoChapay" uid="96925">
  <member type="way" ref="354327343" role="outer"/>
  <member type="way" ref="354327338" role="outer"/>
  <member type="way" ref="194571102" role="outer"/>
  <member type="way" ref="122928212" role="outer"/>
  <member type="way" ref="129651886" role="outer"/>
  <member type="way" ref="129651909" role="outer"/>
  <member type="way" ref="193420476" role="outer"/>
  <member type="way" ref="193420473" role="outer"/>
  <member type="way" ref="193420460" role="outer"/>
  <member type="way" ref="193420477" role="outer"/>
  <member type="way" ref="193420461" role="outer"/>
  <member type="way" ref="193420470" role="outer"/>
  <member type="way" ref="194571100" role="outer"/>
  <member type="way" ref="551277785" role="outer"/>
  <member type="way" ref="194571101" role="outer"/>
  <member type="way" ref="354641458" role="outer"/>
  <member type="way" ref="354641454" role="outer"/>
  <member type="way" ref="354327335" role="outer"/>
  <member type="way" ref="354327336" role="outer"/>
  <member type="way" ref="354327337" role="outer"/>
  <member type="way" ref="354327339" role="outer"/>
  <member type="way" ref="354327340" role="outer"/>
  <member type="way" ref="484689883" role="outer"/>
  <member type="way" ref="362608058" role="outer"/>
  <member type="way" ref="362608060" role="outer"/>
  <member type="way" ref="362608065" role="outer"/>
  <member type="way" ref="1329322131" role="outer"/>
  <member type="way" ref="362608063" role="outer"/>
  <member type="way" ref="484672733" role="outer"/>
  <member type="way" ref="484703853" role="outer"/>
  <member type="way" ref="354327341" role="outer"/>
  <member type="way" ref="354327342" role="outer"/>
  <member type="node" ref="703197627" role="admin_centre"/>
  <tag k="admin_level" v="8"/>
  <tag k="boundary" v="administrative"/>
  <tag k="name" v="Введенско-Слободское сельское поселение"/>
  <tag k="official_status" v="ru:сельское поселение"/>
  <tag k="type" v="boundary"/>
  <tag k="wikidata" v="Q23896753"/>
  <tag k="wikipedia" v="ru:Введенско-Слободское сельское поселение"/>
 </relation>
 <relation id="5273126" visible="true" version="14" changeset="158531846" timestamp="2024-10-30T09:20:38Z" user="NeoChapay" uid="96925">
  <member type="way" ref="354327336" role="outer"/>
  <member type="way" ref="354327335" role="outer"/>
  <member type="way" ref="354641454" role="outer"/>
  <member type="way" ref="354641456" role="outer"/>
  <member type="way" ref="354319386" role="outer"/>
  <member type="way" ref="354641455" role="outer"/>
  <member type="way" ref="354327338" role="outer"/>
  <member type="way" ref="354327343" role="outer"/>
  <member type="way" ref="354327342" role="outer"/>
  <member type="way" ref="354327341" role="outer"/>
  <member type="way" ref="354327340" role="outer"/>
  <member type="way" ref="484689883" role="outer"/>
  <member type="way" ref="362608058" role="outer"/>
  <member type="way" ref="362608060" role="outer"/>
  <member type="way" ref="362608065" role="outer"/>
  <member type="way" ref="1329322131" role="outer"/>
  <member type="way" ref="362608063" role="outer"/>
  <member type="way" ref="484672733" role="outer"/>
  <member type="way" ref="484703853" role="outer"/>
  <member type="way" ref="354327339" role="outer"/>
  <member type="way" ref="354327337" role="outer"/>
  <member type="node" ref="2294499518" role="admin_centre"/>
  <tag k="admin_level" v="8"/>
  <tag k="boundary" v="administrative"/>
  <tag k="name" v="городское поселение Иннополис"/>
  <tag k="official_name" v="городское поселение Город Иннополис"/>
  <tag k="official_status" v="ru:городское поселение"/>
  <tag k="type" v="boundary"/>
  <tag k="wikidata" v="Q23898733"/>
  <tag k="wikipedia" v="ru:Иннополис"/>
 </relation>
 <relation id="5293421" visible="true" version="23" changeset="173198754" timestamp="2025-10-12T20:29:49Z" user="Глеб" uid="346125">
  <member type="way" ref="354327333" role="outer"/>
  <member type="way" ref="354327340" role="outer"/>
  <member type="way" ref="484689883" role="outer"/>
  <member type="way" ref="362608058" role="outer"/>
  <member type="way" ref="362608060" role="outer"/>
  <member type="way" ref="362608065" role="outer"/>
  <member type="way" ref="1329322131" role="outer"/>
  <member type="way" ref="362608063" role="outer"/>
  <member type="way" ref="484672733" role="outer"/>
  <member type="way" ref="484703853" role="outer"/>
  <member type="way" ref="354327341" role="outer"/>
  <member type="way" ref="354327332" role="outer"/>
  <member type="way" ref="354327343" role="outer"/>
  <member type="way" ref="1320487729" role="outer"/>
  <member type="way" ref="354327334" role="outer"/>
  <member type="way" ref="354327335" role="outer"/>
  <member type="way" ref="354327336" role="outer"/>
  <member type="way" ref="354327337" role="outer"/>
  <tag k="addr:city" v="Иннополис"/>
  <tag k="contact:facebook" v="https://www.facebook.com/innopolis.ru"/>
  <tag k="contact:instagram" v="https://instagram.com/innopolis/"/>
  <tag k="contact:telegram" v="https://t.me/InnoHelpBot"/>
  <tag k="contact:twitter" v="https://twitter.com/InnopolisRUS"/>
  <tag k="contact:vk" v="https://vk.com/innopolis"/>
  <tag k="ele" v="100"/>
  <tag k="name" v="Иннополис"/>
  <tag k="name:en" v="Innopolis"/>
  <tag k="name:ru" v="Иннополис"/>
  <tag k="name:tt" v="Иннополис"/>
  <tag k="official_status" v="ru:город"/>
  <tag k="phone" v="+7 800 2222287"/>
  <tag k="place" v="town"/>
  <tag k="postal_code" v="420500"/>
  <tag k="type" v="multipolygon"/>
  <tag k="website" v="https://www.innopolis.ru/"/>
  <tag k="wheelchair" v="yes"/>
  <tag k="wikidata" v="Q4201239"/>
  <tag k="wikipedia" v="ru:Иннополис"/>
 </relation>
 <relation id="15678293" visible="true" version="73" changeset="187640855" timestamp="2026-08-18T13:49:01Z" user="_Myx027_" uid="24159288">
  <member type="way" ref="203688215" role=""/>
  <member type="way" ref="1159462820" role=""/>
  <member type="way" ref="1159462819" role=""/>
  <member type="way" ref="721157317" role=""/>
  <member type="way" ref="1159462817" role=""/>
  <member type="way" ref="1159462816" role=""/>
  <member type="way" ref="955129166" role=""/>
  <member type="way" ref="1431582651" role=""/>
  <member type="way" ref="1431582650" role=""/>
  <member type="way" ref="955129170" role=""/>
  <member type="way" ref="1431582649" role=""/>
  <member type="way" ref="1431582648" role=""/>
  <member type="way" ref="1431582647" role=""/>
  <member type="way" ref="955129169" role=""/>
  <member type="way" ref="1159462813" role=""/>
  <member type="way" ref="689553450" role=""/>
  <member type="way" ref="191558198" role=""/>
  <member type="way" ref="689553451" role=""/>
  <member type="way" ref="94727308" role=""/>
  <member type="way" ref="1072705591" role=""/>
  <member type="way" ref="1072705590" role=""/>
  <member type="way" ref="185383835" role=""/>
  <member type="way" ref="192162819" role=""/>
  <member type="way" ref="193609783" role=""/>
  <member type="way" ref="1322464923" role=""/>
  <member type="way" ref="193609785" role=""/>
  <member type="way" ref="1322464922" role=""/>
  <member type="way" ref="1159462810" role=""/>
  <member type="way" ref="749067842" role=""/>
  <member type="way" ref="95194733" role=""/>
  <member type="way" ref="1159462806" role=""/>
  <member type="way" ref="1159462805" role=""/>
  <member type="way" ref="1418875365" role=""/>
  <member type="way" ref="1446895935" role=""/>
  <member type="way" ref="1446895922" role=""/>
  <member type="way" ref="1159462803" role=""/>
  <member type="way" ref="1446895934" role=""/>
  <member type="way" ref="1159462802" role=""/>
  <member type="way" ref="229961190" role=""/>
  <member type="way" ref="1159462801" role=""/>
  <member type="way" ref="1159462800" role=""/>
  <member type="way" ref="1158929722" role=""/>
  <member type="way" ref="1159462799" role=""/>
  <member type="way" ref="1158929719" role=""/>
  <member type="way" ref="173590813" role=""/>
  <member type="way" ref="1106274662" role=""/>
  <member type="way" ref="1159462797" role=""/>
  <member type="way" ref="970216030" role=""/>
  <member type="way" ref="1054823394" role=""/>
  <member type="way" ref="1159462795" role=""/>
  <member type="way" ref="1159700800" role=""/>
  <member type="way" ref="1159700799" role=""/>
  <member type="way" ref="1159700798" role=""/>
  <member type="way" ref="1159700797" role=""/>
  <member type="way" ref="1159700793" role=""/>
  <member type="way" ref="1159700794" role=""/>
  <member type="way" ref="1159700795" role=""/>
  <member type="way" ref="1159700796" role=""/>
  <member type="way" ref="1524871975" role=""/>
  <member type="way" ref="251148385" role=""/>
  <member type="way" ref="1524871974" role=""/>
  <member type="way" ref="75453536" role=""/>
  <member type="way" ref="1159700790" role=""/>
  <member type="way" ref="370200423" role=""/>
  <member type="way" ref="370200406" role=""/>
  <member type="way" ref="203454479" role=""/>
  <member type="way" ref="95194736" role=""/>
  <member type="way" ref="251153428" role=""/>
  <member type="way" ref="1159700787" role=""/>
  <member type="way" ref="251153431" role=""/>
  <member type="way" ref="1159700786" role=""/>
  <member type="way" ref="660625901" role=""/>
  <member type="way" ref="1159700784" role=""/>
  <member type="way" ref="493967534" role=""/>
  <member type="way" ref="75453544" role=""/>
  <member type="way" ref="1159700783" role=""/>
  <member type="way" ref="478627780" role=""/>
  <member type="way" ref="478627781" role=""/>
  <member type="way" ref="478627779" role=""/>
  <member type="way" ref="1159700781" role=""/>
  <member type="way" ref="1159700779" role=""/>
  <member type="way" ref="1159700778" role=""/>
  <member type="way" ref="680169739" role=""/>
  <member type="way" ref="680169740" role=""/>
  <member type="way" ref="1159700776" role=""/>
  <member type="way" ref="366251813" role=""/>
  <member type="way" ref="366251814" role=""/>
  <member type="way" ref="1159700773" role=""/>
  <member type="way" ref="1159700772" role=""/>
  <member type="way" ref="1159700771" role=""/>
  <member type="way" ref="366251815" role=""/>
  <member type="way" ref="1159700768" role=""/>
  <member type="way" ref="1159700765" role=""/>
  <member type="way" ref="1159700762" role=""/>
  <member type="way" ref="133607013" role=""/>
  <member type="way" ref="812510303" role=""/>
  <member type="way" ref="1316720153" role=""/>
  <member type="way" ref="484308952" role=""/>
  <member type="way" ref="484308951" role=""/>
  <member type="way" ref="55342595" role=""/>
  <member type="way" ref="1159700753" role=""/>
  <member type="way" ref="504034001" role=""/>
  <member type="way" ref="1228462751" role=""/>
  <member type="way" ref="725034620" role=""/>
  <member type="way" ref="1152729231" role=""/>
  <member type="way" ref="1152729233" role=""/>
  <member type="way" ref="1152729232" role=""/>
  <member type="way" ref="763909586" role=""/>
  <member type="way" ref="440293841" role=""/>
  <member type="way" ref="1159700747" role=""/>
  <member type="way" ref="354069802" role=""/>
  <member type="way" ref="858825922" role=""/>
  <member type="way" ref="858825923" role=""/>
  <member type="way" ref="1316720151" role=""/>
  <member type="way" ref="1316720150" role=""/>
  <member type="way" ref="1159700741" role=""/>
  <member type="way" ref="1441673393" role=""/>
  <member type="way" ref="1159700735" role=""/>
  <member type="way" ref="1159700734" role=""/>
  <member type="way" ref="1495797249" role=""/>
  <member type="way" ref="1495797250" role=""/>
  <member type="way" ref="602711836" role=""/>
  <member type="way" ref="602711834" role=""/>
  <member type="way" ref="602711845" role=""/>
  <member type="way" ref="602711846" role=""/>
  <member type="way" ref="1159700730" role=""/>
  <member type="way" ref="602711848" role=""/>
  <member type="way" ref="1161798821" role=""/>
  <member type="way" ref="1161798820" role=""/>
  <member type="way" ref="1161798819" role=""/>
  <member type="way" ref="602711807" role=""/>
  <member type="way" ref="120068832" role=""/>
  <member type="way" ref="1161798812" role=""/>
  <member type="way" ref="359322225" role=""/>
  <member type="way" ref="120068821" role=""/>
  <member type="way" ref="120068837" role=""/>
  <member type="way" ref="165626204" role=""/>
  <member type="way" ref="324483166" role=""/>
  <member type="way" ref="1161798808" role=""/>
  <member type="way" ref="1161798802" role=""/>
  <member type="way" ref="1161798807" role=""/>
  <member type="way" ref="1161798803" role=""/>
  <member type="way" ref="1161798804" role=""/>
  <member type="way" ref="1161798805" role=""/>
  <member type="way" ref="324484878" role=""/>
  <member type="way" ref="324483223" role=""/>
  <member type="way" ref="324485014" role=""/>
  <member type="way" ref="965033725" role=""/>
  <member type="way" ref="1161798799" role=""/>
  <member type="way" ref="116911692" role=""/>
  <member type="way" ref="141362122" role=""/>
  <member type="way" ref="59682903" role=""/>
  <member type="way" ref="1161798793" role=""/>
  <member type="way" ref="1161798794" role=""/>
  <member type="way" ref="1161798795" role=""/>
  <member type="way" ref="1161798796" role=""/>
  <member type="way" ref="165626458" role=""/>
  <member type="way" ref="1161798789" role=""/>
  <member type="way" ref="116911658" role=""/>
  <member type="way" ref="1161798788" role=""/>
  <member type="way" ref="324485991" role=""/>
  <member type="way" ref="1161798787" role=""/>
  <member type="way" ref="1161798781" role=""/>
  <member type="way" ref="1161798786" role=""/>
  <member type="way" ref="1161798785" role=""/>
  <member type="way" ref="1161798780" role=""/>
  <member type="way" ref="359322243" role=""/>
  <member type="way" ref="1161798768" role=""/>
  <member type="way" ref="1161798767" role=""/>
  <member type="way" ref="1161798766" role=""/>
  <member type="way" ref="359322241" role=""/>
  <member type="way" ref="1161798764" role=""/>
  <member type="way" ref="359322282" role=""/>
  <member type="way" ref="1161798761" role=""/>
  <member type="way" ref="1161798760" role=""/>
  <member type="way" ref="1104775303" role=""/>
  <member type="way" ref="359327501" role=""/>
  <member type="way" ref="1161798754" role=""/>
  <member type="way" ref="359338776" role=""/>
  <member type="way" ref="359338773" role=""/>
  <member type="way" ref="231170389" role=""/>
  <member type="way" ref="231170388" role=""/>
  <member type="way" ref="1161798748" role=""/>
  <member type="way" ref="1161798747" role=""/>
  <member type="way" ref="1161798745" role=""/>
  <member type="way" ref="1161798744" role=""/>
  <member type="way" ref="1161798743" role=""/>
  <member type="way" ref="1161798740" role=""/>
  <member type="way" ref="1161798741" role=""/>
  <member type="way" ref="1441673395" role=""/>
  <member type="way" ref="1141879832" role=""/>
  <member type="way" ref="288671210" role=""/>
  <member type="way" ref="288671167" role=""/>
  <member type="way" ref="1161798738" role=""/>
  <member type="way" ref="296668214" role=""/>
  <member type="way" ref="1161798734" role=""/>
  <member type="way" ref="1161798733" role=""/>
  <member type="way" ref="649389734" role=""/>
  <member type="way" ref="1441673400" role=""/>
  <member type="way" ref="1441673396" role=""/>
  <member type="way" ref="1441673398" role=""/>
  <member type="way" ref="1441673397" role=""/>
  <member type="way" ref="1441673399" role=""/>
  <member type="way" ref="474751985" role=""/>
  <member type="way" ref="296669427" role=""/>
  <member type="way" ref="1161798732" role=""/>
  <member type="way" ref="299248145" role=""/>
  <member type="way" ref="1161798731" role=""/>
  <member type="way" ref="299248160" role=""/>
  <member type="way" ref="328395042" role=""/>
  <member type="way" ref="300012659" role=""/>
  <member type="way" ref="299248163" role=""/>
  <member type="way" ref="299248156" role=""/>
  <member type="way" ref="1161798727" role=""/>
  <member type="way" ref="912279562" role=""/>
  <member type="way" ref="1161798726" role=""/>
  <member type="way" ref="300012650" role=""/>
  <member type="way" ref="300012641" role=""/>
  <member type="way" ref="1161798724" role=""/>
  <member type="way" ref="300012634" role=""/>
  <member type="way" ref="912279559" role=""/>
  <member type="way" ref="1161798722" role=""/>
  <member type="way" ref="1161816079" role=""/>
  <member type="way" ref="474749649" role=""/>
  <member type="way" ref="299237576" role=""/>
  <member type="way" ref="1161816077" role=""/>
  <member type="way" ref="1161816075" role=""/>
  <member type="way" ref="515624791" role=""/>
  <member type="way" ref="515624790" role=""/>
  <member type="way" ref="397465634" role=""/>
  <member type="way" ref="1441673394" role=""/>
  <member type="way" ref="397465635" role=""/>
  <member type="way" ref="480025297" role=""/>
  <member type="way" ref="474749170" role=""/>
  <member type="way" ref="480026095" role=""/>
  <member type="way" ref="1161816070" role=""/>
  <member type="way" ref="1161816072" role=""/>
  <member type="way" ref="1161816073" role=""/>
  <member type="way" ref="359346125" role=""/>
  <member type="way" ref="1161816067" role=""/>
  <member type="way" ref="1161816066" role=""/>
  <member type="way" ref="1231718887" role=""/>
  <member type="way" ref="1212638534" role=""/>
  <member type="way" ref="1161816063" role=""/>
  <member type="way" ref="359346119" role=""/>
  <member type="way" ref="302383349" role=""/>
  <member type="way" ref="1161816062" role=""/>
  <member type="way" ref="1161816061" role=""/>
  <member type="way" ref="1104568111" role=""/>
  <member type="way" ref="1161816060" role=""/>
  <member type="way" ref="302383344" role=""/>
  <member type="way" ref="350287795" role=""/>
  <member type="way" ref="350287794" role=""/>
  <member type="way" ref="1161816057" role=""/>
  <member type="way" ref="1161816055" role=""/>
  <member type="way" ref="1161816051" role=""/>
  <member type="way" ref="1161816054" role=""/>
  <member type="way" ref="1161816053" role=""/>
  <member type="way" ref="1161816052" role=""/>
  <member type="way" ref="1104109358" role=""/>
  <member type="way" ref="1161816050" role=""/>
  <member type="way" ref="59586797" role=""/>
  <member type="way" ref="1161816047" role=""/>
  <member type="way" ref="1161816044" role=""/>
  <member type="way" ref="1161816045" role=""/>
  <member type="way" ref="1161816043" role=""/>
  <member type="way" ref="1161816041" role=""/>
  <member type="way" ref="1161816042" role=""/>
  <member type="way" ref="1161816039" role=""/>
  <member type="way" ref="1161816037" role=""/>
  <member type="way" ref="1161816038" role=""/>
  <member type="way" ref="1161816034" role=""/>
  <member type="way" ref="651354379" role=""/>
  <member type="way" ref="1161816033" role=""/>
  <member type="way" ref="1161816032" role=""/>
  <member type="way" ref="233646559" role=""/>
  <member type="way" ref="362138193" role=""/>
  <member type="way" ref="1161816028" role=""/>
  <member type="way" ref="1161816029" role=""/>
  <member type="way" ref="827904778" role=""/>
  <member type="way" ref="1161816026" role=""/>
  <member type="way" ref="233646565" role=""/>
  <member type="way" ref="1161816024" role=""/>
  <member type="way" ref="233646561" role=""/>
  <member type="way" ref="1161816021" role=""/>
  <member type="way" ref="1161816020" role=""/>
  <member type="way" ref="1161816018" role=""/>
  <member type="way" ref="1161816017" role=""/>
  <member type="way" ref="1064832518" role=""/>
  <member type="way" ref="627851726" role=""/>
  <member type="way" ref="1104013227" role=""/>
  <member type="way" ref="627851729" role=""/>
  <member type="way" ref="1161816015" role=""/>
  <member type="way" ref="627851723" role=""/>
  <member type="way" ref="627851724" role=""/>
  <member type="way" ref="1161816013" role=""/>
  <member type="way" ref="184069988" role=""/>
  <member type="way" ref="184069984" role=""/>
  <member type="way" ref="1161816008" role=""/>
  <member type="way" ref="184069994" role=""/>
  <member type="way" ref="1161816005" role=""/>
  <member type="way" ref="1161816003" role=""/>
  <member type="way" ref="1161816002" role=""/>
  <member type="way" ref="1161816000" role=""/>
  <member type="way" ref="690569761" role=""/>
  <member type="way" ref="86982787" role=""/>
  <member type="way" ref="1161815998" role=""/>
  <member type="way" ref="1161815999" role=""/>
  <member type="way" ref="1161815996" role=""/>
  <member type="way" ref="1280104452" role=""/>
  <member type="way" ref="1385792767" role=""/>
  <member type="way" ref="187575881" role=""/>
  <member type="way" ref="1162577038" role=""/>
  <member type="way" ref="1162577039" role=""/>
  <member type="way" ref="1162577036" role=""/>
  <member type="way" ref="359346105" role=""/>
  <member type="way" ref="159204557" role=""/>
  <member type="way" ref="1103885603" role=""/>
  <member type="way" ref="359346102" role=""/>
  <member type="way" ref="159204585" role=""/>
  <member type="way" ref="1162577031" role=""/>
  <member type="way" ref="451958920" role=""/>
  <member type="way" ref="451958918" role=""/>
  <member type="way" ref="451958914" role=""/>
  <member type="way" ref="1162577021" role=""/>
  <member type="way" ref="1162577029" role=""/>
  <member type="way" ref="1162577027" role=""/>
  <member type="way" ref="1162577026" role=""/>
  <member type="way" ref="1162577024" role=""/>
  <member type="way" ref="1162577023" role=""/>
  <member type="way" ref="1162577022" role=""/>
  <member type="way" ref="1162577020" role=""/>
  <member type="way" ref="1162577018" role=""/>
  <member type="way" ref="1162577017" role=""/>
  <member type="way" ref="1014887619" role=""/>
  <member type="way" ref="1162577016" role=""/>
  <member type="way" ref="1162577010" role=""/>
  <member type="way" ref="1162577014" role=""/>
  <member type="way" ref="1162577013" role=""/>
  <member type="way" ref="1162577009" role=""/>
  <member type="way" ref="359351362" role=""/>
  <member type="way" ref="1162577007" role=""/>
  <member type="way" ref="1014887630" role=""/>
  <member type="way" ref="1162577002" role=""/>
  <member type="way" ref="1162577006" role=""/>
  <member type="way" ref="1162577003" role=""/>
  <member type="way" ref="359351344" role=""/>
  <member type="way" ref="1089241843" role=""/>
  <member type="way" ref="1162576998" role=""/>
  <member type="way" ref="359351353" role=""/>
  <member type="way" ref="1162576997" role=""/>
  <member type="way" ref="1535777635" role=""/>
  <member type="way" ref="359351349" role=""/>
  <member type="way" ref="1014905218" role=""/>
  <member type="way" ref="1162576996" role=""/>
  <member type="way" ref="359351332" role=""/>
  <member type="way" ref="1536205117" role=""/>
  <member type="way" ref="1536205116" role=""/>
  <member type="way" ref="1162576994" role=""/>
  <member type="way" ref="852163485" role=""/>
  <member type="way" ref="1162576992" role=""/>
  <member type="way" ref="67341943" role=""/>
  <member type="way" ref="1162576991" role=""/>
  <member type="way" ref="1162576990" role=""/>
  <member type="way" ref="1162576989" role=""/>
  <member type="way" ref="1162576988" role=""/>
  <member type="way" ref="292137134" role=""/>
  <member type="way" ref="58871134" role=""/>
  <member type="way" ref="1540922430" role=""/>
  <member type="way" ref="1540920657" role=""/>
  <member type="way" ref="1540922432" role=""/>
  <member type="way" ref="1540920658" role=""/>
  <member type="way" ref="58871202" role=""/>
  <member type="way" ref="1162576983" role=""/>
  <member type="way" ref="58871203" role=""/>
  <member type="way" ref="1162576980" role=""/>
  <member type="way" ref="58871302" role=""/>
  <member type="way" ref="58871326" role=""/>
  <member type="way" ref="1550579465" role=""/>
  <member type="way" ref="956582928" role=""/>
  <member type="way" ref="1089241839" role=""/>
  <member type="way" ref="1164318447" role=""/>
  <member type="way" ref="852146618" role=""/>
  <member type="way" ref="1089241838" role=""/>
  <member type="way" ref="1089241834" role=""/>
  <member type="way" ref="1162576977" role=""/>
  <member type="way" ref="1162576978" role=""/>
  <member type="way" ref="1162576966" role=""/>
  <member type="way" ref="1162576974" role=""/>
  <member type="way" ref="1162576972" role=""/>
  <member type="way" ref="149729890" role=""/>
  <member type="way" ref="468764371" role=""/>
  <member type="way" ref="1162576969" role=""/>
  <member type="way" ref="74194768" role=""/>
  <member type="way" ref="1088266606" role=""/>
  <member type="way" ref="1162576968" role=""/>
  <member type="way" ref="149729886" role=""/>
  <member type="way" ref="1162576967" role=""/>
  <member type="way" ref="1088266615" role=""/>
  <member type="way" ref="1162576964" role=""/>
  <member type="way" ref="1088266616" role=""/>
  <member type="way" ref="1299831365" role=""/>
  <member type="way" ref="1088266620" role=""/>
  <member type="way" ref="1299831367" role=""/>
  <member type="way" ref="689658101" role=""/>
  <member type="way" ref="1088266618" role=""/>
  <member type="way" ref="689658103" role=""/>
  <member type="way" ref="975102593" role=""/>
  <member type="way" ref="1162576960" role=""/>
  <member type="way" ref="1162576959" role=""/>
  <member type="way" ref="149866205" role=""/>
  <member type="way" ref="1162576955" role=""/>
  <member type="way" ref="1162576956" role=""/>
  <member type="way" ref="451952088" role=""/>
  <member type="way" ref="451952087" role=""/>
  <member type="way" ref="1162576953" role=""/>
  <member type="way" ref="1151188442" role=""/>
  <member type="way" ref="1162576951" role=""/>
  <member type="way" ref="1162576950" role=""/>
  <member type="way" ref="340647083" role=""/>
  <member type="way" ref="1524056093" role=""/>
  <member type="way" ref="1162914641" role=""/>
  <member type="way" ref="1162914640" role=""/>
  <member type="way" ref="1162914639" role=""/>
  <member type="way" ref="1162914638" role=""/>
  <member type="way" ref="1151188436" role=""/>
  <member type="way" ref="1162914637" role=""/>
  <member type="way" ref="293229169" role=""/>
  <member type="way" ref="1162914630" role=""/>
  <member type="way" ref="1162914626" role=""/>
  <member type="way" ref="1524051986" role=""/>
  <member type="way" ref="1162914625" role=""/>
  <member type="way" ref="1162914623" role=""/>
  <member type="way" ref="1162914622" role=""/>
  <member type="way" ref="1162914620" role=""/>
  <member type="way" ref="1162914619" role=""/>
  <member type="way" ref="1162914618" role=""/>
  <member type="way" ref="1162914616" role=""/>
  <member type="way" ref="787398103" role=""/>
  <member type="way" ref="1162914613" role=""/>
  <member type="way" ref="787398102" role=""/>
  <member type="way" ref="787398108" role=""/>
  <member type="way" ref="787398107" role=""/>
  <member type="way" ref="1162914610" role=""/>
  <member type="way" ref="787398112" role=""/>
  <member type="way" ref="1162914608" role=""/>
  <member type="way" ref="1162914607" role=""/>
  <member type="way" ref="1158890590" role=""/>
  <member type="way" ref="1151175412" role=""/>
  <member type="way" ref="727737713" role=""/>
  <member type="way" ref="727735646" role=""/>
  <member type="way" ref="526943431" role=""/>
  <member type="way" ref="1162914599" role=""/>
  <member type="way" ref="1084102564" role=""/>
  <member type="way" ref="1162914598" role=""/>
  <member type="way" ref="1162914597" role=""/>
  <member type="way" ref="756400169" role=""/>
  <member type="way" ref="1162914595" role=""/>
  <member type="way" ref="1546908533" role=""/>
  <member type="way" ref="1071837809" role=""/>
  <member type="way" ref="1071837811" role=""/>
  <member type="way" ref="1084110813" role=""/>
  <member type="way" ref="1103262830" role=""/>
  <member type="way" ref="1162914590" role=""/>
  <member type="way" ref="1162914587" role=""/>
  <member type="way" ref="1162914588" role=""/>
  <member type="way" ref="168959155" role=""/>
  <member type="way" ref="1162914585" role=""/>
  <member type="way" ref="117600634" role=""/>
  <member type="way" ref="117600630" role=""/>
  <member type="way" ref="1162914584" role=""/>
  <member type="way" ref="1162914581" role=""/>
  <member type="way" ref="1162914583" role=""/>
  <member type="way" ref="1162914578" role=""/>
  <member type="way" ref="1162914577" role=""/>
  <member type="way" ref="1162914575" role=""/>
  <member type="way" ref="925964030" role=""/>
  <member type="way" ref="1162914573" role=""/>
  <member type="way" ref="1162914571" role=""/>
  <member type="way" ref="809059790" role=""/>
  <member type="way" ref="1162914569" role=""/>
  <member type="way" ref="1162914567" role=""/>
  <member type="way" ref="1162914570" role=""/>
  <member type="way" ref="809059791" role=""/>
  <member type="way" ref="1162914566" role=""/>
  <member type="way" ref="996129564" role=""/>
  <member type="way" ref="424974351" role=""/>
  <member type="way" ref="756400223" role=""/>
  <member type="way" ref="1162914562" role=""/>
  <member type="way" ref="1162914560" role=""/>
  <member type="way" ref="1162914558" role=""/>
  <member type="way" ref="1162914556" role=""/>
  <member type="way" ref="1162914554" role=""/>
  <member type="way" ref="114190325" role=""/>
  <member type="way" ref="1162914552" role=""/>
  <member type="way" ref="1151134484" role=""/>
  <member type="way" ref="1162914551" role=""/>
  <member type="way" ref="1162914550" role=""/>
  <member type="way" ref="129081338" role=""/>
  <member type="way" ref="1441916464" role=""/>
  <member type="way" ref="1162914549" role=""/>
  <member type="way" ref="1441916469" role=""/>
  <member type="way" ref="1162914548" role=""/>
  <member type="way" ref="1058878991" role=""/>
  <member type="way" ref="1058878992" role=""/>
  <member type="way" ref="1441916468" role=""/>
  <member type="way" ref="1058848328" role=""/>
  <member type="way" ref="1441916465" role=""/>
  <member type="way" ref="1162914544" role=""/>
  <member type="way" ref="80327332" role=""/>
  <member type="way" ref="1162914542" role=""/>
  <member type="way" ref="736802421" role=""/>
  <member type="way" ref="1162914541" role=""/>
  <member type="way" ref="1162914540" role=""/>
  <member type="way" ref="736802422" role=""/>
  <member type="way" ref="114190269" role=""/>
  <member type="way" ref="1162914537" role=""/>
  <member type="way" ref="1058929821" role=""/>
  <member type="way" ref="1451461077" role=""/>
  <member type="way" ref="1162914534" role=""/>
  <member type="way" ref="1151125529" role=""/>
  <member type="way" ref="1162914532" role=""/>
  <member type="way" ref="1058904398" role=""/>
  <member type="way" ref="1162914531" role=""/>
  <member type="way" ref="1162914527" role=""/>
  <member type="way" ref="1162914530" role=""/>
  <member type="way" ref="1162914529" role=""/>
  <member type="way" ref="1162914526" role=""/>
  <member type="way" ref="1162914524" role=""/>
  <member type="way" ref="1162914523" role=""/>
  <member type="way" ref="1162914522" role=""/>
  <member type="way" ref="1418653207" role=""/>
  <member type="way" ref="1418651329" role=""/>
  <member type="way" ref="1418652626" role=""/>
  <member type="way" ref="1418652625" role=""/>
  <member type="way" ref="342993429" role=""/>
  <member type="way" ref="1162914517" role=""/>
  <member type="way" ref="800173412" role=""/>
  <member type="way" ref="342993430" role=""/>
  <member type="way" ref="1162914514" role=""/>
  <member type="way" ref="1162914510" role=""/>
  <member type="way" ref="1162914508" role=""/>
  <member type="way" ref="1162914506" role=""/>
  <member type="way" ref="912298548" role=""/>
  <member type="way" ref="1162914503" role=""/>
  <member type="way" ref="1162914504" role=""/>
  <member type="way" ref="1162914501" role=""/>
  <member type="way" ref="1162914499" role=""/>
  <member type="way" ref="1162914498" role=""/>
  <member type="way" ref="1162914494" role=""/>
  <member type="way" ref="804184629" role=""/>
  <member type="way" ref="804184627" role=""/>
  <member type="way" ref="1162914492" role=""/>
  <member type="way" ref="1162914491" role=""/>
  <member type="way" ref="1162914490" role=""/>
  <member type="way" ref="1162914488" role=""/>
  <member type="way" ref="1162914486" role=""/>
  <member type="way" ref="1162914484" role=""/>
  <member type="way" ref="1162914483" role=""/>
  <member type="way" ref="292987780" role=""/>
  <member type="way" ref="1162914481" role=""/>
  <member type="way" ref="1162914472" role=""/>
  <member type="way" ref="1162914470" role=""/>
  <member type="way" ref="1162914480" role=""/>
  <member type="way" ref="1162914476" role=""/>
  <member type="way" ref="1162914474" role=""/>
  <member type="way" ref="1162914473" role=""/>
  <member type="way" ref="1162919955" role=""/>
  <member type="way" ref="1162919953" role=""/>
  <member type="way" ref="1162919952" role=""/>
  <member type="way" ref="804173917" role=""/>
  <member type="way" ref="245767711" role=""/>
  <member type="way" ref="100967795" role=""/>
  <member type="way" ref="289892192" role=""/>
  <member type="way" ref="245767709" role=""/>
  <member type="way" ref="1162919948" role=""/>
  <member type="way" ref="1164702401" role=""/>
  <member type="way" ref="1164702400" role=""/>
  <member type="way" ref="800173423" role=""/>
  <member type="way" ref="1162919946" role=""/>
  <member type="way" ref="189515818" role=""/>
  <member type="way" ref="1162919944" role=""/>
  <member type="way" ref="1228977162" role=""/>
  <member type="way" ref="1162919941" role=""/>
  <member type="way" ref="1162919942" role=""/>
  <member type="way" ref="1162919937" role=""/>
  <member type="way" ref="1162919938" role=""/>
  <member type="way" ref="1215722289" role=""/>
  <member type="way" ref="995983462" role=""/>
  <member type="way" ref="117515014" role=""/>
  <member type="way" ref="165626542" role=""/>
  <member type="way" ref="1215722294" role=""/>
  <member type="way" ref="204085869" role=""/>
  <member type="way" ref="1304581051" role=""/>
  <member type="way" ref="995983464" role=""/>
  <member type="way" ref="995983463" role=""/>
  <member type="way" ref="995983461" role=""/>
  <member type="way" ref="1304581051" role=""/>
  <member type="way" ref="995983464" role=""/>
  <member type="way" ref="1215722296" role=""/>
  <member type="way" ref="1215722290" role=""/>
  <member type="way" ref="995983469" role=""/>
  <member type="way" ref="995983468" role=""/>
  <member type="way" ref="1193409725" role=""/>
  <member type="way" ref="995983470" role=""/>
  <member type="way" ref="1215722297" role=""/>
  <member type="way" ref="1215722295" role=""/>
  <member type="way" ref="1215722295" role=""/>
  <member type="way" ref="1216771195" role=""/>
  <member type="way" ref="1216771195" role=""/>
  <member type="way" ref="1166137558" role=""/>
  <member type="way" ref="1168293897" role=""/>
  <member type="way" ref="1508816019" role=""/>
  <member type="way" ref="1215722299" role=""/>
  <member type="way" ref="1351165966" role=""/>
  <member type="way" ref="1215722298" role=""/>
  <member type="way" ref="1351165965" role=""/>
  <member type="way" ref="1086068607" role=""/>
  <member type="way" ref="699750790" role=""/>
  <member type="way" ref="699750790" role=""/>
  <member type="way" ref="1215722300" role=""/>
  <member type="way" ref="1215722301" role=""/>
  <member type="way" ref="957084113" role=""/>
  <member type="way" ref="1215722302" role=""/>
  <member type="way" ref="1215722303" role=""/>
  <member type="way" ref="358472688" role=""/>
  <member type="way" ref="1215722304" role=""/>
  <member type="way" ref="449868519" role=""/>
  <member type="way" ref="1456522151" role=""/>
  <member type="way" ref="95488647" role=""/>
  <member type="way" ref="969841656" role=""/>
  <member type="way" ref="1215722305" role=""/>
  <member type="way" ref="1215722306" role=""/>
  <member type="way" ref="118415639" role=""/>
  <member type="way" ref="118415638" role=""/>
  <member type="way" ref="358469061" role=""/>
  <member type="way" ref="358469060" role=""/>
  <member type="way" ref="1215722308" role=""/>
  <member type="way" ref="1215722309" role=""/>
  <member type="way" ref="118415235" role=""/>
  <member type="way" ref="324502958" role=""/>
  <member type="way" ref="956937560" role=""/>
  <member type="way" ref="324503115" role=""/>
  <member type="way" ref="1215722310" role=""/>
  <member type="way" ref="289375418" role=""/>
  <member type="way" ref="1215722311" role=""/>
  <member type="way" ref="784730671" role=""/>
  <member type="way" ref="1418664679" role=""/>
  <member type="way" ref="1418666385" role=""/>
  <member type="way" ref="1419107799" role=""/>
  <member type="way" ref="1418666386" role=""/>
  <member type="way" ref="1174740247" role=""/>
  <member type="way" ref="959035978" role=""/>
  <member type="way" ref="959035979" role=""/>
  <member type="way" ref="613852672" role=""/>
  <member type="way" ref="110175770" role=""/>
  <member type="way" ref="957191127" role=""/>
  <member type="way" ref="496191457" role=""/>
  <member type="way" ref="603013880" role=""/>
  <member type="way" ref="72525987" role=""/>
  <member type="way" ref="1041507433" role=""/>
  <member type="way" ref="72525979" role=""/>
  <member type="way" ref="1215723945" role=""/>
  <member type="way" ref="361597830" role=""/>
  <member type="way" ref="72525968" role=""/>
  <member type="way" ref="1041542004" role=""/>
  <member type="way" ref="952854699" role=""/>
  <member type="way" ref="356953004" role=""/>
  <member type="way" ref="353464762" role=""/>
  <member type="way" ref="1041542005" role=""/>
  <member type="way" ref="226449207" role=""/>
  <member type="way" ref="1041507435" role=""/>
  <member type="way" ref="126093543" role=""/>
  <member type="way" ref="126093576" role=""/>
  <member type="way" ref="356953005" role=""/>
  <member type="way" ref="356953006" role=""/>
  <member type="way" ref="1041507436" role=""/>
  <member type="way" ref="114722984" role=""/>
  <member type="way" ref="1005976909" role=""/>
  <member type="way" ref="601593357" role=""/>
  <member type="way" ref="1005976910" role=""/>
  <member type="way" ref="968242771" role=""/>
  <member type="way" ref="419467860" role=""/>
  <member type="way" ref="601593354" role=""/>
  <member type="way" ref="419467859" role=""/>
  <member type="way" ref="992993049" role=""/>
  <member type="way" ref="601600018" role=""/>
  <member type="way" ref="601600019" role=""/>
  <member type="way" ref="419467303" role=""/>
  <member type="way" ref="1041507438" role=""/>
  <member type="way" ref="1041507439" role=""/>
  <member type="way" ref="126093530" role=""/>
  <member type="way" ref="126093556" role=""/>
  <member type="way" ref="1060034365" role=""/>
  <member type="way" ref="1060034366" role=""/>
  <member type="way" ref="1041507441" role=""/>
  <member type="way" ref="356963750" role=""/>
  <member type="way" ref="842584801" role=""/>
  <member type="way" ref="1041507442" role=""/>
  <member type="way" ref="952854695" role=""/>
  <member type="way" ref="1041507443" role=""/>
  <member type="way" ref="842584797" role=""/>
  <member type="way" ref="842584798" role=""/>
  <member type="way" ref="72526022" role=""/>
  <member type="way" ref="416761605" role=""/>
  <member type="way" ref="1215723950" role=""/>
  <member type="way" ref="1316720152" role=""/>
  <member type="way" ref="1389241787" role=""/>
  <member type="way" ref="1389241788" role=""/>
  <member type="way" ref="1389241788" role=""/>
  <member type="way" ref="1389241787" role=""/>
  <member type="way" ref="1389241786" role=""/>
  <member type="way" ref="1389241786" role=""/>
  <member type="way" ref="166962147" role=""/>
  <tag k="email" v="volgatrail@ecotourism.tatar"/>
  <tag k="name" v="Волжская тропа"/>
  <tag k="name:ru" v="Волжская тропа"/>
  <tag k="network" v="rwn"/>
  <tag k="osmc:symbol" v="blue:white:blue_diamond"/>
  <tag k="roundtrip" v="no"/>
  <tag k="route" v="hiking"/>
  <tag k="type" v="route"/>
  <tag k="website" v="https://ecotourism.tatar/volgatrail"/>
 </relation>
</osm>
