<?xml version="1.0" encoding="UTF-8"?>
<osm version="0.6" generator="openstreetmap-cgimap 2.1.0 (244686 spike-07.openstreetmap.org)" copyright="OpenStreetMap and contributors" attribution="http://www.openstreetmap.org/copyright" license="http://opendatacommons.org/licenses/odbl/1-0/">
 <bounds minlat="55.7430169" minlon="48.7280383" maxlat="55.7457118" maxlon="48.7328260"/>
 <node id="695151179" visible="true" version="6" changeset="49296911" timestamp="2017-06-06T07:42:38Z" user="NeoChapay" uid="96925" lat="55.7446111" lon="48.7285129"/>
 <node id="695151181" visible="true" version="7" changeset="49296911" timestamp="2017-06-06T07:42:38Z" user="NeoChapay" uid="96925" lat="55.7501151" lon="48.7219007"/>
 <node id="695151199" visible="true" version="4" changeset="29972832" timestamp="2015-04-04T14:00:55Z" user="hlam-2008" uid="2564978" lat="55.7451770" lon="48.7302248"/>
 <node id="695151200" visible="true" version="5" changeset="29972832" timestamp="2015-04-04T14:00:55Z" user="hlam-2008" uid="2564978" lat="55.7462245" lon="48.7332689"/>
 <node id="1006648233" visible="true" version="5" changeset="49296911" timestamp="2017-06-06T07:42:38Z" user="NeoChapay" uid="96925" lat="55.7492961" lon="48.7230622"/>
 <node id="1006684554" visible="true" version="4" changeset="49296911" timestamp="2017-06-06T07:42:38Z" user="NeoChapay" uid="96925" lat="55.7461021" lon="48.7268226"/>
 <node id="1006694405" visible="true" version="1" changeset="6467303" timestamp="2010-11-27T07:50:01Z" user="shafr" uid="261620" lat="55.7482265" lon="48.7279968"/>
 <node id="1006694408" visible="true" version="1" changeset="6467303" timestamp="2010-11-27T07:50:01Z" user="shafr" uid="261620" lat="55.7484802" lon="48.7282543"/>
 <node id="1006694410" visible="true" version="1" changeset="6467303" timestamp="2010-11-27T07:50:01Z" user="shafr" uid="261620" lat="55.7488908" lon="48.7284689"/>
 <node id="1006694412" visible="true" version="1" changeset="6467303" timestamp="2010-11-27T07:50:01Z" user="shafr" uid="261620" lat="55.7494342" lon="48.7282757"/>
 <node id="1006694413" visible="true" version="1" changeset="6467303" timestamp="2010-11-27T07:50:01Z" user="shafr" uid="261620" lat="55.7498569" lon="48.7285976"/>
 <node id="1006694414" visible="true" version="1" changeset="6467303" timestamp="2010-11-27T07:50:01Z" user="shafr" uid="261620" lat="55.7501467" lon="48.7285547"/>
 <node id="1006694415" visible="true" version="1" changeset="6467303" timestamp="2010-11-27T07:50:01Z" user="shafr" uid="261620" lat="55.7519099" lon="48.7289624"/>
 <node id="1006694416" visible="true" version="1" changeset="6467303" timestamp="2010-11-27T07:50:01Z" user="shafr" uid="261620" lat="55.7525499" lon="48.7281470"/>
 <node id="1006694424" visible="true" version="1" changeset="6467303" timestamp="2010-11-27T07:50:01Z" user="shafr" uid="261620" lat="55.7529242" lon="48.7281685"/>
 <node id="1006694425" visible="true" version="1" changeset="6467303" timestamp="2010-11-27T07:50:01Z" user="shafr" uid="261620" lat="55.7535521" lon="48.7278681"/>
 <node id="1006694426" visible="true" version="1" changeset="6467303" timestamp="2010-11-27T07:50:01Z" user="shafr" uid="261620" lat="55.7536970" lon="48.7280612"/>
 <node id="1006694427" visible="true" version="1" changeset="6467303" timestamp="2010-11-27T07:50:01Z" user="shafr" uid="261620" lat="55.7535884" lon="48.7282543"/>
 <node id="1006694428" visible="true" version="1" changeset="6467303" timestamp="2010-11-27T07:50:02Z" user="shafr" uid="261620" lat="55.7537453" lon="48.7288122"/>
 <node id="1006694430" visible="true" version="1" changeset="6467303" timestamp="2010-11-27T07:50:02Z" user="shafr" uid="261620" lat="55.7540835" lon="48.7283616"/>
 <node id="1006694432" visible="true" version="1" changeset="6467303" timestamp="2010-11-27T07:50:02Z" user="shafr" uid="261620" lat="55.7540352" lon="48.7279324"/>
 <node id="1006694435" visible="true" version="1" changeset="6467303" timestamp="2010-11-27T07:50:02Z" user="shafr" uid="261620" lat="55.7543008" lon="48.7275676"/>
 <node id="1006694437" visible="true" version="1" changeset="6467303" timestamp="2010-11-27T07:50:02Z" user="shafr" uid="261620" lat="55.7542525" lon="48.7269025"/>
 <node id="1718994284" visible="true" version="4" changeset="141693861" timestamp="2023-09-24T18:01:28Z" user="Corsa5" uid="7731115" lat="55.7516576" lon="48.7182128"/>
 <node id="2021102219" visible="true" version="6" changeset="141693861" timestamp="2023-09-24T18:01:28Z" user="Corsa5" uid="7731115" lat="55.7538993" lon="48.7128765"/>
 <node id="2021102230" visible="true" version="2" changeset="26154715" timestamp="2014-10-17T19:56:20Z" user="Art'y" uid="235335" lat="55.7545560" lon="48.7254358"/>
 <node id="2021102232" visible="true" version="2" changeset="26154715" timestamp="2014-10-17T19:56:20Z" user="Art'y" uid="235335" lat="55.7570461" lon="48.7246936"/>
 <node id="2021102234" visible="true" version="1" changeset="13927725" timestamp="2012-11-19T05:16:56Z" user="AHTOH" uid="204562" lat="55.7575509" lon="48.7246191"/>
 <node id="2021102240" visible="true" version="1" changeset="13927725" timestamp="2012-11-19T05:16:56Z" user="AHTOH" uid="204562" lat="55.7581962" lon="48.7245419"/>
 <node id="2050759298" visible="true" version="3" changeset="49296911" timestamp="2017-06-06T07:42:38Z" user="NeoChapay" uid="96925" lat="55.7497365" lon="48.7225207"/>
 <node id="2050759306" visible="true" version="3" changeset="49296911" timestamp="2017-06-06T07:42:38Z" user="NeoChapay" uid="96925" lat="55.7504663" lon="48.7211101"/>
 <node id="3573177827" visible="true" version="3" changeset="49213823" timestamp="2017-06-03T06:57:50Z" user="acsd" uid="345493" lat="55.7376528" lon="48.7363206"/>
 <node id="3600598666" visible="true" version="2" changeset="49296911" timestamp="2017-06-06T07:42:38Z" user="NeoChapay" uid="96925" lat="55.7456041" lon="48.7273927"/>
 <node id="3600598668" visible="true" version="1" changeset="32030933" timestamp="2015-06-17T14:40:46Z" user="dbanisimov" uid="2963812" lat="55.7458380" lon="48.7283207"/>
 <node id="3702303828" visible="true" version="2" changeset="49296911" timestamp="2017-06-06T07:42:38Z" user="NeoChapay" uid="96925" lat="55.7462455" lon="48.7266783"/>
 <node id="4719046628" visible="true" version="1" changeset="46604181" timestamp="2017-03-05T19:23:17Z" user="Daniil Musatov" uid="2261094" lat="55.7454345" lon="48.7292775"/>
 <node id="4719046629" visible="true" version="1" changeset="46604181" timestamp="2017-03-05T19:23:17Z" user="Daniil Musatov" uid="2261094" lat="55.7463524" lon="48.7329038"/>
 <node id="4719046630" visible="true" version="1" changeset="46604181" timestamp="2017-03-05T19:23:17Z" user="Daniil Musatov" uid="2261094" lat="55.7473790" lon="48.7342235"/>
 <node id="4719046631" visible="true" version="1" changeset="46604181" timestamp="2017-03-05T19:23:17Z" user="Daniil Musatov" uid="2261094" lat="55.7479466" lon="48.7336656"/>
 <node id="4719046632" visible="true" version="1" changeset="46604181" timestamp="2017-03-05T19:23:17Z" user="Daniil Musatov" uid="2261094" lat="55.7479406" lon="48.7332579"/>
 <node id="4719046633" visible="true" version="1" changeset="46604181" timestamp="2017-03-05T19:23:17Z" user="Daniil Musatov" uid="2261094" lat="55.7486169" lon="48.7332471"/>
 <node id="4719046634" visible="true" version="1" changeset="46604181" timestamp="2017-03-05T19:23:17Z" user="Daniil Musatov" uid="2261094" lat="55.7489550" lon="48.7317880"/>
 <node id="4719046635" visible="true" version="1" changeset="46604181" timestamp="2017-03-05T19:23:17Z" user="Daniil Musatov" uid="2261094" lat="55.7485746" lon="48.7308010"/>
 <node id="4719046636" visible="true" version="1" changeset="46604181" timestamp="2017-03-05T19:23:17Z" user="Daniil Musatov" uid="2261094" lat="55.7486954" lon="48.7290951"/>
 <node id="4719046637" visible="true" version="1" changeset="46604181" timestamp="2017-03-05T19:23:17Z" user="Daniil Musatov" uid="2261094" lat="55.7486894" lon="48.7285479"/>
 <node id="4719046638" visible="true" version="1" changeset="46604181" timestamp="2017-03-05T19:23:17Z" user="Daniil Musatov" uid="2261094" lat="55.7482123" lon="48.7282690"/>
 <node id="4719046639" visible="true" version="1" changeset="46604181" timestamp="2017-03-05T19:23:17Z" user="Daniil Musatov" uid="2261094" lat="55.7478983" lon="48.7285694"/>
 <node id="4719046640" visible="true" version="1" changeset="46604181" timestamp="2017-03-05T19:23:17Z" user="Daniil Musatov" uid="2261094" lat="55.7473005" lon="48.7287518"/>
 <node id="4719046641" visible="true" version="1" changeset="46604181" timestamp="2017-03-05T19:23:17Z" user="Daniil Musatov" uid="2261094" lat="55.7463826" lon="48.7282368"/>
 <node id="4770532254" visible="true" version="1" changeset="47372831" timestamp="2017-04-02T05:42:57Z" user="bekreyev" uid="327803" lat="55.7460454" lon="48.7286979"/>
 <node id="4770532255" visible="true" version="1" changeset="47372831" timestamp="2017-04-02T05:42:57Z" user="bekreyev" uid="327803" lat="55.7454282" lon="48.7292749"/>
 <node id="4770532256" visible="true" version="1" changeset="47372831" timestamp="2017-04-02T05:42:57Z" user="bekreyev" uid="327803" lat="55.7462840" lon="48.7326934"/>
 <node id="4770532257" visible="true" version="1" changeset="47372831" timestamp="2017-04-02T05:42:57Z" user="bekreyev" uid="327803" lat="55.7457150" lon="48.7294498"/>
 <node id="4770532258" visible="true" version="1" changeset="47372831" timestamp="2017-04-02T05:42:57Z" user="bekreyev" uid="327803" lat="55.7456572" lon="48.7294971"/>
 <node id="4770532259" visible="true" version="1" changeset="47372831" timestamp="2017-04-02T05:42:57Z" user="bekreyev" uid="327803" lat="55.7458029" lon="48.7300597"/>
 <node id="4770532260" visible="true" version="1" changeset="47372831" timestamp="2017-04-02T05:42:57Z" user="bekreyev" uid="327803" lat="55.7458607" lon="48.7300124"/>
 <node id="4770532261" visible="true" version="2" changeset="49296911" timestamp="2017-06-06T07:42:38Z" user="NeoChapay" uid="96925" lat="55.7456636" lon="48.7273140"/>
 <node id="4770532284" visible="true" version="2" changeset="134503756" timestamp="2023-04-04T16:24:32Z" user="CometSeeker" uid="231327" lat="55.7476502" lon="48.7371176"/>
 <node id="4770629757" visible="true" version="1" changeset="47374278" timestamp="2017-04-02T07:42:11Z" user="bekreyev" uid="327803" lat="55.7304568" lon="48.7424640"/>
 <node id="4770629758" visible="true" version="1" changeset="47374278" timestamp="2017-04-02T07:42:11Z" user="bekreyev" uid="327803" lat="55.7308643" lon="48.7420412"/>
 <node id="4770629759" visible="true" version="1" changeset="47374278" timestamp="2017-04-02T07:42:11Z" user="bekreyev" uid="327803" lat="55.7312947" lon="48.7416102"/>
 <node id="4770629760" visible="true" version="1" changeset="47374278" timestamp="2017-04-02T07:42:11Z" user="bekreyev" uid="327803" lat="55.7317937" lon="48.7411082"/>
 <node id="4770629761" visible="true" version="1" changeset="47374278" timestamp="2017-04-02T07:42:11Z" user="bekreyev" uid="327803" lat="55.7323030" lon="48.7405878"/>
 <node id="4770629762" visible="true" version="1" changeset="47374278" timestamp="2017-04-02T07:42:11Z" user="bekreyev" uid="327803" lat="55.7327997" lon="48.7400694"/>
 <node id="4770629763" visible="true" version="1" changeset="47374278" timestamp="2017-04-02T07:42:11Z" user="bekreyev" uid="327803" lat="55.7333091" lon="48.7395653"/>
 <node id="4770629764" visible="true" version="1" changeset="47374278" timestamp="2017-04-02T07:42:11Z" user="bekreyev" uid="327803" lat="55.7338001" lon="48.7390632"/>
 <node id="4770629765" visible="true" version="1" changeset="47374278" timestamp="2017-04-02T07:42:11Z" user="bekreyev" uid="327803" lat="55.7342979" lon="48.7385652"/>
 <node id="4770629766" visible="true" version="1" changeset="47374278" timestamp="2017-04-02T07:42:11Z" user="bekreyev" uid="327803" lat="55.7348061" lon="48.7380509"/>
 <node id="4770629767" visible="true" version="1" changeset="47374278" timestamp="2017-04-02T07:42:11Z" user="bekreyev" uid="327803" lat="55.7353314" lon="48.7375265"/>
 <node id="4770629768" visible="true" version="1" changeset="47374278" timestamp="2017-04-02T07:42:11Z" user="bekreyev" uid="327803" lat="55.7358361" lon="48.7370407"/>
 <node id="4770629769" visible="true" version="1" changeset="47374278" timestamp="2017-04-02T07:42:11Z" user="bekreyev" uid="327803" lat="55.7361245" lon="48.7367500"/>
 <node id="4770629770" visible="true" version="1" changeset="47374278" timestamp="2017-04-02T07:42:11Z" user="bekreyev" uid="327803" lat="55.7363431" lon="48.7365487"/>
 <node id="4770629771" visible="true" version="1" changeset="47374278" timestamp="2017-04-02T07:42:11Z" user="bekreyev" uid="327803" lat="55.7367958" lon="48.7361158"/>
 <node id="4770629772" visible="true" version="1" changeset="47374278" timestamp="2017-04-02T07:42:11Z" user="bekreyev" uid="327803" lat="55.7372745" lon="48.7356290"/>
 <node id="4770629773" visible="true" version="1" changeset="47374278" timestamp="2017-04-02T07:42:11Z" user="bekreyev" uid="327803" lat="55.7377741" lon="48.7351453"/>
 <node id="4770629774" visible="true" version="1" changeset="47374278" timestamp="2017-04-02T07:42:11Z" user="bekreyev" uid="327803" lat="55.7382303" lon="48.7346955"/>
 <node id="4770629775" visible="true" version="1" changeset="47374278" timestamp="2017-04-02T07:42:11Z" user="bekreyev" uid="327803" lat="55.7387264" lon="48.7342056"/>
 <node id="4770629776" visible="true" version="1" changeset="47374278" timestamp="2017-04-02T07:42:11Z" user="bekreyev" uid="327803" lat="55.7392103" lon="48.7337342"/>
 <node id="4770629777" visible="true" version="1" changeset="47374278" timestamp="2017-04-02T07:42:11Z" user="bekreyev" uid="327803" lat="55.7400752" lon="48.7328332"/>
 <node id="4770629778" visible="true" version="1" changeset="47374278" timestamp="2017-04-02T07:42:11Z" user="bekreyev" uid="327803" lat="55.7412310" lon="48.7314713"/>
 <node id="4770629779" visible="true" version="1" changeset="47374278" timestamp="2017-04-02T07:42:11Z" user="bekreyev" uid="327803" lat="55.7416040" lon="48.7310241"/>
 <node id="4770629780" visible="true" version="1" changeset="47374278" timestamp="2017-04-02T07:42:11Z" user="bekreyev" uid="327803" lat="55.7420331" lon="48.7305281"/>
 <node id="4770629781" visible="true" version="1" changeset="47374278" timestamp="2017-04-02T07:42:11Z" user="bekreyev" uid="327803" lat="55.7424508" lon="48.7300280"/>
 <node id="4770629782" visible="true" version="1" changeset="47374278" timestamp="2017-04-02T07:42:11Z" user="bekreyev" uid="327803" lat="55.7429005" lon="48.7295097"/>
 <node id="4770629783" visible="true" version="1" changeset="47374278" timestamp="2017-04-02T07:42:11Z" user="bekreyev" uid="327803" lat="55.7433307" lon="48.7290015"/>
 <node id="4770629784" visible="true" version="1" changeset="47374278" timestamp="2017-04-02T07:42:11Z" user="bekreyev" uid="327803" lat="55.7437609" lon="48.7284892"/>
 <node id="4770629785" visible="true" version="1" changeset="47374278" timestamp="2017-04-02T07:42:11Z" user="bekreyev" uid="327803" lat="55.7441763" lon="48.7279994"/>
 <node id="4770629786" visible="true" version="1" changeset="47374278" timestamp="2017-04-02T07:42:11Z" user="bekreyev" uid="327803" lat="55.7445847" lon="48.7275196"/>
 <node id="4770629787" visible="true" version="1" changeset="47374278" timestamp="2017-04-02T07:42:11Z" user="bekreyev" uid="327803" lat="55.7449806" lon="48.7270460"/>
 <node id="4770629788" visible="true" version="1" changeset="47374278" timestamp="2017-04-02T07:42:11Z" user="bekreyev" uid="327803" lat="55.7453662" lon="48.7265886"/>
 <node id="4770629789" visible="true" version="1" changeset="47374278" timestamp="2017-04-02T07:42:11Z" user="bekreyev" uid="327803" lat="55.7456786" lon="48.7262349"/>
 <node id="4770629790" visible="true" version="1" changeset="47374278" timestamp="2017-04-02T07:42:11Z" user="bekreyev" uid="327803" lat="55.7461042" lon="48.7257349"/>
 <node id="4770629791" visible="true" version="1" changeset="47374278" timestamp="2017-04-02T07:42:11Z" user="bekreyev" uid="327803" lat="55.7464715" lon="48.7252938"/>
 <node id="4770629792" visible="true" version="1" changeset="47374278" timestamp="2017-04-02T07:42:11Z" user="bekreyev" uid="327803" lat="55.7468651" lon="48.7248466"/>
 <node id="4770629793" visible="true" version="1" changeset="47374278" timestamp="2017-04-02T07:42:11Z" user="bekreyev" uid="327803" lat="55.7472518" lon="48.7243709"/>
 <node id="4770629794" visible="true" version="1" changeset="47374278" timestamp="2017-04-02T07:42:11Z" user="bekreyev" uid="327803" lat="55.7476511" lon="48.7239115"/>
 <node id="4770629795" visible="true" version="1" changeset="47374278" timestamp="2017-04-02T07:42:11Z" user="bekreyev" uid="327803" lat="55.7480526" lon="48.7234359"/>
 <node id="4770629796" visible="true" version="1" changeset="47374278" timestamp="2017-04-02T07:42:11Z" user="bekreyev" uid="327803" lat="55.7484290" lon="48.7229826"/>
 <node id="4770629797" visible="true" version="1" changeset="47374278" timestamp="2017-04-02T07:42:11Z" user="bekreyev" uid="327803" lat="55.7488363" lon="48.7225028"/>
 <node id="4770629798" visible="true" version="1" changeset="47374278" timestamp="2017-04-02T07:42:11Z" user="bekreyev" uid="327803" lat="55.7491704" lon="48.7221004"/>
 <node id="6643070652" visible="true" version="1" changeset="72592265" timestamp="2019-07-24T09:23:51Z" user="NeoChapay" uid="96925" lat="55.7461831" lon="48.7267411"/>
 <node id="9354021108" visible="true" version="1" changeset="115182160" timestamp="2021-12-20T21:25:45Z" user="acsd" uid="345493" lat="55.7425834" lon="48.7308756"/>
 <node id="9692075580" visible="true" version="1" changeset="120164577" timestamp="2022-04-25T12:31:23Z" user="NeoChapay" uid="96925" lat="55.7486266" lon="48.7309360"/>
 <node id="10784741996" visible="true" version="1" changeset="134503756" timestamp="2023-04-04T16:24:32Z" user="CometSeeker" uid="231327" lat="55.7468961" lon="48.7350819"/>
 <node id="11144723314" visible="true" version="1" changeset="140389220" timestamp="2023-08-25T21:17:10Z" user="dpolovinkin" uid="6710042" lat="55.7445905" lon="48.7287051"/>
 <node id="11144723315" visible="true" version="1" changeset="140389220" timestamp="2023-08-25T21:17:10Z" user="dpolovinkin" uid="6710042" lat="55.7463409" lon="48.7338602"/>
 <node id="11144723316" visible="true" version="1" changeset="140389220" timestamp="2023-08-25T21:17:10Z" user="dpolovinkin" uid="6710042" lat="55.7475803" lon="48.7370847"/>
 <node id="11144723317" visible="true" version="1" changeset="140389220" timestamp="2023-08-25T21:17:10Z" user="dpolovinkin" uid="6710042" lat="55.7474977" lon="48.7376612"/>
 <node id="11144723318" visible="true" version="1" changeset="140389220" timestamp="2023-08-25T21:17:10Z" user="dpolovinkin" uid="6710042" lat="55.7474010" lon="48.7378383"/>
 <node id="11144723319" visible="true" version="1" changeset="140389220" timestamp="2023-08-25T21:17:10Z" user="dpolovinkin" uid="6710042" lat="55.7475369" lon="48.7383801"/>
 <node id="11144723320" visible="true" version="1" changeset="140389220" timestamp="2023-08-25T21:17:10Z" user="dpolovinkin" uid="6710042" lat="55.7473376" lon="48.7388629"/>
 <node id="11144723321" visible="true" version="1" changeset="140389220" timestamp="2023-08-25T21:17:10Z" user="dpolovinkin" uid="6710042" lat="55.7452512" lon="48.7354779"/>
 <node id="11144723322" visible="true" version="1" changeset="140389220" timestamp="2023-08-25T21:17:10Z" user="dpolovinkin" uid="6710042" lat="55.7440253" lon="48.7330532"/>
 <node id="11144723323" visible="true" version="1" changeset="140389220" timestamp="2023-08-25T21:17:10Z" user="dpolovinkin" uid="6710042" lat="55.7429594" lon="48.7305695"/>
 <node id="11144723339" visible="true" version="1" changeset="140389220" timestamp="2023-08-25T21:17:10Z" user="dpolovinkin" uid="6710042" lat="55.7464149" lon="48.7281255"/>
 <node id="11144723340" visible="true" version="1" changeset="140389220" timestamp="2023-08-25T21:17:10Z" user="dpolovinkin" uid="6710042" lat="55.7472845" lon="48.7285762"/>
 <node id="11144723341" visible="true" version="1" changeset="140389220" timestamp="2023-08-25T21:17:10Z" user="dpolovinkin" uid="6710042" lat="55.7478038" lon="48.7284474"/>
 <node id="11144723342" visible="true" version="1" changeset="140389220" timestamp="2023-08-25T21:17:10Z" user="dpolovinkin" uid="6710042" lat="55.7478038" lon="48.7282328"/>
 <node id="11281095715" visible="true" version="1" changeset="142960250" timestamp="2023-10-22T09:50:31Z" user="dpolovinkin" uid="6710042" lat="55.7452721" lon="48.7299670"/>
 <node id="11281095716" visible="true" version="1" changeset="142960250" timestamp="2023-10-22T09:50:31Z" user="dpolovinkin" uid="6710042" lat="55.7453513" lon="48.7293410"/>
 <node id="11281095717" visible="true" version="1" changeset="142960250" timestamp="2023-10-22T09:50:31Z" user="dpolovinkin" uid="6710042" lat="55.7453389" lon="48.7289467"/>
 <node id="11281095718" visible="true" version="1" changeset="142960250" timestamp="2023-10-22T09:50:31Z" user="dpolovinkin" uid="6710042" lat="55.7454351" lon="48.7284062"/>
 <node id="11281095719" visible="true" version="1" changeset="142960250" timestamp="2023-10-22T09:50:31Z" user="dpolovinkin" uid="6710042" lat="55.7454165" lon="48.7281856"/>
 <node id="11281095720" visible="true" version="1" changeset="142960250" timestamp="2023-10-22T09:50:31Z" user="dpolovinkin" uid="6710042" lat="55.7455950" lon="48.7277085"/>
 <node id="11283155111" visible="true" version="1" changeset="143008419" timestamp="2023-10-23T09:35:02Z" user="NeoChapay" uid="96925" lat="55.7446523" lon="48.7286376"/>
 <node id="11283155112" visible="true" version="1" changeset="143008419" timestamp="2023-10-23T09:35:02Z" user="NeoChapay" uid="96925" lat="55.7457071" lon="48.7274468"/>
 <node id="11283155113" visible="true" version="1" changeset="143008419" timestamp="2023-10-23T09:35:02Z" user="NeoChapay" uid="96925" lat="55.7467502" lon="48.7262836"/>
 <node id="11283155114" visible="true" version="1" changeset="143008419" timestamp="2023-10-23T09:35:02Z" user="NeoChapay" uid="96925" lat="55.7494071" lon="48.7230435"/>
 <node id="11283155115" visible="true" version="1" changeset="143008419" timestamp="2023-10-23T09:35:02Z" user="NeoChapay" uid="96925" lat="55.7497477" lon="48.7226125"/>
 <node id="11283155116" visible="true" version="1" changeset="143008419" timestamp="2023-10-23T09:35:02Z" user="NeoChapay" uid="96925" lat="55.7501494" lon="48.7219259"/>
 <node id="11283155117" visible="true" version="1" changeset="143008419" timestamp="2023-10-23T09:35:02Z" user="NeoChapay" uid="96925" lat="55.7463891" lon="48.7266862"/>
 <node id="11283155118" visible="true" version="1" changeset="143008419" timestamp="2023-10-23T09:35:02Z" user="NeoChapay" uid="96925" lat="55.7456242" lon="48.7275404"/>
 <node id="11283155122" visible="true" version="1" changeset="143008419" timestamp="2023-10-23T09:35:02Z" user="NeoChapay" uid="96925" lat="55.7516298" lon="48.7182805">
  <tag k="highway" v="crossing"/>
 </node>
 <node id="11392304470" visible="true" version="1" changeset="144725450" timestamp="2023-12-03T16:48:08Z" user="Ruslan Fatih" uid="12875574" lat="55.7473596" lon="48.7389511"/>
 <node id="11392304471" visible="true" version="1" changeset="144725450" timestamp="2023-12-03T16:48:08Z" user="Ruslan Fatih" uid="12875574" lat="55.7469716" lon="48.7383498"/>
 <node id="11392304472" visible="true" version="1" changeset="144725450" timestamp="2023-12-03T16:48:08Z" user="Ruslan Fatih" uid="12875574" lat="55.7468272" lon="48.7381237"/>
 <node id="11392304473" visible="true" version="1" changeset="144725450" timestamp="2023-12-03T16:48:08Z" user="Ruslan Fatih" uid="12875574" lat="55.7462615" lon="48.7372326"/>
 <node id="11392304474" visible="true" version="1" changeset="144725450" timestamp="2023-12-03T16:48:08Z" user="Ruslan Fatih" uid="12875574" lat="55.7458326" lon="48.7365695"/>
 <node id="11392304475" visible="true" version="1" changeset="144725450" timestamp="2023-12-03T16:48:08Z" user="Ruslan Fatih" uid="12875574" lat="55.7454519" lon="48.7358798"/>
 <node id="11392304476" visible="true" version="1" changeset="144725450" timestamp="2023-12-03T16:48:08Z" user="Ruslan Fatih" uid="12875574" lat="55.7451000" lon="48.7352414"/>
 <node id="11392304477" visible="true" version="1" changeset="144725450" timestamp="2023-12-03T16:48:08Z" user="Ruslan Fatih" uid="12875574" lat="55.7447428" lon="48.7345802"/>
 <node id="11392304478" visible="true" version="1" changeset="144725450" timestamp="2023-12-03T16:48:08Z" user="Ruslan Fatih" uid="12875574" lat="55.7442658" lon="48.7336628"/>
 <node id="11392304479" visible="true" version="1" changeset="144725450" timestamp="2023-12-03T16:48:08Z" user="Ruslan Fatih" uid="12875574" lat="55.7441447" lon="48.7334569"/>
 <node id="11392304480" visible="true" version="1" changeset="144725450" timestamp="2023-12-03T16:48:08Z" user="Ruslan Fatih" uid="12875574" lat="55.7438852" lon="48.7328760"/>
 <node id="11392304481" visible="true" version="1" changeset="144725450" timestamp="2023-12-03T16:48:08Z" user="Ruslan Fatih" uid="12875574" lat="55.7434354" lon="48.7318126"/>
 <node id="11392304482" visible="true" version="1" changeset="144725450" timestamp="2023-12-03T16:48:08Z" user="Ruslan Fatih" uid="12875574" lat="55.7432140" lon="48.7312440"/>
 <node id="11392304483" visible="true" version="1" changeset="144725450" timestamp="2023-12-03T16:48:08Z" user="Ruslan Fatih" uid="12875574" lat="55.7429268" lon="48.7304802">
  <tag k="highway" v="crossing"/>
 </node>
 <node id="11392304484" visible="true" version="1" changeset="144725450" timestamp="2023-12-03T16:48:08Z" user="Ruslan Fatih" uid="12875574" lat="55.7429833" lon="48.7306304"/>
 <node id="12120055192" visible="true" version="1" changeset="155454062" timestamp="2024-08-19T10:49:06Z" user="dpolovinkin" uid="6710042" lat="55.7467429" lon="48.7381681"/>
 <node id="12120055193" visible="true" version="1" changeset="155454062" timestamp="2024-08-19T10:49:06Z" user="dpolovinkin" uid="6710042" lat="55.7466770" lon="48.7383139"/>
 <node id="12120055194" visible="true" version="1" changeset="155454062" timestamp="2024-08-19T10:49:06Z" user="dpolovinkin" uid="6710042" lat="55.7447149" lon="48.7350025"/>
 <node id="12120055195" visible="true" version="1" changeset="155454062" timestamp="2024-08-19T10:49:06Z" user="dpolovinkin" uid="6710042" lat="55.7436070" lon="48.7327007"/>
 <node id="12120055196" visible="true" version="1" changeset="155454062" timestamp="2024-08-19T10:49:06Z" user="dpolovinkin" uid="6710042" lat="55.7428075" lon="48.7308849"/>
 <node id="12120055197" visible="true" version="1" changeset="155454062" timestamp="2024-08-19T10:49:06Z" user="dpolovinkin" uid="6710042" lat="55.7428162" lon="48.7307854"/>
 <node id="12120055198" visible="true" version="1" changeset="155454062" timestamp="2024-08-19T10:49:06Z" user="dpolovinkin" uid="6710042" lat="55.7428473" lon="48.7306971"/>
 <node id="12120055199" visible="true" version="1" changeset="155454062" timestamp="2024-08-19T10:49:06Z" user="dpolovinkin" uid="6710042" lat="55.7428783" lon="48.7306639"/>
 <node id="12120055200" visible="true" version="1" changeset="155454062" timestamp="2024-08-19T10:49:06Z" user="dpolovinkin" uid="6710042" lat="55.7436282" lon="48.7324312"/>
 <node id="12120070901" visible="true" version="1" changeset="155454062" timestamp="2024-08-19T10:49:06Z" user="dpolovinkin" uid="6710042" lat="55.7448331" lon="48.7349296"/>
 <node id="12120070902" visible="true" version="1" changeset="155454062" timestamp="2024-08-19T10:49:06Z" user="dpolovinkin" uid="6710042" lat="55.7459981" lon="48.7369597"/>
 <node id="13858747305" visible="true" version="1" changeset="182991337" timestamp="2026-05-21T19:08:25Z" user="Ruslan Fatih" uid="12875574" lat="55.7428268" lon="48.7305970"/>
 <node id="14042309697" visible="true" version="1" changeset="186256316" timestamp="2026-07-23T20:12:00Z" user="Глеб" uid="346125" lat="55.7137354" lon="48.7096636"/>
 <node id="14042309698" visible="true" version="1" changeset="186256316" timestamp="2026-07-23T20:12:00Z" user="Глеб" uid="346125" lat="55.7137860" lon="48.7096384"/>
 <node id="14042309699" visible="true" version="1" changeset="186256316" timestamp="2026-07-23T20:12:00Z" user="Глеб" uid="346125" lat="55.7140085" lon="48.7095276"/>
 <node id="14042309700" visible="true" version="1" changeset="186256316" timestamp="2026-07-23T20:12:00Z" user="Глеб" uid="346125" lat="55.7140508" lon="48.7095065"/>
 <node id="14042309701" visible="true" version="1" changeset="186256316" timestamp="2026-07-23T20:12:00Z" user="Глеб" uid="346125" lat="55.7141078" lon="48.7094781"/>
 <node id="14042309702" visible="true" version="1" changeset="186256316" timestamp="2026-07-23T20:12:00Z" user="Глеб" uid="346125" lat="55.7142628" lon="48.7094009"/>
 <node id="14042309703" visible="true" version="1" changeset="186256316" timestamp="2026-07-23T20:12:00Z" user="Глеб" uid="346125" lat="55.7144744" lon="48.7092954"/>
 <node id="14042309704" visible="true" version="1" changeset="186256316" timestamp="2026-07-23T20:12:00Z" user="Глеб" uid="346125" lat="55.7147140" lon="48.7091760"/>
 <node id="14042309705" visible="true" version="1" changeset="186256316" timestamp="2026-07-23T20:12:00Z" user="Глеб" uid="346125" lat="55.7148595" lon="48.7091035"/>
 <node id="14042309706" visible="true" version="1" changeset="186256316" timestamp="2026-07-23T20:12:00Z" user="Глеб" uid="346125" lat="55.7153384" lon="48.7090734"/>
 <node id="14042309707" visible="true" version="1" changeset="186256316" timestamp="2026-07-23T20:12:00Z" user="Глеб" uid="346125" lat="55.7153395" lon="48.7090693"/>
 <node id="14042309708" visible="true" version="1" changeset="186256316" timestamp="2026-07-23T20:12:00Z" user="Глеб" uid="346125" lat="55.7153398" lon="48.7090683"/>
 <node id="14042309709" visible="true" version="1" changeset="186256316" timestamp="2026-07-23T20:12:00Z" user="Глеб" uid="346125" lat="55.7154412" lon="48.7090613"/>
 <node id="14042309710" visible="true" version="1" changeset="186256316" timestamp="2026-07-23T20:12:00Z" user="Глеб" uid="346125" lat="55.7154573" lon="48.7090602"/>
 <node id="14042309711" visible="true" version="1" changeset="186256316" timestamp="2026-07-23T20:12:00Z" user="Глеб" uid="346125" lat="55.7154600" lon="48.7090657"/>
 <node id="14042309712" visible="true" version="1" changeset="186256316" timestamp="2026-07-23T20:12:00Z" user="Глеб" uid="346125" lat="55.7176175" lon="48.7089296"/>
 <node id="14042309713" visible="true" version="1" changeset="186256316" timestamp="2026-07-23T20:12:00Z" user="Глеб" uid="346125" lat="55.7176306" lon="48.7089386"/>
 <node id="14042309714" visible="true" version="1" changeset="186256316" timestamp="2026-07-23T20:12:00Z" user="Глеб" uid="346125" lat="55.7177299" lon="48.7089892"/>
 <node id="14042309715" visible="true" version="1" changeset="186256316" timestamp="2026-07-23T20:12:00Z" user="Глеб" uid="346125" lat="55.7183568" lon="48.7090910"/>
 <node id="14042309716" visible="true" version="1" changeset="186256316" timestamp="2026-07-23T20:12:00Z" user="Глеб" uid="346125" lat="55.7184766" lon="48.7090784"/>
 <node id="14042309717" visible="true" version="1" changeset="186256316" timestamp="2026-07-23T20:12:00Z" user="Глеб" uid="346125" lat="55.7184874" lon="48.7090772"/>
 <node id="14042309718" visible="true" version="1" changeset="186256316" timestamp="2026-07-23T20:12:00Z" user="Глеб" uid="346125" lat="55.7185325" lon="48.7090536"/>
 <node id="14042309719" visible="true" version="1" changeset="186256316" timestamp="2026-07-23T20:12:00Z" user="Глеб" uid="346125" lat="55.7185961" lon="48.7090205"/>
 <node id="14042309720" visible="true" version="1" changeset="186256316" timestamp="2026-07-23T20:12:00Z" user="Глеб" uid="346125" lat="55.7187167" lon="48.7089038"/>
 <node id="14042309721" visible="true" version="1" changeset="186256316" timestamp="2026-07-23T20:12:00Z" user="Глеб" uid="346125" lat="55.7188517" lon="48.7086885"/>
 <node id="14042309722" visible="true" version="1" changeset="186256316" timestamp="2026-07-23T20:12:00Z" user="Глеб" uid="346125" lat="55.7189470" lon="48.7084457"/>
 <node id="14042309723" visible="true" version="1" changeset="186256316" timestamp="2026-07-23T20:12:00Z" user="Глеб" uid="346125" lat="55.7189442" lon="48.7084349"/>
 <node id="14042309724" visible="true" version="1" changeset="186256316" timestamp="2026-07-23T20:12:00Z" user="Глеб" uid="346125" lat="55.7190442" lon="48.7081947"/>
 <node id="14042309725" visible="true" version="1" changeset="186256316" timestamp="2026-07-23T20:12:00Z" user="Глеб" uid="346125" lat="55.7191676" lon="48.7078605"/>
 <node id="14042309726" visible="true" version="1" changeset="186256316" timestamp="2026-07-23T20:12:00Z" user="Глеб" uid="346125" lat="55.7192602" lon="48.7076532"/>
 <node id="14042309727" visible="true" version="1" changeset="186256316" timestamp="2026-07-23T20:12:00Z" user="Глеб" uid="346125" lat="55.7193134" lon="48.7075160"/>
 <node id="14042309728" visible="true" version="1" changeset="186256316" timestamp="2026-07-23T20:12:00Z" user="Глеб" uid="346125" lat="55.7194530" lon="48.7071491"/>
 <node id="14042309729" visible="true" version="1" changeset="186256316" timestamp="2026-07-23T20:12:00Z" user="Глеб" uid="346125" lat="55.7195454" lon="48.7069527"/>
 <node id="14042309730" visible="true" version="1" changeset="186256316" timestamp="2026-07-23T20:12:00Z" user="Глеб" uid="346125" lat="55.7195460" lon="48.7069516"/>
 <node id="14042309731" visible="true" version="1" changeset="186256316" timestamp="2026-07-23T20:12:00Z" user="Глеб" uid="346125" lat="55.7196006" lon="48.7068531"/>
 <node id="14042309732" visible="true" version="1" changeset="186256316" timestamp="2026-07-23T20:12:00Z" user="Глеб" uid="346125" lat="55.7196883" lon="48.7066950"/>
 <node id="14042309733" visible="true" version="1" changeset="186256316" timestamp="2026-07-23T20:12:00Z" user="Глеб" uid="346125" lat="55.7197516" lon="48.7065533"/>
 <node id="14042309734" visible="true" version="1" changeset="186256316" timestamp="2026-07-23T20:12:00Z" user="Глеб" uid="346125" lat="55.7198468" lon="48.7062709"/>
 <node id="14042309735" visible="true" version="1" changeset="186256316" timestamp="2026-07-23T20:12:00Z" user="Глеб" uid="346125" lat="55.7198326" lon="48.7062136"/>
 <node id="14042309736" visible="true" version="1" changeset="186256316" timestamp="2026-07-23T20:12:00Z" user="Глеб" uid="346125" lat="55.7198671" lon="48.7062107"/>
 <node id="14042309737" visible="true" version="1" changeset="186256316" timestamp="2026-07-23T20:12:00Z" user="Глеб" uid="346125" lat="55.7199864" lon="48.7058569"/>
 <node id="14042309738" visible="true" version="1" changeset="186256316" timestamp="2026-07-23T20:12:00Z" user="Глеб" uid="346125" lat="55.7199870" lon="48.7058553"/>
 <node id="14042309739" visible="true" version="1" changeset="186256316" timestamp="2026-07-23T20:12:00Z" user="Глеб" uid="346125" lat="55.7199831" lon="48.7058442"/>
 <node id="14042309740" visible="true" version="1" changeset="186256316" timestamp="2026-07-23T20:12:00Z" user="Глеб" uid="346125" lat="55.7200553" lon="48.7056355"/>
 <node id="14042309741" visible="true" version="1" changeset="186256316" timestamp="2026-07-23T20:12:00Z" user="Глеб" uid="346125" lat="55.7200584" lon="48.7056436"/>
 <node id="14042309742" visible="true" version="1" changeset="186256316" timestamp="2026-07-23T20:12:00Z" user="Глеб" uid="346125" lat="55.7200596" lon="48.7056399"/>
 <node id="14042309743" visible="true" version="1" changeset="186256316" timestamp="2026-07-23T20:12:00Z" user="Глеб" uid="346125" lat="55.7201502" lon="48.7053713"/>
 <node id="14042309744" visible="true" version="1" changeset="186256316" timestamp="2026-07-23T20:12:00Z" user="Глеб" uid="346125" lat="55.7202430" lon="48.7052891"/>
 <node id="14042309745" visible="true" version="1" changeset="186256316" timestamp="2026-07-23T20:12:00Z" user="Глеб" uid="346125" lat="55.7203303" lon="48.7052586"/>
 <node id="14042309746" visible="true" version="1" changeset="186256316" timestamp="2026-07-23T20:12:00Z" user="Глеб" uid="346125" lat="55.7203323" lon="48.7052562"/>
 <node id="14042309747" visible="true" version="1" changeset="186256316" timestamp="2026-07-23T20:12:00Z" user="Глеб" uid="346125" lat="55.7203353" lon="48.7052549"/>
 <node id="14042309748" visible="true" version="1" changeset="186256316" timestamp="2026-07-23T20:12:00Z" user="Глеб" uid="346125" lat="55.7204671" lon="48.7052376"/>
 <node id="14042309749" visible="true" version="1" changeset="186256316" timestamp="2026-07-23T20:12:00Z" user="Глеб" uid="346125" lat="55.7205849" lon="48.7052713"/>
 <node id="14042309750" visible="true" version="1" changeset="186256316" timestamp="2026-07-23T20:12:00Z" user="Глеб" uid="346125" lat="55.7207382" lon="48.7053952"/>
 <node id="14042309751" visible="true" version="1" changeset="186256316" timestamp="2026-07-23T20:12:00Z" user="Глеб" uid="346125" lat="55.7208340" lon="48.7055472"/>
 <node id="14042309752" visible="true" version="1" changeset="186256316" timestamp="2026-07-23T20:12:00Z" user="Глеб" uid="346125" lat="55.7208754" lon="48.7056800"/>
 <node id="14042309753" visible="true" version="1" changeset="186256316" timestamp="2026-07-23T20:12:00Z" user="Глеб" uid="346125" lat="55.7209639" lon="48.7058303"/>
 <node id="14042309754" visible="true" version="1" changeset="186256316" timestamp="2026-07-23T20:12:00Z" user="Глеб" uid="346125" lat="55.7210906" lon="48.7060286"/>
 <node id="14042309755" visible="true" version="1" changeset="186256316" timestamp="2026-07-23T20:12:00Z" user="Глеб" uid="346125" lat="55.7211709" lon="48.7061543"/>
 <node id="14042309756" visible="true" version="1" changeset="186256316" timestamp="2026-07-23T20:12:00Z" user="Глеб" uid="346125" lat="55.7214197" lon="48.7065291"/>
 <node id="14042309757" visible="true" version="1" changeset="186256316" timestamp="2026-07-23T20:12:00Z" user="Глеб" uid="346125" lat="55.7215257" lon="48.7066610"/>
 <node id="14042309758" visible="true" version="1" changeset="186256316" timestamp="2026-07-23T20:12:00Z" user="Глеб" uid="346125" lat="55.7215411" lon="48.7066698"/>
 <node id="14042309759" visible="true" version="1" changeset="186256316" timestamp="2026-07-23T20:12:00Z" user="Глеб" uid="346125" lat="55.7215420" lon="48.7066720"/>
 <node id="14042309760" visible="true" version="1" changeset="186256316" timestamp="2026-07-23T20:12:00Z" user="Глеб" uid="346125" lat="55.7215695" lon="48.7066468"/>
 <node id="14042309761" visible="true" version="1" changeset="186256316" timestamp="2026-07-23T20:12:00Z" user="Глеб" uid="346125" lat="55.7215930" lon="48.7067007"/>
 <node id="14042309762" visible="true" version="1" changeset="186256316" timestamp="2026-07-23T20:12:00Z" user="Глеб" uid="346125" lat="55.7216632" lon="48.7068189"/>
 <node id="14042309763" visible="true" version="1" changeset="186256316" timestamp="2026-07-23T20:12:00Z" user="Глеб" uid="346125" lat="55.7217060" lon="48.7068467"/>
 <node id="14042309764" visible="true" version="1" changeset="186256316" timestamp="2026-07-23T20:12:00Z" user="Глеб" uid="346125" lat="55.7217510" lon="48.7068574"/>
 <node id="14042309765" visible="true" version="1" changeset="186256316" timestamp="2026-07-23T20:12:00Z" user="Глеб" uid="346125" lat="55.7217953" lon="48.7068410"/>
 <node id="14042309766" visible="true" version="1" changeset="186256316" timestamp="2026-07-23T20:12:00Z" user="Глеб" uid="346125" lat="55.7218382" lon="48.7068149"/>
 <node id="14042309767" visible="true" version="1" changeset="186256316" timestamp="2026-07-23T20:12:00Z" user="Глеб" uid="346125" lat="55.7218733" lon="48.7067651"/>
 <node id="14042309768" visible="true" version="1" changeset="186256316" timestamp="2026-07-23T20:12:00Z" user="Глеб" uid="346125" lat="55.7219580" lon="48.7067146"/>
 <node id="14042309769" visible="true" version="1" changeset="186256316" timestamp="2026-07-23T20:12:00Z" user="Глеб" uid="346125" lat="55.7220029" lon="48.7066736"/>
 <node id="14042309770" visible="true" version="1" changeset="186256316" timestamp="2026-07-23T20:12:00Z" user="Глеб" uid="346125" lat="55.7221176" lon="48.7065671"/>
 <node id="14042309771" visible="true" version="1" changeset="186256316" timestamp="2026-07-23T20:12:00Z" user="Глеб" uid="346125" lat="55.7222722" lon="48.7064050"/>
 <node id="14042309772" visible="true" version="1" changeset="186256316" timestamp="2026-07-23T20:12:00Z" user="Глеб" uid="346125" lat="55.7223897" lon="48.7062884"/>
 <node id="14042309773" visible="true" version="1" changeset="186256316" timestamp="2026-07-23T20:12:00Z" user="Глеб" uid="346125" lat="55.7225057" lon="48.7061667"/>
 <node id="14042309774" visible="true" version="1" changeset="186256316" timestamp="2026-07-23T20:12:00Z" user="Глеб" uid="346125" lat="55.7225793" lon="48.7060754"/>
 <node id="14042309775" visible="true" version="1" changeset="186256316" timestamp="2026-07-23T20:12:00Z" user="Глеб" uid="346125" lat="55.7226464" lon="48.7059690"/>
 <node id="14042309776" visible="true" version="1" changeset="186256316" timestamp="2026-07-23T20:12:00Z" user="Глеб" uid="346125" lat="55.7227429" lon="48.7058025"/>
 <node id="14042309777" visible="true" version="1" changeset="186256316" timestamp="2026-07-23T20:12:00Z" user="Глеб" uid="346125" lat="55.7228198" lon="48.7056136"/>
 <node id="14042309778" visible="true" version="1" changeset="186256316" timestamp="2026-07-23T20:12:00Z" user="Глеб" uid="346125" lat="55.7228460" lon="48.7055478"/>
 <node id="14042309779" visible="true" version="1" changeset="186256316" timestamp="2026-07-23T20:12:00Z" user="Глеб" uid="346125" lat="55.7229012" lon="48.7053300"/>
 <node id="14042309780" visible="true" version="1" changeset="186256316" timestamp="2026-07-23T20:12:00Z" user="Глеб" uid="346125" lat="55.7229537" lon="48.7052030"/>
 <node id="14042309781" visible="true" version="1" changeset="186256316" timestamp="2026-07-23T20:12:00Z" user="Глеб" uid="346125" lat="55.7229866" lon="48.7050543"/>
 <node id="14042309782" visible="true" version="1" changeset="186256316" timestamp="2026-07-23T20:12:00Z" user="Глеб" uid="346125" lat="55.7230127" lon="48.7049022"/>
 <node id="14042309783" visible="true" version="1" changeset="186256316" timestamp="2026-07-23T20:12:00Z" user="Глеб" uid="346125" lat="55.7230556" lon="48.7047628"/>
 <node id="14042309784" visible="true" version="1" changeset="186256316" timestamp="2026-07-23T20:12:00Z" user="Глеб" uid="346125" lat="55.7231075" lon="48.7046061"/>
 <node id="14042309785" visible="true" version="1" changeset="186256316" timestamp="2026-07-23T20:12:00Z" user="Глеб" uid="346125" lat="55.7231533" lon="48.7044971"/>
 <node id="14042309786" visible="true" version="1" changeset="186256316" timestamp="2026-07-23T20:12:00Z" user="Глеб" uid="346125" lat="55.7232154" lon="48.7043827"/>
 <node id="14042309787" visible="true" version="1" changeset="186256316" timestamp="2026-07-23T20:12:00Z" user="Глеб" uid="346125" lat="55.7233435" lon="48.7041613"/>
 <node id="14042309788" visible="true" version="1" changeset="186256316" timestamp="2026-07-23T20:12:00Z" user="Глеб" uid="346125" lat="55.7234402" lon="48.7038936"/>
 <node id="14042309789" visible="true" version="1" changeset="186256316" timestamp="2026-07-23T20:12:00Z" user="Глеб" uid="346125" lat="55.7235303" lon="48.7037167"/>
 <node id="14042309790" visible="true" version="1" changeset="186256316" timestamp="2026-07-23T20:12:00Z" user="Глеб" uid="346125" lat="55.7235947" lon="48.7036129"/>
 <node id="14042309791" visible="true" version="1" changeset="186256316" timestamp="2026-07-23T20:12:00Z" user="Глеб" uid="346125" lat="55.7237245" lon="48.7035536"/>
 <node id="14042309792" visible="true" version="1" changeset="186256316" timestamp="2026-07-23T20:12:00Z" user="Глеб" uid="346125" lat="55.7238589" lon="48.7035580"/>
 <node id="14042309793" visible="true" version="1" changeset="186256316" timestamp="2026-07-23T20:12:00Z" user="Глеб" uid="346125" lat="55.7239466" lon="48.7035840"/>
 <node id="14042309794" visible="true" version="1" changeset="186256316" timestamp="2026-07-23T20:12:00Z" user="Глеб" uid="346125" lat="55.7240355" lon="48.7035915"/>
 <node id="14042309795" visible="true" version="1" changeset="186256316" timestamp="2026-07-23T20:12:00Z" user="Глеб" uid="346125" lat="55.7241239" lon="48.7036207"/>
 <node id="14042309796" visible="true" version="1" changeset="186256316" timestamp="2026-07-23T20:12:00Z" user="Глеб" uid="346125" lat="55.7241725" lon="48.7036203"/>
 <node id="14042309797" visible="true" version="1" changeset="186256316" timestamp="2026-07-23T20:12:00Z" user="Глеб" uid="346125" lat="55.7242076" lon="48.7036290"/>
 <node id="14042309798" visible="true" version="1" changeset="186256316" timestamp="2026-07-23T20:12:00Z" user="Глеб" uid="346125" lat="55.7243117" lon="48.7036170"/>
 <node id="14042309799" visible="true" version="1" changeset="186256316" timestamp="2026-07-23T20:12:00Z" user="Глеб" uid="346125" lat="55.7244699" lon="48.7035920"/>
 <node id="14042309800" visible="true" version="1" changeset="186256316" timestamp="2026-07-23T20:12:00Z" user="Глеб" uid="346125" lat="55.7247474" lon="48.7034415"/>
 <node id="14042309801" visible="true" version="1" changeset="186256316" timestamp="2026-07-23T20:12:00Z" user="Глеб" uid="346125" lat="55.7250171" lon="48.7032818"/>
 <node id="14042309802" visible="true" version="1" changeset="186256316" timestamp="2026-07-23T20:12:00Z" user="Глеб" uid="346125" lat="55.7252036" lon="48.7031017"/>
 <node id="14042309803" visible="true" version="1" changeset="186256316" timestamp="2026-07-23T20:12:00Z" user="Глеб" uid="346125" lat="55.7252333" lon="48.7031008"/>
 <node id="14042309804" visible="true" version="1" changeset="186256316" timestamp="2026-07-23T20:12:00Z" user="Глеб" uid="346125" lat="55.7252670" lon="48.7030279"/>
 <node id="14042309805" visible="true" version="1" changeset="186256316" timestamp="2026-07-23T20:12:00Z" user="Глеб" uid="346125" lat="55.7253209" lon="48.7029636"/>
 <node id="14042309806" visible="true" version="1" changeset="186256316" timestamp="2026-07-23T20:12:00Z" user="Глеб" uid="346125" lat="55.7254071" lon="48.7027700"/>
 <node id="14042309807" visible="true" version="1" changeset="186256316" timestamp="2026-07-23T20:12:00Z" user="Глеб" uid="346125" lat="55.7254515" lon="48.7026845"/>
 <node id="14042309808" visible="true" version="1" changeset="186256316" timestamp="2026-07-23T20:12:00Z" user="Глеб" uid="346125" lat="55.7255073" lon="48.7025768"/>
 <node id="14042309809" visible="true" version="1" changeset="186256316" timestamp="2026-07-23T20:12:00Z" user="Глеб" uid="346125" lat="55.7255778" lon="48.7024781"/>
 <node id="14042309810" visible="true" version="1" changeset="186256316" timestamp="2026-07-23T20:12:00Z" user="Глеб" uid="346125" lat="55.7256090" lon="48.7024207"/>
 <node id="14042309811" visible="true" version="1" changeset="186256316" timestamp="2026-07-23T20:12:00Z" user="Глеб" uid="346125" lat="55.7257112" lon="48.7022657"/>
 <node id="14042309812" visible="true" version="1" changeset="186256316" timestamp="2026-07-23T20:12:00Z" user="Глеб" uid="346125" lat="55.7257849" lon="48.7021780"/>
 <node id="14042309813" visible="true" version="1" changeset="186256316" timestamp="2026-07-23T20:12:00Z" user="Глеб" uid="346125" lat="55.7258737" lon="48.7021830"/>
 <node id="14042309814" visible="true" version="1" changeset="186256316" timestamp="2026-07-23T20:12:00Z" user="Глеб" uid="346125" lat="55.7259188" lon="48.7021765"/>
 <node id="14042309815" visible="true" version="1" changeset="186256316" timestamp="2026-07-23T20:12:00Z" user="Глеб" uid="346125" lat="55.7260499" lon="48.7021291"/>
 <node id="14042309816" visible="true" version="1" changeset="186256316" timestamp="2026-07-23T20:12:00Z" user="Глеб" uid="346125" lat="55.7261376" lon="48.7020941"/>
 <node id="14042309817" visible="true" version="1" changeset="186256316" timestamp="2026-07-23T20:12:00Z" user="Глеб" uid="346125" lat="55.7261803" lon="48.7020704"/>
 <node id="14042309818" visible="true" version="1" changeset="186256316" timestamp="2026-07-23T20:12:00Z" user="Глеб" uid="346125" lat="55.7263919" lon="48.7020231"/>
 <node id="14042309819" visible="true" version="1" changeset="186256316" timestamp="2026-07-23T20:12:00Z" user="Глеб" uid="346125" lat="55.7264405" lon="48.7021839"/>
 <node id="14042309820" visible="true" version="1" changeset="186256316" timestamp="2026-07-23T20:12:00Z" user="Глеб" uid="346125" lat="55.7264835" lon="48.7023218"/>
 <node id="14042309821" visible="true" version="1" changeset="186256316" timestamp="2026-07-23T20:12:00Z" user="Глеб" uid="346125" lat="55.7265136" lon="48.7024709"/>
 <node id="14042309822" visible="true" version="1" changeset="186256316" timestamp="2026-07-23T20:12:00Z" user="Глеб" uid="346125" lat="55.7265184" lon="48.7025496"/>
 <node id="14042309823" visible="true" version="1" changeset="186256316" timestamp="2026-07-23T20:12:00Z" user="Глеб" uid="346125" lat="55.7265191" lon="48.7026290"/>
 <node id="14042309824" visible="true" version="1" changeset="186256316" timestamp="2026-07-23T20:12:00Z" user="Глеб" uid="346125" lat="55.7265118" lon="48.7026852"/>
 <node id="14042309825" visible="true" version="1" changeset="186256316" timestamp="2026-07-23T20:12:00Z" user="Глеб" uid="346125" lat="55.7265056" lon="48.7028402"/>
 <node id="14042309826" visible="true" version="1" changeset="186256316" timestamp="2026-07-23T20:12:00Z" user="Глеб" uid="346125" lat="55.7265017" lon="48.7028628"/>
 <node id="14042309827" visible="true" version="1" changeset="186256316" timestamp="2026-07-23T20:12:00Z" user="Глеб" uid="346125" lat="55.7264927" lon="48.7032974"/>
 <node id="14042309828" visible="true" version="1" changeset="186256316" timestamp="2026-07-23T20:12:00Z" user="Глеб" uid="346125" lat="55.7264857" lon="48.7033307"/>
 <node id="14042309829" visible="true" version="1" changeset="186256316" timestamp="2026-07-23T20:12:00Z" user="Глеб" uid="346125" lat="55.7264905" lon="48.7033730"/>
 <node id="14042309830" visible="true" version="1" changeset="186256316" timestamp="2026-07-23T20:12:00Z" user="Глеб" uid="346125" lat="55.7264827" lon="48.7036800"/>
 <node id="14042309831" visible="true" version="1" changeset="186256316" timestamp="2026-07-23T20:12:00Z" user="Глеб" uid="346125" lat="55.7264953" lon="48.7041299"/>
 <node id="14042309832" visible="true" version="1" changeset="186256316" timestamp="2026-07-23T20:12:00Z" user="Глеб" uid="346125" lat="55.7265171" lon="48.7042906"/>
 <node id="14042309833" visible="true" version="1" changeset="186256316" timestamp="2026-07-23T20:12:00Z" user="Глеб" uid="346125" lat="55.7265225" lon="48.7043610"/>
 <node id="14042309834" visible="true" version="1" changeset="186256316" timestamp="2026-07-23T20:12:00Z" user="Глеб" uid="346125" lat="55.7265306" lon="48.7045193"/>
 <node id="14042309835" visible="true" version="1" changeset="186256316" timestamp="2026-07-23T20:12:00Z" user="Глеб" uid="346125" lat="55.7265447" lon="48.7046768"/>
 <node id="14042309836" visible="true" version="1" changeset="186256316" timestamp="2026-07-23T20:12:00Z" user="Глеб" uid="346125" lat="55.7265668" lon="48.7048326"/>
 <node id="14042309837" visible="true" version="1" changeset="186256316" timestamp="2026-07-23T20:12:00Z" user="Глеб" uid="346125" lat="55.7266009" lon="48.7048676"/>
 <node id="14042309838" visible="true" version="1" changeset="186256316" timestamp="2026-07-23T20:12:00Z" user="Глеб" uid="346125" lat="55.7266066" lon="48.7048733"/>
 <node id="14042309839" visible="true" version="1" changeset="186256316" timestamp="2026-07-23T20:12:00Z" user="Глеб" uid="346125" lat="55.7266505" lon="48.7048912"/>
 <node id="14042309840" visible="true" version="1" changeset="186256316" timestamp="2026-07-23T20:12:00Z" user="Глеб" uid="346125" lat="55.7267376" lon="48.7048946"/>
 <node id="14042309841" visible="true" version="1" changeset="186256316" timestamp="2026-07-23T20:12:00Z" user="Глеб" uid="346125" lat="55.7267940" lon="48.7050103"/>
 <node id="14042309842" visible="true" version="1" changeset="186256316" timestamp="2026-07-23T20:12:00Z" user="Глеб" uid="346125" lat="55.7268198" lon="48.7051604"/>
 <node id="14042309843" visible="true" version="1" changeset="186256316" timestamp="2026-07-23T20:12:00Z" user="Глеб" uid="346125" lat="55.7268162" lon="48.7052382"/>
 <node id="14042309844" visible="true" version="1" changeset="186256316" timestamp="2026-07-23T20:12:00Z" user="Глеб" uid="346125" lat="55.7267882" lon="48.7052991"/>
 <node id="14042309845" visible="true" version="1" changeset="186256316" timestamp="2026-07-23T20:12:00Z" user="Глеб" uid="346125" lat="55.7267769" lon="48.7053780"/>
 <node id="14042309846" visible="true" version="1" changeset="186256316" timestamp="2026-07-23T20:12:00Z" user="Глеб" uid="346125" lat="55.7267894" lon="48.7054559"/>
 <node id="14042309847" visible="true" version="1" changeset="186256316" timestamp="2026-07-23T20:12:00Z" user="Глеб" uid="346125" lat="55.7268058" lon="48.7055300"/>
 <node id="14042309848" visible="true" version="1" changeset="186256316" timestamp="2026-07-23T20:12:00Z" user="Глеб" uid="346125" lat="55.7268259" lon="48.7056015"/>
 <node id="14042309849" visible="true" version="1" changeset="186256316" timestamp="2026-07-23T20:12:00Z" user="Глеб" uid="346125" lat="55.7268544" lon="48.7056640"/>
 <node id="14042309850" visible="true" version="1" changeset="186256316" timestamp="2026-07-23T20:12:00Z" user="Глеб" uid="346125" lat="55.7268884" lon="48.7057168"/>
 <node id="14042309851" visible="true" version="1" changeset="186256316" timestamp="2026-07-23T20:12:00Z" user="Глеб" uid="346125" lat="55.7269249" lon="48.7057640"/>
 <node id="14042309852" visible="true" version="1" changeset="186256316" timestamp="2026-07-23T20:12:00Z" user="Глеб" uid="346125" lat="55.7270107" lon="48.7058455"/>
 <node id="14042309853" visible="true" version="1" changeset="186256316" timestamp="2026-07-23T20:12:00Z" user="Глеб" uid="346125" lat="55.7270236" lon="48.7058040"/>
 <node id="14042309854" visible="true" version="1" changeset="186256316" timestamp="2026-07-23T20:12:00Z" user="Глеб" uid="346125" lat="55.7272028" lon="48.7059724"/>
 <node id="14042309855" visible="true" version="1" changeset="186256316" timestamp="2026-07-23T20:12:00Z" user="Глеб" uid="346125" lat="55.7273148" lon="48.7060578"/>
 <node id="14042309856" visible="true" version="1" changeset="186256316" timestamp="2026-07-23T20:12:00Z" user="Глеб" uid="346125" lat="55.7276574" lon="48.7061877"/>
 <node id="14042309857" visible="true" version="1" changeset="186256316" timestamp="2026-07-23T20:12:00Z" user="Глеб" uid="346125" lat="55.7276648" lon="48.7062012"/>
 <node id="14042309858" visible="true" version="1" changeset="186256316" timestamp="2026-07-23T20:12:00Z" user="Глеб" uid="346125" lat="55.7276717" lon="48.7062692"/>
 <node id="14042309859" visible="true" version="1" changeset="186256316" timestamp="2026-07-23T20:12:00Z" user="Глеб" uid="346125" lat="55.7276969" lon="48.7062990"/>
 <node id="14042309860" visible="true" version="1" changeset="186256316" timestamp="2026-07-23T20:12:00Z" user="Глеб" uid="346125" lat="55.7277619" lon="48.7064084"/>
 <node id="14042309861" visible="true" version="1" changeset="186256316" timestamp="2026-07-23T20:12:00Z" user="Глеб" uid="346125" lat="55.7277985" lon="48.7064552"/>
 <node id="14042309862" visible="true" version="1" changeset="186256316" timestamp="2026-07-23T20:12:00Z" user="Глеб" uid="346125" lat="55.7278389" lon="48.7064919"/>
 <node id="14042309863" visible="true" version="1" changeset="186256316" timestamp="2026-07-23T20:12:00Z" user="Глеб" uid="346125" lat="55.7278833" lon="48.7065067"/>
 <node id="14042309864" visible="true" version="1" changeset="186256316" timestamp="2026-07-23T20:12:00Z" user="Глеб" uid="346125" lat="55.7279711" lon="48.7065399"/>
 <node id="14042309865" visible="true" version="1" changeset="186256316" timestamp="2026-07-23T20:12:00Z" user="Глеб" uid="346125" lat="55.7281039" lon="48.7065785"/>
 <node id="14042309866" visible="true" version="1" changeset="186256316" timestamp="2026-07-23T20:12:00Z" user="Глеб" uid="346125" lat="55.7282304" lon="48.7066598"/>
 <node id="14042309867" visible="true" version="1" changeset="186256316" timestamp="2026-07-23T20:12:00Z" user="Глеб" uid="346125" lat="55.7282741" lon="48.7066796"/>
 <node id="14042309868" visible="true" version="1" changeset="186256316" timestamp="2026-07-23T20:12:00Z" user="Глеб" uid="346125" lat="55.7283619" lon="48.7067131"/>
 <node id="14042309869" visible="true" version="1" changeset="186256316" timestamp="2026-07-23T20:12:00Z" user="Глеб" uid="346125" lat="55.7284434" lon="48.7067764"/>
 <node id="14042309870" visible="true" version="1" changeset="186256316" timestamp="2026-07-23T20:12:00Z" user="Глеб" uid="346125" lat="55.7285281" lon="48.7068311"/>
 <node id="14042309871" visible="true" version="1" changeset="186256316" timestamp="2026-07-23T20:12:00Z" user="Глеб" uid="346125" lat="55.7286989" lon="48.7069307"/>
 <node id="14042309872" visible="true" version="1" changeset="186256316" timestamp="2026-07-23T20:12:00Z" user="Глеб" uid="346125" lat="55.7288283" lon="48.7069944"/>
 <node id="14042309873" visible="true" version="1" changeset="186256316" timestamp="2026-07-23T20:12:00Z" user="Глеб" uid="346125" lat="55.7289608" lon="48.7070363"/>
 <node id="14042309874" visible="true" version="1" changeset="186256316" timestamp="2026-07-23T20:12:00Z" user="Глеб" uid="346125" lat="55.7290037" lon="48.7070587"/>
 <node id="14042309875" visible="true" version="1" changeset="186256316" timestamp="2026-07-23T20:12:00Z" user="Глеб" uid="346125" lat="55.7290849" lon="48.7071253"/>
 <node id="14042309876" visible="true" version="1" changeset="186256316" timestamp="2026-07-23T20:12:00Z" user="Глеб" uid="346125" lat="55.7291590" lon="48.7072145"/>
 <node id="14042309877" visible="true" version="1" changeset="186256316" timestamp="2026-07-23T20:12:00Z" user="Глеб" uid="346125" lat="55.7293420" lon="48.7074438"/>
 <node id="14042309878" visible="true" version="1" changeset="186256316" timestamp="2026-07-23T20:12:00Z" user="Глеб" uid="346125" lat="55.7294164" lon="48.7075332"/>
 <node id="14042309879" visible="true" version="1" changeset="186256316" timestamp="2026-07-23T20:12:00Z" user="Глеб" uid="346125" lat="55.7294567" lon="48.7075695"/>
 <node id="14042309880" visible="true" version="1" changeset="186256316" timestamp="2026-07-23T20:12:00Z" user="Глеб" uid="346125" lat="55.7296168" lon="48.7077133"/>
 <node id="14042309881" visible="true" version="1" changeset="186256316" timestamp="2026-07-23T20:12:00Z" user="Глеб" uid="346125" lat="55.7297012" lon="48.7077691"/>
 <node id="14042309882" visible="true" version="1" changeset="186256316" timestamp="2026-07-23T20:12:00Z" user="Глеб" uid="346125" lat="55.7297271" lon="48.7077791"/>
 <node id="14042309883" visible="true" version="1" changeset="186256316" timestamp="2026-07-23T20:12:00Z" user="Глеб" uid="346125" lat="55.7297385" lon="48.7077897"/>
 <node id="14042309884" visible="true" version="1" changeset="186256316" timestamp="2026-07-23T20:12:00Z" user="Глеб" uid="346125" lat="55.7297627" lon="48.7077912"/>
 <node id="14042309885" visible="true" version="1" changeset="186256316" timestamp="2026-07-23T20:12:00Z" user="Глеб" uid="346125" lat="55.7298344" lon="48.7078078"/>
 <node id="14042309886" visible="true" version="1" changeset="186256316" timestamp="2026-07-23T20:12:00Z" user="Глеб" uid="346125" lat="55.7299244" lon="48.7078064"/>
 <node id="14042309887" visible="true" version="1" changeset="186256316" timestamp="2026-07-23T20:12:00Z" user="Глеб" uid="346125" lat="55.7300141" lon="48.7078055"/>
 <node id="14042309888" visible="true" version="1" changeset="186256316" timestamp="2026-07-23T20:12:00Z" user="Глеб" uid="346125" lat="55.7301035" lon="48.7078205"/>
 <node id="14042309889" visible="true" version="1" changeset="186256316" timestamp="2026-07-23T20:12:00Z" user="Глеб" uid="346125" lat="55.7302382" lon="48.7078237"/>
 <node id="14042309890" visible="true" version="1" changeset="186256316" timestamp="2026-07-23T20:12:00Z" user="Глеб" uid="346125" lat="55.7303278" lon="48.7078349"/>
 <node id="14042309891" visible="true" version="1" changeset="186256316" timestamp="2026-07-23T20:12:00Z" user="Глеб" uid="346125" lat="55.7303727" lon="48.7078281"/>
 <node id="14042309892" visible="true" version="1" changeset="186256316" timestamp="2026-07-23T20:12:00Z" user="Глеб" uid="346125" lat="55.7304623" lon="48.7078284"/>
 <node id="14042309893" visible="true" version="1" changeset="186256316" timestamp="2026-07-23T20:12:00Z" user="Глеб" uid="346125" lat="55.7305689" lon="48.7078158"/>
 <node id="14042309894" visible="true" version="1" changeset="186256316" timestamp="2026-07-23T20:12:00Z" user="Глеб" uid="346125" lat="55.7308357" lon="48.7077700"/>
 <node id="14042309895" visible="true" version="1" changeset="186256316" timestamp="2026-07-23T20:12:00Z" user="Глеб" uid="346125" lat="55.7309513" lon="48.7077162"/>
 <node id="14042309896" visible="true" version="1" changeset="186256316" timestamp="2026-07-23T20:12:00Z" user="Глеб" uid="346125" lat="55.7310218" lon="48.7076833"/>
 <node id="14042309897" visible="true" version="1" changeset="186256316" timestamp="2026-07-23T20:12:00Z" user="Глеб" uid="346125" lat="55.7311268" lon="48.7076523"/>
 <node id="14042309898" visible="true" version="1" changeset="186256316" timestamp="2026-07-23T20:12:00Z" user="Глеб" uid="346125" lat="55.7312569" lon="48.7076129"/>
 <node id="14042309899" visible="true" version="1" changeset="186256316" timestamp="2026-07-23T20:12:00Z" user="Глеб" uid="346125" lat="55.7313841" lon="48.7075662"/>
 <node id="14042309900" visible="true" version="1" changeset="186256316" timestamp="2026-07-23T20:12:00Z" user="Глеб" uid="346125" lat="55.7315527" lon="48.7075256"/>
 <node id="14042309901" visible="true" version="1" changeset="186256316" timestamp="2026-07-23T20:12:00Z" user="Глеб" uid="346125" lat="55.7316833" lon="48.7074957"/>
 <node id="14042309902" visible="true" version="1" changeset="186256316" timestamp="2026-07-23T20:12:00Z" user="Глеб" uid="346125" lat="55.7317467" lon="48.7074780"/>
 <node id="14042309903" visible="true" version="1" changeset="186256316" timestamp="2026-07-23T20:12:00Z" user="Глеб" uid="346125" lat="55.7318340" lon="48.7074574"/>
 <node id="14042309904" visible="true" version="1" changeset="186256316" timestamp="2026-07-23T20:12:00Z" user="Глеб" uid="346125" lat="55.7319278" lon="48.7074336"/>
 <node id="14042309905" visible="true" version="1" changeset="186256316" timestamp="2026-07-23T20:12:00Z" user="Глеб" uid="346125" lat="55.7320579" lon="48.7074187"/>
 <node id="14042309906" visible="true" version="1" changeset="186256316" timestamp="2026-07-23T20:12:00Z" user="Глеб" uid="346125" lat="55.7321027" lon="48.7074097"/>
 <node id="14042309907" visible="true" version="1" changeset="186256316" timestamp="2026-07-23T20:12:00Z" user="Глеб" uid="346125" lat="55.7321903" lon="48.7073759"/>
 <node id="14042309908" visible="true" version="1" changeset="186256316" timestamp="2026-07-23T20:12:00Z" user="Глеб" uid="346125" lat="55.7322946" lon="48.7073437"/>
 <node id="14042309909" visible="true" version="1" changeset="186256316" timestamp="2026-07-23T20:12:00Z" user="Глеб" uid="346125" lat="55.7324121" lon="48.7073417"/>
 <node id="14042309910" visible="true" version="1" changeset="186256316" timestamp="2026-07-23T20:12:00Z" user="Глеб" uid="346125" lat="55.7324568" lon="48.7073310"/>
 <node id="14042309911" visible="true" version="1" changeset="186256316" timestamp="2026-07-23T20:12:00Z" user="Глеб" uid="346125" lat="55.7325853" lon="48.7072690"/>
 <node id="14042309912" visible="true" version="1" changeset="186256316" timestamp="2026-07-23T20:12:00Z" user="Глеб" uid="346125" lat="55.7326303" lon="48.7072516"/>
 <node id="14042309913" visible="true" version="1" changeset="186256316" timestamp="2026-07-23T20:12:00Z" user="Глеб" uid="346125" lat="55.7326736" lon="48.7072302"/>
 <node id="14042309914" visible="true" version="1" changeset="186256316" timestamp="2026-07-23T20:12:00Z" user="Глеб" uid="346125" lat="55.7328006" lon="48.7071682"/>
 <node id="14042309915" visible="true" version="1" changeset="186256316" timestamp="2026-07-23T20:12:00Z" user="Глеб" uid="346125" lat="55.7330095" lon="48.7071141"/>
 <node id="14042309916" visible="true" version="1" changeset="186256316" timestamp="2026-07-23T20:12:00Z" user="Глеб" uid="346125" lat="55.7330903" lon="48.7071158"/>
 <node id="14042309917" visible="true" version="1" changeset="186256316" timestamp="2026-07-23T20:12:00Z" user="Глеб" uid="346125" lat="55.7331601" lon="48.7071050"/>
 <node id="14042309918" visible="true" version="1" changeset="186256316" timestamp="2026-07-23T20:12:00Z" user="Глеб" uid="346125" lat="55.7332911" lon="48.7070519"/>
 <node id="14042309919" visible="true" version="1" changeset="186256316" timestamp="2026-07-23T20:12:00Z" user="Глеб" uid="346125" lat="55.7333458" lon="48.7070170"/>
 <node id="14042309920" visible="true" version="1" changeset="186256316" timestamp="2026-07-23T20:12:00Z" user="Глеб" uid="346125" lat="55.7334203" lon="48.7069885"/>
 <node id="14042309921" visible="true" version="1" changeset="186256316" timestamp="2026-07-23T20:12:00Z" user="Глеб" uid="346125" lat="55.7334509" lon="48.7069338"/>
 <node id="14042309922" visible="true" version="1" changeset="186256316" timestamp="2026-07-23T20:12:00Z" user="Глеб" uid="346125" lat="55.7335346" lon="48.7068841"/>
 <node id="14042309923" visible="true" version="1" changeset="186256316" timestamp="2026-07-23T20:12:00Z" user="Глеб" uid="346125" lat="55.7336167" lon="48.7068400"/>
 <node id="14042309924" visible="true" version="1" changeset="186256316" timestamp="2026-07-23T20:12:00Z" user="Глеб" uid="346125" lat="55.7336822" lon="48.7068294"/>
 <node id="14042309925" visible="true" version="1" changeset="186256316" timestamp="2026-07-23T20:12:00Z" user="Глеб" uid="346125" lat="55.7337554" lon="48.7068006"/>
 <node id="14042309926" visible="true" version="1" changeset="186256316" timestamp="2026-07-23T20:12:00Z" user="Глеб" uid="346125" lat="55.7338279" lon="48.7067327"/>
 <node id="14042309927" visible="true" version="1" changeset="186256316" timestamp="2026-07-23T20:12:00Z" user="Глеб" uid="346125" lat="55.7339115" lon="48.7067083"/>
 <node id="14042309928" visible="true" version="1" changeset="186256316" timestamp="2026-07-23T20:12:00Z" user="Глеб" uid="346125" lat="55.7339553" lon="48.7066915"/>
 <node id="14042309929" visible="true" version="1" changeset="186256316" timestamp="2026-07-23T20:12:00Z" user="Глеб" uid="346125" lat="55.7340420" lon="48.7066483"/>
 <node id="14042309930" visible="true" version="1" changeset="186256316" timestamp="2026-07-23T20:12:00Z" user="Глеб" uid="346125" lat="55.7340843" lon="48.7066221"/>
 <node id="14042309931" visible="true" version="1" changeset="186256316" timestamp="2026-07-23T20:12:00Z" user="Глеб" uid="346125" lat="55.7342083" lon="48.7065425"/>
 <node id="14042309932" visible="true" version="1" changeset="186256316" timestamp="2026-07-23T20:12:00Z" user="Глеб" uid="346125" lat="55.7343355" lon="48.7064479"/>
 <node id="14042309933" visible="true" version="1" changeset="186256316" timestamp="2026-07-23T20:12:00Z" user="Глеб" uid="346125" lat="55.7343690" lon="48.7063937"/>
 <node id="14042309934" visible="true" version="1" changeset="186256316" timestamp="2026-07-23T20:12:00Z" user="Глеб" uid="346125" lat="55.7344069" lon="48.7063412"/>
 <node id="14042309935" visible="true" version="1" changeset="186256316" timestamp="2026-07-23T20:12:00Z" user="Глеб" uid="346125" lat="55.7344304" lon="48.7062915"/>
 <node id="14042309936" visible="true" version="1" changeset="186256316" timestamp="2026-07-23T20:12:00Z" user="Глеб" uid="346125" lat="55.7344538" lon="48.7062243"/>
 <node id="14042309937" visible="true" version="1" changeset="186256316" timestamp="2026-07-23T20:12:00Z" user="Глеб" uid="346125" lat="55.7348226" lon="48.7060440"/>
 <node id="14042309938" visible="true" version="1" changeset="186256316" timestamp="2026-07-23T20:12:00Z" user="Глеб" uid="346125" lat="55.7348141" lon="48.7059895"/>
 <node id="14042309939" visible="true" version="1" changeset="186256316" timestamp="2026-07-23T20:12:00Z" user="Глеб" uid="346125" lat="55.7350721" lon="48.7058627"/>
 <node id="14042309940" visible="true" version="1" changeset="186256316" timestamp="2026-07-23T20:12:00Z" user="Глеб" uid="346125" lat="55.7351153" lon="48.7058424"/>
 <node id="14042309941" visible="true" version="1" changeset="186256316" timestamp="2026-07-23T20:12:00Z" user="Глеб" uid="346125" lat="55.7352539" lon="48.7057771"/>
 <node id="14042309942" visible="true" version="1" changeset="186256316" timestamp="2026-07-23T20:12:00Z" user="Глеб" uid="346125" lat="55.7352620" lon="48.7058415"/>
 <node id="14042309943" visible="true" version="1" changeset="186256316" timestamp="2026-07-23T20:12:00Z" user="Глеб" uid="346125" lat="55.7353247" lon="48.7058134"/>
 <node id="14042309944" visible="true" version="1" changeset="186256316" timestamp="2026-07-23T20:12:00Z" user="Глеб" uid="346125" lat="55.7354542" lon="48.7057483"/>
 <node id="14042309945" visible="true" version="1" changeset="186256316" timestamp="2026-07-23T20:12:00Z" user="Глеб" uid="346125" lat="55.7354972" lon="48.7057259"/>
 <node id="14042309946" visible="true" version="1" changeset="186256316" timestamp="2026-07-23T20:12:00Z" user="Глеб" uid="346125" lat="55.7356726" lon="48.7056467"/>
 <node id="14042309947" visible="true" version="1" changeset="186256316" timestamp="2026-07-23T20:12:00Z" user="Глеб" uid="346125" lat="55.7357134" lon="48.7056529"/>
 <node id="14042309948" visible="true" version="1" changeset="186256316" timestamp="2026-07-23T20:12:00Z" user="Глеб" uid="346125" lat="55.7357931" lon="48.7057312"/>
 <node id="14042309949" visible="true" version="1" changeset="186256316" timestamp="2026-07-23T20:12:00Z" user="Глеб" uid="346125" lat="55.7360605" lon="48.7056778"/>
 <node id="14042309950" visible="true" version="1" changeset="186256316" timestamp="2026-07-23T20:12:00Z" user="Глеб" uid="346125" lat="55.7361046" lon="48.7056634"/>
 <node id="14042309951" visible="true" version="1" changeset="186256316" timestamp="2026-07-23T20:12:00Z" user="Глеб" uid="346125" lat="55.7361766" lon="48.7055669"/>
 <node id="14042309952" visible="true" version="1" changeset="186256316" timestamp="2026-07-23T20:12:00Z" user="Глеб" uid="346125" lat="55.7361992" lon="48.7054973"/>
 <node id="14042309953" visible="true" version="1" changeset="186256316" timestamp="2026-07-23T20:12:00Z" user="Глеб" uid="346125" lat="55.7362219" lon="48.7054294"/>
 <node id="14042309954" visible="true" version="1" changeset="186256316" timestamp="2026-07-23T20:12:00Z" user="Глеб" uid="346125" lat="55.7362466" lon="48.7053622"/>
 <node id="14042309955" visible="true" version="1" changeset="186256316" timestamp="2026-07-23T20:12:00Z" user="Глеб" uid="346125" lat="55.7362779" lon="48.7053072"/>
 <node id="14042309956" visible="true" version="1" changeset="186256316" timestamp="2026-07-23T20:12:00Z" user="Глеб" uid="346125" lat="55.7363011" lon="48.7052660"/>
 <node id="14042309957" visible="true" version="1" changeset="186256316" timestamp="2026-07-23T20:12:00Z" user="Глеб" uid="346125" lat="55.7363209" lon="48.7052410"/>
 <node id="14042309958" visible="true" version="1" changeset="186256316" timestamp="2026-07-23T20:12:00Z" user="Глеб" uid="346125" lat="55.7364027" lon="48.7051990"/>
 <node id="14042309959" visible="true" version="1" changeset="186256316" timestamp="2026-07-23T20:12:00Z" user="Глеб" uid="346125" lat="55.7364496" lon="48.7052139"/>
 <node id="14042309960" visible="true" version="1" changeset="186256316" timestamp="2026-07-23T20:12:00Z" user="Глеб" uid="346125" lat="55.7364609" lon="48.7052201"/>
 <node id="14042309961" visible="true" version="1" changeset="186256316" timestamp="2026-07-23T20:12:00Z" user="Глеб" uid="346125" lat="55.7364873" lon="48.7052463"/>
 <node id="14042309962" visible="true" version="1" changeset="186256316" timestamp="2026-07-23T20:12:00Z" user="Глеб" uid="346125" lat="55.7365364" lon="48.7052569"/>
 <node id="14042309963" visible="true" version="1" changeset="186256316" timestamp="2026-07-23T20:12:00Z" user="Глеб" uid="346125" lat="55.7365945" lon="48.7052228"/>
 <node id="14042309964" visible="true" version="1" changeset="186256316" timestamp="2026-07-23T20:12:00Z" user="Глеб" uid="346125" lat="55.7366454" lon="48.7051871"/>
 <node id="14042309965" visible="true" version="1" changeset="186256316" timestamp="2026-07-23T20:12:00Z" user="Глеб" uid="346125" lat="55.7366943" lon="48.7051747"/>
 <node id="14042309966" visible="true" version="1" changeset="186256316" timestamp="2026-07-23T20:12:00Z" user="Глеб" uid="346125" lat="55.7367597" lon="48.7051622"/>
 <node id="14042309967" visible="true" version="1" changeset="186256316" timestamp="2026-07-23T20:12:00Z" user="Глеб" uid="346125" lat="55.7368146" lon="48.7051947"/>
 <node id="14042309968" visible="true" version="1" changeset="186256316" timestamp="2026-07-23T20:12:00Z" user="Глеб" uid="346125" lat="55.7368521" lon="48.7052520"/>
 <node id="14042309969" visible="true" version="1" changeset="186256316" timestamp="2026-07-23T20:12:00Z" user="Глеб" uid="346125" lat="55.7368922" lon="48.7052940"/>
 <node id="14042309970" visible="true" version="1" changeset="186256316" timestamp="2026-07-23T20:12:00Z" user="Глеб" uid="346125" lat="55.7369512" lon="48.7052703"/>
 <node id="14042309971" visible="true" version="1" changeset="186256316" timestamp="2026-07-23T20:12:00Z" user="Глеб" uid="346125" lat="55.7369915" lon="48.7052093"/>
 <node id="14042309972" visible="true" version="1" changeset="186256316" timestamp="2026-07-23T20:12:00Z" user="Глеб" uid="346125" lat="55.7369969" lon="48.7051516"/>
 <node id="14042309973" visible="true" version="1" changeset="186256316" timestamp="2026-07-23T20:12:00Z" user="Глеб" uid="346125" lat="55.7370073" lon="48.7051031"/>
 <node id="14042309974" visible="true" version="1" changeset="186256316" timestamp="2026-07-23T20:12:00Z" user="Глеб" uid="346125" lat="55.7370352" lon="48.7050749"/>
 <node id="14042309975" visible="true" version="1" changeset="186256316" timestamp="2026-07-23T20:12:00Z" user="Глеб" uid="346125" lat="55.7370737" lon="48.7050319"/>
 <node id="14042309976" visible="true" version="1" changeset="186256316" timestamp="2026-07-23T20:12:00Z" user="Глеб" uid="346125" lat="55.7371114" lon="48.7049899"/>
 <node id="14042309977" visible="true" version="1" changeset="186256316" timestamp="2026-07-23T20:12:00Z" user="Глеб" uid="346125" lat="55.7371492" lon="48.7049475"/>
 <node id="14042309978" visible="true" version="1" changeset="186256316" timestamp="2026-07-23T20:12:00Z" user="Глеб" uid="346125" lat="55.7371760" lon="48.7048836"/>
 <node id="14042309979" visible="true" version="1" changeset="186256316" timestamp="2026-07-23T20:12:00Z" user="Глеб" uid="346125" lat="55.7371996" lon="48.7048161"/>
 <node id="14042309980" visible="true" version="1" changeset="186256316" timestamp="2026-07-23T20:12:00Z" user="Глеб" uid="346125" lat="55.7372247" lon="48.7047438"/>
 <node id="14042309981" visible="true" version="1" changeset="186256316" timestamp="2026-07-23T20:12:00Z" user="Глеб" uid="346125" lat="55.7372519" lon="48.7046880"/>
 <node id="14042309982" visible="true" version="1" changeset="186256316" timestamp="2026-07-23T20:12:00Z" user="Глеб" uid="346125" lat="55.7372806" lon="48.7046288"/>
 <node id="14042309983" visible="true" version="1" changeset="186256316" timestamp="2026-07-23T20:12:00Z" user="Глеб" uid="346125" lat="55.7373034" lon="48.7046129"/>
 <node id="14042309984" visible="true" version="1" changeset="186256316" timestamp="2026-07-23T20:12:00Z" user="Глеб" uid="346125" lat="55.7373232" lon="48.7046063"/>
 <node id="14042309985" visible="true" version="1" changeset="186256316" timestamp="2026-07-23T20:12:00Z" user="Глеб" uid="346125" lat="55.7373439" lon="48.7045996"/>
 <node id="14042309986" visible="true" version="1" changeset="186256316" timestamp="2026-07-23T20:12:00Z" user="Глеб" uid="346125" lat="55.7373669" lon="48.7046001"/>
 <node id="14042309987" visible="true" version="1" changeset="186256316" timestamp="2026-07-23T20:12:00Z" user="Глеб" uid="346125" lat="55.7374123" lon="48.7046124"/>
 <node id="14042309988" visible="true" version="1" changeset="186256316" timestamp="2026-07-23T20:12:00Z" user="Глеб" uid="346125" lat="55.7374031" lon="48.7045334"/>
 <node id="14042309989" visible="true" version="1" changeset="186256316" timestamp="2026-07-23T20:12:00Z" user="Глеб" uid="346125" lat="55.7374371" lon="48.7044893"/>
 <node id="14042309990" visible="true" version="1" changeset="186256316" timestamp="2026-07-23T20:12:00Z" user="Глеб" uid="346125" lat="55.7374789" lon="48.7044543"/>
 <node id="14042309991" visible="true" version="1" changeset="186256316" timestamp="2026-07-23T20:12:00Z" user="Глеб" uid="346125" lat="55.7375192" lon="48.7044213"/>
 <node id="14042309992" visible="true" version="1" changeset="186256316" timestamp="2026-07-23T20:12:00Z" user="Глеб" uid="346125" lat="55.7375622" lon="48.7044023"/>
 <node id="14042309993" visible="true" version="1" changeset="186256316" timestamp="2026-07-23T20:12:00Z" user="Глеб" uid="346125" lat="55.7376056" lon="48.7044183"/>
 <node id="14042309994" visible="true" version="1" changeset="186256316" timestamp="2026-07-23T20:12:00Z" user="Глеб" uid="346125" lat="55.7376487" lon="48.7044304"/>
 <node id="14042309995" visible="true" version="1" changeset="186256316" timestamp="2026-07-23T20:12:00Z" user="Глеб" uid="346125" lat="55.7376942" lon="48.7044337"/>
 <node id="14042309996" visible="true" version="1" changeset="186256316" timestamp="2026-07-23T20:12:00Z" user="Глеб" uid="346125" lat="55.7377579" lon="48.7044772"/>
 <node id="14042309997" visible="true" version="1" changeset="186256316" timestamp="2026-07-23T20:12:00Z" user="Глеб" uid="346125" lat="55.7378489" lon="48.7045885"/>
 <node id="14042309998" visible="true" version="1" changeset="186256316" timestamp="2026-07-23T20:12:00Z" user="Глеб" uid="346125" lat="55.7379026" lon="48.7046137"/>
 <node id="14042309999" visible="true" version="1" changeset="186256316" timestamp="2026-07-23T20:12:00Z" user="Глеб" uid="346125" lat="55.7379249" lon="48.7046552"/>
 <node id="14042310000" visible="true" version="1" changeset="186256316" timestamp="2026-07-23T20:12:00Z" user="Глеб" uid="346125" lat="55.7379547" lon="48.7047144"/>
 <node id="14042310001" visible="true" version="1" changeset="186256316" timestamp="2026-07-23T20:12:00Z" user="Глеб" uid="346125" lat="55.7379883" lon="48.7047674"/>
 <node id="14042310002" visible="true" version="1" changeset="186256316" timestamp="2026-07-23T20:12:00Z" user="Глеб" uid="346125" lat="55.7380308" lon="48.7047760"/>
 <node id="14042310003" visible="true" version="1" changeset="186256316" timestamp="2026-07-23T20:12:00Z" user="Глеб" uid="346125" lat="55.7380806" lon="48.7047773"/>
 <node id="14042310004" visible="true" version="1" changeset="186256316" timestamp="2026-07-23T20:12:00Z" user="Глеб" uid="346125" lat="55.7381185" lon="48.7047402"/>
 <node id="14042310005" visible="true" version="1" changeset="186256316" timestamp="2026-07-23T20:12:00Z" user="Глеб" uid="346125" lat="55.7381502" lon="48.7046834"/>
 <node id="14042310006" visible="true" version="1" changeset="186256316" timestamp="2026-07-23T20:12:00Z" user="Глеб" uid="346125" lat="55.7381727" lon="48.7046188"/>
 <node id="14042310007" visible="true" version="1" changeset="186256316" timestamp="2026-07-23T20:12:00Z" user="Глеб" uid="346125" lat="55.7381041" lon="48.7041581"/>
 <node id="14042310008" visible="true" version="1" changeset="186256316" timestamp="2026-07-23T20:12:00Z" user="Глеб" uid="346125" lat="55.7380422" lon="48.7043139"/>
 <node id="14042310009" visible="true" version="1" changeset="186256316" timestamp="2026-07-23T20:12:00Z" user="Глеб" uid="346125" lat="55.7378486" lon="48.7043665"/>
 <node id="14042310010" visible="true" version="1" changeset="186256316" timestamp="2026-07-23T20:12:00Z" user="Глеб" uid="346125" lat="55.7377755" lon="48.7043173"/>
 <node id="14042310011" visible="true" version="1" changeset="186256316" timestamp="2026-07-23T20:12:00Z" user="Глеб" uid="346125" lat="55.7377623" lon="48.7043062"/>
 <node id="14042310012" visible="true" version="1" changeset="186256316" timestamp="2026-07-23T20:12:00Z" user="Глеб" uid="346125" lat="55.7377575" lon="48.7043021"/>
 <node id="14042310013" visible="true" version="1" changeset="186256316" timestamp="2026-07-23T20:12:00Z" user="Глеб" uid="346125" lat="55.7377135" lon="48.7042603"/>
 <node id="14042310014" visible="true" version="1" changeset="186256316" timestamp="2026-07-23T20:12:00Z" user="Глеб" uid="346125" lat="55.7376720" lon="48.7042755"/>
 <node id="14042310015" visible="true" version="1" changeset="186256316" timestamp="2026-07-23T20:12:00Z" user="Глеб" uid="346125" lat="55.7376503" lon="48.7042866"/>
 <node id="14042310016" visible="true" version="1" changeset="186256316" timestamp="2026-07-23T20:12:00Z" user="Глеб" uid="346125" lat="55.7376440" lon="48.7042900"/>
 <node id="14042310017" visible="true" version="1" changeset="186256316" timestamp="2026-07-23T20:12:00Z" user="Глеб" uid="346125" lat="55.7376229" lon="48.7043013"/>
 <node id="14042310018" visible="true" version="1" changeset="186256316" timestamp="2026-07-23T20:12:00Z" user="Глеб" uid="346125" lat="55.7376721" lon="48.7040940"/>
 <node id="14042310019" visible="true" version="1" changeset="186256316" timestamp="2026-07-23T20:12:00Z" user="Глеб" uid="346125" lat="55.7377177" lon="48.7039678"/>
 <node id="14042310020" visible="true" version="1" changeset="186256316" timestamp="2026-07-23T20:12:00Z" user="Глеб" uid="346125" lat="55.7377689" lon="48.7039000"/>
 <node id="14042310021" visible="true" version="1" changeset="186256316" timestamp="2026-07-23T20:12:00Z" user="Глеб" uid="346125" lat="55.7378235" lon="48.7038663"/>
 <node id="14042310022" visible="true" version="1" changeset="186256316" timestamp="2026-07-23T20:12:00Z" user="Глеб" uid="346125" lat="55.7378969" lon="48.7038531"/>
 <node id="14042310023" visible="true" version="1" changeset="186256316" timestamp="2026-07-23T20:12:00Z" user="Глеб" uid="346125" lat="55.7379696" lon="48.7038629"/>
 <node id="14042310024" visible="true" version="1" changeset="186256316" timestamp="2026-07-23T20:12:00Z" user="Глеб" uid="346125" lat="55.7380290" lon="48.7038689"/>
 <node id="14042310025" visible="true" version="1" changeset="186256316" timestamp="2026-07-23T20:12:00Z" user="Глеб" uid="346125" lat="55.7380498" lon="48.7038711"/>
 <node id="14042310026" visible="true" version="1" changeset="186256316" timestamp="2026-07-23T20:12:00Z" user="Глеб" uid="346125" lat="55.7380602" lon="48.7038630"/>
 <node id="14042310027" visible="true" version="1" changeset="186256316" timestamp="2026-07-23T20:12:00Z" user="Глеб" uid="346125" lat="55.7380894" lon="48.7038403"/>
 <node id="14042310028" visible="true" version="1" changeset="186256316" timestamp="2026-07-23T20:12:00Z" user="Глеб" uid="346125" lat="55.7381361" lon="48.7038008"/>
 <node id="14042310029" visible="true" version="1" changeset="186256316" timestamp="2026-07-23T20:12:00Z" user="Глеб" uid="346125" lat="55.7381749" lon="48.7037799"/>
 <node id="14042310030" visible="true" version="1" changeset="186256316" timestamp="2026-07-23T20:12:00Z" user="Глеб" uid="346125" lat="55.7382044" lon="48.7037639"/>
 <node id="14042310031" visible="true" version="1" changeset="186256316" timestamp="2026-07-23T20:12:00Z" user="Глеб" uid="346125" lat="55.7382599" lon="48.7037568"/>
 <node id="14042310032" visible="true" version="1" changeset="186256316" timestamp="2026-07-23T20:12:00Z" user="Глеб" uid="346125" lat="55.7383041" lon="48.7037142"/>
 <node id="14042310033" visible="true" version="1" changeset="186256316" timestamp="2026-07-23T20:12:00Z" user="Глеб" uid="346125" lat="55.7383661" lon="48.7036404"/>
 <node id="14042310034" visible="true" version="1" changeset="186256316" timestamp="2026-07-23T20:12:00Z" user="Глеб" uid="346125" lat="55.7383909" lon="48.7036116"/>
 <node id="14042310035" visible="true" version="1" changeset="186256316" timestamp="2026-07-23T20:12:00Z" user="Глеб" uid="346125" lat="55.7384360" lon="48.7035591"/>
 <node id="14042310036" visible="true" version="1" changeset="186256316" timestamp="2026-07-23T20:12:00Z" user="Глеб" uid="346125" lat="55.7385465" lon="48.7034261"/>
 <node id="14042310037" visible="true" version="1" changeset="186256316" timestamp="2026-07-23T20:12:00Z" user="Глеб" uid="346125" lat="55.7386433" lon="48.7033031"/>
 <node id="14042310038" visible="true" version="1" changeset="186256316" timestamp="2026-07-23T20:12:00Z" user="Глеб" uid="346125" lat="55.7387002" lon="48.7032121"/>
 <node id="14042310039" visible="true" version="1" changeset="186256316" timestamp="2026-07-23T20:12:00Z" user="Глеб" uid="346125" lat="55.7387480" lon="48.7031399"/>
 <node id="14042310040" visible="true" version="1" changeset="186256316" timestamp="2026-07-23T20:12:00Z" user="Глеб" uid="346125" lat="55.7388025" lon="48.7030603"/>
 <node id="14042310041" visible="true" version="1" changeset="186256316" timestamp="2026-07-23T20:12:00Z" user="Глеб" uid="346125" lat="55.7388585" lon="48.7029584"/>
 <node id="14042310042" visible="true" version="1" changeset="186256316" timestamp="2026-07-23T20:12:00Z" user="Глеб" uid="346125" lat="55.7389302" lon="48.7028771"/>
 <node id="14042310043" visible="true" version="1" changeset="186256316" timestamp="2026-07-23T20:12:00Z" user="Глеб" uid="346125" lat="55.7390346" lon="48.7027445"/>
 <node id="14042310044" visible="true" version="1" changeset="186256316" timestamp="2026-07-23T20:12:00Z" user="Глеб" uid="346125" lat="55.7391445" lon="48.7026178"/>
 <node id="14042310045" visible="true" version="1" changeset="186256316" timestamp="2026-07-23T20:12:00Z" user="Глеб" uid="346125" lat="55.7392535" lon="48.7024762"/>
 <node id="14042310046" visible="true" version="1" changeset="186256316" timestamp="2026-07-23T20:12:00Z" user="Глеб" uid="346125" lat="55.7393601" lon="48.7023554"/>
 <node id="14042310047" visible="true" version="1" changeset="186256316" timestamp="2026-07-23T20:12:00Z" user="Глеб" uid="346125" lat="55.7393675" lon="48.7023462"/>
 <node id="14042310048" visible="true" version="1" changeset="186256316" timestamp="2026-07-23T20:12:00Z" user="Глеб" uid="346125" lat="55.7394595" lon="48.7022318"/>
 <node id="14042310049" visible="true" version="1" changeset="186256316" timestamp="2026-07-23T20:12:00Z" user="Глеб" uid="346125" lat="55.7395111" lon="48.7021772"/>
 <node id="14042310050" visible="true" version="1" changeset="186256316" timestamp="2026-07-23T20:12:00Z" user="Глеб" uid="346125" lat="55.7395686" lon="48.7020932"/>
 <node id="14042310051" visible="true" version="1" changeset="186256316" timestamp="2026-07-23T20:12:00Z" user="Глеб" uid="346125" lat="55.7396114" lon="48.7020417"/>
 <node id="14042310052" visible="true" version="1" changeset="186256316" timestamp="2026-07-23T20:12:00Z" user="Глеб" uid="346125" lat="55.7396967" lon="48.7019403"/>
 <node id="14042310053" visible="true" version="1" changeset="186256316" timestamp="2026-07-23T20:12:00Z" user="Глеб" uid="346125" lat="55.7397499" lon="48.7018608"/>
 <node id="14042310054" visible="true" version="1" changeset="186256316" timestamp="2026-07-23T20:12:00Z" user="Глеб" uid="346125" lat="55.7398415" lon="48.7017460"/>
 <node id="14042310055" visible="true" version="1" changeset="186256316" timestamp="2026-07-23T20:12:00Z" user="Глеб" uid="346125" lat="55.7400723" lon="48.7014280"/>
 <node id="14042310056" visible="true" version="1" changeset="186256316" timestamp="2026-07-23T20:12:00Z" user="Глеб" uid="346125" lat="55.7402128" lon="48.7012510"/>
 <node id="14042310057" visible="true" version="1" changeset="186256316" timestamp="2026-07-23T20:12:00Z" user="Глеб" uid="346125" lat="55.7403528" lon="48.7010903"/>
 <node id="14042310058" visible="true" version="1" changeset="186256316" timestamp="2026-07-23T20:12:00Z" user="Глеб" uid="346125" lat="55.7404710" lon="48.7009621"/>
 <node id="14042310059" visible="true" version="1" changeset="186256316" timestamp="2026-07-23T20:12:00Z" user="Глеб" uid="346125" lat="55.7405730" lon="48.7008509"/>
 <node id="14042310060" visible="true" version="1" changeset="186256316" timestamp="2026-07-23T20:12:00Z" user="Глеб" uid="346125" lat="55.7406829" lon="48.7007212"/>
 <node id="14042310061" visible="true" version="1" changeset="186256316" timestamp="2026-07-23T20:12:00Z" user="Глеб" uid="346125" lat="55.7407495" lon="48.7006370"/>
 <node id="14042310062" visible="true" version="1" changeset="186256316" timestamp="2026-07-23T20:12:00Z" user="Глеб" uid="346125" lat="55.7408543" lon="48.7004925"/>
 <node id="14042310063" visible="true" version="1" changeset="186256316" timestamp="2026-07-23T20:12:00Z" user="Глеб" uid="346125" lat="55.7409765" lon="48.7002939"/>
 <node id="14042310064" visible="true" version="1" changeset="186256316" timestamp="2026-07-23T20:12:00Z" user="Глеб" uid="346125" lat="55.7411033" lon="48.7000857"/>
 <node id="14042310065" visible="true" version="1" changeset="186256316" timestamp="2026-07-23T20:12:00Z" user="Глеб" uid="346125" lat="55.7412621" lon="48.6998452"/>
 <node id="14042310066" visible="true" version="1" changeset="186256316" timestamp="2026-07-23T20:12:00Z" user="Глеб" uid="346125" lat="55.7412841" lon="48.6997897"/>
 <node id="14042310067" visible="true" version="1" changeset="186256316" timestamp="2026-07-23T20:12:00Z" user="Глеб" uid="346125" lat="55.7413830" lon="48.6999921"/>
 <node id="14042310068" visible="true" version="1" changeset="186256316" timestamp="2026-07-23T20:12:00Z" user="Глеб" uid="346125" lat="55.7420293" lon="48.7013138"/>
 <node id="14042310069" visible="true" version="1" changeset="186256316" timestamp="2026-07-23T20:12:00Z" user="Глеб" uid="346125" lat="55.7420884" lon="48.7014348"/>
 <node id="14042310070" visible="true" version="1" changeset="186256316" timestamp="2026-07-23T20:12:00Z" user="Глеб" uid="346125" lat="55.7422294" lon="48.7012328"/>
 <node id="14042310071" visible="true" version="1" changeset="186256316" timestamp="2026-07-23T20:12:00Z" user="Глеб" uid="346125" lat="55.7424005" lon="48.7009898"/>
 <node id="14042310072" visible="true" version="1" changeset="186256316" timestamp="2026-07-23T20:12:00Z" user="Глеб" uid="346125" lat="55.7426150" lon="48.7006624"/>
 <node id="14042310073" visible="true" version="1" changeset="186256316" timestamp="2026-07-23T20:12:00Z" user="Глеб" uid="346125" lat="55.7427593" lon="48.7003984"/>
 <node id="14042310074" visible="true" version="1" changeset="186256316" timestamp="2026-07-23T20:12:00Z" user="Глеб" uid="346125" lat="55.7428588" lon="48.7002852"/>
 <node id="14042310075" visible="true" version="1" changeset="186256316" timestamp="2026-07-23T20:12:00Z" user="Глеб" uid="346125" lat="55.7429641" lon="48.7001086"/>
 <node id="14042310076" visible="true" version="1" changeset="186256316" timestamp="2026-07-23T20:12:00Z" user="Глеб" uid="346125" lat="55.7430750" lon="48.6999119"/>
 <node id="14042310077" visible="true" version="1" changeset="186256316" timestamp="2026-07-23T20:12:00Z" user="Глеб" uid="346125" lat="55.7431856" lon="48.6997382"/>
 <node id="14042310078" visible="true" version="1" changeset="186256316" timestamp="2026-07-23T20:12:00Z" user="Глеб" uid="346125" lat="55.7432849" lon="48.6995838"/>
 <node id="14042310079" visible="true" version="1" changeset="186256316" timestamp="2026-07-23T20:12:00Z" user="Глеб" uid="346125" lat="55.7434256" lon="48.6995177"/>
 <node id="14042310080" visible="true" version="1" changeset="186256316" timestamp="2026-07-23T20:12:00Z" user="Глеб" uid="346125" lat="55.7436072" lon="48.6994486"/>
 <node id="14042310081" visible="true" version="1" changeset="186256316" timestamp="2026-07-23T20:12:00Z" user="Глеб" uid="346125" lat="55.7436751" lon="48.6993830"/>
 <node id="14042310082" visible="true" version="1" changeset="186256316" timestamp="2026-07-23T20:12:00Z" user="Глеб" uid="346125" lat="55.7437617" lon="48.6992997"/>
 <node id="14042310083" visible="true" version="1" changeset="186256316" timestamp="2026-07-23T20:12:00Z" user="Глеб" uid="346125" lat="55.7439199" lon="48.6989929"/>
 <node id="14042310084" visible="true" version="1" changeset="186256316" timestamp="2026-07-23T20:12:00Z" user="Глеб" uid="346125" lat="55.7440653" lon="48.6987501"/>
 <node id="14042310085" visible="true" version="1" changeset="186256316" timestamp="2026-07-23T20:12:00Z" user="Глеб" uid="346125" lat="55.7443094" lon="48.6982557"/>
 <node id="14042310086" visible="true" version="1" changeset="186256316" timestamp="2026-07-23T20:12:00Z" user="Глеб" uid="346125" lat="55.7444718" lon="48.6979069"/>
 <node id="14042310087" visible="true" version="1" changeset="186256316" timestamp="2026-07-23T20:12:00Z" user="Глеб" uid="346125" lat="55.7447148" lon="48.6974147"/>
 <node id="14042310088" visible="true" version="1" changeset="186256316" timestamp="2026-07-23T20:12:00Z" user="Глеб" uid="346125" lat="55.7448144" lon="48.6972213"/>
 <node id="14042310089" visible="true" version="1" changeset="186256316" timestamp="2026-07-23T20:12:00Z" user="Глеб" uid="346125" lat="55.7451147" lon="48.6970313"/>
 <node id="14042310090" visible="true" version="1" changeset="186256316" timestamp="2026-07-23T20:12:00Z" user="Глеб" uid="346125" lat="55.7452245" lon="48.6969721"/>
 <node id="14042310091" visible="true" version="1" changeset="186256316" timestamp="2026-07-23T20:12:00Z" user="Глеб" uid="346125" lat="55.7453738" lon="48.6969133"/>
 <node id="14042310092" visible="true" version="1" changeset="186256316" timestamp="2026-07-23T20:12:00Z" user="Глеб" uid="346125" lat="55.7455154" lon="48.6968796"/>
 <node id="14042310093" visible="true" version="1" changeset="186256316" timestamp="2026-07-23T20:12:00Z" user="Глеб" uid="346125" lat="55.7456548" lon="48.6968202"/>
 <node id="14042310094" visible="true" version="1" changeset="186256316" timestamp="2026-07-23T20:12:00Z" user="Глеб" uid="346125" lat="55.7457906" lon="48.6967575"/>
 <node id="14042310095" visible="true" version="1" changeset="186256316" timestamp="2026-07-23T20:12:00Z" user="Глеб" uid="346125" lat="55.7452508" lon="48.6975451"/>
 <node id="14042310096" visible="true" version="1" changeset="186256316" timestamp="2026-07-23T20:12:00Z" user="Глеб" uid="346125" lat="55.7452233" lon="48.6975727"/>
 <node id="14042310097" visible="true" version="1" changeset="186256316" timestamp="2026-07-23T20:12:00Z" user="Глеб" uid="346125" lat="55.7449817" lon="48.6978146"/>
 <node id="14042310098" visible="true" version="1" changeset="186256316" timestamp="2026-07-23T20:12:00Z" user="Глеб" uid="346125" lat="55.7449210" lon="48.6979255"/>
 <node id="14042310099" visible="true" version="1" changeset="186256316" timestamp="2026-07-23T20:12:00Z" user="Глеб" uid="346125" lat="55.7448142" lon="48.6981207"/>
 <node id="14042310100" visible="true" version="1" changeset="186256316" timestamp="2026-07-23T20:12:00Z" user="Глеб" uid="346125" lat="55.7448011" lon="48.6981359"/>
 <node id="14042310101" visible="true" version="1" changeset="186256316" timestamp="2026-07-23T20:12:00Z" user="Глеб" uid="346125" lat="55.7447995" lon="48.6981474"/>
 <node id="14042310102" visible="true" version="1" changeset="186256316" timestamp="2026-07-23T20:12:00Z" user="Глеб" uid="346125" lat="55.7447383" lon="48.6982592"/>
 <node id="14042310103" visible="true" version="1" changeset="186256316" timestamp="2026-07-23T20:12:00Z" user="Глеб" uid="346125" lat="55.7446463" lon="48.6984839"/>
 <node id="14042310104" visible="true" version="1" changeset="186256316" timestamp="2026-07-23T20:12:00Z" user="Глеб" uid="346125" lat="55.7439037" lon="48.7002957"/>
 <node id="14042310105" visible="true" version="1" changeset="186256316" timestamp="2026-07-23T20:12:00Z" user="Глеб" uid="346125" lat="55.7438720" lon="48.7003729"/>
 <node id="14042310106" visible="true" version="1" changeset="186256316" timestamp="2026-07-23T20:12:00Z" user="Глеб" uid="346125" lat="55.7437813" lon="48.7005276"/>
 <node id="14042310107" visible="true" version="1" changeset="186256316" timestamp="2026-07-23T20:12:00Z" user="Глеб" uid="346125" lat="55.7435954" lon="48.7008444"/>
 <node id="14042310108" visible="true" version="1" changeset="186256316" timestamp="2026-07-23T20:12:00Z" user="Глеб" uid="346125" lat="55.7435432" lon="48.7009344"/>
 <node id="14042310109" visible="true" version="1" changeset="186256316" timestamp="2026-07-23T20:12:00Z" user="Глеб" uid="346125" lat="55.7434034" lon="48.7011715"/>
 <node id="14042310110" visible="true" version="1" changeset="186256316" timestamp="2026-07-23T20:12:00Z" user="Глеб" uid="346125" lat="55.7430273" lon="48.7018131"/>
 <node id="14042310111" visible="true" version="1" changeset="186256316" timestamp="2026-07-23T20:12:00Z" user="Глеб" uid="346125" lat="55.7430351" lon="48.7018711"/>
 <node id="14042310112" visible="true" version="1" changeset="186256316" timestamp="2026-07-23T20:12:00Z" user="Глеб" uid="346125" lat="55.7430161" lon="48.7019529"/>
 <node id="14042310113" visible="true" version="1" changeset="186256316" timestamp="2026-07-23T20:12:00Z" user="Глеб" uid="346125" lat="55.7428574" lon="48.7021025"/>
 <node id="14042310114" visible="true" version="1" changeset="186256316" timestamp="2026-07-23T20:12:00Z" user="Глеб" uid="346125" lat="55.7427482" lon="48.7024096"/>
 <node id="14042310115" visible="true" version="1" changeset="186256316" timestamp="2026-07-23T20:12:00Z" user="Глеб" uid="346125" lat="55.7420754" lon="48.7043040"/>
 <node id="14042310116" visible="true" version="1" changeset="186256316" timestamp="2026-07-23T20:12:00Z" user="Глеб" uid="346125" lat="55.7411918" lon="48.7067915"/>
 <node id="14042310117" visible="true" version="1" changeset="186256316" timestamp="2026-07-23T20:12:00Z" user="Глеб" uid="346125" lat="55.7397882" lon="48.7107420"/>
 <node id="14042310118" visible="true" version="1" changeset="186256316" timestamp="2026-07-23T20:12:00Z" user="Глеб" uid="346125" lat="55.7396662" lon="48.7110853"/>
 <node id="14042310119" visible="true" version="1" changeset="186256316" timestamp="2026-07-23T20:12:00Z" user="Глеб" uid="346125" lat="55.7400263" lon="48.7106437"/>
 <node id="14042310120" visible="true" version="1" changeset="186256316" timestamp="2026-07-23T20:12:00Z" user="Глеб" uid="346125" lat="55.7404890" lon="48.7111612"/>
 <node id="14042310121" visible="true" version="1" changeset="186256316" timestamp="2026-07-23T20:12:00Z" user="Глеб" uid="346125" lat="55.7404730" lon="48.7121537"/>
 <node id="14042310122" visible="true" version="1" changeset="186256316" timestamp="2026-07-23T20:12:00Z" user="Глеб" uid="346125" lat="55.7405127" lon="48.7123508"/>
 <node id="14042310123" visible="true" version="1" changeset="186256316" timestamp="2026-07-23T20:12:00Z" user="Глеб" uid="346125" lat="55.7411314" lon="48.7132761"/>
 <node id="14042310124" visible="true" version="1" changeset="186256316" timestamp="2026-07-23T20:12:00Z" user="Глеб" uid="346125" lat="55.7411452" lon="48.7132298"/>
 <node id="14042310125" visible="true" version="1" changeset="186256316" timestamp="2026-07-23T20:12:00Z" user="Глеб" uid="346125" lat="55.7415244" lon="48.7136571"/>
 <node id="14042310126" visible="true" version="1" changeset="186256316" timestamp="2026-07-23T20:12:00Z" user="Глеб" uid="346125" lat="55.7408136" lon="48.7162128"/>
 <node id="14042310127" visible="true" version="1" changeset="186256316" timestamp="2026-07-23T20:12:00Z" user="Глеб" uid="346125" lat="55.7408708" lon="48.7162611"/>
 <node id="14042310128" visible="true" version="1" changeset="186256316" timestamp="2026-07-23T20:12:00Z" user="Глеб" uid="346125" lat="55.7408523" lon="48.7163321"/>
 <node id="14042310129" visible="true" version="1" changeset="186256316" timestamp="2026-07-23T20:12:00Z" user="Глеб" uid="346125" lat="55.7406000" lon="48.7172991"/>
 <node id="14042310130" visible="true" version="1" changeset="186256316" timestamp="2026-07-23T20:12:00Z" user="Глеб" uid="346125" lat="55.7404755" lon="48.7177765"/>
 <node id="14042310131" visible="true" version="1" changeset="186256316" timestamp="2026-07-23T20:12:00Z" user="Глеб" uid="346125" lat="55.7403355" lon="48.7191801"/>
 <node id="14042310132" visible="true" version="1" changeset="186256316" timestamp="2026-07-23T20:12:00Z" user="Глеб" uid="346125" lat="55.7403986" lon="48.7203848"/>
 <node id="14042310133" visible="true" version="1" changeset="186256316" timestamp="2026-07-23T20:12:00Z" user="Глеб" uid="346125" lat="55.7410545" lon="48.7226052"/>
 <node id="14042310134" visible="true" version="1" changeset="186256316" timestamp="2026-07-23T20:12:00Z" user="Глеб" uid="346125" lat="55.7414338" lon="48.7230617"/>
 <node id="14042310135" visible="true" version="1" changeset="186256316" timestamp="2026-07-23T20:12:00Z" user="Глеб" uid="346125" lat="55.7424554" lon="48.7238536"/>
 <node id="14042310136" visible="true" version="1" changeset="186256316" timestamp="2026-07-23T20:12:00Z" user="Глеб" uid="346125" lat="55.7457724" lon="48.7264254"/>
 <node id="14042310137" visible="true" version="1" changeset="186256316" timestamp="2026-07-23T20:12:00Z" user="Глеб" uid="346125" lat="55.7459555" lon="48.7264332"/>
 <node id="14042310138" visible="true" version="1" changeset="186256316" timestamp="2026-07-23T20:12:00Z" user="Глеб" uid="346125" lat="55.7460729" lon="48.7267692"/>
 <node id="14042310139" visible="true" version="1" changeset="186256316" timestamp="2026-07-23T20:12:00Z" user="Глеб" uid="346125" lat="55.7460707" lon="48.7267716"/>
 <node id="14042310140" visible="true" version="1" changeset="186256316" timestamp="2026-07-23T20:12:00Z" user="Глеб" uid="346125" lat="55.7460346" lon="48.7268107"/>
 <node id="14042310141" visible="true" version="1" changeset="186256316" timestamp="2026-07-23T20:12:00Z" user="Глеб" uid="346125" lat="55.7455723" lon="48.7273105"/>
 <node id="14042310142" visible="true" version="1" changeset="186256316" timestamp="2026-07-23T20:12:00Z" user="Глеб" uid="346125" lat="55.7455466" lon="48.7273384"/>
 <node id="14042310143" visible="true" version="1" changeset="186256316" timestamp="2026-07-23T20:12:00Z" user="Глеб" uid="346125" lat="55.7444090" lon="48.7286296"/>
 <node id="14042310144" visible="true" version="1" changeset="186256316" timestamp="2026-07-23T20:12:00Z" user="Глеб" uid="346125" lat="55.7435319" lon="48.7296171"/>
 <node id="14042310145" visible="true" version="1" changeset="186256316" timestamp="2026-07-23T20:12:00Z" user="Глеб" uid="346125" lat="55.7425252" lon="48.7308247"/>
 <node id="14042310146" visible="true" version="1" changeset="186256316" timestamp="2026-07-23T20:12:00Z" user="Глеб" uid="346125" lat="55.7417416" lon="48.7317456"/>
 <node id="14042310147" visible="true" version="1" changeset="186256316" timestamp="2026-07-23T20:12:00Z" user="Глеб" uid="346125" lat="55.7409138" lon="48.7326189"/>
 <node id="14042310148" visible="true" version="1" changeset="186256316" timestamp="2026-07-23T20:12:00Z" user="Глеб" uid="346125" lat="55.7402021" lon="48.7334381"/>
 <node id="14042310149" visible="true" version="1" changeset="186256316" timestamp="2026-07-23T20:12:00Z" user="Глеб" uid="346125" lat="55.7395411" lon="48.7341795"/>
 <node id="14042310150" visible="true" version="1" changeset="186256316" timestamp="2026-07-23T20:12:00Z" user="Глеб" uid="346125" lat="55.7395295" lon="48.7341925"/>
 <node id="14042310151" visible="true" version="1" changeset="186256316" timestamp="2026-07-23T20:12:00Z" user="Глеб" uid="346125" lat="55.7395106" lon="48.7342136"/>
 <node id="14042310152" visible="true" version="1" changeset="186256316" timestamp="2026-07-23T20:12:00Z" user="Глеб" uid="346125" lat="55.7394935" lon="48.7342329"/>
 <node id="14042310153" visible="true" version="1" changeset="186256316" timestamp="2026-07-23T20:12:00Z" user="Глеб" uid="346125" lat="55.7388380" lon="48.7349626"/>
 <node id="14042310154" visible="true" version="1" changeset="186256316" timestamp="2026-07-23T20:12:00Z" user="Глеб" uid="346125" lat="55.7382529" lon="48.7356287"/>
 <node id="14042310155" visible="true" version="1" changeset="186256316" timestamp="2026-07-23T20:12:00Z" user="Глеб" uid="346125" lat="55.7380577" lon="48.7358515"/>
 <node id="14042310156" visible="true" version="1" changeset="186256316" timestamp="2026-07-23T20:12:00Z" user="Глеб" uid="346125" lat="55.7373334" lon="48.7366783"/>
 <node id="14042310157" visible="true" version="1" changeset="186256316" timestamp="2026-07-23T20:12:00Z" user="Глеб" uid="346125" lat="55.7366139" lon="48.7373985"/>
 <node id="14042310158" visible="true" version="1" changeset="186256316" timestamp="2026-07-23T20:12:00Z" user="Глеб" uid="346125" lat="55.7355772" lon="48.7384112"/>
 <node id="14042310159" visible="true" version="1" changeset="186256316" timestamp="2026-07-23T20:12:00Z" user="Глеб" uid="346125" lat="55.7343075" lon="48.7397153"/>
 <node id="14042310160" visible="true" version="1" changeset="186256316" timestamp="2026-07-23T20:12:00Z" user="Глеб" uid="346125" lat="55.7336403" lon="48.7403857"/>
 <node id="14042310161" visible="true" version="1" changeset="186256316" timestamp="2026-07-23T20:12:00Z" user="Глеб" uid="346125" lat="55.7329984" lon="48.7410027"/>
 <node id="14042310162" visible="true" version="1" changeset="186256316" timestamp="2026-07-23T20:12:00Z" user="Глеб" uid="346125" lat="55.7327758" lon="48.7412167"/>
 <node id="14042310163" visible="true" version="1" changeset="186256316" timestamp="2026-07-23T20:12:00Z" user="Глеб" uid="346125" lat="55.7320833" lon="48.7418949"/>
 <node id="14042310164" visible="true" version="1" changeset="186256316" timestamp="2026-07-23T20:12:00Z" user="Глеб" uid="346125" lat="55.7313709" lon="48.7425732"/>
 <node id="14042310165" visible="true" version="1" changeset="186256316" timestamp="2026-07-23T20:12:00Z" user="Глеб" uid="346125" lat="55.7307413" lon="48.7431872"/>
 <node id="14042310166" visible="true" version="1" changeset="186256316" timestamp="2026-07-23T20:12:00Z" user="Глеб" uid="346125" lat="55.7300080" lon="48.7439111"/>
 <node id="14042310167" visible="true" version="1" changeset="186256316" timestamp="2026-07-23T20:12:00Z" user="Глеб" uid="346125" lat="55.7292090" lon="48.7447095"/>
 <node id="14042310168" visible="true" version="1" changeset="186256316" timestamp="2026-07-23T20:12:00Z" user="Глеб" uid="346125" lat="55.7286015" lon="48.7452749"/>
 <node id="14042310169" visible="true" version="1" changeset="186256316" timestamp="2026-07-23T20:12:00Z" user="Глеб" uid="346125" lat="55.7281330" lon="48.7457787"/>
 <node id="14042310170" visible="true" version="1" changeset="186256316" timestamp="2026-07-23T20:12:00Z" user="Глеб" uid="346125" lat="55.7277454" lon="48.7461548"/>
 <node id="14042310171" visible="true" version="1" changeset="186256316" timestamp="2026-07-23T20:12:00Z" user="Глеб" uid="346125" lat="55.7273081" lon="48.7465830"/>
 <node id="14042310172" visible="true" version="1" changeset="186256316" timestamp="2026-07-23T20:12:00Z" user="Глеб" uid="346125" lat="55.7270309" lon="48.7468597"/>
 <node id="14042310173" visible="true" version="1" changeset="186256316" timestamp="2026-07-23T20:12:00Z" user="Глеб" uid="346125" lat="55.7268925" lon="48.7469955"/>
 <node id="14042310174" visible="true" version="1" changeset="186256316" timestamp="2026-07-23T20:12:00Z" user="Глеб" uid="346125" lat="55.7267820" lon="48.7471039"/>
 <node id="14042310175" visible="true" version="1" changeset="186256316" timestamp="2026-07-23T20:12:00Z" user="Глеб" uid="346125" lat="55.7267603" lon="48.7471254"/>
 <node id="14042310176" visible="true" version="1" changeset="186256316" timestamp="2026-07-23T20:12:00Z" user="Глеб" uid="346125" lat="55.7267413" lon="48.7471440"/>
 <node id="14042310177" visible="true" version="1" changeset="186256316" timestamp="2026-07-23T20:12:00Z" user="Глеб" uid="346125" lat="55.7263694" lon="48.7475195"/>
 <node id="14042310178" visible="true" version="1" changeset="186256316" timestamp="2026-07-23T20:12:00Z" user="Глеб" uid="346125" lat="55.7259350" lon="48.7479422"/>
 <node id="14042310179" visible="true" version="1" changeset="186256316" timestamp="2026-07-23T20:12:00Z" user="Глеб" uid="346125" lat="55.7253632" lon="48.7485269"/>
 <node id="14042310180" visible="true" version="1" changeset="186256316" timestamp="2026-07-23T20:12:00Z" user="Глеб" uid="346125" lat="55.7252076" lon="48.7486724"/>
 <node id="14042310181" visible="true" version="1" changeset="186256316" timestamp="2026-07-23T20:12:00Z" user="Глеб" uid="346125" lat="55.7251360" lon="48.7487393"/>
 <node id="14042310182" visible="true" version="1" changeset="186256316" timestamp="2026-07-23T20:12:00Z" user="Глеб" uid="346125" lat="55.7249982" lon="48.7489281"/>
 <node id="14042310183" visible="true" version="1" changeset="186256316" timestamp="2026-07-23T20:12:00Z" user="Глеб" uid="346125" lat="55.7248965" lon="48.7491621"/>
 <node id="14042310184" visible="true" version="1" changeset="186256316" timestamp="2026-07-23T20:12:00Z" user="Глеб" uid="346125" lat="55.7248863" lon="48.7492256"/>
 <node id="14042310185" visible="true" version="1" changeset="186256316" timestamp="2026-07-23T20:12:00Z" user="Глеб" uid="346125" lat="55.7247880" lon="48.7492775"/>
 <node id="14042310186" visible="true" version="1" changeset="186256316" timestamp="2026-07-23T20:12:00Z" user="Глеб" uid="346125" lat="55.7247295" lon="48.7493082"/>
 <node id="14042310187" visible="true" version="1" changeset="186256316" timestamp="2026-07-23T20:12:00Z" user="Глеб" uid="346125" lat="55.7246612" lon="48.7492827"/>
 <node id="14042310188" visible="true" version="1" changeset="186256316" timestamp="2026-07-23T20:12:00Z" user="Глеб" uid="346125" lat="55.7246098" lon="48.7492010"/>
 <node id="14042310189" visible="true" version="1" changeset="186256316" timestamp="2026-07-23T20:12:00Z" user="Глеб" uid="346125" lat="55.7246032" lon="48.7491837"/>
 <node id="14042310190" visible="true" version="1" changeset="186256316" timestamp="2026-07-23T20:12:00Z" user="Глеб" uid="346125" lat="55.7245755" lon="48.7491105"/>
 <node id="14042310191" visible="true" version="1" changeset="186256316" timestamp="2026-07-23T20:12:00Z" user="Глеб" uid="346125" lat="55.7245679" lon="48.7489724"/>
 <node id="14042310192" visible="true" version="1" changeset="186256316" timestamp="2026-07-23T20:12:00Z" user="Глеб" uid="346125" lat="55.7245750" lon="48.7488903"/>
 <node id="14042310193" visible="true" version="1" changeset="186256316" timestamp="2026-07-23T20:12:00Z" user="Глеб" uid="346125" lat="55.7246406" lon="48.7487991"/>
 <node id="14042310194" visible="true" version="1" changeset="186256316" timestamp="2026-07-23T20:12:00Z" user="Глеб" uid="346125" lat="55.7247352" lon="48.7486342"/>
 <node id="14042310195" visible="true" version="1" changeset="186256316" timestamp="2026-07-23T20:12:00Z" user="Глеб" uid="346125" lat="55.7248226" lon="48.7484392"/>
 <node id="14042310196" visible="true" version="1" changeset="186256316" timestamp="2026-07-23T20:12:00Z" user="Глеб" uid="346125" lat="55.7248561" lon="48.7481495"/>
 <node id="14042310197" visible="true" version="1" changeset="186256316" timestamp="2026-07-23T20:12:00Z" user="Глеб" uid="346125" lat="55.7248538" lon="48.7481282"/>
 <node id="14042310198" visible="true" version="1" changeset="186256316" timestamp="2026-07-23T20:12:00Z" user="Глеб" uid="346125" lat="55.7248293" lon="48.7479047"/>
 <node id="14042310199" visible="true" version="1" changeset="186256316" timestamp="2026-07-23T20:12:00Z" user="Глеб" uid="346125" lat="55.7248266" lon="48.7478815"/>
 <node id="14042310200" visible="true" version="1" changeset="186256316" timestamp="2026-07-23T20:12:00Z" user="Глеб" uid="346125" lat="55.7247869" lon="48.7475409"/>
 <node id="14042310201" visible="true" version="1" changeset="186256316" timestamp="2026-07-23T20:12:00Z" user="Глеб" uid="346125" lat="55.7247515" lon="48.7471638"/>
 <node id="14042310202" visible="true" version="1" changeset="186256316" timestamp="2026-07-23T20:12:00Z" user="Глеб" uid="346125" lat="55.7246708" lon="48.7468309"/>
 <node id="14042310203" visible="true" version="1" changeset="186256316" timestamp="2026-07-23T20:12:00Z" user="Глеб" uid="346125" lat="55.7246041" lon="48.7465619"/>
 <node id="14042310204" visible="true" version="1" changeset="186256316" timestamp="2026-07-23T20:12:00Z" user="Глеб" uid="346125" lat="55.7246528" lon="48.7463719"/>
 <node id="14042310205" visible="true" version="1" changeset="186256316" timestamp="2026-07-23T20:12:00Z" user="Глеб" uid="346125" lat="55.7247510" lon="48.7462177"/>
 <node id="14042310206" visible="true" version="1" changeset="186256316" timestamp="2026-07-23T20:12:00Z" user="Глеб" uid="346125" lat="55.7250622" lon="48.7458570"/>
 <node id="14042310207" visible="true" version="1" changeset="186256316" timestamp="2026-07-23T20:12:00Z" user="Глеб" uid="346125" lat="55.7252280" lon="48.7457414"/>
 <node id="14042310208" visible="true" version="1" changeset="186256316" timestamp="2026-07-23T20:12:00Z" user="Глеб" uid="346125" lat="55.7252841" lon="48.7457196"/>
 <node id="14042310209" visible="true" version="1" changeset="186256316" timestamp="2026-07-23T20:12:00Z" user="Глеб" uid="346125" lat="55.7253365" lon="48.7456962"/>
 <node id="14042310210" visible="true" version="1" changeset="186256316" timestamp="2026-07-23T20:12:00Z" user="Глеб" uid="346125" lat="55.7253852" lon="48.7456710"/>
 <node id="14042310211" visible="true" version="1" changeset="186256316" timestamp="2026-07-23T20:12:00Z" user="Глеб" uid="346125" lat="55.7254301" lon="48.7456441"/>
 <node id="14042310212" visible="true" version="1" changeset="186256316" timestamp="2026-07-23T20:12:00Z" user="Глеб" uid="346125" lat="55.7254713" lon="48.7456153"/>
 <node id="14042310213" visible="true" version="1" changeset="186256316" timestamp="2026-07-23T20:12:00Z" user="Глеб" uid="346125" lat="55.7255087" lon="48.7455848"/>
 <node id="14042310214" visible="true" version="1" changeset="186256316" timestamp="2026-07-23T20:12:00Z" user="Глеб" uid="346125" lat="55.7255424" lon="48.7455527"/>
 <node id="14042310215" visible="true" version="1" changeset="186256316" timestamp="2026-07-23T20:12:00Z" user="Глеб" uid="346125" lat="55.7255724" lon="48.7455187"/>
 <node id="14042310216" visible="true" version="1" changeset="186256316" timestamp="2026-07-23T20:12:00Z" user="Глеб" uid="346125" lat="55.7255987" lon="48.7454831"/>
 <node id="14042310217" visible="true" version="1" changeset="186256316" timestamp="2026-07-23T20:12:00Z" user="Глеб" uid="346125" lat="55.7256066" lon="48.7454701"/>
 <node id="14042310218" visible="true" version="1" changeset="186256316" timestamp="2026-07-23T20:12:00Z" user="Глеб" uid="346125" lat="55.7256141" lon="48.7454557"/>
 <node id="14042310219" visible="true" version="1" changeset="186256316" timestamp="2026-07-23T20:12:00Z" user="Глеб" uid="346125" lat="55.7256213" lon="48.7454399"/>
 <node id="14042310220" visible="true" version="1" changeset="186256316" timestamp="2026-07-23T20:12:00Z" user="Глеб" uid="346125" lat="55.7256281" lon="48.7454225"/>
 <node id="14042310221" visible="true" version="1" changeset="186256316" timestamp="2026-07-23T20:12:00Z" user="Глеб" uid="346125" lat="55.7256344" lon="48.7454039"/>
 <node id="14042310222" visible="true" version="1" changeset="186256316" timestamp="2026-07-23T20:12:00Z" user="Глеб" uid="346125" lat="55.7256403" lon="48.7453838"/>
 <node id="14042310223" visible="true" version="1" changeset="186256316" timestamp="2026-07-23T20:12:00Z" user="Глеб" uid="346125" lat="55.7256458" lon="48.7453622"/>
 <node id="14042310224" visible="true" version="1" changeset="186256316" timestamp="2026-07-23T20:12:00Z" user="Глеб" uid="346125" lat="55.7256509" lon="48.7453393"/>
 <node id="14042310225" visible="true" version="1" changeset="186256316" timestamp="2026-07-23T20:12:00Z" user="Глеб" uid="346125" lat="55.7256556" lon="48.7453149"/>
 <node id="14042310226" visible="true" version="1" changeset="186256316" timestamp="2026-07-23T20:12:00Z" user="Глеб" uid="346125" lat="55.7256593" lon="48.7452927"/>
 <node id="14042310227" visible="true" version="1" changeset="186256316" timestamp="2026-07-23T20:12:00Z" user="Глеб" uid="346125" lat="55.7256622" lon="48.7452717"/>
 <node id="14042310228" visible="true" version="1" changeset="186256316" timestamp="2026-07-23T20:12:00Z" user="Глеб" uid="346125" lat="55.7256644" lon="48.7452516"/>
 <node id="14042310229" visible="true" version="1" changeset="186256316" timestamp="2026-07-23T20:12:00Z" user="Глеб" uid="346125" lat="55.7256659" lon="48.7452329"/>
 <node id="14042310230" visible="true" version="1" changeset="186256316" timestamp="2026-07-23T20:12:00Z" user="Глеб" uid="346125" lat="55.7256666" lon="48.7452152"/>
 <node id="14042310231" visible="true" version="1" changeset="186256316" timestamp="2026-07-23T20:12:00Z" user="Глеб" uid="346125" lat="55.7256666" lon="48.7451986"/>
 <node id="14042310232" visible="true" version="1" changeset="186256316" timestamp="2026-07-23T20:12:00Z" user="Глеб" uid="346125" lat="55.7256659" lon="48.7451832"/>
 <node id="14042310233" visible="true" version="1" changeset="186256316" timestamp="2026-07-23T20:12:00Z" user="Глеб" uid="346125" lat="55.7256644" lon="48.7451689"/>
 <node id="14042310234" visible="true" version="1" changeset="186256316" timestamp="2026-07-23T20:12:00Z" user="Глеб" uid="346125" lat="55.7256622" lon="48.7451555"/>
 <node id="14042310235" visible="true" version="1" changeset="186256316" timestamp="2026-07-23T20:12:00Z" user="Глеб" uid="346125" lat="55.7256583" lon="48.7451401"/>
 <node id="14042310236" visible="true" version="1" changeset="186256316" timestamp="2026-07-23T20:12:00Z" user="Глеб" uid="346125" lat="55.7256529" lon="48.7451241"/>
 <node id="14042310237" visible="true" version="1" changeset="186256316" timestamp="2026-07-23T20:12:00Z" user="Глеб" uid="346125" lat="55.7256459" lon="48.7451071"/>
 <node id="14042310238" visible="true" version="1" changeset="186256316" timestamp="2026-07-23T20:12:00Z" user="Глеб" uid="346125" lat="55.7256373" lon="48.7450894"/>
 <node id="14042310239" visible="true" version="1" changeset="186256316" timestamp="2026-07-23T20:12:00Z" user="Глеб" uid="346125" lat="55.7256272" lon="48.7450708"/>
 <node id="14042310240" visible="true" version="1" changeset="186256316" timestamp="2026-07-23T20:12:00Z" user="Глеб" uid="346125" lat="55.7256156" lon="48.7450516"/>
 <node id="14042310241" visible="true" version="1" changeset="186256316" timestamp="2026-07-23T20:12:00Z" user="Глеб" uid="346125" lat="55.7256024" lon="48.7450315"/>
 <node id="14042310242" visible="true" version="1" changeset="186256316" timestamp="2026-07-23T20:12:00Z" user="Глеб" uid="346125" lat="55.7255875" lon="48.7450106"/>
 <node id="14042310243" visible="true" version="1" changeset="186256316" timestamp="2026-07-23T20:12:00Z" user="Глеб" uid="346125" lat="55.7255655" lon="48.7449812"/>
 <node id="14042310244" visible="true" version="1" changeset="186256316" timestamp="2026-07-23T20:12:00Z" user="Глеб" uid="346125" lat="55.7255587" lon="48.7449706"/>
 <node id="14042310245" visible="true" version="1" changeset="186256316" timestamp="2026-07-23T20:12:00Z" user="Глеб" uid="346125" lat="55.7255418" lon="48.7449416"/>
 <node id="14042310246" visible="true" version="1" changeset="186256316" timestamp="2026-07-23T20:12:00Z" user="Глеб" uid="346125" lat="55.7255205" lon="48.7449019"/>
 <node id="14042310247" visible="true" version="1" changeset="186256316" timestamp="2026-07-23T20:12:00Z" user="Глеб" uid="346125" lat="55.7254947" lon="48.7448515"/>
 <node id="14042310248" visible="true" version="1" changeset="186256316" timestamp="2026-07-23T20:12:00Z" user="Глеб" uid="346125" lat="55.7254419" lon="48.7447448"/>
 <node id="14042310249" visible="true" version="1" changeset="186256316" timestamp="2026-07-23T20:12:00Z" user="Глеб" uid="346125" lat="55.7254067" lon="48.7446722"/>
 <node id="14042310250" visible="true" version="1" changeset="186256316" timestamp="2026-07-23T20:12:00Z" user="Глеб" uid="346125" lat="55.7253746" lon="48.7446045"/>
 <node id="14042310251" visible="true" version="1" changeset="186256316" timestamp="2026-07-23T20:12:00Z" user="Глеб" uid="346125" lat="55.7253455" lon="48.7445418"/>
 <node id="14042310252" visible="true" version="1" changeset="186256316" timestamp="2026-07-23T20:12:00Z" user="Глеб" uid="346125" lat="55.7253194" lon="48.7444841"/>
 <node id="14042310253" visible="true" version="1" changeset="186256316" timestamp="2026-07-23T20:12:00Z" user="Глеб" uid="346125" lat="55.7252965" lon="48.7444311"/>
 <node id="14042310254" visible="true" version="1" changeset="186256316" timestamp="2026-07-23T20:12:00Z" user="Глеб" uid="346125" lat="55.7252765" lon="48.7443833"/>
 <node id="14042310255" visible="true" version="1" changeset="186256316" timestamp="2026-07-23T20:12:00Z" user="Глеб" uid="346125" lat="55.7252596" lon="48.7443403"/>
 <node id="14042310256" visible="true" version="1" changeset="186256316" timestamp="2026-07-23T20:12:00Z" user="Глеб" uid="346125" lat="55.7252458" lon="48.7443024"/>
 <node id="14042310257" visible="true" version="1" changeset="186256316" timestamp="2026-07-23T20:12:00Z" user="Глеб" uid="346125" lat="55.7252377" lon="48.7442773"/>
 <node id="14042310258" visible="true" version="1" changeset="186256316" timestamp="2026-07-23T20:12:00Z" user="Глеб" uid="346125" lat="55.7252317" lon="48.7442538"/>
 <node id="14042310259" visible="true" version="1" changeset="186256316" timestamp="2026-07-23T20:12:00Z" user="Глеб" uid="346125" lat="55.7252276" lon="48.7442322"/>
 <node id="14042310260" visible="true" version="1" changeset="186256316" timestamp="2026-07-23T20:12:00Z" user="Глеб" uid="346125" lat="55.7250209" lon="48.7434311"/>
 <node id="14042310261" visible="true" version="1" changeset="186256316" timestamp="2026-07-23T20:12:00Z" user="Глеб" uid="346125" lat="55.7250061" lon="48.7435304"/>
 <node id="14042310262" visible="true" version="1" changeset="186256316" timestamp="2026-07-23T20:12:00Z" user="Глеб" uid="346125" lat="55.7249870" lon="48.7436817"/>
 <node id="14042310263" visible="true" version="1" changeset="186256316" timestamp="2026-07-23T20:12:00Z" user="Глеб" uid="346125" lat="55.7249871" lon="48.7437248"/>
 <node id="14042310264" visible="true" version="1" changeset="186256316" timestamp="2026-07-23T20:12:00Z" user="Глеб" uid="346125" lat="55.7249776" lon="48.7438287"/>
 <node id="14042310265" visible="true" version="1" changeset="186256316" timestamp="2026-07-23T20:12:00Z" user="Глеб" uid="346125" lat="55.7249827" lon="48.7439151"/>
 <node id="14042310266" visible="true" version="1" changeset="186256316" timestamp="2026-07-23T20:12:00Z" user="Глеб" uid="346125" lat="55.7249950" lon="48.7439710"/>
 <node id="14042310267" visible="true" version="1" changeset="186256316" timestamp="2026-07-23T20:12:00Z" user="Глеб" uid="346125" lat="55.7250245" lon="48.7441048"/>
 <node id="14042310268" visible="true" version="1" changeset="186256316" timestamp="2026-07-23T20:12:00Z" user="Глеб" uid="346125" lat="55.7250393" lon="48.7441478"/>
 <node id="14042310269" visible="true" version="1" changeset="186256316" timestamp="2026-07-23T20:12:00Z" user="Глеб" uid="346125" lat="55.7250299" lon="48.7442776"/>
 <node id="14042310270" visible="true" version="1" changeset="186256316" timestamp="2026-07-23T20:12:00Z" user="Глеб" uid="346125" lat="55.7250160" lon="48.7443378"/>
 <node id="14042310271" visible="true" version="1" changeset="186256316" timestamp="2026-07-23T20:12:00Z" user="Глеб" uid="346125" lat="55.7248910" lon="48.7440018"/>
 <node id="14042310272" visible="true" version="1" changeset="186256316" timestamp="2026-07-23T20:12:00Z" user="Глеб" uid="346125" lat="55.7248099" lon="48.7437516"/>
 <node id="14042310273" visible="true" version="1" changeset="186256316" timestamp="2026-07-23T20:12:00Z" user="Глеб" uid="346125" lat="55.7247143" lon="48.7434386"/>
 <node id="14042310274" visible="true" version="1" changeset="186256316" timestamp="2026-07-23T20:12:00Z" user="Глеб" uid="346125" lat="55.7247541" lon="48.7431657"/>
 <node id="14042310275" visible="true" version="1" changeset="186256316" timestamp="2026-07-23T20:12:00Z" user="Глеб" uid="346125" lat="55.7248141" lon="48.7430031"/>
 <node id="14042310276" visible="true" version="1" changeset="186256316" timestamp="2026-07-23T20:12:00Z" user="Глеб" uid="346125" lat="55.7246003" lon="48.7428564"/>
 <node id="14042310277" visible="true" version="1" changeset="186256316" timestamp="2026-07-23T20:12:00Z" user="Глеб" uid="346125" lat="55.7245862" lon="48.7428498"/>
 <node id="14042310278" visible="true" version="1" changeset="186256316" timestamp="2026-07-23T20:12:00Z" user="Глеб" uid="346125" lat="55.7242954" lon="48.7428824"/>
 <node id="14042310279" visible="true" version="1" changeset="186256316" timestamp="2026-07-23T20:12:00Z" user="Глеб" uid="346125" lat="55.7239545" lon="48.7420763"/>
 <node id="14042310280" visible="true" version="1" changeset="186256316" timestamp="2026-07-23T20:12:00Z" user="Глеб" uid="346125" lat="55.7236705" lon="48.7411621"/>
 <node id="14042310281" visible="true" version="1" changeset="186256316" timestamp="2026-07-23T20:12:00Z" user="Глеб" uid="346125" lat="55.7222330" lon="48.7392237"/>
 <node id="14042310282" visible="true" version="1" changeset="186256316" timestamp="2026-07-23T20:12:00Z" user="Глеб" uid="346125" lat="55.7220616" lon="48.7385596"/>
 <node id="14042310283" visible="true" version="1" changeset="186256316" timestamp="2026-07-23T20:12:00Z" user="Глеб" uid="346125" lat="55.7218570" lon="48.7378274"/>
 <node id="14042310284" visible="true" version="1" changeset="186256316" timestamp="2026-07-23T20:12:00Z" user="Глеб" uid="346125" lat="55.7215867" lon="48.7366619"/>
 <node id="14042310285" visible="true" version="1" changeset="186256316" timestamp="2026-07-23T20:12:00Z" user="Глеб" uid="346125" lat="55.7220129" lon="48.7363471"/>
 <node id="14042310286" visible="true" version="1" changeset="186256316" timestamp="2026-07-23T20:12:00Z" user="Глеб" uid="346125" lat="55.7222672" lon="48.7359338"/>
 <node id="14042310287" visible="true" version="1" changeset="186256316" timestamp="2026-07-23T20:12:00Z" user="Глеб" uid="346125" lat="55.7222377" lon="48.7358427"/>
 <node id="14042310288" visible="true" version="1" changeset="186256316" timestamp="2026-07-23T20:12:00Z" user="Глеб" uid="346125" lat="55.7214456" lon="48.7352806"/>
 <node id="14042310289" visible="true" version="1" changeset="186256316" timestamp="2026-07-23T20:12:00Z" user="Глеб" uid="346125" lat="55.7217345" lon="48.7347127"/>
 <node id="14042310290" visible="true" version="1" changeset="186256316" timestamp="2026-07-23T20:12:00Z" user="Глеб" uid="346125" lat="55.7216479" lon="48.7342727"/>
 <node id="14042310291" visible="true" version="1" changeset="186256316" timestamp="2026-07-23T20:12:00Z" user="Глеб" uid="346125" lat="55.7211405" lon="48.7339613"/>
 <node id="14042310292" visible="true" version="1" changeset="186256316" timestamp="2026-07-23T20:12:00Z" user="Глеб" uid="346125" lat="55.7206035" lon="48.7338610"/>
 <node id="14042310293" visible="true" version="1" changeset="186256316" timestamp="2026-07-23T20:12:00Z" user="Глеб" uid="346125" lat="55.7203355" lon="48.7332433"/>
 <node id="14042310294" visible="true" version="1" changeset="186256316" timestamp="2026-07-23T20:12:00Z" user="Глеб" uid="346125" lat="55.7198177" lon="48.7330289"/>
 <node id="14042310295" visible="true" version="1" changeset="186256316" timestamp="2026-07-23T20:12:00Z" user="Глеб" uid="346125" lat="55.7194586" lon="48.7329660"/>
 <node id="14042310296" visible="true" version="1" changeset="186256316" timestamp="2026-07-23T20:12:00Z" user="Глеб" uid="346125" lat="55.7194466" lon="48.7318224"/>
 <node id="14042310297" visible="true" version="1" changeset="186256316" timestamp="2026-07-23T20:12:00Z" user="Глеб" uid="346125" lat="55.7195304" lon="48.7307875"/>
 <node id="14042310298" visible="true" version="1" changeset="186256316" timestamp="2026-07-23T20:12:00Z" user="Глеб" uid="346125" lat="55.7197209" lon="48.7303478"/>
 <node id="14042310299" visible="true" version="1" changeset="186256316" timestamp="2026-07-23T20:12:00Z" user="Глеб" uid="346125" lat="55.7214376" lon="48.7302719"/>
 <node id="14042310300" visible="true" version="1" changeset="186256316" timestamp="2026-07-23T20:12:00Z" user="Глеб" uid="346125" lat="55.7219588" lon="48.7307095"/>
 <node id="14042310301" visible="true" version="1" changeset="186256316" timestamp="2026-07-23T20:12:00Z" user="Глеб" uid="346125" lat="55.7224225" lon="48.7306215"/>
 <node id="14042310302" visible="true" version="1" changeset="186256316" timestamp="2026-07-23T20:12:00Z" user="Глеб" uid="346125" lat="55.7229945" lon="48.7312543"/>
 <node id="14042310303" visible="true" version="1" changeset="186256316" timestamp="2026-07-23T20:12:00Z" user="Глеб" uid="346125" lat="55.7226814" lon="48.7299671"/>
 <node id="14042310304" visible="true" version="1" changeset="186256316" timestamp="2026-07-23T20:12:00Z" user="Глеб" uid="346125" lat="55.7227333" lon="48.7296726"/>
 <node id="14042310305" visible="true" version="1" changeset="186256316" timestamp="2026-07-23T20:12:00Z" user="Глеб" uid="346125" lat="55.7233138" lon="48.7299458"/>
 <node id="14042310306" visible="true" version="1" changeset="186256316" timestamp="2026-07-23T20:12:00Z" user="Глеб" uid="346125" lat="55.7238575" lon="48.7304788"/>
 <node id="14042310307" visible="true" version="1" changeset="186256316" timestamp="2026-07-23T20:12:00Z" user="Глеб" uid="346125" lat="55.7241756" lon="48.7312461"/>
 <node id="14042310308" visible="true" version="1" changeset="186256316" timestamp="2026-07-23T20:12:00Z" user="Глеб" uid="346125" lat="55.7243241" lon="48.7314936"/>
 <node id="14042310309" visible="true" version="1" changeset="186256316" timestamp="2026-07-23T20:12:00Z" user="Глеб" uid="346125" lat="55.7245531" lon="48.7313933"/>
 <node id="14042310310" visible="true" version="1" changeset="186256316" timestamp="2026-07-23T20:12:00Z" user="Глеб" uid="346125" lat="55.7244851" lon="48.7317081"/>
 <node id="14042310311" visible="true" version="1" changeset="186256316" timestamp="2026-07-23T20:12:00Z" user="Глеб" uid="346125" lat="55.7243317" lon="48.7324174"/>
 <node id="14042310312" visible="true" version="1" changeset="186256316" timestamp="2026-07-23T20:12:00Z" user="Глеб" uid="346125" lat="55.7251347" lon="48.7331372"/>
 <node id="14042310313" visible="true" version="1" changeset="186256316" timestamp="2026-07-23T20:12:00Z" user="Глеб" uid="346125" lat="55.7260184" lon="48.7334328"/>
 <node id="14042310314" visible="true" version="1" changeset="186256316" timestamp="2026-07-23T20:12:00Z" user="Глеб" uid="346125" lat="55.7262480" lon="48.7339169"/>
 <node id="14042310315" visible="true" version="1" changeset="186256316" timestamp="2026-07-23T20:12:00Z" user="Глеб" uid="346125" lat="55.7266375" lon="48.7347382"/>
 <node id="14042310316" visible="true" version="1" changeset="186256316" timestamp="2026-07-23T20:12:00Z" user="Глеб" uid="346125" lat="55.7271583" lon="48.7351091"/>
 <node id="14042310317" visible="true" version="1" changeset="186256316" timestamp="2026-07-23T20:12:00Z" user="Глеб" uid="346125" lat="55.7273707" lon="48.7352604"/>
 <node id="14042310318" visible="true" version="1" changeset="186256316" timestamp="2026-07-23T20:12:00Z" user="Глеб" uid="346125" lat="55.7275388" lon="48.7354410"/>
 <node id="14042310319" visible="true" version="1" changeset="186256316" timestamp="2026-07-23T20:12:00Z" user="Глеб" uid="346125" lat="55.7282331" lon="48.7360055"/>
 <node id="14042310320" visible="true" version="1" changeset="186256316" timestamp="2026-07-23T20:12:00Z" user="Глеб" uid="346125" lat="55.7284353" lon="48.7361700"/>
 <node id="14042310321" visible="true" version="1" changeset="186256316" timestamp="2026-07-23T20:12:00Z" user="Глеб" uid="346125" lat="55.7284772" lon="48.7360131"/>
 <node id="14042310322" visible="true" version="1" changeset="186256316" timestamp="2026-07-23T20:12:00Z" user="Глеб" uid="346125" lat="55.7284539" lon="48.7359753"/>
 <node id="14042310323" visible="true" version="1" changeset="186256316" timestamp="2026-07-23T20:12:00Z" user="Глеб" uid="346125" lat="55.7283354" lon="48.7357826"/>
 <node id="14042310324" visible="true" version="1" changeset="186256316" timestamp="2026-07-23T20:12:00Z" user="Глеб" uid="346125" lat="55.7276759" lon="48.7347112"/>
 <node id="14042310325" visible="true" version="1" changeset="186256316" timestamp="2026-07-23T20:12:00Z" user="Глеб" uid="346125" lat="55.7274435" lon="48.7339714"/>
 <node id="14042310326" visible="true" version="1" changeset="186256316" timestamp="2026-07-23T20:12:00Z" user="Глеб" uid="346125" lat="55.7273365" lon="48.7331160"/>
 <node id="14042310327" visible="true" version="1" changeset="186256316" timestamp="2026-07-23T20:12:00Z" user="Глеб" uid="346125" lat="55.7273221" lon="48.7330014"/>
 <node id="14042310328" visible="true" version="1" changeset="186256316" timestamp="2026-07-23T20:12:00Z" user="Глеб" uid="346125" lat="55.7270774" lon="48.7324378"/>
 <node id="14042310329" visible="true" version="1" changeset="186256316" timestamp="2026-07-23T20:12:00Z" user="Глеб" uid="346125" lat="55.7269419" lon="48.7321144"/>
 <node id="14042310330" visible="true" version="1" changeset="186256316" timestamp="2026-07-23T20:12:00Z" user="Глеб" uid="346125" lat="55.7270069" lon="48.7319898"/>
 <node id="14042310331" visible="true" version="1" changeset="186256316" timestamp="2026-07-23T20:12:00Z" user="Глеб" uid="346125" lat="55.7271865" lon="48.7316456"/>
 <node id="14042310332" visible="true" version="1" changeset="186256316" timestamp="2026-07-23T20:12:00Z" user="Глеб" uid="346125" lat="55.7273997" lon="48.7312368"/>
 <node id="14042310333" visible="true" version="1" changeset="186256316" timestamp="2026-07-23T20:12:00Z" user="Глеб" uid="346125" lat="55.7281359" lon="48.7307068"/>
 <node id="14042310334" visible="true" version="1" changeset="186256316" timestamp="2026-07-23T20:12:00Z" user="Глеб" uid="346125" lat="55.7282647" lon="48.7304455"/>
 <node id="14042310335" visible="true" version="1" changeset="186256316" timestamp="2026-07-23T20:12:00Z" user="Глеб" uid="346125" lat="55.7284005" lon="48.7298832"/>
 <node id="14042310336" visible="true" version="1" changeset="186256316" timestamp="2026-07-23T20:12:00Z" user="Глеб" uid="346125" lat="55.7284103" lon="48.7292974"/>
 <node id="14042310337" visible="true" version="1" changeset="186256316" timestamp="2026-07-23T20:12:00Z" user="Глеб" uid="346125" lat="55.7284218" lon="48.7286096"/>
 <node id="14042310338" visible="true" version="1" changeset="186256316" timestamp="2026-07-23T20:12:00Z" user="Глеб" uid="346125" lat="55.7283046" lon="48.7283425"/>
 <node id="14042310339" visible="true" version="1" changeset="186256316" timestamp="2026-07-23T20:12:00Z" user="Глеб" uid="346125" lat="55.7281225" lon="48.7285979"/>
 <node id="14042310340" visible="true" version="1" changeset="186256316" timestamp="2026-07-23T20:12:00Z" user="Глеб" uid="346125" lat="55.7274921" lon="48.7294815"/>
 <node id="14042310341" visible="true" version="1" changeset="186256316" timestamp="2026-07-23T20:12:00Z" user="Глеб" uid="346125" lat="55.7272508" lon="48.7298197"/>
 <node id="14042310342" visible="true" version="1" changeset="186256316" timestamp="2026-07-23T20:12:00Z" user="Глеб" uid="346125" lat="55.7266127" lon="48.7296272"/>
 <node id="14042310343" visible="true" version="1" changeset="186256316" timestamp="2026-07-23T20:12:00Z" user="Глеб" uid="346125" lat="55.7265711" lon="48.7296224"/>
 <node id="14042310344" visible="true" version="1" changeset="186256316" timestamp="2026-07-23T20:12:00Z" user="Глеб" uid="346125" lat="55.7265629" lon="48.7296368"/>
 <node id="14042310345" visible="true" version="1" changeset="186256316" timestamp="2026-07-23T20:12:00Z" user="Глеб" uid="346125" lat="55.7265580" lon="48.7296645"/>
 <node id="14042310346" visible="true" version="1" changeset="186256316" timestamp="2026-07-23T20:12:00Z" user="Глеб" uid="346125" lat="55.7265062" lon="48.7299574"/>
 <node id="14042310347" visible="true" version="1" changeset="186256316" timestamp="2026-07-23T20:12:00Z" user="Глеб" uid="346125" lat="55.7258341" lon="48.7298670"/>
 <node id="14042310348" visible="true" version="1" changeset="186256316" timestamp="2026-07-23T20:12:00Z" user="Глеб" uid="346125" lat="55.7256538" lon="48.7293551"/>
 <node id="14042310349" visible="true" version="1" changeset="186256316" timestamp="2026-07-23T20:12:00Z" user="Глеб" uid="346125" lat="55.7258491" lon="48.7290742"/>
 <node id="14042310350" visible="true" version="1" changeset="186256316" timestamp="2026-07-23T20:12:00Z" user="Глеб" uid="346125" lat="55.7258654" lon="48.7292174"/>
 <node id="14042310351" visible="true" version="1" changeset="186256316" timestamp="2026-07-23T20:12:00Z" user="Глеб" uid="346125" lat="55.7259282" lon="48.7292265"/>
 <node id="14042310352" visible="true" version="1" changeset="186256316" timestamp="2026-07-23T20:12:00Z" user="Глеб" uid="346125" lat="55.7264531" lon="48.7283206"/>
 <node id="14042310353" visible="true" version="1" changeset="186256316" timestamp="2026-07-23T20:12:00Z" user="Глеб" uid="346125" lat="55.7264321" lon="48.7280197"/>
 <node id="14042310354" visible="true" version="1" changeset="186256316" timestamp="2026-07-23T20:12:00Z" user="Глеб" uid="346125" lat="55.7265517" lon="48.7272737"/>
 <node id="14042310355" visible="true" version="1" changeset="186256316" timestamp="2026-07-23T20:12:00Z" user="Глеб" uid="346125" lat="55.7260685" lon="48.7270601"/>
 <node id="14042310356" visible="true" version="1" changeset="186256316" timestamp="2026-07-23T20:12:00Z" user="Глеб" uid="346125" lat="55.7255521" lon="48.7274995"/>
 <node id="14042310357" visible="true" version="1" changeset="186256316" timestamp="2026-07-23T20:12:00Z" user="Глеб" uid="346125" lat="55.7245811" lon="48.7285047"/>
 <node id="14042310358" visible="true" version="1" changeset="186256316" timestamp="2026-07-23T20:12:00Z" user="Глеб" uid="346125" lat="55.7244761" lon="48.7284643"/>
 <node id="14042310359" visible="true" version="1" changeset="186256316" timestamp="2026-07-23T20:12:00Z" user="Глеб" uid="346125" lat="55.7243248" lon="48.7272551"/>
 <node id="14042310360" visible="true" version="1" changeset="186256316" timestamp="2026-07-23T20:12:00Z" user="Глеб" uid="346125" lat="55.7241839" lon="48.7272207"/>
 <node id="14042310361" visible="true" version="1" changeset="186256316" timestamp="2026-07-23T20:12:00Z" user="Глеб" uid="346125" lat="55.7236750" lon="48.7274495"/>
 <node id="14042310362" visible="true" version="1" changeset="186256316" timestamp="2026-07-23T20:12:00Z" user="Глеб" uid="346125" lat="55.7237142" lon="48.7286385"/>
 <node id="14042310363" visible="true" version="1" changeset="186256316" timestamp="2026-07-23T20:12:00Z" user="Глеб" uid="346125" lat="55.7229083" lon="48.7278987"/>
 <node id="14042310364" visible="true" version="1" changeset="186256316" timestamp="2026-07-23T20:12:00Z" user="Глеб" uid="346125" lat="55.7223206" lon="48.7274095"/>
 <node id="14042310365" visible="true" version="1" changeset="186256316" timestamp="2026-07-23T20:12:00Z" user="Глеб" uid="346125" lat="55.7218829" lon="48.7276122"/>
 <node id="14042310366" visible="true" version="1" changeset="186256316" timestamp="2026-07-23T20:12:00Z" user="Глеб" uid="346125" lat="55.7216196" lon="48.7281045"/>
 <node id="14042310367" visible="true" version="1" changeset="186256316" timestamp="2026-07-23T20:12:00Z" user="Глеб" uid="346125" lat="55.7216087" lon="48.7280282"/>
 <node id="14042310368" visible="true" version="1" changeset="186256316" timestamp="2026-07-23T20:12:00Z" user="Глеб" uid="346125" lat="55.7215312" lon="48.7274841"/>
 <node id="14042310369" visible="true" version="1" changeset="186256316" timestamp="2026-07-23T20:12:00Z" user="Глеб" uid="346125" lat="55.7216700" lon="48.7271290"/>
 <node id="14042310370" visible="true" version="1" changeset="186256316" timestamp="2026-07-23T20:12:00Z" user="Глеб" uid="346125" lat="55.7216463" lon="48.7268610"/>
 <node id="14042310371" visible="true" version="1" changeset="186256316" timestamp="2026-07-23T20:12:00Z" user="Глеб" uid="346125" lat="55.7223478" lon="48.7259696"/>
 <node id="14042310372" visible="true" version="1" changeset="186256316" timestamp="2026-07-23T20:12:00Z" user="Глеб" uid="346125" lat="55.7225041" lon="48.7252871"/>
 <node id="14042310373" visible="true" version="1" changeset="186256316" timestamp="2026-07-23T20:12:00Z" user="Глеб" uid="346125" lat="55.7222567" lon="48.7251854"/>
 <node id="14042310374" visible="true" version="1" changeset="186256316" timestamp="2026-07-23T20:12:00Z" user="Глеб" uid="346125" lat="55.7221763" lon="48.7256366"/>
 <node id="14042310375" visible="true" version="1" changeset="186256316" timestamp="2026-07-23T20:12:00Z" user="Глеб" uid="346125" lat="55.7216454" lon="48.7262682"/>
 <node id="14042310376" visible="true" version="1" changeset="186256316" timestamp="2026-07-23T20:12:00Z" user="Глеб" uid="346125" lat="55.7212890" lon="48.7267185"/>
 <node id="14042310377" visible="true" version="1" changeset="186256316" timestamp="2026-07-23T20:12:00Z" user="Глеб" uid="346125" lat="55.7211186" lon="48.7273688"/>
 <node id="14042310378" visible="true" version="1" changeset="186256316" timestamp="2026-07-23T20:12:00Z" user="Глеб" uid="346125" lat="55.7212118" lon="48.7277643"/>
 <node id="14042310379" visible="true" version="1" changeset="186256316" timestamp="2026-07-23T20:12:00Z" user="Глеб" uid="346125" lat="55.7207814" lon="48.7290377"/>
 <node id="14042310380" visible="true" version="1" changeset="186256316" timestamp="2026-07-23T20:12:00Z" user="Глеб" uid="346125" lat="55.7203030" lon="48.7290206"/>
 <node id="14042310381" visible="true" version="1" changeset="186256316" timestamp="2026-07-23T20:12:00Z" user="Глеб" uid="346125" lat="55.7199522" lon="48.7290757"/>
 <node id="14042310382" visible="true" version="1" changeset="186256316" timestamp="2026-07-23T20:12:00Z" user="Глеб" uid="346125" lat="55.7195725" lon="48.7293999"/>
 <node id="14042310383" visible="true" version="1" changeset="186256316" timestamp="2026-07-23T20:12:00Z" user="Глеб" uid="346125" lat="55.7197567" lon="48.7288140"/>
 <node id="14042310384" visible="true" version="1" changeset="186256316" timestamp="2026-07-23T20:12:00Z" user="Глеб" uid="346125" lat="55.7195754" lon="48.7278361"/>
 <node id="14042310385" visible="true" version="1" changeset="186256316" timestamp="2026-07-23T20:12:00Z" user="Глеб" uid="346125" lat="55.7201178" lon="48.7274422"/>
 <node id="14042310386" visible="true" version="1" changeset="186256316" timestamp="2026-07-23T20:12:00Z" user="Глеб" uid="346125" lat="55.7197115" lon="48.7271776"/>
 <node id="14042310387" visible="true" version="1" changeset="186256316" timestamp="2026-07-23T20:12:00Z" user="Глеб" uid="346125" lat="55.7194828" lon="48.7266361"/>
 <node id="14042310388" visible="true" version="1" changeset="186256316" timestamp="2026-07-23T20:12:00Z" user="Глеб" uid="346125" lat="55.7198715" lon="48.7264337"/>
 <node id="14042310389" visible="true" version="1" changeset="186256316" timestamp="2026-07-23T20:12:00Z" user="Глеб" uid="346125" lat="55.7199461" lon="48.7261549"/>
 <node id="14042310390" visible="true" version="1" changeset="186256316" timestamp="2026-07-23T20:12:00Z" user="Глеб" uid="346125" lat="55.7194825" lon="48.7258892"/>
 <node id="14042310391" visible="true" version="1" changeset="186256316" timestamp="2026-07-23T20:12:00Z" user="Глеб" uid="346125" lat="55.7193171" lon="48.7256749"/>
 <node id="14042310392" visible="true" version="1" changeset="186256316" timestamp="2026-07-23T20:12:00Z" user="Глеб" uid="346125" lat="55.7190980" lon="48.7257701"/>
 <node id="14042310393" visible="true" version="1" changeset="186256316" timestamp="2026-07-23T20:12:00Z" user="Глеб" uid="346125" lat="55.7189953" lon="48.7256048"/>
 <node id="14042310394" visible="true" version="1" changeset="186256316" timestamp="2026-07-23T20:12:00Z" user="Глеб" uid="346125" lat="55.7188759" lon="48.7258912"/>
 <node id="14042310395" visible="true" version="1" changeset="186256316" timestamp="2026-07-23T20:12:00Z" user="Глеб" uid="346125" lat="55.7185665" lon="48.7252220"/>
 <node id="14042310396" visible="true" version="1" changeset="186256316" timestamp="2026-07-23T20:12:00Z" user="Глеб" uid="346125" lat="55.7184051" lon="48.7250575"/>
 <node id="14042310397" visible="true" version="1" changeset="186256316" timestamp="2026-07-23T20:12:00Z" user="Глеб" uid="346125" lat="55.7183533" lon="48.7250039"/>
 <node id="14042310398" visible="true" version="1" changeset="186256316" timestamp="2026-07-23T20:12:00Z" user="Глеб" uid="346125" lat="55.7181578" lon="48.7248039"/>
 <node id="14042310399" visible="true" version="1" changeset="186256316" timestamp="2026-07-23T20:12:00Z" user="Глеб" uid="346125" lat="55.7176696" lon="48.7239573"/>
 <node id="14042310400" visible="true" version="1" changeset="186256316" timestamp="2026-07-23T20:12:00Z" user="Глеб" uid="346125" lat="55.7173936" lon="48.7234807"/>
 <node id="14042310401" visible="true" version="1" changeset="186256316" timestamp="2026-07-23T20:12:00Z" user="Глеб" uid="346125" lat="55.7173469" lon="48.7231626"/>
 <node id="14042310402" visible="true" version="1" changeset="186256316" timestamp="2026-07-23T20:12:00Z" user="Глеб" uid="346125" lat="55.7175422" lon="48.7229453"/>
 <node id="14042310403" visible="true" version="1" changeset="186256316" timestamp="2026-07-23T20:12:00Z" user="Глеб" uid="346125" lat="55.7176524" lon="48.7229155"/>
 <node id="14042310404" visible="true" version="1" changeset="186256316" timestamp="2026-07-23T20:12:00Z" user="Глеб" uid="346125" lat="55.7178515" lon="48.7233882"/>
 <node id="14042310405" visible="true" version="1" changeset="186256316" timestamp="2026-07-23T20:12:00Z" user="Глеб" uid="346125" lat="55.7180037" lon="48.7230658"/>
 <node id="14042310406" visible="true" version="1" changeset="186256316" timestamp="2026-07-23T20:12:00Z" user="Глеб" uid="346125" lat="55.7181460" lon="48.7229795"/>
 <node id="14042310407" visible="true" version="1" changeset="186256316" timestamp="2026-07-23T20:12:00Z" user="Глеб" uid="346125" lat="55.7186628" lon="48.7229205"/>
 <node id="14042310408" visible="true" version="1" changeset="186256316" timestamp="2026-07-23T20:12:00Z" user="Глеб" uid="346125" lat="55.7187417" lon="48.7225537"/>
 <node id="14042310409" visible="true" version="1" changeset="186256316" timestamp="2026-07-23T20:12:00Z" user="Глеб" uid="346125" lat="55.7187681" lon="48.7224312"/>
 <node id="14042310410" visible="true" version="1" changeset="186256316" timestamp="2026-07-23T20:12:00Z" user="Глеб" uid="346125" lat="55.7189706" lon="48.7225542"/>
 <node id="14042310411" visible="true" version="1" changeset="186256316" timestamp="2026-07-23T20:12:00Z" user="Глеб" uid="346125" lat="55.7190754" lon="48.7225374"/>
 <node id="14042310412" visible="true" version="1" changeset="186256316" timestamp="2026-07-23T20:12:00Z" user="Глеб" uid="346125" lat="55.7193801" lon="48.7226142"/>
 <node id="14042310413" visible="true" version="1" changeset="186256316" timestamp="2026-07-23T20:12:00Z" user="Глеб" uid="346125" lat="55.7197110" lon="48.7227395"/>
 <node id="14042310414" visible="true" version="1" changeset="186256316" timestamp="2026-07-23T20:12:00Z" user="Глеб" uid="346125" lat="55.7198020" lon="48.7226892"/>
 <node id="14042310415" visible="true" version="1" changeset="186256316" timestamp="2026-07-23T20:12:00Z" user="Глеб" uid="346125" lat="55.7198245" lon="48.7225700"/>
 <node id="14042310416" visible="true" version="1" changeset="186256316" timestamp="2026-07-23T20:12:00Z" user="Глеб" uid="346125" lat="55.7197779" lon="48.7224529"/>
 <node id="14042310417" visible="true" version="1" changeset="186256316" timestamp="2026-07-23T20:12:00Z" user="Глеб" uid="346125" lat="55.7195004" lon="48.7222901"/>
 <node id="14042310418" visible="true" version="1" changeset="186256316" timestamp="2026-07-23T20:12:00Z" user="Глеб" uid="346125" lat="55.7193926" lon="48.7218408"/>
 <node id="14042310419" visible="true" version="1" changeset="186256316" timestamp="2026-07-23T20:12:00Z" user="Глеб" uid="346125" lat="55.7193482" lon="48.7218014"/>
 <node id="14042310420" visible="true" version="1" changeset="186256316" timestamp="2026-07-23T20:12:00Z" user="Глеб" uid="346125" lat="55.7193078" lon="48.7217320"/>
 <node id="14042310421" visible="true" version="1" changeset="186256316" timestamp="2026-07-23T20:12:00Z" user="Глеб" uid="346125" lat="55.7192207" lon="48.7216417"/>
 <node id="14042310422" visible="true" version="1" changeset="186256316" timestamp="2026-07-23T20:12:00Z" user="Глеб" uid="346125" lat="55.7190718" lon="48.7213758"/>
 <node id="14042310423" visible="true" version="1" changeset="186256316" timestamp="2026-07-23T20:12:00Z" user="Глеб" uid="346125" lat="55.7188508" lon="48.7212525"/>
 <node id="14042310424" visible="true" version="1" changeset="186256316" timestamp="2026-07-23T20:12:00Z" user="Глеб" uid="346125" lat="55.7187393" lon="48.7214752"/>
 <node id="14042310425" visible="true" version="1" changeset="186256316" timestamp="2026-07-23T20:12:00Z" user="Глеб" uid="346125" lat="55.7185515" lon="48.7212212"/>
 <node id="14042310426" visible="true" version="1" changeset="186256316" timestamp="2026-07-23T20:12:00Z" user="Глеб" uid="346125" lat="55.7187568" lon="48.7209821"/>
 <node id="14042310427" visible="true" version="1" changeset="186256316" timestamp="2026-07-23T20:12:00Z" user="Глеб" uid="346125" lat="55.7186575" lon="48.7206669"/>
 <node id="14042310428" visible="true" version="1" changeset="186256316" timestamp="2026-07-23T20:12:00Z" user="Глеб" uid="346125" lat="55.7183530" lon="48.7208293"/>
 <node id="14042310429" visible="true" version="1" changeset="186256316" timestamp="2026-07-23T20:12:00Z" user="Глеб" uid="346125" lat="55.7184489" lon="48.7205524"/>
 <node id="14042310430" visible="true" version="1" changeset="186256316" timestamp="2026-07-23T20:12:00Z" user="Глеб" uid="346125" lat="55.7183949" lon="48.7202771"/>
 <node id="14042310431" visible="true" version="1" changeset="186256316" timestamp="2026-07-23T20:12:00Z" user="Глеб" uid="346125" lat="55.7181941" lon="48.7202561"/>
 <node id="14042310432" visible="true" version="1" changeset="186256316" timestamp="2026-07-23T20:12:00Z" user="Глеб" uid="346125" lat="55.7181085" lon="48.7201855"/>
 <node id="14042310433" visible="true" version="1" changeset="186256316" timestamp="2026-07-23T20:12:00Z" user="Глеб" uid="346125" lat="55.7179717" lon="48.7199934"/>
 <node id="14042310434" visible="true" version="1" changeset="186256316" timestamp="2026-07-23T20:12:00Z" user="Глеб" uid="346125" lat="55.7177487" lon="48.7198304"/>
 <node id="14042310435" visible="true" version="1" changeset="186256316" timestamp="2026-07-23T20:12:00Z" user="Глеб" uid="346125" lat="55.7173955" lon="48.7200940"/>
 <node id="14042310436" visible="true" version="1" changeset="186256316" timestamp="2026-07-23T20:12:00Z" user="Глеб" uid="346125" lat="55.7171083" lon="48.7205584"/>
 <node id="14042310437" visible="true" version="1" changeset="186256316" timestamp="2026-07-23T20:12:00Z" user="Глеб" uid="346125" lat="55.7170720" lon="48.7209926"/>
 <node id="14042310438" visible="true" version="1" changeset="186256316" timestamp="2026-07-23T20:12:00Z" user="Глеб" uid="346125" lat="55.7169400" lon="48.7213060"/>
 <node id="14042310439" visible="true" version="1" changeset="186256316" timestamp="2026-07-23T20:12:00Z" user="Глеб" uid="346125" lat="55.7167703" lon="48.7207939"/>
 <node id="14042310440" visible="true" version="1" changeset="186256316" timestamp="2026-07-23T20:12:00Z" user="Глеб" uid="346125" lat="55.7166025" lon="48.7200243"/>
 <node id="14042310441" visible="true" version="1" changeset="186256316" timestamp="2026-07-23T20:12:00Z" user="Глеб" uid="346125" lat="55.7163593" lon="48.7190806"/>
 <node id="14042310442" visible="true" version="1" changeset="186256316" timestamp="2026-07-23T20:12:00Z" user="Глеб" uid="346125" lat="55.7163236" lon="48.7184344"/>
 <node id="14042310443" visible="true" version="1" changeset="186256316" timestamp="2026-07-23T20:12:00Z" user="Глеб" uid="346125" lat="55.7161308" lon="48.7176231"/>
 <node id="14042310444" visible="true" version="1" changeset="186256316" timestamp="2026-07-23T20:12:00Z" user="Глеб" uid="346125" lat="55.7158255" lon="48.7167194"/>
 <node id="14042310445" visible="true" version="1" changeset="186256316" timestamp="2026-07-23T20:12:00Z" user="Глеб" uid="346125" lat="55.7158248" lon="48.7168566"/>
 <node id="14042310446" visible="true" version="1" changeset="186256316" timestamp="2026-07-23T20:12:00Z" user="Глеб" uid="346125" lat="55.7158935" lon="48.7182834"/>
 <node id="14042310447" visible="true" version="1" changeset="186256316" timestamp="2026-07-23T20:12:00Z" user="Глеб" uid="346125" lat="55.7158864" lon="48.7182353"/>
 <node id="14042310448" visible="true" version="1" changeset="186256316" timestamp="2026-07-23T20:12:00Z" user="Глеб" uid="346125" lat="55.7159401" lon="48.7193507"/>
 <node id="14042310449" visible="true" version="1" changeset="186256316" timestamp="2026-07-23T20:12:00Z" user="Глеб" uid="346125" lat="55.7159467" lon="48.7193883"/>
 <node id="14042310450" visible="true" version="1" changeset="186256316" timestamp="2026-07-23T20:12:00Z" user="Глеб" uid="346125" lat="55.7159867" lon="48.7202205"/>
 <node id="14042310451" visible="true" version="1" changeset="186256316" timestamp="2026-07-23T20:12:00Z" user="Глеб" uid="346125" lat="55.7160340" lon="48.7212026"/>
 <node id="14042310452" visible="true" version="1" changeset="186256316" timestamp="2026-07-23T20:12:00Z" user="Глеб" uid="346125" lat="55.7160431" lon="48.7213922"/>
 <node id="14042310453" visible="true" version="1" changeset="186256316" timestamp="2026-07-23T20:12:00Z" user="Глеб" uid="346125" lat="55.7163151" lon="48.7237613"/>
 <node id="14042310454" visible="true" version="1" changeset="186256316" timestamp="2026-07-23T20:12:00Z" user="Глеб" uid="346125" lat="55.7164222" lon="48.7246947"/>
 <node id="14042310455" visible="true" version="1" changeset="186256316" timestamp="2026-07-23T20:12:00Z" user="Глеб" uid="346125" lat="55.7162575" lon="48.7248049"/>
 <node id="14042310456" visible="true" version="1" changeset="186256316" timestamp="2026-07-23T20:12:00Z" user="Глеб" uid="346125" lat="55.7162128" lon="48.7248348"/>
 <node id="14042310457" visible="true" version="1" changeset="186256316" timestamp="2026-07-23T20:12:00Z" user="Глеб" uid="346125" lat="55.7159938" lon="48.7249813"/>
 <node id="14042310458" visible="true" version="1" changeset="186256316" timestamp="2026-07-23T20:12:00Z" user="Глеб" uid="346125" lat="55.7159083" lon="48.7250387"/>
 <node id="14042310459" visible="true" version="1" changeset="186256316" timestamp="2026-07-23T20:12:00Z" user="Глеб" uid="346125" lat="55.7157922" lon="48.7250997"/>
 <node id="14042310460" visible="true" version="1" changeset="186256316" timestamp="2026-07-23T20:12:00Z" user="Глеб" uid="346125" lat="55.7154981" lon="48.7252755"/>
 <node id="14042310461" visible="true" version="1" changeset="186256316" timestamp="2026-07-23T20:12:00Z" user="Глеб" uid="346125" lat="55.7153173" lon="48.7254187"/>
 <node id="14042310462" visible="true" version="1" changeset="186256316" timestamp="2026-07-23T20:12:00Z" user="Глеб" uid="346125" lat="55.7153142" lon="48.7254260"/>
 <node id="14042310463" visible="true" version="1" changeset="186256316" timestamp="2026-07-23T20:12:00Z" user="Глеб" uid="346125" lat="55.7152318" lon="48.7256144"/>
 <node id="14042310464" visible="true" version="1" changeset="186256316" timestamp="2026-07-23T20:12:00Z" user="Глеб" uid="346125" lat="55.7151691" lon="48.7257575"/>
 <node id="14042310465" visible="true" version="1" changeset="186256316" timestamp="2026-07-23T20:12:00Z" user="Глеб" uid="346125" lat="55.7151275" lon="48.7258523"/>
 <node id="14042310466" visible="true" version="1" changeset="186256316" timestamp="2026-07-23T20:12:00Z" user="Глеб" uid="346125" lat="55.7149811" lon="48.7262983"/>
 <node id="14042310467" visible="true" version="1" changeset="186256316" timestamp="2026-07-23T20:12:00Z" user="Глеб" uid="346125" lat="55.7149808" lon="48.7263023"/>
 <node id="14042310468" visible="true" version="1" changeset="186256316" timestamp="2026-07-23T20:12:00Z" user="Глеб" uid="346125" lat="55.7149619" lon="48.7265672"/>
 <node id="14042310469" visible="true" version="1" changeset="186256316" timestamp="2026-07-23T20:12:00Z" user="Глеб" uid="346125" lat="55.7149207" lon="48.7267032"/>
 <node id="14042310470" visible="true" version="1" changeset="186256316" timestamp="2026-07-23T20:12:00Z" user="Глеб" uid="346125" lat="55.7148467" lon="48.7267719"/>
 <node id="14042310471" visible="true" version="1" changeset="186256316" timestamp="2026-07-23T20:12:00Z" user="Глеб" uid="346125" lat="55.7146822" lon="48.7267909"/>
 <node id="14042310472" visible="true" version="1" changeset="186256316" timestamp="2026-07-23T20:12:00Z" user="Глеб" uid="346125" lat="55.7145013" lon="48.7268182"/>
 <node id="14042310473" visible="true" version="1" changeset="186256316" timestamp="2026-07-23T20:12:00Z" user="Глеб" uid="346125" lat="55.7143344" lon="48.7268195"/>
 <node id="14042310474" visible="true" version="1" changeset="186256316" timestamp="2026-07-23T20:12:00Z" user="Глеб" uid="346125" lat="55.7142196" lon="48.7267542"/>
 <node id="14042310475" visible="true" version="1" changeset="186256316" timestamp="2026-07-23T20:12:00Z" user="Глеб" uid="346125" lat="55.7140754" lon="48.7266788"/>
 <node id="14042310476" visible="true" version="1" changeset="186256316" timestamp="2026-07-23T20:12:00Z" user="Глеб" uid="346125" lat="55.7139667" lon="48.7266714"/>
 <node id="14042310477" visible="true" version="1" changeset="186256316" timestamp="2026-07-23T20:12:00Z" user="Глеб" uid="346125" lat="55.7138858" lon="48.7266843"/>
 <node id="14042310478" visible="true" version="1" changeset="186256316" timestamp="2026-07-23T20:12:00Z" user="Глеб" uid="346125" lat="55.7138276" lon="48.7267344"/>
 <node id="14042310479" visible="true" version="1" changeset="186256316" timestamp="2026-07-23T20:12:00Z" user="Глеб" uid="346125" lat="55.7137399" lon="48.7268017"/>
 <node id="14042310480" visible="true" version="1" changeset="186256316" timestamp="2026-07-23T20:12:00Z" user="Глеб" uid="346125" lat="55.7136637" lon="48.7268210"/>
 <node id="14042310481" visible="true" version="1" changeset="186256316" timestamp="2026-07-23T20:12:00Z" user="Глеб" uid="346125" lat="55.7135355" lon="48.7267730"/>
 <node id="14042310482" visible="true" version="1" changeset="186256316" timestamp="2026-07-23T20:12:00Z" user="Глеб" uid="346125" lat="55.7133942" lon="48.7267009"/>
 <node id="14042310483" visible="true" version="1" changeset="186256316" timestamp="2026-07-23T20:12:00Z" user="Глеб" uid="346125" lat="55.7132568" lon="48.7266593"/>
 <node id="14042310484" visible="true" version="1" changeset="186256316" timestamp="2026-07-23T20:12:00Z" user="Глеб" uid="346125" lat="55.7131203" lon="48.7266349"/>
 <node id="14042310485" visible="true" version="1" changeset="186256316" timestamp="2026-07-23T20:12:00Z" user="Глеб" uid="346125" lat="55.7129274" lon="48.7266749"/>
 <node id="14042310486" visible="true" version="1" changeset="186256316" timestamp="2026-07-23T20:12:00Z" user="Глеб" uid="346125" lat="55.7125688" lon="48.7267556"/>
 <node id="14042310487" visible="true" version="1" changeset="186256316" timestamp="2026-07-23T20:12:00Z" user="Глеб" uid="346125" lat="55.7123063" lon="48.7267923"/>
 <node id="14042310488" visible="true" version="1" changeset="186256316" timestamp="2026-07-23T20:12:00Z" user="Глеб" uid="346125" lat="55.7121985" lon="48.7267799"/>
 <node id="14042310489" visible="true" version="1" changeset="186256316" timestamp="2026-07-23T20:12:00Z" user="Глеб" uid="346125" lat="55.7121427" lon="48.7267541"/>
 <node id="14042310490" visible="true" version="1" changeset="186256316" timestamp="2026-07-23T20:12:00Z" user="Глеб" uid="346125" lat="55.7121231" lon="48.7267773"/>
 <node id="14042310491" visible="true" version="1" changeset="186256316" timestamp="2026-07-23T20:12:00Z" user="Глеб" uid="346125" lat="55.7116927" lon="48.7269616"/>
 <node id="14042310492" visible="true" version="1" changeset="186256316" timestamp="2026-07-23T20:12:00Z" user="Глеб" uid="346125" lat="55.7120175" lon="48.7277821"/>
 <node id="14042310493" visible="true" version="1" changeset="186256316" timestamp="2026-07-23T20:12:00Z" user="Глеб" uid="346125" lat="55.7119655" lon="48.7278485"/>
 <node id="14042310494" visible="true" version="1" changeset="186256316" timestamp="2026-07-23T20:12:00Z" user="Глеб" uid="346125" lat="55.7117760" lon="48.7280856"/>
 <node id="14042310495" visible="true" version="1" changeset="186256316" timestamp="2026-07-23T20:12:00Z" user="Глеб" uid="346125" lat="55.7115779" lon="48.7283306"/>
 <node id="14042310496" visible="true" version="1" changeset="186256316" timestamp="2026-07-23T20:12:00Z" user="Глеб" uid="346125" lat="55.7113948" lon="48.7285547"/>
 <node id="14042310497" visible="true" version="1" changeset="186256316" timestamp="2026-07-23T20:12:00Z" user="Глеб" uid="346125" lat="55.7112031" lon="48.7287975"/>
 <node id="14042310498" visible="true" version="1" changeset="186256316" timestamp="2026-07-23T20:12:00Z" user="Глеб" uid="346125" lat="55.7110122" lon="48.7290280"/>
 <node id="14042310499" visible="true" version="1" changeset="186256316" timestamp="2026-07-23T20:12:00Z" user="Глеб" uid="346125" lat="55.7106989" lon="48.7282652"/>
 <node id="14042310500" visible="true" version="1" changeset="186256316" timestamp="2026-07-23T20:12:00Z" user="Глеб" uid="346125" lat="55.7106368" lon="48.7281090"/>
 <node id="14042310501" visible="true" version="1" changeset="186256316" timestamp="2026-07-23T20:12:00Z" user="Глеб" uid="346125" lat="55.7116083" lon="48.7269004"/>
 <node id="14042310502" visible="true" version="1" changeset="186256316" timestamp="2026-07-23T20:12:00Z" user="Глеб" uid="346125" lat="55.7120549" lon="48.7267093"/>
 <node id="14042310503" visible="true" version="1" changeset="186256316" timestamp="2026-07-23T20:12:00Z" user="Глеб" uid="346125" lat="55.7120966" lon="48.7266670"/>
 <node id="14042310504" visible="true" version="1" changeset="186256316" timestamp="2026-07-23T20:12:00Z" user="Глеб" uid="346125" lat="55.7119549" lon="48.7265827"/>
 <node id="14042310505" visible="true" version="1" changeset="186256316" timestamp="2026-07-23T20:12:00Z" user="Глеб" uid="346125" lat="55.7117346" lon="48.7263577"/>
 <node id="14042310506" visible="true" version="1" changeset="186256316" timestamp="2026-07-23T20:12:00Z" user="Глеб" uid="346125" lat="55.7116237" lon="48.7262238"/>
 <node id="14042310507" visible="true" version="1" changeset="186256316" timestamp="2026-07-23T20:12:00Z" user="Глеб" uid="346125" lat="55.7116020" lon="48.7261976"/>
 <node id="14042310508" visible="true" version="1" changeset="186256316" timestamp="2026-07-23T20:12:00Z" user="Глеб" uid="346125" lat="55.7117673" lon="48.7260750"/>
 <node id="14042310509" visible="true" version="1" changeset="186256316" timestamp="2026-07-23T20:12:00Z" user="Глеб" uid="346125" lat="55.7119056" lon="48.7258114"/>
 <node id="14042310510" visible="true" version="1" changeset="186256316" timestamp="2026-07-23T20:12:00Z" user="Глеб" uid="346125" lat="55.7120279" lon="48.7256135"/>
 <node id="14042310511" visible="true" version="1" changeset="186256316" timestamp="2026-07-23T20:12:00Z" user="Глеб" uid="346125" lat="55.7121208" lon="48.7253404"/>
 <node id="14042310512" visible="true" version="1" changeset="186256316" timestamp="2026-07-23T20:12:00Z" user="Глеб" uid="346125" lat="55.7121758" lon="48.7253140"/>
 <node id="14042310513" visible="true" version="1" changeset="186256316" timestamp="2026-07-23T20:12:00Z" user="Глеб" uid="346125" lat="55.7124043" lon="48.7250458"/>
 <node id="14042310514" visible="true" version="1" changeset="186256316" timestamp="2026-07-23T20:12:00Z" user="Глеб" uid="346125" lat="55.7125336" lon="48.7249016"/>
 <node id="14042310515" visible="true" version="1" changeset="186256316" timestamp="2026-07-23T20:12:00Z" user="Глеб" uid="346125" lat="55.7126145" lon="48.7248115"/>
 <node id="14042310516" visible="true" version="1" changeset="186256316" timestamp="2026-07-23T20:12:00Z" user="Глеб" uid="346125" lat="55.7126848" lon="48.7247333"/>
 <node id="14042310517" visible="true" version="1" changeset="186256316" timestamp="2026-07-23T20:12:00Z" user="Глеб" uid="346125" lat="55.7126693" lon="48.7248270"/>
 <node id="14042310518" visible="true" version="1" changeset="186256316" timestamp="2026-07-23T20:12:00Z" user="Глеб" uid="346125" lat="55.7125805" lon="48.7249966"/>
 <node id="14042310519" visible="true" version="1" changeset="186256316" timestamp="2026-07-23T20:12:00Z" user="Глеб" uid="346125" lat="55.7125262" lon="48.7251622"/>
 <node id="14042310520" visible="true" version="1" changeset="186256316" timestamp="2026-07-23T20:12:00Z" user="Глеб" uid="346125" lat="55.7125514" lon="48.7253649"/>
 <node id="14042310521" visible="true" version="1" changeset="186256316" timestamp="2026-07-23T20:12:00Z" user="Глеб" uid="346125" lat="55.7126281" lon="48.7255074"/>
 <node id="14042310522" visible="true" version="1" changeset="186256316" timestamp="2026-07-23T20:12:00Z" user="Глеб" uid="346125" lat="55.7127378" lon="48.7254827"/>
 <node id="14042310523" visible="true" version="1" changeset="186256316" timestamp="2026-07-23T20:12:00Z" user="Глеб" uid="346125" lat="55.7128219" lon="48.7253627"/>
 <node id="14042310524" visible="true" version="1" changeset="186256316" timestamp="2026-07-23T20:12:00Z" user="Глеб" uid="346125" lat="55.7127922" lon="48.7251442"/>
 <node id="14042310525" visible="true" version="1" changeset="186256316" timestamp="2026-07-23T20:12:00Z" user="Глеб" uid="346125" lat="55.7128140" lon="48.7248834"/>
 <node id="14042310526" visible="true" version="1" changeset="186256316" timestamp="2026-07-23T20:12:00Z" user="Глеб" uid="346125" lat="55.7128815" lon="48.7246861"/>
 <node id="14042310527" visible="true" version="1" changeset="186256316" timestamp="2026-07-23T20:12:00Z" user="Глеб" uid="346125" lat="55.7129533" lon="48.7244647"/>
 <node id="14042310528" visible="true" version="1" changeset="186256316" timestamp="2026-07-23T20:12:00Z" user="Глеб" uid="346125" lat="55.7129745" lon="48.7244088"/>
 <node id="14042310529" visible="true" version="1" changeset="186256316" timestamp="2026-07-23T20:12:00Z" user="Глеб" uid="346125" lat="55.7130643" lon="48.7243087"/>
 <node id="14042310530" visible="true" version="1" changeset="186256316" timestamp="2026-07-23T20:12:00Z" user="Глеб" uid="346125" lat="55.7131142" lon="48.7242327"/>
 <node id="14042310531" visible="true" version="1" changeset="186256316" timestamp="2026-07-23T20:12:00Z" user="Глеб" uid="346125" lat="55.7131284" lon="48.7242108"/>
 <node id="14042310532" visible="true" version="1" changeset="186256316" timestamp="2026-07-23T20:12:00Z" user="Глеб" uid="346125" lat="55.7131634" lon="48.7241588"/>
 <node id="14042310533" visible="true" version="1" changeset="186256316" timestamp="2026-07-23T20:12:00Z" user="Глеб" uid="346125" lat="55.7132137" lon="48.7242102"/>
 <node id="14042310534" visible="true" version="1" changeset="186256316" timestamp="2026-07-23T20:12:00Z" user="Глеб" uid="346125" lat="55.7133146" lon="48.7240522"/>
 <node id="14042310535" visible="true" version="1" changeset="186256316" timestamp="2026-07-23T20:12:00Z" user="Глеб" uid="346125" lat="55.7133910" lon="48.7238527"/>
 <node id="14042310536" visible="true" version="1" changeset="186256316" timestamp="2026-07-23T20:12:00Z" user="Глеб" uid="346125" lat="55.7133856" lon="48.7238230"/>
 <node id="14042310537" visible="true" version="1" changeset="186256316" timestamp="2026-07-23T20:12:00Z" user="Глеб" uid="346125" lat="55.7134927" lon="48.7236630"/>
 <node id="14042310538" visible="true" version="1" changeset="186256316" timestamp="2026-07-23T20:12:00Z" user="Глеб" uid="346125" lat="55.7135572" lon="48.7235233"/>
 <node id="14042310539" visible="true" version="1" changeset="186256316" timestamp="2026-07-23T20:12:00Z" user="Глеб" uid="346125" lat="55.7136111" lon="48.7234075"/>
 <node id="14042310540" visible="true" version="1" changeset="186256316" timestamp="2026-07-23T20:12:00Z" user="Глеб" uid="346125" lat="55.7136575" lon="48.7233077"/>
 <node id="14042310541" visible="true" version="1" changeset="186256316" timestamp="2026-07-23T20:12:00Z" user="Глеб" uid="346125" lat="55.7136595" lon="48.7233117"/>
 <node id="14042310542" visible="true" version="1" changeset="186256316" timestamp="2026-07-23T20:12:00Z" user="Глеб" uid="346125" lat="55.7136607" lon="48.7235761"/>
 <node id="14042310543" visible="true" version="1" changeset="186256316" timestamp="2026-07-23T20:12:00Z" user="Глеб" uid="346125" lat="55.7137569" lon="48.7235655"/>
 <node id="14042310544" visible="true" version="1" changeset="186256316" timestamp="2026-07-23T20:12:00Z" user="Глеб" uid="346125" lat="55.7138409" lon="48.7236961"/>
 <node id="14042310545" visible="true" version="1" changeset="186256316" timestamp="2026-07-23T20:12:00Z" user="Глеб" uid="346125" lat="55.7139204" lon="48.7237570"/>
 <node id="14042310546" visible="true" version="1" changeset="186256316" timestamp="2026-07-23T20:12:00Z" user="Глеб" uid="346125" lat="55.7138942" lon="48.7238049"/>
 <node id="14042310547" visible="true" version="1" changeset="186256316" timestamp="2026-07-23T20:12:00Z" user="Глеб" uid="346125" lat="55.7140368" lon="48.7240485"/>
 <node id="14042310548" visible="true" version="1" changeset="186256316" timestamp="2026-07-23T20:12:00Z" user="Глеб" uid="346125" lat="55.7141449" lon="48.7241590"/>
 <node id="14042310549" visible="true" version="1" changeset="186256316" timestamp="2026-07-23T20:12:00Z" user="Глеб" uid="346125" lat="55.7143080" lon="48.7242890"/>
 <node id="14042310550" visible="true" version="1" changeset="186256316" timestamp="2026-07-23T20:12:00Z" user="Глеб" uid="346125" lat="55.7144370" lon="48.7243535"/>
 <node id="14042310551" visible="true" version="1" changeset="186256316" timestamp="2026-07-23T20:12:00Z" user="Глеб" uid="346125" lat="55.7143781" lon="48.7241352"/>
 <node id="14042310552" visible="true" version="1" changeset="186256316" timestamp="2026-07-23T20:12:00Z" user="Глеб" uid="346125" lat="55.7142782" lon="48.7239352"/>
 <node id="14042310553" visible="true" version="1" changeset="186256316" timestamp="2026-07-23T20:12:00Z" user="Глеб" uid="346125" lat="55.7141987" lon="48.7238065"/>
 <node id="14042310554" visible="true" version="1" changeset="186256316" timestamp="2026-07-23T20:12:00Z" user="Глеб" uid="346125" lat="55.7141665" lon="48.7236954"/>
 <node id="14042310555" visible="true" version="1" changeset="186256316" timestamp="2026-07-23T20:12:00Z" user="Глеб" uid="346125" lat="55.7141315" lon="48.7235286"/>
 <node id="14042310556" visible="true" version="1" changeset="186256316" timestamp="2026-07-23T20:12:00Z" user="Глеб" uid="346125" lat="55.7141106" lon="48.7233797"/>
 <node id="14042310557" visible="true" version="1" changeset="186256316" timestamp="2026-07-23T20:12:00Z" user="Глеб" uid="346125" lat="55.7140864" lon="48.7232071"/>
 <node id="14042310558" visible="true" version="1" changeset="186256316" timestamp="2026-07-23T20:12:00Z" user="Глеб" uid="346125" lat="55.7140553" lon="48.7229859"/>
 <node id="14042310559" visible="true" version="1" changeset="186256316" timestamp="2026-07-23T20:12:00Z" user="Глеб" uid="346125" lat="55.7139709" lon="48.7229751"/>
 <node id="14042310560" visible="true" version="1" changeset="186256316" timestamp="2026-07-23T20:12:00Z" user="Глеб" uid="346125" lat="55.7138961" lon="48.7228572"/>
 <node id="14042310561" visible="true" version="1" changeset="186256316" timestamp="2026-07-23T20:12:00Z" user="Глеб" uid="346125" lat="55.7138713" lon="48.7226691"/>
 <node id="14042310562" visible="true" version="1" changeset="186256316" timestamp="2026-07-23T20:12:00Z" user="Глеб" uid="346125" lat="55.7139630" lon="48.7226469"/>
 <node id="14042310563" visible="true" version="1" changeset="186256316" timestamp="2026-07-23T20:12:00Z" user="Глеб" uid="346125" lat="55.7140153" lon="48.7225339"/>
 <node id="14042310564" visible="true" version="1" changeset="186256316" timestamp="2026-07-23T20:12:00Z" user="Глеб" uid="346125" lat="55.7140788" lon="48.7221787"/>
 <node id="14042310565" visible="true" version="1" changeset="186256316" timestamp="2026-07-23T20:12:00Z" user="Глеб" uid="346125" lat="55.7142495" lon="48.7219578"/>
 <node id="14042310566" visible="true" version="1" changeset="186256316" timestamp="2026-07-23T20:12:00Z" user="Глеб" uid="346125" lat="55.7141494" lon="48.7219397"/>
 <node id="14042310567" visible="true" version="1" changeset="186256316" timestamp="2026-07-23T20:12:00Z" user="Глеб" uid="346125" lat="55.7142045" lon="48.7214991"/>
 <node id="14042310568" visible="true" version="1" changeset="186256316" timestamp="2026-07-23T20:12:00Z" user="Глеб" uid="346125" lat="55.7142005" lon="48.7214979"/>
 <node id="14042310569" visible="true" version="1" changeset="186256316" timestamp="2026-07-23T20:12:00Z" user="Глеб" uid="346125" lat="55.7141736" lon="48.7214900"/>
 <node id="14042310570" visible="true" version="1" changeset="186256316" timestamp="2026-07-23T20:12:00Z" user="Глеб" uid="346125" lat="55.7142350" lon="48.7212132"/>
 <node id="14042310571" visible="true" version="1" changeset="186256316" timestamp="2026-07-23T20:12:00Z" user="Глеб" uid="346125" lat="55.7143461" lon="48.7212551"/>
 <node id="14042310572" visible="true" version="1" changeset="186256316" timestamp="2026-07-23T20:12:00Z" user="Глеб" uid="346125" lat="55.7143947" lon="48.7208190"/>
 <node id="14042310573" visible="true" version="1" changeset="186256316" timestamp="2026-07-23T20:12:00Z" user="Глеб" uid="346125" lat="55.7143937" lon="48.7207823"/>
 <node id="14042310574" visible="true" version="1" changeset="186256316" timestamp="2026-07-23T20:12:00Z" user="Глеб" uid="346125" lat="55.7142211" lon="48.7207980"/>
 <node id="14042310575" visible="true" version="1" changeset="186256316" timestamp="2026-07-23T20:12:00Z" user="Глеб" uid="346125" lat="55.7141386" lon="48.7208055"/>
 <node id="14042310576" visible="true" version="1" changeset="186256316" timestamp="2026-07-23T20:12:00Z" user="Глеб" uid="346125" lat="55.7141404" lon="48.7203958"/>
 <node id="14042310577" visible="true" version="1" changeset="186256316" timestamp="2026-07-23T20:12:00Z" user="Глеб" uid="346125" lat="55.7142136" lon="48.7203938"/>
 <node id="14042310578" visible="true" version="1" changeset="186256316" timestamp="2026-07-23T20:12:00Z" user="Глеб" uid="346125" lat="55.7143942" lon="48.7203887"/>
 <node id="14042310579" visible="true" version="1" changeset="186256316" timestamp="2026-07-23T20:12:00Z" user="Глеб" uid="346125" lat="55.7143941" lon="48.7203191"/>
 <node id="14042310580" visible="true" version="1" changeset="186256316" timestamp="2026-07-23T20:12:00Z" user="Глеб" uid="346125" lat="55.7143945" lon="48.7200463"/>
 <node id="14042310581" visible="true" version="1" changeset="186256316" timestamp="2026-07-23T20:12:00Z" user="Глеб" uid="346125" lat="55.7143965" lon="48.7198421"/>
 <node id="14042310582" visible="true" version="1" changeset="186256316" timestamp="2026-07-23T20:12:00Z" user="Глеб" uid="346125" lat="55.7142190" lon="48.7196989"/>
 <node id="14042310583" visible="true" version="1" changeset="186256316" timestamp="2026-07-23T20:12:00Z" user="Глеб" uid="346125" lat="55.7141894" lon="48.7196751"/>
 <node id="14042310584" visible="true" version="1" changeset="186256316" timestamp="2026-07-23T20:12:00Z" user="Глеб" uid="346125" lat="55.7141445" lon="48.7196389"/>
 <node id="14042310585" visible="true" version="1" changeset="186256316" timestamp="2026-07-23T20:12:00Z" user="Глеб" uid="346125" lat="55.7141180" lon="48.7196175"/>
 <node id="14042310586" visible="true" version="1" changeset="186256316" timestamp="2026-07-23T20:12:00Z" user="Глеб" uid="346125" lat="55.7140549" lon="48.7195666"/>
 <node id="14042310587" visible="true" version="1" changeset="186256316" timestamp="2026-07-23T20:12:00Z" user="Глеб" uid="346125" lat="55.7140525" lon="48.7195292"/>
 <node id="14042310588" visible="true" version="1" changeset="186256316" timestamp="2026-07-23T20:12:00Z" user="Глеб" uid="346125" lat="55.7140257" lon="48.7191158"/>
 <node id="14042310589" visible="true" version="1" changeset="186256316" timestamp="2026-07-23T20:12:00Z" user="Глеб" uid="346125" lat="55.7142951" lon="48.7188724"/>
 <node id="14042310590" visible="true" version="1" changeset="186256316" timestamp="2026-07-23T20:12:00Z" user="Глеб" uid="346125" lat="55.7142587" lon="48.7187628"/>
 <node id="14042310591" visible="true" version="1" changeset="186256316" timestamp="2026-07-23T20:12:00Z" user="Глеб" uid="346125" lat="55.7141885" lon="48.7187235"/>
 <node id="14042310592" visible="true" version="1" changeset="186256316" timestamp="2026-07-23T20:12:00Z" user="Глеб" uid="346125" lat="55.7141888" lon="48.7187033"/>
 <node id="14042310593" visible="true" version="1" changeset="186256316" timestamp="2026-07-23T20:12:00Z" user="Глеб" uid="346125" lat="55.7140921" lon="48.7186211"/>
 <node id="14042310594" visible="true" version="1" changeset="186256316" timestamp="2026-07-23T20:12:00Z" user="Глеб" uid="346125" lat="55.7139393" lon="48.7183313"/>
 <node id="14042310595" visible="true" version="1" changeset="186256316" timestamp="2026-07-23T20:12:00Z" user="Глеб" uid="346125" lat="55.7137594" lon="48.7179900"/>
 <node id="14042310596" visible="true" version="1" changeset="186256316" timestamp="2026-07-23T20:12:00Z" user="Глеб" uid="346125" lat="55.7132910" lon="48.7176947"/>
 <node id="14042310597" visible="true" version="1" changeset="186256316" timestamp="2026-07-23T20:12:00Z" user="Глеб" uid="346125" lat="55.7133248" lon="48.7174559"/>
 <node id="14042310598" visible="true" version="1" changeset="186256316" timestamp="2026-07-23T20:12:00Z" user="Глеб" uid="346125" lat="55.7134211" lon="48.7167750"/>
 <node id="14042310599" visible="true" version="1" changeset="186256316" timestamp="2026-07-23T20:12:00Z" user="Глеб" uid="346125" lat="55.7134927" lon="48.7154459"/>
 <node id="14042310600" visible="true" version="1" changeset="186256316" timestamp="2026-07-23T20:12:00Z" user="Глеб" uid="346125" lat="55.7134680" lon="48.7149664"/>
 <node id="14042310601" visible="true" version="1" changeset="186256316" timestamp="2026-07-23T20:12:00Z" user="Глеб" uid="346125" lat="55.7134274" lon="48.7141819"/>
 <node id="14042310602" visible="true" version="1" changeset="186256316" timestamp="2026-07-23T20:12:00Z" user="Глеб" uid="346125" lat="55.7134195" lon="48.7140283"/>
 <node id="14042310603" visible="true" version="1" changeset="186256316" timestamp="2026-07-23T20:12:00Z" user="Глеб" uid="346125" lat="55.7134193" lon="48.7140231"/>
 <node id="14042310604" visible="true" version="1" changeset="186256316" timestamp="2026-07-23T20:12:00Z" user="Глеб" uid="346125" lat="55.7134002" lon="48.7136554"/>
 <node id="14042310605" visible="true" version="1" changeset="186256316" timestamp="2026-07-23T20:12:00Z" user="Глеб" uid="346125" lat="55.7134637" lon="48.7135850"/>
 <node id="14042310606" visible="true" version="1" changeset="186256316" timestamp="2026-07-23T20:12:00Z" user="Глеб" uid="346125" lat="55.7134700" lon="48.7135781"/>
 <node id="14042310607" visible="true" version="1" changeset="186256316" timestamp="2026-07-23T20:12:00Z" user="Глеб" uid="346125" lat="55.7136250" lon="48.7134065"/>
 <node id="14042310608" visible="true" version="1" changeset="186256316" timestamp="2026-07-23T20:12:00Z" user="Глеб" uid="346125" lat="55.7138031" lon="48.7132091"/>
 <node id="14042310609" visible="true" version="1" changeset="186256316" timestamp="2026-07-23T20:12:00Z" user="Глеб" uid="346125" lat="55.7140156" lon="48.7129738"/>
 <node id="14042310610" visible="true" version="1" changeset="186256316" timestamp="2026-07-23T20:12:00Z" user="Глеб" uid="346125" lat="55.7142598" lon="48.7127036"/>
 <node id="14042310611" visible="true" version="1" changeset="186256316" timestamp="2026-07-23T20:12:00Z" user="Глеб" uid="346125" lat="55.7143275" lon="48.7126287"/>
 <node id="14042310612" visible="true" version="1" changeset="186256316" timestamp="2026-07-23T20:12:00Z" user="Глеб" uid="346125" lat="55.7136883" lon="48.7118914"/>
 <node id="14042310613" visible="true" version="1" changeset="186256316" timestamp="2026-07-23T20:12:00Z" user="Глеб" uid="346125" lat="55.7134452" lon="48.7116110"/>
 <node id="14042310614" visible="true" version="1" changeset="186256316" timestamp="2026-07-23T20:12:00Z" user="Глеб" uid="346125" lat="55.7136580" lon="48.7097021"/>
 <way id="478690860" visible="true" version="2" changeset="120164577" timestamp="2022-04-25T12:31:23Z" user="NeoChapay" uid="96925">
  <nd ref="4719046628"/>
  <nd ref="4719046629"/>
  <nd ref="4719046630"/>
  <nd ref="4719046631"/>
  <nd ref="4719046632"/>
  <nd ref="4719046633"/>
  <nd ref="4719046634"/>
  <nd ref="9692075580"/>
  <nd ref="4719046635"/>
  <nd ref="4719046636"/>
  <nd ref="4719046637"/>
  <nd ref="4719046638"/>
  <nd ref="4719046639"/>
  <nd ref="4719046640"/>
  <nd ref="4719046641"/>
  <nd ref="4719046628"/>
  <tag k="landuse" v="industrial"/>
 </way>
 <way id="484308943" visible="true" version="1" changeset="47372831" timestamp="2017-04-02T05:43:01Z" user="bekreyev" uid="327803">
  <nd ref="4770532254"/>
  <nd ref="4770532255"/>
  <nd ref="4770532256"/>
  <tag k="barrier" v="fence"/>
 </way>
 <way id="484308944" visible="true" version="1" changeset="47372831" timestamp="2017-04-02T05:43:01Z" user="bekreyev" uid="327803">
  <nd ref="4770532257"/>
  <nd ref="4770532258"/>
  <nd ref="4770532259"/>
  <nd ref="4770532260"/>
  <nd ref="4770532257"/>
  <tag k="building" v="yes"/>
  <tag k="roof:shape" v="gabled"/>
 </way>
 <way id="484316975" visible="true" version="1" changeset="47374278" timestamp="2017-04-02T07:42:20Z" user="bekreyev" uid="327803">
  <nd ref="4770629757"/>
  <nd ref="4770629758"/>
  <nd ref="4770629759"/>
  <nd ref="4770629760"/>
  <nd ref="4770629761"/>
  <nd ref="4770629762"/>
  <nd ref="4770629763"/>
  <nd ref="4770629764"/>
  <nd ref="4770629765"/>
  <nd ref="4770629766"/>
  <nd ref="4770629767"/>
  <nd ref="4770629768"/>
  <nd ref="4770629769"/>
  <nd ref="4770629770"/>
  <nd ref="4770629771"/>
  <nd ref="4770629772"/>
  <nd ref="4770629773"/>
  <nd ref="4770629774"/>
  <nd ref="4770629775"/>
  <nd ref="4770629776"/>
  <nd ref="4770629777"/>
  <nd ref="4770629778"/>
  <nd ref="4770629779"/>
  <nd ref="4770629780"/>
  <nd ref="4770629781"/>
  <nd ref="4770629782"/>
  <nd ref="4770629783"/>
  <nd ref="4770629784"/>
  <nd ref="4770629785"/>
  <nd ref="4770629786"/>
  <nd ref="4770629787"/>
  <nd ref="4770629788"/>
  <nd ref="4770629789"/>
  <nd ref="4770629790"/>
  <nd ref="4770629791"/>
  <nd ref="4770629792"/>
  <nd ref="4770629793"/>
  <nd ref="4770629794"/>
  <nd ref="4770629795"/>
  <nd ref="4770629796"/>
  <nd ref="4770629797"/>
  <nd ref="4770629798"/>
  <tag k="power" v="minor_line"/>
 </way>
 <way id="484703853" visible="true" version="7" changeset="182991337" timestamp="2026-05-21T19:08:25Z" user="Ruslan Fatih" uid="12875574">
  <nd ref="3573177827"/>
  <nd ref="9354021108"/>
  <nd ref="13858747305"/>
  <nd ref="11392304483"/>
  <nd ref="695151179"/>
  <nd ref="3600598666"/>
  <nd ref="3600598668"/>
  <nd ref="11144723339"/>
  <nd ref="11144723340"/>
  <nd ref="11144723341"/>
  <nd ref="11144723342"/>
  <nd ref="1006694405"/>
  <nd ref="1006694408"/>
  <nd ref="1006694410"/>
  <nd ref="1006694412"/>
  <nd ref="1006694413"/>
  <nd ref="1006694414"/>
  <nd ref="1006694415"/>
  <nd ref="1006694416"/>
  <nd ref="1006694424"/>
  <nd ref="1006694425"/>
  <nd ref="1006694426"/>
  <nd ref="1006694427"/>
  <nd ref="1006694428"/>
  <nd ref="1006694430"/>
  <nd ref="1006694432"/>
  <nd ref="1006694435"/>
  <nd ref="1006694437"/>
  <nd ref="2021102230"/>
  <nd ref="2021102232"/>
  <nd ref="2021102234"/>
  <nd ref="2021102240"/>
  <tag k="admin_level" v="8"/>
  <tag k="boundary" v="administrative"/>
 </way>
 <way id="1159700756" visible="true" version="2" changeset="143008419" timestamp="2023-10-23T09:35:02Z" user="NeoChapay" uid="96925">
  <nd ref="695151179"/>
  <nd ref="11283155111"/>
  <nd ref="695151199"/>
  <nd ref="695151200"/>
  <nd ref="10784741996"/>
  <nd ref="4770532284"/>
  <tag k="highway" v="track"/>
  <tag k="surface" v="unpaved"/>
  <tag k="tracktype" v="grade3"/>
 </way>
 <way id="1202088119" visible="true" version="1" changeset="140389220" timestamp="2023-08-25T21:17:10Z" user="dpolovinkin" uid="6710042">
  <nd ref="11144723314"/>
  <nd ref="11144723315"/>
  <nd ref="11144723316"/>
  <nd ref="11144723317"/>
  <nd ref="11144723318"/>
  <nd ref="11144723319"/>
  <nd ref="11144723320"/>
  <nd ref="11144723321"/>
  <nd ref="11144723322"/>
  <nd ref="11144723323"/>
  <nd ref="11144723314"/>
  <tag k="natural" v="grassland"/>
 </way>
 <way id="1217505797" visible="true" version="2" changeset="143008419" timestamp="2023-10-23T09:35:02Z" user="NeoChapay" uid="96925">
  <nd ref="695151199"/>
  <nd ref="11281095715"/>
  <nd ref="11281095716"/>
  <nd ref="11281095717"/>
  <nd ref="11281095718"/>
  <nd ref="11281095719"/>
  <nd ref="11281095720"/>
  <nd ref="11283155118"/>
  <nd ref="4770532261"/>
  <tag k="highway" v="path"/>
 </way>
 <way id="1217727995" visible="true" version="3" changeset="147555522" timestamp="2024-02-17T03:29:02Z" user="Ruslan Fatih" uid="12875574">
  <nd ref="11392304484"/>
  <nd ref="11283155111"/>
  <nd ref="11283155118"/>
  <nd ref="11283155112"/>
  <nd ref="11283155117"/>
  <nd ref="11283155113"/>
  <nd ref="11283155114"/>
  <nd ref="11283155115"/>
  <nd ref="11283155116"/>
  <tag k="footway" v="sidewalk"/>
  <tag k="highway" v="footway"/>
 </way>
 <way id="1308786271" visible="true" version="1" changeset="155454062" timestamp="2024-08-19T10:49:06Z" user="dpolovinkin" uid="6710042">
  <nd ref="12120055192"/>
  <nd ref="12120055193"/>
  <nd ref="12120055194"/>
  <nd ref="12120055195"/>
  <nd ref="12120055196"/>
  <nd ref="12120055197"/>
  <nd ref="12120055198"/>
  <nd ref="12120055199"/>
  <nd ref="12120055200"/>
  <nd ref="12120070901"/>
  <nd ref="12120070902"/>
  <nd ref="12120055192"/>
  <tag k="landuse" v="grass"/>
 </way>
 <way id="1441673392" visible="true" version="2" changeset="182991337" timestamp="2026-05-21T19:08:25Z" user="Ruslan Fatih" uid="12875574">
  <nd ref="11392304470"/>
  <nd ref="11392304471"/>
  <nd ref="11392304472"/>
  <nd ref="11392304473"/>
  <nd ref="11392304474"/>
  <nd ref="11392304475"/>
  <nd ref="11392304476"/>
  <nd ref="11392304477"/>
  <nd ref="11392304478"/>
  <nd ref="11392304479"/>
  <nd ref="11392304480"/>
  <nd ref="11392304481"/>
  <nd ref="11392304482"/>
  <nd ref="11392304484"/>
  <nd ref="11392304483"/>
  <tag k="bicycle" v="designated"/>
  <tag k="foot" v="designated"/>
  <tag k="highway" v="cycleway"/>
  <tag k="surface" v="asphalt"/>
 </way>
 <way id="1518456319" visible="true" version="1" changeset="182991337" timestamp="2026-05-21T19:08:25Z" user="Ruslan Fatih" uid="12875574">
  <nd ref="13858747305"/>
  <nd ref="11392304483"/>
  <nd ref="695151179"/>
  <nd ref="3600598666"/>
  <nd ref="4770532261"/>
  <nd ref="1006684554"/>
  <nd ref="6643070652"/>
  <nd ref="3702303828"/>
  <nd ref="1006648233"/>
  <nd ref="2050759298"/>
  <nd ref="695151181"/>
  <nd ref="2050759306"/>
  <nd ref="11283155122"/>
  <nd ref="1718994284"/>
  <nd ref="2021102219"/>
  <tag k="highway" v="tertiary"/>
  <tag k="lanes" v="2"/>
  <tag k="maxspeed" v="90"/>
  <tag k="ref" v="16К-0662"/>
  <tag k="surface" v="asphalt"/>
 </way>
 <way id="1543335094" visible="true" version="1" changeset="186256316" timestamp="2026-07-23T20:12:00Z" user="Глеб" uid="346125">
  <nd ref="14042310614"/>
  <nd ref="14042310613"/>
  <nd ref="14042310612"/>
  <nd ref="14042310611"/>
  <nd ref="14042310610"/>
  <nd ref="14042310609"/>
  <nd ref="14042310608"/>
  <nd ref="14042310607"/>
  <nd ref="14042310606"/>
  <nd ref="14042310605"/>
  <nd ref="14042310604"/>
  <nd ref="14042310603"/>
  <nd ref="14042310602"/>
  <nd ref="14042310601"/>
  <nd ref="14042310600"/>
  <nd ref="14042310599"/>
  <nd ref="14042310598"/>
  <nd ref="14042310597"/>
  <nd ref="14042310596"/>
  <nd ref="14042310595"/>
  <nd ref="14042310594"/>
  <nd ref="14042310593"/>
  <nd ref="14042310592"/>
  <nd ref="14042310591"/>
  <nd ref="14042310590"/>
  <nd ref="14042310589"/>
  <nd ref="14042310588"/>
  <nd ref="14042310587"/>
  <nd ref="14042310586"/>
  <nd ref="14042310585"/>
  <nd ref="14042310584"/>
  <nd ref="14042310583"/>
  <nd ref="14042310582"/>
  <nd ref="14042310581"/>
  <nd ref="14042310580"/>
  <nd ref="14042310579"/>
  <nd ref="14042310578"/>
  <nd ref="14042310577"/>
  <nd ref="14042310576"/>
  <nd ref="14042310575"/>
  <nd ref="14042310574"/>
  <nd ref="14042310573"/>
  <nd ref="14042310572"/>
  <nd ref="14042310571"/>
  <nd ref="14042310570"/>
  <nd ref="14042310569"/>
  <nd ref="14042310568"/>
  <nd ref="14042310567"/>
  <nd ref="14042310566"/>
  <nd ref="14042310565"/>
  <nd ref="14042310564"/>
  <nd ref="14042310563"/>
  <nd ref="14042310562"/>
  <nd ref="14042310561"/>
  <nd ref="14042310560"/>
  <nd ref="14042310559"/>
  <nd ref="14042310558"/>
  <nd ref="14042310557"/>
  <nd ref="14042310556"/>
  <nd ref="14042310555"/>
  <nd ref="14042310554"/>
  <nd ref="14042310553"/>
  <nd ref="14042310552"/>
  <nd ref="14042310551"/>
  <nd ref="14042310550"/>
  <nd ref="14042310549"/>
  <nd ref="14042310548"/>
  <nd ref="14042310547"/>
  <nd ref="14042310546"/>
  <nd ref="14042310545"/>
  <nd ref="14042310544"/>
  <nd ref="14042310543"/>
  <nd ref="14042310542"/>
  <nd ref="14042310541"/>
  <nd ref="14042310540"/>
  <nd ref="14042310539"/>
  <nd ref="14042310538"/>
  <nd ref="14042310537"/>
  <nd ref="14042310536"/>
  <nd ref="14042310535"/>
  <nd ref="14042310534"/>
  <nd ref="14042310533"/>
  <nd ref="14042310532"/>
  <nd ref="14042310531"/>
  <nd ref="14042310530"/>
  <nd ref="14042310529"/>
  <nd ref="14042310528"/>
  <nd ref="14042310527"/>
  <nd ref="14042310526"/>
  <nd ref="14042310525"/>
  <nd ref="14042310524"/>
  <nd ref="14042310523"/>
  <nd ref="14042310522"/>
  <nd ref="14042310521"/>
  <nd ref="14042310520"/>
  <nd ref="14042310519"/>
  <nd ref="14042310518"/>
  <nd ref="14042310517"/>
  <nd ref="14042310516"/>
  <nd ref="14042310515"/>
  <nd ref="14042310514"/>
  <nd ref="14042310513"/>
  <nd ref="14042310512"/>
  <nd ref="14042310511"/>
  <nd ref="14042310510"/>
  <nd ref="14042310509"/>
  <nd ref="14042310508"/>
  <nd ref="14042310507"/>
  <nd ref="14042310506"/>
  <nd ref="14042310505"/>
  <nd ref="14042310504"/>
  <nd ref="14042310503"/>
  <nd ref="14042310502"/>
  <nd ref="14042310501"/>
  <nd ref="14042310500"/>
  <nd ref="14042310499"/>
  <nd ref="14042310498"/>
  <nd ref="14042310497"/>
  <nd ref="14042310496"/>
  <nd ref="14042310495"/>
  <nd ref="14042310494"/>
  <nd ref="14042310493"/>
  <nd ref="14042310492"/>
  <nd ref="14042310491"/>
  <nd ref="14042310490"/>
  <nd ref="14042310489"/>
  <nd ref="14042310488"/>
  <nd ref="14042310487"/>
  <nd ref="14042310486"/>
  <nd ref="14042310485"/>
  <nd ref="14042310484"/>
  <nd ref="14042310483"/>
  <nd ref="14042310482"/>
  <nd ref="14042310481"/>
  <nd ref="14042310480"/>
  <nd ref="14042310479"/>
  <nd ref="14042310478"/>
  <nd ref="14042310477"/>
  <nd ref="14042310476"/>
  <nd ref="14042310475"/>
  <nd ref="14042310474"/>
  <nd ref="14042310473"/>
  <nd ref="14042310472"/>
  <nd ref="14042310471"/>
  <nd ref="14042310470"/>
  <nd ref="14042310469"/>
  <nd ref="14042310468"/>
  <nd ref="14042310467"/>
  <nd ref="14042310466"/>
  <nd ref="14042310465"/>
  <nd ref="14042310464"/>
  <nd ref="14042310463"/>
  <nd ref="14042310462"/>
  <nd ref="14042310461"/>
  <nd ref="14042310460"/>
  <nd ref="14042310459"/>
  <nd ref="14042310458"/>
  <nd ref="14042310457"/>
  <nd ref="14042310456"/>
  <nd ref="14042310455"/>
  <nd ref="14042310454"/>
  <nd ref="14042310453"/>
  <nd ref="14042310452"/>
  <nd ref="14042310451"/>
  <nd ref="14042310450"/>
  <nd ref="14042310449"/>
  <nd ref="14042310448"/>
  <nd ref="14042310447"/>
  <nd ref="14042310446"/>
  <nd ref="14042310445"/>
  <nd ref="14042310444"/>
  <nd ref="14042310443"/>
  <nd ref="14042310442"/>
  <nd ref="14042310441"/>
  <nd ref="14042310440"/>
  <nd ref="14042310439"/>
  <nd ref="14042310438"/>
  <nd ref="14042310437"/>
  <nd ref="14042310436"/>
  <nd ref="14042310435"/>
  <nd ref="14042310434"/>
  <nd ref="14042310433"/>
  <nd ref="14042310432"/>
  <nd ref="14042310431"/>
  <nd ref="14042310430"/>
  <nd ref="14042310429"/>
  <nd ref="14042310428"/>
  <nd ref="14042310427"/>
  <nd ref="14042310426"/>
  <nd ref="14042310425"/>
  <nd ref="14042310424"/>
  <nd ref="14042310423"/>
  <nd ref="14042310422"/>
  <nd ref="14042310421"/>
  <nd ref="14042310420"/>
  <nd ref="14042310419"/>
  <nd ref="14042310418"/>
  <nd ref="14042310417"/>
  <nd ref="14042310416"/>
  <nd ref="14042310415"/>
  <nd ref="14042310414"/>
  <nd ref="14042310413"/>
  <nd ref="14042310412"/>
  <nd ref="14042310411"/>
  <nd ref="14042310410"/>
  <nd ref="14042310409"/>
  <nd ref="14042310408"/>
  <nd ref="14042310407"/>
  <nd ref="14042310406"/>
  <nd ref="14042310405"/>
  <nd ref="14042310404"/>
  <nd ref="14042310403"/>
  <nd ref="14042310402"/>
  <nd ref="14042310401"/>
  <nd ref="14042310400"/>
  <nd ref="14042310399"/>
  <nd ref="14042310398"/>
  <nd ref="14042310397"/>
  <nd ref="14042310396"/>
  <nd ref="14042310395"/>
  <nd ref="14042310394"/>
  <nd ref="14042310393"/>
  <nd ref="14042310392"/>
  <nd ref="14042310391"/>
  <nd ref="14042310390"/>
  <nd ref="14042310389"/>
  <nd ref="14042310388"/>
  <nd ref="14042310387"/>
  <nd ref="14042310386"/>
  <nd ref="14042310385"/>
  <nd ref="14042310384"/>
  <nd ref="14042310383"/>
  <nd ref="14042310382"/>
  <nd ref="14042310381"/>
  <nd ref="14042310380"/>
  <nd ref="14042310379"/>
  <nd ref="14042310378"/>
  <nd ref="14042310377"/>
  <nd ref="14042310376"/>
  <nd ref="14042310375"/>
  <nd ref="14042310374"/>
  <nd ref="14042310373"/>
  <nd ref="14042310372"/>
  <nd ref="14042310371"/>
  <nd ref="14042310370"/>
  <nd ref="14042310369"/>
  <nd ref="14042310368"/>
  <nd ref="14042310367"/>
  <nd ref="14042310366"/>
  <nd ref="14042310365"/>
  <nd ref="14042310364"/>
  <nd ref="14042310363"/>
  <nd ref="14042310362"/>
  <nd ref="14042310361"/>
  <nd ref="14042310360"/>
  <nd ref="14042310359"/>
  <nd ref="14042310358"/>
  <nd ref="14042310357"/>
  <nd ref="14042310356"/>
  <nd ref="14042310355"/>
  <nd ref="14042310354"/>
  <nd ref="14042310353"/>
  <nd ref="14042310352"/>
  <nd ref="14042310351"/>
  <nd ref="14042310350"/>
  <nd ref="14042310349"/>
  <nd ref="14042310348"/>
  <nd ref="14042310347"/>
  <nd ref="14042310346"/>
  <nd ref="14042310345"/>
  <nd ref="14042310344"/>
  <nd ref="14042310343"/>
  <nd ref="14042310342"/>
  <nd ref="14042310341"/>
  <nd ref="14042310340"/>
  <nd ref="14042310339"/>
  <nd ref="14042310338"/>
  <nd ref="14042310337"/>
  <nd ref="14042310336"/>
  <nd ref="14042310335"/>
  <nd ref="14042310334"/>
  <nd ref="14042310333"/>
  <nd ref="14042310332"/>
  <nd ref="14042310331"/>
  <nd ref="14042310330"/>
  <nd ref="14042310329"/>
  <nd ref="14042310328"/>
  <nd ref="14042310327"/>
  <nd ref="14042310326"/>
  <nd ref="14042310325"/>
  <nd ref="14042310324"/>
  <nd ref="14042310323"/>
  <nd ref="14042310322"/>
  <nd ref="14042310321"/>
  <nd ref="14042310320"/>
  <nd ref="14042310319"/>
  <nd ref="14042310318"/>
  <nd ref="14042310317"/>
  <nd ref="14042310316"/>
  <nd ref="14042310315"/>
  <nd ref="14042310314"/>
  <nd ref="14042310313"/>
  <nd ref="14042310312"/>
  <nd ref="14042310311"/>
  <nd ref="14042310310"/>
  <nd ref="14042310309"/>
  <nd ref="14042310308"/>
  <nd ref="14042310307"/>
  <nd ref="14042310306"/>
  <nd ref="14042310305"/>
  <nd ref="14042310304"/>
  <nd ref="14042310303"/>
  <nd ref="14042310302"/>
  <nd ref="14042310301"/>
  <nd ref="14042310300"/>
  <nd ref="14042310299"/>
  <nd ref="14042310298"/>
  <nd ref="14042310297"/>
  <nd ref="14042310296"/>
  <nd ref="14042310295"/>
  <nd ref="14042310294"/>
  <nd ref="14042310293"/>
  <nd ref="14042310292"/>
  <nd ref="14042310291"/>
  <nd ref="14042310290"/>
  <nd ref="14042310289"/>
  <nd ref="14042310288"/>
  <nd ref="14042310287"/>
  <nd ref="14042310286"/>
  <nd ref="14042310285"/>
  <nd ref="14042310284"/>
  <nd ref="14042310283"/>
  <nd ref="14042310282"/>
  <nd ref="14042310281"/>
  <nd ref="14042310280"/>
  <nd ref="14042310279"/>
  <nd ref="14042310278"/>
  <nd ref="14042310277"/>
  <nd ref="14042310276"/>
  <nd ref="14042310275"/>
  <nd ref="14042310274"/>
  <nd ref="14042310273"/>
  <nd ref="14042310272"/>
  <nd ref="14042310271"/>
  <nd ref="14042310270"/>
  <nd ref="14042310269"/>
  <nd ref="14042310268"/>
  <nd ref="14042310267"/>
  <nd ref="14042310266"/>
  <nd ref="14042310265"/>
  <nd ref="14042310264"/>
  <nd ref="14042310263"/>
  <nd ref="14042310262"/>
  <nd ref="14042310261"/>
  <nd ref="14042310260"/>
  <nd ref="14042310259"/>
  <nd ref="14042310258"/>
  <nd ref="14042310257"/>
  <nd ref="14042310256"/>
  <nd ref="14042310255"/>
  <nd ref="14042310254"/>
  <nd ref="14042310253"/>
  <nd ref="14042310252"/>
  <nd ref="14042310251"/>
  <nd ref="14042310250"/>
  <nd ref="14042310249"/>
  <nd ref="14042310248"/>
  <nd ref="14042310247"/>
  <nd ref="14042310246"/>
  <nd ref="14042310245"/>
  <nd ref="14042310244"/>
  <nd ref="14042310243"/>
  <nd ref="14042310242"/>
  <nd ref="14042310241"/>
  <nd ref="14042310240"/>
  <nd ref="14042310239"/>
  <nd ref="14042310238"/>
  <nd ref="14042310237"/>
  <nd ref="14042310236"/>
  <nd ref="14042310235"/>
  <nd ref="14042310234"/>
  <nd ref="14042310233"/>
  <nd ref="14042310232"/>
  <nd ref="14042310231"/>
  <nd ref="14042310230"/>
  <nd ref="14042310229"/>
  <nd ref="14042310228"/>
  <nd ref="14042310227"/>
  <nd ref="14042310226"/>
  <nd ref="14042310225"/>
  <nd ref="14042310224"/>
  <nd ref="14042310223"/>
  <nd ref="14042310222"/>
  <nd ref="14042310221"/>
  <nd ref="14042310220"/>
  <nd ref="14042310219"/>
  <nd ref="14042310218"/>
  <nd ref="14042310217"/>
  <nd ref="14042310216"/>
  <nd ref="14042310215"/>
  <nd ref="14042310214"/>
  <nd ref="14042310213"/>
  <nd ref="14042310212"/>
  <nd ref="14042310211"/>
  <nd ref="14042310210"/>
  <nd ref="14042310209"/>
  <nd ref="14042310208"/>
  <nd ref="14042310207"/>
  <nd ref="14042310206"/>
  <nd ref="14042310205"/>
  <nd ref="14042310204"/>
  <nd ref="14042310203"/>
  <nd ref="14042310202"/>
  <nd ref="14042310201"/>
  <nd ref="14042310200"/>
  <nd ref="14042310199"/>
  <nd ref="14042310198"/>
  <nd ref="14042310197"/>
  <nd ref="14042310196"/>
  <nd ref="14042310195"/>
  <nd ref="14042310194"/>
  <nd ref="14042310193"/>
  <nd ref="14042310192"/>
  <nd ref="14042310191"/>
  <nd ref="14042310190"/>
  <nd ref="14042310189"/>
  <nd ref="14042310188"/>
  <nd ref="14042310187"/>
  <nd ref="14042310186"/>
  <nd ref="14042310185"/>
  <nd ref="14042310184"/>
  <nd ref="14042310183"/>
  <nd ref="14042310182"/>
  <nd ref="14042310181"/>
  <nd ref="14042310180"/>
  <nd ref="14042310179"/>
  <nd ref="14042310178"/>
  <nd ref="14042310177"/>
  <nd ref="14042310176"/>
  <nd ref="14042310175"/>
  <nd ref="14042310174"/>
  <nd ref="14042310173"/>
  <nd ref="14042310172"/>
  <nd ref="14042310171"/>
  <nd ref="14042310170"/>
  <nd ref="14042310169"/>
  <nd ref="14042310168"/>
  <nd ref="14042310167"/>
  <nd ref="14042310166"/>
  <nd ref="14042310165"/>
  <nd ref="14042310164"/>
  <nd ref="14042310163"/>
  <nd ref="14042310162"/>
  <nd ref="14042310161"/>
  <nd ref="14042310160"/>
  <nd ref="14042310159"/>
  <nd ref="14042310158"/>
  <nd ref="14042310157"/>
  <nd ref="14042310156"/>
  <nd ref="14042310155"/>
  <nd ref="14042310154"/>
  <nd ref="14042310153"/>
  <nd ref="14042310152"/>
  <nd ref="14042310151"/>
  <nd ref="14042310150"/>
  <nd ref="14042310149"/>
  <nd ref="14042310148"/>
  <nd ref="14042310147"/>
  <nd ref="14042310146"/>
  <nd ref="14042310145"/>
  <nd ref="14042310144"/>
  <nd ref="14042310143"/>
  <nd ref="14042310142"/>
  <nd ref="14042310141"/>
  <nd ref="14042310140"/>
  <nd ref="14042310139"/>
  <nd ref="14042310138"/>
  <nd ref="14042310137"/>
  <nd ref="14042310136"/>
  <nd ref="14042310135"/>
  <nd ref="14042310134"/>
  <nd ref="14042310133"/>
  <nd ref="14042310132"/>
  <nd ref="14042310131"/>
  <nd ref="14042310130"/>
  <nd ref="14042310129"/>
  <nd ref="14042310128"/>
  <nd ref="14042310127"/>
  <nd ref="14042310126"/>
  <nd ref="14042310125"/>
  <nd ref="14042310124"/>
  <nd ref="14042310123"/>
  <nd ref="14042310122"/>
  <nd ref="14042310121"/>
  <nd ref="14042310120"/>
  <nd ref="14042310119"/>
  <nd ref="14042310118"/>
  <nd ref="14042310117"/>
  <nd ref="14042310116"/>
  <nd ref="14042310115"/>
  <nd ref="14042310114"/>
  <nd ref="14042310113"/>
  <nd ref="14042310112"/>
  <nd ref="14042310111"/>
  <nd ref="14042310110"/>
  <nd ref="14042310109"/>
  <nd ref="14042310108"/>
  <nd ref="14042310107"/>
  <nd ref="14042310106"/>
  <nd ref="14042310105"/>
  <nd ref="14042310104"/>
  <nd ref="14042310103"/>
  <nd ref="14042310102"/>
  <nd ref="14042310101"/>
  <nd ref="14042310100"/>
  <nd ref="14042310099"/>
  <nd ref="14042310098"/>
  <nd ref="14042310097"/>
  <nd ref="14042310096"/>
  <nd ref="14042310095"/>
  <nd ref="14042310094"/>
  <nd ref="14042310093"/>
  <nd ref="14042310092"/>
  <nd ref="14042310091"/>
  <nd ref="14042310090"/>
  <nd ref="14042310089"/>
  <nd ref="14042310088"/>
  <nd ref="14042310087"/>
  <nd ref="14042310086"/>
  <nd ref="14042310085"/>
  <nd ref="14042310084"/>
  <nd ref="14042310083"/>
  <nd ref="14042310082"/>
  <nd ref="14042310081"/>
  <nd ref="14042310080"/>
  <nd ref="14042310079"/>
  <nd ref="14042310078"/>
  <nd ref="14042310077"/>
  <nd ref="14042310076"/>
  <nd ref="14042310075"/>
  <nd ref="14042310074"/>
  <nd ref="14042310073"/>
  <nd ref="14042310072"/>
  <nd ref="14042310071"/>
  <nd ref="14042310070"/>
  <nd ref="14042310069"/>
  <nd ref="14042310068"/>
  <nd ref="14042310067"/>
  <nd ref="14042310066"/>
  <nd ref="14042310065"/>
  <nd ref="14042310064"/>
  <nd ref="14042310063"/>
  <nd ref="14042310062"/>
  <nd ref="14042310061"/>
  <nd ref="14042310060"/>
  <nd ref="14042310059"/>
  <nd ref="14042310058"/>
  <nd ref="14042310057"/>
  <nd ref="14042310056"/>
  <nd ref="14042310055"/>
  <nd ref="14042310054"/>
  <nd ref="14042310053"/>
  <nd ref="14042310052"/>
  <nd ref="14042310051"/>
  <nd ref="14042310050"/>
  <nd ref="14042310049"/>
  <nd ref="14042310048"/>
  <nd ref="14042310047"/>
  <nd ref="14042310046"/>
  <nd ref="14042310045"/>
  <nd ref="14042310044"/>
  <nd ref="14042310043"/>
  <nd ref="14042310042"/>
  <nd ref="14042310041"/>
  <nd ref="14042310040"/>
  <nd ref="14042310039"/>
  <nd ref="14042310038"/>
  <nd ref="14042310037"/>
  <nd ref="14042310036"/>
  <nd ref="14042310035"/>
  <nd ref="14042310034"/>
  <nd ref="14042310033"/>
  <nd ref="14042310032"/>
  <nd ref="14042310031"/>
  <nd ref="14042310030"/>
  <nd ref="14042310029"/>
  <nd ref="14042310028"/>
  <nd ref="14042310027"/>
  <nd ref="14042310026"/>
  <nd ref="14042310025"/>
  <nd ref="14042310024"/>
  <nd ref="14042310023"/>
  <nd ref="14042310022"/>
  <nd ref="14042310021"/>
  <nd ref="14042310020"/>
  <nd ref="14042310019"/>
  <nd ref="14042310018"/>
  <nd ref="14042310017"/>
  <nd ref="14042310016"/>
  <nd ref="14042310015"/>
  <nd ref="14042310014"/>
  <nd ref="14042310013"/>
  <nd ref="14042310012"/>
  <nd ref="14042310011"/>
  <nd ref="14042310010"/>
  <nd ref="14042310009"/>
  <nd ref="14042310008"/>
  <nd ref="14042310007"/>
  <nd ref="14042310006"/>
  <nd ref="14042310005"/>
  <nd ref="14042310004"/>
  <nd ref="14042310003"/>
  <nd ref="14042310002"/>
  <nd ref="14042310001"/>
  <nd ref="14042310000"/>
  <nd ref="14042309999"/>
  <nd ref="14042309998"/>
  <nd ref="14042309997"/>
  <nd ref="14042309996"/>
  <nd ref="14042309995"/>
  <nd ref="14042309994"/>
  <nd ref="14042309993"/>
  <nd ref="14042309992"/>
  <nd ref="14042309991"/>
  <nd ref="14042309990"/>
  <nd ref="14042309989"/>
  <nd ref="14042309988"/>
  <nd ref="14042309987"/>
  <nd ref="14042309986"/>
  <nd ref="14042309985"/>
  <nd ref="14042309984"/>
  <nd ref="14042309983"/>
  <nd ref="14042309982"/>
  <nd ref="14042309981"/>
  <nd ref="14042309980"/>
  <nd ref="14042309979"/>
  <nd ref="14042309978"/>
  <nd ref="14042309977"/>
  <nd ref="14042309976"/>
  <nd ref="14042309975"/>
  <nd ref="14042309974"/>
  <nd ref="14042309973"/>
  <nd ref="14042309972"/>
  <nd ref="14042309971"/>
  <nd ref="14042309970"/>
  <nd ref="14042309969"/>
  <nd ref="14042309968"/>
  <nd ref="14042309967"/>
  <nd ref="14042309966"/>
  <nd ref="14042309965"/>
  <nd ref="14042309964"/>
  <nd ref="14042309963"/>
  <nd ref="14042309962"/>
  <nd ref="14042309961"/>
  <nd ref="14042309960"/>
  <nd ref="14042309959"/>
  <nd ref="14042309958"/>
  <nd ref="14042309957"/>
  <nd ref="14042309956"/>
  <nd ref="14042309955"/>
  <nd ref="14042309954"/>
  <nd ref="14042309953"/>
  <nd ref="14042309952"/>
  <nd ref="14042309951"/>
  <nd ref="14042309950"/>
  <nd ref="14042309949"/>
  <nd ref="14042309948"/>
  <nd ref="14042309947"/>
  <nd ref="14042309946"/>
  <nd ref="14042309945"/>
  <nd ref="14042309944"/>
  <nd ref="14042309943"/>
  <nd ref="14042309942"/>
  <nd ref="14042309941"/>
  <nd ref="14042309940"/>
  <nd ref="14042309939"/>
  <nd ref="14042309938"/>
  <nd ref="14042309937"/>
  <nd ref="14042309936"/>
  <nd ref="14042309935"/>
  <nd ref="14042309934"/>
  <nd ref="14042309933"/>
  <nd ref="14042309932"/>
  <nd ref="14042309931"/>
  <nd ref="14042309930"/>
  <nd ref="14042309929"/>
  <nd ref="14042309928"/>
  <nd ref="14042309927"/>
  <nd ref="14042309926"/>
  <nd ref="14042309925"/>
  <nd ref="14042309924"/>
  <nd ref="14042309923"/>
  <nd ref="14042309922"/>
  <nd ref="14042309921"/>
  <nd ref="14042309920"/>
  <nd ref="14042309919"/>
  <nd ref="14042309918"/>
  <nd ref="14042309917"/>
  <nd ref="14042309916"/>
  <nd ref="14042309915"/>
  <nd ref="14042309914"/>
  <nd ref="14042309913"/>
  <nd ref="14042309912"/>
  <nd ref="14042309911"/>
  <nd ref="14042309910"/>
  <nd ref="14042309909"/>
  <nd ref="14042309908"/>
  <nd ref="14042309907"/>
  <nd ref="14042309906"/>
  <nd ref="14042309905"/>
  <nd ref="14042309904"/>
  <nd ref="14042309903"/>
  <nd ref="14042309902"/>
  <nd ref="14042309901"/>
  <nd ref="14042309900"/>
  <nd ref="14042309899"/>
  <nd ref="14042309898"/>
  <nd ref="14042309897"/>
  <nd ref="14042309896"/>
  <nd ref="14042309895"/>
  <nd ref="14042309894"/>
  <nd ref="14042309893"/>
  <nd ref="14042309892"/>
  <nd ref="14042309891"/>
  <nd ref="14042309890"/>
  <nd ref="14042309889"/>
  <nd ref="14042309888"/>
  <nd ref="14042309887"/>
  <nd ref="14042309886"/>
  <nd ref="14042309885"/>
  <nd ref="14042309884"/>
  <nd ref="14042309883"/>
  <nd ref="14042309882"/>
  <nd ref="14042309881"/>
  <nd ref="14042309880"/>
  <nd ref="14042309879"/>
  <nd ref="14042309878"/>
  <nd ref="14042309877"/>
  <nd ref="14042309876"/>
  <nd ref="14042309875"/>
  <nd ref="14042309874"/>
  <nd ref="14042309873"/>
  <nd ref="14042309872"/>
  <nd ref="14042309871"/>
  <nd ref="14042309870"/>
  <nd ref="14042309869"/>
  <nd ref="14042309868"/>
  <nd ref="14042309867"/>
  <nd ref="14042309866"/>
  <nd ref="14042309865"/>
  <nd ref="14042309864"/>
  <nd ref="14042309863"/>
  <nd ref="14042309862"/>
  <nd ref="14042309861"/>
  <nd ref="14042309860"/>
  <nd ref="14042309859"/>
  <nd ref="14042309858"/>
  <nd ref="14042309857"/>
  <nd ref="14042309856"/>
  <nd ref="14042309855"/>
  <nd ref="14042309854"/>
  <nd ref="14042309853"/>
  <nd ref="14042309852"/>
  <nd ref="14042309851"/>
  <nd ref="14042309850"/>
  <nd ref="14042309849"/>
  <nd ref="14042309848"/>
  <nd ref="14042309847"/>
  <nd ref="14042309846"/>
  <nd ref="14042309845"/>
  <nd ref="14042309844"/>
  <nd ref="14042309843"/>
  <nd ref="14042309842"/>
  <nd ref="14042309841"/>
  <nd ref="14042309840"/>
  <nd ref="14042309839"/>
  <nd ref="14042309838"/>
  <nd ref="14042309837"/>
  <nd ref="14042309836"/>
  <nd ref="14042309835"/>
  <nd ref="14042309834"/>
  <nd ref="14042309833"/>
  <nd ref="14042309832"/>
  <nd ref="14042309831"/>
  <nd ref="14042309830"/>
  <nd ref="14042309829"/>
  <nd ref="14042309828"/>
  <nd ref="14042309827"/>
  <nd ref="14042309826"/>
  <nd ref="14042309825"/>
  <nd ref="14042309824"/>
  <nd ref="14042309823"/>
  <nd ref="14042309822"/>
  <nd ref="14042309821"/>
  <nd ref="14042309820"/>
  <nd ref="14042309819"/>
  <nd ref="14042309818"/>
  <nd ref="14042309817"/>
  <nd ref="14042309816"/>
  <nd ref="14042309815"/>
  <nd ref="14042309814"/>
  <nd ref="14042309813"/>
  <nd ref="14042309812"/>
  <nd ref="14042309811"/>
  <nd ref="14042309810"/>
  <nd ref="14042309809"/>
  <nd ref="14042309808"/>
  <nd ref="14042309807"/>
  <nd ref="14042309806"/>
  <nd ref="14042309805"/>
  <nd ref="14042309804"/>
  <nd ref="14042309803"/>
  <nd ref="14042309802"/>
  <nd ref="14042309801"/>
  <nd ref="14042309800"/>
  <nd ref="14042309799"/>
  <nd ref="14042309798"/>
  <nd ref="14042309797"/>
  <nd ref="14042309796"/>
  <nd ref="14042309795"/>
  <nd ref="14042309794"/>
  <nd ref="14042309793"/>
  <nd ref="14042309792"/>
  <nd ref="14042309791"/>
  <nd ref="14042309790"/>
  <nd ref="14042309789"/>
  <nd ref="14042309788"/>
  <nd ref="14042309787"/>
  <nd ref="14042309786"/>
  <nd ref="14042309785"/>
  <nd ref="14042309784"/>
  <nd ref="14042309783"/>
  <nd ref="14042309782"/>
  <nd ref="14042309781"/>
  <nd ref="14042309780"/>
  <nd ref="14042309779"/>
  <nd ref="14042309778"/>
  <nd ref="14042309777"/>
  <nd ref="14042309776"/>
  <nd ref="14042309775"/>
  <nd ref="14042309774"/>
  <nd ref="14042309773"/>
  <nd ref="14042309772"/>
  <nd ref="14042309771"/>
  <nd ref="14042309770"/>
  <nd ref="14042309769"/>
  <nd ref="14042309768"/>
  <nd ref="14042309767"/>
  <nd ref="14042309766"/>
  <nd ref="14042309765"/>
  <nd ref="14042309764"/>
  <nd ref="14042309763"/>
  <nd ref="14042309762"/>
  <nd ref="14042309761"/>
  <nd ref="14042309760"/>
  <nd ref="14042309759"/>
  <nd ref="14042309758"/>
  <nd ref="14042309757"/>
  <nd ref="14042309756"/>
  <nd ref="14042309755"/>
  <nd ref="14042309754"/>
  <nd ref="14042309753"/>
  <nd ref="14042309752"/>
  <nd ref="14042309751"/>
  <nd ref="14042309750"/>
  <nd ref="14042309749"/>
  <nd ref="14042309748"/>
  <nd ref="14042309747"/>
  <nd ref="14042309746"/>
  <nd ref="14042309745"/>
  <nd ref="14042309744"/>
  <nd ref="14042309743"/>
  <nd ref="14042309742"/>
  <nd ref="14042309741"/>
  <nd ref="14042309740"/>
  <nd ref="14042309739"/>
  <nd ref="14042309738"/>
  <nd ref="14042309737"/>
  <nd ref="14042309736"/>
  <nd ref="14042309735"/>
  <nd ref="14042309734"/>
  <nd ref="14042309733"/>
  <nd ref="14042309732"/>
  <nd ref="14042309731"/>
  <nd ref="14042309730"/>
  <nd ref="14042309729"/>
  <nd ref="14042309728"/>
  <nd ref="14042309727"/>
  <nd ref="14042309726"/>
  <nd ref="14042309725"/>
  <nd ref="14042309724"/>
  <nd ref="14042309723"/>
  <nd ref="14042309722"/>
  <nd ref="14042309721"/>
  <nd ref="14042309720"/>
  <nd ref="14042309719"/>
  <nd ref="14042309718"/>
  <nd ref="14042309717"/>
  <nd ref="14042309716"/>
  <nd ref="14042309715"/>
  <nd ref="14042309714"/>
  <nd ref="14042309713"/>
  <nd ref="14042309712"/>
  <nd ref="14042309711"/>
  <nd ref="14042309710"/>
  <nd ref="14042309709"/>
  <nd ref="14042309708"/>
  <nd ref="14042309707"/>
  <nd ref="14042309706"/>
  <nd ref="14042309705"/>
  <nd ref="14042309704"/>
  <nd ref="14042309703"/>
  <nd ref="14042309702"/>
  <nd ref="14042309701"/>
  <nd ref="14042309700"/>
  <nd ref="14042309699"/>
  <nd ref="14042309698"/>
  <nd ref="14042309697"/>
  <nd ref="14042310614"/>
  <tag k="source:geometry" v="ЕГРН"/>
  <tag k="source:geometry:date" v="2025-02-21"/>
 </way>
 <relation id="367670" visible="true" version="39" changeset="161030824" timestamp="2025-01-05T17:51:45Z" user="CometSeeker" uid="231327">
  <member type="way" ref="136714766" role="outer"/>
  <member type="way" ref="551277727" role="outer"/>
  <member type="way" ref="551277696" role="outer"/>
  <member type="way" ref="136704209" role="outer"/>
  <member type="way" ref="136704206" role="outer"/>
  <member type="way" ref="46711174" role="outer"/>
  <member type="way" ref="551277682" role="outer"/>
  <member type="way" ref="46711173" role="outer"/>
  <member type="way" ref="138124309" role="outer"/>
  <member type="way" ref="137530271" role="outer"/>
  <member type="way" ref="193332454" role="outer"/>
  <member type="way" ref="551277666" role="outer"/>
  <member type="way" ref="193332479" role="outer"/>
  <member type="way" ref="551277654" role="outer"/>
  <member type="way" ref="551441957" role="outer"/>
  <member type="way" ref="551441969" role="outer"/>
  <member type="way" ref="551441931" role="outer"/>
  <member type="way" ref="46711168" role="outer"/>
  <member type="way" ref="1348748757" role="outer"/>
  <member type="way" ref="551441894" role="outer"/>
  <member type="way" ref="551277703" role="outer"/>
  <member type="way" ref="551441887" role="outer"/>
  <member type="way" ref="1307024433" role="outer"/>
  <member type="way" ref="1307024432" role="outer"/>
  <member type="way" ref="551473865" role="outer"/>
  <member type="way" ref="551277725" role="outer"/>
  <member type="way" ref="1348748758" role="outer"/>
  <member type="way" ref="551473826" role="outer"/>
  <member type="way" ref="551277761" role="outer"/>
  <member type="way" ref="46770002" role="outer"/>
  <member type="way" ref="551277770" role="outer"/>
  <member type="way" ref="1072754341" role="outer"/>
  <member type="way" ref="46770006" role="outer"/>
  <member type="way" ref="551277772" role="outer"/>
  <member type="way" ref="159357063" role="outer"/>
  <member type="way" ref="159357078" role="outer"/>
  <member type="way" ref="551277671" role="outer"/>
  <member type="way" ref="551277673" role="outer"/>
  <member type="way" ref="551277774" role="outer"/>
  <member type="way" ref="354319385" role="outer"/>
  <member type="way" ref="354641455" role="outer"/>
  <member type="way" ref="194571102" role="outer"/>
  <member type="way" ref="122928212" role="outer"/>
  <member type="way" ref="129651886" role="outer"/>
  <member type="way" ref="129651909" role="outer"/>
  <member type="way" ref="193420476" role="outer"/>
  <member type="way" ref="136714773" role="outer"/>
  <member type="way" ref="129651994" role="outer"/>
  <member type="way" ref="129651889" role="outer"/>
  <member type="way" ref="123322495" role="outer"/>
  <member type="way" ref="193420458" role="outer"/>
  <member type="way" ref="123322485" role="outer"/>
  <member type="way" ref="136714769" role="outer"/>
  <member type="way" ref="46770003" role="outer"/>
  <member type="node" ref="703197622" role="admin_centre"/>
  <member type="relation" ref="2604877" role="subarea"/>
  <member type="relation" ref="2619050" role="subarea"/>
  <member type="relation" ref="5273126" role="subarea"/>
  <member type="relation" ref="7880303" role="subarea"/>
  <member type="relation" ref="7880310" role="subarea"/>
  <member type="relation" ref="7880316" role="subarea"/>
  <member type="relation" ref="7880302" role="subarea"/>
  <member type="relation" ref="7880307" role="subarea"/>
  <member type="relation" ref="7880305" role="subarea"/>
  <member type="relation" ref="7880313" role="subarea"/>
  <member type="relation" ref="7880301" role="subarea"/>
  <member type="relation" ref="7880311" role="subarea"/>
  <member type="relation" ref="7880317" role="subarea"/>
  <member type="relation" ref="7880315" role="subarea"/>
  <member type="relation" ref="7880308" role="subarea"/>
  <member type="relation" ref="7880314" role="subarea"/>
  <member type="relation" ref="7880304" role="subarea"/>
  <member type="relation" ref="7880312" role="subarea"/>
  <member type="relation" ref="7880309" role="subarea"/>
  <member type="relation" ref="7880306" role="subarea"/>
  <tag k="admin_level" v="6"/>
  <tag k="boundary" v="administrative"/>
  <tag k="name" v="Верхнеуслонский район"/>
  <tag k="name:ba" v="Үрге Услан районы"/>
  <tag k="name:en" v="Verkhneuslonsky District"/>
  <tag k="name:ja" v="ヴェルフニー・ウスロン地区"/>
  <tag k="name:ru" v="Верхнеуслонский район"/>
  <tag k="name:tt" v="Югары Ослан районы"/>
  <tag k="official_status" v="ru:муниципальный район"/>
  <tag k="type" v="boundary"/>
  <tag k="wikidata" v="Q2220436"/>
  <tag k="wikipedia" v="ru:Верхнеуслонский район"/>
 </relation>
 <relation id="2619050" visible="true" version="15" changeset="158531846" timestamp="2024-10-30T09:20:38Z" user="NeoChapay" uid="96925">
  <member type="way" ref="354327343" role="outer"/>
  <member type="way" ref="354327338" role="outer"/>
  <member type="way" ref="194571102" role="outer"/>
  <member type="way" ref="122928212" role="outer"/>
  <member type="way" ref="129651886" role="outer"/>
  <member type="way" ref="129651909" role="outer"/>
  <member type="way" ref="193420476" role="outer"/>
  <member type="way" ref="193420473" role="outer"/>
  <member type="way" ref="193420460" role="outer"/>
  <member type="way" ref="193420477" role="outer"/>
  <member type="way" ref="193420461" role="outer"/>
  <member type="way" ref="193420470" role="outer"/>
  <member type="way" ref="194571100" role="outer"/>
  <member type="way" ref="551277785" role="outer"/>
  <member type="way" ref="194571101" role="outer"/>
  <member type="way" ref="354641458" role="outer"/>
  <member type="way" ref="354641454" role="outer"/>
  <member type="way" ref="354327335" role="outer"/>
  <member type="way" ref="354327336" role="outer"/>
  <member type="way" ref="354327337" role="outer"/>
  <member type="way" ref="354327339" role="outer"/>
  <member type="way" ref="354327340" role="outer"/>
  <member type="way" ref="484689883" role="outer"/>
  <member type="way" ref="362608058" role="outer"/>
  <member type="way" ref="362608060" role="outer"/>
  <member type="way" ref="362608065" role="outer"/>
  <member type="way" ref="1329322131" role="outer"/>
  <member type="way" ref="362608063" role="outer"/>
  <member type="way" ref="484672733" role="outer"/>
  <member type="way" ref="484703853" role="outer"/>
  <member type="way" ref="354327341" role="outer"/>
  <member type="way" ref="354327342" role="outer"/>
  <member type="node" ref="703197627" role="admin_centre"/>
  <tag k="admin_level" v="8"/>
  <tag k="boundary" v="administrative"/>
  <tag k="name" v="Введенско-Слободское сельское поселение"/>
  <tag k="official_status" v="ru:сельское поселение"/>
  <tag k="type" v="boundary"/>
  <tag k="wikidata" v="Q23896753"/>
  <tag k="wikipedia" v="ru:Введенско-Слободское сельское поселение"/>
 </relation>
 <relation id="4083956" visible="true" version="11" changeset="182991337" timestamp="2026-05-21T19:08:25Z" user="Ruslan Fatih" uid="12875574">
  <member type="way" ref="1484123090" role=""/>
  <member type="way" ref="55342594" role=""/>
  <member type="way" ref="362608057" role=""/>
  <member type="way" ref="362608059" role=""/>
  <member type="way" ref="362608064" role=""/>
  <member type="way" ref="1329322130" role=""/>
  <member type="way" ref="362608061" role=""/>
  <member type="way" ref="484672732" role=""/>
  <member type="way" ref="484703852" role=""/>
  <member type="way" ref="1518456320" role=""/>
  <member type="way" ref="1518456319" role=""/>
  <member type="way" ref="159791400" role=""/>
  <member type="way" ref="1030832952" role=""/>
  <tag k="distance" v="7.13 km"/>
  <tag k="name" v="М-7 «Волга» — Введенская Слобода"/>
  <tag k="network" v="ru:regional"/>
  <tag k="ref" v="16К-0662"/>
  <tag k="route" v="road"/>
  <tag k="type" v="route"/>
 </relation>
 <relation id="5273126" visible="true" version="14" changeset="158531846" timestamp="2024-10-30T09:20:38Z" user="NeoChapay" uid="96925">
  <member type="way" ref="354327336" role="outer"/>
  <member type="way" ref="354327335" role="outer"/>
  <member type="way" ref="354641454" role="outer"/>
  <member type="way" ref="354641456" role="outer"/>
  <member type="way" ref="354319386" role="outer"/>
  <member type="way" ref="354641455" role="outer"/>
  <member type="way" ref="354327338" role="outer"/>
  <member type="way" ref="354327343" role="outer"/>
  <member type="way" ref="354327342" role="outer"/>
  <member type="way" ref="354327341" role="outer"/>
  <member type="way" ref="354327340" role="outer"/>
  <member type="way" ref="484689883" role="outer"/>
  <member type="way" ref="362608058" role="outer"/>
  <member type="way" ref="362608060" role="outer"/>
  <member type="way" ref="362608065" role="outer"/>
  <member type="way" ref="1329322131" role="outer"/>
  <member type="way" ref="362608063" role="outer"/>
  <member type="way" ref="484672733" role="outer"/>
  <member type="way" ref="484703853" role="outer"/>
  <member type="way" ref="354327339" role="outer"/>
  <member type="way" ref="354327337" role="outer"/>
  <member type="node" ref="2294499518" role="admin_centre"/>
  <tag k="admin_level" v="8"/>
  <tag k="boundary" v="administrative"/>
  <tag k="name" v="городское поселение Иннополис"/>
  <tag k="official_name" v="городское поселение Город Иннополис"/>
  <tag k="official_status" v="ru:городское поселение"/>
  <tag k="type" v="boundary"/>
  <tag k="wikidata" v="Q23898733"/>
  <tag k="wikipedia" v="ru:Иннополис"/>
 </relation>
 <relation id="5293421" visible="true" version="23" changeset="173198754" timestamp="2025-10-12T20:29:49Z" user="Глеб" uid="346125">
  <member type="way" ref="354327333" role="outer"/>
  <member type="way" ref="354327340" role="outer"/>
  <member type="way" ref="484689883" role="outer"/>
  <member type="way" ref="362608058" role="outer"/>
  <member type="way" ref="362608060" role="outer"/>
  <member type="way" ref="362608065" role="outer"/>
  <member type="way" ref="1329322131" role="outer"/>
  <member type="way" ref="362608063" role="outer"/>
  <member type="way" ref="484672733" role="outer"/>
  <member type="way" ref="484703853" role="outer"/>
  <member type="way" ref="354327341" role="outer"/>
  <member type="way" ref="354327332" role="outer"/>
  <member type="way" ref="354327343" role="outer"/>
  <member type="way" ref="1320487729" role="outer"/>
  <member type="way" ref="354327334" role="outer"/>
  <member type="way" ref="354327335" role="outer"/>
  <member type="way" ref="354327336" role="outer"/>
  <member type="way" ref="354327337" role="outer"/>
  <tag k="addr:city" v="Иннополис"/>
  <tag k="contact:facebook" v="https://www.facebook.com/innopolis.ru"/>
  <tag k="contact:instagram" v="https://instagram.com/innopolis/"/>
  <tag k="contact:telegram" v="https://t.me/InnoHelpBot"/>
  <tag k="contact:twitter" v="https://twitter.com/InnopolisRUS"/>
  <tag k="contact:vk" v="https://vk.com/innopolis"/>
  <tag k="ele" v="100"/>
  <tag k="name" v="Иннополис"/>
  <tag k="name:en" v="Innopolis"/>
  <tag k="name:ru" v="Иннополис"/>
  <tag k="name:tt" v="Иннополис"/>
  <tag k="official_status" v="ru:город"/>
  <tag k="phone" v="+7 800 2222287"/>
  <tag k="place" v="town"/>
  <tag k="postal_code" v="420500"/>
  <tag k="type" v="multipolygon"/>
  <tag k="website" v="https://www.innopolis.ru/"/>
  <tag k="wheelchair" v="yes"/>
  <tag k="wikidata" v="Q4201239"/>
  <tag k="wikipedia" v="ru:Иннополис"/>
 </relation>
 <relation id="20726460" visible="true" version="1" changeset="182991337" timestamp="2026-05-21T19:08:25Z" user="Ruslan Fatih" uid="12875574">
  <member type="way" ref="1518456314" role="from"/>
  <member type="node" ref="13858747305" role="via"/>
  <member type="way" ref="1518456320" role="to"/>
  <tag k="restriction" v="no_left_turn"/>
  <tag k="type" v="restriction"/>
 </relation>
 <relation id="20726461" visible="true" version="1" changeset="182991337" timestamp="2026-05-21T19:08:25Z" user="Ruslan Fatih" uid="12875574">
  <member type="way" ref="1518456319" role="from"/>
  <member type="node" ref="13858747305" role="via"/>
  <member type="way" ref="1518456319" role="to"/>
  <tag k="restriction" v="no_u_turn"/>
  <tag k="type" v="restriction"/>
 </relation>
 <relation id="21135549" visible="true" version="1" changeset="186256316" timestamp="2026-07-23T20:12:00Z" user="Глеб" uid="346125">
  <member type="way" ref="1543335094" role="outer"/>
  <member type="way" ref="1543335093" role="inner"/>
  <member type="way" ref="1543335092" role="inner"/>
  <tag k="name" v="Савино"/>
  <tag k="place" v="hamlet"/>
  <tag k="postal_code" v="422595"/>
  <tag k="source:geometry" v="ЕГРН"/>
  <tag k="source:geometry:date" v="2025-02-21"/>
  <tag k="type" v="multipolygon"/>
 </relation>
</osm>
