<?xml version="1.0" encoding="UTF-8"?>
<osm version="0.6" generator="openstreetmap-cgimap 2.1.0 (244695 spike-07.openstreetmap.org)" copyright="OpenStreetMap and contributors" attribution="http://www.openstreetmap.org/copyright" license="http://opendatacommons.org/licenses/odbl/1-0/">
 <bounds minlat="55.8023882" minlon="49.1040025" maxlat="55.8050831" maxlon="49.1087975"/>
 <node id="163881530" visible="true" version="7" changeset="39814620" timestamp="2016-06-05T11:48:27Z" user="hlam-2008" uid="2564978" lat="55.8018840" lon="49.1027867"/>
 <node id="163881568" visible="true" version="6" changeset="29994440" timestamp="2015-04-05T15:30:11Z" user="hlam-2008" uid="2564978" lat="55.8023503" lon="49.1383568"/>
 <node id="163881569" visible="true" version="4" changeset="16765836" timestamp="2013-06-30T15:41:36Z" user="shafr" uid="261620" lat="55.8018951" lon="49.1354297"/>
 <node id="163881573" visible="true" version="4" changeset="16765836" timestamp="2013-06-30T15:41:37Z" user="shafr" uid="261620" lat="55.8022239" lon="49.1286434"/>
 <node id="163881575" visible="true" version="4" changeset="16765836" timestamp="2013-06-30T15:41:37Z" user="shafr" uid="261620" lat="55.8040085" lon="49.1255321"/>
 <node id="163896975" visible="true" version="8" changeset="114809655" timestamp="2021-12-11T08:35:56Z" user="acsd" uid="345493" lat="55.8057405" lon="49.1483186"/>
 <node id="163896976" visible="true" version="8" changeset="114809655" timestamp="2021-12-11T08:35:56Z" user="acsd" uid="345493" lat="55.8064165" lon="49.1457868"/>
 <node id="163896977" visible="true" version="7" changeset="151426190" timestamp="2024-05-16T20:18:43Z" user="Глеб" uid="346125" lat="55.8042309" lon="49.1433061"/>
 <node id="163896978" visible="true" version="6" changeset="31185808" timestamp="2015-05-15T19:46:26Z" user="shafr" uid="261620" lat="55.8038540" lon="49.1430151"/>
 <node id="163896979" visible="true" version="7" changeset="29994440" timestamp="2015-04-05T15:30:11Z" user="hlam-2008" uid="2564978" lat="55.8029928" lon="49.1416894"/>
 <node id="163896980" visible="true" version="7" changeset="31185808" timestamp="2015-05-15T19:46:26Z" user="shafr" uid="261620" lat="55.8027011" lon="49.1403952"/>
 <node id="163897033" visible="true" version="2" changeset="378971" timestamp="2007-12-21T10:45:47Z" user="AkMeR" uid="11049" lat="55.8127028" lon="49.1611809"/>
 <node id="163897034" visible="true" version="2" changeset="378971" timestamp="2007-12-21T10:45:48Z" user="AkMeR" uid="11049" lat="55.8120999" lon="49.1621422"/>
 <node id="163897035" visible="true" version="4" changeset="120969652" timestamp="2022-05-14T08:59:52Z" user="Tim Apelov" uid="10074340" lat="55.8116607" lon="49.1635064"/>
 <node id="163897036" visible="true" version="4" changeset="120969652" timestamp="2022-05-14T08:59:52Z" user="Tim Apelov" uid="10074340" lat="55.8128012" lon="49.1640954"/>
 <node id="163897037" visible="true" version="5" changeset="120969652" timestamp="2022-05-14T08:59:52Z" user="Tim Apelov" uid="10074340" lat="55.8132287" lon="49.1648839"/>
 <node id="163897038" visible="true" version="4" changeset="120969652" timestamp="2022-05-14T08:59:52Z" user="Tim Apelov" uid="10074340" lat="55.8114992" lon="49.1655374"/>
 <node id="163897040" visible="true" version="4" changeset="120969652" timestamp="2022-05-14T08:59:52Z" user="Tim Apelov" uid="10074340" lat="55.8109841" lon="49.1652473"/>
 <node id="163897041" visible="true" version="3" changeset="8450530" timestamp="2011-06-15T20:04:14Z" user="Art'y" uid="235335" lat="55.8106296" lon="49.1657219"/>
 <node id="163897043" visible="true" version="3" changeset="8450530" timestamp="2011-06-15T20:03:47Z" user="Art'y" uid="235335" lat="55.8088834" lon="49.1653393"/>
 <node id="163897044" visible="true" version="3" changeset="8450530" timestamp="2011-06-15T20:03:41Z" user="Art'y" uid="235335" lat="55.8067108" lon="49.1628200"/>
 <node id="163897045" visible="true" version="3" changeset="8450530" timestamp="2011-06-15T20:03:46Z" user="Art'y" uid="235335" lat="55.8064444" lon="49.1613408"/>
 <node id="163897046" visible="true" version="4" changeset="120969652" timestamp="2022-05-14T08:59:52Z" user="Tim Apelov" uid="10074340" lat="55.8054932" lon="49.1578140"/>
 <node id="163897047" visible="true" version="3" changeset="120969652" timestamp="2022-05-14T08:59:52Z" user="Tim Apelov" uid="10074340" lat="55.8054204" lon="49.1603422"/>
 <node id="163897048" visible="true" version="3" changeset="8450530" timestamp="2011-06-15T20:04:16Z" user="Art'y" uid="235335" lat="55.8041544" lon="49.1610304"/>
 <node id="163897049" visible="true" version="5" changeset="120969652" timestamp="2022-05-14T08:59:52Z" user="Tim Apelov" uid="10074340" lat="55.8042173" lon="49.1599979"/>
 <node id="163897050" visible="true" version="4" changeset="120969652" timestamp="2022-05-14T08:59:52Z" user="Tim Apelov" uid="10074340" lat="55.8039959" lon="49.1595698"/>
 <node id="163897051" visible="true" version="4" changeset="120969652" timestamp="2022-05-14T08:59:52Z" user="Tim Apelov" uid="10074340" lat="55.8032060" lon="49.1556109"/>
 <node id="163897052" visible="true" version="3" changeset="6764656" timestamp="2010-12-25T23:28:07Z" user="user_73184" uid="73184" lat="55.8042515" lon="49.1532131"/>
 <node id="163897053" visible="true" version="4" changeset="120969652" timestamp="2022-05-14T08:59:52Z" user="Tim Apelov" uid="10074340" lat="55.8052022" lon="49.1568748"/>
 <node id="296062573" visible="true" version="3" changeset="120969652" timestamp="2022-05-14T08:59:52Z" user="Tim Apelov" uid="10074340" lat="55.8129772" lon="49.1657769"/>
 <node id="296062575" visible="true" version="6" changeset="114809655" timestamp="2021-12-11T08:35:56Z" user="acsd" uid="345493" lat="55.8058127" lon="49.1478268"/>
 <node id="697207862" visible="true" version="5" changeset="6673589" timestamp="2010-12-16T04:27:26Z" user="AlRight" uid="177084" lat="55.8652459" lon="49.1828580"/>
 <node id="697207863" visible="true" version="4" changeset="6673589" timestamp="2010-12-16T04:27:19Z" user="AlRight" uid="177084" lat="55.8662724" lon="49.1829731"/>
 <node id="697207864" visible="true" version="4" changeset="6673589" timestamp="2010-12-16T04:26:48Z" user="AlRight" uid="177084" lat="55.8674283" lon="49.1829731"/>
 <node id="697207865" visible="true" version="4" changeset="6673589" timestamp="2010-12-16T04:27:27Z" user="AlRight" uid="177084" lat="55.8686805" lon="49.1822864"/>
 <node id="697207866" visible="true" version="5" changeset="6673589" timestamp="2010-12-16T04:27:02Z" user="AlRight" uid="177084" lat="55.8695473" lon="49.1807415"/>
 <node id="697207867" visible="true" version="5" changeset="14493178" timestamp="2013-01-01T22:32:58Z" user="Art'y" uid="235335" lat="55.8705629" lon="49.1792970"/>
 <node id="697207868" visible="true" version="4" changeset="6673589" timestamp="2010-12-16T04:27:41Z" user="AlRight" uid="177084" lat="55.8713773" lon="49.1795399"/>
 <node id="697207869" visible="true" version="6" changeset="130951730" timestamp="2023-01-06T15:11:11Z" user="Art'y" uid="235335" lat="55.8726847" lon="49.1813435"/>
 <node id="697207870" visible="true" version="6" changeset="130951730" timestamp="2023-01-06T15:11:11Z" user="Art'y" uid="235335" lat="55.8736839" lon="49.1828885"/>
 <node id="697207871" visible="true" version="5" changeset="6673589" timestamp="2010-12-16T04:27:17Z" user="AlRight" uid="177084" lat="55.8746951" lon="49.1846587"/>
 <node id="697207872" visible="true" version="5" changeset="6673589" timestamp="2010-12-16T04:27:29Z" user="AlRight" uid="177084" lat="55.8756340" lon="49.1856887"/>
 <node id="697207873" visible="true" version="6" changeset="130951730" timestamp="2023-01-06T15:11:11Z" user="Art'y" uid="235335" lat="55.8767113" lon="49.1860320"/>
 <node id="697207874" visible="true" version="5" changeset="130951730" timestamp="2023-01-06T15:11:11Z" user="Art'y" uid="235335" lat="55.8781787" lon="49.1850652"/>
 <node id="697207875" visible="true" version="5" changeset="6673589" timestamp="2010-12-16T04:26:32Z" user="AlRight" uid="177084" lat="55.8796784" lon="49.1841866"/>
 <node id="697207876" visible="true" version="5" changeset="6673589" timestamp="2010-12-16T04:27:15Z" user="AlRight" uid="177084" lat="55.8806413" lon="49.1847875"/>
 <node id="697207877" visible="true" version="5" changeset="6673589" timestamp="2010-12-16T04:27:04Z" user="AlRight" uid="177084" lat="55.8809061" lon="49.1862037"/>
 <node id="697207878" visible="true" version="5" changeset="6673589" timestamp="2010-12-16T04:26:52Z" user="AlRight" uid="177084" lat="55.8803524" lon="49.1876199"/>
 <node id="697207879" visible="true" version="5" changeset="6673589" timestamp="2010-12-16T04:27:11Z" user="AlRight" uid="177084" lat="55.8798951" lon="49.1883494"/>
 <node id="697207880" visible="true" version="4" changeset="6673589" timestamp="2010-12-16T04:27:17Z" user="AlRight" uid="177084" lat="55.8797554" lon="49.1894962"/>
 <node id="697207881" visible="true" version="4" changeset="6673589" timestamp="2010-12-16T04:27:01Z" user="AlRight" uid="177084" lat="55.8797554" lon="49.1908695"/>
 <node id="697207882" visible="true" version="4" changeset="6673589" timestamp="2010-12-16T04:27:35Z" user="AlRight" uid="177084" lat="55.8806220" lon="49.1917278"/>
 <node id="697207883" visible="true" version="5" changeset="11972177" timestamp="2012-06-21T19:37:40Z" user="Art'y" uid="235335" lat="55.8817082" lon="49.1916041"/>
 <node id="697207884" visible="true" version="5" changeset="6673589" timestamp="2010-12-16T04:26:52Z" user="AlRight" uid="177084" lat="55.8828077" lon="49.1911389"/>
 <node id="697207885" visible="true" version="4" changeset="6673589" timestamp="2010-12-16T04:27:00Z" user="AlRight" uid="177084" lat="55.8839920" lon="49.1900112"/>
 <node id="697207886" visible="true" version="5" changeset="6673589" timestamp="2010-12-16T04:27:39Z" user="AlRight" uid="177084" lat="55.8852147" lon="49.1892507"/>
 <node id="697207887" visible="true" version="5" changeset="6673589" timestamp="2010-12-16T04:27:23Z" user="AlRight" uid="177084" lat="55.8867792" lon="49.1893794"/>
 <node id="697207888" visible="true" version="5" changeset="6673589" timestamp="2010-12-16T04:26:47Z" user="AlRight" uid="177084" lat="55.8885602" lon="49.1905381"/>
 <node id="697207889" visible="true" version="5" changeset="6673589" timestamp="2010-12-16T04:26:25Z" user="AlRight" uid="177084" lat="55.8895229" lon="49.1907956"/>
 <node id="697207890" visible="true" version="5" changeset="6673589" timestamp="2010-12-16T04:26:42Z" user="AlRight" uid="177084" lat="55.8902930" lon="49.1905381"/>
 <node id="697207891" visible="true" version="4" changeset="6673589" timestamp="2010-12-16T04:27:06Z" user="AlRight" uid="177084" lat="55.8907310" lon="49.1894962"/>
 <node id="697207892" visible="true" version="4" changeset="6673589" timestamp="2010-12-16T04:27:29Z" user="AlRight" uid="177084" lat="55.8905385" lon="49.1876079"/>
 <node id="697207893" visible="true" version="4" changeset="6673589" timestamp="2010-12-16T04:27:04Z" user="AlRight" uid="177084" lat="55.8898646" lon="49.1858913"/>
 <node id="697207894" visible="true" version="4" changeset="6673589" timestamp="2010-12-16T04:26:24Z" user="AlRight" uid="177084" lat="55.8892870" lon="49.1850330"/>
 <node id="697207895" visible="true" version="5" changeset="89241694" timestamp="2020-08-11T09:30:32Z" user="Ometepe" uid="10019169" lat="55.8886612" lon="49.1841265"/>
 <node id="697207896" visible="true" version="4" changeset="6673589" timestamp="2010-12-16T04:27:18Z" user="AlRight" uid="177084" lat="55.8876504" lon="49.1829731"/>
 <node id="697207897" visible="true" version="4" changeset="6673589" timestamp="2010-12-16T04:26:30Z" user="AlRight" uid="177084" lat="55.8872654" lon="49.1819431"/>
 <node id="697207898" visible="true" version="4" changeset="6673589" timestamp="2010-12-16T04:26:40Z" user="AlRight" uid="177084" lat="55.8869765" lon="49.1802265"/>
 <node id="697207899" visible="true" version="4" changeset="6673589" timestamp="2010-12-16T04:26:47Z" user="AlRight" uid="177084" lat="55.8869765" lon="49.1786816"/>
 <node id="697207900" visible="true" version="5" changeset="6673589" timestamp="2010-12-16T04:26:32Z" user="AlRight" uid="177084" lat="55.8874050" lon="49.1775348"/>
 <node id="697207901" visible="true" version="5" changeset="6673589" timestamp="2010-12-16T04:27:03Z" user="AlRight" uid="177084" lat="55.8883917" lon="49.1765477"/>
 <node id="697207902" visible="true" version="4" changeset="6673589" timestamp="2010-12-16T04:26:28Z" user="AlRight" uid="177084" lat="55.8893833" lon="49.1762783"/>
 <node id="697207903" visible="true" version="4" changeset="6673589" timestamp="2010-12-16T04:27:28Z" user="AlRight" uid="177084" lat="55.8895758" lon="49.1752483"/>
 <node id="697207904" visible="true" version="4" changeset="6673589" timestamp="2010-12-16T04:27:16Z" user="AlRight" uid="177084" lat="55.8897684" lon="49.1737034"/>
 <node id="697207905" visible="true" version="4" changeset="6673589" timestamp="2010-12-16T04:26:57Z" user="AlRight" uid="177084" lat="55.8894796" lon="49.1725017"/>
 <node id="697207906" visible="true" version="4" changeset="6673589" timestamp="2010-12-16T04:27:27Z" user="AlRight" uid="177084" lat="55.8889020" lon="49.1713001"/>
 <node id="697207907" visible="true" version="4" changeset="6673589" timestamp="2010-12-16T04:26:50Z" user="AlRight" uid="177084" lat="55.8879393" lon="49.1707851"/>
 <node id="697207908" visible="true" version="5" changeset="14493178" timestamp="2013-01-01T22:32:58Z" user="Art'y" uid="235335" lat="55.8874228" lon="49.1710047"/>
 <node id="697207909" visible="true" version="5" changeset="14493178" timestamp="2013-01-01T22:32:58Z" user="Art'y" uid="235335" lat="55.8863129" lon="49.1707644"/>
 <node id="697207910" visible="true" version="4" changeset="6673589" timestamp="2010-12-16T04:27:01Z" user="AlRight" uid="177084" lat="55.8855324" lon="49.1694118"/>
 <node id="697207911" visible="true" version="4" changeset="6673589" timestamp="2010-12-16T04:26:57Z" user="AlRight" uid="177084" lat="55.8851473" lon="49.1682102"/>
 <node id="697207912" visible="true" version="4" changeset="6673589" timestamp="2010-12-16T04:27:07Z" user="AlRight" uid="177084" lat="55.8851473" lon="49.1668369"/>
 <node id="697207913" visible="true" version="5" changeset="14493178" timestamp="2013-01-01T22:32:58Z" user="Art'y" uid="235335" lat="55.8853827" lon="49.1651186"/>
 <node id="697207914" visible="true" version="5" changeset="89241694" timestamp="2020-08-11T09:30:32Z" user="Ometepe" uid="10019169" lat="55.8862034" lon="49.1637269"/>
 <node id="697207915" visible="true" version="4" changeset="6673589" timestamp="2010-12-16T04:27:40Z" user="AlRight" uid="177084" lat="55.8871691" lon="49.1625454"/>
 <node id="697207916" visible="true" version="4" changeset="6673589" timestamp="2010-12-16T04:26:55Z" user="AlRight" uid="177084" lat="55.8884206" lon="49.1622021"/>
 <node id="697207917" visible="true" version="4" changeset="6673589" timestamp="2010-12-16T04:27:39Z" user="AlRight" uid="177084" lat="55.8895758" lon="49.1627170"/>
 <node id="697207918" visible="true" version="4" changeset="6673589" timestamp="2010-12-16T04:26:28Z" user="AlRight" uid="177084" lat="55.8902497" lon="49.1640903"/>
 <node id="697207919" visible="true" version="5" changeset="6673589" timestamp="2010-12-16T04:26:37Z" user="AlRight" uid="177084" lat="55.8906473" lon="49.1655769"/>
 <node id="697207920" visible="true" version="4" changeset="6673589" timestamp="2010-12-16T04:27:39Z" user="AlRight" uid="177084" lat="55.8910198" lon="49.1671802"/>
 <node id="697207921" visible="true" version="4" changeset="6673589" timestamp="2010-12-16T04:26:53Z" user="AlRight" uid="177084" lat="55.8918861" lon="49.1676952"/>
 <node id="697207922" visible="true" version="4" changeset="6673589" timestamp="2010-12-16T04:27:15Z" user="AlRight" uid="177084" lat="55.8924637" lon="49.1673519"/>
 <node id="697207923" visible="true" version="5" changeset="6673589" timestamp="2010-12-16T04:26:28Z" user="AlRight" uid="177084" lat="55.8932583" lon="49.1667142"/>
 <node id="697207924" visible="true" version="5" changeset="6673589" timestamp="2010-12-16T04:27:25Z" user="AlRight" uid="177084" lat="55.8934629" lon="49.1652980"/>
 <node id="697207925" visible="true" version="4" changeset="6673589" timestamp="2010-12-16T04:26:51Z" user="AlRight" uid="177084" lat="55.8930412" lon="49.1639187"/>
 <node id="697207926" visible="true" version="4" changeset="6673589" timestamp="2010-12-16T04:27:16Z" user="AlRight" uid="177084" lat="55.8925600" lon="49.1630604"/>
 <node id="697207927" visible="true" version="4" changeset="6673589" timestamp="2010-12-16T04:27:34Z" user="AlRight" uid="177084" lat="55.8920787" lon="49.1622021"/>
 <node id="697207928" visible="true" version="5" changeset="14493178" timestamp="2013-01-01T22:32:58Z" user="Art'y" uid="235335" lat="55.8916394" lon="49.1610215"/>
 <node id="697207929" visible="true" version="4" changeset="6673589" timestamp="2010-12-16T04:27:40Z" user="AlRight" uid="177084" lat="55.8916936" lon="49.1589405"/>
 <node id="697207930" visible="true" version="5" changeset="14493178" timestamp="2013-01-01T22:32:59Z" user="Art'y" uid="235335" lat="55.8923796" lon="49.1578257"/>
 <node id="697207931" visible="true" version="5" changeset="14493178" timestamp="2013-01-01T22:32:59Z" user="Art'y" uid="235335" lat="55.8936675" lon="49.1569869"/>
 <node id="697207933" visible="true" version="5" changeset="14493178" timestamp="2013-01-01T22:32:59Z" user="Art'y" uid="235335" lat="55.8972558" lon="49.1560999"/>
 <node id="697207935" visible="true" version="6" changeset="14493178" timestamp="2013-01-01T22:32:59Z" user="Art'y" uid="235335" lat="55.8986339" lon="49.1557443"/>
 <node id="697207936" visible="true" version="5" changeset="6673589" timestamp="2010-12-16T04:27:41Z" user="AlRight" uid="177084" lat="55.8995025" lon="49.1560282"/>
 <node id="697207937" visible="true" version="5" changeset="6673589" timestamp="2010-12-16T04:26:30Z" user="AlRight" uid="177084" lat="55.9009581" lon="49.1571655"/>
 <node id="697207938" visible="true" version="5" changeset="6673589" timestamp="2010-12-16T04:27:23Z" user="AlRight" uid="177084" lat="55.9022814" lon="49.1581955"/>
 <node id="697207939" visible="true" version="5" changeset="6673589" timestamp="2010-12-16T04:27:10Z" user="AlRight" uid="177084" lat="55.9034242" lon="49.1590967"/>
 <node id="697207940" visible="true" version="5" changeset="6673589" timestamp="2010-12-16T04:26:54Z" user="AlRight" uid="177084" lat="55.9045669" lon="49.1598262"/>
 <node id="697207941" visible="true" version="5" changeset="6673589" timestamp="2010-12-16T04:27:01Z" user="AlRight" uid="177084" lat="55.9050841" lon="49.1607060"/>
 <node id="697207942" visible="true" version="5" changeset="6673589" timestamp="2010-12-16T04:27:25Z" user="AlRight" uid="177084" lat="55.9058660" lon="49.1620149"/>
 <node id="697207943" visible="true" version="4" changeset="6673589" timestamp="2010-12-16T04:26:30Z" user="AlRight" uid="177084" lat="55.9066112" lon="49.1618587"/>
 <node id="697207944" visible="true" version="4" changeset="6673589" timestamp="2010-12-16T04:27:38Z" user="AlRight" uid="177084" lat="55.9071885" lon="49.1610004"/>
 <node id="697207945" visible="true" version="5" changeset="6673589" timestamp="2010-12-16T04:26:47Z" user="AlRight" uid="177084" lat="55.9078506" lon="49.1599121"/>
 <node id="697207946" visible="true" version="5" changeset="6673589" timestamp="2010-12-16T04:27:14Z" user="AlRight" uid="177084" lat="55.9086444" lon="49.1597404"/>
 <node id="697207947" visible="true" version="5" changeset="6673589" timestamp="2010-12-16T04:27:16Z" user="AlRight" uid="177084" lat="55.9095103" lon="49.1605343"/>
 <node id="697207951" visible="true" version="6" changeset="187637744" timestamp="2026-08-18T12:50:09Z" user="pfg21" uid="717210" lat="55.9132927" lon="49.1668537"/>
 <node id="697207954" visible="true" version="5" changeset="6673589" timestamp="2010-12-16T04:27:11Z" user="AlRight" uid="177084" lat="55.9156557" lon="49.1730227"/>
 <node id="697207955" visible="true" version="6" changeset="187238017" timestamp="2026-08-10T15:09:22Z" user="pfg21" uid="717210" lat="55.9162509" lon="49.1748841"/>
 <node id="697207958" visible="true" version="4" changeset="6673589" timestamp="2010-12-16T04:26:44Z" user="AlRight" uid="177084" lat="55.9162324" lon="49.1800548"/>
 <node id="697207961" visible="true" version="7" changeset="187637744" timestamp="2026-08-18T12:50:09Z" user="pfg21" uid="717210" lat="55.9150186" lon="49.1829013"/>
 <node id="697207963" visible="true" version="6" changeset="187637744" timestamp="2026-08-18T12:50:09Z" user="pfg21" uid="717210" lat="55.9141825" lon="49.1809084"/>
 <node id="697207966" visible="true" version="5" changeset="6673589" timestamp="2010-12-16T04:27:08Z" user="AlRight" uid="177084" lat="55.9122404" lon="49.1845240"/>
 <node id="697207967" visible="true" version="5" changeset="6673589" timestamp="2010-12-16T04:26:43Z" user="AlRight" uid="177084" lat="55.9115910" lon="49.1852321"/>
 <node id="697207970" visible="true" version="6" changeset="187637744" timestamp="2026-08-18T12:50:09Z" user="pfg21" uid="717210" lat="55.9108393" lon="49.1847923"/>
 <node id="697207971" visible="true" version="6" changeset="187637744" timestamp="2026-08-18T12:50:09Z" user="pfg21" uid="717210" lat="55.9100335" lon="49.1821422"/>
 <node id="697207973" visible="true" version="5" changeset="187637744" timestamp="2026-08-18T12:50:09Z" user="pfg21" uid="717210" lat="55.9085176" lon="49.1818788"/>
 <node id="697207974" visible="true" version="4" changeset="6673589" timestamp="2010-12-16T04:27:00Z" user="AlRight" uid="177084" lat="55.9077658" lon="49.1826298"/>
 <node id="697207975" visible="true" version="5" changeset="6673589" timestamp="2010-12-16T04:26:54Z" user="AlRight" uid="177084" lat="55.9070567" lon="49.1833653"/>
 <node id="697207976" visible="true" version="5" changeset="6673589" timestamp="2010-12-16T04:26:43Z" user="AlRight" uid="177084" lat="55.9065395" lon="49.1842022"/>
 <node id="697207977" visible="true" version="5" changeset="6673589" timestamp="2010-12-16T04:26:53Z" user="AlRight" uid="177084" lat="55.9064193" lon="49.1850605"/>
 <node id="697207978" visible="true" version="5" changeset="6673589" timestamp="2010-12-16T04:26:33Z" user="AlRight" uid="177084" lat="55.9068402" lon="49.1863908"/>
 <node id="697207979" visible="true" version="5" changeset="6673589" timestamp="2010-12-16T04:26:48Z" user="AlRight" uid="177084" lat="55.9074897" lon="49.1871419"/>
 <node id="697207981" visible="true" version="5" changeset="6673589" timestamp="2010-12-16T04:26:53Z" user="AlRight" uid="177084" lat="55.9080550" lon="49.1912617"/>
 <node id="697207983" visible="true" version="5" changeset="187673430" timestamp="2026-08-19T07:05:41Z" user="pfg21" uid="717210" lat="55.9087641" lon="49.1938307"/>
 <node id="697207985" visible="true" version="6" changeset="92379723" timestamp="2020-10-13T00:44:14Z" user="misha yakin" uid="384109" lat="55.9103492" lon="49.1962184"/>
 <node id="697207987" visible="true" version="6" changeset="92379723" timestamp="2020-10-13T00:44:14Z" user="misha yakin" uid="384109" lat="55.9097208" lon="49.1991850"/>
 <node id="697207988" visible="true" version="5" changeset="92379723" timestamp="2020-10-13T00:44:14Z" user="misha yakin" uid="384109" lat="55.9095339" lon="49.2007401"/>
 <node id="697207991" visible="true" version="7" changeset="92379723" timestamp="2020-10-13T00:44:14Z" user="misha yakin" uid="384109" lat="55.9086019" lon="49.2039924"/>
 <node id="697207994" visible="true" version="5" changeset="92379723" timestamp="2020-10-13T00:44:14Z" user="misha yakin" uid="384109" lat="55.9059255" lon="49.2058309"/>
 <node id="697207996" visible="true" version="5" changeset="92379723" timestamp="2020-10-13T00:44:14Z" user="misha yakin" uid="384109" lat="55.9064398" lon="49.2086901"/>
 <node id="697207998" visible="true" version="4" changeset="6673589" timestamp="2010-12-16T04:27:06Z" user="AlRight" uid="177084" lat="55.9081507" lon="49.2094089"/>
 <node id="697208000" visible="true" version="6" changeset="92379723" timestamp="2020-10-13T00:44:14Z" user="misha yakin" uid="384109" lat="55.9097685" lon="49.2086595"/>
 <node id="697208001" visible="true" version="7" changeset="92379723" timestamp="2020-10-13T00:44:14Z" user="misha yakin" uid="384109" lat="55.9110825" lon="49.2091906"/>
 <node id="697208002" visible="true" version="6" changeset="92379723" timestamp="2020-10-13T00:44:14Z" user="misha yakin" uid="384109" lat="55.9113233" lon="49.2096885"/>
 <node id="697208003" visible="true" version="5" changeset="6673589" timestamp="2010-12-16T04:27:06Z" user="AlRight" uid="177084" lat="55.9120600" lon="49.2117109"/>
 <node id="697208004" visible="true" version="7" changeset="92379723" timestamp="2020-10-13T00:44:14Z" user="misha yakin" uid="384109" lat="55.9133750" lon="49.2128974"/>
 <node id="697208005" visible="true" version="5" changeset="6713895" timestamp="2010-12-20T09:15:33Z" user="shafr" uid="261620" lat="55.9142153" lon="49.2148393"/>
 <node id="697208006" visible="true" version="6" changeset="92379723" timestamp="2020-10-13T00:44:14Z" user="misha yakin" uid="384109" lat="55.9142077" lon="49.2159632"/>
 <node id="697208007" visible="true" version="6" changeset="92379723" timestamp="2020-10-13T00:44:14Z" user="misha yakin" uid="384109" lat="55.9139327" lon="49.2166525"/>
 <node id="697208008" visible="true" version="5" changeset="6713895" timestamp="2010-12-20T09:15:33Z" user="shafr" uid="261620" lat="55.9132472" lon="49.2184549"/>
 <node id="697208009" visible="true" version="6" changeset="92379723" timestamp="2020-10-13T00:44:14Z" user="misha yakin" uid="384109" lat="55.9133239" lon="49.2200562"/>
 <node id="697208010" visible="true" version="5" changeset="6713895" timestamp="2010-12-20T09:15:33Z" user="shafr" uid="261620" lat="55.9134336" lon="49.2209118"/>
 <node id="697208011" visible="true" version="5" changeset="6713895" timestamp="2010-12-20T09:15:34Z" user="shafr" uid="261620" lat="55.9135659" lon="49.2225748"/>
 <node id="697208012" visible="true" version="5" changeset="6713895" timestamp="2010-12-20T09:15:34Z" user="shafr" uid="261620" lat="55.9128684" lon="49.2241412"/>
 <node id="697208013" visible="true" version="4" changeset="6673589" timestamp="2010-12-16T04:26:49Z" user="AlRight" uid="177084" lat="55.9123842" lon="49.2260601"/>
 <node id="697208014" visible="true" version="5" changeset="6713895" timestamp="2010-12-20T09:15:34Z" user="shafr" uid="261620" lat="55.9126459" lon="49.2273921"/>
 <node id="730759120" visible="true" version="4" changeset="6673589" timestamp="2010-12-16T04:26:37Z" user="AlRight" uid="177084" lat="55.8878382" lon="49.1767623"/>
 <node id="748849714" visible="true" version="5" changeset="14493178" timestamp="2013-01-01T22:33:02Z" user="Art'y" uid="235335" lat="55.8927688" lon="49.1575275"/>
 <node id="748849715" visible="true" version="6" changeset="14493178" timestamp="2013-01-01T22:33:02Z" user="Art'y" uid="235335" lat="55.8942300" lon="49.1568699"/>
 <node id="748850896" visible="true" version="5" changeset="187637744" timestamp="2026-08-18T12:50:09Z" user="pfg21" uid="717210" lat="55.9139962" lon="49.1696753"/>
 <node id="748850905" visible="true" version="4" changeset="6673589" timestamp="2010-12-16T04:27:21Z" user="AlRight" uid="177084" lat="55.9136474" lon="49.1810908"/>
 <node id="748850907" visible="true" version="5" changeset="187673430" timestamp="2026-08-19T07:05:41Z" user="pfg21" uid="717210" lat="55.9080460" lon="49.1883113"/>
 <node id="748850909" visible="true" version="5" changeset="92379723" timestamp="2020-10-13T00:44:14Z" user="misha yakin" uid="384109" lat="55.9103371" lon="49.1973182"/>
 <node id="772075030" visible="true" version="5" changeset="130951730" timestamp="2023-01-06T15:11:12Z" user="Art'y" uid="235335" lat="55.8863085" lon="49.1892762"/>
 <node id="861029222" visible="true" version="1" changeset="5497829" timestamp="2010-08-15T10:08:06Z" user="Art'y" uid="235335" lat="55.8461582" lon="49.1631413"/>
 <node id="861029307" visible="true" version="2" changeset="11410349" timestamp="2012-04-24T23:36:34Z" user="misha yakin" uid="384109" lat="55.8512806" lon="49.1595244"/>
 <node id="861029446" visible="true" version="2" changeset="16859316" timestamp="2013-07-07T10:35:40Z" user="acsd" uid="345493" lat="55.8059583" lon="49.1563122"/>
 <node id="861029481" visible="true" version="1" changeset="5497829" timestamp="2010-08-15T10:08:12Z" user="Art'y" uid="235335" lat="55.8436535" lon="49.1621331"/>
 <node id="861029744" visible="true" version="1" changeset="5497829" timestamp="2010-08-15T10:08:19Z" user="Art'y" uid="235335" lat="55.8269275" lon="49.1717731"/>
 <node id="861029931" visible="true" version="2" changeset="16859316" timestamp="2013-07-07T10:35:40Z" user="acsd" uid="345493" lat="55.8068765" lon="49.1446994"/>
 <node id="861029944" visible="true" version="1" changeset="5497829" timestamp="2010-08-15T10:08:25Z" user="Art'y" uid="235335" lat="55.8225922" lon="49.1687076"/>
 <node id="861029993" visible="true" version="1" changeset="5497829" timestamp="2010-08-15T10:08:27Z" user="Art'y" uid="235335" lat="55.8568540" lon="49.1676868"/>
 <node id="861029997" visible="true" version="6" changeset="14493178" timestamp="2013-01-01T22:33:09Z" user="Art'y" uid="235335" lat="55.8948044" lon="49.1567092"/>
 <node id="861030072" visible="true" version="2" changeset="16859316" timestamp="2013-07-07T10:35:40Z" user="acsd" uid="345493" lat="55.8131229" lon="49.1601669"/>
 <node id="861030085" visible="true" version="1" changeset="5497829" timestamp="2010-08-15T10:08:30Z" user="Art'y" uid="235335" lat="55.8498831" lon="49.1612282"/>
 <node id="861030124" visible="true" version="2" changeset="5504010" timestamp="2010-08-15T20:25:14Z" user="Art'y" uid="235335" lat="55.8237202" lon="49.1676018"/>
 <node id="861030162" visible="true" version="1" changeset="5497829" timestamp="2010-08-15T10:08:32Z" user="Art'y" uid="235335" lat="55.8530478" lon="49.1599777"/>
 <node id="861030245" visible="true" version="2" changeset="16859316" timestamp="2013-07-07T10:35:40Z" user="acsd" uid="345493" lat="55.8076996" lon="49.1626315"/>
 <node id="861030262" visible="true" version="1" changeset="5497829" timestamp="2010-08-15T10:08:35Z" user="Art'y" uid="235335" lat="55.8396661" lon="49.1707285"/>
 <node id="861030344" visible="true" version="1" changeset="5497829" timestamp="2010-08-15T10:08:37Z" user="Art'y" uid="235335" lat="55.8538227" lon="49.1637084"/>
 <node id="861030421" visible="true" version="2" changeset="16859316" timestamp="2013-07-07T10:35:40Z" user="acsd" uid="345493" lat="55.8104341" lon="49.1643439"/>
 <node id="861030426" visible="true" version="1" changeset="5497829" timestamp="2010-08-15T10:08:40Z" user="Art'y" uid="235335" lat="55.8280381" lon="49.1746457"/>
 <node id="861030593" visible="true" version="2" changeset="16859316" timestamp="2013-07-07T10:35:40Z" user="acsd" uid="345493" lat="55.8059156" lon="49.1517813"/>
 <node id="861030607" visible="true" version="1" changeset="5497829" timestamp="2010-08-15T10:08:45Z" user="Art'y" uid="235335" lat="55.8340097" lon="49.1710269"/>
 <node id="861030644" visible="true" version="1" changeset="5497829" timestamp="2010-08-15T10:08:46Z" user="Art'y" uid="235335" lat="55.8580645" lon="49.1704848"/>
 <node id="861030734" visible="true" version="1" changeset="5497829" timestamp="2010-08-15T10:08:49Z" user="Art'y" uid="235335" lat="55.8146940" lon="49.1618694"/>
 <node id="861030748" visible="true" version="1" changeset="5497829" timestamp="2010-08-15T10:08:49Z" user="Art'y" uid="235335" lat="55.8471174" lon="49.1635275"/>
 <node id="861030785" visible="true" version="1" changeset="5497829" timestamp="2010-08-15T10:08:51Z" user="Art'y" uid="235335" lat="55.8258755" lon="49.1694335"/>
 <node id="861030814" visible="true" version="1" changeset="5497829" timestamp="2010-08-15T10:08:51Z" user="Art'y" uid="235335" lat="55.8593836" lon="49.1766055"/>
 <node id="861030937" visible="true" version="2" changeset="16859316" timestamp="2013-07-07T10:35:40Z" user="acsd" uid="345493" lat="55.8167025" lon="49.1652987"/>
 <node id="861030956" visible="true" version="1" changeset="5497829" timestamp="2010-08-15T10:08:54Z" user="Art'y" uid="235335" lat="55.8412405" lon="49.1671185"/>
 <node id="861031105" visible="true" version="1" changeset="5497829" timestamp="2010-08-15T10:08:57Z" user="Art'y" uid="235335" lat="55.8547650" lon="49.1660587"/>
 <node id="861031243" visible="true" version="2" changeset="16859316" timestamp="2013-07-07T10:35:40Z" user="acsd" uid="345493" lat="55.8113552" lon="49.1626123"/>
 <node id="861031252" visible="true" version="1" changeset="5497829" timestamp="2010-08-15T10:09:00Z" user="Art'y" uid="235335" lat="55.8420770" lon="49.1638522"/>
 <node id="861031479" visible="true" version="1" changeset="5497829" timestamp="2010-08-15T10:09:06Z" user="Art'y" uid="235335" lat="55.8381159" lon="49.1733400"/>
 <node id="861031622" visible="true" version="1" changeset="5497829" timestamp="2010-08-15T10:09:10Z" user="Art'y" uid="235335" lat="55.8481468" lon="49.1639668"/>
 <node id="861031644" visible="true" version="1" changeset="5497829" timestamp="2010-08-15T10:09:11Z" user="Art'y" uid="235335" lat="55.8206392" lon="49.1691279"/>
 <node id="861031684" visible="true" version="1" changeset="5497829" timestamp="2010-08-15T10:09:12Z" user="Art'y" uid="235335" lat="55.8623655" lon="49.1798966"/>
 <node id="861031779" visible="true" version="2" changeset="5504010" timestamp="2010-08-15T20:24:45Z" user="Art'y" uid="235335" lat="55.8191859" lon="49.1679340"/>
 <node id="861031797" visible="true" version="1" changeset="5497829" timestamp="2010-08-15T10:09:16Z" user="Art'y" uid="235335" lat="55.8488510" lon="49.1631861"/>
 <node id="880730226" visible="true" version="2" changeset="8908320" timestamp="2011-08-03T09:30:14Z" user="ikz" uid="174420" lat="55.9131705" lon="49.2281416"/>
 <node id="886182606" visible="true" version="2" changeset="16859316" timestamp="2013-07-07T10:35:40Z" user="acsd" uid="345493" lat="55.8056998" lon="49.1422267"/>
 <node id="886182607" visible="true" version="1" changeset="5626478" timestamp="2010-08-29T14:35:27Z" user="Art'y" uid="235335" lat="55.8047623" lon="49.1382673"/>
 <node id="886182608" visible="true" version="1" changeset="5626478" timestamp="2010-08-29T14:35:27Z" user="Art'y" uid="235335" lat="55.8054377" lon="49.1295125"/>
 <node id="886182609" visible="true" version="1" changeset="5626478" timestamp="2010-08-29T14:35:27Z" user="Art'y" uid="235335" lat="55.8066436" lon="49.1192987"/>
 <node id="886182610" visible="true" version="1" changeset="5626478" timestamp="2010-08-29T14:35:27Z" user="Art'y" uid="235335" lat="55.8063542" lon="49.1100290"/>
 <node id="886182611" visible="true" version="1" changeset="5626478" timestamp="2010-08-29T14:35:27Z" user="Art'y" uid="235335" lat="55.8027363" lon="49.1046216"/>
 <node id="886182615" visible="true" version="4" changeset="28367575" timestamp="2015-01-24T09:11:49Z" user="hlam-2008" uid="2564978" lat="55.8005873" lon="49.0961965"/>
 <node id="936329143" visible="true" version="2" changeset="6764656" timestamp="2010-12-25T23:28:08Z" user="user_73184" uid="73184" lat="55.8056538" lon="49.1493430"/>
 <node id="936329155" visible="true" version="5" changeset="114809655" timestamp="2021-12-11T08:35:56Z" user="acsd" uid="345493" lat="55.8059489" lon="49.1472993"/>
 <node id="989892683" visible="true" version="3" changeset="32010711" timestamp="2015-06-16T16:55:24Z" user="hlam-2008" uid="2564978" lat="55.9155987" lon="49.1826892"/>
 <node id="1051173092" visible="true" version="2" changeset="92379723" timestamp="2020-10-13T00:44:14Z" user="misha yakin" uid="384109" lat="55.9104300" lon="49.2086058"/>
 <node id="1051173100" visible="true" version="2" changeset="92379723" timestamp="2020-10-13T00:44:14Z" user="misha yakin" uid="384109" lat="55.9137478" lon="49.2136002"/>
 <node id="1051173105" visible="true" version="2" changeset="92379723" timestamp="2020-10-13T00:44:14Z" user="misha yakin" uid="384109" lat="55.9134771" lon="49.2172399"/>
 <node id="1051173110" visible="true" version="1" changeset="6713895" timestamp="2010-12-20T09:15:34Z" user="shafr" uid="261620" lat="55.9134937" lon="49.2232829"/>
 <node id="1051173114" visible="true" version="1" changeset="6713895" timestamp="2010-12-20T09:15:34Z" user="shafr" uid="261620" lat="55.9124054" lon="49.2252034"/>
 <node id="1064711023" visible="true" version="2" changeset="120969652" timestamp="2022-05-14T08:59:52Z" user="Tim Apelov" uid="10074340" lat="55.8030142" lon="49.1566332"/>
 <node id="1064711043" visible="true" version="4" changeset="183999508" timestamp="2026-06-12T05:41:28Z" user="Airiver" uid="13901111" lat="55.8051073" lon="49.1519175"/>
 <node id="1064711069" visible="true" version="2" changeset="120969652" timestamp="2022-05-14T08:59:52Z" user="Tim Apelov" uid="10074340" lat="55.8032495" lon="49.1588195"/>
 <node id="1064711107" visible="true" version="1" changeset="6764656" timestamp="2010-12-25T23:27:18Z" user="user_73184" uid="73184" lat="55.8030057" lon="49.1570346"/>
 <node id="1064711123" visible="true" version="3" changeset="114809655" timestamp="2021-12-11T08:35:56Z" user="acsd" uid="345493" lat="55.8056349" lon="49.1491532"/>
 <node id="1064711151" visible="true" version="1" changeset="6764656" timestamp="2010-12-25T23:27:19Z" user="user_73184" uid="73184" lat="55.8031937" lon="49.1579192"/>
 <node id="1064711170" visible="true" version="2" changeset="16765836" timestamp="2013-06-30T15:41:37Z" user="shafr" uid="261620" lat="55.8019408" lon="49.1339974"/>
 <node id="1064711190" visible="true" version="2" changeset="183999508" timestamp="2026-06-12T05:41:28Z" user="Airiver" uid="13901111" lat="55.8049984" lon="49.1525080"/>
 <node id="1064711203" visible="true" version="1" changeset="6764656" timestamp="2010-12-25T23:27:20Z" user="user_73184" uid="73184" lat="55.8030799" lon="49.1569862"/>
 <node id="1064711217" visible="true" version="3" changeset="114809655" timestamp="2021-12-11T08:35:56Z" user="acsd" uid="345493" lat="55.8056399" lon="49.1489020"/>
 <node id="1064711228" visible="true" version="4" changeset="31185808" timestamp="2015-05-15T19:46:26Z" user="shafr" uid="261620" lat="55.8031131" lon="49.1419862"/>
 <node id="1064711233" visible="true" version="1" changeset="6764656" timestamp="2010-12-25T23:27:21Z" user="user_73184" uid="73184" lat="55.8038016" lon="49.1538360"/>
 <node id="1064711243" visible="true" version="2" changeset="16765836" timestamp="2013-06-30T15:41:37Z" user="shafr" uid="261620" lat="55.8029474" lon="49.1280533"/>
 <node id="1064711248" visible="true" version="3" changeset="183999508" timestamp="2026-06-12T05:41:28Z" user="Airiver" uid="13901111" lat="55.8050718" lon="49.1520981"/>
 <node id="1064711259" visible="true" version="2" changeset="120969652" timestamp="2022-05-14T08:59:52Z" user="Tim Apelov" uid="10074340" lat="55.8035259" lon="49.1591479"/>
 <node id="1064711276" visible="true" version="2" changeset="120969652" timestamp="2022-05-14T08:59:52Z" user="Tim Apelov" uid="10074340" lat="55.8033266" lon="49.1553657"/>
 <node id="1064711282" visible="true" version="2" changeset="16765836" timestamp="2013-06-30T15:41:37Z" user="shafr" uid="261620" lat="55.8038369" lon="49.1268032"/>
 <node id="1064711295" visible="true" version="2" changeset="16765836" timestamp="2013-06-30T15:41:37Z" user="shafr" uid="261620" lat="55.8020992" lon="49.1369513"/>
 <node id="1064711298" visible="true" version="1" changeset="6764656" timestamp="2010-12-25T23:27:24Z" user="user_73184" uid="73184" lat="55.8030824" lon="49.1568805"/>
 <node id="1064711315" visible="true" version="3" changeset="31185808" timestamp="2015-05-15T19:46:26Z" user="shafr" uid="261620" lat="55.8057478" lon="49.1443906"/>
 <node id="1064711324" visible="true" version="1" changeset="6764656" timestamp="2010-12-25T23:27:25Z" user="user_73184" uid="73184" lat="55.8030082" lon="49.1575715"/>
 <node id="1064711328" visible="true" version="2" changeset="16765836" timestamp="2013-06-30T15:41:37Z" user="shafr" uid="261620" lat="55.8036803" lon="49.1272162"/>
 <node id="1064711350" visible="true" version="1" changeset="6764656" timestamp="2010-12-25T23:27:27Z" user="user_73184" uid="73184" lat="55.8040787" lon="49.1532638"/>
 <node id="1064711381" visible="true" version="2" changeset="120969652" timestamp="2022-05-14T08:59:52Z" user="Tim Apelov" uid="10074340" lat="55.8034404" lon="49.1589585"/>
 <node id="1064711401" visible="true" version="1" changeset="6764656" timestamp="2010-12-25T23:27:29Z" user="user_73184" uid="73184" lat="55.8039748" lon="49.1534003"/>
 <node id="1064711408" visible="true" version="4" changeset="151426190" timestamp="2024-05-16T20:18:43Z" user="Глеб" uid="346125" lat="55.8045598" lon="49.1435574"/>
 <node id="1064711411" visible="true" version="1" changeset="6764656" timestamp="2010-12-25T23:27:30Z" user="user_73184" uid="73184" lat="55.8044833" lon="49.1529405"/>
 <node id="1064711427" visible="true" version="1" changeset="6764656" timestamp="2010-12-25T23:27:31Z" user="user_73184" uid="73184" lat="55.8031195" lon="49.1583637"/>
 <node id="1064711434" visible="true" version="2" changeset="16765836" timestamp="2013-06-30T15:41:37Z" user="shafr" uid="261620" lat="55.8019403" lon="49.1360348"/>
 <node id="1064711446" visible="true" version="1" changeset="6764656" timestamp="2010-12-25T23:27:32Z" user="user_73184" uid="73184" lat="55.8035122" lon="49.1544873"/>
 <node id="1064711450" visible="true" version="1" changeset="6764656" timestamp="2010-12-25T23:27:32Z" user="user_73184" uid="73184" lat="55.8029735" lon="49.1573955"/>
 <node id="1064711457" visible="true" version="2" changeset="16765836" timestamp="2013-06-30T15:41:37Z" user="shafr" uid="261620" lat="55.8039625" lon="49.1262758"/>
 <node id="1064711460" visible="true" version="1" changeset="6764656" timestamp="2010-12-25T23:27:33Z" user="user_73184" uid="73184" lat="55.8056551" lon="49.1495131"/>
 <node id="1064711474" visible="true" version="2" changeset="29994440" timestamp="2015-04-05T15:30:11Z" user="hlam-2008" uid="2564978" lat="55.8029114" lon="49.1414695"/>
 <node id="1064711477" visible="true" version="1" changeset="6764656" timestamp="2010-12-25T23:27:34Z" user="user_73184" uid="73184" lat="55.8031046" lon="49.1585706"/>
 <node id="1064711483" visible="true" version="2" changeset="16765836" timestamp="2013-06-30T15:41:37Z" user="shafr" uid="261620" lat="55.8018953" lon="49.1348774"/>
 <node id="1064711491" visible="true" version="4" changeset="31984623" timestamp="2015-06-15T13:53:16Z" user="Micro78" uid="310635" lat="55.8065121" lon="49.1450194"/>
 <node id="1064711520" visible="true" version="1" changeset="6764656" timestamp="2010-12-25T23:27:35Z" user="user_73184" uid="73184" lat="55.8041879" lon="49.1532295"/>
 <node id="1064711530" visible="true" version="1" changeset="6764656" timestamp="2010-12-25T23:27:36Z" user="user_73184" uid="73184" lat="55.8043163" lon="49.1530065"/>
 <node id="1064711538" visible="true" version="2" changeset="120969652" timestamp="2022-05-14T08:59:52Z" user="Tim Apelov" uid="10074340" lat="55.8048995" lon="49.1554335"/>
 <node id="1064711543" visible="true" version="2" changeset="120969652" timestamp="2022-05-14T08:59:52Z" user="Tim Apelov" uid="10074340" lat="55.8036077" lon="49.1592353"/>
 <node id="1064711559" visible="true" version="2" changeset="120969652" timestamp="2022-05-14T08:59:52Z" user="Tim Apelov" uid="10074340" lat="55.8033808" lon="49.1549169"/>
 <node id="1064711564" visible="true" version="1" changeset="6764656" timestamp="2010-12-25T23:27:37Z" user="user_73184" uid="73184" lat="55.8031244" lon="49.1577475"/>
 <node id="1064711568" visible="true" version="3" changeset="40401480" timestamp="2016-06-30T19:57:26Z" user="hlam-2008" uid="2564978" lat="55.8040650" lon="49.1245483"/>
 <node id="1064711573" visible="true" version="2" changeset="114809655" timestamp="2021-12-11T08:35:56Z" user="acsd" uid="345493" lat="55.8055127" lon="49.1500201"/>
 <node id="1064711584" visible="true" version="1" changeset="6764656" timestamp="2010-12-25T23:27:39Z" user="user_73184" uid="73184" lat="55.8031665" lon="49.1587642"/>
 <node id="1064711601" visible="true" version="4" changeset="31185808" timestamp="2015-05-15T19:46:26Z" user="shafr" uid="261620" lat="55.8054394" lon="49.1441763"/>
 <node id="1064711606" visible="true" version="1" changeset="6764656" timestamp="2010-12-25T23:27:39Z" user="user_73184" uid="73184" lat="55.8030527" lon="49.1577035"/>
 <node id="1064711613" visible="true" version="3" changeset="183999508" timestamp="2026-06-12T05:41:28Z" user="Airiver" uid="13901111" lat="55.8053279" lon="49.1513421"/>
 <node id="1064711626" visible="true" version="1" changeset="6764656" timestamp="2010-12-25T23:27:40Z" user="user_73184" uid="73184" lat="55.8041405" lon="49.1531890"/>
 <node id="1064711634" visible="true" version="2" changeset="16765836" timestamp="2013-06-30T15:41:37Z" user="shafr" uid="261620" lat="55.8020724" lon="49.1315225"/>
 <node id="1064711652" visible="true" version="1" changeset="6764656" timestamp="2010-12-25T23:27:41Z" user="user_73184" uid="73184" lat="55.8029364" lon="49.1571666"/>
 <node id="1064711665" visible="true" version="1" changeset="6764656" timestamp="2010-12-25T23:27:42Z" user="user_73184" uid="73184" lat="55.8036705" lon="49.1540252"/>
 <node id="1064711667" visible="true" version="2" changeset="120969652" timestamp="2022-05-14T08:59:52Z" user="Tim Apelov" uid="10074340" lat="55.8028844" lon="49.1561331"/>
 <node id="1064711673" visible="true" version="2" changeset="16765836" timestamp="2013-06-30T15:41:37Z" user="shafr" uid="261620" lat="55.8032544" lon="49.1278093"/>
 <node id="1064711677" visible="true" version="2" changeset="120969652" timestamp="2022-05-14T08:59:52Z" user="Tim Apelov" uid="10074340" lat="55.8046238" lon="49.1534579"/>
 <node id="1064711690" visible="true" version="1" changeset="6764656" timestamp="2010-12-25T23:27:43Z" user="user_73184" uid="73184" lat="55.8031813" lon="49.1581392"/>
 <node id="1064711693" visible="true" version="1" changeset="6764656" timestamp="2010-12-25T23:27:43Z" user="user_73184" uid="73184" lat="55.8042840" lon="49.1530777"/>
 <node id="1064711703" visible="true" version="5" changeset="114809655" timestamp="2021-12-11T08:35:56Z" user="acsd" uid="345493" lat="55.8061784" lon="49.1464632"/>
 <node id="1064711707" visible="true" version="1" changeset="6764656" timestamp="2010-12-25T23:27:44Z" user="user_73184" uid="73184" lat="55.8036037" lon="49.1542101"/>
 <node id="1064711716" visible="true" version="2" changeset="16765836" timestamp="2013-06-30T15:41:37Z" user="shafr" uid="261620" lat="55.8034557" lon="49.1275783"/>
 <node id="1064711718" visible="true" version="3" changeset="183999508" timestamp="2026-06-12T05:41:28Z" user="Airiver" uid="13901111" lat="55.8052726" lon="49.1515851"/>
 <node id="1064711729" visible="true" version="3" changeset="29994440" timestamp="2015-04-05T15:30:11Z" user="hlam-2008" uid="2564978" lat="55.8028511" lon="49.1412388"/>
 <node id="1064711730" visible="true" version="2" changeset="120969652" timestamp="2022-05-14T08:59:52Z" user="Tim Apelov" uid="10074340" lat="55.8030104" lon="49.1558014"/>
 <node id="1064711738" visible="true" version="2" changeset="16765836" timestamp="2013-06-30T15:41:37Z" user="shafr" uid="261620" lat="55.8019999" lon="49.1328950"/>
 <node id="1064711754" visible="true" version="3" changeset="31185808" timestamp="2015-05-15T19:46:26Z" user="shafr" uid="261620" lat="55.8060823" lon="49.1446204"/>
 <node id="1064711782" visible="true" version="2" changeset="16765836" timestamp="2013-06-30T15:41:37Z" user="shafr" uid="261620" lat="55.8027428" lon="49.1282255"/>
 <node id="1064711796" visible="true" version="3" changeset="31185808" timestamp="2015-05-15T19:46:26Z" user="shafr" uid="261620" lat="55.8033695" lon="49.1424476"/>
 <node id="1064711798" visible="true" version="1" changeset="6764656" timestamp="2010-12-25T23:27:46Z" user="user_73184" uid="73184" lat="55.8042715" lon="49.1531055"/>
 <node id="1064711809" visible="true" version="3" changeset="31185808" timestamp="2015-05-15T19:46:26Z" user="shafr" uid="261620" lat="55.8048818" lon="49.1438091"/>
 <node id="1064711819" visible="true" version="2" changeset="120969652" timestamp="2022-05-14T08:59:52Z" user="Tim Apelov" uid="10074340" lat="55.8047524" lon="49.1535366"/>
 <node id="1064711826" visible="true" version="2" changeset="120969652" timestamp="2022-05-14T08:59:52Z" user="Tim Apelov" uid="10074340" lat="55.8033357" lon="49.1589225"/>
 <node id="1064711840" visible="true" version="1" changeset="6764656" timestamp="2010-12-25T23:27:49Z" user="user_73184" uid="73184" lat="55.8038684" lon="49.1536159"/>
 <node id="1066506514" visible="true" version="3" changeset="16765836" timestamp="2013-06-30T15:39:24Z" user="shafr" uid="261620" lat="55.8042702" lon="49.1205686"/>
 <node id="1066506537" visible="true" version="4" changeset="24362382" timestamp="2014-07-26T06:09:36Z" user="Art'y" uid="235335" lat="55.8028563" lon="49.1070974"/>
 <node id="1066506801" visible="true" version="5" changeset="40401480" timestamp="2016-06-30T19:57:17Z" user="hlam-2008" uid="2564978" lat="55.8027463" lon="49.1122517"/>
 <node id="1066506992" visible="true" version="3" changeset="16765836" timestamp="2013-06-30T15:39:24Z" user="shafr" uid="261620" lat="55.8042164" lon="49.1216260"/>
 <node id="1066507171" visible="true" version="5" changeset="40401480" timestamp="2016-06-30T19:57:20Z" user="hlam-2008" uid="2564978" lat="55.8040868" lon="49.1175492"/>
 <node id="1066507210" visible="true" version="6" changeset="153358207" timestamp="2024-06-30T08:00:23Z" user="Глеб" uid="346125" lat="55.8026826" lon="49.1108244"/>
 <node id="1066507292" visible="true" version="3" changeset="16765836" timestamp="2013-06-30T15:39:24Z" user="shafr" uid="261620" lat="55.8043160" lon="49.1191511"/>
 <node id="1066507309" visible="true" version="4" changeset="51404933" timestamp="2017-08-24T12:04:40Z" user="acsd" uid="345493" lat="55.8027229" lon="49.1060717"/>
 <node id="1066507417" visible="true" version="4" changeset="40401480" timestamp="2016-06-30T19:57:19Z" user="hlam-2008" uid="2564978" lat="55.8033684" lon="49.1146799"/>
 <node id="1066507538" visible="true" version="6" changeset="51404933" timestamp="2017-08-24T12:04:40Z" user="acsd" uid="345493" lat="55.8025300" lon="49.1053006"/>
 <node id="1066507548" visible="true" version="4" changeset="24362382" timestamp="2014-07-26T06:09:36Z" user="Art'y" uid="235335" lat="55.8026485" lon="49.1116994"/>
 <node id="1066507634" visible="true" version="3" changeset="16765836" timestamp="2013-06-30T15:39:24Z" user="shafr" uid="261620" lat="55.8043166" lon="49.1197669"/>
 <node id="1066507648" visible="true" version="5" changeset="51404933" timestamp="2017-08-24T12:04:40Z" user="acsd" uid="345493" lat="55.8028353" lon="49.1067410"/>
 <node id="1066507877" visible="true" version="4" changeset="140469511" timestamp="2023-08-27T21:56:02Z" user="Глеб" uid="346125" lat="55.8027866" lon="49.1091004"/>
 <node id="1066507953" visible="true" version="5" changeset="40401480" timestamp="2016-06-30T19:57:17Z" user="hlam-2008" uid="2564978" lat="55.8026729" lon="49.1119269"/>
 <node id="1066508112" visible="true" version="4" changeset="24362382" timestamp="2014-07-26T06:09:36Z" user="Art'y" uid="235335" lat="55.8028616" lon="49.1075441"/>
 <node id="1326813421" visible="true" version="2" changeset="120969652" timestamp="2022-05-14T08:59:52Z" user="Tim Apelov" uid="10074340" lat="55.8089009" lon="49.1653480"/>
 <node id="1326813424" visible="true" version="1" changeset="8450530" timestamp="2011-06-15T20:03:11Z" user="Art'y" uid="235335" lat="55.8076851" lon="49.1640526"/>
 <node id="1326813471" visible="true" version="2" changeset="120969652" timestamp="2022-05-14T08:59:52Z" user="Tim Apelov" uid="10074340" lat="55.8045555" lon="49.1612153"/>
 <node id="1326813490" visible="true" version="2" changeset="120969652" timestamp="2022-05-14T08:59:52Z" user="Tim Apelov" uid="10074340" lat="55.8128465" lon="49.1661618"/>
 <node id="1326813494" visible="true" version="2" changeset="120969652" timestamp="2022-05-14T08:59:52Z" user="Tim Apelov" uid="10074340" lat="55.8087952" lon="49.1652446"/>
 <node id="1326813498" visible="true" version="2" changeset="120969652" timestamp="2022-05-14T08:59:52Z" user="Tim Apelov" uid="10074340" lat="55.8119231" lon="49.1657512"/>
 <node id="1326813535" visible="true" version="1" changeset="8450530" timestamp="2011-06-15T20:03:13Z" user="Art'y" uid="235335" lat="55.8051017" lon="49.1610667"/>
 <node id="1326813561" visible="true" version="2" changeset="120969652" timestamp="2022-05-14T08:59:52Z" user="Tim Apelov" uid="10074340" lat="55.8082351" lon="49.1646431"/>
 <node id="1326813705" visible="true" version="2" changeset="120969652" timestamp="2022-05-14T08:59:52Z" user="Tim Apelov" uid="10074340" lat="55.8125869" lon="49.1637011"/>
 <node id="1326813709" visible="true" version="2" changeset="120969652" timestamp="2022-05-14T08:59:52Z" user="Tim Apelov" uid="10074340" lat="55.8084502" lon="49.1648741"/>
 <node id="1326813712" visible="true" version="1" changeset="8450530" timestamp="2011-06-15T20:03:18Z" user="Art'y" uid="235335" lat="55.8074509" lon="49.1641915"/>
 <node id="1326813777" visible="true" version="1" changeset="8450530" timestamp="2011-06-15T20:03:19Z" user="Art'y" uid="235335" lat="55.8062880" lon="49.1616500"/>
 <node id="1326813928" visible="true" version="1" changeset="8450530" timestamp="2011-06-15T20:03:22Z" user="Art'y" uid="235335" lat="55.8063427" lon="49.1622888"/>
 <node id="1326814048" visible="true" version="2" changeset="120969652" timestamp="2022-05-14T08:59:52Z" user="Tim Apelov" uid="10074340" lat="55.8049490" lon="49.1604085"/>
 <node id="1326814070" visible="true" version="2" changeset="120969652" timestamp="2022-05-14T08:59:52Z" user="Tim Apelov" uid="10074340" lat="55.8113283" lon="49.1649729"/>
 <node id="1326814210" visible="true" version="1" changeset="8450530" timestamp="2011-06-15T20:03:29Z" user="Art'y" uid="235335" lat="55.8067485" lon="49.1624416"/>
 <node id="1411911720" visible="true" version="1" changeset="9119065" timestamp="2011-08-25T08:14:27Z" user="Scaurr0ck" uid="351275" lat="55.8614927" lon="49.1789333"/>
 <node id="1426722909" visible="true" version="5" changeset="151438439" timestamp="2024-05-17T06:54:35Z" user="Глеб" uid="346125" lat="55.8024840" lon="49.1126147"/>
 <node id="1656535337" visible="true" version="2" changeset="120969652" timestamp="2022-05-14T08:59:52Z" user="Tim Apelov" uid="10074340" lat="55.8048245" lon="49.1609617"/>
 <node id="1656535341" visible="true" version="2" changeset="120969652" timestamp="2022-05-14T08:59:52Z" user="Tim Apelov" uid="10074340" lat="55.8049722" lon="49.1618946"/>
 <node id="1656535346" visible="true" version="2" changeset="120969652" timestamp="2022-05-14T08:59:52Z" user="Tim Apelov" uid="10074340" lat="55.8046966" lon="49.1610040"/>
 <node id="1656535354" visible="true" version="1" changeset="10852099" timestamp="2012-03-02T20:30:25Z" user="Art'y" uid="235335" lat="55.8052749" lon="49.1621766"/>
 <node id="1656535358" visible="true" version="1" changeset="10852099" timestamp="2012-03-02T20:30:25Z" user="Art'y" uid="235335" lat="55.8053181" lon="49.1623073"/>
 <node id="1656535397" visible="true" version="1" changeset="10852099" timestamp="2012-03-02T20:30:25Z" user="Art'y" uid="235335" lat="55.8055645" lon="49.1626380"/>
 <node id="1656535400" visible="true" version="1" changeset="10852099" timestamp="2012-03-02T20:30:25Z" user="Art'y" uid="235335" lat="55.8056855" lon="49.1617614"/>
 <node id="1656535409" visible="true" version="1" changeset="10852099" timestamp="2012-03-02T20:30:26Z" user="Art'y" uid="235335" lat="55.8059058" lon="49.1625688"/>
 <node id="1656535410" visible="true" version="1" changeset="10852099" timestamp="2012-03-02T20:30:26Z" user="Art'y" uid="235335" lat="55.8059188" lon="49.1618537"/>
 <node id="1656535411" visible="true" version="1" changeset="10852099" timestamp="2012-03-02T20:30:26Z" user="Art'y" uid="235335" lat="55.8060182" lon="49.1619229"/>
 <node id="1656535413" visible="true" version="1" changeset="10852099" timestamp="2012-03-02T20:30:26Z" user="Art'y" uid="235335" lat="55.8060268" lon="49.1624150"/>
 <node id="1656535452" visible="true" version="1" changeset="10852099" timestamp="2012-03-02T20:30:26Z" user="Art'y" uid="235335" lat="55.8060787" lon="49.1621997"/>
 <node id="1729711612" visible="true" version="1" changeset="11410349" timestamp="2012-04-24T23:36:13Z" user="misha yakin" uid="384109" lat="55.8521791" lon="49.1593735"/>
 <node id="1729711635" visible="true" version="1" changeset="11410349" timestamp="2012-04-24T23:36:13Z" user="misha yakin" uid="384109" lat="55.8536221" lon="49.1615675"/>
 <node id="1797508195" visible="true" version="1" changeset="11972177" timestamp="2012-06-21T19:35:54Z" user="Art'y" uid="235335" lat="55.9067740" lon="49.2051520"/>
 <node id="1797508381" visible="true" version="2" changeset="92379723" timestamp="2020-10-13T00:44:14Z" user="misha yakin" uid="384109" lat="55.9132509" lon="49.2195562"/>
 <node id="2091582110" visible="true" version="1" changeset="14493178" timestamp="2013-01-01T22:32:10Z" user="Art'y" uid="235335" lat="55.8885439" lon="49.1707240"/>
 <node id="2091582270" visible="true" version="1" changeset="14493178" timestamp="2013-01-01T22:32:14Z" user="Art'y" uid="235335" lat="55.8915333" lon="49.1598816"/>
 <node id="2367429328" visible="true" version="4" changeset="59467986" timestamp="2018-06-01T17:36:23Z" user="Art'y" uid="235335" lat="55.8020973" lon="49.1047314"/>
 <node id="2367442741" visible="true" version="1" changeset="16765836" timestamp="2013-06-30T15:37:47Z" user="shafr" uid="261620" lat="55.8025106" lon="49.1071922"/>
 <node id="2367442743" visible="true" version="6" changeset="42981724" timestamp="2016-10-18T11:46:17Z" user="Daniel_Vaneev" uid="2931960" lat="55.8025295" lon="49.1078435">
  <tag k="barrier" v="lift_gate"/>
  <tag k="bicycle" v="yes"/>
  <tag k="foot" v="yes"/>
  <tag k="motor_vehicle" v="no"/>
 </node>
 <node id="2367442745" visible="true" version="3" changeset="59467986" timestamp="2018-06-01T17:36:23Z" user="Art'y" uid="235335" lat="55.8022323" lon="49.1051441"/>
 <node id="2367442747" visible="true" version="3" changeset="59467986" timestamp="2018-06-01T17:36:23Z" user="Art'y" uid="235335" lat="55.8023357" lon="49.1056256"/>
 <node id="2367442749" visible="true" version="3" changeset="49005872" timestamp="2017-05-26T15:40:59Z" user="acsd" uid="345493" lat="55.8024028" lon="49.1060400"/>
 <node id="2367442751" visible="true" version="3" changeset="49005872" timestamp="2017-05-26T15:40:59Z" user="acsd" uid="345493" lat="55.8024637" lon="49.1065315"/>
 <node id="2367454308" visible="true" version="6" changeset="41254148" timestamp="2016-08-05T08:01:21Z" user="Eljah" uid="1334425" lat="55.8034418" lon="49.1157838"/>
 <node id="2367454310" visible="true" version="3" changeset="51976921" timestamp="2017-09-12T15:22:10Z" user="acsd" uid="345493" lat="55.8025812" lon="49.1092055"/>
 <node id="2367454311" visible="true" version="3" changeset="41254148" timestamp="2016-08-05T08:01:21Z" user="Eljah" uid="1334425" lat="55.8024613" lon="49.1117194"/>
 <node id="2367454312" visible="true" version="3" changeset="41254148" timestamp="2016-08-05T08:01:21Z" user="Eljah" uid="1334425" lat="55.8024676" lon="49.1112672"/>
 <node id="2367454313" visible="true" version="3" changeset="41254148" timestamp="2016-08-05T08:01:21Z" user="Eljah" uid="1334425" lat="55.8025303" lon="49.1122057"/>
 <node id="2376852236" visible="true" version="1" changeset="16859316" timestamp="2013-07-07T10:35:31Z" user="acsd" uid="345493" lat="55.8069957" lon="49.1473212"/>
 <node id="2376852251" visible="true" version="1" changeset="16859316" timestamp="2013-07-07T10:35:31Z" user="acsd" uid="345493" lat="55.8090968" lon="49.1645943"/>
 <node id="2376852266" visible="true" version="1" changeset="16859316" timestamp="2013-07-07T10:35:32Z" user="acsd" uid="345493" lat="55.8120088" lon="49.1604974"/>
 <node id="2380250030" visible="true" version="3" changeset="59467986" timestamp="2018-06-01T17:36:23Z" user="Art'y" uid="235335" lat="55.8022328" lon="49.1049759"/>
 <node id="2380250036" visible="true" version="3" changeset="59467986" timestamp="2018-06-01T17:36:24Z" user="Art'y" uid="235335" lat="55.8023972" lon="49.1057393"/>
 <node id="2380250040" visible="true" version="2" changeset="24362382" timestamp="2014-07-26T06:09:46Z" user="Art'y" uid="235335" lat="55.8024537" lon="49.1061061"/>
 <node id="2380250056" visible="true" version="2" changeset="24362382" timestamp="2014-07-26T06:09:46Z" user="Art'y" uid="235335" lat="55.8025007" lon="49.1065784"/>
 <node id="2380250058" visible="true" version="2" changeset="24362382" timestamp="2014-07-26T06:09:46Z" user="Art'y" uid="235335" lat="55.8025225" lon="49.1068652"/>
 <node id="2390698421" visible="true" version="3" changeset="40401697" timestamp="2016-06-30T20:04:53Z" user="hlam-2008" uid="2564978" lat="55.8023130" lon="49.1073928"/>
 <node id="2390698424" visible="true" version="3" changeset="40401697" timestamp="2016-06-30T20:04:55Z" user="hlam-2008" uid="2564978" lat="55.8023533" lon="49.1074096"/>
 <node id="2390698426" visible="true" version="2" changeset="40401697" timestamp="2016-06-30T20:04:54Z" user="hlam-2008" uid="2564978" lat="55.8025248" lon="49.1076172"/>
 <node id="2390698427" visible="true" version="3" changeset="40401697" timestamp="2016-06-30T20:04:54Z" user="hlam-2008" uid="2564978" lat="55.8024645" lon="49.1075021"/>
 <node id="2390698429" visible="true" version="3" changeset="40401697" timestamp="2016-06-30T20:04:53Z" user="hlam-2008" uid="2564978" lat="55.8023972" lon="49.1074343"/>
 <node id="2390705018" visible="true" version="2" changeset="51589384" timestamp="2017-08-30T18:21:07Z" user="acsd" uid="345493" lat="55.8023552" lon="49.1109175"/>
 <node id="2390705021" visible="true" version="2" changeset="51976921" timestamp="2017-09-12T15:22:10Z" user="acsd" uid="345493" lat="55.8024555" lon="49.1091861"/>
 <node id="2390705024" visible="true" version="5" changeset="41254148" timestamp="2016-08-05T08:01:21Z" user="Eljah" uid="1334425" lat="55.8026595" lon="49.1079201"/>
 <node id="2390709128" visible="true" version="3" changeset="39202291" timestamp="2016-05-09T21:45:22Z" user="hlam-2008" uid="2564978" lat="55.8023724" lon="49.1121154"/>
 <node id="2390709139" visible="true" version="2" changeset="24362382" timestamp="2014-07-26T06:09:46Z" user="Art'y" uid="235335" lat="55.8023291" lon="49.1116734"/>
 <node id="2390709372" visible="true" version="2" changeset="33187009" timestamp="2015-08-07T18:20:39Z" user="acsd" uid="345493" lat="55.8026023" lon="49.1117162"/>
 <node id="2390709374" visible="true" version="2" changeset="40401480" timestamp="2016-06-30T19:57:19Z" user="hlam-2008" uid="2564978" lat="55.8029660" lon="49.1132508"/>
 <node id="2390709375" visible="true" version="1" changeset="17025469" timestamp="2013-07-20T17:30:34Z" user="shafr" uid="261620" lat="55.8027696" lon="49.1080854"/>
 <node id="2390709377" visible="true" version="2" changeset="40401480" timestamp="2016-06-30T19:57:18Z" user="hlam-2008" uid="2564978" lat="55.8027963" lon="49.1126408"/>
 <node id="2390709378" visible="true" version="3" changeset="33187009" timestamp="2015-08-07T18:20:39Z" user="acsd" uid="345493" lat="55.8026036" lon="49.1114879"/>
 <node id="2390709379" visible="true" version="3" changeset="40401480" timestamp="2016-06-30T19:57:18Z" user="hlam-2008" uid="2564978" lat="55.8026714" lon="49.1121498"/>
 <node id="2504586436" visible="true" version="4" changeset="49005872" timestamp="2017-05-26T15:40:59Z" user="acsd" uid="345493" lat="55.8022661" lon="49.1073896">
  <tag k="crossing" v="uncontrolled"/>
  <tag k="highway" v="crossing"/>
 </node>
 <node id="2742617917" visible="true" version="2" changeset="59467986" timestamp="2018-06-01T17:36:24Z" user="Art'y" uid="235335" lat="55.8018094" lon="49.1026264"/>
 <node id="2742617918" visible="true" version="4" changeset="164359665" timestamp="2025-04-01T06:57:32Z" user="Глеб" uid="346125" lat="55.8018195" lon="49.1034793"/>
 <node id="2742617920" visible="true" version="2" changeset="59467986" timestamp="2018-06-01T17:36:24Z" user="Art'y" uid="235335" lat="55.8020039" lon="49.1033591"/>
 <node id="2980567179" visible="true" version="4" changeset="140209226" timestamp="2023-08-22T05:00:10Z" user="Глеб" uid="346125" lat="55.8023291" lon="49.1113678"/>
 <node id="2980567180" visible="true" version="3" changeset="173884880" timestamp="2025-10-28T13:54:07Z" user="DDMiron" uid="22068800" lat="55.8024803" lon="49.1052006"/>
 <node id="2980567181" visible="true" version="1" changeset="24362382" timestamp="2014-07-26T06:08:56Z" user="Art'y" uid="235335" lat="55.8025474" lon="49.1072454"/>
 <node id="2980567182" visible="true" version="1" changeset="24362382" timestamp="2014-07-26T06:08:56Z" user="Art'y" uid="235335" lat="55.8025552" lon="49.1075875"/>
 <node id="2980567183" visible="true" version="3" changeset="173884880" timestamp="2025-10-28T13:54:07Z" user="DDMiron" uid="22068800" lat="55.8027625" lon="49.1064387"/>
 <node id="2980567184" visible="true" version="2" changeset="59467986" timestamp="2018-06-01T17:36:25Z" user="Art'y" uid="235335" lat="55.8026823" lon="49.1071196"/>
 <node id="2980567186" visible="true" version="2" changeset="40401480" timestamp="2016-06-30T19:57:15Z" user="hlam-2008" uid="2564978" lat="55.8026818" lon="49.1073048"/>
 <node id="2980567187" visible="true" version="2" changeset="51404933" timestamp="2017-08-24T12:04:40Z" user="acsd" uid="345493" lat="55.8027855" lon="49.1063775"/>
 <node id="2980567189" visible="true" version="2" changeset="31206953" timestamp="2015-05-16T17:07:49Z" user="Глеб" uid="346125" lat="55.8027759" lon="49.1079427"/>
 <node id="2980567192" visible="true" version="4" changeset="33187009" timestamp="2015-08-07T18:20:39Z" user="acsd" uid="345493" lat="55.8030612" lon="49.1149191"/>
 <node id="2980567195" visible="true" version="3" changeset="51976921" timestamp="2017-09-12T15:22:10Z" user="acsd" uid="345493" lat="55.8034119" lon="49.1150076"/>
 <node id="2980567203" visible="true" version="2" changeset="40401480" timestamp="2016-06-30T19:57:21Z" user="hlam-2008" uid="2564978" lat="55.8040681" lon="49.1175890"/>
 <node id="2980567204" visible="true" version="3" changeset="113597595" timestamp="2021-11-10T08:30:12Z" user="parukhin" uid="519501" lat="55.8039875" lon="49.1253357"/>
 <node id="2980567205" visible="true" version="4" changeset="140469511" timestamp="2023-08-27T21:56:02Z" user="Глеб" uid="346125" lat="55.8040354" lon="49.1243846"/>
 <node id="2980567206" visible="true" version="2" changeset="40401480" timestamp="2016-06-30T19:57:26Z" user="hlam-2008" uid="2564978" lat="55.8041955" lon="49.1216013"/>
 <node id="2980567207" visible="true" version="3" changeset="51976921" timestamp="2017-09-12T15:22:10Z" user="acsd" uid="345493" lat="55.8042471" lon="49.1186506"/>
 <node id="2980567208" visible="true" version="2" changeset="40401480" timestamp="2016-06-30T19:57:24Z" user="hlam-2008" uid="2564978" lat="55.8042344" lon="49.1182359"/>
 <node id="2980567346" visible="true" version="2" changeset="40401480" timestamp="2016-06-30T19:57:25Z" user="hlam-2008" uid="2564978" lat="55.8042813" lon="49.1196927"/>
 <node id="2980567347" visible="true" version="2" changeset="40401480" timestamp="2016-06-30T19:57:23Z" user="hlam-2008" uid="2564978" lat="55.8042873" lon="49.1190961"/>
 <node id="3236884571" visible="true" version="2" changeset="31185808" timestamp="2015-05-15T19:46:26Z" user="shafr" uid="261620" lat="55.8051444" lon="49.1439743"/>
 <node id="3294009173" visible="true" version="2" changeset="40401827" timestamp="2016-06-30T20:09:35Z" user="hlam-2008" uid="2564978" lat="55.8021003" lon="49.1080196"/>
 <node id="3294009180" visible="true" version="2" changeset="40401827" timestamp="2016-06-30T20:09:31Z" user="hlam-2008" uid="2564978" lat="55.8023963" lon="49.1079079"/>
 <node id="3294009181" visible="true" version="2" changeset="40401827" timestamp="2016-06-30T20:09:24Z" user="hlam-2008" uid="2564978" lat="55.8021084" lon="49.1078609"/>
 <node id="3294009182" visible="true" version="2" changeset="40401827" timestamp="2016-06-30T20:09:25Z" user="hlam-2008" uid="2564978" lat="55.8020279" lon="49.1095108"/>
 <node id="3294009183" visible="true" version="2" changeset="40401827" timestamp="2016-06-30T20:09:33Z" user="hlam-2008" uid="2564978" lat="55.8020543" lon="49.1095148"/>
 <node id="3294009184" visible="true" version="2" changeset="40401827" timestamp="2016-06-30T20:09:28Z" user="hlam-2008" uid="2564978" lat="55.8020409" lon="49.1097961"/>
 <node id="3294009185" visible="true" version="2" changeset="40401827" timestamp="2016-06-30T20:09:24Z" user="hlam-2008" uid="2564978" lat="55.8020886" lon="49.1098032"/>
 <node id="3294009186" visible="true" version="2" changeset="40401827" timestamp="2016-06-30T20:09:22Z" user="hlam-2008" uid="2564978" lat="55.8020690" lon="49.1102205"/>
 <node id="3294009187" visible="true" version="2" changeset="40401827" timestamp="2016-06-30T20:09:27Z" user="hlam-2008" uid="2564978" lat="55.8021182" lon="49.1102277"/>
 <node id="3294009188" visible="true" version="2" changeset="40401827" timestamp="2016-06-30T20:09:34Z" user="hlam-2008" uid="2564978" lat="55.8020862" lon="49.1109180"/>
 <node id="3294009189" visible="true" version="2" changeset="40401827" timestamp="2016-06-30T20:09:26Z" user="hlam-2008" uid="2564978" lat="55.8021413" lon="49.1109260"/>
 <node id="3294009190" visible="true" version="2" changeset="40401827" timestamp="2016-06-30T20:09:30Z" user="hlam-2008" uid="2564978" lat="55.8021377" lon="49.1110051"/>
 <node id="3294009191" visible="true" version="2" changeset="40401827" timestamp="2016-06-30T20:09:33Z" user="hlam-2008" uid="2564978" lat="55.8022423" lon="49.1110202"/>
 <node id="3294009192" visible="true" version="2" changeset="40401827" timestamp="2016-06-30T20:09:25Z" user="hlam-2008" uid="2564978" lat="55.8022590" lon="49.1106514"/>
 <node id="3294009193" visible="true" version="2" changeset="40401827" timestamp="2016-06-30T20:09:30Z" user="hlam-2008" uid="2564978" lat="55.8022984" lon="49.1106570"/>
 <node id="3294009194" visible="true" version="2" changeset="40401827" timestamp="2016-06-30T20:09:35Z" user="hlam-2008" uid="2564978" lat="55.8023072" lon="49.1104604"/>
 <node id="3294009195" visible="true" version="2" changeset="40401827" timestamp="2016-06-30T20:09:26Z" user="hlam-2008" uid="2564978" lat="55.8022808" lon="49.1104567"/>
 <node id="3294009196" visible="true" version="2" changeset="40401827" timestamp="2016-06-30T20:09:27Z" user="hlam-2008" uid="2564978" lat="55.8022963" lon="49.1101033"/>
 <node id="3294009197" visible="true" version="2" changeset="40401827" timestamp="2016-06-30T20:09:29Z" user="hlam-2008" uid="2564978" lat="55.8023422" lon="49.1101097"/>
 <node id="3294009198" visible="true" version="2" changeset="40401827" timestamp="2016-06-30T20:09:35Z" user="hlam-2008" uid="2564978" lat="55.8023538" lon="49.1098422"/>
 <node id="3294009199" visible="true" version="2" changeset="40401827" timestamp="2016-06-30T20:09:27Z" user="hlam-2008" uid="2564978" lat="55.8023263" lon="49.1098384"/>
 <node id="3294009200" visible="true" version="2" changeset="40401827" timestamp="2016-06-30T20:09:32Z" user="hlam-2008" uid="2564978" lat="55.8023395" lon="49.1095340"/>
 <node id="3294009201" visible="true" version="2" changeset="40401827" timestamp="2016-06-30T20:09:23Z" user="hlam-2008" uid="2564978" lat="55.8023890" lon="49.1095408"/>
 <node id="3294009202" visible="true" version="2" changeset="40401827" timestamp="2016-06-30T20:09:32Z" user="hlam-2008" uid="2564978" lat="55.8024048" lon="49.1091758"/>
 <node id="3294009203" visible="true" version="2" changeset="40401827" timestamp="2016-06-30T20:09:34Z" user="hlam-2008" uid="2564978" lat="55.8023523" lon="49.1091686"/>
 <node id="3294009204" visible="true" version="2" changeset="40401827" timestamp="2016-06-30T20:09:24Z" user="hlam-2008" uid="2564978" lat="55.8023657" lon="49.1088584"/>
 <node id="3294009205" visible="true" version="2" changeset="40401827" timestamp="2016-06-30T20:09:33Z" user="hlam-2008" uid="2564978" lat="55.8024092" lon="49.1088643"/>
 <node id="3294009206" visible="true" version="2" changeset="40401827" timestamp="2016-06-30T20:09:29Z" user="hlam-2008" uid="2564978" lat="55.8024207" lon="49.1086000"/>
 <node id="3294009207" visible="true" version="2" changeset="40401827" timestamp="2016-06-30T20:09:26Z" user="hlam-2008" uid="2564978" lat="55.8023802" lon="49.1085944"/>
 <node id="3294009208" visible="true" version="2" changeset="40401827" timestamp="2016-06-30T20:09:31Z" user="hlam-2008" uid="2564978" lat="55.8023940" lon="49.1082792"/>
 <node id="3294009209" visible="true" version="2" changeset="40401827" timestamp="2016-06-30T20:09:23Z" user="hlam-2008" uid="2564978" lat="55.8024306" lon="49.1082843"/>
 <node id="3294009210" visible="true" version="2" changeset="40401827" timestamp="2016-06-30T20:09:28Z" user="hlam-2008" uid="2564978" lat="55.8024387" lon="49.1080997"/>
 <node id="3294009211" visible="true" version="2" changeset="40401827" timestamp="2016-06-30T20:09:30Z" user="hlam-2008" uid="2564978" lat="55.8023882" lon="49.1080927"/>
 <node id="3308160494" visible="true" version="1" changeset="28381021" timestamp="2015-01-24T19:51:29Z" user="hlam-2008" uid="2564978" lat="55.8851655" lon="49.1682670"/>
 <node id="3334335332" visible="true" version="1" changeset="28655302" timestamp="2015-02-06T16:13:44Z" user="hlam-2008" uid="2564978" lat="55.9164734" lon="49.1771855"/>
 <node id="3490655769" visible="true" version="4" changeset="159873161" timestamp="2024-12-03T09:42:51Z" user="Глеб" uid="346125" lat="55.8027151" lon="49.1135332"/>
 <node id="3520420260" visible="true" version="2" changeset="121614920" timestamp="2022-05-28T12:31:38Z" user="parukhin" uid="519501" lat="55.8037501" lon="49.1268900"/>
 <node id="3520420261" visible="true" version="2" changeset="121614920" timestamp="2022-05-28T12:31:38Z" user="parukhin" uid="519501" lat="55.8034287" lon="49.1275064"/>
 <node id="3520420262" visible="true" version="3" changeset="121614920" timestamp="2022-05-28T12:31:38Z" user="parukhin" uid="519501" lat="55.8030860" lon="49.1278301"/>
 <node id="3520420263" visible="true" version="1" changeset="31185808" timestamp="2015-05-15T19:49:25Z" user="shafr" uid="261620" lat="55.8023273" lon="49.1284722"/>
 <node id="3520423394" visible="true" version="1" changeset="31185808" timestamp="2015-05-15T19:49:26Z" user="shafr" uid="261620" lat="55.8039377" lon="49.1259930"/>
 <node id="3520423395" visible="true" version="1" changeset="31185808" timestamp="2015-05-15T19:49:26Z" user="shafr" uid="261620" lat="55.8039105" lon="49.1262291"/>
 <node id="3520423396" visible="true" version="2" changeset="121614920" timestamp="2022-05-28T12:31:38Z" user="parukhin" uid="519501" lat="55.8038446" lon="49.1265608"/>
 <node id="3520423397" visible="true" version="2" changeset="121614920" timestamp="2022-05-28T12:31:38Z" user="parukhin" uid="519501" lat="55.8036546" lon="49.1271257"/>
 <node id="3520423398" visible="true" version="2" changeset="121614920" timestamp="2022-05-28T12:31:38Z" user="parukhin" uid="519501" lat="55.8035294" lon="49.1273504"/>
 <node id="3522225347" visible="true" version="2" changeset="40401697" timestamp="2016-06-30T20:05:04Z" user="hlam-2008" uid="2564978" lat="55.8025588" lon="49.1078573"/>
 <node id="3598989463" visible="true" version="2" changeset="155376707" timestamp="2024-08-17T15:29:25Z" user="Tim Apelov" uid="10074340" lat="55.9134924" lon="49.1678691"/>
 <node id="3615498168" visible="true" version="2" changeset="40401697" timestamp="2016-06-30T20:04:59Z" user="hlam-2008" uid="2564978" lat="55.8024953" lon="49.1077544"/>
 <node id="3615498172" visible="true" version="2" changeset="40401697" timestamp="2016-06-30T20:05:00Z" user="hlam-2008" uid="2564978" lat="55.8024425" lon="49.1075513"/>
 <node id="3615498184" visible="true" version="2" changeset="40401697" timestamp="2016-06-30T20:05:00Z" user="hlam-2008" uid="2564978" lat="55.8022209" lon="49.1075344"/>
 <node id="3615498189" visible="true" version="2" changeset="40401697" timestamp="2016-06-30T20:05:00Z" user="hlam-2008" uid="2564978" lat="55.8023657" lon="49.1074753"/>
 <node id="3615498192" visible="true" version="2" changeset="49005872" timestamp="2017-05-26T15:40:59Z" user="acsd" uid="345493" lat="55.8024750" lon="49.1070105"/>
 <node id="3615498295" visible="true" version="2" changeset="49005872" timestamp="2017-05-26T15:41:00Z" user="acsd" uid="345493" lat="55.8023581" lon="49.1067906"/>
 <node id="3615498298" visible="true" version="2" changeset="49005872" timestamp="2017-05-26T15:41:00Z" user="acsd" uid="345493" lat="55.8023348" lon="49.1073391"/>
 <node id="3615498300" visible="true" version="2" changeset="49005872" timestamp="2017-05-26T15:41:00Z" user="acsd" uid="345493" lat="55.8024885" lon="49.1074611"/>
 <node id="3615498304" visible="true" version="2" changeset="40401697" timestamp="2016-06-30T20:04:59Z" user="hlam-2008" uid="2564978" lat="55.8024878" lon="49.1076586"/>
 <node id="3615498310" visible="true" version="3" changeset="49005872" timestamp="2017-05-26T15:41:00Z" user="acsd" uid="345493" lat="55.8023739" lon="49.1067745"/>
 <node id="3615498317" visible="true" version="3" changeset="138432788" timestamp="2023-07-12T17:40:13Z" user="Глеб" uid="346125" lat="55.8022756" lon="49.1076316"/>
 <node id="3615498346" visible="true" version="2" changeset="40401697" timestamp="2016-06-30T20:04:58Z" user="hlam-2008" uid="2564978" lat="55.8022631" lon="49.1074325"/>
 <node id="3615498347" visible="true" version="2" changeset="49005872" timestamp="2017-05-26T15:41:00Z" user="acsd" uid="345493" lat="55.8024870" lon="49.1072298"/>
 <node id="3615498348" visible="true" version="2" changeset="49005872" timestamp="2017-05-26T15:41:00Z" user="acsd" uid="345493" lat="55.8023815" lon="49.1073686"/>
 <node id="3649315982" visible="true" version="3" changeset="173884880" timestamp="2025-10-28T13:54:07Z" user="DDMiron" uid="22068800" lat="55.8026775" lon="49.1068766"/>
 <node id="3762745178" visible="true" version="3" changeset="153358207" timestamp="2024-06-30T08:00:23Z" user="Глеб" uid="346125" lat="55.8028095" lon="49.1108403"/>
 <node id="3762745179" visible="true" version="3" changeset="153358207" timestamp="2024-06-30T08:00:23Z" user="Глеб" uid="346125" lat="55.8028659" lon="49.1097390"/>
 <node id="3762745181" visible="true" version="2" changeset="39202291" timestamp="2016-05-09T21:45:25Z" user="hlam-2008" uid="2564978" lat="55.8032640" lon="49.1097749"/>
 <node id="3762745182" visible="true" version="3" changeset="140469511" timestamp="2023-08-27T21:56:02Z" user="Глеб" uid="346125" lat="55.8032793" lon="49.1093324"/>
 <node id="4274118622" visible="true" version="1" changeset="40401480" timestamp="2016-06-30T19:57:05Z" user="hlam-2008" uid="2564978" lat="55.8027926" lon="49.1076038"/>
 <node id="4274118623" visible="true" version="1" changeset="40401480" timestamp="2016-06-30T19:57:05Z" user="hlam-2008" uid="2564978" lat="55.8027537" lon="49.1076020"/>
 <node id="4274118624" visible="true" version="1" changeset="40401480" timestamp="2016-06-30T19:57:06Z" user="hlam-2008" uid="2564978" lat="55.8027266" lon="49.1075990"/>
 <node id="4274118625" visible="true" version="1" changeset="40401480" timestamp="2016-06-30T19:57:08Z" user="hlam-2008" uid="2564978" lat="55.8027253" lon="49.1074326"/>
 <node id="4274118626" visible="true" version="1" changeset="40401480" timestamp="2016-06-30T19:57:13Z" user="hlam-2008" uid="2564978" lat="55.8026391" lon="49.1075912"/>
 <node id="4274127334" visible="true" version="1" changeset="40401480" timestamp="2016-06-30T19:57:13Z" user="hlam-2008" uid="2564978" lat="55.8026065" lon="49.1075143"/>
 <node id="4274127335" visible="true" version="1" changeset="40401480" timestamp="2016-06-30T19:57:14Z" user="hlam-2008" uid="2564978" lat="55.8026058" lon="49.1075915"/>
 <node id="4274127337" visible="true" version="1" changeset="40401480" timestamp="2016-06-30T19:57:21Z" user="hlam-2008" uid="2564978" lat="55.8041765" lon="49.1179315"/>
 <node id="4274127338" visible="true" version="1" changeset="40401480" timestamp="2016-06-30T19:57:22Z" user="hlam-2008" uid="2564978" lat="55.8041526" lon="49.1180343"/>
 <node id="4274168814" visible="true" version="1" changeset="40401480" timestamp="2016-06-30T19:57:08Z" user="hlam-2008" uid="2564978" lat="55.8027261" lon="49.1073562"/>
 <node id="4274169024" visible="true" version="1" changeset="40401480" timestamp="2016-06-30T19:57:09Z" user="hlam-2008" uid="2564978" lat="55.8027596" lon="49.1073570"/>
 <node id="4274169025" visible="true" version="1" changeset="40401480" timestamp="2016-06-30T19:57:11Z" user="hlam-2008" uid="2564978" lat="55.8026359" lon="49.1074026"/>
 <node id="4274169701" visible="true" version="1" changeset="40401480" timestamp="2016-06-30T19:57:06Z" user="hlam-2008" uid="2564978" lat="55.8027543" lon="49.1075456"/>
 <node id="4274169702" visible="true" version="1" changeset="40401480" timestamp="2016-06-30T19:57:06Z" user="hlam-2008" uid="2564978" lat="55.8027276" lon="49.1075446"/>
 <node id="4274169703" visible="true" version="1" changeset="40401480" timestamp="2016-06-30T19:57:07Z" user="hlam-2008" uid="2564978" lat="55.8026995" lon="49.1073548"/>
 <node id="4274169704" visible="true" version="1" changeset="40401480" timestamp="2016-06-30T19:57:08Z" user="hlam-2008" uid="2564978" lat="55.8027581" lon="49.1074341"/>
 <node id="4274169705" visible="true" version="1" changeset="40401480" timestamp="2016-06-30T19:57:12Z" user="hlam-2008" uid="2564978" lat="55.8026678" lon="49.1073498"/>
 <node id="4274169706" visible="true" version="1" changeset="40401480" timestamp="2016-06-30T19:57:23Z" user="hlam-2008" uid="2564978" lat="55.8042862" lon="49.1186888"/>
 <node id="4274170509" visible="true" version="1" changeset="40401480" timestamp="2016-06-30T19:57:07Z" user="hlam-2008" uid="2564978" lat="55.8026957" lon="49.1075966"/>
 <node id="4274170510" visible="true" version="1" changeset="40401480" timestamp="2016-06-30T19:57:10Z" user="hlam-2008" uid="2564978" lat="55.8026095" lon="49.1073461"/>
 <node id="4274170511" visible="true" version="1" changeset="40401480" timestamp="2016-06-30T19:57:11Z" user="hlam-2008" uid="2564978" lat="55.8026092" lon="49.1074029"/>
 <node id="4274170512" visible="true" version="1" changeset="40401480" timestamp="2016-06-30T19:57:11Z" user="hlam-2008" uid="2564978" lat="55.8026368" lon="49.1073487"/>
 <node id="4274170513" visible="true" version="1" changeset="40401480" timestamp="2016-06-30T19:57:12Z" user="hlam-2008" uid="2564978" lat="55.8026660" lon="49.1075917"/>
 <node id="4274170514" visible="true" version="1" changeset="40401480" timestamp="2016-06-30T19:57:14Z" user="hlam-2008" uid="2564978" lat="55.8025692" lon="49.1075913"/>
 <node id="4274170515" visible="true" version="2" changeset="49005872" timestamp="2017-05-26T15:41:00Z" user="acsd" uid="345493" lat="55.8024478" lon="49.1069126"/>
 <node id="4274170516" visible="true" version="2" changeset="49005872" timestamp="2017-05-26T15:41:00Z" user="acsd" uid="345493" lat="55.8024131" lon="49.1068161"/>
 <node id="4274222897" visible="true" version="1" changeset="40401480" timestamp="2016-06-30T19:57:09Z" user="hlam-2008" uid="2564978" lat="55.8027965" lon="49.1073588"/>
 <node id="4274222898" visible="true" version="1" changeset="40401480" timestamp="2016-06-30T19:57:10Z" user="hlam-2008" uid="2564978" lat="55.8025706" lon="49.1073462"/>
 <node id="4274222994" visible="true" version="1" changeset="40401480" timestamp="2016-06-30T19:57:13Z" user="hlam-2008" uid="2564978" lat="55.8026392" lon="49.1075148"/>
 <node id="4274233389" visible="true" version="2" changeset="49005872" timestamp="2017-05-26T15:41:00Z" user="acsd" uid="345493" lat="55.8023875" lon="49.1067792"/>
 <node id="4337766268" visible="true" version="1" changeset="41279091" timestamp="2016-08-05T22:35:21Z" user="Eljah" uid="1334425" lat="55.8024945" lon="49.1075490"/>
 <node id="4347591894" visible="true" version="1" changeset="41415106" timestamp="2016-08-12T17:44:21Z" user="lokks" uid="3669193" lat="55.8024382" lon="49.1082897">
  <tag k="amenity" v="bicycle_parking"/>
 </node>
 <node id="4347689492" visible="true" version="2" changeset="126556828" timestamp="2022-09-23T17:01:20Z" user="parukhin" uid="519501" lat="55.8024292" lon="49.1085907">
  <tag k="amenity" v="bicycle_parking"/>
  <tag k="bicycle_parking" v="spiral"/>
  <tag k="capacity" v="5"/>
 </node>
 <node id="4722056155" visible="true" version="1" changeset="46651797" timestamp="2017-03-07T13:10:52Z" user="user_5234693" uid="5234693" lat="55.8021813" lon="49.1078728"/>
 <node id="4878767248" visible="true" version="1" changeset="49005872" timestamp="2017-05-26T15:40:57Z" user="acsd" uid="345493" lat="55.8024290" lon="49.1074142"/>
 <node id="4878767250" visible="true" version="2" changeset="153358207" timestamp="2024-06-30T08:00:23Z" user="Глеб" uid="346125" lat="55.8024051" lon="49.1078829"/>
 <node id="4878767253" visible="true" version="2" changeset="59467986" timestamp="2018-06-01T17:36:26Z" user="Art'y" uid="235335" lat="55.8024999" lon="49.1069762">
  <tag k="crossing" v="uncontrolled"/>
  <tag k="highway" v="crossing"/>
 </node>
 <node id="4878767255" visible="true" version="2" changeset="59467986" timestamp="2018-06-01T17:36:26Z" user="Art'y" uid="235335" lat="55.8023472" lon="49.1066595"/>
 <node id="4878767256" visible="true" version="1" changeset="49005872" timestamp="2017-05-26T15:40:58Z" user="acsd" uid="345493" lat="55.8024207" lon="49.1067879"/>
 <node id="4878767257" visible="true" version="2" changeset="59467986" timestamp="2018-06-01T17:36:26Z" user="Art'y" uid="235335" lat="55.8024749" lon="49.1069622"/>
 <node id="4878767258" visible="true" version="2" changeset="59467986" timestamp="2018-06-01T17:36:26Z" user="Art'y" uid="235335" lat="55.8025347" lon="49.1069782"/>
 <node id="4878767259" visible="true" version="1" changeset="49005872" timestamp="2017-05-26T15:40:58Z" user="acsd" uid="345493" lat="55.8024727" lon="49.1074745"/>
 <node id="4878767260" visible="true" version="1" changeset="49005872" timestamp="2017-05-26T15:40:58Z" user="acsd" uid="345493" lat="55.8024253" lon="49.1061863">
  <tag k="crossing" v="uncontrolled"/>
  <tag k="highway" v="crossing"/>
 </node>
 <node id="4878767261" visible="true" version="2" changeset="59467986" timestamp="2018-06-01T17:36:26Z" user="Art'y" uid="235335" lat="55.8023417" lon="49.1062478"/>
 <node id="4878767262" visible="true" version="1" changeset="49005872" timestamp="2017-05-26T15:40:58Z" user="acsd" uid="345493" lat="55.8024589" lon="49.1061587"/>
 <node id="5056135187" visible="true" version="3" changeset="171329053" timestamp="2025-09-01T18:26:02Z" user="parukhin" uid="519501" lat="55.8026016" lon="49.1068004">
  <tag k="amenity" v="bicycle_rental"/>
  <tag k="check_date" v="2025-08-31"/>
  <tag k="opening_hours" v="11:00-23:00"/>
 </node>
 <node id="5069980318" visible="true" version="2" changeset="140469511" timestamp="2023-08-27T21:56:02Z" user="Глеб" uid="346125" lat="55.8025130" lon="49.1104256"/>
 <node id="5069980319" visible="true" version="1" changeset="51589384" timestamp="2017-08-30T18:21:06Z" user="acsd" uid="345493" lat="55.8024850" lon="49.1109362"/>
 <node id="5069980320" visible="true" version="1" changeset="51589384" timestamp="2017-08-30T18:21:06Z" user="acsd" uid="345493" lat="55.8026295" lon="49.1109569"/>
 <node id="5069980821" visible="true" version="2" changeset="140469511" timestamp="2023-08-27T21:56:02Z" user="Глеб" uid="346125" lat="55.8026555" lon="49.1104444"/>
 <node id="5069980822" visible="true" version="2" changeset="140469511" timestamp="2023-08-27T21:56:02Z" user="Глеб" uid="346125" lat="55.8023865" lon="49.1104090"/>
 <node id="5069980823" visible="true" version="1" changeset="51589384" timestamp="2017-08-30T18:21:06Z" user="acsd" uid="345493" lat="55.8028286" lon="49.1133766"/>
 <node id="5069980824" visible="true" version="2" changeset="151438439" timestamp="2024-05-17T06:54:35Z" user="Глеб" uid="346125" lat="55.8026161" lon="49.1125308"/>
 <node id="5069980825" visible="true" version="2" changeset="151438439" timestamp="2024-05-17T06:54:35Z" user="Глеб" uid="346125" lat="55.8027439" lon="49.1124188"/>
 <node id="5101100273" visible="true" version="1" changeset="51976921" timestamp="2017-09-12T15:22:08Z" user="acsd" uid="345493" lat="55.8025580" lon="49.1096113"/>
 <node id="5101100274" visible="true" version="1" changeset="51976921" timestamp="2017-09-12T15:22:08Z" user="acsd" uid="345493" lat="55.8026941" lon="49.1096334"/>
 <node id="5101100275" visible="true" version="1" changeset="51976921" timestamp="2017-09-12T15:22:08Z" user="acsd" uid="345493" lat="55.8024322" lon="49.1095909"/>
 <node id="5101100276" visible="true" version="1" changeset="51976921" timestamp="2017-09-12T15:22:08Z" user="acsd" uid="345493" lat="55.8027140" lon="49.1092260"/>
 <node id="5101100277" visible="true" version="2" changeset="140469511" timestamp="2023-08-27T21:56:02Z" user="Глеб" uid="346125" lat="55.8026266" lon="49.1085113"/>
 <node id="5101100278" visible="true" version="2" changeset="140469511" timestamp="2023-08-27T21:56:02Z" user="Глеб" uid="346125" lat="55.8027552" lon="49.1085364"/>
 <node id="5101100279" visible="true" version="2" changeset="140469511" timestamp="2023-08-27T21:56:02Z" user="Глеб" uid="346125" lat="55.8024947" lon="49.1084863"/>
 <node id="5101100280" visible="true" version="1" changeset="51976921" timestamp="2017-09-12T15:22:08Z" user="acsd" uid="345493" lat="55.8031268" lon="49.1145474"/>
 <node id="5101100281" visible="true" version="1" changeset="51976921" timestamp="2017-09-12T15:22:08Z" user="acsd" uid="345493" lat="55.8032756" lon="49.1151312"/>
 <node id="5101100283" visible="true" version="1" changeset="51976921" timestamp="2017-09-12T15:22:08Z" user="acsd" uid="345493" lat="55.8032654" lon="49.1144304"/>
 <node id="5101100284" visible="true" version="1" changeset="51976921" timestamp="2017-09-12T15:22:08Z" user="acsd" uid="345493" lat="55.8029960" lon="49.1146578"/>
 <node id="5101100286" visible="true" version="1" changeset="51976921" timestamp="2017-09-12T15:22:08Z" user="acsd" uid="345493" lat="55.8037734" lon="49.1164296"/>
 <node id="5101100289" visible="true" version="1" changeset="51976921" timestamp="2017-09-12T15:22:08Z" user="acsd" uid="345493" lat="55.8038832" lon="49.1168615"/>
 <node id="5101100290" visible="true" version="1" changeset="51976921" timestamp="2017-09-12T15:22:08Z" user="acsd" uid="345493" lat="55.8042433" lon="49.1205380"/>
 <node id="5101100293" visible="true" version="1" changeset="51976921" timestamp="2017-09-12T15:22:08Z" user="acsd" uid="345493" lat="55.8042718" lon="49.1199039"/>
 <node id="5101100295" visible="true" version="2" changeset="140469511" timestamp="2023-08-27T21:56:02Z" user="Глеб" uid="346125" lat="55.8041815" lon="49.1218539"/>
 <node id="5101100298" visible="true" version="1" changeset="51976921" timestamp="2017-09-12T15:22:08Z" user="acsd" uid="345493" lat="55.8041475" lon="49.1224469"/>
 <node id="5101100302" visible="true" version="2" changeset="140469511" timestamp="2023-08-27T21:56:02Z" user="Глеб" uid="346125" lat="55.8040728" lon="49.1237540"/>
 <node id="5656888067" visible="true" version="2" changeset="59581091" timestamp="2018-06-05T20:25:28Z" user="Art'y" uid="235335" lat="55.8025449" lon="49.1061082"/>
 <node id="5656888068" visible="true" version="2" changeset="59581091" timestamp="2018-06-05T20:25:28Z" user="Art'y" uid="235335" lat="55.8026693" lon="49.1064265"/>
 <node id="5656888069" visible="true" version="2" changeset="59581091" timestamp="2018-06-05T20:25:28Z" user="Art'y" uid="235335" lat="55.8025585" lon="49.1067364"/>
 <node id="5656888070" visible="true" version="2" changeset="59581091" timestamp="2018-06-05T20:25:28Z" user="Art'y" uid="235335" lat="55.8027009" lon="49.1066800"/>
 <node id="5656888071" visible="true" version="2" changeset="173884880" timestamp="2025-10-28T13:54:07Z" user="DDMiron" uid="22068800" lat="55.8028149" lon="49.1068764"/>
 <node id="5656888072" visible="true" version="1" changeset="59467986" timestamp="2018-06-01T17:36:18Z" user="Art'y" uid="235335" lat="55.8026724" lon="49.1059899"/>
 <node id="5656893842" visible="true" version="3" changeset="151918337" timestamp="2024-05-27T21:02:54Z" user="Глеб" uid="346125" lat="55.8022522" lon="49.1049544"/>
 <node id="5656893843" visible="true" version="3" changeset="151918337" timestamp="2024-05-27T21:02:54Z" user="Глеб" uid="346125" lat="55.8024250" lon="49.1056533"/>
 <node id="5656893844" visible="true" version="3" changeset="151918337" timestamp="2024-05-27T21:02:54Z" user="Глеб" uid="346125" lat="55.8025031" lon="49.1055921"/>
 <node id="5656893845" visible="true" version="3" changeset="151918337" timestamp="2024-05-27T21:02:54Z" user="Глеб" uid="346125" lat="55.8023302" lon="49.1048933"/>
 <node id="5656893846" visible="true" version="1" changeset="59467986" timestamp="2018-06-01T17:36:17Z" user="Art'y" uid="235335" lat="55.8023054" lon="49.1052939"/>
 <node id="5656893856" visible="true" version="3" changeset="151918337" timestamp="2024-05-27T21:02:54Z" user="Глеб" uid="346125" lat="55.8025590" lon="49.1056916"/>
 <node id="5656893857" visible="true" version="3" changeset="151918337" timestamp="2024-05-27T21:02:54Z" user="Глеб" uid="346125" lat="55.8024406" lon="49.1057801"/>
 <node id="5656893858" visible="true" version="3" changeset="151918337" timestamp="2024-05-27T21:02:54Z" user="Глеб" uid="346125" lat="55.8024161" lon="49.1056761"/>
 <node id="5656893859" visible="true" version="3" changeset="151918337" timestamp="2024-05-27T21:02:54Z" user="Глеб" uid="346125" lat="55.8025344" lon="49.1055876"/>
 <node id="5656893861" visible="true" version="2" changeset="59581091" timestamp="2018-06-05T20:25:29Z" user="Art'y" uid="235335" lat="55.8024698" lon="49.1060231"/>
 <node id="5656893862" visible="true" version="2" changeset="59581091" timestamp="2018-06-05T20:25:29Z" user="Art'y" uid="235335" lat="55.8026544" lon="49.1060407"/>
 <node id="5656893863" visible="true" version="2" changeset="59581091" timestamp="2018-06-05T20:25:29Z" user="Art'y" uid="235335" lat="55.8026323" lon="49.1059251"/>
 <node id="5656893864" visible="true" version="2" changeset="59581091" timestamp="2018-06-05T20:25:29Z" user="Art'y" uid="235335" lat="55.8025871" lon="49.1064579"/>
 <node id="5656893865" visible="true" version="2" changeset="59581091" timestamp="2018-06-05T20:25:29Z" user="Art'y" uid="235335" lat="55.8025437" lon="49.1066132"/>
 <node id="5656893866" visible="true" version="2" changeset="59581091" timestamp="2018-06-05T20:25:29Z" user="Art'y" uid="235335" lat="55.8025625" lon="49.1067349"/>
 <node id="5656893867" visible="true" version="2" changeset="59581091" timestamp="2018-06-05T20:25:29Z" user="Art'y" uid="235335" lat="55.8026236" lon="49.1067096"/>
 <node id="5656893868" visible="true" version="2" changeset="59581091" timestamp="2018-06-05T20:25:29Z" user="Art'y" uid="235335" lat="55.8026814" lon="49.1065267"/>
 <node id="5656893869" visible="true" version="2" changeset="59581091" timestamp="2018-06-05T20:25:29Z" user="Art'y" uid="235335" lat="55.8026925" lon="49.1066101"/>
 <node id="5656893870" visible="true" version="2" changeset="59581091" timestamp="2018-06-05T20:25:29Z" user="Art'y" uid="235335" lat="55.8027638" lon="49.1065828"/>
 <node id="5656893871" visible="true" version="2" changeset="59581091" timestamp="2018-06-05T20:25:29Z" user="Art'y" uid="235335" lat="55.8027537" lon="49.1064991"/>
 <node id="5656893872" visible="true" version="2" changeset="59581091" timestamp="2018-06-05T20:25:29Z" user="Art'y" uid="235335" lat="55.8025831" lon="49.1069053"/>
 <node id="5656893873" visible="true" version="2" changeset="59581091" timestamp="2018-06-05T20:25:29Z" user="Art'y" uid="235335" lat="55.8026444" lon="49.1068819"/>
 <node id="6640431340" visible="true" version="1" changeset="72556351" timestamp="2019-07-23T12:43:43Z" user="user_8704370" uid="8704370" lat="55.8033035" lon="49.1085976"/>
 <node id="6640431341" visible="true" version="1" changeset="72556351" timestamp="2019-07-23T12:43:43Z" user="user_8704370" uid="8704370" lat="55.8033239" lon="49.1081912"/>
 <node id="6640431342" visible="true" version="1" changeset="72556351" timestamp="2019-07-23T12:43:43Z" user="user_8704370" uid="8704370" lat="55.8028003" lon="49.1081082"/>
 <node id="6640431343" visible="true" version="1" changeset="72556351" timestamp="2019-07-23T12:43:43Z" user="user_8704370" uid="8704370" lat="55.8027642" lon="49.1088297"/>
 <node id="6640431344" visible="true" version="1" changeset="72556351" timestamp="2019-07-23T12:43:43Z" user="user_8704370" uid="8704370" lat="55.8028922" lon="49.1088499"/>
 <node id="6640431345" visible="true" version="1" changeset="72556351" timestamp="2019-07-23T12:43:43Z" user="user_8704370" uid="8704370" lat="55.8029249" lon="49.1081962"/>
 <node id="6640431346" visible="true" version="1" changeset="72556351" timestamp="2019-07-23T12:43:43Z" user="user_8704370" uid="8704370" lat="55.8031388" lon="49.1082301"/>
 <node id="6640431347" visible="true" version="1" changeset="72556351" timestamp="2019-07-23T12:43:43Z" user="user_8704370" uid="8704370" lat="55.8031219" lon="49.1085689"/>
 <node id="8001612435" visible="true" version="1" changeset="92379723" timestamp="2020-10-13T00:44:14Z" user="misha yakin" uid="384109" lat="55.9100180" lon="49.2085576"/>
 <node id="8001612436" visible="true" version="1" changeset="92379723" timestamp="2020-10-13T00:44:14Z" user="misha yakin" uid="384109" lat="55.9091490" lon="49.2092764"/>
 <node id="8001656514" visible="true" version="1" changeset="92379723" timestamp="2020-10-13T00:44:13Z" user="misha yakin" uid="384109" lat="55.9094767" lon="49.2028177"/>
 <node id="8001656525" visible="true" version="1" changeset="92379723" timestamp="2020-10-13T00:44:13Z" user="misha yakin" uid="384109" lat="55.9058053" lon="49.2075115"/>
 <node id="8001656526" visible="true" version="1" changeset="92379723" timestamp="2020-10-13T00:44:13Z" user="misha yakin" uid="384109" lat="55.9057602" lon="49.2062831"/>
 <node id="8001656640" visible="true" version="1" changeset="92379723" timestamp="2020-10-13T00:44:13Z" user="misha yakin" uid="384109" lat="55.9133432" lon="49.2176717"/>
 <node id="8001656641" visible="true" version="1" changeset="92379723" timestamp="2020-10-13T00:44:13Z" user="misha yakin" uid="384109" lat="55.9136694" lon="49.2168912"/>
 <node id="8001656644" visible="true" version="1" changeset="92379723" timestamp="2020-10-13T00:44:13Z" user="misha yakin" uid="384109" lat="55.9131148" lon="49.2126346"/>
 <node id="8001656645" visible="true" version="1" changeset="92379723" timestamp="2020-10-13T00:44:13Z" user="misha yakin" uid="384109" lat="55.9123661" lon="49.2120498"/>
 <node id="8001656647" visible="true" version="1" changeset="92379723" timestamp="2020-10-13T00:44:13Z" user="misha yakin" uid="384109" lat="55.9135477" lon="49.2131603"/>
 <node id="8001656648" visible="true" version="1" changeset="92379723" timestamp="2020-10-13T00:44:13Z" user="misha yakin" uid="384109" lat="55.9140753" lon="49.2143324"/>
 <node id="8001656649" visible="true" version="1" changeset="92379723" timestamp="2020-10-13T00:44:13Z" user="misha yakin" uid="384109" lat="55.9142617" lon="49.2156440"/>
 <node id="8001656650" visible="true" version="1" changeset="92379723" timestamp="2020-10-13T00:44:13Z" user="misha yakin" uid="384109" lat="55.9140798" lon="49.2163494"/>
 <node id="8001656651" visible="true" version="1" changeset="92379723" timestamp="2020-10-13T00:44:13Z" user="misha yakin" uid="384109" lat="55.9142782" lon="49.2152712"/>
 <node id="8001656675" visible="true" version="1" changeset="92379723" timestamp="2020-10-13T00:44:13Z" user="misha yakin" uid="384109" lat="55.9116115" lon="49.2107141"/>
 <node id="8001656676" visible="true" version="1" changeset="92379723" timestamp="2020-10-13T00:44:13Z" user="misha yakin" uid="384109" lat="55.9107636" lon="49.2088258"/>
 <node id="9281587056" visible="true" version="1" changeset="114198041" timestamp="2021-11-24T21:32:38Z" user="Tim Apelov" uid="10074340" lat="55.8718707" lon="49.1800675"/>
 <node id="9281587057" visible="true" version="1" changeset="114198041" timestamp="2021-11-24T21:32:38Z" user="Tim Apelov" uid="10074340" lat="55.8889279" lon="49.1622207"/>
 <node id="9329116942" visible="true" version="1" changeset="114809655" timestamp="2021-12-11T08:35:56Z" user="acsd" uid="345493" lat="55.8065543" lon="49.1451771"/>
 <node id="9329116943" visible="true" version="1" changeset="114809655" timestamp="2021-12-11T08:35:56Z" user="acsd" uid="345493" lat="55.8065443" lon="49.1450777"/>
 <node id="9739213343" visible="true" version="1" changeset="120969652" timestamp="2022-05-14T08:59:52Z" user="Tim Apelov" uid="10074340" lat="55.8052392" lon="49.1577669"/>
 <node id="9739213344" visible="true" version="1" changeset="120969652" timestamp="2022-05-14T08:59:52Z" user="Tim Apelov" uid="10074340" lat="55.8055979" lon="49.1595622"/>
 <node id="9739213345" visible="true" version="1" changeset="120969652" timestamp="2022-05-14T08:59:52Z" user="Tim Apelov" uid="10074340" lat="55.8051368" lon="49.1570124"/>
 <node id="9739213346" visible="true" version="1" changeset="120969652" timestamp="2022-05-14T08:59:52Z" user="Tim Apelov" uid="10074340" lat="55.8048497" lon="49.1543198"/>
 <node id="9739213347" visible="true" version="1" changeset="120969652" timestamp="2022-05-14T08:59:52Z" user="Tim Apelov" uid="10074340" lat="55.8051766" lon="49.1569627"/>
 <node id="9739213348" visible="true" version="1" changeset="120969652" timestamp="2022-05-14T08:59:52Z" user="Tim Apelov" uid="10074340" lat="55.8052736" lon="49.1574320"/>
 <node id="9739213349" visible="true" version="1" changeset="120969652" timestamp="2022-05-14T08:59:52Z" user="Tim Apelov" uid="10074340" lat="55.8053869" lon="49.1575732"/>
 <node id="9739213351" visible="true" version="1" changeset="120969652" timestamp="2022-05-14T08:59:52Z" user="Tim Apelov" uid="10074340" lat="55.8052401" lon="49.1582137"/>
 <node id="9739213352" visible="true" version="1" changeset="120969652" timestamp="2022-05-14T08:59:52Z" user="Tim Apelov" uid="10074340" lat="55.8053922" lon="49.1590950"/>
 <node id="9739213353" visible="true" version="1" changeset="120969652" timestamp="2022-05-14T08:59:52Z" user="Tim Apelov" uid="10074340" lat="55.8056264" lon="49.1601494"/>
 <node id="9739213354" visible="true" version="1" changeset="120969652" timestamp="2022-05-14T08:59:52Z" user="Tim Apelov" uid="10074340" lat="55.8050059" lon="49.1608205"/>
 <node id="9739213357" visible="true" version="1" changeset="120969652" timestamp="2022-05-14T08:59:52Z" user="Tim Apelov" uid="10074340" lat="55.8060286" lon="49.1597991"/>
 <node id="9739213359" visible="true" version="1" changeset="120969652" timestamp="2022-05-14T08:59:52Z" user="Tim Apelov" uid="10074340" lat="55.8049586" lon="49.1610471"/>
 <node id="9739213360" visible="true" version="1" changeset="120969652" timestamp="2022-05-14T08:59:52Z" user="Tim Apelov" uid="10074340" lat="55.8050110" lon="49.1613601"/>
 <node id="9739213361" visible="true" version="1" changeset="120969652" timestamp="2022-05-14T08:59:52Z" user="Tim Apelov" uid="10074340" lat="55.8049775" lon="49.1616600"/>
 <node id="9739213374" visible="true" version="1" changeset="120969652" timestamp="2022-05-14T08:59:52Z" user="Tim Apelov" uid="10074340" lat="55.8030218" lon="49.1557903"/>
 <node id="9739213375" visible="true" version="1" changeset="120969652" timestamp="2022-05-14T08:59:52Z" user="Tim Apelov" uid="10074340" lat="55.8029503" lon="49.1571402"/>
 <node id="9739213419" visible="true" version="1" changeset="120969652" timestamp="2022-05-14T08:59:52Z" user="Tim Apelov" uid="10074340" lat="55.8116780" lon="49.1640315"/>
 <node id="9739213420" visible="true" version="1" changeset="120969652" timestamp="2022-05-14T08:59:52Z" user="Tim Apelov" uid="10074340" lat="55.8120130" lon="49.1641394"/>
 <node id="9739213421" visible="true" version="1" changeset="120969652" timestamp="2022-05-14T08:59:52Z" user="Tim Apelov" uid="10074340" lat="55.8132883" lon="49.1654349"/>
 <node id="9739213422" visible="true" version="1" changeset="120969652" timestamp="2022-05-14T08:59:52Z" user="Tim Apelov" uid="10074340" lat="55.8115533" lon="49.1649636"/>
 <node id="9739213423" visible="true" version="1" changeset="120969652" timestamp="2022-05-14T08:59:52Z" user="Tim Apelov" uid="10074340" lat="55.8117758" lon="49.1659365"/>
 <node id="9739213424" visible="true" version="1" changeset="120969652" timestamp="2022-05-14T08:59:52Z" user="Tim Apelov" uid="10074340" lat="55.8134268" lon="49.1648294"/>
 <node id="9739213425" visible="true" version="1" changeset="120969652" timestamp="2022-05-14T08:59:52Z" user="Tim Apelov" uid="10074340" lat="55.8136766" lon="49.1645908"/>
 <node id="9739213426" visible="true" version="1" changeset="120969652" timestamp="2022-05-14T08:59:52Z" user="Tim Apelov" uid="10074340" lat="55.8135847" lon="49.1649977"/>
 <node id="9739213428" visible="true" version="1" changeset="120969652" timestamp="2022-05-14T08:59:52Z" user="Tim Apelov" uid="10074340" lat="55.8118901" lon="49.1652420"/>
 <node id="9739213429" visible="true" version="1" changeset="120969652" timestamp="2022-05-14T08:59:52Z" user="Tim Apelov" uid="10074340" lat="55.8121548" lon="49.1649283"/>
 <node id="9739213430" visible="true" version="1" changeset="120969652" timestamp="2022-05-14T08:59:52Z" user="Tim Apelov" uid="10074340" lat="55.8124592" lon="49.1647501"/>
 <node id="9739213431" visible="true" version="1" changeset="120969652" timestamp="2022-05-14T08:59:52Z" user="Tim Apelov" uid="10074340" lat="55.8126812" lon="49.1648386"/>
 <node id="9739213432" visible="true" version="1" changeset="120969652" timestamp="2022-05-14T08:59:52Z" user="Tim Apelov" uid="10074340" lat="55.8126798" lon="49.1654235"/>
 <node id="9739213433" visible="true" version="1" changeset="120969652" timestamp="2022-05-14T08:59:52Z" user="Tim Apelov" uid="10074340" lat="55.8125071" lon="49.1658339"/>
 <node id="9739213434" visible="true" version="1" changeset="120969652" timestamp="2022-05-14T08:59:52Z" user="Tim Apelov" uid="10074340" lat="55.8124044" lon="49.1661190"/>
 <node id="9739213435" visible="true" version="1" changeset="120969652" timestamp="2022-05-14T08:59:52Z" user="Tim Apelov" uid="10074340" lat="55.8126255" lon="49.1661404"/>
 <node id="9741672299" visible="true" version="1" changeset="121020812" timestamp="2022-05-15T17:41:20Z" user="Tim Apelov" uid="10074340" lat="55.8078217" lon="49.1628030"/>
 <node id="9776584451" visible="true" version="5" changeset="169704271" timestamp="2025-07-30T07:03:39Z" user="DDMiron" uid="22068800" lat="55.8027552" lon="49.1078406">
  <tag k="attraction" v="swing_carousel"/>
  <tag k="fee" v="yes"/>
  <tag k="opening_hours" v="11:00-23:00"/>
 </node>
 <node id="9776751670" visible="true" version="1" changeset="121614920" timestamp="2022-05-28T12:31:38Z" user="parukhin" uid="519501" lat="55.8039186" lon="49.1261589"/>
 <node id="9776751853" visible="true" version="1" changeset="121614920" timestamp="2022-05-28T12:31:38Z" user="parukhin" uid="519501" lat="55.8024313" lon="49.1283842"/>
 <node id="9776751854" visible="true" version="1" changeset="121614920" timestamp="2022-05-28T12:31:38Z" user="parukhin" uid="519501" lat="55.8027606" lon="49.1281056"/>
 <node id="9917653668" visible="true" version="2" changeset="151426190" timestamp="2024-05-16T20:18:43Z" user="Глеб" uid="346125" lat="55.8019921" lon="49.1363336">
  <tag k="artist_name" v="Orchestra Design"/>
  <tag k="artwork_type" v="installation"/>
  <tag k="name" v="Речные ворота"/>
  <tag k="tourism" v="artwork"/>
 </node>
 <node id="9917653669" visible="true" version="2" changeset="151426190" timestamp="2024-05-16T20:18:43Z" user="Глеб" uid="346125" lat="55.8025075" lon="49.1392702">
  <tag k="artist_name" v="Orchestra Design"/>
  <tag k="artwork_type" v="installation"/>
  <tag k="name" v="Речные ворота"/>
  <tag k="tourism" v="artwork"/>
 </node>
 <node id="9917653672" visible="true" version="2" changeset="151426190" timestamp="2024-05-16T20:18:43Z" user="Глеб" uid="346125" lat="55.8032716" lon="49.1422714">
  <tag k="artist_name" v="Orchestra Design"/>
  <tag k="artwork_type" v="installation"/>
  <tag k="name" v="Речные ворота"/>
  <tag k="tourism" v="artwork"/>
 </node>
 <node id="9917653673" visible="true" version="2" changeset="151426190" timestamp="2024-05-16T20:18:43Z" user="Глеб" uid="346125" lat="55.8044305" lon="49.1434629">
  <tag k="artist_name" v="Orchestra Design"/>
  <tag k="artwork_type" v="installation"/>
  <tag k="name" v="Речные ворота"/>
  <tag k="tourism" v="artwork"/>
 </node>
 <node id="10047779583" visible="true" version="1" changeset="126556828" timestamp="2022-09-23T17:01:20Z" user="parukhin" uid="519501" lat="55.8024723" lon="49.1081736">
  <tag k="artwork_type" v="sculpture"/>
  <tag k="description" v="Лоси"/>
  <tag k="material" v="wood"/>
  <tag k="tourism" v="artwork"/>
 </node>
 <node id="10048125733" visible="true" version="3" changeset="153358207" timestamp="2024-06-30T08:00:23Z" user="Глеб" uid="346125" lat="55.8025320" lon="49.1085515"/>
 <node id="10048125734" visible="true" version="3" changeset="153358207" timestamp="2024-06-30T08:00:23Z" user="Глеб" uid="346125" lat="55.8026663" lon="49.1085747"/>
 <node id="10048125735" visible="true" version="3" changeset="153358207" timestamp="2024-06-30T08:00:23Z" user="Глеб" uid="346125" lat="55.8025424" lon="49.1083605"/>
 <node id="10048125736" visible="true" version="3" changeset="153358207" timestamp="2024-06-30T08:00:23Z" user="Глеб" uid="346125" lat="55.8026779" lon="49.1083822"/>
 <node id="10091260685" visible="true" version="1" changeset="127334860" timestamp="2022-10-11T05:02:12Z" user="SvM" uid="130270" lat="55.8963080" lon="49.1563355"/>
 <node id="10310467362" visible="true" version="1" changeset="130938360" timestamp="2023-01-06T09:12:53Z" user="Art'y" uid="235335" lat="55.8858484" lon="49.1891921"/>
 <node id="10311283961" visible="true" version="1" changeset="130951730" timestamp="2023-01-06T15:11:10Z" user="Art'y" uid="235335" lat="55.8761189" lon="49.1860190"/>
 <node id="10880420833" visible="true" version="1" changeset="135882919" timestamp="2023-05-09T08:12:25Z" user="Альберт Балтачев" uid="5449135" lat="55.8906549" lon="49.1887492"/>
 <node id="10880420849" visible="true" version="1" changeset="135882919" timestamp="2023-05-09T08:12:25Z" user="Альберт Балтачев" uid="5449135" lat="55.8903198" lon="49.1870509"/>
 <node id="10880420855" visible="true" version="1" changeset="135882919" timestamp="2023-05-09T08:12:25Z" user="Альберт Балтачев" uid="5449135" lat="55.8897175" lon="49.1856727"/>
 <node id="10909174028" visible="true" version="1" changeset="136270479" timestamp="2023-05-18T19:32:49Z" user="parukhin" uid="519501" lat="55.8027800" lon="49.1072081">
  <tag k="amenity" v="waste_basket"/>
  <tag k="material" v="metal"/>
  <tag k="waste" v="trash"/>
 </node>
 <node id="10909174029" visible="true" version="1" changeset="136270479" timestamp="2023-05-18T19:32:49Z" user="parukhin" uid="519501" lat="55.8027765" lon="49.1071626">
  <tag k="amenity" v="bench"/>
  <tag k="backrest" v="no"/>
  <tag k="material" v="wood"/>
 </node>
 <node id="10909174030" visible="true" version="2" changeset="153358207" timestamp="2024-06-30T08:00:23Z" user="Глеб" uid="346125" lat="55.8027785" lon="49.1069964">
  <tag k="amenity" v="lounger"/>
 </node>
 <node id="11042751487" visible="true" version="1" changeset="138432788" timestamp="2023-07-12T17:40:13Z" user="Глеб" uid="346125" lat="55.8023836" lon="49.1062170"/>
 <node id="11042751488" visible="true" version="1" changeset="138432788" timestamp="2023-07-12T17:40:13Z" user="Глеб" uid="346125" lat="55.8025050" lon="49.1078407"/>
 <node id="11042751489" visible="true" version="1" changeset="138432788" timestamp="2023-07-12T17:40:13Z" user="Глеб" uid="346125" lat="55.8025055" lon="49.1077495"/>
 <node id="11042751490" visible="true" version="1" changeset="138432788" timestamp="2023-07-12T17:40:13Z" user="Глеб" uid="346125" lat="55.8024942" lon="49.1076274"/>
 <node id="11042751491" visible="true" version="1" changeset="138432788" timestamp="2023-07-12T17:40:13Z" user="Глеб" uid="346125" lat="55.8024520" lon="49.1075369"/>
 <node id="11042751492" visible="true" version="1" changeset="138432788" timestamp="2023-07-12T17:40:13Z" user="Глеб" uid="346125" lat="55.8024098" lon="49.1074947"/>
 <node id="11042751493" visible="true" version="1" changeset="138432788" timestamp="2023-07-12T17:40:13Z" user="Глеб" uid="346125" lat="55.8023758" lon="49.1074678"/>
 <node id="11042751494" visible="true" version="1" changeset="138432788" timestamp="2023-07-12T17:40:13Z" user="Глеб" uid="346125" lat="55.8023419" lon="49.1074437"/>
 <node id="11042751495" visible="true" version="1" changeset="138432788" timestamp="2023-07-12T17:40:13Z" user="Глеб" uid="346125" lat="55.8022684" lon="49.1074202"/>
 <node id="11042751496" visible="true" version="1" changeset="138432788" timestamp="2023-07-12T17:40:13Z" user="Глеб" uid="346125" lat="55.8022452" lon="49.1074337"/>
 <node id="11042751497" visible="true" version="1" changeset="138432788" timestamp="2023-07-12T17:40:13Z" user="Глеб" uid="346125" lat="55.8022192" lon="49.1076287"/>
 <node id="11042751498" visible="true" version="1" changeset="138432788" timestamp="2023-07-12T17:40:13Z" user="Глеб" uid="346125" lat="55.8022745" lon="49.1077117"/>
 <node id="11149073228" visible="true" version="1" changeset="140469511" timestamp="2023-08-27T21:56:02Z" user="Глеб" uid="346125" lat="55.8026179" lon="49.1070275"/>
 <node id="11149073229" visible="true" version="1" changeset="140469511" timestamp="2023-08-27T21:56:02Z" user="Глеб" uid="346125" lat="55.8026218" lon="49.1071118"/>
 <node id="11149073230" visible="true" version="1" changeset="140469511" timestamp="2023-08-27T21:56:02Z" user="Глеб" uid="346125" lat="55.8027149" lon="49.1070981"/>
 <node id="11149073231" visible="true" version="1" changeset="140469511" timestamp="2023-08-27T21:56:02Z" user="Глеб" uid="346125" lat="55.8027110" lon="49.1070139"/>
 <node id="11149073232" visible="true" version="1" changeset="140469511" timestamp="2023-08-27T21:56:02Z" user="Глеб" uid="346125" lat="55.8029018" lon="49.1092690"/>
 <node id="11149073233" visible="true" version="1" changeset="140469511" timestamp="2023-08-27T21:56:02Z" user="Глеб" uid="346125" lat="55.8029070" lon="49.1091207"/>
 <node id="11784648927" visible="true" version="1" changeset="149544755" timestamp="2024-04-03T21:38:35Z" user="Глеб" uid="346125" lat="55.8526191" lon="49.1596795"/>
 <node id="11786219954" visible="true" version="1" changeset="149554461" timestamp="2024-04-04T06:29:13Z" user="Глеб" uid="346125" lat="55.8570931" lon="49.1682395"/>
 <node id="12022302950" visible="true" version="1" changeset="153358207" timestamp="2024-06-30T08:00:23Z" user="Глеб" uid="346125" lat="55.8026739" lon="49.1084730"/>
 <node id="12022302951" visible="true" version="1" changeset="153358207" timestamp="2024-06-30T08:00:23Z" user="Глеб" uid="346125" lat="55.8027102" lon="49.1084781"/>
 <node id="12022302952" visible="true" version="1" changeset="153358207" timestamp="2024-06-30T08:00:23Z" user="Глеб" uid="346125" lat="55.8027146" lon="49.1083879"/>
 <node id="12022302953" visible="true" version="1" changeset="153358207" timestamp="2024-06-30T08:00:23Z" user="Глеб" uid="346125" lat="55.8026622" lon="49.1086656"/>
 <node id="12022302954" visible="true" version="1" changeset="153358207" timestamp="2024-06-30T08:00:23Z" user="Глеб" uid="346125" lat="55.8026985" lon="49.1086707"/>
 <node id="12022302955" visible="true" version="1" changeset="153358207" timestamp="2024-06-30T08:00:23Z" user="Глеб" uid="346125" lat="55.8027026" lon="49.1085798"/>
 <node id="12022302956" visible="true" version="1" changeset="153358207" timestamp="2024-06-30T08:00:23Z" user="Глеб" uid="346125" lat="55.8025384" lon="49.1084514"/>
 <node id="12022302957" visible="true" version="1" changeset="153358207" timestamp="2024-06-30T08:00:23Z" user="Глеб" uid="346125" lat="55.8025747" lon="49.1084566"/>
 <node id="12022302958" visible="true" version="1" changeset="153358207" timestamp="2024-06-30T08:00:23Z" user="Глеб" uid="346125" lat="55.8025788" lon="49.1083656"/>
 <node id="12022302959" visible="true" version="1" changeset="153358207" timestamp="2024-06-30T08:00:23Z" user="Глеб" uid="346125" lat="55.8025280" lon="49.1086425"/>
 <node id="12022302960" visible="true" version="1" changeset="153358207" timestamp="2024-06-30T08:00:23Z" user="Глеб" uid="346125" lat="55.8025643" lon="49.1086476"/>
 <node id="12022302961" visible="true" version="1" changeset="153358207" timestamp="2024-06-30T08:00:23Z" user="Глеб" uid="346125" lat="55.8025684" lon="49.1085567"/>
 <node id="12022302962" visible="true" version="1" changeset="153358207" timestamp="2024-06-30T08:00:23Z" user="Глеб" uid="346125" lat="55.8026794" lon="49.1081718">
  <tag k="amenity" v="bench"/>
 </node>
 <node id="12022302963" visible="true" version="1" changeset="153358207" timestamp="2024-06-30T08:00:23Z" user="Глеб" uid="346125" lat="55.8026725" lon="49.1083143">
  <tag k="amenity" v="bench"/>
 </node>
 <node id="12022302964" visible="true" version="1" changeset="153358207" timestamp="2024-06-30T08:00:23Z" user="Глеб" uid="346125" lat="55.8026465" lon="49.1087865">
  <tag k="amenity" v="bench"/>
 </node>
 <node id="12022302966" visible="true" version="1" changeset="153358207" timestamp="2024-06-30T08:00:23Z" user="Глеб" uid="346125" lat="55.8026067" lon="49.1081063">
  <tag k="amenity" v="bench"/>
 </node>
 <node id="12022302967" visible="true" version="1" changeset="153358207" timestamp="2024-06-30T08:00:23Z" user="Глеб" uid="346125" lat="55.8027067" lon="49.1087765">
  <tag k="amenity" v="bench"/>
 </node>
 <node id="12022416679" visible="true" version="1" changeset="153358207" timestamp="2024-06-30T08:00:23Z" user="Глеб" uid="346125" lat="55.8025933" lon="49.1083004">
  <tag k="amenity" v="bench"/>
 </node>
 <node id="12022416682" visible="true" version="1" changeset="153358207" timestamp="2024-06-30T08:00:23Z" user="Глеб" uid="346125" lat="55.8025677" lon="49.1087844">
  <tag k="amenity" v="bench"/>
 </node>
 <node id="12022416683" visible="true" version="1" changeset="153358207" timestamp="2024-06-30T08:00:23Z" user="Глеб" uid="346125" lat="55.8025156" lon="49.1087281">
  <tag k="amenity" v="bench"/>
 </node>
 <node id="12022416684" visible="true" version="1" changeset="153358207" timestamp="2024-06-30T08:00:23Z" user="Глеб" uid="346125" lat="55.8021868" lon="49.1078055"/>
 <node id="12022416685" visible="true" version="1" changeset="153358207" timestamp="2024-06-30T08:00:23Z" user="Глеб" uid="346125" lat="55.8023938" lon="49.1078391"/>
 <node id="12022416686" visible="true" version="1" changeset="153358207" timestamp="2024-06-30T08:00:23Z" user="Глеб" uid="346125" lat="55.8023951" lon="49.1078143"/>
 <node id="12022416687" visible="true" version="1" changeset="153358207" timestamp="2024-06-30T08:00:23Z" user="Глеб" uid="346125" lat="55.8022235" lon="49.1077864"/>
 <node id="12022416688" visible="true" version="1" changeset="153358207" timestamp="2024-06-30T08:00:23Z" user="Глеб" uid="346125" lat="55.8022244" lon="49.1077678"/>
 <node id="12022416689" visible="true" version="1" changeset="153358207" timestamp="2024-06-30T08:00:23Z" user="Глеб" uid="346125" lat="55.8024885" lon="49.1078108"/>
 <node id="12022416690" visible="true" version="1" changeset="153358207" timestamp="2024-06-30T08:00:23Z" user="Глеб" uid="346125" lat="55.8022266" lon="49.1078642"/>
 <node id="12114327138" visible="true" version="1" changeset="155316295" timestamp="2024-08-16T08:47:53Z" user="Tim Apelov" uid="10074340" lat="55.9011147" lon="49.1572874"/>
 <node id="12115345502" visible="true" version="1" changeset="155335221" timestamp="2024-08-16T16:02:01Z" user="Tim Apelov" uid="10074340" lat="55.8068977" lon="49.1630740"/>
 <node id="12115345508" visible="true" version="1" changeset="155335221" timestamp="2024-08-16T16:02:01Z" user="Tim Apelov" uid="10074340" lat="55.8069688" lon="49.1633537"/>
 <node id="12125248327" visible="true" version="1" changeset="155574894" timestamp="2024-08-21T19:06:57Z" user="Tim Apelov" uid="10074340" lat="55.9108269" lon="49.1635011"/>
 <node id="12171251272" visible="true" version="2" changeset="187640944" timestamp="2026-08-18T13:50:23Z" user="pfg21" uid="717210" lat="55.9115492" lon="49.1647426"/>
 <node id="12212722007" visible="true" version="1" changeset="157315265" timestamp="2024-09-30T21:24:53Z" user="Tim Apelov" uid="10074340" lat="55.8100118" lon="49.1659002"/>
 <node id="12212722022" visible="true" version="2" changeset="183999508" timestamp="2026-06-12T05:41:28Z" user="Airiver" uid="13901111" lat="55.8048843" lon="49.1525908"/>
 <node id="13265006066" visible="true" version="1" changeset="173884880" timestamp="2025-10-28T13:54:07Z" user="DDMiron" uid="22068800" lat="55.8019890" lon="49.1032482"/>
 <node id="13265006067" visible="true" version="1" changeset="173884880" timestamp="2025-10-28T13:54:07Z" user="DDMiron" uid="22068800" lat="55.8021525" lon="49.1038908"/>
 <node id="13265006068" visible="true" version="1" changeset="173884880" timestamp="2025-10-28T13:54:07Z" user="DDMiron" uid="22068800" lat="55.8025361" lon="49.1054009"/>
 <node id="13265006069" visible="true" version="1" changeset="173884880" timestamp="2025-10-28T13:54:07Z" user="DDMiron" uid="22068800" lat="55.8027002" lon="49.1060673"/>
 <node id="13265006070" visible="true" version="1" changeset="173884880" timestamp="2025-10-28T13:54:07Z" user="DDMiron" uid="22068800" lat="55.8027708" lon="49.1063934"/>
 <node id="13265006071" visible="true" version="1" changeset="173884880" timestamp="2025-10-28T13:54:07Z" user="DDMiron" uid="22068800" lat="55.8028221" lon="49.1067809"/>
 <node id="13265006072" visible="true" version="1" changeset="173884880" timestamp="2025-10-28T13:54:07Z" user="DDMiron" uid="22068800" lat="55.8028417" lon="49.1071591"/>
 <node id="13265006073" visible="true" version="1" changeset="173884880" timestamp="2025-10-28T13:54:07Z" user="DDMiron" uid="22068800" lat="55.8028417" lon="49.1072556"/>
 <node id="13767726242" visible="true" version="1" changeset="181903721" timestamp="2026-04-27T17:42:17Z" user="Ruslan Fatih" uid="12875574" lat="55.8024550" lon="49.1068983"/>
 <node id="13767726243" visible="true" version="1" changeset="181903721" timestamp="2026-04-27T17:42:17Z" user="Ruslan Fatih" uid="12875574" lat="55.8024101" lon="49.1063729"/>
 <node id="13767726244" visible="true" version="1" changeset="181903721" timestamp="2026-04-27T17:42:17Z" user="Ruslan Fatih" uid="12875574" lat="55.8022797" lon="49.1056166"/>
 <node id="13767726245" visible="true" version="1" changeset="181903721" timestamp="2026-04-27T17:42:17Z" user="Ruslan Fatih" uid="12875574" lat="55.8021811" lon="49.1052100"/>
 <node id="13767726246" visible="true" version="1" changeset="181903721" timestamp="2026-04-27T17:42:17Z" user="Ruslan Fatih" uid="12875574" lat="55.8022243" lon="49.1056098"/>
 <node id="13767726247" visible="true" version="1" changeset="181903721" timestamp="2026-04-27T17:42:17Z" user="Ruslan Fatih" uid="12875574" lat="55.8023083" lon="49.1058152"/>
 <node id="13767726248" visible="true" version="1" changeset="181903721" timestamp="2026-04-27T17:42:17Z" user="Ruslan Fatih" uid="12875574" lat="55.8023349" lon="49.1061237"/>
 <node id="13767726249" visible="true" version="1" changeset="181903721" timestamp="2026-04-27T17:42:17Z" user="Ruslan Fatih" uid="12875574" lat="55.8022383" lon="49.1056442"/>
 <node id="13930422945" visible="true" version="1" changeset="183999508" timestamp="2026-06-12T05:41:28Z" user="Airiver" uid="13901111" lat="55.8053680" lon="49.1510553"/>
 <node id="13930422959" visible="true" version="1" changeset="183999508" timestamp="2026-06-12T05:41:28Z" user="Airiver" uid="13901111" lat="55.8058310" lon="49.1477558"/>
 <way id="158410597" visible="true" version="36" changeset="187673430" timestamp="2026-08-19T07:05:41Z" user="pfg21" uid="717210">
  <nd ref="880730226"/>
  <nd ref="697208014"/>
  <nd ref="697208013"/>
  <nd ref="1051173114"/>
  <nd ref="697208012"/>
  <nd ref="1051173110"/>
  <nd ref="697208011"/>
  <nd ref="697208010"/>
  <nd ref="697208009"/>
  <nd ref="1797508381"/>
  <nd ref="697208008"/>
  <nd ref="8001656640"/>
  <nd ref="1051173105"/>
  <nd ref="8001656641"/>
  <nd ref="697208007"/>
  <nd ref="8001656650"/>
  <nd ref="697208006"/>
  <nd ref="8001656649"/>
  <nd ref="8001656651"/>
  <nd ref="697208005"/>
  <nd ref="8001656648"/>
  <nd ref="1051173100"/>
  <nd ref="8001656647"/>
  <nd ref="697208004"/>
  <nd ref="8001656644"/>
  <nd ref="8001656645"/>
  <nd ref="697208003"/>
  <nd ref="8001656675"/>
  <nd ref="697208002"/>
  <nd ref="697208001"/>
  <nd ref="8001656676"/>
  <nd ref="1051173092"/>
  <nd ref="8001612435"/>
  <nd ref="697208000"/>
  <nd ref="8001612436"/>
  <nd ref="697207998"/>
  <nd ref="697207996"/>
  <nd ref="8001656525"/>
  <nd ref="8001656526"/>
  <nd ref="697207994"/>
  <nd ref="1797508195"/>
  <nd ref="697207991"/>
  <nd ref="8001656514"/>
  <nd ref="697207988"/>
  <nd ref="697207987"/>
  <nd ref="748850909"/>
  <nd ref="697207985"/>
  <nd ref="697207983"/>
  <nd ref="697207981"/>
  <nd ref="748850907"/>
  <nd ref="697207979"/>
  <nd ref="697207978"/>
  <nd ref="697207977"/>
  <nd ref="697207976"/>
  <nd ref="697207975"/>
  <nd ref="697207974"/>
  <nd ref="697207973"/>
  <nd ref="697207971"/>
  <nd ref="697207970"/>
  <nd ref="697207967"/>
  <nd ref="697207966"/>
  <nd ref="748850905"/>
  <nd ref="697207963"/>
  <nd ref="697207961"/>
  <nd ref="989892683"/>
  <nd ref="697207958"/>
  <nd ref="3334335332"/>
  <nd ref="697207955"/>
  <nd ref="697207954"/>
  <nd ref="748850896"/>
  <nd ref="3598989463"/>
  <nd ref="697207951"/>
  <nd ref="12171251272"/>
  <nd ref="12125248327"/>
  <nd ref="697207947"/>
  <nd ref="697207946"/>
  <nd ref="697207945"/>
  <nd ref="697207944"/>
  <nd ref="697207943"/>
  <nd ref="697207942"/>
  <nd ref="697207941"/>
  <nd ref="697207940"/>
  <nd ref="697207939"/>
  <nd ref="697207938"/>
  <nd ref="12114327138"/>
  <nd ref="697207937"/>
  <nd ref="697207936"/>
  <nd ref="697207935"/>
  <nd ref="697207933"/>
  <nd ref="10091260685"/>
  <nd ref="861029997"/>
  <nd ref="748849715"/>
  <nd ref="697207931"/>
  <nd ref="748849714"/>
  <nd ref="697207930"/>
  <nd ref="697207929"/>
  <nd ref="2091582270"/>
  <nd ref="697207928"/>
  <nd ref="697207927"/>
  <nd ref="697207926"/>
  <nd ref="697207925"/>
  <nd ref="697207924"/>
  <nd ref="697207923"/>
  <nd ref="697207922"/>
  <nd ref="697207921"/>
  <nd ref="697207920"/>
  <nd ref="697207919"/>
  <nd ref="697207918"/>
  <nd ref="697207917"/>
  <nd ref="9281587057"/>
  <nd ref="697207916"/>
  <nd ref="697207915"/>
  <nd ref="697207914"/>
  <nd ref="697207913"/>
  <nd ref="697207912"/>
  <nd ref="697207911"/>
  <nd ref="3308160494"/>
  <nd ref="697207910"/>
  <nd ref="697207909"/>
  <nd ref="697207908"/>
  <nd ref="697207907"/>
  <nd ref="2091582110"/>
  <nd ref="697207906"/>
  <nd ref="697207905"/>
  <nd ref="697207904"/>
  <nd ref="697207903"/>
  <nd ref="697207902"/>
  <nd ref="697207901"/>
  <nd ref="730759120"/>
  <nd ref="697207900"/>
  <nd ref="697207899"/>
  <nd ref="697207898"/>
  <nd ref="697207897"/>
  <nd ref="697207896"/>
  <nd ref="697207895"/>
  <nd ref="697207894"/>
  <nd ref="10880420855"/>
  <nd ref="697207893"/>
  <nd ref="10880420849"/>
  <nd ref="697207892"/>
  <nd ref="10880420833"/>
  <nd ref="697207891"/>
  <nd ref="697207890"/>
  <nd ref="697207889"/>
  <nd ref="697207888"/>
  <nd ref="697207887"/>
  <nd ref="772075030"/>
  <nd ref="10310467362"/>
  <nd ref="697207886"/>
  <nd ref="697207885"/>
  <nd ref="697207884"/>
  <nd ref="697207883"/>
  <nd ref="697207882"/>
  <nd ref="697207881"/>
  <nd ref="697207880"/>
  <nd ref="697207879"/>
  <nd ref="697207878"/>
  <nd ref="697207877"/>
  <nd ref="697207876"/>
  <nd ref="697207875"/>
  <nd ref="697207874"/>
  <nd ref="697207873"/>
  <nd ref="10311283961"/>
  <nd ref="697207872"/>
  <nd ref="697207871"/>
  <nd ref="697207870"/>
  <nd ref="697207869"/>
  <nd ref="9281587056"/>
  <nd ref="697207868"/>
  <nd ref="697207867"/>
  <nd ref="697207866"/>
  <nd ref="697207865"/>
  <nd ref="697207864"/>
  <nd ref="697207863"/>
  <nd ref="697207862"/>
  <nd ref="861031684"/>
  <nd ref="1411911720"/>
  <nd ref="861030814"/>
  <nd ref="861030644"/>
  <nd ref="11786219954"/>
  <nd ref="861029993"/>
  <nd ref="861031105"/>
  <nd ref="861030344"/>
  <nd ref="1729711635"/>
  <nd ref="861030162"/>
  <nd ref="11784648927"/>
  <nd ref="1729711612"/>
  <nd ref="861029307"/>
  <nd ref="861030085"/>
  <nd ref="861031797"/>
  <nd ref="861031622"/>
  <nd ref="861030748"/>
  <nd ref="861029222"/>
  <nd ref="861029481"/>
  <nd ref="861031252"/>
  <nd ref="861030956"/>
  <nd ref="861030262"/>
  <nd ref="861031479"/>
  <nd ref="861030607"/>
  <nd ref="861030426"/>
  <nd ref="861029744"/>
  <nd ref="861030785"/>
  <nd ref="861030124"/>
  <nd ref="861029944"/>
  <nd ref="861031644"/>
  <nd ref="861031779"/>
  <nd ref="861030937"/>
  <nd ref="861030734"/>
  <nd ref="861030072"/>
  <nd ref="2376852266"/>
  <nd ref="861031243"/>
  <nd ref="861030421"/>
  <nd ref="2376852251"/>
  <nd ref="9741672299"/>
  <nd ref="861030245"/>
  <nd ref="861029446"/>
  <nd ref="861030593"/>
  <nd ref="2376852236"/>
  <nd ref="861029931"/>
  <nd ref="886182606"/>
  <nd ref="886182607"/>
  <nd ref="886182608"/>
  <nd ref="886182609"/>
  <nd ref="886182610"/>
  <nd ref="886182611"/>
  <tag k="gvr:code" v="11010000112112100003182"/>
  <tag k="intermittent" v="no"/>
  <tag k="name" v="Казанка"/>
  <tag k="name:ca" v="Riu Kazanka"/>
  <tag k="name:de" v="Kasanka"/>
  <tag k="name:en" v="Kazanka"/>
  <tag k="name:pl" v="Kazanka"/>
  <tag k="name:ru" v="Казанка"/>
  <tag k="name:tt" v="Казансу"/>
  <tag k="name:tt-lat" v="Qazansu"/>
  <tag k="waterway" v="river"/>
  <tag k="wikidata" v="Q376708"/>
  <tag k="wikipedia" v="ru:Казанка (приток Волги)"/>
 </way>
 <way id="228106879" visible="true" version="15" changeset="51976921" timestamp="2017-09-12T15:22:11Z" user="acsd" uid="345493">
  <nd ref="2390705024"/>
  <nd ref="5101100277"/>
  <nd ref="2367454310"/>
  <nd ref="5101100273"/>
  <nd ref="5069980318"/>
  <nd ref="5069980319"/>
  <nd ref="2367454312"/>
  <nd ref="2367454311"/>
  <nd ref="2367454313"/>
  <nd ref="5069980824"/>
  <nd ref="5069980823"/>
  <nd ref="5101100280"/>
  <nd ref="5101100281"/>
  <nd ref="2367454308"/>
  <tag k="highway" v="cycleway"/>
  <tag k="surface" v="concrete"/>
 </way>
 <way id="229424288" visible="true" version="11" changeset="180849078" timestamp="2026-04-04T11:38:46Z" user="Глеб" uid="346125">
  <nd ref="2742617918"/>
  <nd ref="2380250030"/>
  <nd ref="5656893846"/>
  <nd ref="2380250036"/>
  <nd ref="2380250040"/>
  <nd ref="4878767262"/>
  <nd ref="2380250056"/>
  <nd ref="2380250058"/>
  <nd ref="4878767258"/>
  <nd ref="2980567181"/>
  <nd ref="2980567182"/>
  <nd ref="3522225347"/>
  <tag k="highway" v="footway"/>
  <tag k="surface" v="asphalt"/>
 </way>
 <way id="230579298" visible="true" version="14" changeset="138425696" timestamp="2023-07-12T14:26:40Z" user="Глеб" uid="346125">
  <nd ref="2504586436"/>
  <nd ref="2390698421"/>
  <nd ref="2390698424"/>
  <nd ref="2390698429"/>
  <nd ref="2390698427"/>
  <nd ref="4337766268"/>
  <nd ref="2390698426"/>
  <nd ref="2367442743"/>
  <tag k="bicycle" v="designated"/>
  <tag k="highway" v="service"/>
  <tag k="motor_vehicle" v="destination"/>
  <tag k="surface" v="asphalt"/>
 </way>
 <way id="268971280" visible="true" version="8" changeset="126309554" timestamp="2022-09-17T18:46:55Z" user="augxcgrwxo" uid="371263">
  <nd ref="2742617917"/>
  <nd ref="2742617920"/>
  <nd ref="2980567180"/>
  <nd ref="5656888072"/>
  <nd ref="2980567183"/>
  <nd ref="5656888071"/>
  <nd ref="3649315982"/>
  <nd ref="2980567184"/>
  <nd ref="2980567186"/>
  <nd ref="2390705024"/>
  <tag k="highway" v="footway"/>
  <tag k="lit" v="yes"/>
  <tag k="smoothness" v="excellent"/>
  <tag k="surface" v="concrete"/>
 </way>
 <way id="281437173" visible="true" version="7" changeset="138425712" timestamp="2023-07-12T14:26:58Z" user="Глеб" uid="346125">
  <nd ref="2390705024"/>
  <nd ref="3522225347"/>
  <nd ref="2367442743"/>
  <tag k="bicycle" v="designated"/>
  <tag k="foot" v="designated"/>
  <tag k="footway" v="sidewalk"/>
  <tag k="highway" v="footway"/>
  <tag k="segregated" v="no"/>
  <tag k="surface" v="concrete:plates"/>
 </way>
 <way id="291716701" visible="true" version="3" changeset="49005872" timestamp="2017-05-26T15:41:01Z" user="acsd" uid="345493">
  <nd ref="2390698426"/>
  <nd ref="2367442741"/>
  <nd ref="4878767253"/>
  <nd ref="2367442751"/>
  <nd ref="4878767260"/>
  <nd ref="2367442749"/>
  <nd ref="2367442747"/>
  <nd ref="2367442745"/>
  <nd ref="2367429328"/>
  <tag k="highway" v="service"/>
  <tag k="surface" v="asphalt"/>
 </way>
 <way id="294457663" visible="true" version="11" changeset="121614920" timestamp="2022-05-28T12:31:38Z" user="parukhin" uid="519501">
  <nd ref="2980567189"/>
  <nd ref="2390709375"/>
  <nd ref="5101100278"/>
  <nd ref="5101100276"/>
  <nd ref="5101100274"/>
  <nd ref="5069980821"/>
  <nd ref="5069980320"/>
  <nd ref="2390709378"/>
  <nd ref="2390709372"/>
  <nd ref="2390709379"/>
  <nd ref="5069980825"/>
  <nd ref="2390709377"/>
  <nd ref="2390709374"/>
  <nd ref="5101100283"/>
  <nd ref="2980567195"/>
  <nd ref="5101100286"/>
  <nd ref="5101100289"/>
  <nd ref="2980567203"/>
  <nd ref="4274127338"/>
  <nd ref="2980567207"/>
  <nd ref="2980567347"/>
  <nd ref="2980567346"/>
  <nd ref="5101100293"/>
  <nd ref="5101100290"/>
  <nd ref="2980567206"/>
  <nd ref="5101100295"/>
  <nd ref="5101100298"/>
  <nd ref="5101100302"/>
  <nd ref="2980567205"/>
  <nd ref="2980567204"/>
  <nd ref="3520423394"/>
  <nd ref="9776751670"/>
  <nd ref="3520423395"/>
  <nd ref="3520423396"/>
  <nd ref="3520420260"/>
  <nd ref="3520423397"/>
  <nd ref="3520423398"/>
  <nd ref="3520420261"/>
  <nd ref="3520420262"/>
  <nd ref="9776751854"/>
  <nd ref="9776751853"/>
  <nd ref="3520420263"/>
  <tag k="highway" v="footway"/>
  <tag k="lit" v="yes"/>
  <tag k="surface" v="concrete:plates"/>
 </way>
 <way id="322626802" visible="true" version="7" changeset="166321670" timestamp="2025-05-15T19:49:18Z" user="Глеб" uid="346125">
  <nd ref="3294009180"/>
  <nd ref="4722056155"/>
  <nd ref="3294009181"/>
  <nd ref="3294009173"/>
  <nd ref="3294009182"/>
  <nd ref="3294009183"/>
  <nd ref="3294009184"/>
  <nd ref="3294009185"/>
  <nd ref="3294009186"/>
  <nd ref="3294009187"/>
  <nd ref="3294009188"/>
  <nd ref="3294009189"/>
  <nd ref="3294009190"/>
  <nd ref="3294009191"/>
  <nd ref="3294009192"/>
  <nd ref="3294009193"/>
  <nd ref="3294009194"/>
  <nd ref="3294009195"/>
  <nd ref="3294009196"/>
  <nd ref="3294009197"/>
  <nd ref="3294009198"/>
  <nd ref="3294009199"/>
  <nd ref="3294009200"/>
  <nd ref="3294009201"/>
  <nd ref="3294009202"/>
  <nd ref="3294009203"/>
  <nd ref="3294009204"/>
  <nd ref="3294009205"/>
  <nd ref="3294009206"/>
  <nd ref="3294009207"/>
  <nd ref="3294009208"/>
  <nd ref="3294009209"/>
  <nd ref="3294009210"/>
  <nd ref="3294009211"/>
  <nd ref="3294009180"/>
  <tag k="addr:city" v="Казань"/>
  <tag k="addr:housenumber" v="1"/>
  <tag k="addr:postcode" v="420111"/>
  <tag k="addr:street" v="Федосеевская улица"/>
  <tag k="building" v="retail"/>
 </way>
 <way id="322626919" visible="true" version="6" changeset="51976921" timestamp="2017-09-12T15:22:11Z" user="acsd" uid="345493">
  <nd ref="2980567192"/>
  <nd ref="5101100284"/>
  <nd ref="3490655769"/>
  <nd ref="1426722909"/>
  <nd ref="2390709128"/>
  <nd ref="2390709139"/>
  <nd ref="2980567179"/>
  <nd ref="2390705018"/>
  <nd ref="5069980822"/>
  <nd ref="5101100275"/>
  <nd ref="2390705021"/>
  <nd ref="5101100279"/>
  <nd ref="2367442743"/>
  <tag k="highway" v="footway"/>
  <tag k="surface" v="concrete:plates"/>
 </way>
 <way id="356068387" visible="true" version="2" changeset="138432788" timestamp="2023-07-12T17:40:13Z" user="Глеб" uid="346125">
  <nd ref="3615498168"/>
  <nd ref="11042751498"/>
  <nd ref="3615498317"/>
  <nd ref="11042751497"/>
  <nd ref="3615498184"/>
  <nd ref="3615498346"/>
  <nd ref="3615498189"/>
  <nd ref="3615498172"/>
  <nd ref="3615498304"/>
  <nd ref="3615498168"/>
  <tag k="landuse" v="grass"/>
 </way>
 <way id="356068388" visible="true" version="3" changeset="49005872" timestamp="2017-05-26T15:41:01Z" user="acsd" uid="345493">
  <nd ref="3615498192"/>
  <nd ref="3615498347"/>
  <nd ref="3615498300"/>
  <nd ref="4878767259"/>
  <nd ref="4878767248"/>
  <nd ref="3615498348"/>
  <nd ref="3615498298"/>
  <nd ref="3615498295"/>
  <nd ref="3615498310"/>
  <nd ref="4274233389"/>
  <nd ref="4274170516"/>
  <nd ref="4274170515"/>
  <nd ref="3615498192"/>
  <tag k="landuse" v="grass"/>
 </way>
 <way id="428303393" visible="true" version="1" changeset="40401480" timestamp="2016-06-30T19:57:39Z" user="hlam-2008" uid="2564978">
  <nd ref="4274118622"/>
  <nd ref="4274118623"/>
  <nd ref="4274169701"/>
  <nd ref="4274169702"/>
  <nd ref="4274118624"/>
  <nd ref="4274170509"/>
  <nd ref="4274169703"/>
  <nd ref="4274168814"/>
  <nd ref="4274118625"/>
  <nd ref="4274169704"/>
  <nd ref="4274169024"/>
  <nd ref="4274222897"/>
  <nd ref="4274118622"/>
  <tag k="building" v="yes"/>
 </way>
 <way id="428303401" visible="true" version="1" changeset="40401480" timestamp="2016-06-30T19:57:39Z" user="hlam-2008" uid="2564978">
  <nd ref="4274222898"/>
  <nd ref="4274170510"/>
  <nd ref="4274170511"/>
  <nd ref="4274169025"/>
  <nd ref="4274170512"/>
  <nd ref="4274169705"/>
  <nd ref="4274170513"/>
  <nd ref="4274118626"/>
  <nd ref="4274222994"/>
  <nd ref="4274127334"/>
  <nd ref="4274127335"/>
  <nd ref="4274170514"/>
  <nd ref="4274222898"/>
  <tag k="building" v="yes"/>
 </way>
 <way id="428304285" visible="true" version="5" changeset="183648789" timestamp="2026-06-04T14:15:35Z" user="Глеб" uid="346125">
  <nd ref="12022416690"/>
  <nd ref="4878767250"/>
  <tag k="highway" v="steps"/>
  <tag k="incline" v="down"/>
  <tag k="surface" v="paved"/>
  <tag k="wheelchair" v="yes"/>
 </way>
 <way id="435886689" visible="true" version="1" changeset="41279091" timestamp="2016-08-05T22:35:21Z" user="Eljah" uid="1334425">
  <nd ref="2980567189"/>
  <nd ref="2390705024"/>
  <tag k="footway" v="sidewalk"/>
  <tag k="highway" v="footway"/>
  <tag k="surface" v="concrete:plates"/>
 </way>
 <way id="496148513" visible="true" version="2" changeset="138432788" timestamp="2023-07-12T17:40:13Z" user="Глеб" uid="346125">
  <nd ref="4878767250"/>
  <nd ref="11042751488"/>
  <nd ref="2367442743"/>
  <tag k="highway" v="footway"/>
 </way>
 <way id="496148518" visible="true" version="1" changeset="49005872" timestamp="2017-05-26T15:40:59Z" user="acsd" uid="345493">
  <nd ref="4878767258"/>
  <nd ref="4878767253"/>
  <nd ref="4878767257"/>
  <tag k="footway" v="crossing"/>
  <tag k="highway" v="footway"/>
  <tag k="surface" v="asphalt"/>
 </way>
 <way id="496148525" visible="true" version="2" changeset="181903721" timestamp="2026-04-27T17:42:17Z" user="Ruslan Fatih" uid="12875574">
  <nd ref="4878767257"/>
  <nd ref="13767726242"/>
  <nd ref="4878767256"/>
  <nd ref="4878767255"/>
  <tag k="footway" v="sidewalk"/>
  <tag k="highway" v="footway"/>
  <tag k="surface" v="asphalt"/>
 </way>
 <way id="496148529" visible="true" version="3" changeset="181903721" timestamp="2026-04-27T17:42:17Z" user="Ruslan Fatih" uid="12875574">
  <nd ref="4878767262"/>
  <nd ref="4878767260"/>
  <nd ref="11042751487"/>
  <tag k="crossing" v="uncontrolled"/>
  <tag k="crossing:markings" v="yes"/>
  <tag k="footway" v="crossing"/>
  <tag k="highway" v="footway"/>
  <tag k="surface" v="asphalt"/>
 </way>
 <way id="524138095" visible="true" version="1" changeset="51976921" timestamp="2017-09-12T15:22:08Z" user="acsd" uid="345493">
  <nd ref="5101100279"/>
  <nd ref="5101100277"/>
  <nd ref="5101100278"/>
  <tag k="highway" v="footway"/>
  <tag k="surface" v="concrete:plates"/>
 </way>
 <way id="592814661" visible="true" version="3" changeset="164376444" timestamp="2025-04-01T13:52:57Z" user="Глеб" uid="346125">
  <nd ref="5656893845"/>
  <nd ref="5656893844"/>
  <nd ref="5656893843"/>
  <nd ref="5656893842"/>
  <nd ref="5656893845"/>
  <tag k="leisure" v="fitness_station"/>
  <tag k="sport" v="fitness"/>
 </way>
 <way id="592814664" visible="true" version="1" changeset="59467986" timestamp="2018-06-01T17:36:19Z" user="Art'y" uid="235335">
  <nd ref="5656893859"/>
  <nd ref="5656893856"/>
  <nd ref="5656893857"/>
  <nd ref="5656893858"/>
  <nd ref="5656893859"/>
  <tag k="building" v="yes"/>
 </way>
 <way id="592814666" visible="true" version="1" changeset="59467986" timestamp="2018-06-01T17:36:19Z" user="Art'y" uid="235335">
  <nd ref="5656893861"/>
  <nd ref="5656893863"/>
  <nd ref="5656893862"/>
  <nd ref="5656888067"/>
  <nd ref="5656893864"/>
  <nd ref="5656888068"/>
  <nd ref="5656893868"/>
  <nd ref="5656893871"/>
  <nd ref="5656893870"/>
  <nd ref="5656893869"/>
  <nd ref="5656888070"/>
  <nd ref="5656893867"/>
  <nd ref="5656893873"/>
  <nd ref="5656893872"/>
  <nd ref="5656893866"/>
  <nd ref="5656888069"/>
  <nd ref="5656893865"/>
  <nd ref="5656893861"/>
  <tag k="building" v="yes"/>
 </way>
 <way id="706658567" visible="true" version="1" changeset="72556351" timestamp="2019-07-23T12:43:43Z" user="user_8704370" uid="8704370">
  <nd ref="6640431340"/>
  <nd ref="6640431341"/>
  <nd ref="6640431342"/>
  <nd ref="6640431343"/>
  <nd ref="6640431344"/>
  <nd ref="6640431345"/>
  <nd ref="6640431346"/>
  <nd ref="6640431347"/>
  <nd ref="6640431340"/>
  <tag k="area" v="yes"/>
  <tag k="man_made" v="pier"/>
 </way>
 <way id="1116861789" visible="true" version="7" changeset="183999508" timestamp="2026-06-12T05:41:28Z" user="Airiver" uid="13901111">
  <nd ref="163897033"/>
  <nd ref="163897034"/>
  <nd ref="163897035"/>
  <nd ref="9739213419"/>
  <nd ref="9739213420"/>
  <nd ref="1326813705"/>
  <nd ref="163897036"/>
  <nd ref="163897037"/>
  <nd ref="9739213424"/>
  <nd ref="9739213425"/>
  <nd ref="9739213426"/>
  <nd ref="9739213421"/>
  <nd ref="296062573"/>
  <nd ref="1326813490"/>
  <nd ref="9739213435"/>
  <nd ref="9739213434"/>
  <nd ref="9739213433"/>
  <nd ref="9739213432"/>
  <nd ref="9739213431"/>
  <nd ref="9739213430"/>
  <nd ref="9739213429"/>
  <nd ref="9739213428"/>
  <nd ref="1326813498"/>
  <nd ref="9739213423"/>
  <nd ref="163897038"/>
  <nd ref="9739213422"/>
  <nd ref="1326814070"/>
  <nd ref="163897040"/>
  <nd ref="163897041"/>
  <nd ref="12212722007"/>
  <nd ref="1326813421"/>
  <nd ref="163897043"/>
  <nd ref="1326813494"/>
  <nd ref="1326813709"/>
  <nd ref="1326813561"/>
  <nd ref="1326813424"/>
  <nd ref="1326813712"/>
  <nd ref="12115345508"/>
  <nd ref="12115345502"/>
  <nd ref="163897044"/>
  <nd ref="1326814210"/>
  <nd ref="1326813928"/>
  <nd ref="1326813777"/>
  <nd ref="163897045"/>
  <nd ref="9739213357"/>
  <nd ref="163897046"/>
  <nd ref="9739213349"/>
  <nd ref="9739213348"/>
  <nd ref="9739213343"/>
  <nd ref="9739213351"/>
  <nd ref="9739213352"/>
  <nd ref="9739213344"/>
  <nd ref="9739213353"/>
  <nd ref="163897047"/>
  <nd ref="1326814048"/>
  <nd ref="9739213354"/>
  <nd ref="1326813535"/>
  <nd ref="1656535400"/>
  <nd ref="1656535410"/>
  <nd ref="1656535411"/>
  <nd ref="1656535452"/>
  <nd ref="1656535413"/>
  <nd ref="1656535409"/>
  <nd ref="1656535397"/>
  <nd ref="1656535358"/>
  <nd ref="1656535354"/>
  <nd ref="1656535341"/>
  <nd ref="9739213361"/>
  <nd ref="9739213360"/>
  <nd ref="9739213359"/>
  <nd ref="1656535337"/>
  <nd ref="1656535346"/>
  <nd ref="1326813471"/>
  <nd ref="163897048"/>
  <nd ref="163897049"/>
  <nd ref="163897050"/>
  <nd ref="1064711543"/>
  <nd ref="1064711259"/>
  <nd ref="1064711381"/>
  <nd ref="1064711826"/>
  <nd ref="1064711069"/>
  <nd ref="1064711584"/>
  <nd ref="1064711477"/>
  <nd ref="1064711427"/>
  <nd ref="1064711690"/>
  <nd ref="1064711151"/>
  <nd ref="1064711564"/>
  <nd ref="1064711606"/>
  <nd ref="1064711324"/>
  <nd ref="1064711450"/>
  <nd ref="1064711652"/>
  <nd ref="9739213375"/>
  <nd ref="1064711107"/>
  <nd ref="1064711203"/>
  <nd ref="1064711298"/>
  <nd ref="1064711023"/>
  <nd ref="1064711667"/>
  <nd ref="1064711730"/>
  <nd ref="9739213374"/>
  <nd ref="163897051"/>
  <nd ref="1064711276"/>
  <nd ref="1064711559"/>
  <nd ref="1064711446"/>
  <nd ref="1064711707"/>
  <nd ref="1064711665"/>
  <nd ref="1064711233"/>
  <nd ref="1064711840"/>
  <nd ref="1064711401"/>
  <nd ref="1064711350"/>
  <nd ref="1064711626"/>
  <nd ref="1064711520"/>
  <nd ref="163897052"/>
  <nd ref="1064711798"/>
  <nd ref="1064711693"/>
  <nd ref="1064711530"/>
  <nd ref="1064711411"/>
  <nd ref="1064711677"/>
  <nd ref="1064711538"/>
  <nd ref="9739213345"/>
  <nd ref="9739213347"/>
  <nd ref="163897053"/>
  <nd ref="9739213346"/>
  <nd ref="1064711819"/>
  <nd ref="12212722022"/>
  <nd ref="1064711190"/>
  <nd ref="1064711248"/>
  <nd ref="1064711043"/>
  <nd ref="1064711718"/>
  <nd ref="1064711613"/>
  <nd ref="13930422945"/>
  <nd ref="1064711573"/>
  <nd ref="1064711460"/>
  <nd ref="936329143"/>
  <nd ref="1064711123"/>
  <nd ref="1064711217"/>
  <nd ref="163896975"/>
  <nd ref="296062575"/>
  <nd ref="13930422959"/>
  <nd ref="936329155"/>
  <nd ref="1064711703"/>
  <nd ref="163896976"/>
  <nd ref="9329116942"/>
  <nd ref="9329116943"/>
  <nd ref="1064711491"/>
  <nd ref="1064711754"/>
  <nd ref="1064711315"/>
  <nd ref="1064711601"/>
  <nd ref="3236884571"/>
  <nd ref="1064711809"/>
  <nd ref="1064711408"/>
  <nd ref="9917653673"/>
  <nd ref="163896977"/>
  <nd ref="163896978"/>
  <nd ref="1064711796"/>
  <nd ref="9917653672"/>
  <nd ref="1064711228"/>
  <nd ref="163896979"/>
  <nd ref="1064711474"/>
  <nd ref="1064711729"/>
  <nd ref="163896980"/>
  <nd ref="9917653669"/>
  <nd ref="163881568"/>
  <nd ref="1064711295"/>
  <nd ref="9917653668"/>
  <nd ref="1064711434"/>
  <nd ref="163881569"/>
  <nd ref="1064711483"/>
  <nd ref="1064711170"/>
  <nd ref="1064711738"/>
  <nd ref="1064711634"/>
  <nd ref="163881573"/>
  <nd ref="1064711782"/>
  <nd ref="1064711243"/>
  <nd ref="1064711673"/>
  <nd ref="1064711716"/>
  <nd ref="1064711328"/>
  <nd ref="1064711282"/>
  <nd ref="1064711457"/>
  <nd ref="163881575"/>
  <nd ref="1064711568"/>
  <nd ref="1066506992"/>
  <nd ref="1066506514"/>
  <nd ref="1066507634"/>
  <nd ref="1066507292"/>
  <nd ref="4274169706"/>
  <nd ref="2980567208"/>
  <nd ref="4274127337"/>
  <nd ref="1066507171"/>
  <nd ref="1066507417"/>
  <nd ref="1066506801"/>
  <nd ref="1066507953"/>
  <nd ref="1066507548"/>
  <nd ref="1066507210"/>
  <nd ref="3762745178"/>
  <nd ref="3762745179"/>
  <nd ref="3762745181"/>
  <nd ref="3762745182"/>
  <nd ref="11149073232"/>
  <nd ref="11149073233"/>
  <nd ref="1066507877"/>
  <nd ref="1066508112"/>
  <nd ref="1066506537"/>
  <nd ref="1066507648"/>
  <nd ref="2980567187"/>
  <nd ref="1066507309"/>
  <nd ref="1066507538"/>
  <nd ref="163881530"/>
 </way>
 <way id="1189213080" visible="true" version="1" changeset="138432788" timestamp="2023-07-12T17:40:13Z" user="Глеб" uid="346125">
  <nd ref="11042751496"/>
  <nd ref="11042751495"/>
  <nd ref="11042751494"/>
  <nd ref="11042751493"/>
  <nd ref="11042751492"/>
  <nd ref="11042751491"/>
  <nd ref="11042751490"/>
  <nd ref="11042751489"/>
  <nd ref="11042751488"/>
  <tag k="highway" v="steps"/>
  <tag k="surface" v="asphalt"/>
 </way>
 <way id="1198626814" visible="true" version="2" changeset="140209226" timestamp="2023-08-22T05:00:10Z" user="Глеб" uid="346125">
  <nd ref="886182611"/>
  <nd ref="886182615"/>
  <tag k="gvr:code" v="11010000112112100003182"/>
  <tag k="intermittent" v="no"/>
  <tag k="maxheight" v="4.7"/>
  <tag k="name" v="Казанка"/>
  <tag k="name:ca" v="Riu Kazanka"/>
  <tag k="name:de" v="Kasanka"/>
  <tag k="name:en" v="Kazanka"/>
  <tag k="name:pl" v="Kazanka"/>
  <tag k="name:ru" v="Казанка"/>
  <tag k="name:tt" v="Казансу"/>
  <tag k="name:tt-lat" v="Qazansu"/>
  <tag k="waterway" v="river"/>
  <tag k="wikidata" v="Q376708"/>
  <tag k="wikipedia" v="ru:Казанка (приток Волги)"/>
 </way>
 <way id="1202640282" visible="true" version="1" changeset="140469511" timestamp="2023-08-27T21:56:02Z" user="Глеб" uid="346125">
  <nd ref="11149073231"/>
  <nd ref="11149073230"/>
  <nd ref="11149073229"/>
  <nd ref="11149073228"/>
  <nd ref="11149073231"/>
  <tag k="building" v="roof"/>
  <tag k="building:levels" v="1"/>
  <tag k="layer" v="1"/>
 </way>
 <way id="1297628526" visible="true" version="1" changeset="153358207" timestamp="2024-06-30T08:00:23Z" user="Глеб" uid="346125">
  <nd ref="10048125736"/>
  <nd ref="12022302950"/>
  <nd ref="12022302951"/>
  <nd ref="12022302952"/>
  <nd ref="10048125736"/>
  <tag k="amenity" v="fountain"/>
 </way>
 <way id="1297628527" visible="true" version="1" changeset="153358207" timestamp="2024-06-30T08:00:23Z" user="Глеб" uid="346125">
  <nd ref="10048125734"/>
  <nd ref="12022302953"/>
  <nd ref="12022302954"/>
  <nd ref="12022302955"/>
  <nd ref="10048125734"/>
  <tag k="amenity" v="fountain"/>
 </way>
 <way id="1297628528" visible="true" version="1" changeset="153358207" timestamp="2024-06-30T08:00:23Z" user="Глеб" uid="346125">
  <nd ref="10048125735"/>
  <nd ref="12022302956"/>
  <nd ref="12022302957"/>
  <nd ref="12022302958"/>
  <nd ref="10048125735"/>
  <tag k="amenity" v="fountain"/>
 </way>
 <way id="1297628529" visible="true" version="1" changeset="153358207" timestamp="2024-06-30T08:00:23Z" user="Глеб" uid="346125">
  <nd ref="10048125733"/>
  <nd ref="12022302959"/>
  <nd ref="12022302960"/>
  <nd ref="12022302961"/>
  <nd ref="10048125733"/>
  <tag k="amenity" v="fountain"/>
 </way>
 <way id="1297628530" visible="true" version="2" changeset="183648789" timestamp="2026-06-04T14:15:35Z" user="Глеб" uid="346125">
  <nd ref="12022416684"/>
  <nd ref="12022416685"/>
  <nd ref="12022416686"/>
  <nd ref="12022416687"/>
  <nd ref="12022416688"/>
  <nd ref="12022416689"/>
  <nd ref="11042751488"/>
  <tag k="highway" v="footway"/>
  <tag k="incline" v="down"/>
  <tag k="small_electric_vehicle" v="yes"/>
  <tag k="surface" v="paved"/>
  <tag k="wheelchair" v="yes"/>
 </way>
 <way id="1445769935" visible="true" version="1" changeset="173884880" timestamp="2025-10-28T13:54:07Z" user="DDMiron" uid="22068800">
  <nd ref="13265006066"/>
  <nd ref="13265006067"/>
  <nd ref="13265006068"/>
  <nd ref="13265006069"/>
  <nd ref="13265006070"/>
  <nd ref="13265006071"/>
  <nd ref="13265006072"/>
  <nd ref="13265006073"/>
  <tag k="leisure" v="track"/>
  <tag k="sport" v="running"/>
 </way>
 <way id="1504592672" visible="true" version="1" changeset="181903721" timestamp="2026-04-27T17:42:17Z" user="Ruslan Fatih" uid="12875574">
  <nd ref="13767726242"/>
  <nd ref="13767726243"/>
  <nd ref="11042751487"/>
  <nd ref="13767726244"/>
  <nd ref="13767726245"/>
  <nd ref="13767726246"/>
  <nd ref="13767726249"/>
  <nd ref="13767726247"/>
  <nd ref="13767726248"/>
  <nd ref="4878767261"/>
  <nd ref="4878767255"/>
  <nd ref="4878767256"/>
  <nd ref="13767726242"/>
  <tag k="landuse" v="grass"/>
 </way>
 <relation id="6464309" visible="true" version="21" changeset="183295130" timestamp="2026-05-28T09:40:21Z" user="Глеб" uid="346125">
  <member type="way" ref="364562274" role=""/>
  <member type="way" ref="228106879" role=""/>
  <member type="way" ref="281437173" role=""/>
  <member type="way" ref="230579298" role=""/>
  <member type="way" ref="1307651286" role=""/>
  <member type="way" ref="1307651287" role=""/>
  <member type="way" ref="981880765" role=""/>
  <member type="way" ref="1307651285" role=""/>
  <member type="way" ref="1307651284" role=""/>
  <member type="way" ref="435886691" role=""/>
  <member type="way" ref="496148507" role=""/>
  <member type="way" ref="496148505" role=""/>
  <member type="way" ref="129285141" role=""/>
  <member type="way" ref="435409947" role=""/>
  <member type="way" ref="55220991" role=""/>
  <member type="way" ref="1523984752" role=""/>
  <member type="way" ref="304107521" role=""/>
  <member type="way" ref="90803700" role=""/>
  <member type="way" ref="55553393" role=""/>
  <member type="way" ref="55553390" role=""/>
  <member type="way" ref="55553391" role=""/>
  <member type="way" ref="1189213083" role=""/>
  <member type="way" ref="77216513" role=""/>
  <member type="way" ref="435885655" role=""/>
  <member type="way" ref="435885653" role=""/>
  <member type="way" ref="77216504" role=""/>
  <member type="way" ref="435885654" role=""/>
  <member type="way" ref="368670438" role=""/>
  <member type="way" ref="368670435" role=""/>
  <member type="way" ref="985361690" role=""/>
  <member type="way" ref="1193559608" role=""/>
  <member type="way" ref="55553783" role=""/>
  <member type="way" ref="365143896" role=""/>
  <member type="way" ref="1060998490" role=""/>
  <member type="way" ref="415553445" role=""/>
  <member type="way" ref="382256567" role=""/>
  <member type="way" ref="382256566" role=""/>
  <member type="way" ref="435879708" role=""/>
  <member type="way" ref="1157464779" role=""/>
  <member type="way" ref="435887041" role=""/>
  <member type="way" ref="435887043" role=""/>
  <member type="way" ref="111719084" role=""/>
  <member type="way" ref="358152799" role=""/>
  <member type="way" ref="1283733178" role=""/>
  <member type="way" ref="1193753429" role=""/>
  <member type="way" ref="294457678" role=""/>
  <member type="way" ref="372725445" role=""/>
  <tag k="name" v="Удивительная Казань"/>
  <tag k="name:en" v="Wonderful Kazan"/>
  <tag k="name:ru" v="Удивительная Казань"/>
  <tag k="name:tt" v="Гаҗәп Казан"/>
  <tag k="network" v="lcn"/>
  <tag k="roundtrip" v="yes"/>
  <tag k="route" v="bicycle"/>
  <tag k="type" v="route"/>
 </relation>
 <relation id="7493502" visible="true" version="12" changeset="187637744" timestamp="2026-08-18T12:50:09Z" user="pfg21" uid="717210">
  <member type="way" ref="483400910" role="inner"/>
  <member type="way" ref="1116861793" role="outer"/>
  <member type="way" ref="1320493501" role="outer"/>
  <member type="way" ref="1116861789" role="outer"/>
  <member type="way" ref="91769553" role="outer"/>
  <member type="way" ref="91769593" role="outer"/>
  <member type="way" ref="1116861790" role="outer"/>
  <member type="way" ref="1320493507" role="outer"/>
  <member type="way" ref="1320493504" role="outer"/>
  <member type="way" ref="1320493505" role="outer"/>
  <member type="way" ref="1313332670" role="outer"/>
  <member type="way" ref="1060039388" role="outer"/>
  <member type="way" ref="1320193821" role="outer"/>
  <member type="way" ref="1320193834" role="outer"/>
  <member type="way" ref="1320193832" role="outer"/>
  <member type="way" ref="1308104337" role="outer"/>
  <member type="way" ref="1548622214" role="outer"/>
  <member type="way" ref="353462521" role="outer"/>
  <member type="way" ref="1547166546" role="outer"/>
  <member type="way" ref="1550565741" role="outer"/>
  <member type="way" ref="361449711" role="outer"/>
  <member type="way" ref="1320193823" role="outer"/>
  <member type="way" ref="1320193824" role="outer"/>
  <member type="way" ref="1550565734" role="outer"/>
  <member type="way" ref="1550565735" role="outer"/>
  <member type="way" ref="1550565742" role="outer"/>
  <member type="way" ref="60262747" role="outer"/>
  <member type="way" ref="1313332671" role="outer"/>
  <member type="way" ref="1116861798" role="inner"/>
  <member type="way" ref="1116861797" role="inner"/>
  <member type="way" ref="330041171" role="inner"/>
  <member type="way" ref="100147224" role="inner"/>
  <member type="way" ref="517234332" role="inner"/>
  <tag k="name" v="Казанка"/>
  <tag k="name:ca" v="Riu Kazanka"/>
  <tag k="name:de" v="Kasanka"/>
  <tag k="name:en" v="Kazanka"/>
  <tag k="name:pl" v="Kazanka"/>
  <tag k="name:ru" v="Казанка"/>
  <tag k="name:tt" v="Казансу"/>
  <tag k="name:tt-lat" v="Qazansu"/>
  <tag k="natural" v="water"/>
  <tag k="type" v="multipolygon"/>
  <tag k="water" v="river"/>
 </relation>
 <relation id="13177938" visible="true" version="6" changeset="139961240" timestamp="2023-08-16T12:07:02Z" user="Глеб" uid="346125">
  <member type="way" ref="636662097" role="main_stream"/>
  <member type="way" ref="636662095" role="main_stream"/>
  <member type="way" ref="784105804" role="main_stream"/>
  <member type="way" ref="854134799" role="main_stream"/>
  <member type="way" ref="636662099" role="main_stream"/>
  <member type="way" ref="636662098" role="main_stream"/>
  <member type="way" ref="980512155" role="main_stream"/>
  <member type="way" ref="55562117" role="main_stream"/>
  <member type="way" ref="713588482" role="main_stream"/>
  <member type="way" ref="713588483" role="main_stream"/>
  <member type="way" ref="125522030" role="main_stream"/>
  <member type="way" ref="125522039" role="main_stream"/>
  <member type="way" ref="196682990" role="main_stream"/>
  <member type="way" ref="713432817" role="main_stream"/>
  <member type="way" ref="713432816" role="main_stream"/>
  <member type="way" ref="713432819" role="main_stream"/>
  <member type="way" ref="713432818" role="main_stream"/>
  <member type="way" ref="196682996" role="main_stream"/>
  <member type="way" ref="196683002" role="main_stream"/>
  <member type="way" ref="196682994" role="main_stream"/>
  <member type="way" ref="846623155" role="main_stream"/>
  <member type="way" ref="846623154" role="main_stream"/>
  <member type="way" ref="196683000" role="main_stream"/>
  <member type="way" ref="196683003" role="main_stream"/>
  <member type="way" ref="196682997" role="main_stream"/>
  <member type="way" ref="841576554" role="main_stream"/>
  <member type="way" ref="841576553" role="main_stream"/>
  <member type="way" ref="196683004" role="main_stream"/>
  <member type="way" ref="196683001" role="main_stream"/>
  <member type="way" ref="196682995" role="main_stream"/>
  <member type="way" ref="196682999" role="main_stream"/>
  <member type="way" ref="123905756" role="main_stream"/>
  <member type="way" ref="123905700" role="main_stream"/>
  <member type="way" ref="196682998" role="main_stream"/>
  <member type="way" ref="207749043" role="main_stream"/>
  <member type="way" ref="207749040" role="main_stream"/>
  <member type="way" ref="193332446" role="main_stream"/>
  <member type="way" ref="372868444" role="main_stream"/>
  <member type="way" ref="199506277" role="main_stream"/>
  <member type="way" ref="199506275" role="main_stream"/>
  <member type="way" ref="199506278" role="main_stream"/>
  <member type="way" ref="199506279" role="main_stream"/>
  <member type="way" ref="199506276" role="main_stream"/>
  <member type="way" ref="158410598" role="main_stream"/>
  <member type="way" ref="158410597" role="main_stream"/>
  <member type="way" ref="1198626814" role="main_stream"/>
  <member type="way" ref="1198626813" role="main_stream"/>
  <tag k="boat" v="yes"/>
  <tag k="destination" v="Волга"/>
  <tag k="gvr:code" v="11010000112112100003182"/>
  <tag k="name" v="Казанка"/>
  <tag k="name:ca" v="Riu Kazanka"/>
  <tag k="name:ru" v="Казанка"/>
  <tag k="name:tt" v="Казансу"/>
  <tag k="status" v="река"/>
  <tag k="type" v="waterway"/>
  <tag k="waterway" v="river"/>
  <tag k="wikidata" v="Q376708"/>
  <tag k="wikipedia" v="ru:Казанка (приток Волги)"/>
 </relation>
</osm>
