<?xml version="1.0" encoding="UTF-8"?>
<osm version="0.6" generator="openstreetmap-cgimap 2.1.0 (244699 spike-07.openstreetmap.org)" copyright="OpenStreetMap and contributors" attribution="http://www.openstreetmap.org/copyright" license="http://opendatacommons.org/licenses/odbl/1-0/">
 <bounds minlat="55.7947525" minlon="49.1175861" maxlat="55.7974475" maxlon="49.1223802"/>
 <node id="292927696" visible="true" version="7" changeset="111469896" timestamp="2021-09-21T00:03:15Z" user="VlIvYur" uid="345975" lat="55.7948839" lon="49.1216888"/>
 <node id="292927706" visible="true" version="8" changeset="144364644" timestamp="2023-11-23T11:21:09Z" user="Глеб" uid="346125" lat="55.7945958" lon="49.1237061"/>
 <node id="293663238" visible="true" version="3" changeset="25253130" timestamp="2014-09-05T17:29:58Z" user="acsd" uid="345493" lat="55.7958278" lon="49.1152352"/>
 <node id="293663240" visible="true" version="7" changeset="111469896" timestamp="2021-09-21T00:03:15Z" user="VlIvYur" uid="345975" lat="55.7970393" lon="49.1155285"/>
 <node id="295019737" visible="true" version="10" changeset="119856922" timestamp="2022-04-18T12:35:28Z" user="Глеб" uid="346125" lat="55.7964429" lon="49.1220174"/>
 <node id="295019739" visible="true" version="5" changeset="168854733" timestamp="2025-07-12T23:08:43Z" user="parukhin" uid="519501" lat="55.7976081" lon="49.1222570"/>
 <node id="295238893" visible="true" version="1" changeset="590344" timestamp="2008-09-09T06:29:40Z" user="pobept" uid="54824" lat="55.7941023" lon="49.1214852"/>
 <node id="487688612" visible="true" version="2" changeset="7220397" timestamp="2011-02-07T20:18:38Z" user="acsd" uid="345493" lat="55.7952118" lon="49.1133370"/>
 <node id="487688616" visible="true" version="4" changeset="55040457" timestamp="2017-12-30T17:45:39Z" user="acsd" uid="345493" lat="55.7938827" lon="49.1211704"/>
 <node id="487688619" visible="true" version="3" changeset="111469896" timestamp="2021-09-21T00:03:15Z" user="VlIvYur" uid="345975" lat="55.7948411" lon="49.1214953"/>
 <node id="487688623" visible="true" version="2" changeset="7220397" timestamp="2011-02-07T20:18:39Z" user="acsd" uid="345493" lat="55.7958705" lon="49.1141969"/>
 <node id="698243763" visible="true" version="4" changeset="29064157" timestamp="2015-02-24T10:56:49Z" user="hlam-2008" uid="2564978" lat="55.7937391" lon="49.1214070"/>
 <node id="698271165" visible="true" version="8" changeset="144364644" timestamp="2023-11-23T11:21:09Z" user="Глеб" uid="346125" lat="55.7962363" lon="49.1242334"/>
 <node id="701685261" visible="true" version="3" changeset="183700684" timestamp="2026-06-05T15:03:35Z" user="Airiver" uid="13901111" lat="55.7953116" lon="49.1188459"/>
 <node id="701685262" visible="true" version="9" changeset="144343649" timestamp="2023-11-22T21:18:43Z" user="Глеб" uid="346125" lat="55.7977889" lon="49.1197943"/>
 <node id="701685263" visible="true" version="7" changeset="183700684" timestamp="2026-06-05T15:03:35Z" user="Airiver" uid="13901111" lat="55.7966769" lon="49.1194204"/>
 <node id="893213883" visible="true" version="5" changeset="16690458" timestamp="2013-06-24T20:39:30Z" user="Art'y" uid="235335" lat="55.7943770" lon="49.1248455"/>
 <node id="893213886" visible="true" version="4" changeset="7220397" timestamp="2011-02-07T20:18:39Z" user="acsd" uid="345493" lat="55.7930550" lon="49.1240967"/>
 <node id="893213888" visible="true" version="4" changeset="7220397" timestamp="2011-02-07T20:18:48Z" user="acsd" uid="345493" lat="55.7931914" lon="49.1246696"/>
 <node id="893213890" visible="true" version="4" changeset="7220397" timestamp="2011-02-07T20:18:40Z" user="acsd" uid="345493" lat="55.7947672" lon="49.1218012"/>
 <node id="893213895" visible="true" version="3" changeset="7093674" timestamp="2011-01-26T13:58:29Z" user="Hjvfy" uid="317379" lat="55.7927608" lon="49.1230858"/>
 <node id="908558719" visible="true" version="6" changeset="136881879" timestamp="2023-06-02T19:37:21Z" user="user_19466096" uid="19466096" lat="55.7949082" lon="49.1183953"/>
 <node id="908558734" visible="true" version="6" changeset="136881879" timestamp="2023-06-02T19:37:21Z" user="user_19466096" uid="19466096" lat="55.7946410" lon="49.1187806"/>
 <node id="908558748" visible="true" version="6" changeset="136881879" timestamp="2023-06-02T19:37:21Z" user="user_19466096" uid="19466096" lat="55.7946666" lon="49.1183504"/>
 <node id="908558756" visible="true" version="5" changeset="107591743" timestamp="2021-07-07T22:38:14Z" user="OSMPossum" uid="11601482" lat="55.7943379" lon="49.1211014"/>
 <node id="908558758" visible="true" version="6" changeset="136881879" timestamp="2023-06-02T19:37:21Z" user="user_19466096" uid="19466096" lat="55.7948832" lon="49.1188256"/>
 <node id="908558762" visible="true" version="6" changeset="140388737" timestamp="2023-08-25T20:57:21Z" user="dpolovinkin" uid="6710042" lat="55.7948953" lon="49.1179938"/>
 <node id="909009842" visible="true" version="2" changeset="7093674" timestamp="2011-01-26T13:58:08Z" user="Hjvfy" uid="317379" lat="55.7946943" lon="49.1219312"/>
 <node id="909009857" visible="true" version="2" changeset="7093674" timestamp="2011-01-26T13:57:38Z" user="Hjvfy" uid="317379" lat="55.7931224" lon="49.1223451"/>
 <node id="936289185" visible="true" version="5" changeset="136881879" timestamp="2023-06-02T19:37:21Z" user="user_19466096" uid="19466096" lat="55.7946141" lon="49.1186976"/>
 <node id="936289187" visible="true" version="5" changeset="136881879" timestamp="2023-06-02T19:37:21Z" user="user_19466096" uid="19466096" lat="55.7948365" lon="49.1188737"/>
 <node id="936289190" visible="true" version="5" changeset="136881879" timestamp="2023-06-02T19:37:21Z" user="user_19466096" uid="19466096" lat="55.7949351" lon="49.1184779"/>
 <node id="936289192" visible="true" version="5" changeset="136881879" timestamp="2023-06-02T19:37:21Z" user="user_19466096" uid="19466096" lat="55.7946306" lon="49.1184214"/>
 <node id="936289194" visible="true" version="5" changeset="136881879" timestamp="2023-06-02T19:37:21Z" user="user_19466096" uid="19466096" lat="55.7946810" lon="49.1188447"/>
 <node id="936289196" visible="true" version="5" changeset="136881879" timestamp="2023-06-02T19:37:21Z" user="user_19466096" uid="19466096" lat="55.7949192" lon="49.1187542"/>
 <node id="936289198" visible="true" version="5" changeset="136881879" timestamp="2023-06-02T19:37:21Z" user="user_19466096" uid="19466096" lat="55.7947131" lon="49.1183027"/>
 <node id="936289200" visible="true" version="5" changeset="136881879" timestamp="2023-06-02T19:37:21Z" user="user_19466096" uid="19466096" lat="55.7948682" lon="49.1183314"/>
 <node id="1042260814" visible="true" version="5" changeset="58546135" timestamp="2018-04-30T07:50:08Z" user="az09" uid="156743" lat="55.7970919" lon="49.1223449">
  <tag k="addr:city" v="Казань"/>
  <tag k="addr:housenumber" v="16"/>
  <tag k="addr:street" v="улица Лобачевского"/>
 </node>
 <node id="1042260820" visible="true" version="3" changeset="58546135" timestamp="2018-04-30T07:50:08Z" user="az09" uid="156743" lat="55.7974434" lon="49.1224291"/>
 <node id="1042260822" visible="true" version="3" changeset="58546135" timestamp="2018-04-30T07:50:08Z" user="az09" uid="156743" lat="55.7974751" lon="49.1224506"/>
 <node id="1042260824" visible="true" version="4" changeset="58546135" timestamp="2018-04-30T07:50:08Z" user="az09" uid="156743" lat="55.7974977" lon="49.1224908">
  <tag k="entrance" v="yes"/>
 </node>
 <node id="1042260827" visible="true" version="3" changeset="58546135" timestamp="2018-04-30T07:50:08Z" user="az09" uid="156743" lat="55.7975143" lon="49.1225364"/>
 <node id="1042260829" visible="true" version="3" changeset="58546135" timestamp="2018-04-30T07:50:08Z" user="az09" uid="156743" lat="55.7975233" lon="49.1225954"/>
 <node id="1042260830" visible="true" version="6" changeset="58546135" timestamp="2018-04-30T07:50:08Z" user="az09" uid="156743" lat="55.7974756" lon="49.1232615"/>
 <node id="1042260834" visible="true" version="4" changeset="58546135" timestamp="2018-04-30T07:50:08Z" user="az09" uid="156743" lat="55.7973650" lon="49.1226771"/>
 <node id="1042260835" visible="true" version="4" changeset="58546135" timestamp="2018-04-30T07:50:08Z" user="az09" uid="156743" lat="55.7971496" lon="49.1226273"/>
 <node id="1042260839" visible="true" version="4" changeset="58546135" timestamp="2018-04-30T07:50:08Z" user="az09" uid="156743" lat="55.7971224" lon="49.1230010"/>
 <node id="1042260843" visible="true" version="4" changeset="58546135" timestamp="2018-04-30T07:50:08Z" user="az09" uid="156743" lat="55.7970474" lon="49.1229836"/>
 <node id="1042262698" visible="true" version="4" changeset="58546135" timestamp="2018-04-30T07:50:08Z" user="az09" uid="156743" lat="55.7970570" lon="49.1223270"/>
 <node id="1042262700" visible="true" version="4" changeset="58546135" timestamp="2018-04-30T07:50:08Z" user="az09" uid="156743" lat="55.7966183" lon="49.1222063"/>
 <node id="1042262702" visible="true" version="4" changeset="58546135" timestamp="2018-04-30T07:50:08Z" user="az09" uid="156743" lat="55.7965911" lon="49.1222144"/>
 <node id="1042262704" visible="true" version="5" changeset="125420112" timestamp="2022-08-26T19:09:43Z" user="parukhin" uid="519501" lat="55.7965715" lon="49.1222439">
  <tag k="historic" v="memorial"/>
  <tag k="memorial" v="plaque"/>
  <tag k="name" v="Шамилю Усманову"/>
 </node>
 <node id="1042262706" visible="true" version="4" changeset="58546135" timestamp="2018-04-30T07:50:08Z" user="az09" uid="156743" lat="55.7965580" lon="49.1222949"/>
 <node id="1042262708" visible="true" version="4" changeset="58546135" timestamp="2018-04-30T07:50:08Z" user="az09" uid="156743" lat="55.7965293" lon="49.1226435"/>
 <node id="1042262710" visible="true" version="4" changeset="58546135" timestamp="2018-04-30T07:50:08Z" user="az09" uid="156743" lat="55.7966711" lon="49.1226811"/>
 <node id="1042262711" visible="true" version="4" changeset="58546135" timestamp="2018-04-30T07:50:08Z" user="az09" uid="156743" lat="55.7966907" lon="49.1224397"/>
 <node id="1042262715" visible="true" version="4" changeset="58546135" timestamp="2018-04-30T07:50:08Z" user="az09" uid="156743" lat="55.7970404" lon="49.1225336"/>
 <node id="1067438788" visible="true" version="3" changeset="183700684" timestamp="2026-06-05T15:03:35Z" user="Airiver" uid="13901111" lat="55.7956768" lon="49.1179087"/>
 <node id="1067438792" visible="true" version="5" changeset="183700684" timestamp="2026-06-05T15:03:35Z" user="Airiver" uid="13901111" lat="55.7965915" lon="49.1176674"/>
 <node id="1067438820" visible="true" version="4" changeset="144976730" timestamp="2023-12-10T20:31:45Z" user="Глеб" uid="346125" lat="55.7968100" lon="49.1218156"/>
 <node id="1067438838" visible="true" version="6" changeset="150854907" timestamp="2024-05-03T20:21:14Z" user="Глеб" uid="346125" lat="55.7971827" lon="49.1175125"/>
 <node id="1067438857" visible="true" version="3" changeset="55040457" timestamp="2017-12-30T17:45:39Z" user="acsd" uid="345493" lat="55.7939768" lon="49.1206281"/>
 <node id="1067438862" visible="true" version="3" changeset="168854733" timestamp="2025-07-12T23:08:43Z" user="parukhin" uid="519501" lat="55.7968816" lon="49.1188456"/>
 <node id="1067438865" visible="true" version="3" changeset="125862205" timestamp="2022-09-06T14:34:54Z" user="parukhin" uid="519501" lat="55.7958194" lon="49.1206870"/>
 <node id="1067438890" visible="true" version="3" changeset="183700684" timestamp="2026-06-05T15:03:35Z" user="Airiver" uid="13901111" lat="55.7956885" lon="49.1177229"/>
 <node id="1067438909" visible="true" version="6" changeset="183700684" timestamp="2026-06-05T15:03:35Z" user="Airiver" uid="13901111" lat="55.7950845" lon="49.1211900"/>
 <node id="1067438924" visible="true" version="4" changeset="125420112" timestamp="2022-08-26T19:09:43Z" user="parukhin" uid="519501" lat="55.7957473" lon="49.1222351"/>
 <node id="1067438930" visible="true" version="6" changeset="157435879" timestamp="2024-10-03T20:25:17Z" user="Глеб" uid="346125" lat="55.7967285" lon="49.1207101"/>
 <node id="1067438967" visible="true" version="6" changeset="150854907" timestamp="2024-05-03T20:21:14Z" user="Глеб" uid="346125" lat="55.7972395" lon="49.1168519"/>
 <node id="1067439000" visible="true" version="8" changeset="157435392" timestamp="2024-10-03T20:11:11Z" user="Глеб" uid="346125" lat="55.7964278" lon="49.1213116"/>
 <node id="1067439008" visible="true" version="3" changeset="168854733" timestamp="2025-07-12T23:08:43Z" user="parukhin" uid="519501" lat="55.7973350" lon="49.1187271"/>
 <node id="1067439012" visible="true" version="6" changeset="111469896" timestamp="2021-09-21T00:03:15Z" user="VlIvYur" uid="345975" lat="55.7955793" lon="49.1220075"/>
 <node id="1067439026" visible="true" version="5" changeset="144343649" timestamp="2023-11-22T21:18:43Z" user="Глеб" uid="346125" lat="55.7955598" lon="49.1213993"/>
 <node id="1067439031" visible="true" version="2" changeset="7093674" timestamp="2011-01-26T13:57:22Z" user="Hjvfy" uid="317379" lat="55.7970404" lon="49.1183409"/>
 <node id="1067439036" visible="true" version="6" changeset="157435879" timestamp="2024-10-03T20:25:17Z" user="Глеб" uid="346125" lat="55.7972021" lon="49.1213858"/>
 <node id="1067439058" visible="true" version="5" changeset="111469896" timestamp="2021-09-21T00:03:15Z" user="VlIvYur" uid="345975" lat="55.7951457" lon="49.1221131"/>
 <node id="1067439068" visible="true" version="4" changeset="111436207" timestamp="2021-09-20T07:44:29Z" user="VlIvYur" uid="345975" lat="55.7973548" lon="49.1205565"/>
 <node id="1067439094" visible="true" version="2" changeset="7093516" timestamp="2011-01-26T13:38:43Z" user="Hjvfy" uid="317379" lat="55.7961450" lon="49.1185439"/>
 <node id="1067439116" visible="true" version="6" changeset="150854907" timestamp="2024-05-03T20:21:14Z" user="Глеб" uid="346125" lat="55.7972762" lon="49.1164256"/>
 <node id="1067439119" visible="true" version="3" changeset="183700684" timestamp="2026-06-05T15:03:35Z" user="Airiver" uid="13901111" lat="55.7951086" lon="49.1209988"/>
 <node id="1067439125" visible="true" version="3" changeset="111436207" timestamp="2021-09-20T07:44:29Z" user="VlIvYur" uid="345975" lat="55.7973695" lon="49.1188870"/>
 <node id="1067439132" visible="true" version="3" changeset="111469896" timestamp="2021-09-21T00:03:15Z" user="VlIvYur" uid="345975" lat="55.7961202" lon="49.1178520"/>
 <node id="1067439139" visible="true" version="2" changeset="7093674" timestamp="2011-01-26T13:57:48Z" user="Hjvfy" uid="317379" lat="55.7970853" lon="49.1178848"/>
 <node id="1067439143" visible="true" version="6" changeset="157435879" timestamp="2024-10-03T20:25:17Z" user="Глеб" uid="346125" lat="55.7974198" lon="49.1212046"/>
 <node id="1067439197" visible="true" version="3" changeset="38362445" timestamp="2016-04-06T20:13:49Z" user="Daniil Musatov" uid="2261094" lat="55.7960676" lon="49.1193170"/>
 <node id="1067439203" visible="true" version="3" changeset="183700684" timestamp="2026-06-05T15:03:35Z" user="Airiver" uid="13901111" lat="55.7958074" lon="49.1187123"/>
 <node id="1067439218" visible="true" version="4" changeset="183700684" timestamp="2026-06-05T15:03:35Z" user="Airiver" uid="13901111" lat="55.7958273" lon="49.1194529"/>
 <node id="1067439228" visible="true" version="2" changeset="7093516" timestamp="2011-01-26T13:38:24Z" user="Hjvfy" uid="317379" lat="55.7957059" lon="49.1194583"/>
 <node id="1067439230" visible="true" version="3" changeset="111469896" timestamp="2021-09-21T00:03:15Z" user="VlIvYur" uid="345975" lat="55.7962458" lon="49.1176910"/>
 <node id="1067439249" visible="true" version="3" changeset="125862205" timestamp="2022-09-06T14:34:54Z" user="parukhin" uid="519501" lat="55.7958930" lon="49.1206546"/>
 <node id="1067439258" visible="true" version="6" changeset="150854907" timestamp="2024-05-03T20:21:14Z" user="Глеб" uid="346125" lat="55.7972111" lon="49.1171819"/>
 <node id="1067439269" visible="true" version="3" changeset="168854733" timestamp="2025-07-12T23:08:43Z" user="parukhin" uid="519501" lat="55.7973913" lon="49.1194968"/>
 <node id="1067439281" visible="true" version="5" changeset="151918337" timestamp="2024-05-27T21:02:54Z" user="Глеб" uid="346125" lat="55.7973749" lon="49.1204839"/>
 <node id="1067439284" visible="true" version="3" changeset="183700684" timestamp="2026-06-05T15:03:35Z" user="Airiver" uid="13901111" lat="55.7956859" lon="49.1185108"/>
 <node id="1067439285" visible="true" version="4" changeset="111436207" timestamp="2021-09-20T07:44:29Z" user="VlIvYur" uid="345975" lat="55.7976424" lon="49.1207320"/>
 <node id="1067439295" visible="true" version="3" changeset="166945384" timestamp="2025-05-29T22:30:07Z" user="Глеб" uid="346125" lat="55.7964574" lon="49.1182388"/>
 <node id="1067439300" visible="true" version="4" changeset="125420112" timestamp="2022-08-26T19:09:43Z" user="parukhin" uid="519501" lat="55.7959069" lon="49.1220677"/>
 <node id="1067439326" visible="true" version="6" changeset="157435879" timestamp="2024-10-03T20:25:17Z" user="Глеб" uid="346125" lat="55.7972329" lon="49.1210985"/>
 <node id="1067439333" visible="true" version="3" changeset="125862205" timestamp="2022-09-06T14:34:54Z" user="parukhin" uid="519501" lat="55.7959295" lon="49.1202916"/>
 <node id="1067439357" visible="true" version="7" changeset="157435392" timestamp="2024-10-03T20:11:11Z" user="Глеб" uid="346125" lat="55.7962799" lon="49.1216149"/>
 <node id="1067439371" visible="true" version="2" changeset="7093674" timestamp="2011-01-26T13:58:01Z" user="Hjvfy" uid="317379" lat="55.7968855" lon="49.1187551"/>
 <node id="1067439375" visible="true" version="2" changeset="7093674" timestamp="2011-01-26T13:57:43Z" user="Hjvfy" uid="317379" lat="55.7970737" lon="49.1180389"/>
 <node id="1067439376" visible="true" version="3" changeset="183700684" timestamp="2026-06-05T15:03:35Z" user="Airiver" uid="13901111" lat="55.7956704" lon="49.1178199"/>
 <node id="1067439378" visible="true" version="3" changeset="111436207" timestamp="2021-09-20T07:44:29Z" user="VlIvYur" uid="345975" lat="55.7977387" lon="49.1186745"/>
 <node id="1067439388" visible="true" version="6" changeset="157435879" timestamp="2024-10-03T20:25:17Z" user="Глеб" uid="346125" lat="55.7968376" lon="49.1196168"/>
 <node id="1067439401" visible="true" version="3" changeset="166945384" timestamp="2025-05-29T22:30:07Z" user="Глеб" uid="346125" lat="55.7964096" lon="49.1187460"/>
 <node id="1067439423" visible="true" version="2" changeset="7093516" timestamp="2011-01-26T13:38:28Z" user="Hjvfy" uid="317379" lat="55.7960670" lon="49.1181705"/>
 <node id="1067439426" visible="true" version="4" changeset="144976730" timestamp="2023-12-10T20:31:45Z" user="Глеб" uid="346125" lat="55.7967724" lon="49.1216434"/>
 <node id="1067439432" visible="true" version="6" changeset="111469896" timestamp="2021-09-21T00:03:15Z" user="VlIvYur" uid="345975" lat="55.7953726" lon="49.1225476"/>
 <node id="1067439446" visible="true" version="6" changeset="150854907" timestamp="2024-05-03T20:21:14Z" user="Глеб" uid="346125" lat="55.7973073" lon="49.1160652"/>
 <node id="1067439451" visible="true" version="3" changeset="183700684" timestamp="2026-06-05T15:03:35Z" user="Airiver" uid="13901111" lat="55.7955601" lon="49.1202630"/>
 <node id="1067439458" visible="true" version="3" changeset="125862205" timestamp="2022-09-06T14:34:54Z" user="parukhin" uid="519501" lat="55.7956570" lon="49.1208147"/>
 <node id="1067439466" visible="true" version="3" changeset="111469896" timestamp="2021-09-21T00:03:15Z" user="VlIvYur" uid="345975" lat="55.7962631" lon="49.1175149"/>
 <node id="1067439467" visible="true" version="3" changeset="111469896" timestamp="2021-09-21T00:03:15Z" user="VlIvYur" uid="345975" lat="55.7964434" lon="49.1188936"/>
 <node id="1067439497" visible="true" version="7" changeset="125420112" timestamp="2022-08-26T19:09:43Z" user="parukhin" uid="519501" lat="55.7960976" lon="49.1221100"/>
 <node id="1067439523" visible="true" version="6" changeset="157435879" timestamp="2024-10-03T20:25:17Z" user="Глеб" uid="346125" lat="55.7971147" lon="49.1213075"/>
 <node id="1067439526" visible="true" version="3" changeset="111436207" timestamp="2021-09-20T07:44:29Z" user="VlIvYur" uid="345975" lat="55.7975362" lon="49.1183189"/>
 <node id="1067439542" visible="true" version="4" changeset="150854907" timestamp="2024-05-03T20:21:14Z" user="Глеб" uid="346125" lat="55.7959097" lon="49.1182576"/>
 <node id="1067439561" visible="true" version="6" changeset="157435879" timestamp="2024-10-03T20:25:17Z" user="Глеб" uid="346125" lat="55.7968172" lon="49.1198555"/>
 <node id="1067439565" visible="true" version="3" changeset="183700684" timestamp="2026-06-05T15:03:35Z" user="Airiver" uid="13901111" lat="55.7956501" lon="49.1184970"/>
 <node id="1067439566" visible="true" version="6" changeset="157435879" timestamp="2024-10-03T20:25:17Z" user="Глеб" uid="346125" lat="55.7971639" lon="49.1205969"/>
 <node id="1067439591" visible="true" version="6" changeset="150854907" timestamp="2024-05-03T20:21:14Z" user="Глеб" uid="346125" lat="55.7973522" lon="49.1158565"/>
 <node id="1067439596" visible="true" version="2" changeset="7093516" timestamp="2011-01-26T13:38:44Z" user="Hjvfy" uid="317379" lat="55.7958350" lon="49.1198231"/>
 <node id="1067439629" visible="true" version="3" changeset="125862205" timestamp="2022-09-06T14:34:54Z" user="parukhin" uid="519501" lat="55.7960025" lon="49.1203148"/>
 <node id="1067439631" visible="true" version="6" changeset="157435879" timestamp="2024-10-03T20:25:17Z" user="Глеб" uid="346125" lat="55.7973861" lon="49.1213881"/>
 <node id="1067439636" visible="true" version="2" changeset="7093674" timestamp="2011-01-26T13:58:07Z" user="Hjvfy" uid="317379" lat="55.7969531" lon="49.1178534"/>
 <node id="1067439656" visible="true" version="5" changeset="144343649" timestamp="2023-11-22T21:18:43Z" user="Глеб" uid="346125" lat="55.7954734" lon="49.1214293"/>
 <node id="1067439668" visible="true" version="3" changeset="183700684" timestamp="2026-06-05T15:03:35Z" user="Airiver" uid="13901111" lat="55.7955971" lon="49.1184130"/>
 <node id="1067439677" visible="true" version="5" changeset="183700684" timestamp="2026-06-05T15:03:35Z" user="Airiver" uid="13901111" lat="55.7965436" lon="49.1181666"/>
 <node id="1067439713" visible="true" version="4" changeset="144976730" timestamp="2023-12-10T20:31:45Z" user="Глеб" uid="346125" lat="55.7967580" lon="49.1218005"/>
 <node id="1067439717" visible="true" version="6" changeset="150854907" timestamp="2024-05-03T20:21:14Z" user="Глеб" uid="346125" lat="55.7971759" lon="49.1175909"/>
 <node id="1067439743" visible="true" version="3" changeset="168854733" timestamp="2025-07-12T23:08:43Z" user="parukhin" uid="519501" lat="55.7968471" lon="49.1192610"/>
 <node id="1067439750" visible="true" version="4" changeset="157435392" timestamp="2024-10-03T20:11:11Z" user="Глеб" uid="346125" lat="55.7960440" lon="49.1189600"/>
 <node id="1067439761" visible="true" version="6" changeset="157435879" timestamp="2024-10-03T20:25:17Z" user="Глеб" uid="346125" lat="55.7969500" lon="49.1213191"/>
 <node id="1067439769" visible="true" version="3" changeset="38362445" timestamp="2016-04-06T20:13:49Z" user="Daniil Musatov" uid="2261094" lat="55.7960463" lon="49.1195243"/>
 <node id="1067439792" visible="true" version="4" changeset="125420112" timestamp="2022-08-26T19:09:43Z" user="parukhin" uid="519501" lat="55.7958241" lon="49.1222522"/>
 <node id="1067439812" visible="true" version="6" changeset="150854907" timestamp="2024-05-03T20:21:14Z" user="Глеб" uid="346125" lat="55.7973918" lon="49.1168934"/>
 <node id="1067439823" visible="true" version="3" changeset="168854733" timestamp="2025-07-12T23:08:43Z" user="parukhin" uid="519501" lat="55.7973520" lon="49.1191717"/>
 <node id="1067439835" visible="true" version="6" changeset="111469896" timestamp="2021-09-21T00:03:15Z" user="VlIvYur" uid="345975" lat="55.7952558" lon="49.1219522"/>
 <node id="1067439840" visible="true" version="3" changeset="111469896" timestamp="2021-09-21T00:03:15Z" user="VlIvYur" uid="345975" lat="55.7965103" lon="49.1188154"/>
 <node id="1067439851" visible="true" version="2" changeset="7093674" timestamp="2011-01-26T13:57:32Z" user="Hjvfy" uid="317379" lat="55.7970580" lon="49.1184895"/>
 <node id="1067439853" visible="true" version="6" changeset="157435879" timestamp="2024-10-03T20:25:17Z" user="Глеб" uid="346125" lat="55.7971543" lon="49.1219953"/>
 <node id="1067439865" visible="true" version="3" changeset="111436207" timestamp="2021-09-20T07:44:29Z" user="VlIvYur" uid="345975" lat="55.7977191" lon="49.1179747"/>
 <node id="1067439866" visible="true" version="5" changeset="111469896" timestamp="2021-09-21T00:03:15Z" user="VlIvYur" uid="345975" lat="55.7951615" lon="49.1219307"/>
 <node id="1067439876" visible="true" version="4" changeset="111436207" timestamp="2021-09-20T07:44:29Z" user="VlIvYur" uid="345975" lat="55.7973451" lon="49.1206864"/>
 <node id="1067439880" visible="true" version="2" changeset="7093516" timestamp="2011-01-26T13:38:22Z" user="Hjvfy" uid="317379" lat="55.7961605" lon="49.1184499"/>
 <node id="1067439891" visible="true" version="3" changeset="183700684" timestamp="2026-06-05T15:03:35Z" user="Airiver" uid="13901111" lat="55.7952480" lon="49.1210556"/>
 <node id="1067439900" visible="true" version="3" changeset="111436207" timestamp="2021-09-20T07:44:29Z" user="VlIvYur" uid="345975" lat="55.7974882" lon="49.1187353"/>
 <node id="1067439917" visible="true" version="6" changeset="157435879" timestamp="2024-10-03T20:25:17Z" user="Глеб" uid="346125" lat="55.7974365" lon="49.1209913"/>
 <node id="1067439933" visible="true" version="4" changeset="111436207" timestamp="2021-09-20T07:44:29Z" user="VlIvYur" uid="345975" lat="55.7976156" lon="49.1210873"/>
 <node id="1067439942" visible="true" version="3" changeset="183700684" timestamp="2026-06-05T15:03:35Z" user="Airiver" uid="13901111" lat="55.7955631" lon="49.1175590"/>
 <node id="1067439951" visible="true" version="3" changeset="183700684" timestamp="2026-06-05T15:03:35Z" user="Airiver" uid="13901111" lat="55.7955566" lon="49.1200111"/>
 <node id="1067439962" visible="true" version="2" changeset="7093516" timestamp="2011-01-26T13:38:39Z" user="Hjvfy" uid="317379" lat="55.7956808" lon="49.1197468"/>
 <node id="1067439963" visible="true" version="3" changeset="111469896" timestamp="2021-09-21T00:03:15Z" user="VlIvYur" uid="345975" lat="55.7963940" lon="49.1177370"/>
 <node id="1067439965" visible="true" version="6" changeset="150854907" timestamp="2024-05-03T20:21:14Z" user="Глеб" uid="346125" lat="55.7971611" lon="49.1156889"/>
 <node id="1067439966" visible="true" version="3" changeset="111469896" timestamp="2021-09-21T00:03:15Z" user="VlIvYur" uid="345975" lat="55.7948795" lon="49.1233209"/>
 <node id="1067439975" visible="true" version="6" changeset="150854907" timestamp="2024-05-03T20:21:14Z" user="Глеб" uid="346125" lat="55.7971986" lon="49.1173278"/>
 <node id="1067439981" visible="true" version="3" changeset="168854733" timestamp="2025-07-12T23:08:43Z" user="parukhin" uid="519501" lat="55.7974169" lon="49.1191888"/>
 <node id="1067439996" visible="true" version="3" changeset="183700684" timestamp="2026-06-05T15:03:35Z" user="Airiver" uid="13901111" lat="55.7957092" lon="49.1183194"/>
 <node id="1067440007" visible="true" version="3" changeset="166945384" timestamp="2025-05-29T22:30:07Z" user="Глеб" uid="346125" lat="55.7962558" lon="49.1187222"/>
 <node id="1067440016" visible="true" version="6" changeset="157435879" timestamp="2024-10-03T20:25:17Z" user="Глеб" uid="346125" lat="55.7973045" lon="49.1210642"/>
 <node id="1067440030" visible="true" version="8" changeset="157435392" timestamp="2024-10-03T20:11:11Z" user="Глеб" uid="346125" lat="55.7961487" lon="49.1212330"/>
 <node id="1067440034" visible="true" version="3" changeset="168854733" timestamp="2025-07-12T23:08:43Z" user="parukhin" uid="519501" lat="55.7971926" lon="49.1186896"/>
 <node id="1067440035" visible="true" version="2" changeset="7093674" timestamp="2011-01-26T13:57:54Z" user="Hjvfy" uid="317379" lat="55.7970620" lon="49.1187969"/>
 <node id="1067440045" visible="true" version="2" changeset="7093674" timestamp="2011-01-26T13:57:49Z" user="Hjvfy" uid="317379" lat="55.7970502" lon="49.1182106"/>
 <node id="1067440076" visible="true" version="4" changeset="144976730" timestamp="2023-12-10T20:31:45Z" user="Глеб" uid="346125" lat="55.7968441" lon="49.1216642"/>
 <node id="1067440097" visible="true" version="3" changeset="183700684" timestamp="2026-06-05T15:03:35Z" user="Airiver" uid="13901111" lat="55.7955293" lon="49.1202520"/>
 <node id="1067440117" visible="true" version="3" changeset="111469896" timestamp="2021-09-21T00:03:15Z" user="VlIvYur" uid="345975" lat="55.7950170" lon="49.1223426"/>
 <node id="1067440121" visible="true" version="3" changeset="111469896" timestamp="2021-09-21T00:03:15Z" user="VlIvYur" uid="345975" lat="55.7961691" lon="49.1173526"/>
 <node id="1067440122" visible="true" version="3" changeset="111469896" timestamp="2021-09-21T00:03:15Z" user="VlIvYur" uid="345975" lat="55.7965191" lon="49.1187118"/>
 <node id="1067440125" visible="true" version="6" changeset="157435879" timestamp="2024-10-03T20:25:17Z" user="Глеб" uid="346125" lat="55.7970766" lon="49.1217928"/>
 <node id="1067440127" visible="true" version="3" changeset="111436207" timestamp="2021-09-20T07:44:29Z" user="VlIvYur" uid="345975" lat="55.7974177" lon="49.1183020"/>
 <node id="1067440130" visible="true" version="4" changeset="157435392" timestamp="2024-10-03T20:11:11Z" user="Глеб" uid="346125" lat="55.7960710" lon="49.1187381"/>
 <node id="1067440145" visible="true" version="4" changeset="150854907" timestamp="2024-05-03T20:21:14Z" user="Глеб" uid="346125" lat="55.7958351" lon="49.1180988"/>
 <node id="1067440147" visible="true" version="6" changeset="157435879" timestamp="2024-10-03T20:25:17Z" user="Глеб" uid="346125" lat="55.7969723" lon="49.1210338"/>
 <node id="1067440153" visible="true" version="6" changeset="157435879" timestamp="2024-10-03T20:25:17Z" user="Глеб" uid="346125" lat="55.7972265" lon="49.1199929"/>
 <node id="1067440161" visible="true" version="3" changeset="183700684" timestamp="2026-06-05T15:03:35Z" user="Airiver" uid="13901111" lat="55.7957673" lon="49.1186969"/>
 <node id="1067440194" visible="true" version="3" changeset="125862205" timestamp="2022-09-06T14:34:54Z" user="parukhin" uid="519501" lat="55.7960610" lon="49.1207080"/>
 <node id="1067440215" visible="true" version="5" changeset="144343649" timestamp="2023-11-22T21:18:43Z" user="Глеб" uid="346125" lat="55.7955394" lon="49.1216206"/>
 <node id="1067440237" visible="true" version="5" changeset="151918337" timestamp="2024-05-27T21:02:54Z" user="Глеб" uid="346125" lat="55.7973959" lon="49.1202608"/>
 <node id="1067440239" visible="true" version="3" changeset="183700684" timestamp="2026-06-05T15:03:35Z" user="Airiver" uid="13901111" lat="55.7956378" lon="49.1180796"/>
 <node id="1067440246" visible="true" version="4" changeset="183700684" timestamp="2026-06-05T15:03:35Z" user="Airiver" uid="13901111" lat="55.7966822" lon="49.1187217"/>
 <node id="1067440273" visible="true" version="6" changeset="150854907" timestamp="2024-05-03T20:21:14Z" user="Глеб" uid="346125" lat="55.7971207" lon="49.1175758"/>
 <node id="1067440292" visible="true" version="8" changeset="157435392" timestamp="2024-10-03T20:11:11Z" user="Глеб" uid="346125" lat="55.7962124" lon="49.1215959"/>
 <node id="1067440308" visible="true" version="3" changeset="183700684" timestamp="2026-06-05T15:03:35Z" user="Airiver" uid="13901111" lat="55.7957130" lon="49.1178364"/>
 <node id="1067440323" visible="true" version="3" changeset="111436207" timestamp="2021-09-20T07:44:29Z" user="VlIvYur" uid="345975" lat="55.7977403" lon="49.1186396"/>
 <node id="1067440326" visible="true" version="3" changeset="38362445" timestamp="2016-04-06T20:13:49Z" user="Daniil Musatov" uid="2261094" lat="55.7963915" lon="49.1194222"/>
 <node id="1067440366" visible="true" version="5" changeset="144976730" timestamp="2023-12-10T20:31:45Z" user="Глеб" uid="346125" lat="55.7968286" lon="49.1209184"/>
 <node id="1067440367" visible="true" version="4" changeset="125420112" timestamp="2022-08-26T19:09:43Z" user="parukhin" uid="519501" lat="55.7957613" lon="49.1220353"/>
 <node id="1067440384" visible="true" version="6" changeset="150854907" timestamp="2024-05-03T20:21:14Z" user="Глеб" uid="346125" lat="55.7973341" lon="49.1160725"/>
 <node id="1067440408" visible="true" version="3" changeset="168854733" timestamp="2025-07-12T23:08:43Z" user="parukhin" uid="519501" lat="55.7973472" lon="49.1192294"/>
 <node id="1067440411" visible="true" version="3" changeset="125862205" timestamp="2022-09-06T14:34:54Z" user="parukhin" uid="519501" lat="55.7958701" lon="49.1208825"/>
 <node id="1067440437" visible="true" version="2" changeset="7093674" timestamp="2011-01-26T13:58:04Z" user="Hjvfy" uid="317379" lat="55.7970829" lon="49.1184954"/>
 <node id="1067440454" visible="true" version="5" changeset="111469896" timestamp="2021-09-21T00:03:15Z" user="VlIvYur" uid="345975" lat="55.7950183" lon="49.1222794"/>
 <node id="1067440459" visible="true" version="4" changeset="111436207" timestamp="2021-09-20T07:44:29Z" user="VlIvYur" uid="345975" lat="55.7974791" lon="49.1206930"/>
 <node id="1067440478" visible="true" version="4" changeset="183700684" timestamp="2026-06-05T15:03:35Z" user="Airiver" uid="13901111" lat="55.7965280" lon="49.1186764"/>
 <node id="1067440487" visible="true" version="3" changeset="166945384" timestamp="2025-05-29T22:30:07Z" user="Глеб" uid="346125" lat="55.7963057" lon="49.1181940"/>
 <node id="1067440541" visible="true" version="6" changeset="157435879" timestamp="2024-10-03T20:25:17Z" user="Глеб" uid="346125" lat="55.7973093" lon="49.1213690"/>
 <node id="1067440610" visible="true" version="3" changeset="183700684" timestamp="2026-06-05T15:03:35Z" user="Airiver" uid="13901111" lat="55.7954203" lon="49.1187326"/>
 <node id="1067440614" visible="true" version="4" changeset="183700684" timestamp="2026-06-05T15:03:35Z" user="Airiver" uid="13901111" lat="55.7965755" lon="49.1181760"/>
 <node id="1067440631" visible="true" version="6" changeset="144343649" timestamp="2023-11-22T21:18:43Z" user="Глеб" uid="346125" lat="55.7950578" lon="49.1214798"/>
 <node id="1067440637" visible="true" version="3" changeset="183700684" timestamp="2026-06-05T15:03:35Z" user="Airiver" uid="13901111" lat="55.7954021" lon="49.1199556"/>
 <node id="1067440655" visible="true" version="2" changeset="7093516" timestamp="2011-01-26T13:37:52Z" user="Hjvfy" uid="317379" lat="55.7958910" lon="49.1198385"/>
 <node id="1067440660" visible="true" version="3" changeset="111469896" timestamp="2021-09-21T00:03:15Z" user="VlIvYur" uid="345975" lat="55.7948952" lon="49.1222884"/>
 <node id="1067440673" visible="true" version="6" changeset="150854907" timestamp="2024-05-03T20:21:14Z" user="Глеб" uid="346125" lat="55.7972351" lon="49.1173377"/>
 <node id="1067440676" visible="true" version="7" changeset="125420112" timestamp="2022-08-26T19:09:43Z" user="parukhin" uid="519501" lat="55.7963462" lon="49.1221652"/>
 <node id="1067440679" visible="true" version="3" changeset="168854733" timestamp="2025-07-12T23:08:43Z" user="parukhin" uid="519501" lat="55.7968969" lon="49.1192741"/>
 <node id="1067440696" visible="true" version="5" changeset="151918337" timestamp="2024-05-27T21:02:54Z" user="Глеб" uid="346125" lat="55.7972718" lon="49.1208738"/>
 <node id="1067440699" visible="true" version="5" changeset="111469896" timestamp="2021-09-21T00:03:15Z" user="VlIvYur" uid="345975" lat="55.7948984" lon="49.1222352"/>
 <node id="1067440717" visible="true" version="4" changeset="150854907" timestamp="2024-05-03T20:21:14Z" user="Глеб" uid="346125" lat="55.7958197" lon="49.1182221"/>
 <node id="1067440737" visible="true" version="4" changeset="125420112" timestamp="2022-08-26T19:09:43Z" user="parukhin" uid="519501" lat="55.7958137" lon="49.1223999"/>
 <node id="1067440758" visible="true" version="6" changeset="157435879" timestamp="2024-10-03T20:25:17Z" user="Глеб" uid="346125" lat="55.7972938" lon="49.1212008"/>
 <node id="1067440766" visible="true" version="6" changeset="150854907" timestamp="2024-05-03T20:21:14Z" user="Глеб" uid="346125" lat="55.7974103" lon="49.1166791"/>
 <node id="1067440784" visible="true" version="7" changeset="157435392" timestamp="2024-10-03T20:11:11Z" user="Глеб" uid="346125" lat="55.7961363" lon="49.1213720"/>
 <node id="1067440794" visible="true" version="3" changeset="168854733" timestamp="2025-07-12T23:08:43Z" user="parukhin" uid="519501" lat="55.7971531" lon="49.1191646"/>
 <node id="1067440811" visible="true" version="2" changeset="7093674" timestamp="2011-01-26T13:58:33Z" user="Hjvfy" uid="317379" lat="55.7971038" lon="49.1182234"/>
 <node id="1067440815" visible="true" version="4" changeset="140825038" timestamp="2023-09-04T22:20:10Z" user="Глеб" uid="346125" lat="55.7974029" lon="49.1179274"/>
 <node id="1067440834" visible="true" version="4" changeset="111436207" timestamp="2021-09-20T07:44:29Z" user="VlIvYur" uid="345975" lat="55.7974073" lon="49.1207012"/>
 <node id="1067440849" visible="true" version="2" changeset="7093516" timestamp="2011-01-26T13:38:45Z" user="Hjvfy" uid="317379" lat="55.7961353" lon="49.1184368"/>
 <node id="1067440866" visible="true" version="3" changeset="183700684" timestamp="2026-06-05T15:03:35Z" user="Airiver" uid="13901111" lat="55.7953361" lon="49.1203681"/>
 <node id="1067440904" visible="true" version="3" changeset="111469896" timestamp="2021-09-21T00:03:15Z" user="VlIvYur" uid="345975" lat="55.7965165" lon="49.1174604"/>
 <node id="1067440908" visible="true" version="3" changeset="168854733" timestamp="2025-07-12T23:08:43Z" user="parukhin" uid="519501" lat="55.7969939" lon="49.1188751"/>
 <node id="1067440913" visible="true" version="6" changeset="157435879" timestamp="2024-10-03T20:25:17Z" user="Глеб" uid="346125" lat="55.7973756" lon="49.1209762"/>
 <node id="1067440916" visible="true" version="3" changeset="111436207" timestamp="2021-09-20T07:44:29Z" user="VlIvYur" uid="345975" lat="55.7978109" lon="49.1182564"/>
 <node id="1067440933" visible="true" version="3" changeset="183700684" timestamp="2026-06-05T15:03:35Z" user="Airiver" uid="13901111" lat="55.7957746" lon="49.1186370"/>
 <node id="1067440943" visible="true" version="6" changeset="150854907" timestamp="2024-05-03T20:21:14Z" user="Глеб" uid="346125" lat="55.7973161" lon="49.1159623"/>
 <node id="1067440947" visible="true" version="2" changeset="7093516" timestamp="2011-01-26T13:37:53Z" user="Hjvfy" uid="317379" lat="55.7957552" lon="49.1195788"/>
 <node id="1067440962" visible="true" version="5" changeset="144976730" timestamp="2023-12-10T20:31:45Z" user="Глеб" uid="346125" lat="55.7967766" lon="49.1214668"/>
 <node id="1067440970" visible="true" version="3" changeset="111469896" timestamp="2021-09-21T00:03:15Z" user="VlIvYur" uid="345975" lat="55.7963902" lon="49.1177757"/>
 <node id="1067440981" visible="true" version="6" changeset="150854907" timestamp="2024-05-03T20:21:14Z" user="Глеб" uid="346125" lat="55.7969923" lon="49.1176490"/>
 <node id="1067440983" visible="true" version="3" changeset="125862205" timestamp="2022-09-06T14:34:54Z" user="parukhin" uid="519501" lat="55.7960845" lon="49.1204742"/>
 <node id="1067441032" visible="true" version="5" changeset="151918337" timestamp="2024-05-27T21:02:54Z" user="Глеб" uid="346125" lat="55.7973315" lon="49.1202416"/>
 <node id="1067441035" visible="true" version="3" changeset="183700684" timestamp="2026-06-05T15:03:35Z" user="Airiver" uid="13901111" lat="55.7956630" lon="49.1183016"/>
 <node id="1067441037" visible="true" version="5" changeset="183700684" timestamp="2026-06-05T15:03:35Z" user="Airiver" uid="13901111" lat="55.7967740" lon="49.1177221"/>
 <node id="1067441048" visible="true" version="2" changeset="7093516" timestamp="2011-01-26T13:38:54Z" user="Hjvfy" uid="317379" lat="55.7960166" lon="49.1184770"/>
 <node id="1067441064" visible="true" version="4" changeset="144976730" timestamp="2023-12-10T20:31:45Z" user="Глеб" uid="346125" lat="55.7968015" lon="49.1219089"/>
 <node id="1067441065" visible="true" version="3" changeset="111436207" timestamp="2021-09-20T07:44:29Z" user="VlIvYur" uid="345975" lat="55.7974725" lon="49.1189155"/>
 <node id="1067441075" visible="true" version="3" changeset="111469896" timestamp="2021-09-21T00:03:15Z" user="VlIvYur" uid="345975" lat="55.7964580" lon="49.1179567"/>
 <node id="1067441079" visible="true" version="8" changeset="157435392" timestamp="2024-10-03T20:11:11Z" user="Глеб" uid="346125" lat="55.7962209" lon="49.1215004"/>
 <node id="1067441081" visible="true" version="2" changeset="7093674" timestamp="2011-01-26T13:57:19Z" user="Hjvfy" uid="317379" lat="55.7970740" lon="49.1186370"/>
 <node id="1067441087" visible="true" version="3" changeset="183700684" timestamp="2026-06-05T15:03:35Z" user="Airiver" uid="13901111" lat="55.7957251" lon="49.1177371"/>
 <node id="1067441096" visible="true" version="3" changeset="111436207" timestamp="2021-09-20T07:44:29Z" user="VlIvYur" uid="345975" lat="55.7977932" lon="49.1186472"/>
 <node id="1067441135" visible="true" version="4" changeset="144976730" timestamp="2023-12-10T20:31:45Z" user="Глеб" uid="346125" lat="55.7968539" lon="49.1215576"/>
 <node id="1067441138" visible="true" version="6" changeset="150854907" timestamp="2024-05-03T20:21:14Z" user="Глеб" uid="346125" lat="55.7973430" lon="49.1159696"/>
 <node id="1067441172" visible="true" version="3" changeset="111469896" timestamp="2021-09-21T00:03:15Z" user="VlIvYur" uid="345975" lat="55.7947577" lon="49.1232668"/>
 <node id="1067441203" visible="true" version="6" changeset="157435879" timestamp="2024-10-03T20:25:17Z" user="Глеб" uid="346125" lat="55.7968650" lon="49.1217402"/>
 <node id="1067441204" visible="true" version="3" changeset="111436207" timestamp="2021-09-20T07:44:29Z" user="VlIvYur" uid="345975" lat="55.7974281" lon="49.1180721"/>
 <node id="1067441220" visible="true" version="4" changeset="111469896" timestamp="2021-09-21T00:03:15Z" user="VlIvYur" uid="345975" lat="55.7950467" lon="49.1220878"/>
 <node id="1067441235" visible="true" version="4" changeset="111436207" timestamp="2021-09-20T07:44:29Z" user="VlIvYur" uid="345975" lat="55.7974870" lon="49.1205880"/>
 <node id="1067441285" visible="true" version="4" changeset="183700684" timestamp="2026-06-05T15:03:35Z" user="Airiver" uid="13901111" lat="55.7953632" lon="49.1190578"/>
 <node id="1067441322" visible="true" version="6" changeset="157435879" timestamp="2024-10-03T20:25:17Z" user="Глеб" uid="346125" lat="55.7973241" lon="49.1211809"/>
 <node id="1067441349" visible="true" version="4" changeset="111436207" timestamp="2021-09-20T07:44:29Z" user="VlIvYur" uid="345975" lat="55.7974807" lon="49.1208192"/>
 <node id="1067441352" visible="true" version="3" changeset="183700684" timestamp="2026-06-05T15:03:35Z" user="Airiver" uid="13901111" lat="55.7956552" lon="49.1180863"/>
 <node id="1067441378" visible="true" version="2" changeset="7093516" timestamp="2011-01-26T13:37:54Z" user="Hjvfy" uid="317379" lat="55.7959190" lon="49.1195170"/>
 <node id="1067441379" visible="true" version="6" changeset="111469896" timestamp="2021-09-21T00:03:15Z" user="VlIvYur" uid="345975" lat="55.7952173" lon="49.1225208"/>
 <node id="1067441391" visible="true" version="6" changeset="150854907" timestamp="2024-05-03T20:21:14Z" user="Глеб" uid="346125" lat="55.7971275" lon="49.1174974"/>
 <node id="1067441395" visible="true" version="7" changeset="125420112" timestamp="2022-08-26T19:09:43Z" user="parukhin" uid="519501" lat="55.7959960" lon="49.1226726"/>
 <node id="1067441397" visible="true" version="2" changeset="13817998" timestamp="2012-11-10T08:26:50Z" user="acsd" uid="345493" lat="55.7940379" lon="49.1212555"/>
 <node id="1067441398" visible="true" version="3" changeset="168854733" timestamp="2025-07-12T23:08:43Z" user="parukhin" uid="519501" lat="55.7968893" lon="49.1193647"/>
 <node id="1067441400" visible="true" version="3" changeset="125862205" timestamp="2022-09-06T14:34:54Z" user="parukhin" uid="519501" lat="55.7958872" lon="49.1200130"/>
 <node id="1067441407" visible="true" version="4" changeset="150854907" timestamp="2024-05-03T20:21:14Z" user="Глеб" uid="346125" lat="55.7959251" lon="49.1181343"/>
 <node id="1067441414" visible="true" version="5" changeset="144343649" timestamp="2023-11-22T21:18:43Z" user="Глеб" uid="346125" lat="55.7952399" lon="49.1212354"/>
 <node id="1067441431" visible="true" version="4" changeset="125420112" timestamp="2022-08-26T19:09:43Z" user="parukhin" uid="519501" lat="55.7958826" lon="49.1224152"/>
 <node id="1067441434" visible="true" version="2" changeset="7093516" timestamp="2011-01-26T13:39:02Z" user="Hjvfy" uid="317379" lat="55.7957392" lon="49.1197628"/>
 <node id="1067441436" visible="true" version="5" changeset="144976730" timestamp="2023-12-10T20:31:45Z" user="Глеб" uid="346125" lat="55.7966551" lon="49.1214304"/>
 <node id="1067441447" visible="true" version="8" changeset="157435392" timestamp="2024-10-03T20:11:11Z" user="Глеб" uid="346125" lat="55.7963828" lon="49.1218168"/>
 <node id="1067441452" visible="true" version="3" changeset="168854733" timestamp="2025-07-12T23:08:43Z" user="parukhin" uid="519501" lat="55.7972944" lon="49.1192156"/>
 <node id="1067441462" visible="true" version="2" changeset="7093674" timestamp="2011-01-26T13:57:16Z" user="Hjvfy" uid="317379" lat="55.7970935" lon="49.1183535"/>
 <node id="1067441471" visible="true" version="4" changeset="111436207" timestamp="2021-09-20T07:44:29Z" user="VlIvYur" uid="345975" lat="55.7973999" lon="49.1207999"/>
 <node id="1067441493" visible="true" version="2" changeset="7093516" timestamp="2011-01-26T13:38:19Z" user="Hjvfy" uid="317379" lat="55.7961702" lon="49.1182243"/>
 <node id="1067441502" visible="true" version="6" changeset="150854907" timestamp="2024-05-03T20:21:14Z" user="Глеб" uid="346125" lat="55.7972580" lon="49.1166376"/>
 <node id="1067441504" visible="true" version="3" changeset="183700684" timestamp="2026-06-05T15:03:35Z" user="Airiver" uid="13901111" lat="55.7955399" lon="49.1204412"/>
 <node id="1067441506" visible="true" version="4" changeset="144976730" timestamp="2023-12-10T20:31:45Z" user="Глеб" uid="346125" lat="55.7965968" lon="49.1218496"/>
 <node id="1067441539" visible="true" version="6" changeset="157435879" timestamp="2024-10-03T20:25:17Z" user="Глеб" uid="346125" lat="55.7973675" lon="49.1210799"/>
 <node id="1067441541" visible="true" version="3" changeset="111436207" timestamp="2021-09-20T07:44:29Z" user="VlIvYur" uid="345975" lat="55.7975407" lon="49.1182177"/>
 <node id="1067441561" visible="true" version="3" changeset="38362445" timestamp="2016-04-06T20:13:49Z" user="Daniil Musatov" uid="2261094" lat="55.7963701" lon="49.1196295"/>
 <node id="1067441566" visible="true" version="3" changeset="183700684" timestamp="2026-06-05T15:03:35Z" user="Airiver" uid="13901111" lat="55.7957877" lon="49.1188741"/>
 <node id="1067441571" visible="true" version="5" changeset="144343649" timestamp="2023-11-22T21:18:43Z" user="Глеб" uid="346125" lat="55.7952286" lon="49.1213579"/>
 <node id="1067441574" visible="true" version="6" changeset="150854907" timestamp="2024-05-03T20:21:14Z" user="Глеб" uid="346125" lat="55.7973259" lon="49.1158493"/>
 <node id="1067441578" visible="true" version="3" changeset="183700684" timestamp="2026-06-05T15:03:35Z" user="Airiver" uid="13901111" lat="55.7954824" lon="49.1193181"/>
 <node id="1067441588" visible="true" version="5" changeset="144976730" timestamp="2023-12-10T20:31:45Z" user="Глеб" uid="346125" lat="55.7967071" lon="49.1208820"/>
 <node id="1067441601" visible="true" version="3" changeset="111469896" timestamp="2021-09-21T00:03:15Z" user="VlIvYur" uid="345975" lat="55.7964732" lon="49.1178014"/>
 <node id="1067441607" visible="true" version="6" changeset="150854907" timestamp="2024-05-03T20:21:14Z" user="Глеб" uid="346125" lat="55.7971668" lon="49.1176965"/>
 <node id="1067441615" visible="true" version="6" changeset="150854907" timestamp="2024-05-03T20:21:14Z" user="Глеб" uid="346125" lat="55.7972477" lon="49.1171919"/>
 <node id="1067441631" visible="true" version="5" changeset="151918337" timestamp="2024-05-27T21:02:54Z" user="Глеб" uid="346125" lat="55.7973104" lon="49.1204647"/>
 <node id="1067441634" visible="true" version="3" changeset="183700684" timestamp="2026-06-05T15:03:35Z" user="Airiver" uid="13901111" lat="55.7956471" lon="49.1184322"/>
 <node id="1067441650" visible="true" version="6" changeset="157435879" timestamp="2024-10-03T20:25:17Z" user="Глеб" uid="346125" lat="55.7967546" lon="49.1204635"/>
 <node id="1067441663" visible="true" version="6" changeset="157435879" timestamp="2024-10-03T20:25:17Z" user="Глеб" uid="346125" lat="55.7972262" lon="49.1211841"/>
 <node id="1067441665" visible="true" version="3" changeset="111436207" timestamp="2021-09-20T07:44:29Z" user="VlIvYur" uid="345975" lat="55.7973852" lon="49.1187069"/>
 <node id="1067441673" visible="true" version="6" changeset="157436729" timestamp="2024-10-03T20:58:03Z" user="Глеб" uid="346125" lat="55.7964708" lon="49.1208037"/>
 <node id="1067441682" visible="true" version="7" changeset="157435392" timestamp="2024-10-03T20:11:11Z" user="Глеб" uid="346125" lat="55.7962974" lon="49.1214174"/>
 <node id="1067441686" visible="true" version="3" changeset="168854733" timestamp="2025-07-12T23:08:43Z" user="parukhin" uid="519501" lat="55.7969738" lon="49.1191174"/>
 <node id="1067441689" visible="true" version="2" changeset="7093674" timestamp="2011-01-26T13:57:40Z" user="Hjvfy" uid="317379" lat="55.7970474" lon="49.1186307"/>
 <node id="1067441692" visible="true" version="2" changeset="7093674" timestamp="2011-01-26T13:58:20Z" user="Hjvfy" uid="317379" lat="55.7971169" lon="49.1180492"/>
 <node id="1067441699" visible="true" version="3" changeset="183700684" timestamp="2026-06-05T15:03:35Z" user="Airiver" uid="13901111" lat="55.7956604" lon="49.1179024"/>
 <node id="1067441703" visible="true" version="4" changeset="140825038" timestamp="2023-09-04T22:20:10Z" user="Глеб" uid="346125" lat="55.7973510" lon="49.1185841"/>
 <node id="1067441709" visible="true" version="3" changeset="183700684" timestamp="2026-06-05T15:03:35Z" user="Airiver" uid="13901111" lat="55.7957019" lon="49.1176125"/>
 <node id="1067441723" visible="true" version="4" changeset="144976730" timestamp="2023-12-10T20:31:45Z" user="Глеб" uid="346125" lat="55.7966295" lon="49.1214926"/>
 <node id="1067441742" visible="true" version="6" changeset="150854907" timestamp="2024-05-03T20:21:14Z" user="Глеб" uid="346125" lat="55.7972898" lon="49.1162626"/>
 <node id="1067441749" visible="true" version="6" changeset="150854907" timestamp="2024-05-03T20:21:14Z" user="Глеб" uid="346125" lat="55.7973620" lon="49.1157437"/>
 <node id="1067441752" visible="true" version="4" changeset="125862205" timestamp="2022-09-06T14:34:54Z" user="parukhin" uid="519501" lat="55.7956416" lon="49.1206304"/>
 <node id="1067441756" visible="true" version="3" changeset="111469896" timestamp="2021-09-21T00:03:15Z" user="VlIvYur" uid="345975" lat="55.7965039" lon="49.1175896"/>
 <node id="1067441757" visible="true" version="7" changeset="125420112" timestamp="2022-08-26T19:09:43Z" user="parukhin" uid="519501" lat="55.7963057" lon="49.1227414"/>
 <node id="1067441759" visible="true" version="6" changeset="157435879" timestamp="2024-10-03T20:25:17Z" user="Глеб" uid="346125" lat="55.7968509" lon="49.1219199"/>
 <node id="1067441761" visible="true" version="3" changeset="111436207" timestamp="2021-09-20T07:44:29Z" user="VlIvYur" uid="345975" lat="55.7977128" lon="49.1181129"/>
 <node id="1067441773" visible="true" version="3" changeset="183700684" timestamp="2026-06-05T15:03:35Z" user="Airiver" uid="13901111" lat="55.7956394" lon="49.1185849"/>
 <node id="1067441779" visible="true" version="2" changeset="7093516" timestamp="2011-01-26T13:37:49Z" user="Hjvfy" uid="317379" lat="55.7958539" lon="49.1196060"/>
 <node id="1067441784" visible="true" version="6" changeset="111469896" timestamp="2021-09-21T00:03:15Z" user="VlIvYur" uid="345975" lat="55.7955324" lon="49.1226804"/>
 <node id="1067441788" visible="true" version="3" changeset="125862205" timestamp="2022-09-06T14:34:54Z" user="parukhin" uid="519501" lat="55.7959895" lon="49.1204440"/>
 <node id="1067441789" visible="true" version="6" changeset="157435879" timestamp="2024-10-03T20:25:17Z" user="Глеб" uid="346125" lat="55.7973828" lon="49.1214307"/>
 <node id="1067441799" visible="true" version="4" changeset="111436207" timestamp="2021-09-20T07:44:29Z" user="VlIvYur" uid="345975" lat="55.7974632" lon="49.1210510"/>
 <node id="1067441802" visible="true" version="5" changeset="151918337" timestamp="2024-05-27T21:02:54Z" user="Глеб" uid="346125" lat="55.7973745" lon="49.1197871"/>
 <node id="1115543772" visible="true" version="3" changeset="140388737" timestamp="2023-08-25T20:57:21Z" user="dpolovinkin" uid="6710042" lat="55.7957847" lon="49.1142450"/>
 <node id="1115543773" visible="true" version="5" changeset="140388737" timestamp="2023-08-25T20:57:21Z" user="dpolovinkin" uid="6710042" lat="55.7952293" lon="49.1181562"/>
 <node id="1115543775" visible="true" version="5" changeset="183700684" timestamp="2026-06-05T15:03:35Z" user="Airiver" uid="13901111" lat="55.7950779" lon="49.1187379"/>
 <node id="1115543778" visible="true" version="3" changeset="125713742" timestamp="2022-09-02T19:56:21Z" user="parukhin" uid="519501" lat="55.7948454" lon="49.1208881"/>
 <node id="1115543781" visible="true" version="2" changeset="7220397" timestamp="2011-02-07T20:18:43Z" user="acsd" uid="345493" lat="55.7940836" lon="49.1205021"/>
 <node id="1115543783" visible="true" version="4" changeset="13817998" timestamp="2012-11-10T08:26:50Z" user="acsd" uid="345493" lat="55.7944450" lon="49.1184153"/>
 <node id="1115543785" visible="true" version="2" changeset="7220397" timestamp="2011-02-07T20:18:29Z" user="acsd" uid="345493" lat="55.7952066" lon="49.1138679"/>
 <node id="1115543798" visible="true" version="6" changeset="183700684" timestamp="2026-06-05T15:03:35Z" user="Airiver" uid="13901111" lat="55.7952442" lon="49.1188023">
  <tag k="barrier" v="entrance"/>
 </node>
 <node id="1141214202" visible="true" version="2" changeset="140388737" timestamp="2023-08-25T20:57:21Z" user="dpolovinkin" uid="6710042" lat="55.7943837" lon="49.1208404"/>
 <node id="1141214252" visible="true" version="2" changeset="140388737" timestamp="2023-08-25T20:57:21Z" user="dpolovinkin" uid="6710042" lat="55.7948719" lon="49.1207793"/>
 <node id="1345122237" visible="true" version="6" changeset="183700684" timestamp="2026-06-05T15:03:35Z" user="Airiver" uid="13901111" lat="55.7962528" lon="49.1240657">
  <tag k="crossing" v="traffic_signals"/>
  <tag k="highway" v="crossing"/>
 </node>
 <node id="1741088361" visible="true" version="5" changeset="183700684" timestamp="2026-06-05T15:03:35Z" user="Airiver" uid="13901111" lat="55.7961992" lon="49.1240553"/>
 <node id="1741088363" visible="true" version="7" changeset="183700684" timestamp="2026-06-05T15:03:35Z" user="Airiver" uid="13901111" lat="55.7963904" lon="49.1240925"/>
 <node id="1755214587" visible="true" version="4" changeset="144441499" timestamp="2023-11-25T13:44:54Z" user="Глеб" uid="346125" lat="55.7970742" lon="49.1164160"/>
 <node id="1755214737" visible="true" version="4" changeset="144441499" timestamp="2023-11-25T13:44:54Z" user="Глеб" uid="346125" lat="55.7971809" lon="49.1156410"/>
 <node id="1755214768" visible="true" version="11" changeset="168854733" timestamp="2025-07-12T23:08:43Z" user="parukhin" uid="519501" lat="55.7968152" lon="49.1194756">
  <tag k="button_operated" v="no"/>
  <tag k="crossing" v="traffic_signals"/>
  <tag k="highway" v="crossing"/>
  <tag k="kerb" v="flush"/>
  <tag k="tactile_paving" v="yes"/>
  <tag k="traffic_signals:sound" v="no"/>
 </node>
 <node id="1755214815" visible="true" version="12" changeset="183700684" timestamp="2026-06-05T15:03:35Z" user="Airiver" uid="13901111" lat="55.7965693" lon="49.1220142">
  <tag k="button_operated" v="no"/>
  <tag k="crossing" v="traffic_signals"/>
  <tag k="crossing:island" v="no"/>
  <tag k="highway" v="crossing"/>
  <tag k="kerb" v="flush"/>
  <tag k="tactile_paving" v="yes"/>
  <tag k="traffic_signals:sound" v="no"/>
 </node>
 <node id="1843290468" visible="true" version="3" changeset="29878875" timestamp="2015-03-31T14:58:55Z" user="AHTOH" uid="204562" lat="55.7954858" lon="49.1186710">
  <tag k="addr:city" v="Казань"/>
  <tag k="addr:housenumber" v="1"/>
  <tag k="addr:street" v="улица Карла Фукса"/>
 </node>
 <node id="1843290473" visible="true" version="6" changeset="144976730" timestamp="2023-12-10T20:31:45Z" user="Глеб" uid="346125" lat="55.7966497" lon="49.1217871">
  <tag k="addr:city" v="Казань"/>
  <tag k="addr:housenumber" v="11"/>
  <tag k="addr:street" v="улица Лобачевского"/>
 </node>
 <node id="1843290475" visible="true" version="3" changeset="29878875" timestamp="2015-03-31T14:58:56Z" user="AHTOH" uid="204562" lat="55.7963084" lon="49.1222348">
  <tag k="addr:city" v="Казань"/>
  <tag k="addr:housenumber" v="12"/>
  <tag k="addr:street" v="улица Лобачевского"/>
 </node>
 <node id="1843290478" visible="true" version="4" changeset="58546135" timestamp="2018-04-30T07:50:09Z" user="az09" uid="156743" lat="55.7966189" lon="49.1223118">
  <tag k="addr:city" v="Казань"/>
  <tag k="addr:housenumber" v="14"/>
  <tag k="addr:street" v="улица Лобачевского"/>
 </node>
 <node id="1843290487" visible="true" version="3" changeset="29878875" timestamp="2015-03-31T14:58:57Z" user="AHTOH" uid="204562" lat="55.7954088" lon="49.1191711">
  <tag k="addr:city" v="Казань"/>
  <tag k="addr:housenumber" v="2"/>
  <tag k="addr:street" v="улица Карла Фукса"/>
 </node>
 <node id="1843290490" visible="true" version="3" changeset="29878875" timestamp="2015-03-31T14:58:57Z" user="AHTOH" uid="204562" lat="55.7968575" lon="49.1198077">
  <tag k="addr:city" v="Казань"/>
  <tag k="addr:housenumber" v="23"/>
  <tag k="addr:street" v="улица Карла Маркса"/>
 </node>
 <node id="1843290510" visible="true" version="3" changeset="29878875" timestamp="2015-03-31T14:58:58Z" user="AHTOH" uid="204562" lat="55.7951810" lon="49.1213609">
  <tag k="addr:city" v="Казань"/>
  <tag k="addr:housenumber" v="7"/>
  <tag k="addr:street" v="улица Лобачевского"/>
 </node>
 <node id="2143726884" visible="true" version="1" changeset="14931562" timestamp="2013-02-06T10:05:55Z" user="AHTOH" uid="204562" lat="55.7956540" lon="49.1165226"/>
 <node id="2143726887" visible="true" version="2" changeset="111469896" timestamp="2021-09-21T00:03:15Z" user="VlIvYur" uid="345975" lat="55.7964787" lon="49.1174174"/>
 <node id="2359374543" visible="true" version="2" changeset="111469896" timestamp="2021-09-21T00:03:15Z" user="VlIvYur" uid="345975" lat="55.7955517" lon="49.1227623"/>
 <node id="2359374544" visible="true" version="2" changeset="111469896" timestamp="2021-09-21T00:03:15Z" user="VlIvYur" uid="345975" lat="55.7955864" lon="49.1223150"/>
 <node id="2359374545" visible="true" version="2" changeset="111469896" timestamp="2021-09-21T00:03:15Z" user="VlIvYur" uid="345975" lat="55.7956622" lon="49.1227894"/>
 <node id="2359374546" visible="true" version="2" changeset="111469896" timestamp="2021-09-21T00:03:15Z" user="VlIvYur" uid="345975" lat="55.7956969" lon="49.1223421"/>
 <node id="2494989732" visible="true" version="5" changeset="111864895" timestamp="2021-09-29T14:17:10Z" user="VlIvYur" uid="345975" lat="55.7946156" lon="49.1235709">
  <tag k="crossing" v="uncontrolled"/>
  <tag k="highway" v="crossing"/>
  <tag k="tactile_paving" v="yes"/>
 </node>
 <node id="2494989748" visible="true" version="5" changeset="125420112" timestamp="2022-08-26T19:09:43Z" user="parukhin" uid="519501" lat="55.7960058" lon="49.1225336"/>
 <node id="2494989752" visible="true" version="5" changeset="125420112" timestamp="2022-08-26T19:09:43Z" user="parukhin" uid="519501" lat="55.7960859" lon="49.1222764"/>
 <node id="2494989754" visible="true" version="5" changeset="125420112" timestamp="2022-08-26T19:09:43Z" user="parukhin" uid="519501" lat="55.7961105" lon="49.1225996"/>
 <node id="2494989756" visible="true" version="5" changeset="125420112" timestamp="2022-08-26T19:09:43Z" user="parukhin" uid="519501" lat="55.7961135" lon="49.1225575"/>
 <node id="2494989758" visible="true" version="5" changeset="125420112" timestamp="2022-08-26T19:09:43Z" user="parukhin" uid="519501" lat="55.7961560" lon="49.1226097"/>
 <node id="2494989762" visible="true" version="5" changeset="125420112" timestamp="2022-08-26T19:09:43Z" user="parukhin" uid="519501" lat="55.7961780" lon="49.1222969"/>
 <node id="2587361908" visible="true" version="4" changeset="183700684" timestamp="2026-06-05T15:03:35Z" user="Airiver" uid="13901111" lat="55.7965605" lon="49.1179841"/>
 <node id="2587361909" visible="true" version="4" changeset="183700684" timestamp="2026-06-05T15:03:35Z" user="Airiver" uid="13901111" lat="55.7967456" lon="49.1180385"/>
 <node id="2750228891" visible="true" version="2" changeset="25924851" timestamp="2014-10-07T19:19:31Z" user="acsd" uid="345493" lat="55.7943700" lon="49.1213331"/>
 <node id="2752137575" visible="true" version="2" changeset="25924851" timestamp="2014-10-07T19:19:31Z" user="acsd" uid="345493" lat="55.7942730" lon="49.1213127"/>
 <node id="2809675148" visible="true" version="4" changeset="183700684" timestamp="2026-06-05T15:03:35Z" user="Airiver" uid="13901111" lat="55.7937686" lon="49.1212426">
  <tag k="crossing" v="uncontrolled"/>
  <tag k="highway" v="crossing"/>
 </node>
 <node id="2809675149" visible="true" version="4" changeset="183700684" timestamp="2026-06-05T15:03:35Z" user="Airiver" uid="13901111" lat="55.7942952" lon="49.1213723"/>
 <node id="2809675150" visible="true" version="4" changeset="183700684" timestamp="2026-06-05T15:03:35Z" user="Airiver" uid="13901111" lat="55.7949184" lon="49.1215269">
  <tag k="crossing" v="traffic_signals"/>
  <tag k="highway" v="crossing"/>
  <tag k="kerb" v="flush"/>
  <tag k="tactile_paving" v="yes"/>
 </node>
 <node id="2809675152" visible="true" version="10" changeset="183700684" timestamp="2026-06-05T15:03:35Z" user="Airiver" uid="13901111" lat="55.7964575" lon="49.1218596">
  <tag k="button_operated" v="no"/>
  <tag k="crossing" v="traffic_signals"/>
  <tag k="highway" v="crossing"/>
  <tag k="kerb" v="flush"/>
  <tag k="tactile_paving" v="yes"/>
  <tag k="traffic_signals:sound" v="no"/>
 </node>
 <node id="2809675153" visible="true" version="5" changeset="183700684" timestamp="2026-06-05T15:03:35Z" user="Airiver" uid="13901111" lat="55.7965802" lon="49.1218923"/>
 <node id="2911445534" visible="true" version="7" changeset="183700684" timestamp="2026-06-05T15:03:35Z" user="Airiver" uid="13901111" lat="55.7963752" lon="49.1220022">
  <tag k="button_operated" v="no"/>
  <tag k="crossing" v="traffic_signals"/>
  <tag k="crossing:island" v="no"/>
  <tag k="highway" v="crossing"/>
  <tag k="kerb" v="flush"/>
  <tag k="tactile_paving" v="yes"/>
  <tag k="traffic_signals:sound" v="no"/>
 </node>
 <node id="2911445535" visible="true" version="5" changeset="183700684" timestamp="2026-06-05T15:03:35Z" user="Airiver" uid="13901111" lat="55.7964022" lon="49.1218448"/>
 <node id="2911445542" visible="true" version="7" changeset="168854733" timestamp="2025-07-12T23:08:43Z" user="parukhin" uid="519501" lat="55.7975158" lon="49.1222395">
  <tag k="crossing" v="uncontrolled"/>
  <tag k="crossing:island" v="no"/>
  <tag k="highway" v="crossing"/>
  <tag k="kerb" v="flush"/>
  <tag k="tactile_paving" v="no"/>
 </node>
 <node id="2911445543" visible="true" version="8" changeset="144343649" timestamp="2023-11-22T21:18:43Z" user="Глеб" uid="346125" lat="55.7976978" lon="49.1197620">
  <tag k="crossing" v="uncontrolled"/>
  <tag k="crossing:island" v="no"/>
  <tag k="highway" v="crossing"/>
  <tag k="kerb" v="flush"/>
  <tag k="tactile_paving" v="yes"/>
 </node>
 <node id="3117104885" visible="true" version="1" changeset="25924851" timestamp="2014-10-07T19:19:24Z" user="acsd" uid="345493" lat="55.7941662" lon="49.1207978"/>
 <node id="3117104886" visible="true" version="1" changeset="25924851" timestamp="2014-10-07T19:19:24Z" user="acsd" uid="345493" lat="55.7941992" lon="49.1206141"/>
 <node id="3117104889" visible="true" version="4" changeset="183700684" timestamp="2026-06-05T15:03:35Z" user="Airiver" uid="13901111" lat="55.7943745" lon="49.1249228"/>
 <node id="3117104891" visible="true" version="3" changeset="183700684" timestamp="2026-06-05T15:03:35Z" user="Airiver" uid="13901111" lat="55.7948061" lon="49.1216740">
  <tag k="crossing" v="traffic_signals"/>
  <tag k="highway" v="crossing"/>
  <tag k="kerb" v="flush"/>
  <tag k="tactile_paving" v="yes"/>
 </node>
 <node id="3117104892" visible="true" version="3" changeset="183700684" timestamp="2026-06-05T15:03:35Z" user="Airiver" uid="13901111" lat="55.7948443" lon="49.1218713">
  <tag k="crossing" v="traffic_signals"/>
  <tag k="highway" v="crossing"/>
  <tag k="kerb" v="flush"/>
  <tag k="tactile_paving" v="yes"/>
 </node>
 <node id="3117104893" visible="true" version="5" changeset="183700684" timestamp="2026-06-05T15:03:35Z" user="Airiver" uid="13901111" lat="55.7949875" lon="49.1217087">
  <tag k="crossing" v="traffic_signals"/>
  <tag k="highway" v="crossing"/>
  <tag k="kerb" v="flush"/>
  <tag k="tactile_paving" v="yes"/>
 </node>
 <node id="3117104894" visible="true" version="3" changeset="125861362" timestamp="2022-09-06T14:12:17Z" user="parukhin" uid="519501" lat="55.7953289" lon="49.1187234">
  <tag k="crossing" v="uncontrolled"/>
  <tag k="highway" v="crossing"/>
  <tag k="tactile_paving" v="yes"/>
 </node>
 <node id="3117104895" visible="true" version="10" changeset="183700684" timestamp="2026-06-05T15:03:35Z" user="Airiver" uid="13901111" lat="55.7953665" lon="49.1188716">
  <tag k="crossing" v="uncontrolled"/>
  <tag k="highway" v="crossing"/>
  <tag k="tactile_paving" v="yes"/>
 </node>
 <node id="3117104897" visible="true" version="3" changeset="157435392" timestamp="2024-10-03T20:11:11Z" user="Глеб" uid="346125" lat="55.7959961" lon="49.1210707"/>
 <node id="3117104898" visible="true" version="3" changeset="157435392" timestamp="2024-10-03T20:11:11Z" user="Глеб" uid="346125" lat="55.7960201" lon="49.1208245"/>
 <node id="3117104900" visible="true" version="3" changeset="157435392" timestamp="2024-10-03T20:11:11Z" user="Глеб" uid="346125" lat="55.7961021" lon="49.1208498"/>
 <node id="3117104901" visible="true" version="5" changeset="157436729" timestamp="2024-10-03T20:58:03Z" user="Глеб" uid="346125" lat="55.7961261" lon="49.1207017"/>
 <node id="3117104902" visible="true" version="4" changeset="157435392" timestamp="2024-10-03T20:11:11Z" user="Глеб" uid="346125" lat="55.7964294" lon="49.1212041"/>
 <node id="3117104904" visible="true" version="6" changeset="168854733" timestamp="2025-07-12T23:08:43Z" user="parukhin" uid="519501" lat="55.7966926" lon="49.1192498">
  <tag k="crossing" v="traffic_signals"/>
  <tag k="highway" v="crossing"/>
  <tag k="kerb" v="yes"/>
  <tag k="tactile_paving" v="no"/>
 </node>
 <node id="3117104905" visible="true" version="5" changeset="181903721" timestamp="2026-04-27T17:42:17Z" user="Ruslan Fatih" uid="12875574" lat="55.7970260" lon="49.1156705">
  <tag k="crossing" v="traffic_signals"/>
  <tag k="highway" v="crossing"/>
  <tag k="kerb" v="flush"/>
  <tag k="tactile_paving" v="yes"/>
 </node>
 <node id="3465200886" visible="true" version="3" changeset="144976730" timestamp="2023-12-10T20:31:45Z" user="Глеб" uid="346125" lat="55.7957260" lon="49.1165971"/>
 <node id="3465200887" visible="true" version="3" changeset="144976730" timestamp="2023-12-10T20:31:45Z" user="Глеб" uid="346125" lat="55.7956069" lon="49.1174399"/>
 <node id="3465200888" visible="true" version="3" changeset="144976730" timestamp="2023-12-10T20:31:45Z" user="Глеб" uid="346125" lat="55.7960249" lon="49.1176269"/>
 <node id="3465200889" visible="true" version="3" changeset="144976730" timestamp="2023-12-10T20:31:45Z" user="Глеб" uid="346125" lat="55.7958617" lon="49.1166577"/>
 <node id="3725219267" visible="true" version="1" changeset="33737013" timestamp="2015-09-01T19:35:37Z" user="acsd" uid="345493" lat="55.7935999" lon="49.1225492"/>
 <node id="3725219268" visible="true" version="1" changeset="33737013" timestamp="2015-09-01T19:35:37Z" user="acsd" uid="345493" lat="55.7937678" lon="49.1215783"/>
 <node id="3725219271" visible="true" version="1" changeset="33737013" timestamp="2015-09-01T19:35:37Z" user="acsd" uid="345493" lat="55.7938149" lon="49.1215462"/>
 <node id="3725219272" visible="true" version="5" changeset="151398154" timestamp="2024-05-16T09:33:11Z" user="vladimiratm" uid="6890675" lat="55.7938352" lon="49.1214277">
  <tag k="crossing" v="uncontrolled"/>
  <tag k="highway" v="crossing"/>
  <tag k="tactile_paving" v="no"/>
 </node>
 <node id="3725219273" visible="true" version="2" changeset="183700684" timestamp="2026-06-05T15:03:35Z" user="Airiver" uid="13901111" lat="55.7938631" lon="49.1212659"/>
 <node id="3725219274" visible="true" version="2" changeset="183700684" timestamp="2026-06-05T15:03:35Z" user="Airiver" uid="13901111" lat="55.7944663" lon="49.1242281"/>
 <node id="3725219275" visible="true" version="3" changeset="183700684" timestamp="2026-06-05T15:03:35Z" user="Airiver" uid="13901111" lat="55.7945557" lon="49.1235516"/>
 <node id="3725219276" visible="true" version="3" changeset="183700684" timestamp="2026-06-05T15:03:35Z" user="Airiver" uid="13901111" lat="55.7946905" lon="49.1235950"/>
 <node id="3725219277" visible="true" version="4" changeset="183700684" timestamp="2026-06-05T15:03:35Z" user="Airiver" uid="13901111" lat="55.7947803" lon="49.1218518"/>
 <node id="3725219278" visible="true" version="4" changeset="183700684" timestamp="2026-06-05T15:03:35Z" user="Airiver" uid="13901111" lat="55.7947896" lon="49.1217810"/>
 <node id="3725219279" visible="true" version="3" changeset="183700684" timestamp="2026-06-05T15:03:35Z" user="Airiver" uid="13901111" lat="55.7948312" lon="49.1215043"/>
 <node id="3725219280" visible="true" version="3" changeset="183700684" timestamp="2026-06-05T15:03:35Z" user="Airiver" uid="13901111" lat="55.7948570" lon="49.1215107"/>
 <node id="3725219281" visible="true" version="3" changeset="111469896" timestamp="2021-09-21T00:03:15Z" user="VlIvYur" uid="345975" lat="55.7949384" lon="49.1219280"/>
 <node id="3725219282" visible="true" version="3" changeset="111469896" timestamp="2021-09-21T00:03:15Z" user="VlIvYur" uid="345975" lat="55.7949851" lon="49.1218824"/>
 <node id="3725219284" visible="true" version="2" changeset="183700684" timestamp="2026-06-05T15:03:35Z" user="Airiver" uid="13901111" lat="55.7952630" lon="49.1188095"/>
 <node id="3725219285" visible="true" version="1" changeset="33737013" timestamp="2015-09-01T19:35:37Z" user="acsd" uid="345493" lat="55.7958169" lon="49.1140616"/>
 <node id="3725219286" visible="true" version="1" changeset="33737013" timestamp="2015-09-01T19:35:37Z" user="acsd" uid="345493" lat="55.7958899" lon="49.1141562"/>
 <node id="3725219287" visible="true" version="1" changeset="33737013" timestamp="2015-09-01T19:35:37Z" user="acsd" uid="345493" lat="55.7959043" lon="49.1142242"/>
 <node id="3817372586" visible="true" version="3" changeset="168576513" timestamp="2025-07-06T19:50:03Z" user="parukhin" uid="519501" lat="55.7949942" lon="49.1225101">
  <tag k="access" v="private"/>
  <tag k="addr:flats" v="1-10"/>
  <tag k="entrance" v="staircase"/>
  <tag k="ref" v="1"/>
  <tag k="wheelchair" v="no"/>
 </node>
 <node id="3817372587" visible="true" version="2" changeset="111469896" timestamp="2021-09-21T00:03:15Z" user="VlIvYur" uid="345975" lat="55.7949602" lon="49.1227461">
  <tag k="addr:flats" v="11-19"/>
  <tag k="entrance" v="staircase"/>
  <tag k="ref" v="2"/>
 </node>
 <node id="3817372588" visible="true" version="4" changeset="183700684" timestamp="2026-06-05T15:03:35Z" user="Airiver" uid="13901111" lat="55.7950134" lon="49.1215519"/>
 <node id="3817372589" visible="true" version="2" changeset="151918337" timestamp="2024-05-27T21:02:54Z" user="Глеб" uid="346125" lat="55.7953836" lon="49.1210588"/>
 <node id="3817372590" visible="true" version="2" changeset="151918337" timestamp="2024-05-27T21:02:54Z" user="Глеб" uid="346125" lat="55.7953792" lon="49.1210760"/>
 <node id="3817372591" visible="true" version="2" changeset="151918337" timestamp="2024-05-27T21:02:54Z" user="Глеб" uid="346125" lat="55.7953782" lon="49.1210947"/>
 <node id="3817372592" visible="true" version="2" changeset="151918337" timestamp="2024-05-27T21:02:54Z" user="Глеб" uid="346125" lat="55.7953808" lon="49.1211131"/>
 <node id="3817372593" visible="true" version="2" changeset="151918337" timestamp="2024-05-27T21:02:54Z" user="Глеб" uid="346125" lat="55.7954395" lon="49.1211123"/>
 <node id="3817372594" visible="true" version="2" changeset="151918337" timestamp="2024-05-27T21:02:54Z" user="Глеб" uid="346125" lat="55.7954418" lon="49.1210943"/>
 <node id="3817372595" visible="true" version="2" changeset="151918337" timestamp="2024-05-27T21:02:54Z" user="Глеб" uid="346125" lat="55.7954408" lon="49.1210760"/>
 <node id="3817372596" visible="true" version="2" changeset="151918337" timestamp="2024-05-27T21:02:54Z" user="Глеб" uid="346125" lat="55.7954365" lon="49.1210592"/>
 <node id="3817372597" visible="true" version="2" changeset="151918337" timestamp="2024-05-27T21:02:54Z" user="Глеб" uid="346125" lat="55.7955106" lon="49.1210805"/>
 <node id="3817372598" visible="true" version="2" changeset="151918337" timestamp="2024-05-27T21:02:54Z" user="Глеб" uid="346125" lat="55.7955043" lon="49.1210958"/>
 <node id="3817372599" visible="true" version="2" changeset="151918337" timestamp="2024-05-27T21:02:54Z" user="Глеб" uid="346125" lat="55.7955387" lon="49.1211864"/>
 <node id="3817372600" visible="true" version="2" changeset="151918337" timestamp="2024-05-27T21:02:54Z" user="Глеб" uid="346125" lat="55.7955503" lon="49.1211807"/>
 <node id="3817372601" visible="true" version="2" changeset="151918337" timestamp="2024-05-27T21:02:54Z" user="Глеб" uid="346125" lat="55.7955602" lon="49.1211682"/>
 <node id="3817372613" visible="true" version="3" changeset="151918337" timestamp="2024-05-27T21:02:54Z" user="Глеб" uid="346125" lat="55.7951464" lon="49.1233906"/>
 <node id="3817372622" visible="true" version="2" changeset="111469896" timestamp="2021-09-21T00:03:15Z" user="VlIvYur" uid="345975" lat="55.7949203" lon="49.1221882">
  <tag k="name" v="Мусульманский магазин"/>
  <tag k="shop" v="religion"/>
 </node>
 <node id="3817372623" visible="true" version="2" changeset="111469896" timestamp="2021-09-21T00:03:15Z" user="VlIvYur" uid="345975" lat="55.7950763" lon="49.1219119">
  <tag k="name" v="Духовное управление мусульман РТ"/>
  <tag k="office" v="religion"/>
 </node>
 <node id="3817372625" visible="true" version="2" changeset="111469896" timestamp="2021-09-21T00:03:15Z" user="VlIvYur" uid="345975" lat="55.7951956" lon="49.1217543"/>
 <node id="3817372626" visible="true" version="2" changeset="111469896" timestamp="2021-09-21T00:03:15Z" user="VlIvYur" uid="345975" lat="55.7951525" lon="49.1223237"/>
 <node id="3817372627" visible="true" version="3" changeset="168576513" timestamp="2025-07-06T19:50:03Z" user="parukhin" uid="519501" lat="55.7951833" lon="49.1219357">
  <tag k="access" v="permissive"/>
  <tag k="barrier" v="gate"/>
  <tag k="locked" v="no"/>
  <tag k="material" v="metal"/>
 </node>
 <node id="3817372628" visible="true" version="3" changeset="168576513" timestamp="2025-07-06T19:50:03Z" user="parukhin" uid="519501" lat="55.7951808" lon="49.1219682">
  <tag k="barrier" v="lift_gate"/>
  <tag k="lift_gate:type" v="single"/>
  <tag k="locked" v="yes"/>
 </node>
 <node id="3817372629" visible="true" version="2" changeset="111469896" timestamp="2021-09-21T00:03:15Z" user="VlIvYur" uid="345975" lat="55.7951894" lon="49.1221265"/>
 <node id="3817372630" visible="true" version="2" changeset="111469896" timestamp="2021-09-21T00:03:15Z" user="VlIvYur" uid="345975" lat="55.7951804" lon="49.1222714"/>
 <node id="3817372631" visible="true" version="2" changeset="111469896" timestamp="2021-09-21T00:03:15Z" user="VlIvYur" uid="345975" lat="55.7952347" lon="49.1222785"/>
 <node id="3817372632" visible="true" version="2" changeset="111469896" timestamp="2021-09-21T00:03:15Z" user="VlIvYur" uid="345975" lat="55.7951751" lon="49.1220390"/>
 <node id="3817372633" visible="true" version="2" changeset="111469896" timestamp="2021-09-21T00:03:15Z" user="VlIvYur" uid="345975" lat="55.7952150" lon="49.1220541"/>
 <node id="3817372634" visible="true" version="2" changeset="111469896" timestamp="2021-09-21T00:03:15Z" user="VlIvYur" uid="345975" lat="55.7952052" lon="49.1222526">
  <tag k="amenity" v="parking_entrance"/>
 </node>
 <node id="3817372635" visible="true" version="3" changeset="168576513" timestamp="2025-07-06T19:50:03Z" user="parukhin" uid="519501" lat="55.7951964" lon="49.1220470">
  <tag k="barrier" v="lift_gate"/>
  <tag k="lift_gate:type" v="single"/>
  <tag k="locked" v="yes"/>
 </node>
 <node id="3817372636" visible="true" version="2" changeset="111469896" timestamp="2021-09-21T00:03:15Z" user="VlIvYur" uid="345975" lat="55.7950341" lon="49.1224350"/>
 <node id="3817372637" visible="true" version="2" changeset="111469896" timestamp="2021-09-21T00:03:15Z" user="VlIvYur" uid="345975" lat="55.7949150" lon="49.1232946"/>
 <node id="3817372638" visible="true" version="2" changeset="111469896" timestamp="2021-09-21T00:03:15Z" user="VlIvYur" uid="345975" lat="55.7951909" lon="49.1225128"/>
 <node id="3817372639" visible="true" version="2" changeset="111469896" timestamp="2021-09-21T00:03:15Z" user="VlIvYur" uid="345975" lat="55.7952331" lon="49.1226040"/>
 <node id="3817372640" visible="true" version="2" changeset="111469896" timestamp="2021-09-21T00:03:15Z" user="VlIvYur" uid="345975" lat="55.7953538" lon="49.1226630"/>
 <node id="3817372641" visible="true" version="2" changeset="111469896" timestamp="2021-09-21T00:03:15Z" user="VlIvYur" uid="345975" lat="55.7953734" lon="49.1227273"/>
 <node id="3817372642" visible="true" version="2" changeset="111469896" timestamp="2021-09-21T00:03:15Z" user="VlIvYur" uid="345975" lat="55.7953538" lon="49.1229258"/>
 <node id="3817372643" visible="true" version="2" changeset="111469896" timestamp="2021-09-21T00:03:15Z" user="VlIvYur" uid="345975" lat="55.7955287" lon="49.1229741">
  <tag k="barrier" v="gate"/>
 </node>
 <node id="3817372652" visible="true" version="2" changeset="111469896" timestamp="2021-09-21T00:03:15Z" user="VlIvYur" uid="345975" lat="55.7949268" lon="49.1229844">
  <tag k="addr:flats" v="20-28"/>
  <tag k="entrance" v="staircase"/>
  <tag k="ref" v="3"/>
 </node>
 <node id="3817372653" visible="true" version="2" changeset="111469896" timestamp="2021-09-21T00:03:15Z" user="VlIvYur" uid="345975" lat="55.7948980" lon="49.1231889">
  <tag k="addr:flats" v="29-36"/>
  <tag k="entrance" v="staircase"/>
  <tag k="ref" v="4"/>
 </node>
 <node id="3817372654" visible="true" version="2" changeset="111469896" timestamp="2021-09-21T00:03:15Z" user="VlIvYur" uid="345975" lat="55.7954721" lon="49.1223049"/>
 <node id="3817372655" visible="true" version="3" changeset="111469896" timestamp="2021-09-21T00:03:15Z" user="VlIvYur" uid="345975" lat="55.7953682" lon="49.1222891"/>
 <node id="3817372657" visible="true" version="3" changeset="111469896" timestamp="2021-09-21T00:03:15Z" user="VlIvYur" uid="345975" lat="55.7954420" lon="49.1226576"/>
 <node id="3817372661" visible="true" version="2" changeset="111469896" timestamp="2021-09-21T00:03:15Z" user="VlIvYur" uid="345975" lat="55.7953147" lon="49.1226439"/>
 <node id="3817372662" visible="true" version="2" changeset="111469896" timestamp="2021-09-21T00:03:15Z" user="VlIvYur" uid="345975" lat="55.7954118" lon="49.1225356"/>
 <node id="3817372663" visible="true" version="2" changeset="111469896" timestamp="2021-09-21T00:03:15Z" user="VlIvYur" uid="345975" lat="55.7954254" lon="49.1223491"/>
 <node id="3817372664" visible="true" version="2" changeset="111469896" timestamp="2021-09-21T00:03:15Z" user="VlIvYur" uid="345975" lat="55.7953551" lon="49.1225989">
  <tag k="barrier" v="chain"/>
 </node>
 <node id="3817842521" visible="true" version="2" changeset="111469896" timestamp="2021-09-21T00:03:15Z" user="VlIvYur" uid="345975" lat="55.7954473" lon="49.1225957"/>
 <node id="3817842522" visible="true" version="2" changeset="111469896" timestamp="2021-09-21T00:03:15Z" user="VlIvYur" uid="345975" lat="55.7953647" lon="49.1226987">
  <tag k="barrier" v="swing_gate"/>
 </node>
 <node id="3817842523" visible="true" version="2" changeset="111469896" timestamp="2021-09-21T00:03:15Z" user="VlIvYur" uid="345975" lat="55.7953856" lon="49.1223589"/>
 <node id="3817842524" visible="true" version="2" changeset="111469896" timestamp="2021-09-21T00:03:15Z" user="VlIvYur" uid="345975" lat="55.7953630" lon="49.1223549"/>
 <node id="3817842525" visible="true" version="2" changeset="111469896" timestamp="2021-09-21T00:03:15Z" user="VlIvYur" uid="345975" lat="55.7954150" lon="49.1222945"/>
 <node id="3817842526" visible="true" version="2" changeset="111469896" timestamp="2021-09-21T00:03:15Z" user="VlIvYur" uid="345975" lat="55.7954338" lon="49.1219847"/>
 <node id="3817842527" visible="true" version="2" changeset="111469896" timestamp="2021-09-21T00:03:15Z" user="VlIvYur" uid="345975" lat="55.7957259" lon="49.1218658"/>
 <node id="3817842528" visible="true" version="2" changeset="111469896" timestamp="2021-09-21T00:03:15Z" user="VlIvYur" uid="345975" lat="55.7957075" lon="49.1222677"/>
 <node id="3817842529" visible="true" version="2" changeset="111469896" timestamp="2021-09-21T00:03:15Z" user="VlIvYur" uid="345975" lat="55.7957588" lon="49.1224072"/>
 <node id="3817842530" visible="true" version="3" changeset="111469896" timestamp="2021-09-21T00:03:15Z" user="VlIvYur" uid="345975" lat="55.7957395" lon="49.1226827"/>
 <node id="3817842531" visible="true" version="3" changeset="111469896" timestamp="2021-09-21T00:03:15Z" user="VlIvYur" uid="345975" lat="55.7957907" lon="49.1226935"/>
 <node id="3817842534" visible="true" version="3" changeset="183700684" timestamp="2026-06-05T15:03:35Z" user="Airiver" uid="13901111" lat="55.7962965" lon="49.1229306"/>
 <node id="3817842535" visible="true" version="3" changeset="119856922" timestamp="2022-04-18T12:35:28Z" user="Глеб" uid="346125" lat="55.7963564" lon="49.1229497"/>
 <node id="3819641723" visible="true" version="2" changeset="111469896" timestamp="2021-09-21T00:03:15Z" user="VlIvYur" uid="345975" lat="55.7956909" lon="49.1220309"/>
 <node id="3819641724" visible="true" version="2" changeset="111469896" timestamp="2021-09-21T00:03:15Z" user="VlIvYur" uid="345975" lat="55.7956692" lon="49.1223353"/>
 <node id="3819641725" visible="true" version="2" changeset="111469896" timestamp="2021-09-21T00:03:15Z" user="VlIvYur" uid="345975" lat="55.7957181" lon="49.1220366">
  <tag k="barrier" v="gate"/>
 </node>
 <node id="3819641726" visible="true" version="3" changeset="119856922" timestamp="2022-04-18T12:35:28Z" user="Глеб" uid="346125" lat="55.7962912" lon="49.1236516"/>
 <node id="3819641727" visible="true" version="4" changeset="183700684" timestamp="2026-06-05T15:03:35Z" user="Airiver" uid="13901111" lat="55.7962358" lon="49.1236324"/>
 <node id="3819641730" visible="true" version="2" changeset="111469896" timestamp="2021-09-21T00:03:15Z" user="VlIvYur" uid="345975" lat="55.7959509" lon="49.1227673"/>
 <node id="3819641731" visible="true" version="3" changeset="125420112" timestamp="2022-08-26T19:09:43Z" user="parukhin" uid="519501" lat="55.7959762" lon="49.1223582"/>
 <node id="3819641732" visible="true" version="3" changeset="125420112" timestamp="2022-08-26T19:09:43Z" user="parukhin" uid="519501" lat="55.7960613" lon="49.1223743"/>
 <node id="3819641735" visible="true" version="3" changeset="125420112" timestamp="2022-08-26T19:09:43Z" user="parukhin" uid="519501" lat="55.7960810" lon="49.1223459"/>
 <node id="3819641736" visible="true" version="3" changeset="125420112" timestamp="2022-08-26T19:09:43Z" user="parukhin" uid="519501" lat="55.7958904" lon="49.1223035"/>
 <node id="3819641740" visible="true" version="3" changeset="119856922" timestamp="2022-04-18T12:35:28Z" user="Глеб" uid="346125" lat="55.7963194" lon="49.1233478"/>
 <node id="3819641741" visible="true" version="3" changeset="183700684" timestamp="2026-06-05T15:03:35Z" user="Airiver" uid="13901111" lat="55.7962612" lon="49.1233391"/>
 <node id="3819641747" visible="true" version="3" changeset="144343649" timestamp="2023-11-22T21:18:43Z" user="Глеб" uid="346125" lat="55.7955620" lon="49.1216206">
  <tag k="access" v="private"/>
  <tag k="barrier" v="gate"/>
 </node>
 <node id="3819641982" visible="true" version="2" changeset="111469896" timestamp="2021-09-21T00:03:15Z" user="VlIvYur" uid="345975" lat="55.7955578" lon="49.1226833"/>
 <node id="3821455774" visible="true" version="1" changeset="35133855" timestamp="2015-11-06T19:41:45Z" user="Daniil Musatov" uid="2261094" lat="55.7940370" lon="49.1247889"/>
 <node id="3821455775" visible="true" version="1" changeset="35133855" timestamp="2015-11-06T19:41:45Z" user="Daniil Musatov" uid="2261094" lat="55.7940762" lon="49.1243625"/>
 <node id="3821455776" visible="true" version="1" changeset="35133855" timestamp="2015-11-06T19:41:45Z" user="Daniil Musatov" uid="2261094" lat="55.7933434" lon="49.1242122"/>
 <node id="3821455777" visible="true" version="1" changeset="35133855" timestamp="2015-11-06T19:41:45Z" user="Daniil Musatov" uid="2261094" lat="55.7933117" lon="49.1246816"/>
 <node id="3946139045" visible="true" version="4" changeset="157435392" timestamp="2024-10-03T20:11:11Z" user="Глеб" uid="346125" lat="55.7964761" lon="49.1194539"/>
 <node id="3946139046" visible="true" version="4" changeset="157435392" timestamp="2024-10-03T20:11:11Z" user="Глеб" uid="346125" lat="55.7965961" lon="49.1194908"/>
 <node id="4103489942" visible="true" version="2" changeset="183700684" timestamp="2026-06-05T15:03:35Z" user="Airiver" uid="13901111" lat="55.7951018" lon="49.1210526">
  <tag k="access" v="private"/>
  <tag k="barrier" v="gate"/>
 </node>
 <node id="4103489943" visible="true" version="1" changeset="38362445" timestamp="2016-04-06T20:13:45Z" user="Daniil Musatov" uid="2261094" lat="55.7950067" lon="49.1210144"/>
 <node id="4103489944" visible="true" version="4" changeset="183700684" timestamp="2026-06-05T15:03:35Z" user="Airiver" uid="13901111" lat="55.7950816" lon="49.1210461"/>
 <node id="4103489945" visible="true" version="1" changeset="38362445" timestamp="2016-04-06T20:13:45Z" user="Daniil Musatov" uid="2261094" lat="55.7952786" lon="49.1211212"/>
 <node id="4103489946" visible="true" version="1" changeset="38362445" timestamp="2016-04-06T20:13:45Z" user="Daniil Musatov" uid="2261094" lat="55.7953178" lon="49.1212366"/>
 <node id="4103489947" visible="true" version="1" changeset="38362445" timestamp="2016-04-06T20:13:45Z" user="Daniil Musatov" uid="2261094" lat="55.7955832" lon="49.1213117"/>
 <node id="4103489948" visible="true" version="2" changeset="111469896" timestamp="2021-09-21T00:03:15Z" user="VlIvYur" uid="345975" lat="55.7955456" lon="49.1216738"/>
 <node id="4103489949" visible="true" version="2" changeset="111469896" timestamp="2021-09-21T00:03:15Z" user="VlIvYur" uid="345975" lat="55.7955285" lon="49.1218243"/>
 <node id="4103489950" visible="true" version="1" changeset="38362445" timestamp="2016-04-06T20:13:45Z" user="Daniil Musatov" uid="2261094" lat="55.7951066" lon="49.1203011"/>
 <node id="4103489951" visible="true" version="4" changeset="183700684" timestamp="2026-06-05T15:03:35Z" user="Airiver" uid="13901111" lat="55.7951779" lon="49.1203315"/>
 <node id="4103489952" visible="true" version="2" changeset="183700684" timestamp="2026-06-05T15:03:35Z" user="Airiver" uid="13901111" lat="55.7951940" lon="49.1203387">
  <tag k="barrier" v="gate"/>
 </node>
 <node id="4103489953" visible="true" version="2" changeset="183700684" timestamp="2026-06-05T15:03:35Z" user="Airiver" uid="13901111" lat="55.7953326" lon="49.1203990"/>
 <node id="4103489954" visible="true" version="1" changeset="38362445" timestamp="2016-04-06T20:13:45Z" user="Daniil Musatov" uid="2261094" lat="55.7954852" lon="49.1204641"/>
 <node id="4103489955" visible="true" version="1" changeset="38362445" timestamp="2016-04-06T20:13:45Z" user="Daniil Musatov" uid="2261094" lat="55.7954234" lon="49.1208181"/>
 <node id="4103489956" visible="true" version="1" changeset="38362445" timestamp="2016-04-06T20:13:45Z" user="Daniil Musatov" uid="2261094" lat="55.7952982" lon="49.1210113"/>
 <node id="4103489957" visible="true" version="1" changeset="38362445" timestamp="2016-04-06T20:13:45Z" user="Daniil Musatov" uid="2261094" lat="55.7957053" lon="49.1209522">
  <tag k="historic" v="memorial"/>
  <tag k="name" v="Служим России — служим закону"/>
 </node>
 <node id="4103489958" visible="true" version="2" changeset="183700684" timestamp="2026-06-05T15:03:35Z" user="Airiver" uid="13901111" lat="55.7952589" lon="49.1198626">
  <tag k="barrier" v="gate"/>
 </node>
 <node id="4103489959" visible="true" version="2" changeset="183700684" timestamp="2026-06-05T15:03:35Z" user="Airiver" uid="13901111" lat="55.7954061" lon="49.1199206"/>
 <node id="4103489960" visible="true" version="1" changeset="38362445" timestamp="2016-04-06T20:13:45Z" user="Daniil Musatov" uid="2261094" lat="55.7951721" lon="49.1198327"/>
 <node id="4103489961" visible="true" version="4" changeset="183700684" timestamp="2026-06-05T15:03:35Z" user="Airiver" uid="13901111" lat="55.7952423" lon="49.1198542"/>
 <node id="4103489962" visible="true" version="7" changeset="154693279" timestamp="2024-08-01T13:01:45Z" user="Глеб" uid="346125" lat="55.7952907" lon="49.1201422">
  <tag k="check_date" v="2022-09-06"/>
  <tag k="contact:ok" v="https://ok.ru/group/70000000603406"/>
  <tag k="contact:rutube" v="https://rutube.ru/channel/25513754/"/>
  <tag k="contact:telegram" v="mvdtatarstana"/>
  <tag k="contact:vk" v="mvdtatarstana"/>
  <tag k="contact:website" v="https://16.мвд.рф/;https://16.мвд.рф/?limited=1"/>
  <tag k="government" v="ministry"/>
  <tag k="name" v="Министерство внутренних дел по Республике Татарстан"/>
  <tag k="name:en" v="The Ministry of Internal Affairs of the Republic of Tatarstan"/>
  <tag k="name:ru" v="Министерство внутренних дел по Республике Татарстан"/>
  <tag k="name:tt" v="Татарстан Республикасының Эчке эшләр министрлыгы"/>
  <tag k="office" v="government"/>
 </node>
 <node id="4103489963" visible="true" version="2" changeset="183700684" timestamp="2026-06-05T15:03:35Z" user="Airiver" uid="13901111" lat="55.7952272" lon="49.1200982">
  <tag k="entrance" v="main"/>
 </node>
 <node id="4103489964" visible="true" version="2" changeset="183700684" timestamp="2026-06-05T15:03:35Z" user="Airiver" uid="13901111" lat="55.7955443" lon="49.1191320">
  <tag k="barrier" v="gate"/>
 </node>
 <node id="4103489965" visible="true" version="2" changeset="183700684" timestamp="2026-06-05T15:03:35Z" user="Airiver" uid="13901111" lat="55.7955241" lon="49.1193348"/>
 <node id="4103489966" visible="true" version="3" changeset="183700684" timestamp="2026-06-05T15:03:35Z" user="Airiver" uid="13901111" lat="55.7955643" lon="49.1189522"/>
 <node id="4103489967" visible="true" version="1" changeset="38362445" timestamp="2016-04-06T20:13:45Z" user="Daniil Musatov" uid="2261094" lat="55.7954490" lon="49.1199223"/>
 <node id="4103489968" visible="true" version="2" changeset="125420112" timestamp="2022-08-26T19:09:43Z" user="parukhin" uid="519501" lat="55.7961189" lon="49.1197832"/>
 <node id="4103489969" visible="true" version="2" changeset="125420112" timestamp="2022-08-26T19:09:43Z" user="parukhin" uid="519501" lat="55.7961124" lon="49.1198761"/>
 <node id="4103489970" visible="true" version="2" changeset="125420112" timestamp="2022-08-26T19:09:43Z" user="parukhin" uid="519501" lat="55.7961595" lon="49.1198868"/>
 <node id="4103489972" visible="true" version="2" changeset="125862205" timestamp="2022-09-06T14:34:54Z" user="parukhin" uid="519501" lat="55.7956652" lon="49.1207335"/>
 <node id="4103489973" visible="true" version="2" changeset="125862205" timestamp="2022-09-06T14:34:54Z" user="parukhin" uid="519501" lat="55.7956323" lon="49.1207230"/>
 <node id="4103489974" visible="true" version="1" changeset="38362445" timestamp="2016-04-06T20:13:45Z" user="Daniil Musatov" uid="2261094" lat="55.7960380" lon="49.1193025">
  <tag k="barrier" v="gate"/>
 </node>
 <node id="4103489975" visible="true" version="2" changeset="183700684" timestamp="2026-06-05T15:03:35Z" user="Airiver" uid="13901111" lat="55.7960544" lon="49.1191585"/>
 <node id="4103489976" visible="true" version="2" changeset="111469896" timestamp="2021-09-21T00:03:15Z" user="VlIvYur" uid="345975" lat="55.7959676" lon="49.1199921"/>
 <node id="4103489977" visible="true" version="2" changeset="111469896" timestamp="2021-09-21T00:03:15Z" user="VlIvYur" uid="345975" lat="55.7960138" lon="49.1200064"/>
 <node id="4103489978" visible="true" version="2" changeset="111469896" timestamp="2021-09-21T00:03:15Z" user="VlIvYur" uid="345975" lat="55.7960363" lon="49.1197770"/>
 <node id="4103489979" visible="true" version="2" changeset="111469896" timestamp="2021-09-21T00:03:15Z" user="VlIvYur" uid="345975" lat="55.7959901" lon="49.1197627"/>
 <node id="4103489980" visible="true" version="2" changeset="111469896" timestamp="2021-09-21T00:03:15Z" user="VlIvYur" uid="345975" lat="55.7960126" lon="49.1197696"/>
 <node id="4103489981" visible="true" version="2" changeset="111469896" timestamp="2021-09-21T00:03:15Z" user="VlIvYur" uid="345975" lat="55.7961175" lon="49.1200500">
  <tag k="barrier" v="gate"/>
 </node>
 <node id="4103489982" visible="true" version="2" changeset="111469896" timestamp="2021-09-21T00:03:15Z" user="VlIvYur" uid="345975" lat="55.7964103" lon="49.1194313">
  <tag k="barrier" v="gate"/>
 </node>
 <node id="4103489983" visible="true" version="3" changeset="183700684" timestamp="2026-06-05T15:03:35Z" user="Airiver" uid="13901111" lat="55.7964281" lon="49.1193157"/>
 <node id="4103489984" visible="true" version="1" changeset="38362445" timestamp="2016-04-06T20:13:46Z" user="Daniil Musatov" uid="2261094" lat="55.7963899" lon="49.1197157"/>
 <node id="4103489985" visible="true" version="2" changeset="125420112" timestamp="2022-08-26T19:09:43Z" user="parukhin" uid="519501" lat="55.7961893" lon="49.1196701"/>
 <node id="4103489987" visible="true" version="1" changeset="38362445" timestamp="2016-04-06T20:13:46Z" user="Daniil Musatov" uid="2261094" lat="55.7961690" lon="49.1199276"/>
 <node id="4103489988" visible="true" version="1" changeset="38362445" timestamp="2016-04-06T20:13:46Z" user="Daniil Musatov" uid="2261094" lat="55.7960785" lon="49.1202804"/>
 <node id="4103496589" visible="true" version="1" changeset="38362445" timestamp="2016-04-06T20:13:46Z" user="Daniil Musatov" uid="2261094" lat="55.7963672" lon="49.1199759"/>
 <node id="4103496590" visible="true" version="2" changeset="125420112" timestamp="2022-08-26T19:09:43Z" user="parukhin" uid="519501" lat="55.7960808" lon="49.1196407"/>
 <node id="4103496591" visible="true" version="1" changeset="38362445" timestamp="2016-04-06T20:13:46Z" user="Daniil Musatov" uid="2261094" lat="55.7960642" lon="49.1198257"/>
 <node id="4103496593" visible="true" version="4" changeset="168683073" timestamp="2025-07-09T08:31:40Z" user="parukhin" uid="519501" lat="55.7965014" lon="49.1202254">
  <tag k="amenity" v="community_centre"/>
  <tag k="check_date" v="2025-07-08"/>
  <tag k="name" v="Культурный центр имени А. С. Пушкина"/>
 </node>
 <node id="4103496594" visible="true" version="3" changeset="157435392" timestamp="2024-10-03T20:11:11Z" user="Глеб" uid="346125" lat="55.7964183" lon="49.1200490"/>
 <node id="4103496595" visible="true" version="4" changeset="157436729" timestamp="2024-10-03T20:58:03Z" user="Глеб" uid="346125" lat="55.7965379" lon="49.1200864"/>
 <node id="4103496596" visible="true" version="4" changeset="168683073" timestamp="2025-07-09T08:31:40Z" user="parukhin" uid="519501" lat="55.7964297" lon="49.1212602">
  <tag k="barrier" v="gate"/>
  <tag k="locked" v="yes"/>
  <tag k="material" v="metal"/>
 </node>
 <node id="4103496597" visible="true" version="4" changeset="157435392" timestamp="2024-10-03T20:11:11Z" user="Глеб" uid="346125" lat="55.7965084" lon="49.1212832"/>
 <node id="4103496603" visible="true" version="4" changeset="157436729" timestamp="2024-10-03T20:58:03Z" user="Глеб" uid="346125" lat="55.7961933" lon="49.1199844"/>
 <node id="4103496605" visible="true" version="6" changeset="121738987" timestamp="2022-05-30T21:09:11Z" user="Глеб" uid="346125" lat="55.7962904" lon="49.1216153">
  <tag k="addr:city" v="Казань"/>
  <tag k="addr:housenumber" v="9"/>
  <tag k="addr:street" v="улица Лобачевского"/>
  <tag k="amenity" v="clinic"/>
  <tag k="healthcare" v="clinic"/>
  <tag k="name" v="Поликлиника МВД по РТ"/>
  <tag k="phone" v="+7 843 2913693;+7 843 2913051"/>
  <tag k="website" v="https://мсч.16.мвд.рф/Podrazdeleniya/Poliklinika"/>
 </node>
 <node id="4103496606" visible="true" version="5" changeset="157435392" timestamp="2024-10-03T20:11:11Z" user="Глеб" uid="346125" lat="55.7961152" lon="49.1215204"/>
 <node id="4103496607" visible="true" version="5" changeset="157435392" timestamp="2024-10-03T20:11:11Z" user="Глеб" uid="346125" lat="55.7960960" lon="49.1217360"/>
 <node id="4103496608" visible="true" version="3" changeset="157435392" timestamp="2024-10-03T20:11:11Z" user="Глеб" uid="346125" lat="55.7957932" lon="49.1216562"/>
 <node id="4103496609" visible="true" version="3" changeset="157435392" timestamp="2024-10-03T20:11:11Z" user="Глеб" uid="346125" lat="55.7958365" lon="49.1211125"/>
 <node id="4103496610" visible="true" version="3" changeset="157435392" timestamp="2024-10-03T20:11:11Z" user="Глеб" uid="346125" lat="55.7959106" lon="49.1211312"/>
 <node id="4103496611" visible="true" version="3" changeset="157435392" timestamp="2024-10-03T20:11:11Z" user="Глеб" uid="346125" lat="55.7958843" lon="49.1214623"/>
 <node id="4103496613" visible="true" version="3" changeset="157435392" timestamp="2024-10-03T20:11:11Z" user="Глеб" uid="346125" lat="55.7960767" lon="49.1215107"/>
 <node id="4103496614" visible="true" version="5" changeset="157435392" timestamp="2024-10-03T20:11:11Z" user="Глеб" uid="346125" lat="55.7960635" lon="49.1217243">
  <tag k="access" v="private"/>
  <tag k="barrier" v="gate"/>
 </node>
 <node id="4103496615" visible="true" version="2" changeset="111469896" timestamp="2021-09-21T00:03:15Z" user="VlIvYur" uid="345975" lat="55.7960599" lon="49.1217910"/>
 <node id="4103496616" visible="true" version="2" changeset="111469896" timestamp="2021-09-21T00:03:15Z" user="VlIvYur" uid="345975" lat="55.7960504" lon="49.1219340"/>
 <node id="4103496617" visible="true" version="2" changeset="111469896" timestamp="2021-09-21T00:03:15Z" user="VlIvYur" uid="345975" lat="55.7960832" lon="49.1214424"/>
 <node id="4103496618" visible="true" version="2" changeset="111469896" timestamp="2021-09-21T00:03:15Z" user="VlIvYur" uid="345975" lat="55.7959081" lon="49.1212915"/>
 <node id="4103496619" visible="true" version="2" changeset="183700684" timestamp="2026-06-05T15:03:35Z" user="Airiver" uid="13901111" lat="55.7951839" lon="49.1204143">
  <tag k="entrance" v="yes"/>
  <tag k="name" v="Приём граждан"/>
 </node>
 <node id="4103496623" visible="true" version="2" changeset="183700684" timestamp="2026-06-05T15:03:35Z" user="Airiver" uid="13901111" lat="55.7955510" lon="49.1190716"/>
 <node id="4103496624" visible="true" version="2" changeset="183700684" timestamp="2026-06-05T15:03:35Z" user="Airiver" uid="13901111" lat="55.7960421" lon="49.1192632"/>
 <node id="4103496625" visible="true" version="3" changeset="183700684" timestamp="2026-06-05T15:03:35Z" user="Airiver" uid="13901111" lat="55.7964141" lon="49.1194083"/>
 <node id="4103496626" visible="true" version="3" changeset="183700684" timestamp="2026-06-05T15:03:35Z" user="Airiver" uid="13901111" lat="55.7966047" lon="49.1194827"/>
 <node id="4268072735" visible="true" version="2" changeset="183700684" timestamp="2026-06-05T15:03:35Z" user="Airiver" uid="13901111" lat="55.7958520" lon="49.1192520"/>
 <node id="4268072736" visible="true" version="2" changeset="157435392" timestamp="2024-10-03T20:11:11Z" user="Глеб" uid="346125" lat="55.7958510" lon="49.1192607"/>
 <node id="4268072737" visible="true" version="2" changeset="157435392" timestamp="2024-10-03T20:11:11Z" user="Глеб" uid="346125" lat="55.7958293" lon="49.1194470"/>
 <node id="4268072738" visible="true" version="2" changeset="157435392" timestamp="2024-10-03T20:11:11Z" user="Глеб" uid="346125" lat="55.7959916" lon="49.1195067"/>
 <node id="4268072739" visible="true" version="2" changeset="157435392" timestamp="2024-10-03T20:11:11Z" user="Глеб" uid="346125" lat="55.7960133" lon="49.1193204"/>
 <node id="4274140793" visible="true" version="2" changeset="144976730" timestamp="2023-12-10T20:31:45Z" user="Глеб" uid="346125" lat="55.7957767" lon="49.1172587"/>
 <node id="4274196796" visible="true" version="2" changeset="144976730" timestamp="2023-12-10T20:31:45Z" user="Глеб" uid="346125" lat="55.7960591" lon="49.1173850"/>
 <node id="4440376641" visible="true" version="1" changeset="42773269" timestamp="2016-10-10T10:17:57Z" user="TimurShakirov" uid="4702450" lat="55.7952775" lon="49.1187086"/>
 <node id="4440376642" visible="true" version="4" changeset="183700684" timestamp="2026-06-05T15:03:35Z" user="Airiver" uid="13901111" lat="55.7953754" lon="49.1187408"/>
 <node id="4440376643" visible="true" version="5" changeset="183700684" timestamp="2026-06-05T15:03:35Z" user="Airiver" uid="13901111" lat="55.7953579" lon="49.1189962"/>
 <node id="4440376644" visible="true" version="3" changeset="122714299" timestamp="2022-06-22T14:04:15Z" user="Глеб" uid="346125" lat="55.7966250" lon="49.1192655"/>
 <node id="4571995006" visible="true" version="2" changeset="183700684" timestamp="2026-06-05T15:03:35Z" user="Airiver" uid="13901111" lat="55.7958646" lon="49.1153969"/>
 <node id="4571995007" visible="true" version="3" changeset="150854907" timestamp="2024-05-03T20:21:14Z" user="Глеб" uid="346125" lat="55.7969751" lon="49.1156496"/>
 <node id="4708305889" visible="true" version="1" changeset="46441544" timestamp="2017-02-27T12:44:49Z" user="Глеб" uid="346125" lat="55.7960284" lon="49.1190161"/>
 <node id="4804522519" visible="true" version="4" changeset="168854733" timestamp="2025-07-12T23:08:43Z" user="parukhin" uid="519501" lat="55.7968091" lon="49.1193624"/>
 <node id="4804522520" visible="true" version="4" changeset="168854733" timestamp="2025-07-12T23:08:43Z" user="parukhin" uid="519501" lat="55.7977135" lon="49.1196177"/>
 <node id="4804522921" visible="true" version="4" changeset="168854733" timestamp="2025-07-12T23:08:43Z" user="parukhin" uid="519501" lat="55.7976903" lon="49.1198537"/>
 <node id="4804522922" visible="true" version="3" changeset="151918337" timestamp="2024-05-27T21:02:54Z" user="Глеб" uid="346125" lat="55.7968026" lon="49.1195800"/>
 <node id="4804522923" visible="true" version="4" changeset="168854733" timestamp="2025-07-12T23:08:43Z" user="parukhin" uid="519501" lat="55.7975629" lon="49.1221505"/>
 <node id="4804522924" visible="true" version="4" changeset="183700684" timestamp="2026-06-05T15:03:35Z" user="Airiver" uid="13901111" lat="55.7975442" lon="49.1224652"/>
 <node id="4804522925" visible="true" version="4" changeset="183700684" timestamp="2026-06-05T15:03:35Z" user="Airiver" uid="13901111" lat="55.7965553" lon="49.1221704"/>
 <node id="5060840576" visible="true" version="2" changeset="183700684" timestamp="2026-06-05T15:03:35Z" user="Airiver" uid="13901111" lat="55.7938425" lon="49.1212608"/>
 <node id="5060840577" visible="true" version="1" changeset="51466288" timestamp="2017-08-26T19:11:59Z" user="acsd" uid="345493" lat="55.7952103" lon="49.1132751"/>
 <node id="5068986579" visible="true" version="3" changeset="121738987" timestamp="2022-05-30T21:09:11Z" user="Глеб" uid="346125" lat="55.7971002" lon="49.1217888">
  <tag k="addr:city" v="Казань"/>
  <tag k="addr:housenumber" v="13"/>
  <tag k="addr:street" v="улица Лобачевского"/>
  <tag k="amenity" v="hospital"/>
  <tag k="healthcare" v="hospital"/>
  <tag k="name" v="Медико-санитарная часть МВД по РТ"/>
  <tag k="opening_hours" v="Mo-Fr 08:00-12:00, 13:00-18:00"/>
  <tag k="phone" v="+7 843 2912139"/>
  <tag k="short_name" v="МСЧ МВД по РТ"/>
 </node>
 <node id="5069002158" visible="true" version="3" changeset="157435879" timestamp="2024-10-03T20:25:17Z" user="Глеб" uid="346125" lat="55.7969980" lon="49.1219565">
  <tag k="entrance" v="yes"/>
 </node>
 <node id="5069054279" visible="true" version="4" changeset="121738987" timestamp="2022-05-30T21:09:11Z" user="Глеб" uid="346125" lat="55.7970316" lon="49.1211472">
  <tag k="addr:city" v="Казань"/>
  <tag k="addr:housenumber" v="13"/>
  <tag k="addr:postcode" v="420111"/>
  <tag k="addr:street" v="улица Лобачевского"/>
  <tag k="amenity" v="hospital"/>
  <tag k="description" v="Психологическое обследование&#10;Психофизиологическое обследование&#10;Специальное психофизиологическое исследование с использованием полиграфа"/>
  <tag k="email" v="vvkmvd@mail.ru"/>
  <tag k="emergency" v="no"/>
  <tag k="healthcare" v="hospital"/>
  <tag k="name" v="Военно-врачебная комиссия"/>
  <tag k="phone" v="+7 843 2912139"/>
  <tag k="short_name" v="ВВК МВД по РТ"/>
  <tag k="website" v="https://мсч.16.мвд.рф/Podrazdeleniya/Voenno_vrachebnaja_komissija"/>
  <tag k="website_1" v="https://мсч.16.мвд.рф/Podrazdeleniya"/>
 </node>
 <node id="5211949031" visible="true" version="3" changeset="140388737" timestamp="2023-08-25T20:57:21Z" user="dpolovinkin" uid="6710042" lat="55.7948377" lon="49.1182982"/>
 <node id="5211949032" visible="true" version="2" changeset="136881879" timestamp="2023-06-02T19:37:21Z" user="user_19466096" uid="19466096" lat="55.7946087" lon="49.1185086"/>
 <node id="5211949033" visible="true" version="3" changeset="140388737" timestamp="2023-08-25T20:57:21Z" user="dpolovinkin" uid="6710042" lat="55.7947296" lon="49.1188834"/>
 <node id="5211949034" visible="true" version="3" changeset="183700684" timestamp="2026-06-05T15:03:35Z" user="Airiver" uid="13901111" lat="55.7949394" lon="49.1186821"/>
 <node id="5312334250" visible="true" version="2" changeset="125713742" timestamp="2022-09-02T19:56:21Z" user="parukhin" uid="519501" lat="55.7958581" lon="49.1142831">
  <tag k="barrier" v="gate"/>
 </node>
 <node id="5346611548" visible="true" version="2" changeset="58546135" timestamp="2018-04-30T07:50:09Z" user="az09" uid="156743" lat="55.7975184" lon="49.1226624">
  <tag k="entrance" v="yes"/>
 </node>
 <node id="5346611550" visible="true" version="5" changeset="144976730" timestamp="2023-12-10T20:31:45Z" user="Глеб" uid="346125" lat="55.7973951" lon="49.1222172"/>
 <node id="5346611551" visible="true" version="3" changeset="144976730" timestamp="2023-12-10T20:31:45Z" user="Глеб" uid="346125" lat="55.7974027" lon="49.1221009"/>
 <node id="5346611552" visible="true" version="3" changeset="144976730" timestamp="2023-12-10T20:31:45Z" user="Глеб" uid="346125" lat="55.7974411" lon="49.1216292"/>
 <node id="5346611553" visible="true" version="5" changeset="157435969" timestamp="2024-10-03T20:27:07Z" user="Глеб" uid="346125" lat="55.7974030" lon="49.1220648">
  <tag k="barrier" v="gate"/>
 </node>
 <node id="5346611555" visible="true" version="5" changeset="144976730" timestamp="2023-12-10T20:31:45Z" user="Глеб" uid="346125" lat="55.7968000" lon="49.1220660"/>
 <node id="5346611556" visible="true" version="3" changeset="144976730" timestamp="2023-12-10T20:31:45Z" user="Глеб" uid="346125" lat="55.7968163" lon="49.1219389"/>
 <node id="5346611557" visible="true" version="3" changeset="144976730" timestamp="2023-12-10T20:31:45Z" user="Глеб" uid="346125" lat="55.7968355" lon="49.1217545"/>
 <node id="5346611558" visible="true" version="5" changeset="144976730" timestamp="2023-12-10T20:31:45Z" user="Глеб" uid="346125" lat="55.7970941" lon="49.1221420"/>
 <node id="5346611559" visible="true" version="3" changeset="111469896" timestamp="2021-09-21T00:03:15Z" user="VlIvYur" uid="345975" lat="55.7970791" lon="49.1222985"/>
 <node id="5346611560" visible="true" version="1" changeset="55543356" timestamp="2018-01-18T08:50:47Z" user="Глеб" uid="346125" lat="55.7970668" lon="49.1224822"/>
 <node id="5346611561" visible="true" version="2" changeset="58546135" timestamp="2018-04-30T07:50:09Z" user="az09" uid="156743" lat="55.7970179" lon="49.1223162">
  <tag k="entrance" v="yes"/>
 </node>
 <node id="5346611562" visible="true" version="4" changeset="144976730" timestamp="2023-12-10T20:31:45Z" user="Глеб" uid="346125" lat="55.7968214" lon="49.1219150">
  <tag k="access" v="private"/>
  <tag k="barrier" v="gate"/>
 </node>
 <node id="5346611563" visible="true" version="7" changeset="163158894" timestamp="2025-03-03T12:20:47Z" user="kate_rocketdata" uid="12100948" lat="55.7969858" lon="49.1223521">
  <tag k="amenity" v="pharmacy"/>
  <tag k="contact:email" v="info@farmlend.ru"/>
  <tag k="contact:phone" v="+7 347 2600393;+7 800 5500393"/>
  <tag k="contact:website" v="https://farmlend.ru"/>
  <tag k="healthcare" v="pharmacy"/>
  <tag k="name" v="Фармленд"/>
  <tag k="name:ru" v="Фармленд"/>
  <tag k="opening_hours" v="Mo-Fr 08:00-22:00; Sa-Su 09:00-21:00"/>
 </node>
 <node id="5346611564" visible="true" version="2" changeset="58546135" timestamp="2018-04-30T07:50:09Z" user="az09" uid="156743" lat="55.7971702" lon="49.1223630">
  <tag k="entrance" v="yes"/>
 </node>
 <node id="5462793250" visible="true" version="1" changeset="56978089" timestamp="2018-03-07T18:52:02Z" user="acsd" uid="345493" lat="55.7952296" lon="49.1194220"/>
 <node id="5587694434" visible="true" version="1" changeset="58546135" timestamp="2018-04-30T07:50:07Z" user="az09" uid="156743" lat="55.7973253" lon="49.1232210"/>
 <node id="5809835219" visible="true" version="4" changeset="144976730" timestamp="2023-12-10T20:31:45Z" user="Глеб" uid="346125" lat="55.7957190" lon="49.1166468">
  <tag k="artist_name" v="Фаниль Валиуллин"/>
  <tag k="artwork_type" v="sculpture"/>
  <tag k="material" v="metal"/>
  <tag k="name" v="На озеро"/>
  <tag k="name:en" v="To the lake"/>
  <tag k="name:ru" v="На озеро"/>
  <tag k="tourism" v="artwork"/>
 </node>
 <node id="8073886735" visible="true" version="3" changeset="140825038" timestamp="2023-09-04T22:20:10Z" user="Глеб" uid="346125" lat="55.7973602" lon="49.1177564"/>
 <node id="8073886736" visible="true" version="3" changeset="140825038" timestamp="2023-09-04T22:20:10Z" user="Глеб" uid="346125" lat="55.7972094" lon="49.1177109"/>
 <node id="8073886737" visible="true" version="3" changeset="140825038" timestamp="2023-09-04T22:20:10Z" user="Глеб" uid="346125" lat="55.7971807" lon="49.1178350"/>
 <node id="8073886738" visible="true" version="3" changeset="140825038" timestamp="2023-09-04T22:20:10Z" user="Глеб" uid="346125" lat="55.7973479" lon="49.1178852"/>
 <node id="8073886739" visible="true" version="3" changeset="140825038" timestamp="2023-09-04T22:20:10Z" user="Глеб" uid="346125" lat="55.7971884" lon="49.1177473"/>
 <node id="8073886740" visible="true" version="3" changeset="119856922" timestamp="2022-04-18T12:35:28Z" user="Глеб" uid="346125" lat="55.7968357" lon="49.1177120"/>
 <node id="8073886741" visible="true" version="2" changeset="111469896" timestamp="2021-09-21T00:03:15Z" user="VlIvYur" uid="345975" lat="55.7970628" lon="49.1177708"/>
 <node id="8073886742" visible="true" version="2" changeset="111469896" timestamp="2021-09-21T00:03:15Z" user="VlIvYur" uid="345975" lat="55.7971832" lon="49.1176827"/>
 <node id="8073886743" visible="true" version="1" changeset="93405029" timestamp="2020-11-02T08:43:41Z" user="acsd" uid="345493" lat="55.7975707" lon="49.1175935"/>
 <node id="8073886744" visible="true" version="1" changeset="93405029" timestamp="2020-11-02T08:43:41Z" user="acsd" uid="345493" lat="55.7976210" lon="49.1169451"/>
 <node id="8073886748" visible="true" version="3" changeset="168854733" timestamp="2025-07-12T23:08:43Z" user="parukhin" uid="519501" lat="55.7969575" lon="49.1177890"/>
 <node id="8073886753" visible="true" version="1" changeset="93405029" timestamp="2020-11-02T08:43:41Z" user="acsd" uid="345493" lat="55.7971142" lon="49.1178654"/>
 <node id="8073886755" visible="true" version="2" changeset="111469896" timestamp="2021-09-21T00:03:15Z" user="VlIvYur" uid="345975" lat="55.7971318" lon="49.1179168"/>
 <node id="8073886756" visible="true" version="2" changeset="111436207" timestamp="2021-09-20T07:44:29Z" user="VlIvYur" uid="345975" lat="55.7972756" lon="49.1179997"/>
 <node id="8073886757" visible="true" version="2" changeset="111436207" timestamp="2021-09-20T07:44:29Z" user="VlIvYur" uid="345975" lat="55.7972348" lon="49.1185712"/>
 <node id="8073886758" visible="true" version="2" changeset="111436207" timestamp="2021-09-20T07:44:29Z" user="VlIvYur" uid="345975" lat="55.7971065" lon="49.1185376"/>
 <node id="8073886759" visible="true" version="2" changeset="111436207" timestamp="2021-09-20T07:44:29Z" user="VlIvYur" uid="345975" lat="55.7971476" lon="49.1179628"/>
 <node id="8073886761" visible="true" version="3" changeset="144441499" timestamp="2023-11-25T13:44:54Z" user="Глеб" uid="346125" lat="55.7969450" lon="49.1178232">
  <tag k="highway" v="crossing"/>
 </node>
 <node id="8073886762" visible="true" version="5" changeset="164376444" timestamp="2025-04-01T13:52:57Z" user="Глеб" uid="346125" lat="55.7969590" lon="49.1177305">
  <tag k="crossing" v="unmarked"/>
  <tag k="crossing:markings" v="no"/>
  <tag k="highway" v="crossing"/>
 </node>
 <node id="8342005151" visible="true" version="3" changeset="157435969" timestamp="2024-10-03T20:27:07Z" user="Глеб" uid="346125" lat="55.7964379" lon="49.1235521"/>
 <node id="8342005162" visible="true" version="3" changeset="157435969" timestamp="2024-10-03T20:27:07Z" user="Глеб" uid="346125" lat="55.7965121" lon="49.1226578"/>
 <node id="8342005164" visible="true" version="1" changeset="97839078" timestamp="2021-01-20T12:57:11Z" user="parukhin" uid="519501" lat="55.7965409" lon="49.1226466"/>
 <node id="8342005175" visible="true" version="3" changeset="151918337" timestamp="2024-05-27T21:02:54Z" user="Глеб" uid="346125" lat="55.7967321" lon="49.1203861"/>
 <node id="8342005179" visible="true" version="5" changeset="168683073" timestamp="2025-07-09T08:31:40Z" user="parukhin" uid="519501" lat="55.7967619" lon="49.1203923">
  <tag k="barrier" v="gate"/>
  <tag k="locked" v="yes"/>
  <tag k="material" v="metal"/>
 </node>
 <node id="8342005181" visible="true" version="3" changeset="151918337" timestamp="2024-05-27T21:02:54Z" user="Глеб" uid="346125" lat="55.7967720" lon="49.1199002"/>
 <node id="8342005187" visible="true" version="5" changeset="168683073" timestamp="2025-07-09T08:31:40Z" user="parukhin" uid="519501" lat="55.7968115" lon="49.1199113">
  <tag k="barrier" v="gate"/>
  <tag k="locked" v="yes"/>
  <tag k="material" v="metal"/>
 </node>
 <node id="8342005191" visible="true" version="3" changeset="144441499" timestamp="2023-11-25T13:44:54Z" user="Глеб" uid="346125" lat="55.7968629" lon="49.1188034"/>
 <node id="8342005193" visible="true" version="2" changeset="125454424" timestamp="2022-08-27T19:20:42Z" user="parukhin" uid="519501" lat="55.7969953" lon="49.1188411">
  <tag k="barrier" v="gate"/>
  <tag k="locked" v="yes"/>
  <tag k="material" v="metal"/>
 </node>
 <node id="8342005194" visible="true" version="1" changeset="97839078" timestamp="2021-01-20T12:57:11Z" user="parukhin" uid="519501" lat="55.7970001" lon="49.1187822"/>
 <node id="8342005195" visible="true" version="1" changeset="97839078" timestamp="2021-01-20T12:57:11Z" user="parukhin" uid="519501" lat="55.7970958" lon="49.1188682"/>
 <node id="8342005196" visible="true" version="3" changeset="151918337" timestamp="2024-05-27T21:02:54Z" user="Глеб" uid="346125" lat="55.7971279" lon="49.1205196"/>
 <node id="8342005197" visible="true" version="3" changeset="151918337" timestamp="2024-05-27T21:02:54Z" user="Глеб" uid="346125" lat="55.7971785" lon="49.1200205"/>
 <node id="8506829817" visible="true" version="6" changeset="168683073" timestamp="2025-07-09T08:31:40Z" user="parukhin" uid="519501" lat="55.7966274" lon="49.1218324">
  <tag k="addr:floor" v="1"/>
  <tag k="amenity" v="cafe"/>
  <tag k="check_date" v="2025-07-08"/>
  <tag k="cuisine" v="cake"/>
  <tag k="level" v="0"/>
  <tag k="name" v="Театральный буфет"/>
  <tag k="opening_hours" v="10:00-22:00"/>
  <tag k="operator" v="ООО &quot;Контент&quot;"/>
  <tag k="outdoor_seating" v="yes"/>
  <tag k="wheelchair" v="no"/>
 </node>
 <node id="8527843377" visible="true" version="2" changeset="107591743" timestamp="2021-07-07T22:38:14Z" user="OSMPossum" uid="11601482" lat="55.7944153" lon="49.1211939"/>
 <node id="8527843379" visible="true" version="2" changeset="107591743" timestamp="2021-07-07T22:38:14Z" user="OSMPossum" uid="11601482" lat="55.7942364" lon="49.1211132"/>
 <node id="8527843380" visible="true" version="1" changeset="101178317" timestamp="2021-03-17T10:02:24Z" user="ChristopherColumbus1492" uid="10168474" lat="55.7957565" lon="49.1152819"/>
 <node id="8527843381" visible="true" version="2" changeset="140388737" timestamp="2023-08-25T20:57:21Z" user="dpolovinkin" uid="6710042" lat="55.7956461" lon="49.1152295"/>
 <node id="8527843382" visible="true" version="3" changeset="107655052" timestamp="2021-07-08T18:34:34Z" user="OSMPossum" uid="11601482" lat="55.7957207" lon="49.1152650">
  <tag k="barrier" v="entrance"/>
 </node>
 <node id="8527843384" visible="true" version="3" changeset="107655052" timestamp="2021-07-08T18:34:34Z" user="OSMPossum" uid="11601482" lat="55.7947444" lon="49.1160967">
  <tag k="barrier" v="entrance"/>
 </node>
 <node id="8741741616" visible="true" version="5" changeset="154606888" timestamp="2024-07-30T13:32:42Z" user="mavl" uid="564990" lat="55.7962783" lon="49.1237914">
  <tag k="bus" v="yes"/>
  <tag k="name" v="площадь Свободы"/>
  <tag k="public_transport" v="stop_position"/>
 </node>
 <node id="8741761817" visible="true" version="5" changeset="154606643" timestamp="2024-07-30T13:27:38Z" user="mavl" uid="564990" lat="55.7963486" lon="49.1236536">
  <tag k="bus" v="yes"/>
  <tag k="name" v="площадь Свободы"/>
  <tag k="public_transport" v="stop_position"/>
 </node>
 <node id="8836094317" visible="true" version="3" changeset="151918337" timestamp="2024-05-27T21:02:54Z" user="Глеб" uid="346125" lat="55.7966917" lon="49.1207931"/>
 <node id="8836094319" visible="true" version="3" changeset="157435879" timestamp="2024-10-03T20:25:17Z" user="Глеб" uid="346125" lat="55.7972669" lon="49.1209110"/>
 <node id="8901706404" visible="true" version="1" changeset="107582198" timestamp="2021-07-07T17:53:52Z" user="Pakuhi_Ahi" uid="10778905" lat="55.7948449" lon="49.1161541"/>
 <node id="8902344374" visible="true" version="1" changeset="107591743" timestamp="2021-07-07T22:38:14Z" user="OSMPossum" uid="11601482" lat="55.7942829" lon="49.1210935"/>
 <node id="8902344375" visible="true" version="1" changeset="107591743" timestamp="2021-07-07T22:38:14Z" user="OSMPossum" uid="11601482" lat="55.7943840" lon="49.1211390"/>
 <node id="8902344376" visible="true" version="2" changeset="107655052" timestamp="2021-07-08T18:34:34Z" user="OSMPossum" uid="11601482" lat="55.7943028" lon="49.1213189"/>
 <node id="8902344377" visible="true" version="1" changeset="107591743" timestamp="2021-07-07T22:38:14Z" user="OSMPossum" uid="11601482" lat="55.7943473" lon="49.1210466"/>
 <node id="8902344379" visible="true" version="2" changeset="183700684" timestamp="2026-06-05T15:03:35Z" user="Airiver" uid="13901111" lat="55.7951328" lon="49.1187592"/>
 <node id="8905027691" visible="true" version="1" changeset="107655052" timestamp="2021-07-08T18:34:34Z" user="OSMPossum" uid="11601482" lat="55.7943614" lon="49.1183576">
  <tag k="barrier" v="entrance"/>
 </node>
 <node id="8905027692" visible="true" version="1" changeset="107655052" timestamp="2021-07-08T18:34:34Z" user="OSMPossum" uid="11601482" lat="55.7939848" lon="49.1205809">
  <tag k="barrier" v="entrance"/>
 </node>
 <node id="8905027693" visible="true" version="1" changeset="107655052" timestamp="2021-07-08T18:34:34Z" user="OSMPossum" uid="11601482" lat="55.7958012" lon="49.1141064">
  <tag k="barrier" v="entrance"/>
 </node>
 <node id="8939212618" visible="true" version="4" changeset="125415896" timestamp="2022-08-26T16:54:28Z" user="parukhin" uid="519501" lat="55.7959637" lon="49.1221496">
  <tag k="amenity" v="cafe"/>
  <tag k="brand" v="Smorodina"/>
  <tag k="breakfast" v="07:30-21:00"/>
  <tag k="check_date" v="2022-08-26"/>
  <tag k="contact:facebook" v="Smorodinacakes"/>
  <tag k="contact:instagram" v="smorodinacakes"/>
  <tag k="contact:vk" v="smorodinacakes"/>
  <tag k="email" v="smorodinacakes@gmail.com"/>
  <tag k="name" v="Smorodina"/>
  <tag k="opening_hours" v="07:30-21:00"/>
  <tag k="operator" v="ИП Гареева Янина Владимировна"/>
  <tag k="outdoor_seating" v="yes"/>
  <tag k="payment:cash" v="yes"/>
  <tag k="payment:maestro" v="yes"/>
  <tag k="payment:mastercard" v="yes"/>
  <tag k="payment:visa" v="yes"/>
  <tag k="payment:visa_electron" v="yes"/>
  <tag k="phone" v="+7 843 2033880"/>
  <tag k="ref" v="Лобачевского"/>
  <tag k="shop" v="confectionery"/>
  <tag k="takeaway" v="yes"/>
  <tag k="website" v="http://www.smorodinacakes.ru/"/>
 </node>
 <node id="8968684017" visible="true" version="3" changeset="166745726" timestamp="2025-05-25T17:59:28Z" user="parukhin" uid="519501" lat="55.7948353" lon="49.1189042">
  <tag k="amenity" v="cafe"/>
  <tag k="check_date" v="2025-05-23"/>
  <tag k="name" v="Miñ"/>
  <tag k="opening_hours" v="10:00-22:00"/>
 </node>
 <node id="9107111739" visible="true" version="1" changeset="111436207" timestamp="2021-09-20T07:44:29Z" user="VlIvYur" uid="345975" lat="55.7978164" lon="49.1188565"/>
 <node id="9107111740" visible="true" version="1" changeset="111436207" timestamp="2021-09-20T07:44:29Z" user="VlIvYur" uid="345975" lat="55.7977704" lon="49.1195565"/>
 <node id="9107111750" visible="true" version="1" changeset="111436207" timestamp="2021-09-20T07:44:29Z" user="VlIvYur" uid="345975" lat="55.7976073" lon="49.1181542"/>
 <node id="9107111751" visible="true" version="1" changeset="111436207" timestamp="2021-09-20T07:44:29Z" user="VlIvYur" uid="345975" lat="55.7975350" lon="49.1181438"/>
 <node id="9107111752" visible="true" version="1" changeset="111436207" timestamp="2021-09-20T07:44:29Z" user="VlIvYur" uid="345975" lat="55.7975375" lon="49.1180878"/>
 <node id="9107111753" visible="true" version="1" changeset="111436207" timestamp="2021-09-20T07:44:29Z" user="VlIvYur" uid="345975" lat="55.7976098" lon="49.1180982"/>
 <node id="9107111761" visible="true" version="3" changeset="144343649" timestamp="2023-11-22T21:18:43Z" user="Глеб" uid="346125" lat="55.7973342" lon="49.1196581"/>
 <node id="9107111782" visible="true" version="2" changeset="168850660" timestamp="2025-07-12T19:59:10Z" user="parukhin" uid="519501" lat="55.7976129" lon="49.1211153">
  <tag k="barrier" v="gate"/>
  <tag k="locked" v="yes"/>
  <tag k="material" v="metal"/>
 </node>
 <node id="9107111783" visible="true" version="1" changeset="111436207" timestamp="2021-09-20T07:44:29Z" user="VlIvYur" uid="345975" lat="55.7976389" lon="49.1211212"/>
 <node id="9107111784" visible="true" version="1" changeset="111436207" timestamp="2021-09-20T07:44:29Z" user="VlIvYur" uid="345975" lat="55.7974076" lon="49.1214206"/>
 <node id="9107111785" visible="true" version="1" changeset="111436207" timestamp="2021-09-20T07:44:29Z" user="VlIvYur" uid="345975" lat="55.7974327" lon="49.1210740"/>
 <node id="9107111786" visible="true" version="1" changeset="111436207" timestamp="2021-09-20T07:44:29Z" user="VlIvYur" uid="345975" lat="55.7976901" lon="49.1211329"/>
 <node id="9107111799" visible="true" version="2" changeset="168854733" timestamp="2025-07-12T23:08:43Z" user="parukhin" uid="519501" lat="55.7975235" lon="49.1221364"/>
 <node id="9107111800" visible="true" version="2" changeset="168854733" timestamp="2025-07-12T23:08:43Z" user="parukhin" uid="519501" lat="55.7975049" lon="49.1224028"/>
 <node id="9109463156" visible="true" version="1" changeset="111469896" timestamp="2021-09-21T00:03:15Z" user="VlIvYur" uid="345975" lat="55.7946981" lon="49.1216434">
  <tag k="highway" v="traffic_signals"/>
  <tag k="traffic_signals:direction" v="backward"/>
 </node>
 <node id="9109463157" visible="true" version="1" changeset="111469896" timestamp="2021-09-21T00:03:15Z" user="VlIvYur" uid="345975" lat="55.7949316" lon="49.1214504">
  <tag k="highway" v="traffic_signals"/>
  <tag k="traffic_signals:direction" v="forward"/>
 </node>
 <node id="9109463158" visible="true" version="1" changeset="111469896" timestamp="2021-09-21T00:03:15Z" user="VlIvYur" uid="345975" lat="55.7957211" lon="49.1219697"/>
 <node id="9109463159" visible="true" version="1" changeset="111469896" timestamp="2021-09-21T00:03:15Z" user="VlIvYur" uid="345975" lat="55.7951877" lon="49.1218706"/>
 <node id="9109463160" visible="true" version="5" changeset="181903721" timestamp="2026-04-27T17:42:17Z" user="Ruslan Fatih" uid="12875574" lat="55.7964276" lon="49.1221806">
  <tag k="button_operated" v="no"/>
  <tag k="crossing" v="traffic_signals"/>
  <tag k="highway" v="crossing"/>
  <tag k="kerb" v="flush"/>
  <tag k="tactile_paving" v="yes"/>
  <tag k="traffic_signals:sound" v="no"/>
 </node>
 <node id="9109463161" visible="true" version="2" changeset="183700684" timestamp="2026-06-05T15:03:35Z" user="Airiver" uid="13901111" lat="55.7963632" lon="49.1221600"/>
 <node id="9109463162" visible="true" version="3" changeset="183700684" timestamp="2026-06-05T15:03:35Z" user="Airiver" uid="13901111" lat="55.7965509" lon="49.1222199"/>
 <node id="9109463163" visible="true" version="1" changeset="111469896" timestamp="2021-09-21T00:03:15Z" user="VlIvYur" uid="345975" lat="55.7950336" lon="49.1217203">
  <tag k="highway" v="traffic_signals"/>
  <tag k="traffic_signals:direction" v="forward"/>
 </node>
 <node id="9109463172" visible="true" version="1" changeset="111469896" timestamp="2021-09-21T00:03:15Z" user="VlIvYur" uid="345975" lat="55.7970407" lon="49.1220497"/>
 <node id="9109463173" visible="true" version="1" changeset="111469896" timestamp="2021-09-21T00:03:15Z" user="VlIvYur" uid="345975" lat="55.7973045" lon="49.1221274"/>
 <node id="9109463175" visible="true" version="1" changeset="111469896" timestamp="2021-09-21T00:03:15Z" user="VlIvYur" uid="345975" lat="55.7974930" lon="49.1221985"/>
 <node id="9109463176" visible="true" version="1" changeset="111469896" timestamp="2021-09-21T00:03:15Z" user="VlIvYur" uid="345975" lat="55.7973973" lon="49.1221717"/>
 <node id="9109463177" visible="true" version="1" changeset="111469896" timestamp="2021-09-21T00:03:15Z" user="VlIvYur" uid="345975" lat="55.7974681" lon="49.1223541"/>
 <node id="9109463178" visible="true" version="1" changeset="111469896" timestamp="2021-09-21T00:03:15Z" user="VlIvYur" uid="345975" lat="55.7971229" lon="49.1222763"/>
 <node id="9109463181" visible="true" version="1" changeset="111469896" timestamp="2021-09-21T00:03:15Z" user="VlIvYur" uid="345975" lat="55.7970037" lon="49.1222522">
  <tag k="denotation" v="urban"/>
  <tag k="leaf_cycle" v="deciduous"/>
  <tag k="leaf_type" v="broadleaved"/>
  <tag k="natural" v="tree"/>
 </node>
 <node id="9109463182" visible="true" version="1" changeset="111469896" timestamp="2021-09-21T00:03:15Z" user="VlIvYur" uid="345975" lat="55.7969336" lon="49.1220262"/>
 <node id="9109463183" visible="true" version="1" changeset="111469896" timestamp="2021-09-21T00:03:15Z" user="VlIvYur" uid="345975" lat="55.7968383" lon="49.1219994"/>
 <node id="9109463184" visible="true" version="1" changeset="111469896" timestamp="2021-09-21T00:03:15Z" user="VlIvYur" uid="345975" lat="55.7970157" lon="49.1220621"/>
 <node id="9109463185" visible="true" version="1" changeset="111469896" timestamp="2021-09-21T00:03:15Z" user="VlIvYur" uid="345975" lat="55.7969373" lon="49.1220396"/>
 <node id="9109463186" visible="true" version="2" changeset="151918337" timestamp="2024-05-27T21:02:54Z" user="Глеб" uid="346125" lat="55.7973315" lon="49.1207805"/>
 <node id="9109463187" visible="true" version="1" changeset="111469896" timestamp="2021-09-21T00:03:15Z" user="VlIvYur" uid="345975" lat="55.7969155" lon="49.1222280"/>
 <node id="9109463188" visible="true" version="1" changeset="111469896" timestamp="2021-09-21T00:03:15Z" user="VlIvYur" uid="345975" lat="55.7965948" lon="49.1221529"/>
 <node id="9109463189" visible="true" version="1" changeset="111469896" timestamp="2021-09-21T00:03:15Z" user="VlIvYur" uid="345975" lat="55.7973430" lon="49.1221502"/>
 <node id="9109463190" visible="true" version="1" changeset="111469896" timestamp="2021-09-21T00:03:15Z" user="VlIvYur" uid="345975" lat="55.7968266" lon="49.1220094"/>
 <node id="9109463193" visible="true" version="1" changeset="111469896" timestamp="2021-09-21T00:03:15Z" user="VlIvYur" uid="345975" lat="55.7967618" lon="49.1219893"/>
 <node id="9109463194" visible="true" version="1" changeset="111469896" timestamp="2021-09-21T00:03:15Z" user="VlIvYur" uid="345975" lat="55.7966004" lon="49.1219464"/>
 <node id="9109463195" visible="true" version="3" changeset="121088164" timestamp="2022-05-17T08:57:46Z" user="ArsGaz" uid="6187969" lat="55.7964693" lon="49.1217454">
  <tag k="highway" v="traffic_signals"/>
  <tag k="traffic_signals:direction" v="forward"/>
 </node>
 <node id="9109463196" visible="true" version="2" changeset="119856922" timestamp="2022-04-18T12:35:28Z" user="Глеб" uid="346125" lat="55.7964692" lon="49.1222844">
  <tag k="highway" v="traffic_signals"/>
  <tag k="traffic_signals:direction" v="forward"/>
 </node>
 <node id="9109463197" visible="true" version="2" changeset="144976730" timestamp="2023-12-10T20:31:45Z" user="Глеб" uid="346125" lat="55.7966474" lon="49.1220320">
  <tag k="highway" v="traffic_signals"/>
  <tag k="traffic_signals:direction" v="forward"/>
 </node>
 <node id="9109463198" visible="true" version="1" changeset="111469896" timestamp="2021-09-21T00:03:15Z" user="VlIvYur" uid="345975" lat="55.7962954" lon="49.1219854">
  <tag k="highway" v="traffic_signals"/>
  <tag k="traffic_signals:direction" v="backward"/>
 </node>
 <node id="9109463199" visible="true" version="1" changeset="111469896" timestamp="2021-09-21T00:03:15Z" user="VlIvYur" uid="345975" lat="55.7964199" lon="49.1217895"/>
 <node id="9109463200" visible="true" version="1" changeset="111469896" timestamp="2021-09-21T00:03:15Z" user="VlIvYur" uid="345975" lat="55.7964564" lon="49.1213690"/>
 <node id="9109463209" visible="true" version="2" changeset="144976730" timestamp="2023-12-10T20:31:45Z" user="Глеб" uid="346125" lat="55.7967896" lon="49.1213297">
  <tag k="entrance" v="staircase"/>
 </node>
 <node id="9109463210" visible="true" version="2" changeset="144976730" timestamp="2023-12-10T20:31:45Z" user="Глеб" uid="346125" lat="55.7968156" lon="49.1210555">
  <tag k="entrance" v="staircase"/>
 </node>
 <node id="9109463211" visible="true" version="3" changeset="151918337" timestamp="2024-05-27T21:02:54Z" user="Глеб" uid="346125" lat="55.7965872" lon="49.1216973"/>
 <node id="9109463212" visible="true" version="3" changeset="151918337" timestamp="2024-05-27T21:02:54Z" user="Глеб" uid="346125" lat="55.7966601" lon="49.1209085"/>
 <node id="9109463213" visible="true" version="2" changeset="151918337" timestamp="2024-05-27T21:02:54Z" user="Глеб" uid="346125" lat="55.7967233" lon="49.1208022">
  <tag k="barrier" v="lift_gate"/>
 </node>
 <node id="9109478418" visible="true" version="2" changeset="144441499" timestamp="2023-11-25T13:44:54Z" user="Глеб" uid="346125" lat="55.7966780" lon="49.1207019"/>
 <node id="9109478419" visible="true" version="2" changeset="144441499" timestamp="2023-11-25T13:44:54Z" user="Глеб" uid="346125" lat="55.7966983" lon="49.1204913"/>
 <node id="9109478422" visible="true" version="2" changeset="183700684" timestamp="2026-06-05T15:03:35Z" user="Airiver" uid="13901111" lat="55.7949675" lon="49.1218297"/>
 <node id="9109478423" visible="true" version="2" changeset="183700684" timestamp="2026-06-05T15:03:35Z" user="Airiver" uid="13901111" lat="55.7949219" lon="49.1218949"/>
 <node id="9109478425" visible="true" version="1" changeset="111469896" timestamp="2021-09-21T00:03:15Z" user="VlIvYur" uid="345975" lat="55.7965081" lon="49.1207924"/>
 <node id="9109478426" visible="true" version="1" changeset="111469896" timestamp="2021-09-21T00:03:15Z" user="VlIvYur" uid="345975" lat="55.7965665" lon="49.1201721"/>
 <node id="9109478427" visible="true" version="3" changeset="151918337" timestamp="2024-05-27T21:02:54Z" user="Глеб" uid="346125" lat="55.7967129" lon="49.1202655"/>
 <node id="9109478428" visible="true" version="3" changeset="151918337" timestamp="2024-05-27T21:02:54Z" user="Глеб" uid="346125" lat="55.7967445" lon="49.1199540"/>
 <node id="9109478431" visible="true" version="1" changeset="111469896" timestamp="2021-09-21T00:03:15Z" user="VlIvYur" uid="345975" lat="55.7965763" lon="49.1200259"/>
 <node id="9109478432" visible="true" version="1" changeset="111469896" timestamp="2021-09-21T00:03:15Z" user="VlIvYur" uid="345975" lat="55.7966193" lon="49.1195297"/>
 <node id="9109478433" visible="true" version="2" changeset="144441499" timestamp="2023-11-25T13:44:54Z" user="Глеб" uid="346125" lat="55.7967637" lon="49.1198227"/>
 <node id="9109478434" visible="true" version="2" changeset="144441499" timestamp="2023-11-25T13:44:54Z" user="Глеб" uid="346125" lat="55.7967780" lon="49.1196698"/>
 <node id="9109478436" visible="true" version="2" changeset="151918337" timestamp="2024-05-27T21:02:54Z" user="Глеб" uid="346125" lat="55.7967702" lon="49.1196157"/>
 <node id="9109478439" visible="true" version="3" changeset="119876901" timestamp="2022-04-18T20:17:40Z" user="Глеб" uid="346125" lat="55.7967058" lon="49.1191058">
  <tag k="highway" v="traffic_signals"/>
  <tag k="traffic_signals" v="signal"/>
  <tag k="traffic_signals:direction" v="forward"/>
 </node>
 <node id="9109478440" visible="true" version="1" changeset="111469896" timestamp="2021-09-21T00:03:15Z" user="VlIvYur" uid="345975" lat="55.7966635" lon="49.1191197"/>
 <node id="9109478444" visible="true" version="2" changeset="151918337" timestamp="2024-05-27T21:02:54Z" user="Глеб" uid="346125" lat="55.7968038" lon="49.1192819"/>
 <node id="9109478445" visible="true" version="2" changeset="151918337" timestamp="2024-05-27T21:02:54Z" user="Глеб" uid="346125" lat="55.7968392" lon="49.1188775"/>
 <node id="9109478449" visible="true" version="1" changeset="111469896" timestamp="2021-09-21T00:03:15Z" user="VlIvYur" uid="345975" lat="55.7966962" lon="49.1187583"/>
 <node id="9109478451" visible="true" version="1" changeset="111469896" timestamp="2021-09-21T00:03:15Z" user="VlIvYur" uid="345975" lat="55.7966587" lon="49.1191378"/>
 <node id="9109478452" visible="true" version="2" changeset="151918337" timestamp="2024-05-27T21:02:54Z" user="Глеб" uid="346125" lat="55.7968632" lon="49.1186342"/>
 <node id="9109478453" visible="true" version="2" changeset="151918337" timestamp="2024-05-27T21:02:54Z" user="Глеб" uid="346125" lat="55.7969144" lon="49.1180485"/>
 <node id="9109478458" visible="true" version="1" changeset="111469896" timestamp="2021-09-21T00:03:15Z" user="VlIvYur" uid="345975" lat="55.7966641" lon="49.1190087"/>
 <node id="9109478459" visible="true" version="1" changeset="111469896" timestamp="2021-09-21T00:03:15Z" user="VlIvYur" uid="345975" lat="55.7966837" lon="49.1187874"/>
 <node id="9109478460" visible="true" version="2" changeset="168716451" timestamp="2025-07-09T21:57:41Z" user="parukhin" uid="519501" lat="55.7967290" lon="49.1186278"/>
 <node id="9109478461" visible="true" version="2" changeset="168716451" timestamp="2025-07-09T21:57:41Z" user="parukhin" uid="519501" lat="55.7968089" lon="49.1177534"/>
 <node id="9109478466" visible="true" version="2" changeset="150854907" timestamp="2024-05-03T20:21:14Z" user="Глеб" uid="346125" lat="55.7968040" lon="49.1177043"/>
 <node id="9109478467" visible="true" version="2" changeset="150854907" timestamp="2024-05-03T20:21:14Z" user="Глеб" uid="346125" lat="55.7968145" lon="49.1176004"/>
 <node id="9109478468" visible="true" version="1" changeset="111469896" timestamp="2021-09-21T00:03:15Z" user="VlIvYur" uid="345975" lat="55.7967443" lon="49.1176851">
  <tag k="barrier" v="gate"/>
 </node>
 <node id="9109478469" visible="true" version="1" changeset="111469896" timestamp="2021-09-21T00:03:15Z" user="VlIvYur" uid="345975" lat="55.7967550" lon="49.1175827">
  <tag k="barrier" v="gate"/>
 </node>
 <node id="9109478470" visible="true" version="1" changeset="111469896" timestamp="2021-09-21T00:03:15Z" user="VlIvYur" uid="345975" lat="55.7965740" lon="49.1174510"/>
 <node id="9109478471" visible="true" version="1" changeset="111469896" timestamp="2021-09-21T00:03:15Z" user="VlIvYur" uid="345975" lat="55.7965982" lon="49.1175355"/>
 <node id="9109478472" visible="true" version="2" changeset="119856922" timestamp="2022-04-18T12:35:28Z" user="Глеб" uid="346125" lat="55.7968453" lon="49.1176099"/>
 <node id="9109478473" visible="true" version="1" changeset="111469896" timestamp="2021-09-21T00:03:15Z" user="VlIvYur" uid="345975" lat="55.7962943" lon="49.1175529"/>
 <node id="9109478474" visible="true" version="2" changeset="183700684" timestamp="2026-06-05T15:03:35Z" user="Airiver" uid="13901111" lat="55.7965273" lon="49.1183883"/>
 <node id="9109478475" visible="true" version="2" changeset="183700684" timestamp="2026-06-05T15:03:35Z" user="Airiver" uid="13901111" lat="55.7965400" lon="49.1182514"/>
 <node id="9109478476" visible="true" version="2" changeset="183700684" timestamp="2026-06-05T15:03:35Z" user="Airiver" uid="13901111" lat="55.7965540" lon="49.1183961"/>
 <node id="9109478477" visible="true" version="2" changeset="183700684" timestamp="2026-06-05T15:03:35Z" user="Airiver" uid="13901111" lat="55.7965678" lon="49.1182596"/>
 <node id="9109478478" visible="true" version="1" changeset="111469896" timestamp="2021-09-21T00:03:15Z" user="VlIvYur" uid="345975" lat="55.7966343" lon="49.1190751"/>
 <node id="9109478479" visible="true" version="1" changeset="111469896" timestamp="2021-09-21T00:03:15Z" user="VlIvYur" uid="345975" lat="55.7965311" lon="49.1191958"/>
 <node id="9109478480" visible="true" version="1" changeset="111469896" timestamp="2021-09-21T00:03:15Z" user="VlIvYur" uid="345975" lat="55.7966619" lon="49.1187500"/>
 <node id="9109478486" visible="true" version="2" changeset="150854907" timestamp="2024-05-03T20:21:14Z" user="Глеб" uid="346125" lat="55.7968773" lon="49.1168820"/>
 <node id="9109478488" visible="true" version="2" changeset="119856922" timestamp="2022-04-18T12:35:28Z" user="Глеб" uid="346125" lat="55.7969121" lon="49.1168928"/>
 <node id="9109478490" visible="true" version="2" changeset="150854907" timestamp="2024-05-03T20:21:14Z" user="Глеб" uid="346125" lat="55.7969075" lon="49.1164875"/>
 <node id="9109478491" visible="true" version="2" changeset="119856922" timestamp="2022-04-18T12:35:28Z" user="Глеб" uid="346125" lat="55.7969485" lon="49.1165021"/>
 <node id="9109478494" visible="true" version="2" changeset="150854907" timestamp="2024-05-03T20:21:14Z" user="Глеб" uid="346125" lat="55.7969421" lon="49.1160976"/>
 <node id="9109478495" visible="true" version="2" changeset="119856922" timestamp="2022-04-18T12:35:28Z" user="Глеб" uid="346125" lat="55.7969844" lon="49.1161175"/>
 <node id="9109478506" visible="true" version="2" changeset="151918337" timestamp="2024-05-27T21:02:54Z" user="Глеб" uid="346125" lat="55.7969571" lon="49.1175861"/>
 <node id="9109478507" visible="true" version="2" changeset="151918337" timestamp="2024-05-27T21:02:54Z" user="Глеб" uid="346125" lat="55.7971102" lon="49.1158799"/>
 <node id="9109478514" visible="true" version="3" changeset="119856922" timestamp="2022-04-18T12:35:28Z" user="Глеб" uid="346125" lat="55.7970610" lon="49.1157787">
  <tag k="highway" v="traffic_signals"/>
  <tag k="traffic_signals" v="signal"/>
  <tag k="traffic_signals:direction" v="forward"/>
 </node>
 <node id="9109478518" visible="true" version="2" changeset="183700684" timestamp="2026-06-05T15:03:35Z" user="Airiver" uid="13901111" lat="55.7963693" lon="49.1220901"/>
 <node id="9109478519" visible="true" version="2" changeset="183700684" timestamp="2026-06-05T15:03:35Z" user="Airiver" uid="13901111" lat="55.7963845" lon="49.1218646"/>
 <node id="9109478520" visible="true" version="2" changeset="144441499" timestamp="2023-11-25T13:44:54Z" user="Глеб" uid="346125" lat="55.7971383" lon="49.1157166"/>
 <node id="9203972541" visible="true" version="3" changeset="150783716" timestamp="2024-05-02T09:08:52Z" user="Noktoborus" uid="540529" lat="55.7962586" lon="49.1240032">
  <tag k="highway" v="traffic_signals"/>
  <tag k="traffic_signals" v="signal"/>
  <tag k="traffic_signals:direction" v="forward"/>
 </node>
 <node id="9509990804" visible="true" version="5" changeset="183700684" timestamp="2026-06-05T15:03:35Z" user="Airiver" uid="13901111" lat="55.7966133" lon="49.1193936">
  <tag k="crossing" v="traffic_signals"/>
  <tag k="crossing:island" v="no"/>
  <tag k="highway" v="crossing"/>
 </node>
 <node id="9549430647" visible="true" version="2" changeset="157415477" timestamp="2024-10-03T11:59:58Z" user="Глеб" uid="346125" lat="55.7959048" lon="49.1153766"/>
 <node id="9549430649" visible="true" version="2" changeset="157415477" timestamp="2024-10-03T11:59:58Z" user="Глеб" uid="346125" lat="55.7963390" lon="49.1154744"/>
 <node id="9674213687" visible="true" version="4" changeset="183700684" timestamp="2026-06-05T15:03:35Z" user="Airiver" uid="13901111" lat="55.7965611" lon="49.1193717">
  <tag k="highway" v="traffic_signals"/>
  <tag k="traffic_signals" v="signal"/>
  <tag k="traffic_signals:direction" v="backward"/>
 </node>
 <node id="9674213688" visible="true" version="4" changeset="168854733" timestamp="2025-07-12T23:08:43Z" user="parukhin" uid="519501" lat="55.7968310" lon="49.1194819">
  <tag k="highway" v="traffic_signals"/>
  <tag k="traffic_signals" v="signal"/>
  <tag k="traffic_signals:direction" v="forward"/>
 </node>
 <node id="9674213689" visible="true" version="2" changeset="119876901" timestamp="2022-04-18T20:17:40Z" user="Глеб" uid="346125" lat="55.7967105" lon="49.1196598">
  <tag k="highway" v="traffic_signals"/>
  <tag k="traffic_signals" v="signal"/>
  <tag k="traffic_signals:direction" v="forward"/>
 </node>
 <node id="9674213694" visible="true" version="2" changeset="181903721" timestamp="2026-04-27T17:42:17Z" user="Ruslan Fatih" uid="12875574" lat="55.7970693" lon="49.1156883">
  <tag k="crossing" v="traffic_signals"/>
  <tag k="highway" v="crossing"/>
  <tag k="kerb" v="flush"/>
  <tag k="tactile_paving" v="yes"/>
 </node>
 <node id="9674213695" visible="true" version="4" changeset="181903721" timestamp="2026-04-27T17:42:17Z" user="Ruslan Fatih" uid="12875574" lat="55.7964767" lon="49.1221962">
  <tag k="button_operated" v="no"/>
  <tag k="crossing" v="traffic_signals"/>
  <tag k="highway" v="crossing"/>
  <tag k="kerb" v="flush"/>
  <tag k="tactile_paving" v="yes"/>
  <tag k="traffic_signals:sound" v="no"/>
 </node>
 <node id="9674213696" visible="true" version="5" changeset="183700684" timestamp="2026-06-05T15:03:35Z" user="Airiver" uid="13901111" lat="55.7965052" lon="49.1218723">
  <tag k="button_operated" v="no"/>
  <tag k="crossing" v="traffic_signals"/>
  <tag k="highway" v="crossing"/>
  <tag k="kerb" v="flush"/>
  <tag k="tactile_paving" v="yes"/>
  <tag k="traffic_signals:sound" v="no"/>
 </node>
 <node id="9674213697" visible="true" version="1" changeset="119856922" timestamp="2022-04-18T12:35:28Z" user="Глеб" uid="346125" lat="55.7966073" lon="49.1207753"/>
 <node id="9674213698" visible="true" version="2" changeset="151918337" timestamp="2024-05-27T21:02:54Z" user="Глеб" uid="346125" lat="55.7966437" lon="49.1203629"/>
 <node id="9674213699" visible="true" version="2" changeset="151918337" timestamp="2024-05-27T21:02:54Z" user="Глеб" uid="346125" lat="55.7966934" lon="49.1198727"/>
 <node id="9674213700" visible="true" version="1" changeset="119856922" timestamp="2022-04-18T12:35:28Z" user="Глеб" uid="346125" lat="55.7967905" lon="49.1187842"/>
 <node id="9674213701" visible="true" version="1" changeset="119856922" timestamp="2022-04-18T12:35:28Z" user="Глеб" uid="346125" lat="55.7968861" lon="49.1177253"/>
 <node id="9674213702" visible="true" version="1" changeset="119856922" timestamp="2022-04-18T12:35:28Z" user="Глеб" uid="346125" lat="55.7968792" lon="49.1178022"/>
 <node id="9674216819" visible="true" version="1" changeset="119856922" timestamp="2022-04-18T12:35:28Z" user="Глеб" uid="346125" lat="55.7964379" lon="49.1226344"/>
 <node id="9674216820" visible="true" version="1" changeset="119856922" timestamp="2022-04-18T12:35:28Z" user="Глеб" uid="346125" lat="55.7963594" lon="49.1235303"/>
 <node id="9674216821" visible="true" version="3" changeset="183700684" timestamp="2026-06-05T15:03:35Z" user="Airiver" uid="13901111" lat="55.7963125" lon="49.1240773">
  <tag k="crossing" v="traffic_signals"/>
  <tag k="highway" v="crossing"/>
 </node>
 <node id="9674216824" visible="true" version="1" changeset="119856922" timestamp="2022-04-18T12:35:28Z" user="Глеб" uid="346125" lat="55.7970837" lon="49.1155385"/>
 <node id="9674216825" visible="true" version="2" changeset="168854733" timestamp="2025-07-12T23:08:43Z" user="parukhin" uid="519501" lat="55.7967309" lon="49.1194420"/>
 <node id="9674216826" visible="true" version="2" changeset="144976730" timestamp="2023-12-10T20:31:45Z" user="Глеб" uid="346125" lat="55.7964937" lon="49.1220090"/>
 <node id="9674216827" visible="true" version="2" changeset="144364644" timestamp="2023-11-23T11:21:09Z" user="Глеб" uid="346125" lat="55.7962967" lon="49.1242487"/>
 <node id="9675504356" visible="true" version="6" changeset="168854733" timestamp="2025-07-12T23:08:43Z" user="parukhin" uid="519501" lat="55.7967475" lon="49.1192781">
  <tag k="button_operated" v="no"/>
  <tag k="crossing" v="traffic_signals"/>
  <tag k="highway" v="crossing"/>
  <tag k="tactile_paving" v="yes"/>
  <tag k="traffic_signals:sound" v="no"/>
 </node>
 <node id="9702430776" visible="true" version="2" changeset="125861362" timestamp="2022-09-06T14:12:17Z" user="parukhin" uid="519501" lat="55.7951854" lon="49.1197379">
  <tag k="surface" v="asphalt"/>
  <tag k="traffic_calming" v="table"/>
 </node>
 <node id="9702430777" visible="true" version="2" changeset="183700684" timestamp="2026-06-05T15:03:35Z" user="Airiver" uid="13901111" lat="55.7953722" lon="49.1184302"/>
 <node id="9702430778" visible="true" version="1" changeset="120338336" timestamp="2022-04-29T08:49:41Z" user="Глеб" uid="346125" lat="55.7956603" lon="49.1185547"/>
 <node id="9702430779" visible="true" version="2" changeset="144976730" timestamp="2023-12-10T20:31:45Z" user="Глеб" uid="346125" lat="55.7955144" lon="49.1174673"/>
 <node id="9702430780" visible="true" version="2" changeset="144976730" timestamp="2023-12-10T20:31:45Z" user="Глеб" uid="346125" lat="55.7960560" lon="49.1176799"/>
 <node id="9702572262" visible="true" version="2" changeset="168854733" timestamp="2025-07-12T23:08:43Z" user="parukhin" uid="519501" lat="55.7973497" lon="49.1194859"/>
 <node id="9702572263" visible="true" version="1" changeset="120339969" timestamp="2022-04-29T09:32:14Z" user="Глеб" uid="346125" lat="55.7974248" lon="49.1200383"/>
 <node id="9702572264" visible="true" version="1" changeset="120339969" timestamp="2022-04-29T09:32:14Z" user="Глеб" uid="346125" lat="55.7974411" lon="49.1198553"/>
 <node id="9702572265" visible="true" version="1" changeset="120339969" timestamp="2022-04-29T09:32:14Z" user="Глеб" uid="346125" lat="55.7975141" lon="49.1198757"/>
 <node id="9702572266" visible="true" version="1" changeset="120339969" timestamp="2022-04-29T09:32:14Z" user="Глеб" uid="346125" lat="55.7974979" lon="49.1200588"/>
 <node id="9762043857" visible="true" version="2" changeset="144976730" timestamp="2023-12-10T20:31:45Z" user="Глеб" uid="346125" lat="55.7965973" lon="49.1218497">
  <tag k="entrance" v="yes"/>
 </node>
 <node id="9780151733" visible="true" version="9" changeset="175716811" timestamp="2025-12-09T14:33:28Z" user="Глеб" uid="346125" lat="55.7967226" lon="49.1209376">
  <tag k="addr:floor" v="1"/>
  <tag k="addr:housenumber" v="25"/>
  <tag k="addr:street" v="улица Карла Маркса"/>
  <tag k="brand" v="Ozon"/>
  <tag k="brand:wikidata" v="Q2365235"/>
  <tag k="check_date" v="2025-12-09"/>
  <tag k="contact:phone" v="+7 495 2321000"/>
  <tag k="contact:website" v="https://www.ozon.ru"/>
  <tag k="level" v="0"/>
  <tag k="name" v="Ozon"/>
  <tag k="opening_hours" v="09:00-21:00"/>
  <tag k="operator" v="ИП Анисимов Руслан Эдуардович"/>
  <tag k="shop" v="outpost"/>
  <tag k="wheelchair" v="no"/>
 </node>
 <node id="9784001043" visible="true" version="2" changeset="183700684" timestamp="2026-06-05T15:03:35Z" user="Airiver" uid="13901111" lat="55.7954528" lon="49.1184653"/>
 <node id="9784001044" visible="true" version="2" changeset="183700684" timestamp="2026-06-05T15:03:35Z" user="Airiver" uid="13901111" lat="55.7956440" lon="49.1185468"/>
 <node id="9784001045" visible="true" version="3" changeset="183700684" timestamp="2026-06-05T15:03:35Z" user="Airiver" uid="13901111" lat="55.7954180" lon="49.1184501">
  <tag k="highway" v="crossing"/>
 </node>
 <node id="9784001046" visible="true" version="3" changeset="183700684" timestamp="2026-06-05T15:03:35Z" user="Airiver" uid="13901111" lat="55.7955590" lon="49.1174858">
  <tag k="highway" v="crossing"/>
 </node>
 <node id="9784001047" visible="true" version="2" changeset="144441499" timestamp="2023-11-25T13:44:54Z" user="Глеб" uid="346125" lat="55.7971440" lon="49.1156710"/>
 <node id="9789223307" visible="true" version="1" changeset="121829718" timestamp="2022-06-01T22:30:34Z" user="danilax86" uid="11141071" lat="55.7951077" lon="49.1187760">
  <tag k="amenity" v="bench"/>
  <tag k="backrest" v="yes"/>
 </node>
 <node id="9789223316" visible="true" version="1" changeset="121829718" timestamp="2022-06-01T22:30:34Z" user="danilax86" uid="11141071" lat="55.7949200" lon="49.1205060">
  <tag k="amenity" v="bench"/>
  <tag k="backrest" v="yes"/>
 </node>
 <node id="9789252317" visible="true" version="1" changeset="121829718" timestamp="2022-06-01T22:30:34Z" user="danilax86" uid="11141071" lat="55.7949811" lon="49.1200460">
  <tag k="amenity" v="bench"/>
  <tag k="backrest" v="yes"/>
 </node>
 <node id="9789252318" visible="true" version="1" changeset="121829718" timestamp="2022-06-01T22:30:34Z" user="danilax86" uid="11141071" lat="55.7950444" lon="49.1195954">
  <tag k="amenity" v="bench"/>
  <tag k="backrest" v="yes"/>
 </node>
 <node id="9789252319" visible="true" version="1" changeset="121829718" timestamp="2022-06-01T22:30:34Z" user="danilax86" uid="11141071" lat="55.7951153" lon="49.1187130">
  <tag k="amenity" v="bench"/>
  <tag k="backrest" v="yes"/>
 </node>
 <node id="9789252320" visible="true" version="1" changeset="121829718" timestamp="2022-06-01T22:30:34Z" user="danilax86" uid="11141071" lat="55.7951318" lon="49.1189732">
  <tag k="amenity" v="bench"/>
  <tag k="backrest" v="yes"/>
 </node>
 <node id="9789252321" visible="true" version="1" changeset="121829718" timestamp="2022-06-01T22:30:34Z" user="danilax86" uid="11141071" lat="55.7952087" lon="49.1184273">
  <tag k="amenity" v="bench"/>
  <tag k="backrest" v="yes"/>
 </node>
 <node id="9789252322" visible="true" version="1" changeset="121829718" timestamp="2022-06-01T22:30:34Z" user="danilax86" uid="11141071" lat="55.7953090" lon="49.1177045">
  <tag k="amenity" v="bench"/>
  <tag k="backrest" v="yes"/>
 </node>
 <node id="9980208089" visible="true" version="1" changeset="125415896" timestamp="2022-08-26T16:54:28Z" user="parukhin" uid="519501" lat="55.7964967" lon="49.1214096">
  <tag k="traffic_calming" v="rumble_strip"/>
 </node>
 <node id="9980208097" visible="true" version="2" changeset="157435392" timestamp="2024-10-03T20:11:11Z" user="Глеб" uid="346125" lat="55.7964608" lon="49.1196114">
  <tag k="access" v="private"/>
  <tag k="addr:flats" v="1-20"/>
  <tag k="entrance" v="staircase"/>
  <tag k="ref" v="1"/>
  <tag k="wheelchair" v="no"/>
 </node>
 <node id="9980208098" visible="true" version="2" changeset="168683073" timestamp="2025-07-09T08:31:40Z" user="parukhin" uid="519501" lat="55.7965723" lon="49.1190419">
  <tag k="check_date" v="2025-07-08"/>
  <tag k="government" v="ministry"/>
  <tag k="name" v="Министерство внутренних дел по республике Татарстан"/>
  <tag k="office" v="government"/>
  <tag k="opening_hours" v="Mo,Th 09:00-14:00; Tu,Fr 12:00-18:00; Sa 09:00-12:00"/>
 </node>
 <node id="9980208108" visible="true" version="2" changeset="157435392" timestamp="2024-10-03T20:11:11Z" user="Глеб" uid="346125" lat="55.7964343" lon="49.1198847">
  <tag k="access" v="private"/>
  <tag k="addr:flats" v="21-49"/>
  <tag k="entrance" v="staircase"/>
  <tag k="ref" v="2"/>
  <tag k="wheelchair" v="no"/>
 </node>
 <node id="9980215918" visible="true" version="1" changeset="125415896" timestamp="2022-08-26T16:54:28Z" user="parukhin" uid="519501" lat="55.7963049" lon="49.1196083">
  <tag k="access" v="private"/>
  <tag k="entrance" v="staircase"/>
  <tag k="wheelchair" v="no"/>
 </node>
 <node id="9980215922" visible="true" version="1" changeset="125415896" timestamp="2022-08-26T16:54:28Z" user="parukhin" uid="519501" lat="55.7964262" lon="49.1227684">
  <tag k="traffic_calming" v="rumble_strip"/>
 </node>
 <node id="9980215923" visible="true" version="1" changeset="125415896" timestamp="2022-08-26T16:54:28Z" user="parukhin" uid="519501" lat="55.7960574" lon="49.1221568">
  <tag k="addr:floor" v="1"/>
  <tag k="check_date" v="2022-08-26"/>
  <tag k="level" v="0"/>
  <tag k="name" v="Euphoria"/>
  <tag k="shop" v="florist"/>
 </node>
 <node id="9980215926" visible="true" version="3" changeset="157435392" timestamp="2024-10-03T20:11:11Z" user="Глеб" uid="346125" lat="55.7962508" lon="49.1199385">
  <tag k="amenity" v="bench"/>
  <tag k="backrest" v="yes"/>
  <tag k="material" v="wood"/>
 </node>
 <node id="9980215927" visible="true" version="2" changeset="157435392" timestamp="2024-10-03T20:11:11Z" user="Глеб" uid="346125" lat="55.7962275" lon="49.1198596">
  <tag k="amenity" v="waste_disposal"/>
  <tag k="waste" v="trash"/>
 </node>
 <node id="9980215928" visible="true" version="2" changeset="136882018" timestamp="2023-06-02T19:42:24Z" user="Глеб" uid="346125" lat="55.7961661" lon="49.1197938"/>
 <node id="9980215929" visible="true" version="1" changeset="125415896" timestamp="2022-08-26T16:54:28Z" user="parukhin" uid="519501" lat="55.7961243" lon="49.1195496">
  <tag k="access" v="private"/>
  <tag k="entrance" v="staircase"/>
  <tag k="wheelchair" v="no"/>
 </node>
 <node id="9980341601" visible="true" version="1" changeset="125420112" timestamp="2022-08-26T19:09:43Z" user="parukhin" uid="519501" lat="55.7960671" lon="49.1225473"/>
 <node id="9980341610" visible="true" version="1" changeset="125420112" timestamp="2022-08-26T19:09:43Z" user="parukhin" uid="519501" lat="55.7961305" lon="49.1221173">
  <tag k="access" v="private"/>
  <tag k="barrier" v="gate"/>
 </node>
 <node id="9980341611" visible="true" version="1" changeset="125420112" timestamp="2022-08-26T19:09:43Z" user="parukhin" uid="519501" lat="55.7961190" lon="49.1222838"/>
 <node id="9980341612" visible="true" version="1" changeset="125420112" timestamp="2022-08-26T19:09:43Z" user="parukhin" uid="519501" lat="55.7961418" lon="49.1219532"/>
 <node id="9980341613" visible="true" version="1" changeset="125420112" timestamp="2022-08-26T19:09:43Z" user="parukhin" uid="519501" lat="55.7961029" lon="49.1225190"/>
 <node id="9980341614" visible="true" version="2" changeset="157435392" timestamp="2024-10-03T20:11:11Z" user="Глеб" uid="346125" lat="55.7962713" lon="49.1197720">
  <tag k="amenity" v="bench"/>
  <tag k="backrest" v="yes"/>
  <tag k="material" v="wood"/>
 </node>
 <node id="9980341615" visible="true" version="2" changeset="157435392" timestamp="2024-10-03T20:11:11Z" user="Глеб" uid="346125" lat="55.7962855" lon="49.1198824"/>
 <node id="9980341616" visible="true" version="2" changeset="157435392" timestamp="2024-10-03T20:11:11Z" user="Глеб" uid="346125" lat="55.7962808" lon="49.1199829"/>
 <node id="9980420217" visible="true" version="2" changeset="157435392" timestamp="2024-10-03T20:11:11Z" user="Глеб" uid="346125" lat="55.7963067" lon="49.1196881"/>
 <node id="9980420218" visible="true" version="2" changeset="157435392" timestamp="2024-10-03T20:11:11Z" user="Глеб" uid="346125" lat="55.7962559" lon="49.1198757"/>
 <node id="9980420219" visible="true" version="1" changeset="125420112" timestamp="2022-08-26T19:09:43Z" user="parukhin" uid="519501" lat="55.7963731" lon="49.1199082"/>
 <node id="9982083906" visible="true" version="2" changeset="144441499" timestamp="2023-11-25T13:44:54Z" user="Глеб" uid="346125" lat="55.7969862" lon="49.1178355">
  <tag k="barrier" v="gate"/>
  <tag k="locked" v="yes"/>
  <tag k="material" v="metal"/>
 </node>
 <node id="9982088226" visible="true" version="2" changeset="144441499" timestamp="2023-11-25T13:44:54Z" user="Глеб" uid="346125" lat="55.7969821" lon="49.1177353">
  <tag k="barrier" v="gate"/>
  <tag k="locked" v="yes"/>
  <tag k="material" v="metal"/>
 </node>
 <node id="9982088229" visible="true" version="3" changeset="168683073" timestamp="2025-07-09T08:31:40Z" user="parukhin" uid="519501" lat="55.7968026" lon="49.1207100">
  <tag k="addr:floor" v="0"/>
  <tag k="check_date" v="2025-07-08"/>
  <tag k="contact:phone" v="+7 843 2387212"/>
  <tag k="level" v="-1"/>
  <tag k="name" v="Безопасность"/>
  <tag k="opening_hours" v="Mo-Fr 10:00-19:00; Sa 10:00-16:00"/>
  <tag k="operator" v="ИП Хайбуллин Радик Ринатович"/>
  <tag k="shop" v="outdoor"/>
  <tag k="wheelchair" v="no"/>
 </node>
 <node id="9982088231" visible="true" version="6" changeset="168683073" timestamp="2025-07-09T08:31:40Z" user="parukhin" uid="519501" lat="55.7967108" lon="49.1210449">
  <tag k="addr:floor" v="1"/>
  <tag k="addr:housenumber" v="25"/>
  <tag k="addr:street" v="улица Карла Маркса"/>
  <tag k="check_date" v="2025-07-08"/>
  <tag k="contact:phone" v="+7 992 0722687;+7 999 1560652"/>
  <tag k="contact:website" v="https://sobusagavgona.ru/"/>
  <tag k="level" v="0"/>
  <tag k="name" v="Собуза Гавгона"/>
  <tag k="opening_hours" v="Mo-Su 10:00-20:00"/>
  <tag k="operator" v="ИП Зарипов Р. М"/>
  <tag k="shop" v="pet_grooming"/>
  <tag k="wheelchair" v="no"/>
 </node>
 <node id="9982088233" visible="true" version="6" changeset="168683073" timestamp="2025-07-09T08:31:40Z" user="parukhin" uid="519501" lat="55.7966866" lon="49.1213575">
  <tag k="addr:floor" v="1"/>
  <tag k="amenity" v="pharmacy"/>
  <tag k="brand" v="Фармленд"/>
  <tag k="check_date" v="2025-07-08"/>
  <tag k="contact:email" v="info@farmlend.ru"/>
  <tag k="contact:phone" v="+7 347 2600393;+7 800 5500393"/>
  <tag k="contact:website" v="https://farmlend.ru"/>
  <tag k="healthcare" v="pharmacy"/>
  <tag k="level" v="0"/>
  <tag k="name" v="Фармленд"/>
  <tag k="name:ru" v="Фармленд"/>
  <tag k="opening_hours" v="08:00-21:00"/>
  <tag k="operator" v="ООО &quot;Аптеки 36,6&quot;"/>
  <tag k="wheelchair" v="no"/>
 </node>
 <node id="9982088234" visible="true" version="2" changeset="144976730" timestamp="2023-12-10T20:31:45Z" user="Глеб" uid="346125" lat="55.7967522" lon="49.1218398">
  <tag k="amenity" v="theatre"/>
  <tag k="check_date" v="2022-08-27"/>
  <tag k="name" v="Сдвиг"/>
  <tag k="name:en" v="Sdvig"/>
  <tag k="name:ru" v="Сдвиг"/>
  <tag k="opening_hours" v="10:00-22:00"/>
  <tag k="operator" v="АНО &quot;Казанский камерный театр &quot;Сдвиг&quot;"/>
  <tag k="wheelchair" v="no"/>
 </node>
 <node id="9982088236" visible="true" version="1" changeset="125454424" timestamp="2022-08-27T19:20:42Z" user="parukhin" uid="519501" lat="55.7964466" lon="49.1225369">
  <tag k="traffic_calming" v="rumble_strip"/>
 </node>
 <node id="9982940717" visible="true" version="1" changeset="125466137" timestamp="2022-08-28T07:46:47Z" user="daddits" uid="415131" lat="55.7960203" lon="49.1221539">
  <tag k="amenity" v="cafe"/>
  <tag k="name" v="Смородина"/>
  <tag k="name:en" v="Smorodina"/>
 </node>
 <node id="9983340346" visible="true" version="1" changeset="125476236" timestamp="2022-08-28T12:45:12Z" user="parukhin" uid="519501" lat="55.7961354" lon="49.1220466"/>
 <node id="9995778311" visible="true" version="1" changeset="125713742" timestamp="2022-09-02T19:56:21Z" user="parukhin" uid="519501" lat="55.7948288" lon="49.1186620">
  <tag k="amenity" v="bench"/>
  <tag k="backrest" v="no"/>
  <tag k="material" v="wood"/>
 </node>
 <node id="9995778313" visible="true" version="1" changeset="125713742" timestamp="2022-09-02T19:56:21Z" user="parukhin" uid="519501" lat="55.7948303" lon="49.1185239">
  <tag k="amenity" v="bench"/>
  <tag k="backrest" v="no"/>
  <tag k="material" v="wood"/>
 </node>
 <node id="9995778314" visible="true" version="1" changeset="125713742" timestamp="2022-09-02T19:56:21Z" user="parukhin" uid="519501" lat="55.7958938" lon="49.1142993"/>
 <node id="9995778315" visible="true" version="1" changeset="125713742" timestamp="2022-09-02T19:56:21Z" user="parukhin" uid="519501" lat="55.7955827" lon="49.1165253"/>
 <node id="9995778316" visible="true" version="2" changeset="140388737" timestamp="2023-08-25T20:57:21Z" user="dpolovinkin" uid="6710042" lat="55.7954702" lon="49.1164719"/>
 <node id="9995785818" visible="true" version="1" changeset="125713742" timestamp="2022-09-02T19:56:21Z" user="parukhin" uid="519501" lat="55.7955463" lon="49.1165081">
  <tag k="barrier" v="entrance"/>
 </node>
 <node id="9995785833" visible="true" version="1" changeset="125713742" timestamp="2022-09-02T19:56:21Z" user="parukhin" uid="519501" lat="55.7945261" lon="49.1179569"/>
 <node id="9995785834" visible="true" version="1" changeset="125713742" timestamp="2022-09-02T19:56:21Z" user="parukhin" uid="519501" lat="55.7946848" lon="49.1178641"/>
 <node id="9995785835" visible="true" version="1" changeset="125713742" timestamp="2022-09-02T19:56:21Z" user="parukhin" uid="519501" lat="55.7948125" lon="49.1186415"/>
 <node id="9995785836" visible="true" version="1" changeset="125713742" timestamp="2022-09-02T19:56:21Z" user="parukhin" uid="519501" lat="55.7948195" lon="49.1186155"/>
 <node id="9995785837" visible="true" version="1" changeset="125713742" timestamp="2022-09-02T19:56:21Z" user="parukhin" uid="519501" lat="55.7948206" lon="49.1185855"/>
 <node id="9995785838" visible="true" version="1" changeset="125713742" timestamp="2022-09-02T19:56:21Z" user="parukhin" uid="519501" lat="55.7948153" lon="49.1185581"/>
 <node id="9995785839" visible="true" version="1" changeset="125713742" timestamp="2022-09-02T19:56:21Z" user="parukhin" uid="519501" lat="55.7948042" lon="49.1185358"/>
 <node id="9995785840" visible="true" version="1" changeset="125713742" timestamp="2022-09-02T19:56:21Z" user="parukhin" uid="519501" lat="55.7947895" lon="49.1185225"/>
 <node id="9995785841" visible="true" version="1" changeset="125713742" timestamp="2022-09-02T19:56:21Z" user="parukhin" uid="519501" lat="55.7947730" lon="49.1185210"/>
 <node id="9995785842" visible="true" version="1" changeset="125713742" timestamp="2022-09-02T19:56:21Z" user="parukhin" uid="519501" lat="55.7947572" lon="49.1185305"/>
 <node id="9995785843" visible="true" version="1" changeset="125713742" timestamp="2022-09-02T19:56:21Z" user="parukhin" uid="519501" lat="55.7947448" lon="49.1185497"/>
 <node id="9995785844" visible="true" version="1" changeset="125713742" timestamp="2022-09-02T19:56:21Z" user="parukhin" uid="519501" lat="55.7947374" lon="49.1185765"/>
 <node id="9995785845" visible="true" version="1" changeset="125713742" timestamp="2022-09-02T19:56:21Z" user="parukhin" uid="519501" lat="55.7947362" lon="49.1186058"/>
 <node id="9995785846" visible="true" version="1" changeset="125713742" timestamp="2022-09-02T19:56:21Z" user="parukhin" uid="519501" lat="55.7947416" lon="49.1186339"/>
 <node id="9995785847" visible="true" version="1" changeset="125713742" timestamp="2022-09-02T19:56:21Z" user="parukhin" uid="519501" lat="55.7947526" lon="49.1186563"/>
 <node id="9995785848" visible="true" version="1" changeset="125713742" timestamp="2022-09-02T19:56:21Z" user="parukhin" uid="519501" lat="55.7947673" lon="49.1186701"/>
 <node id="9995785849" visible="true" version="1" changeset="125713742" timestamp="2022-09-02T19:56:21Z" user="parukhin" uid="519501" lat="55.7947843" lon="49.1186711"/>
 <node id="9995785850" visible="true" version="1" changeset="125713742" timestamp="2022-09-02T19:56:21Z" user="parukhin" uid="519501" lat="55.7947998" lon="49.1186616"/>
 <node id="10004381328" visible="true" version="5" changeset="168576513" timestamp="2025-07-06T19:50:03Z" user="parukhin" uid="519501" lat="55.7955796" lon="49.1176822">
  <tag k="check_date" v="2025-07-06"/>
  <tag k="description" v="Гарнизона, 3 разряда"/>
  <tag k="military" v="office"/>
  <tag k="name" v="Военная комендантура"/>
  <tag k="opening_hours" v="Mo-Fr 09:00-13:00,15:00-18:00"/>
  <tag k="wheelchair" v="no"/>
 </node>
 <node id="10004381329" visible="true" version="2" changeset="168576513" timestamp="2025-07-06T19:50:03Z" user="parukhin" uid="519501" lat="55.7955001" lon="49.1183236">
  <tag k="amenity" v="courthouse"/>
  <tag k="check_date" v="2025-07-06"/>
  <tag k="name" v="Казанский гарнизонный военный суд"/>
  <tag k="wheelchair" v="no"/>
 </node>
 <node id="10004410368" visible="true" version="1" changeset="125862205" timestamp="2022-09-06T14:34:54Z" user="parukhin" uid="519501" lat="55.7959553" lon="49.1200347"/>
 <node id="10004410369" visible="true" version="2" changeset="144343649" timestamp="2023-11-22T21:18:43Z" user="Глеб" uid="346125" lat="55.7957898" lon="49.1150243"/>
 <node id="10038699093" visible="true" version="3" changeset="183700684" timestamp="2026-06-05T15:03:35Z" user="Airiver" uid="13901111" lat="55.7952086" lon="49.1171166"/>
 <node id="10038699094" visible="true" version="3" changeset="183700684" timestamp="2026-06-05T15:03:35Z" user="Airiver" uid="13901111" lat="55.7951204" lon="49.1176694"/>
 <node id="10038699095" visible="true" version="3" changeset="183700684" timestamp="2026-06-05T15:03:35Z" user="Airiver" uid="13901111" lat="55.7947035" lon="49.1174589"/>
 <node id="10038699096" visible="true" version="3" changeset="183700684" timestamp="2026-06-05T15:03:35Z" user="Airiver" uid="13901111" lat="55.7947917" lon="49.1169061"/>
 <node id="10087620626" visible="true" version="2" changeset="140388737" timestamp="2023-08-25T20:57:21Z" user="dpolovinkin" uid="6710042" lat="55.7944629" lon="49.1203924"/>
 <node id="10087620627" visible="true" version="2" changeset="140388737" timestamp="2023-08-25T20:57:21Z" user="dpolovinkin" uid="6710042" lat="55.7953777" lon="49.1171274"/>
 <node id="10087620628" visible="true" version="1" changeset="127263655" timestamp="2022-10-09T18:59:50Z" user="Альберт Балтачев" uid="5449135" lat="55.7947275" lon="49.1168180"/>
 <node id="10947370121" visible="true" version="1" changeset="136881879" timestamp="2023-06-02T19:37:21Z" user="user_19466096" uid="19466096" lat="55.7946030" lon="49.1186039"/>
 <node id="10947370122" visible="true" version="1" changeset="136881879" timestamp="2023-06-02T19:37:21Z" user="user_19466096" uid="19466096" lat="55.7947656" lon="49.1182828"/>
 <node id="10947370123" visible="true" version="1" changeset="136881879" timestamp="2023-06-02T19:37:21Z" user="user_19466096" uid="19466096" lat="55.7949464" lon="49.1185714"/>
 <node id="10947370124" visible="true" version="1" changeset="136881879" timestamp="2023-06-02T19:37:21Z" user="user_19466096" uid="19466096" lat="55.7947838" lon="49.1188937"/>
 <node id="10947370817" visible="true" version="1" changeset="136882018" timestamp="2023-06-02T19:42:24Z" user="Глеб" uid="346125" lat="55.7978982" lon="49.1177186"/>
 <node id="10947370818" visible="true" version="1" changeset="136882018" timestamp="2023-06-02T19:42:24Z" user="Глеб" uid="346125" lat="55.7977344" lon="49.1196447"/>
 <node id="10947370819" visible="true" version="1" changeset="136882018" timestamp="2023-06-02T19:42:24Z" user="Глеб" uid="346125" lat="55.7974123" lon="49.1195646"/>
 <node id="10947370820" visible="true" version="1" changeset="136882018" timestamp="2023-06-02T19:42:24Z" user="Глеб" uid="346125" lat="55.7967844" lon="49.1194198"/>
 <node id="10947370821" visible="true" version="1" changeset="136882018" timestamp="2023-06-02T19:42:24Z" user="Глеб" uid="346125" lat="55.7969291" lon="49.1177890"/>
 <node id="10947370822" visible="true" version="1" changeset="136882018" timestamp="2023-06-02T19:42:24Z" user="Глеб" uid="346125" lat="55.7973573" lon="49.1179016"/>
 <node id="10947370823" visible="true" version="1" changeset="136882018" timestamp="2023-06-02T19:42:24Z" user="Глеб" uid="346125" lat="55.7973829" lon="49.1176777"/>
 <node id="10947370824" visible="true" version="1" changeset="136882018" timestamp="2023-06-02T19:42:24Z" user="Глеб" uid="346125" lat="55.7978707" lon="49.1177005"/>
 <node id="10947370825" visible="true" version="1" changeset="136882018" timestamp="2023-06-02T19:42:24Z" user="Глеб" uid="346125" lat="55.7977357" lon="49.1199012"/>
 <node id="10947370826" visible="true" version="1" changeset="136882018" timestamp="2023-06-02T19:42:24Z" user="Глеб" uid="346125" lat="55.7977380" lon="49.1199924"/>
 <node id="10947370827" visible="true" version="1" changeset="136882018" timestamp="2023-06-02T19:42:24Z" user="Глеб" uid="346125" lat="55.7975835" lon="49.1221154"/>
 <node id="10947370828" visible="true" version="1" changeset="136882018" timestamp="2023-06-02T19:42:24Z" user="Глеб" uid="346125" lat="55.7975571" lon="49.1221932"/>
 <node id="10947370829" visible="true" version="2" changeset="151918337" timestamp="2024-05-27T21:02:54Z" user="Глеб" uid="346125" lat="55.7965664" lon="49.1218242"/>
 <node id="10947370830" visible="true" version="2" changeset="151918337" timestamp="2024-05-27T21:02:54Z" user="Глеб" uid="346125" lat="55.7967869" lon="49.1195578"/>
 <node id="10947370838" visible="true" version="2" changeset="168854733" timestamp="2025-07-12T23:08:43Z" user="parukhin" uid="519501" lat="55.7968468" lon="49.1194882">
  <tag k="barrier" v="block"/>
  <tag k="motor_vehicle" v="no"/>
  <tag k="vehicle" v="no"/>
 </node>
 <node id="10964808352" visible="true" version="2" changeset="138432788" timestamp="2023-07-12T17:40:13Z" user="Глеб" uid="346125" lat="55.7938036" lon="49.1214209"/>
 <node id="11168309499" visible="true" version="1" changeset="140825038" timestamp="2023-09-04T22:20:10Z" user="Глеб" uid="346125" lat="55.7974262" lon="49.1176959"/>
 <node id="11168309500" visible="true" version="1" changeset="140825038" timestamp="2023-09-04T22:20:10Z" user="Глеб" uid="346125" lat="55.7975860" lon="49.1177281"/>
 <node id="11168309501" visible="true" version="1" changeset="140825038" timestamp="2023-09-04T22:20:10Z" user="Глеб" uid="346125" lat="55.7975729" lon="49.1179338"/>
 <node id="11168309502" visible="true" version="1" changeset="140825038" timestamp="2023-09-04T22:20:10Z" user="Глеб" uid="346125" lat="55.7974131" lon="49.1179016"/>
 <node id="11210634182" visible="true" version="2" changeset="168576513" timestamp="2025-07-06T19:50:03Z" user="parukhin" uid="519501" lat="55.7955220" lon="49.1181975">
  <tag k="check_date" v="2025-07-06"/>
  <tag k="government" v="prosecutor"/>
  <tag k="name" v="Военная прокуратура казанского гарнизона"/>
  <tag k="office" v="government"/>
 </node>
 <node id="11369545357" visible="true" version="1" changeset="144343649" timestamp="2023-11-22T21:18:43Z" user="Глеб" uid="346125" lat="55.7954783" lon="49.1213755"/>
 <node id="11394244955" visible="true" version="1" changeset="144759217" timestamp="2023-12-04T15:10:33Z" user="trolleway" uid="397326" lat="55.7965265" lon="49.1221424"/>
 <node id="11394244956" visible="true" version="1" changeset="144759217" timestamp="2023-12-04T15:10:33Z" user="trolleway" uid="397326" lat="55.7963462" lon="49.1241470"/>
 <node id="11394244957" visible="true" version="1" changeset="144759217" timestamp="2023-12-04T15:10:33Z" user="trolleway" uid="397326" lat="55.7973875" lon="49.1244433"/>
 <node id="11394244958" visible="true" version="1" changeset="144759217" timestamp="2023-12-04T15:10:33Z" user="trolleway" uid="397326" lat="55.7975678" lon="49.1224387"/>
 <node id="11394244959" visible="true" version="1" changeset="144759217" timestamp="2023-12-04T15:10:33Z" user="trolleway" uid="397326" lat="55.7977410" lon="49.1196102"/>
 <node id="11394244960" visible="true" version="1" changeset="144759217" timestamp="2023-12-04T15:10:33Z" user="trolleway" uid="397326" lat="55.7968002" lon="49.1193527"/>
 <node id="11394244961" visible="true" version="1" changeset="144759217" timestamp="2023-12-04T15:10:33Z" user="trolleway" uid="397326" lat="55.7971621" lon="49.1156512"/>
 <node id="11394244962" visible="true" version="1" changeset="144759217" timestamp="2023-12-04T15:10:33Z" user="trolleway" uid="397326" lat="55.7980305" lon="49.1158551"/>
 <node id="11394257785" visible="true" version="1" changeset="144759217" timestamp="2023-12-04T15:10:33Z" user="trolleway" uid="397326" lat="55.7961911" lon="49.1240251"/>
 <node id="11394257786" visible="true" version="1" changeset="144759217" timestamp="2023-12-04T15:10:33Z" user="trolleway" uid="397326" lat="55.7947285" lon="49.1236550"/>
 <node id="11394257787" visible="true" version="1" changeset="144759217" timestamp="2023-12-04T15:10:33Z" user="trolleway" uid="397326" lat="55.7949637" lon="49.1217774"/>
 <node id="11394257788" visible="true" version="2" changeset="183700684" timestamp="2026-06-05T15:03:35Z" user="Airiver" uid="13901111" lat="55.7963553" lon="49.1221340"/>
 <node id="11394257810" visible="true" version="2" changeset="183700684" timestamp="2026-06-05T15:03:35Z" user="Airiver" uid="13901111" lat="55.7954106" lon="49.1187404"/>
 <node id="11394257811" visible="true" version="2" changeset="183700684" timestamp="2026-06-05T15:03:35Z" user="Airiver" uid="13901111" lat="55.7958812" lon="49.1153718"/>
 <node id="11394257812" visible="true" version="1" changeset="144759217" timestamp="2023-12-04T15:10:33Z" user="trolleway" uid="397326" lat="55.7969811" lon="49.1156191"/>
 <node id="11394257813" visible="true" version="1" changeset="144759217" timestamp="2023-12-04T15:10:33Z" user="trolleway" uid="397326" lat="55.7966132" lon="49.1192615"/>
 <node id="11394257814" visible="true" version="1" changeset="144759217" timestamp="2023-12-04T15:10:33Z" user="trolleway" uid="397326" lat="55.7966042" lon="49.1194600"/>
 <node id="11394257815" visible="true" version="1" changeset="144759217" timestamp="2023-12-04T15:10:33Z" user="trolleway" uid="397326" lat="55.7953829" lon="49.1190255"/>
 <node id="11394257816" visible="true" version="2" changeset="183700684" timestamp="2026-06-05T15:03:35Z" user="Airiver" uid="13901111" lat="55.7950394" lon="49.1215006"/>
 <node id="11394257817" visible="true" version="1" changeset="144759217" timestamp="2023-12-04T15:10:33Z" user="trolleway" uid="397326" lat="55.7963871" lon="49.1218793"/>
 <node id="11408262473" visible="true" version="1" changeset="144976730" timestamp="2023-12-10T20:31:45Z" user="Глеб" uid="346125" lat="55.7961041" lon="49.1172996"/>
 <node id="11408262474" visible="true" version="1" changeset="144976730" timestamp="2023-12-10T20:31:45Z" user="Глеб" uid="346125" lat="55.7958382" lon="49.1171748"/>
 <node id="11408262475" visible="true" version="1" changeset="144976730" timestamp="2023-12-10T20:31:45Z" user="Глеб" uid="346125" lat="55.7959067" lon="49.1167296"/>
 <node id="11938257971" visible="true" version="2" changeset="183700684" timestamp="2026-06-05T15:03:35Z" user="Airiver" uid="13901111" lat="55.7956977" lon="49.1165380">
  <tag k="crossing" v="unmarked"/>
  <tag k="crossing:markings" v="no"/>
  <tag k="highway" v="crossing"/>
 </node>
 <node id="11938257972" visible="true" version="1" changeset="151918337" timestamp="2024-05-27T21:02:54Z" user="Глеб" uid="346125" lat="55.7955009" lon="49.1211138"/>
 <node id="11938257973" visible="true" version="1" changeset="151918337" timestamp="2024-05-27T21:02:54Z" user="Глеб" uid="346125" lat="55.7955007" lon="49.1211328"/>
 <node id="11938257974" visible="true" version="1" changeset="151918337" timestamp="2024-05-27T21:02:54Z" user="Глеб" uid="346125" lat="55.7955037" lon="49.1211510"/>
 <node id="11938257975" visible="true" version="1" changeset="151918337" timestamp="2024-05-27T21:02:54Z" user="Глеб" uid="346125" lat="55.7955096" lon="49.1211668"/>
 <node id="11938257976" visible="true" version="1" changeset="151918337" timestamp="2024-05-27T21:02:54Z" user="Глеб" uid="346125" lat="55.7955180" lon="49.1211786"/>
 <node id="11938257977" visible="true" version="1" changeset="151918337" timestamp="2024-05-27T21:02:54Z" user="Глеб" uid="346125" lat="55.7955280" lon="49.1211854"/>
 <node id="11938257978" visible="true" version="1" changeset="151918337" timestamp="2024-05-27T21:02:54Z" user="Глеб" uid="346125" lat="55.7955671" lon="49.1211505"/>
 <node id="11938257979" visible="true" version="1" changeset="151918337" timestamp="2024-05-27T21:02:54Z" user="Глеб" uid="346125" lat="55.7955701" lon="49.1211296"/>
 <node id="11938257980" visible="true" version="1" changeset="151918337" timestamp="2024-05-27T21:02:54Z" user="Глеб" uid="346125" lat="55.7955690" lon="49.1211082"/>
 <node id="11938257981" visible="true" version="1" changeset="151918337" timestamp="2024-05-27T21:02:54Z" user="Глеб" uid="346125" lat="55.7955639" lon="49.1210887"/>
 <node id="11938257982" visible="true" version="1" changeset="151918337" timestamp="2024-05-27T21:02:54Z" user="Глеб" uid="346125" lat="55.7955553" lon="49.1210736"/>
 <node id="11938257983" visible="true" version="1" changeset="151918337" timestamp="2024-05-27T21:02:54Z" user="Глеб" uid="346125" lat="55.7955443" lon="49.1210645"/>
 <node id="11938257984" visible="true" version="1" changeset="151918337" timestamp="2024-05-27T21:02:54Z" user="Глеб" uid="346125" lat="55.7955323" lon="49.1210626"/>
 <node id="11938257985" visible="true" version="1" changeset="151918337" timestamp="2024-05-27T21:02:54Z" user="Глеб" uid="346125" lat="55.7955206" lon="49.1210682"/>
 <node id="11938257986" visible="true" version="1" changeset="151918337" timestamp="2024-05-27T21:02:54Z" user="Глеб" uid="346125" lat="55.7953865" lon="49.1211289"/>
 <node id="11938257987" visible="true" version="1" changeset="151918337" timestamp="2024-05-27T21:02:54Z" user="Глеб" uid="346125" lat="55.7953949" lon="49.1211405"/>
 <node id="11938257988" visible="true" version="1" changeset="151918337" timestamp="2024-05-27T21:02:54Z" user="Глеб" uid="346125" lat="55.7954050" lon="49.1211465"/>
 <node id="11938257989" visible="true" version="1" changeset="151918337" timestamp="2024-05-27T21:02:54Z" user="Глеб" uid="346125" lat="55.7954156" lon="49.1211464"/>
 <node id="11938257990" visible="true" version="1" changeset="151918337" timestamp="2024-05-27T21:02:54Z" user="Глеб" uid="346125" lat="55.7954256" lon="49.1211401"/>
 <node id="11938257991" visible="true" version="1" changeset="151918337" timestamp="2024-05-27T21:02:54Z" user="Глеб" uid="346125" lat="55.7954338" lon="49.1211282"/>
 <node id="11938257992" visible="true" version="1" changeset="151918337" timestamp="2024-05-27T21:02:54Z" user="Глеб" uid="346125" lat="55.7954295" lon="49.1210457"/>
 <node id="11938257993" visible="true" version="1" changeset="151918337" timestamp="2024-05-27T21:02:54Z" user="Глеб" uid="346125" lat="55.7954204" lon="49.1210370"/>
 <node id="11938257994" visible="true" version="1" changeset="151918337" timestamp="2024-05-27T21:02:54Z" user="Глеб" uid="346125" lat="55.7954101" lon="49.1210339"/>
 <node id="11938257995" visible="true" version="1" changeset="151918337" timestamp="2024-05-27T21:02:54Z" user="Глеб" uid="346125" lat="55.7953999" lon="49.1210368"/>
 <node id="11938257996" visible="true" version="1" changeset="151918337" timestamp="2024-05-27T21:02:54Z" user="Глеб" uid="346125" lat="55.7953908" lon="49.1210454"/>
 <node id="12219375406" visible="true" version="1" changeset="157435392" timestamp="2024-10-03T20:11:11Z" user="Глеб" uid="346125" lat="55.7957322" lon="49.1185715"/>
 <node id="12219375407" visible="true" version="1" changeset="157435392" timestamp="2024-10-03T20:11:11Z" user="Глеб" uid="346125" lat="55.7958379" lon="49.1186300"/>
 <node id="12219375408" visible="true" version="2" changeset="183700684" timestamp="2026-06-05T15:03:35Z" user="Airiver" uid="13901111" lat="55.7957852" lon="49.1190452"/>
 <node id="12219375409" visible="true" version="1" changeset="157435392" timestamp="2024-10-03T20:11:11Z" user="Глеб" uid="346125" lat="55.7959678" lon="49.1184709"/>
 <node id="12219375410" visible="true" version="1" changeset="157435392" timestamp="2024-10-03T20:11:11Z" user="Глеб" uid="346125" lat="55.7959250" lon="49.1187292"/>
 <node id="12219375411" visible="true" version="1" changeset="157435392" timestamp="2024-10-03T20:11:11Z" user="Глеб" uid="346125" lat="55.7960409" lon="49.1187903"/>
 <node id="12219375412" visible="true" version="1" changeset="157435392" timestamp="2024-10-03T20:11:11Z" user="Глеб" uid="346125" lat="55.7961856" lon="49.1185833"/>
 <node id="12219375413" visible="true" version="1" changeset="157435392" timestamp="2024-10-03T20:11:11Z" user="Глеб" uid="346125" lat="55.7961771" lon="49.1186965"/>
 <node id="12219375414" visible="true" version="1" changeset="157435392" timestamp="2024-10-03T20:11:11Z" user="Глеб" uid="346125" lat="55.7960737" lon="49.1186381"/>
 <node id="12219375415" visible="true" version="2" changeset="183700684" timestamp="2026-06-05T15:03:35Z" user="Airiver" uid="13901111" lat="55.7959935" lon="49.1191329"/>
 <node id="12219375416" visible="true" version="1" changeset="157435392" timestamp="2024-10-03T20:11:11Z" user="Глеб" uid="346125" lat="55.7958010" lon="49.1189202">
  <tag k="highway" v="crossing"/>
 </node>
 <node id="12219375417" visible="true" version="1" changeset="157435392" timestamp="2024-10-03T20:11:11Z" user="Глеб" uid="346125" lat="55.7960091" lon="49.1190080">
  <tag k="highway" v="crossing"/>
 </node>
 <node id="12219375418" visible="true" version="1" changeset="157435392" timestamp="2024-10-03T20:11:11Z" user="Глеб" uid="346125" lat="55.7959950" lon="49.1196298"/>
 <node id="12219375419" visible="true" version="1" changeset="157435392" timestamp="2024-10-03T20:11:11Z" user="Глеб" uid="346125" lat="55.7959672" lon="49.1197908"/>
 <node id="12219375420" visible="true" version="1" changeset="157435392" timestamp="2024-10-03T20:11:11Z" user="Глеб" uid="346125" lat="55.7961344" lon="49.1214761"/>
 <node id="12219375421" visible="true" version="1" changeset="157435392" timestamp="2024-10-03T20:11:11Z" user="Глеб" uid="346125" lat="55.7959557" lon="49.1211169"/>
 <node id="12219375422" visible="true" version="1" changeset="157435392" timestamp="2024-10-03T20:11:11Z" user="Глеб" uid="346125" lat="55.7960005" lon="49.1207453"/>
 <node id="12219375423" visible="true" version="1" changeset="157435392" timestamp="2024-10-03T20:11:11Z" user="Глеб" uid="346125" lat="55.7964518" lon="49.1212666">
  <tag k="highway" v="crossing"/>
 </node>
 <node id="12219375847" visible="true" version="1" changeset="157435969" timestamp="2024-10-03T20:27:07Z" user="Глеб" uid="346125" lat="55.7974478" lon="49.1220774"/>
 <node id="12219382514" visible="true" version="1" changeset="157435879" timestamp="2024-10-03T20:25:17Z" user="Глеб" uid="346125" lat="55.7971502" lon="49.1206090"/>
 <node id="12219382515" visible="true" version="1" changeset="157435879" timestamp="2024-10-03T20:25:17Z" user="Глеб" uid="346125" lat="55.7972157" lon="49.1199638"/>
 <node id="12219382516" visible="true" version="1" changeset="157435879" timestamp="2024-10-03T20:25:17Z" user="Глеб" uid="346125" lat="55.7971866" lon="49.1203782"/>
 <node id="12219382517" visible="true" version="1" changeset="157435879" timestamp="2024-10-03T20:25:17Z" user="Глеб" uid="346125" lat="55.7971997" lon="49.1202530"/>
 <node id="12219382518" visible="true" version="1" changeset="157435879" timestamp="2024-10-03T20:25:17Z" user="Глеб" uid="346125" lat="55.7971848" lon="49.1202485"/>
 <node id="12219382519" visible="true" version="1" changeset="157435879" timestamp="2024-10-03T20:25:17Z" user="Глеб" uid="346125" lat="55.7971714" lon="49.1203730"/>
 <node id="12219382520" visible="true" version="1" changeset="157435879" timestamp="2024-10-03T20:25:17Z" user="Глеб" uid="346125" lat="55.7968504" lon="49.1205131"/>
 <node id="12219382521" visible="true" version="1" changeset="157435879" timestamp="2024-10-03T20:25:17Z" user="Глеб" uid="346125" lat="55.7968524" lon="49.1204910"/>
 <node id="12219382522" visible="true" version="1" changeset="157435879" timestamp="2024-10-03T20:25:17Z" user="Глеб" uid="346125" lat="55.7969099" lon="49.1198853"/>
 <node id="12219382523" visible="true" version="1" changeset="157435879" timestamp="2024-10-03T20:25:17Z" user="Глеб" uid="346125" lat="55.7969125" lon="49.1198692"/>
 <node id="12219382524" visible="true" version="1" changeset="157435879" timestamp="2024-10-03T20:25:17Z" user="Глеб" uid="346125" lat="55.7968935" lon="49.1198806">
  <tag k="door" v="hinged"/>
  <tag k="entrance" v="staircase"/>
  <tag k="ref" v="5"/>
 </node>
 <node id="12219382525" visible="true" version="1" changeset="157435879" timestamp="2024-10-03T20:25:17Z" user="Глеб" uid="346125" lat="55.7970708" lon="49.1199185">
  <tag k="door" v="hinged"/>
  <tag k="entrance" v="staircase"/>
  <tag k="ref" v="6"/>
 </node>
 <node id="12219382526" visible="true" version="1" changeset="157435879" timestamp="2024-10-03T20:25:17Z" user="Глеб" uid="346125" lat="55.7972211" lon="49.1199783">
  <tag k="door" v="hinged"/>
  <tag k="entrance" v="staircase"/>
  <tag k="ref" v="7"/>
 </node>
 <node id="12219382527" visible="true" version="1" changeset="157435879" timestamp="2024-10-03T20:25:17Z" user="Глеб" uid="346125" lat="55.7971781" lon="49.1203108">
  <tag k="entrance" v="staircase"/>
 </node>
 <node id="12219382528" visible="true" version="1" changeset="157435879" timestamp="2024-10-03T20:25:17Z" user="Глеб" uid="346125" lat="55.7971570" lon="49.1206030">
  <tag k="entrance" v="staircase"/>
 </node>
 <node id="12219382529" visible="true" version="1" changeset="157435879" timestamp="2024-10-03T20:25:17Z" user="Глеб" uid="346125" lat="55.7970075" lon="49.1205634">
  <tag k="addr:flats" v="32-39"/>
  <tag k="door" v="hinged"/>
  <tag k="entrance" v="staircase"/>
  <tag k="ref" v="3"/>
 </node>
 <node id="12219382530" visible="true" version="1" changeset="157435879" timestamp="2024-10-03T20:25:17Z" user="Глеб" uid="346125" lat="55.7968394" lon="49.1204873">
  <tag k="addr:flats" v="42-49"/>
  <tag k="door" v="hinged"/>
  <tag k="entrance" v="staircase"/>
  <tag k="ref" v="4"/>
 </node>
 <node id="12219382531" visible="true" version="1" changeset="157435879" timestamp="2024-10-03T20:25:17Z" user="Глеб" uid="346125" lat="55.7968302" lon="49.1204162"/>
 <node id="12219382532" visible="true" version="1" changeset="157435879" timestamp="2024-10-03T20:25:17Z" user="Глеб" uid="346125" lat="55.7968774" lon="49.1199306"/>
 <node id="12219382533" visible="true" version="1" changeset="157435879" timestamp="2024-10-03T20:25:17Z" user="Глеб" uid="346125" lat="55.7969961" lon="49.1212780"/>
 <node id="12219382534" visible="true" version="1" changeset="157435879" timestamp="2024-10-03T20:25:17Z" user="Глеб" uid="346125" lat="55.7969920" lon="49.1213295"/>
 <node id="12219382535" visible="true" version="1" changeset="157435879" timestamp="2024-10-03T20:25:17Z" user="Глеб" uid="346125" lat="55.7973339" lon="49.1215882"/>
 <node id="12219426160" visible="true" version="1" changeset="157436729" timestamp="2024-10-03T20:58:03Z" user="Глеб" uid="346125" lat="55.7969978" lon="49.1183385">
  <tag k="addr:city" v="Казань"/>
  <tag k="addr:housenumber" v="19"/>
  <tag k="addr:street" v="улица Карла Маркса"/>
  <tag k="amenity" v="police"/>
  <tag k="government" v="police"/>
  <tag k="office" v="government"/>
 </node>
 <node id="12219426161" visible="true" version="1" changeset="157436729" timestamp="2024-10-03T20:58:03Z" user="Глеб" uid="346125" lat="55.7971121" lon="49.1192926">
  <tag k="addr:city" v="Казань"/>
  <tag k="addr:housenumber" v="21"/>
  <tag k="addr:street" v="улица Карла Маркса"/>
  <tag k="amenity" v="police"/>
  <tag k="government" v="police"/>
  <tag k="office" v="government"/>
 </node>
 <node id="12219426162" visible="true" version="1" changeset="157436729" timestamp="2024-10-03T20:58:03Z" user="Глеб" uid="346125" lat="55.7964085" lon="49.1202929"/>
 <node id="12219426163" visible="true" version="1" changeset="157436729" timestamp="2024-10-03T20:58:03Z" user="Глеб" uid="346125" lat="55.7963371" lon="49.1202735"/>
 <node id="12219426164" visible="true" version="1" changeset="157436729" timestamp="2024-10-03T20:58:03Z" user="Глеб" uid="346125" lat="55.7963147" lon="49.1205339"/>
 <node id="12219426165" visible="true" version="1" changeset="157436729" timestamp="2024-10-03T20:58:03Z" user="Глеб" uid="346125" lat="55.7963861" lon="49.1205534"/>
 <node id="12874213971" visible="true" version="1" changeset="166945384" timestamp="2025-05-29T22:30:07Z" user="Глеб" uid="346125" lat="55.7964553" lon="49.1182617"/>
 <node id="12874213972" visible="true" version="1" changeset="166945384" timestamp="2025-05-29T22:30:07Z" user="Глеб" uid="346125" lat="55.7964705" lon="49.1182662"/>
 <node id="12874213973" visible="true" version="1" changeset="166945384" timestamp="2025-05-29T22:30:07Z" user="Глеб" uid="346125" lat="55.7964674" lon="49.1183021"/>
 <node id="12874213974" visible="true" version="1" changeset="166945384" timestamp="2025-05-29T22:30:07Z" user="Глеб" uid="346125" lat="55.7964519" lon="49.1182974"/>
 <node id="12874213975" visible="true" version="1" changeset="166945384" timestamp="2025-05-29T22:30:07Z" user="Глеб" uid="346125" lat="55.7964128" lon="49.1187112"/>
 <node id="12874213976" visible="true" version="1" changeset="166945384" timestamp="2025-05-29T22:30:07Z" user="Глеб" uid="346125" lat="55.7964277" lon="49.1187156"/>
 <node id="12874213977" visible="true" version="1" changeset="166945384" timestamp="2025-05-29T22:30:07Z" user="Глеб" uid="346125" lat="55.7964249" lon="49.1187505"/>
 <node id="12874213978" visible="true" version="1" changeset="166945384" timestamp="2025-05-29T22:30:07Z" user="Глеб" uid="346125" lat="55.7964076" lon="49.1187674"/>
 <node id="12983551908" visible="true" version="1" changeset="168576513" timestamp="2025-07-06T19:50:03Z" user="parukhin" uid="519501" lat="55.7956001" lon="49.1175023">
  <tag k="barrier" v="gate"/>
  <tag k="locked" v="yes"/>
  <tag k="material" v="metal"/>
 </node>
 <node id="12983551909" visible="true" version="1" changeset="168576513" timestamp="2025-07-06T19:50:03Z" user="parukhin" uid="519501" lat="55.7956510" lon="49.1175221">
  <tag k="barrier" v="lift_gate"/>
  <tag k="lift_gate:type" v="single"/>
  <tag k="locked" v="yes"/>
 </node>
 <node id="12983551910" visible="true" version="1" changeset="168576513" timestamp="2025-07-06T19:50:03Z" user="parukhin" uid="519501" lat="55.7955233" lon="49.1179030">
  <tag k="historic" v="memorial"/>
  <tag k="memorial" v="plaque"/>
 </node>
 <node id="12983551911" visible="true" version="1" changeset="168576513" timestamp="2025-07-06T19:50:03Z" user="parukhin" uid="519501" lat="55.7951238" lon="49.1219690">
  <tag k="check_date" v="2025-07-06"/>
  <tag k="description" v="Издательский дом"/>
  <tag k="name" v="Хузур"/>
  <tag k="name:en" v="Huzur"/>
  <tag k="name:ru" v="Хузур"/>
  <tag k="name:tt" v="Хозур"/>
  <tag k="office" v="company"/>
  <tag k="wheelchair" v="no"/>
 </node>
 <node id="12989245946" visible="true" version="2" changeset="168854733" timestamp="2025-07-12T23:08:43Z" user="parukhin" uid="519501" lat="55.7968212" lon="49.1198085">
  <tag k="historic" v="memorial"/>
  <tag k="memorial" v="plaque"/>
  <tag k="name" v="Ф. Ш. Мансурову"/>
 </node>
 <node id="12989245947" visible="true" version="1" changeset="168683073" timestamp="2025-07-09T08:31:40Z" user="parukhin" uid="519501" lat="55.7967509" lon="49.1205114">
  <tag k="historic" v="memorial"/>
  <tag k="memorial" v="plaque"/>
  <tag k="name" v="Н. Г. Рахлину"/>
 </node>
 <node id="12989245948" visible="true" version="1" changeset="168683073" timestamp="2025-07-09T08:31:40Z" user="parukhin" uid="519501" lat="55.7969277" lon="49.1207391">
  <tag k="addr:floor" v="0"/>
  <tag k="amenity" v="doctors"/>
  <tag k="check_date" v="2025-07-08"/>
  <tag k="contact:phone" v="+7 843 2383355"/>
  <tag k="contact:website" v="https://eyesight.ru"/>
  <tag k="healthcare" v="doctor"/>
  <tag k="healthcare:speciality" v="ophthalmology"/>
  <tag k="level" v="-1"/>
  <tag k="name" v="Центр зрения"/>
  <tag k="opening_hours" v="Mo-Fr 09:00-18:00"/>
  <tag k="operator" v="ООО &quot;Айсат&quot;"/>
  <tag k="wheelchair" v="no"/>
 </node>
 <node id="12989245949" visible="true" version="2" changeset="179434575" timestamp="2026-03-06T09:18:13Z" user="Yurii_l" uid="21551524" lat="55.7966886" lon="49.1211643">
  <tag k="addr:floor" v="1"/>
  <tag k="contact:vk" v="https://vk.com/cheese_116"/>
  <tag k="email" v="cheese-kzn@bk.ru"/>
  <tag k="level" v="0"/>
  <tag k="name" v="Cheese Photo"/>
  <tag k="opening_hours" v="Mo-Fr 08:00-19:00; Sa 09:00-15:00"/>
  <tag k="phone" v="+7 950 6663101"/>
  <tag k="shop" v="photo"/>
  <tag k="website" v="https://cheese-kzn.ru/"/>
  <tag k="wheelchair" v="no"/>
 </node>
 <node id="12996489212" visible="true" version="1" changeset="168854733" timestamp="2025-07-12T23:08:43Z" user="parukhin" uid="519501" lat="55.7968281" lon="49.1193677"/>
 <node id="12996489213" visible="true" version="1" changeset="168854733" timestamp="2025-07-12T23:08:43Z" user="parukhin" uid="519501" lat="55.7966307" lon="49.1192160"/>
 <node id="12996489214" visible="true" version="1" changeset="168854733" timestamp="2025-07-12T23:08:43Z" user="parukhin" uid="519501" lat="55.7968123" lon="49.1193126"/>
 <way id="26945016" visible="true" version="27" changeset="164376444" timestamp="2025-04-01T13:52:57Z" user="Глеб" uid="346125">
  <nd ref="295019739"/>
  <nd ref="2911445542"/>
  <nd ref="5346611550"/>
  <nd ref="5346611558"/>
  <nd ref="5346611555"/>
  <nd ref="9109463197"/>
  <nd ref="1755214815"/>
  <nd ref="9674216826"/>
  <tag k="foot" v="no"/>
  <tag k="highway" v="tertiary"/>
  <tag k="lanes" v="4"/>
  <tag k="lanes:backward" v="2"/>
  <tag k="lanes:forward" v="2"/>
  <tag k="lit" v="yes"/>
  <tag k="maxspeed" v="RU:urban"/>
  <tag k="name" v="улица Лобачевского"/>
  <tag k="name:en" v="Lobachevskogo Street"/>
  <tag k="name:ru" v="улица Лобачевского"/>
  <tag k="parking:both" v="no"/>
  <tag k="parking:both:restriction" v="no_stopping"/>
  <tag k="postal_code" v="420111"/>
  <tag k="sidewalk:both" v="separate"/>
  <tag k="surface" v="asphalt"/>
  <tag k="turn:lanes:backward" v="left|left"/>
  <tag k="turn:lanes:forward" v="left;through|through;right"/>
 </way>
 <way id="40371211" visible="true" version="13" changeset="125713742" timestamp="2022-09-02T19:56:21Z" user="parukhin" uid="519501">
  <nd ref="487688612"/>
  <nd ref="8527843384"/>
  <nd ref="8905027691"/>
  <nd ref="8905027692"/>
  <nd ref="1067438857"/>
  <nd ref="487688616"/>
  <nd ref="1067441397"/>
  <nd ref="2752137575"/>
  <nd ref="8902344376"/>
  <nd ref="2750228891"/>
  <nd ref="487688619"/>
  <nd ref="1115543798"/>
  <nd ref="9995785818"/>
  <nd ref="8527843382"/>
  <nd ref="5312334250"/>
  <nd ref="487688623"/>
  <nd ref="8905027693"/>
  <nd ref="487688612"/>
  <tag k="leisure" v="park"/>
  <tag k="name" v="парк Чёрное озеро"/>
  <tag k="name:en" v="Black Lake park"/>
  <tag k="name:ru" v="парк Чёрное озеро"/>
  <tag k="name:tt" v="Черек күл"/>
  <tag k="wikidata" v="Q4518730"/>
  <tag k="wikipedia" v="ru:Чёрное озеро (Казань)"/>
  <tag k="wikipedia:tt" v="Черек күл"/>
 </way>
 <way id="55881349" visible="true" version="19" changeset="183700684" timestamp="2026-06-05T15:03:35Z" user="Airiver" uid="13901111">
  <nd ref="701685263"/>
  <nd ref="9509990804"/>
  <nd ref="9674213687"/>
  <nd ref="4103489983"/>
  <nd ref="4103489975"/>
  <nd ref="12219375415"/>
  <nd ref="12219375408"/>
  <nd ref="4103489966"/>
  <nd ref="3117104895"/>
  <nd ref="701685261"/>
  <tag k="highway" v="residential"/>
  <tag k="lanes" v="2"/>
  <tag k="lit" v="no"/>
  <tag k="maxspeed" v="RU:urban"/>
  <tag k="name" v="улица Карла Фукса"/>
  <tag k="name:en" v="Karla Fuksa Street"/>
  <tag k="name:ru" v="улица Карла Фукса"/>
  <tag k="name:tt" v="Карл Фукс урамы"/>
  <tag k="parking:both" v="no"/>
  <tag k="parking:both:restriction" v="no_stopping"/>
  <tag k="sidewalk:both" v="separate"/>
  <tag k="surface" v="asphalt"/>
 </way>
 <way id="75658841" visible="true" version="15" changeset="159915214" timestamp="2024-12-04T11:34:14Z" user="Afanasovich" uid="2101839">
  <nd ref="893213890"/>
  <nd ref="893213883"/>
  <nd ref="3821455774"/>
  <nd ref="3821455775"/>
  <nd ref="3821455776"/>
  <nd ref="3821455777"/>
  <nd ref="893213888"/>
  <nd ref="893213886"/>
  <nd ref="893213895"/>
  <nd ref="909009857"/>
  <nd ref="3725219267"/>
  <nd ref="3725219268"/>
  <nd ref="893213890"/>
  <tag k="leisure" v="park"/>
  <tag k="name" v="Ленинский сад"/>
  <tag k="name:en" v="Leninsky Garden"/>
  <tag k="name:ru" v="Ленинский сад"/>
  <tag k="name:tt" v="Ленин бакчасы"/>
  <tag k="wikidata" v="Q37856291"/>
  <tag k="wikipedia" v="ru:Ленинский сад (Казань)"/>
 </way>
 <way id="77177221" visible="true" version="12" changeset="150909731" timestamp="2024-05-05T08:41:31Z" user="basilisk" uid="256949">
  <nd ref="8902344377"/>
  <nd ref="1141214202"/>
  <nd ref="10087620626"/>
  <nd ref="5211949033"/>
  <nd ref="9995785848"/>
  <tag k="highway" v="footway"/>
  <tag k="surface" v="paving_stones"/>
 </way>
 <way id="77177225" visible="true" version="7" changeset="136881879" timestamp="2023-06-02T19:37:21Z" user="user_19466096" uid="19466096">
  <nd ref="908558758"/>
  <nd ref="936289187"/>
  <nd ref="10947370124"/>
  <nd ref="5211949033"/>
  <nd ref="936289194"/>
  <nd ref="908558734"/>
  <nd ref="936289185"/>
  <nd ref="10947370121"/>
  <nd ref="5211949032"/>
  <nd ref="936289192"/>
  <nd ref="908558748"/>
  <nd ref="936289198"/>
  <nd ref="10947370122"/>
  <nd ref="5211949031"/>
  <nd ref="936289200"/>
  <nd ref="908558719"/>
  <nd ref="936289190"/>
  <nd ref="10947370123"/>
  <nd ref="5211949034"/>
  <nd ref="936289196"/>
  <nd ref="908558758"/>
  <tag k="highway" v="footway"/>
 </way>
 <way id="77216512" visible="true" version="7" changeset="43768910" timestamp="2016-11-18T15:08:12Z" user="acsd" uid="345493">
  <nd ref="3725219277"/>
  <nd ref="909009842"/>
  <tag k="highway" v="footway"/>
 </way>
 <way id="89916745" visible="true" version="10" changeset="143603613" timestamp="2023-11-04T08:51:44Z" user="desk77" uid="3417100">
  <nd ref="1042260814"/>
  <nd ref="5346611564"/>
  <nd ref="1042260820"/>
  <nd ref="1042260822"/>
  <nd ref="1042260824"/>
  <nd ref="1042260827"/>
  <nd ref="1042260829"/>
  <nd ref="5346611548"/>
  <nd ref="1042260830"/>
  <nd ref="5587694434"/>
  <nd ref="1042260834"/>
  <nd ref="1042260835"/>
  <nd ref="1042260839"/>
  <nd ref="1042260843"/>
  <nd ref="1042260814"/>
  <tag k="addr:city" v="Казань"/>
  <tag k="addr:country" v="RU"/>
  <tag k="addr:housenumber" v="34/16"/>
  <tag k="addr:postcode" v="420111"/>
  <tag k="addr:street" v="Большая Красная улица"/>
  <tag k="building" v="commercial"/>
  <tag k="building:levels" v="2"/>
  <tag k="leisure" v="sauna"/>
  <tag k="name" v="Баня №3"/>
 </way>
 <way id="89917026" visible="true" version="11" changeset="146348034" timestamp="2024-01-17T06:01:54Z" user="Глеб" uid="346125">
  <nd ref="1042262698"/>
  <nd ref="5346611561"/>
  <nd ref="1042262700"/>
  <nd ref="1042262702"/>
  <nd ref="1042262704"/>
  <nd ref="1042262706"/>
  <nd ref="1042262708"/>
  <nd ref="8342005164"/>
  <nd ref="1042262710"/>
  <nd ref="1042262711"/>
  <nd ref="1042262715"/>
  <nd ref="1042262698"/>
  <tag k="addr:city" v="Казань"/>
  <tag k="addr:country" v="RU"/>
  <tag k="addr:housenumber" v="29/14"/>
  <tag k="addr:postcode" v="420111"/>
  <tag k="addr:street" v="улица Карла Маркса"/>
  <tag k="building" v="apartments"/>
  <tag k="building:levels" v="2"/>
  <tag k="roof:shape" v="hipped"/>
  <tag k="wikidata" v="Q56244394"/>
 </way>
 <way id="90803711" visible="true" version="26" changeset="164374514" timestamp="2025-04-01T13:08:23Z" user="Глеб" uid="346125">
  <nd ref="292927696"/>
  <nd ref="3117104892"/>
  <nd ref="2494989732"/>
  <nd ref="292927706"/>
  <tag k="foot" v="no"/>
  <tag k="highway" v="secondary"/>
  <tag k="lanes" v="3"/>
  <tag k="lit" v="yes"/>
  <tag k="maxspeed" v="RU:urban"/>
  <tag k="name" v="улица Дзержинского"/>
  <tag k="name:en" v="Dzerzhinskogo Street"/>
  <tag k="name:ru" v="улица Дзержинского"/>
  <tag k="name:tt" v="Дзержинский урамы"/>
  <tag k="oneway" v="yes"/>
  <tag k="parking:both" v="no"/>
  <tag k="parking:both:restriction" v="no_stopping"/>
  <tag k="postal_code" v="420111"/>
  <tag k="sidewalk:both" v="separate"/>
  <tag k="surface" v="asphalt"/>
  <tag k="turn:lanes" v="left;through|through|through"/>
 </way>
 <way id="90803713" visible="true" version="30" changeset="164374514" timestamp="2025-04-01T13:08:23Z" user="Глеб" uid="346125">
  <nd ref="292927696"/>
  <nd ref="3117104891"/>
  <nd ref="9109463156"/>
  <nd ref="295238893"/>
  <nd ref="3725219272"/>
  <nd ref="10964808352"/>
  <nd ref="698243763"/>
  <tag k="foot" v="no"/>
  <tag k="highway" v="tertiary"/>
  <tag k="lanes" v="4"/>
  <tag k="lanes:backward" v="2"/>
  <tag k="lanes:forward" v="2"/>
  <tag k="maxspeed" v="RU:urban"/>
  <tag k="name" v="улица Лобачевского"/>
  <tag k="name:en" v="Lobachevskogo Street"/>
  <tag k="name:ru" v="улица Лобачевского"/>
  <tag k="name:tt" v="Лобачевский урамы"/>
  <tag k="parking:both" v="no"/>
  <tag k="parking:both:restriction" v="no_stopping"/>
  <tag k="postal_code" v="420111"/>
  <tag k="sidewalk:both" v="separate"/>
  <tag k="surface" v="asphalt"/>
 </way>
 <way id="90804690" visible="true" version="20" changeset="164374886" timestamp="2025-04-01T13:17:16Z" user="Глеб" uid="346125">
  <nd ref="295019737"/>
  <nd ref="2911445534"/>
  <nd ref="9109463198"/>
  <nd ref="9980341612"/>
  <nd ref="4103496616"/>
  <nd ref="3817842527"/>
  <nd ref="4103489949"/>
  <nd ref="3817372625"/>
  <nd ref="9109463163"/>
  <nd ref="3117104893"/>
  <nd ref="292927696"/>
  <tag k="foot" v="no"/>
  <tag k="highway" v="tertiary"/>
  <tag k="lanes" v="4"/>
  <tag k="lanes:backward" v="2"/>
  <tag k="lanes:forward" v="2"/>
  <tag k="lit" v="yes"/>
  <tag k="maxspeed" v="RU:urban"/>
  <tag k="name" v="улица Лобачевского"/>
  <tag k="name:en" v="Lobachevskogo Street"/>
  <tag k="name:ru" v="улица Лобачевского"/>
  <tag k="name:tt" v="Лобачевский урамы"/>
  <tag k="parking:both" v="no"/>
  <tag k="parking:both:restriction" v="no_stopping"/>
  <tag k="postal_code" v="420111"/>
  <tag k="sidewalk:both" v="separate"/>
  <tag k="surface" v="asphalt"/>
  <tag k="turn:lanes:backward" v="left;through|through;right"/>
  <tag k="turn:lanes:forward" v="left;through|through"/>
 </way>
 <way id="91856461" visible="true" version="8" changeset="166945384" timestamp="2025-05-29T22:30:07Z" user="Глеб" uid="346125">
  <nd ref="1067441709"/>
  <nd ref="1067439942"/>
  <nd ref="9784001043"/>
  <nd ref="1067440610"/>
  <nd ref="1067441566"/>
  <nd ref="1067439203"/>
  <nd ref="1067440161"/>
  <nd ref="1067440933"/>
  <nd ref="1067441773"/>
  <nd ref="9784001044"/>
  <nd ref="1067439565"/>
  <nd ref="1067439284"/>
  <nd ref="1067439996"/>
  <nd ref="1067441035"/>
  <nd ref="1067441634"/>
  <nd ref="1067439668"/>
  <nd ref="1067440239"/>
  <nd ref="1067441352"/>
  <nd ref="1067438788"/>
  <nd ref="1067441699"/>
  <nd ref="1067439376"/>
  <nd ref="1067440308"/>
  <nd ref="1067441087"/>
  <nd ref="1067438890"/>
  <nd ref="1067441709"/>
  <tag k="addr:city" v="Казань"/>
  <tag k="addr:housenumber" v="17"/>
  <tag k="addr:street" v="улица Дзержинского"/>
  <tag k="building" v="office"/>
  <tag k="building:levels" v="2"/>
 </way>
 <way id="91856466" visible="true" version="10" changeset="148954055" timestamp="2024-03-21T10:26:31Z" user="Dmitry2013" uid="1185631">
  <nd ref="1067440676"/>
  <nd ref="1067441757"/>
  <nd ref="1067441395"/>
  <nd ref="2494989748"/>
  <nd ref="9980341601"/>
  <nd ref="2494989756"/>
  <nd ref="2494989754"/>
  <nd ref="2494989758"/>
  <nd ref="2494989762"/>
  <nd ref="9980341611"/>
  <nd ref="2494989752"/>
  <nd ref="1067439497"/>
  <nd ref="9980341610"/>
  <nd ref="1067440676"/>
  <tag k="addr:city" v="Казань"/>
  <tag k="addr:country" v="RU"/>
  <tag k="addr:housenumber" v="32"/>
  <tag k="addr:housenumber2" v="12"/>
  <tag k="addr:street" v="улица Карла Маркса"/>
  <tag k="addr:street2" v="улица Лобачевского"/>
  <tag k="building" v="apartments"/>
  <tag k="building:flats" v="34"/>
  <tag k="building:levels" v="2"/>
  <tag k="wikidata" v="Q56244465"/>
 </way>
 <way id="91856467" visible="true" version="10" changeset="148954055" timestamp="2024-03-21T10:26:31Z" user="Dmitry2013" uid="1185631">
  <nd ref="3817842526"/>
  <nd ref="1067439012"/>
  <nd ref="1067441784"/>
  <nd ref="3817372657"/>
  <nd ref="3817842521"/>
  <nd ref="3817372654"/>
  <nd ref="3817842525"/>
  <nd ref="3817842526"/>
  <tag k="addr:city" v="Казань"/>
  <tag k="addr:country" v="RU"/>
  <tag k="addr:housenumber" v="8"/>
  <tag k="addr:street" v="улица Лобачевского"/>
  <tag k="building" v="apartments"/>
  <tag k="building:flats" v="14"/>
  <tag k="building:levels" v="4"/>
  <tag k="start_date" v="2008"/>
 </way>
 <way id="91856490" visible="true" version="9" changeset="164376444" timestamp="2025-04-01T13:52:57Z" user="Глеб" uid="346125">
  <nd ref="1067441749"/>
  <nd ref="1067439965"/>
  <nd ref="1067440981"/>
  <nd ref="1067441607"/>
  <nd ref="1067439717"/>
  <nd ref="1067440273"/>
  <nd ref="1067441391"/>
  <nd ref="1067438838"/>
  <nd ref="1067439975"/>
  <nd ref="1067440673"/>
  <nd ref="1067441615"/>
  <nd ref="1067439258"/>
  <nd ref="1067438967"/>
  <nd ref="1067439812"/>
  <nd ref="1067440766"/>
  <nd ref="1067441502"/>
  <nd ref="1067439116"/>
  <nd ref="1067441742"/>
  <nd ref="1067439446"/>
  <nd ref="1067440384"/>
  <nd ref="1067441138"/>
  <nd ref="1067440943"/>
  <nd ref="1067441574"/>
  <nd ref="1067439591"/>
  <nd ref="1067441749"/>
  <tag k="addr:city" v="Казань"/>
  <tag k="addr:housenumber" v="17"/>
  <tag k="addr:street" v="улица Карла Маркса"/>
  <tag k="building" v="hospital"/>
  <tag k="building:levels" v="2"/>
  <tag k="historic" v="heritage"/>
  <tag k="roof:colour" v="red"/>
  <tag k="wikidata" v="Q113525089"/>
  <tag k="wikipedia" v="ru:Адмиралтейская контора"/>
 </way>
 <way id="91856493" visible="true" version="9" changeset="157436729" timestamp="2024-10-03T20:58:03Z" user="Глеб" uid="346125">
  <nd ref="2587361908"/>
  <nd ref="1067439677"/>
  <nd ref="1067440614"/>
  <nd ref="9109478477"/>
  <nd ref="9109478475"/>
  <nd ref="9109478474"/>
  <nd ref="9109478476"/>
  <nd ref="1067440478"/>
  <nd ref="1067440246"/>
  <nd ref="2587361909"/>
  <nd ref="2587361908"/>
  <tag k="addr:city" v="Казань"/>
  <tag k="addr:housenumber" v="22"/>
  <tag k="addr:street" v="улица Карла Маркса"/>
  <tag k="building" v="commercial"/>
  <tag k="building:levels" v="3"/>
 </way>
 <way id="91856497" visible="true" version="9" changeset="166945384" timestamp="2025-05-29T22:30:07Z" user="Глеб" uid="346125">
  <nd ref="1067440815"/>
  <nd ref="1067441703"/>
  <nd ref="1067439378"/>
  <nd ref="1067440323"/>
  <nd ref="1067441096"/>
  <nd ref="1067440916"/>
  <nd ref="1067441541"/>
  <nd ref="1067439526"/>
  <nd ref="1067440127"/>
  <nd ref="1067441204"/>
  <nd ref="9107111752"/>
  <nd ref="9107111751"/>
  <nd ref="9107111750"/>
  <nd ref="9107111753"/>
  <nd ref="1067441761"/>
  <nd ref="1067439865"/>
  <nd ref="1067440815"/>
  <tag k="addr:city" v="Казань"/>
  <tag k="addr:housenumber" v="24"/>
  <tag k="addr:street" v="Большая Красная улица"/>
  <tag k="building" v="garages"/>
  <tag k="building:levels" v="2"/>
 </way>
 <way id="91856502" visible="true" version="10" changeset="179565962" timestamp="2026-03-09T07:21:49Z" user="acsd" uid="345493">
  <nd ref="1067440117"/>
  <nd ref="3817372586"/>
  <nd ref="3817372587"/>
  <nd ref="3817372652"/>
  <nd ref="3817372653"/>
  <nd ref="1067439966"/>
  <nd ref="1067441172"/>
  <nd ref="1067440660"/>
  <nd ref="1067440117"/>
  <tag k="addr:city" v="Казань"/>
  <tag k="addr:country" v="RU"/>
  <tag k="addr:housenumber" v="27"/>
  <tag k="addr:street" v="улица Дзержинского"/>
  <tag k="building" v="apartments"/>
  <tag k="building:flats" v="36"/>
  <tag k="building:levels" v="5"/>
  <tag k="roof:shape" v="hipped"/>
  <tag k="start_date" v="1952"/>
 </way>
 <way id="91856521" visible="true" version="5" changeset="166945384" timestamp="2025-05-29T22:30:07Z" user="Глеб" uid="346125">
  <nd ref="1067441048"/>
  <nd ref="1067439094"/>
  <nd ref="1067439880"/>
  <nd ref="1067440849"/>
  <nd ref="1067441493"/>
  <nd ref="1067439423"/>
  <nd ref="1067441048"/>
  <tag k="addr:city" v="Казань"/>
  <tag k="addr:housenumber" v="22 к1"/>
  <tag k="addr:street" v="улица Карла Маркса"/>
  <tag k="building" v="yes"/>
  <tag k="building:levels" v="2"/>
 </way>
 <way id="91856523" visible="true" version="5" changeset="143603613" timestamp="2023-11-04T08:51:44Z" user="desk77" uid="3417100">
  <nd ref="1067440367"/>
  <nd ref="1067438924"/>
  <nd ref="1067439792"/>
  <nd ref="1067440737"/>
  <nd ref="1067441431"/>
  <nd ref="3819641736"/>
  <nd ref="1067439300"/>
  <nd ref="1067440367"/>
  <tag k="addr:city" v="Казань"/>
  <tag k="addr:country" v="RU"/>
  <tag k="addr:housenumber" v="10"/>
  <tag k="addr:street" v="улица Лобачевского"/>
  <tag k="building" v="apartments"/>
  <tag k="building:levels" v="2"/>
  <tag k="building:material" v="plaster"/>
 </way>
 <way id="91856529" visible="true" version="11" changeset="168683073" timestamp="2025-07-09T08:31:40Z" user="parukhin" uid="519501">
  <nd ref="9109478480"/>
  <nd ref="9109478478"/>
  <nd ref="9109478479"/>
  <nd ref="1067439750"/>
  <nd ref="1067440130"/>
  <nd ref="1067439467"/>
  <nd ref="1067439840"/>
  <nd ref="1067440122"/>
  <nd ref="9109478480"/>
  <tag k="addr:city" v="Казань"/>
  <tag k="addr:housenumber" v="3А"/>
  <tag k="addr:street" v="улица Карла Фукса"/>
  <tag k="building" v="office"/>
  <tag k="building:levels" v="4"/>
  <tag k="roof:colour" v="green"/>
 </way>
 <way id="91856532" visible="true" version="9" changeset="166945384" timestamp="2025-05-29T22:30:07Z" user="Глеб" uid="346125">
  <nd ref="4103496607"/>
  <nd ref="1067441447"/>
  <nd ref="1067439000"/>
  <nd ref="1067440030"/>
  <nd ref="1067440784"/>
  <nd ref="1067441682"/>
  <nd ref="1067439357"/>
  <nd ref="1067440292"/>
  <nd ref="1067441079"/>
  <nd ref="12219375420"/>
  <nd ref="4103496606"/>
  <nd ref="4103496607"/>
  <tag k="addr:city" v="Казань"/>
  <tag k="addr:housenumber" v="9/30"/>
  <tag k="addr:postcode" v="420111"/>
  <tag k="addr:street" v="улица Лобачевского"/>
  <tag k="building" v="hospital"/>
  <tag k="building:levels" v="2"/>
 </way>
 <way id="91856533" visible="true" version="10" changeset="179565962" timestamp="2026-03-09T07:21:49Z" user="acsd" uid="345493">
  <nd ref="1067441561"/>
  <nd ref="9980215918"/>
  <nd ref="9980215929"/>
  <nd ref="1067439769"/>
  <nd ref="1067439197"/>
  <nd ref="1067440326"/>
  <nd ref="1067441561"/>
  <tag k="addr:city" v="Казань"/>
  <tag k="addr:housenumber" v="4"/>
  <tag k="addr:street" v="улица Карла Фукса"/>
  <tag k="building" v="apartments"/>
  <tag k="building:flats" v="51"/>
  <tag k="building:levels" v="6"/>
  <tag k="roof:shape" v="hipped"/>
  <tag k="start_date" v="1965"/>
 </way>
 <way id="91856534" visible="true" version="5" changeset="166945384" timestamp="2025-05-29T22:30:07Z" user="Глеб" uid="346125">
  <nd ref="1067439295"/>
  <nd ref="1067440487"/>
  <nd ref="1067440007"/>
  <nd ref="12874213978"/>
  <nd ref="1067439401"/>
  <nd ref="12874213977"/>
  <nd ref="12874213976"/>
  <nd ref="12874213975"/>
  <nd ref="12874213974"/>
  <nd ref="12874213973"/>
  <nd ref="12874213972"/>
  <nd ref="12874213971"/>
  <nd ref="1067439295"/>
  <tag k="addr:city" v="Казань"/>
  <tag k="addr:housenumber" v="22 к2"/>
  <tag k="addr:street" v="улица Карла Маркса"/>
  <tag k="building" v="yes"/>
  <tag k="building:levels" v="3"/>
  <tag k="start_date" v="2014"/>
 </way>
 <way id="91856541" visible="true" version="13" changeset="168854733" timestamp="2025-07-12T23:08:43Z" user="parukhin" uid="519501">
  <nd ref="1067439566"/>
  <nd ref="12219382528"/>
  <nd ref="12219382514"/>
  <nd ref="12219382529"/>
  <nd ref="12219382520"/>
  <nd ref="12219382521"/>
  <nd ref="12219382530"/>
  <nd ref="1067441650"/>
  <nd ref="1067438930"/>
  <nd ref="1067440696"/>
  <nd ref="1067441631"/>
  <nd ref="1067439281"/>
  <nd ref="1067440237"/>
  <nd ref="1067441032"/>
  <nd ref="1067441802"/>
  <nd ref="1067439388"/>
  <nd ref="12989245946"/>
  <nd ref="1067439561"/>
  <nd ref="12219382524"/>
  <nd ref="12219382522"/>
  <nd ref="12219382523"/>
  <nd ref="12219382525"/>
  <nd ref="12219382515"/>
  <nd ref="12219382526"/>
  <nd ref="1067440153"/>
  <nd ref="12219382517"/>
  <nd ref="12219382518"/>
  <nd ref="12219382527"/>
  <nd ref="12219382519"/>
  <nd ref="12219382516"/>
  <nd ref="1067439566"/>
  <tag k="addr:city" v="Казань"/>
  <tag k="addr:housenumber" v="23/6"/>
  <tag k="addr:postcode" v="420111"/>
  <tag k="addr:street" v="улица Карла Маркса"/>
  <tag k="building" v="apartments"/>
  <tag k="building:flats" v="74"/>
  <tag k="building:levels" v="5"/>
  <tag k="heritage" v="4"/>
  <tag k="historic" v="building"/>
  <tag k="name" v="Дом чекистов"/>
  <tag k="name:ru" v="Дом чекистов"/>
  <tag k="ref:egrokn" v="161711110070005"/>
  <tag k="start_date" v="1936"/>
  <tag k="wikidata" v="Q56236320"/>
 </way>
 <way id="91856553" visible="true" version="10" changeset="168576513" timestamp="2025-07-06T19:50:03Z" user="parukhin" uid="519501">
  <nd ref="1067440631"/>
  <nd ref="1067438909"/>
  <nd ref="1067441414"/>
  <nd ref="1067441571"/>
  <nd ref="1067439656"/>
  <nd ref="11369545357"/>
  <nd ref="1067439026"/>
  <nd ref="1067440215"/>
  <nd ref="1067440631"/>
  <tag k="addr:city" v="Казань"/>
  <tag k="addr:country" v="RU"/>
  <tag k="addr:housenumber" v="25"/>
  <tag k="addr:street" v="улица Дзержинского"/>
  <tag k="building" v="office"/>
  <tag k="building:levels" v="3"/>
  <tag k="building:material" v="plaster"/>
 </way>
 <way id="91856563" visible="true" version="10" changeset="157436729" timestamp="2024-10-03T20:58:03Z" user="Глеб" uid="346125">
  <nd ref="1067440147"/>
  <nd ref="1067439761"/>
  <nd ref="12219382534"/>
  <nd ref="12219382533"/>
  <nd ref="1067439523"/>
  <nd ref="1067440125"/>
  <nd ref="1067441203"/>
  <nd ref="1067441759"/>
  <nd ref="5069002158"/>
  <nd ref="1067439853"/>
  <nd ref="1067439036"/>
  <nd ref="1067441789"/>
  <nd ref="1067439631"/>
  <nd ref="1067440541"/>
  <nd ref="1067441322"/>
  <nd ref="1067439143"/>
  <nd ref="1067439917"/>
  <nd ref="1067440913"/>
  <nd ref="1067441539"/>
  <nd ref="1067440016"/>
  <nd ref="1067440758"/>
  <nd ref="1067441663"/>
  <nd ref="1067439326"/>
  <nd ref="1067440147"/>
  <tag k="addr:city" v="Казань"/>
  <tag k="addr:housenumber" v="13"/>
  <tag k="addr:street" v="улица Лобачевского"/>
  <tag k="building" v="hospital"/>
 </way>
 <way id="91856565" visible="true" version="12" changeset="179565962" timestamp="2026-03-09T07:21:49Z" user="acsd" uid="345493">
  <nd ref="1067440962"/>
  <nd ref="1067441436"/>
  <nd ref="1067441588"/>
  <nd ref="1067440366"/>
  <nd ref="9109463210"/>
  <nd ref="9109463209"/>
  <nd ref="1067440962"/>
  <tag k="addr:city" v="Казань"/>
  <tag k="addr:housenumber" v="25"/>
  <tag k="addr:street" v="улица Карла Маркса"/>
  <tag k="building" v="apartments"/>
  <tag k="building:flats" v="40"/>
  <tag k="building:levels" v="5"/>
  <tag k="roof:shape" v="hipped"/>
  <tag k="start_date" v="1962"/>
 </way>
 <way id="91856568" visible="true" version="1" changeset="6775998" timestamp="2010-12-27T10:22:18Z" user="user_73184" uid="73184">
  <nd ref="1067441065"/>
  <nd ref="1067439125"/>
  <nd ref="1067441665"/>
  <nd ref="1067439900"/>
  <nd ref="1067441065"/>
  <tag k="building" v="yes"/>
 </way>
 <way id="91856570" visible="true" version="9" changeset="171984438" timestamp="2025-09-15T20:16:32Z" user="parukhin" uid="519501">
  <nd ref="1067439333"/>
  <nd ref="10004410368"/>
  <nd ref="1067441400"/>
  <nd ref="1067438865"/>
  <nd ref="1067441752"/>
  <nd ref="4103489973"/>
  <nd ref="4103489972"/>
  <nd ref="1067439458"/>
  <nd ref="1067440411"/>
  <nd ref="1067439249"/>
  <nd ref="1067439333"/>
  <tag k="addr:city" v="Казань"/>
  <tag k="addr:housenumber" v="23/3"/>
  <tag k="addr:street" v="улица Дзержинского"/>
  <tag k="building" v="office"/>
 </way>
 <way id="91856574" visible="true" version="8" changeset="166945384" timestamp="2025-05-29T22:30:07Z" user="Глеб" uid="346125">
  <nd ref="1067441506"/>
  <nd ref="9762043857"/>
  <nd ref="1067441064"/>
  <nd ref="1067438820"/>
  <nd ref="1067439713"/>
  <nd ref="1067439426"/>
  <nd ref="1067440076"/>
  <nd ref="1067441135"/>
  <nd ref="1067441723"/>
  <nd ref="1067441506"/>
  <tag k="addr:city" v="Казань"/>
  <tag k="addr:housenumber" v="27"/>
  <tag k="addr:street" v="улица Карла Маркса"/>
  <tag k="building" v="commercial"/>
  <tag k="building:levels" v="2"/>
 </way>
 <way id="91856575" visible="true" version="7" changeset="166945384" timestamp="2025-05-29T22:30:07Z" user="Глеб" uid="346125">
  <nd ref="1067439249"/>
  <nd ref="1067440194"/>
  <nd ref="1067440983"/>
  <nd ref="1067441788"/>
  <nd ref="1067439629"/>
  <nd ref="1067439333"/>
  <nd ref="1067439249"/>
  <tag k="addr:city" v="Казань"/>
  <tag k="addr:housenumber" v="23"/>
  <tag k="addr:street" v="улица Дзержинского"/>
  <tag k="building" v="commercial"/>
 </way>
 <way id="91856582" visible="true" version="2" changeset="70893749" timestamp="2019-06-03T17:09:59Z" user="acsd" uid="345493">
  <nd ref="1067441075"/>
  <nd ref="1067439132"/>
  <nd ref="1067440121"/>
  <nd ref="1067440904"/>
  <nd ref="1067441756"/>
  <nd ref="1067439466"/>
  <nd ref="1067439230"/>
  <nd ref="1067439963"/>
  <nd ref="1067440970"/>
  <nd ref="1067441601"/>
  <nd ref="1067441075"/>
  <tag k="building" v="yes"/>
  <tag k="building:levels" v="2"/>
 </way>
 <way id="91856591" visible="true" version="8" changeset="157436729" timestamp="2024-10-03T20:58:03Z" user="Глеб" uid="346125">
  <nd ref="1067440908"/>
  <nd ref="1067438862"/>
  <nd ref="1067439743"/>
  <nd ref="1067440679"/>
  <nd ref="1067441398"/>
  <nd ref="9702572262"/>
  <nd ref="1067439269"/>
  <nd ref="1067439981"/>
  <nd ref="1067439823"/>
  <nd ref="1067440408"/>
  <nd ref="1067441452"/>
  <nd ref="1067439008"/>
  <nd ref="1067440034"/>
  <nd ref="1067440794"/>
  <nd ref="1067441686"/>
  <nd ref="1067440908"/>
  <tag k="addr:city" v="Казань"/>
  <tag k="addr:housenumber" v="21"/>
  <tag k="addr:street" v="улица Карла Маркса"/>
  <tag k="building" v="office"/>
  <tag k="building:levels" v="4"/>
 </way>
 <way id="91856597" visible="true" version="13" changeset="168576513" timestamp="2025-07-06T19:50:03Z" user="parukhin" uid="519501">
  <nd ref="4103489964"/>
  <nd ref="1067441285"/>
  <nd ref="4103489958"/>
  <nd ref="4103489963"/>
  <nd ref="4103489952"/>
  <nd ref="4103496619"/>
  <nd ref="1067439119"/>
  <nd ref="1067439891"/>
  <nd ref="4103489953"/>
  <nd ref="1067440866"/>
  <nd ref="1067441504"/>
  <nd ref="1067439451"/>
  <nd ref="1067440097"/>
  <nd ref="1067439951"/>
  <nd ref="1067440637"/>
  <nd ref="4103489959"/>
  <nd ref="1067441578"/>
  <nd ref="4103489965"/>
  <nd ref="1067439218"/>
  <nd ref="4268072735"/>
  <nd ref="4103489964"/>
  <tag k="addr:city" v="Казань"/>
  <tag k="addr:housenumber" v="19/2"/>
  <tag k="addr:street" v="улица Дзержинского"/>
  <tag k="building" v="office"/>
  <tag k="building:levels" v="4"/>
 </way>
 <way id="91856602" visible="true" version="1" changeset="6775998" timestamp="2010-12-27T10:22:22Z" user="user_73184" uid="73184">
  <nd ref="1067439542"/>
  <nd ref="1067440717"/>
  <nd ref="1067440145"/>
  <nd ref="1067441407"/>
  <nd ref="1067439542"/>
  <tag k="building" v="yes"/>
 </way>
 <way id="91856605" visible="true" version="8" changeset="157436729" timestamp="2024-10-03T20:58:03Z" user="Глеб" uid="346125">
  <nd ref="1067439636"/>
  <nd ref="1067439371"/>
  <nd ref="8342005194"/>
  <nd ref="1067440035"/>
  <nd ref="1067441081"/>
  <nd ref="1067441689"/>
  <nd ref="1067439851"/>
  <nd ref="1067440437"/>
  <nd ref="1067441462"/>
  <nd ref="1067439031"/>
  <nd ref="1067440045"/>
  <nd ref="1067440811"/>
  <nd ref="1067441692"/>
  <nd ref="1067439375"/>
  <nd ref="1067439139"/>
  <nd ref="1067439636"/>
  <tag k="addr:city" v="Казань"/>
  <tag k="addr:housenumber" v="19"/>
  <tag k="addr:street" v="улица Карла Маркса"/>
  <tag k="building" v="office"/>
  <tag k="building:levels" v="2"/>
  <tag k="heritage" v="4"/>
  <tag k="historic" v="building"/>
  <tag k="name" v="Жилой дом Лебедева"/>
  <tag k="name:ru" v="Жилой дом Лебедева"/>
  <tag k="ref:egrokn" v="161711110060005"/>
  <tag k="wikidata" v="Q130379315"/>
 </way>
 <way id="91856625" visible="true" version="9" changeset="171984438" timestamp="2025-09-15T20:16:32Z" user="parukhin" uid="519501">
  <nd ref="1067440699"/>
  <nd ref="1067440454"/>
  <nd ref="1067441220"/>
  <nd ref="1067439058"/>
  <nd ref="1067439866"/>
  <nd ref="3725219282"/>
  <nd ref="3725219281"/>
  <nd ref="1067440699"/>
  <tag k="addr:city" v="Казань"/>
  <tag k="addr:country" v="RU"/>
  <tag k="addr:housenumber" v="6"/>
  <tag k="addr:street" v="улица Лобачевского"/>
  <tag k="building" v="office"/>
  <tag k="building:levels" v="3"/>
 </way>
 <way id="91856630" visible="true" version="7" changeset="166945384" timestamp="2025-05-29T22:30:07Z" user="Глеб" uid="346125">
  <nd ref="1067439285"/>
  <nd ref="1067440459"/>
  <nd ref="1067441235"/>
  <nd ref="1067439068"/>
  <nd ref="1067439876"/>
  <nd ref="1067440834"/>
  <nd ref="1067441471"/>
  <nd ref="1067441349"/>
  <nd ref="1067441799"/>
  <nd ref="1067439933"/>
  <nd ref="1067439285"/>
  <tag k="addr:city" v="Казань"/>
  <tag k="addr:housenumber" v="30"/>
  <tag k="addr:street" v="Большая Красная улица"/>
  <tag k="building" v="office"/>
 </way>
 <way id="91856632" visible="true" version="5" changeset="166945384" timestamp="2025-05-29T22:30:07Z" user="Глеб" uid="346125">
  <nd ref="1067441434"/>
  <nd ref="1067440947"/>
  <nd ref="1067441779"/>
  <nd ref="1067439596"/>
  <nd ref="1067440655"/>
  <nd ref="1067441378"/>
  <nd ref="1067439228"/>
  <nd ref="1067439962"/>
  <nd ref="1067441434"/>
  <tag k="addr:city" v="Казань"/>
  <tag k="addr:housenumber" v="23/1"/>
  <tag k="addr:street" v="улица Дзержинского"/>
  <tag k="building" v="yes"/>
 </way>
 <way id="96239617" visible="true" version="11" changeset="127263655" timestamp="2022-10-09T18:59:50Z" user="Альберт Балтачев" uid="5449135">
  <nd ref="1115543772"/>
  <nd ref="8527843381"/>
  <nd ref="9995778316"/>
  <nd ref="10087620627"/>
  <nd ref="1115543773"/>
  <nd ref="8902344379"/>
  <nd ref="1141214252"/>
  <nd ref="1115543778"/>
  <nd ref="8527843377"/>
  <nd ref="8902344375"/>
  <nd ref="908558756"/>
  <nd ref="8902344374"/>
  <nd ref="8527843379"/>
  <nd ref="3117104885"/>
  <nd ref="3117104886"/>
  <nd ref="1115543781"/>
  <nd ref="1115543783"/>
  <nd ref="9995785833"/>
  <nd ref="10087620628"/>
  <nd ref="8901706404"/>
  <nd ref="1115543785"/>
  <nd ref="1115543772"/>
  <tag k="highway" v="footway"/>
 </way>
 <way id="96239619" visible="true" version="7" changeset="183700684" timestamp="2026-06-05T15:03:35Z" user="Airiver" uid="13901111">
  <nd ref="5211949034"/>
  <nd ref="1115543775"/>
  <tag k="highway" v="footway"/>
  <tag k="surface" v="paving_stones"/>
 </way>
 <way id="96239623" visible="true" version="4" changeset="150909731" timestamp="2024-05-05T08:43:15Z" user="basilisk" uid="256949">
  <nd ref="9995785833"/>
  <nd ref="9995785834"/>
  <nd ref="908558762"/>
  <nd ref="1115543773"/>
  <tag k="highway" v="footway"/>
  <tag k="surface" v="paving_stones"/>
 </way>
 <way id="98644310" visible="true" version="2" changeset="11180230" timestamp="2012-04-04T18:35:29Z" user="acsd" uid="345493">
  <nd ref="1141214202"/>
  <nd ref="1141214252"/>
  <tag k="highway" v="footway"/>
 </way>
 <way id="183640151" visible="true" version="23" changeset="164376444" timestamp="2025-04-01T13:52:57Z" user="Глеб" uid="346125">
  <nd ref="293663238"/>
  <nd ref="2143726884"/>
  <nd ref="9702430779"/>
  <nd ref="9702430777"/>
  <nd ref="3117104894"/>
  <nd ref="701685261"/>
  <tag k="foot" v="no"/>
  <tag k="highway" v="secondary"/>
  <tag k="lanes" v="3"/>
  <tag k="lit" v="yes"/>
  <tag k="maxspeed" v="RU:urban"/>
  <tag k="name" v="улица Дзержинского"/>
  <tag k="name:en" v="Dzerzhinskogo Street"/>
  <tag k="name:ru" v="улица Дзержинского"/>
  <tag k="name:tt" v="Дзержинский урамы"/>
  <tag k="oneway" v="yes"/>
  <tag k="parking:both" v="no"/>
  <tag k="parking:both:restriction" v="no_stopping"/>
  <tag k="postal_code" v="420111"/>
  <tag k="sidewalk:both" v="separate"/>
  <tag k="surface" v="asphalt"/>
 </way>
 <way id="227222885" visible="true" version="5" changeset="143603613" timestamp="2023-11-04T08:51:53Z" user="desk77" uid="3417100">
  <nd ref="2359374546"/>
  <nd ref="2359374545"/>
  <nd ref="2359374543"/>
  <nd ref="3819641982"/>
  <nd ref="2359374544"/>
  <nd ref="3819641724"/>
  <nd ref="2359374546"/>
  <tag k="addr:city" v="Казань"/>
  <tag k="addr:country" v="RU"/>
  <tag k="addr:housenumber" v="10"/>
  <tag k="addr:street" v="улица Лобачевского"/>
  <tag k="building" v="yes"/>
 </way>
 <way id="252700657" visible="true" version="4" changeset="157436729" timestamp="2024-10-03T20:58:03Z" user="Глеб" uid="346125">
  <nd ref="2587361909"/>
  <nd ref="1067441037"/>
  <nd ref="1067438792"/>
  <nd ref="2587361908"/>
  <nd ref="2587361909"/>
  <tag k="addr:city" v="Казань"/>
  <tag k="addr:housenumber" v="20"/>
  <tag k="addr:street" v="улица Карла Маркса"/>
  <tag k="building" v="commercial"/>
  <tag k="building:levels" v="3"/>
 </way>
 <way id="276356833" visible="true" version="13" changeset="112061924" timestamp="2021-10-04T07:31:47Z" user="Ruslan90ef" uid="10128567">
  <nd ref="4804522923"/>
  <nd ref="9107111799"/>
  <nd ref="5346611551"/>
  <nd ref="5346611556"/>
  <nd ref="2809675153"/>
  <tag k="footway" v="sidewalk"/>
  <tag k="highway" v="footway"/>
  <tag k="surface" v="asphalt"/>
 </way>
 <way id="287523524" visible="true" version="15" changeset="183700684" timestamp="2026-06-05T15:03:35Z" user="Airiver" uid="13901111">
  <nd ref="1741088361"/>
  <nd ref="3819641727"/>
  <nd ref="3819641741"/>
  <nd ref="3817842534"/>
  <nd ref="9109463161"/>
  <nd ref="9109478518"/>
  <tag k="highway" v="footway"/>
  <tag k="surface" v="asphalt"/>
 </way>
 <way id="299080944" visible="true" version="18" changeset="164374886" timestamp="2025-04-01T13:17:16Z" user="Глеб" uid="346125">
  <nd ref="5462793250"/>
  <nd ref="9702430776"/>
  <nd ref="4103489960"/>
  <nd ref="4103489950"/>
  <nd ref="4103489943"/>
  <nd ref="9109463157"/>
  <nd ref="2809675150"/>
  <nd ref="292927696"/>
  <tag k="foot" v="no"/>
  <tag k="highway" v="secondary"/>
  <tag k="lanes" v="3"/>
  <tag k="lit" v="yes"/>
  <tag k="maxspeed" v="40"/>
  <tag k="name" v="улица Дзержинского"/>
  <tag k="name:en" v="Dzerzhinskogo Street"/>
  <tag k="name:ru" v="улица Дзержинского"/>
  <tag k="name:tt" v="Дзержинский урамы"/>
  <tag k="oneway" v="yes"/>
  <tag k="parking:both" v="no"/>
  <tag k="parking:both:restriction" v="no_stopping"/>
  <tag k="postal_code" v="420111"/>
  <tag k="sidewalk:both" v="separate"/>
  <tag k="surface" v="asphalt"/>
 </way>
 <way id="306736741" visible="true" version="7" changeset="157436729" timestamp="2024-10-03T20:58:03Z" user="Глеб" uid="346125">
  <nd ref="1067441673"/>
  <nd ref="3117104902"/>
  <nd ref="3117104897"/>
  <nd ref="3117104898"/>
  <nd ref="3117104900"/>
  <nd ref="3117104901"/>
  <nd ref="1067441673"/>
  <tag k="addr:city" v="Казань"/>
  <tag k="addr:housenumber" v="28"/>
  <tag k="addr:street" v="улица Карла Маркса"/>
  <tag k="building" v="commercial"/>
  <tag k="building:levels" v="3"/>
 </way>
 <way id="339334955" visible="true" version="10" changeset="166945384" timestamp="2025-05-29T22:30:07Z" user="Глеб" uid="346125">
  <nd ref="3465200886"/>
  <nd ref="5809835219"/>
  <nd ref="3465200887"/>
  <nd ref="3465200888"/>
  <nd ref="4274196796"/>
  <nd ref="4274140793"/>
  <nd ref="3465200889"/>
  <nd ref="3465200886"/>
  <tag k="addr:city" v="Казань"/>
  <tag k="addr:housenumber" v="13"/>
  <tag k="addr:street" v="улица Дзержинского"/>
  <tag k="building" v="apartments"/>
  <tag k="building:flats" v="33"/>
  <tag k="building:levels" v="3"/>
  <tag k="start_date" v="2015"/>
 </way>
 <way id="368670427" visible="true" version="2" changeset="151399434" timestamp="2024-05-16T10:01:24Z" user="vladimiratm" uid="6890675">
  <nd ref="3725219278"/>
  <nd ref="3725219271"/>
  <tag k="footway" v="sidewalk"/>
  <tag k="highway" v="footway"/>
  <tag k="surface" v="asphalt"/>
 </way>
 <way id="368670440" visible="true" version="1" changeset="33737013" timestamp="2015-09-01T19:35:38Z" user="acsd" uid="345493">
  <nd ref="3725219278"/>
  <nd ref="3117104891"/>
  <nd ref="3725219279"/>
  <tag k="footway" v="crossing"/>
  <tag k="highway" v="footway"/>
 </way>
 <way id="368670443" visible="true" version="16" changeset="183295130" timestamp="2026-05-28T09:40:21Z" user="Глеб" uid="346125">
  <nd ref="5060840577"/>
  <nd ref="3725219285"/>
  <nd ref="3725219286"/>
  <nd ref="3725219287"/>
  <nd ref="9995778314"/>
  <nd ref="10004410369"/>
  <nd ref="8527843380"/>
  <nd ref="9995778315"/>
  <nd ref="4440376641"/>
  <nd ref="3725219284"/>
  <nd ref="3725219280"/>
  <tag k="highway" v="footway"/>
  <tag k="lit" v="yes"/>
  <tag k="surface" v="paved"/>
 </way>
 <way id="378326105" visible="true" version="4" changeset="151918337" timestamp="2024-05-27T21:02:54Z" user="Глеб" uid="346125">
  <nd ref="11938257992"/>
  <nd ref="11938257993"/>
  <nd ref="11938257994"/>
  <nd ref="11938257995"/>
  <nd ref="11938257996"/>
  <nd ref="3817372589"/>
  <nd ref="3817372590"/>
  <nd ref="3817372591"/>
  <nd ref="3817372592"/>
  <nd ref="11938257986"/>
  <nd ref="11938257987"/>
  <nd ref="11938257988"/>
  <nd ref="11938257989"/>
  <nd ref="11938257990"/>
  <nd ref="11938257991"/>
  <nd ref="3817372593"/>
  <nd ref="3817372594"/>
  <nd ref="3817372595"/>
  <nd ref="3817372596"/>
  <nd ref="11938257992"/>
  <tag k="amenity" v="place_of_worship"/>
  <tag k="building" v="chapel"/>
  <tag k="denomination" v="sunni"/>
  <tag k="religion" v="muslim"/>
 </way>
 <way id="378326106" visible="true" version="3" changeset="151918337" timestamp="2024-05-27T21:02:54Z" user="Глеб" uid="346125">
  <nd ref="11938257978"/>
  <nd ref="11938257979"/>
  <nd ref="11938257980"/>
  <nd ref="11938257981"/>
  <nd ref="11938257982"/>
  <nd ref="11938257983"/>
  <nd ref="11938257984"/>
  <nd ref="11938257985"/>
  <nd ref="3817372597"/>
  <nd ref="3817372598"/>
  <nd ref="11938257972"/>
  <nd ref="11938257973"/>
  <nd ref="11938257974"/>
  <nd ref="11938257975"/>
  <nd ref="11938257976"/>
  <nd ref="11938257977"/>
  <nd ref="3817372599"/>
  <nd ref="3817372600"/>
  <nd ref="3817372601"/>
  <nd ref="11938257978"/>
  <tag k="amenity" v="place_of_worship"/>
  <tag k="building" v="chapel"/>
  <tag k="denomination" v="russian_orthodox"/>
  <tag k="religion" v="christian"/>
 </way>
 <way id="378326117" visible="true" version="2" changeset="111469896" timestamp="2021-09-21T00:03:15Z" user="VlIvYur" uid="345975">
  <nd ref="3817372625"/>
  <nd ref="9109463159"/>
  <nd ref="3817372627"/>
  <nd ref="3817372628"/>
  <nd ref="3817372632"/>
  <nd ref="3817372626"/>
  <tag k="highway" v="service"/>
  <tag k="service" v="driveway"/>
 </way>
 <way id="378326118" visible="true" version="1" changeset="35081374" timestamp="2015-11-04T15:30:39Z" user="Daniil Musatov" uid="2261094">
  <nd ref="1067439835"/>
  <nd ref="3817372627"/>
  <nd ref="1067439866"/>
  <tag k="barrier" v="wall"/>
 </way>
 <way id="378326119" visible="true" version="1" changeset="35081374" timestamp="2015-11-04T15:30:39Z" user="Daniil Musatov" uid="2261094">
  <nd ref="3817372629"/>
  <nd ref="3817372630"/>
  <nd ref="3817372631"/>
  <tag k="barrier" v="wall"/>
 </way>
 <way id="378326120" visible="true" version="1" changeset="35081374" timestamp="2015-11-04T15:30:39Z" user="Daniil Musatov" uid="2261094">
  <nd ref="3817372632"/>
  <nd ref="3817372635"/>
  <nd ref="3817372633"/>
  <nd ref="3817372634"/>
  <tag k="highway" v="service"/>
  <tag k="service" v="driveway"/>
 </way>
 <way id="378326121" visible="true" version="1" changeset="35081374" timestamp="2015-11-04T15:30:39Z" user="Daniil Musatov" uid="2261094">
  <nd ref="3817372626"/>
  <nd ref="3817372636"/>
  <nd ref="3817372637"/>
  <nd ref="3817372613"/>
  <tag k="highway" v="service"/>
  <tag k="service" v="driveway"/>
 </way>
 <way id="378326122" visible="true" version="2" changeset="35087824" timestamp="2015-11-04T20:41:16Z" user="Daniil Musatov" uid="2261094">
  <nd ref="3817372626"/>
  <nd ref="3817372638"/>
  <nd ref="3817372639"/>
  <nd ref="3817372661"/>
  <nd ref="3817372640"/>
  <nd ref="3817842522"/>
  <nd ref="3817372641"/>
  <nd ref="3817372642"/>
  <nd ref="3817372643"/>
  <tag k="highway" v="service"/>
  <tag k="service" v="driveway"/>
 </way>
 <way id="378326127" visible="true" version="1" changeset="35081374" timestamp="2015-11-04T15:30:40Z" user="Daniil Musatov" uid="2261094">
  <nd ref="3817372661"/>
  <nd ref="3817372664"/>
  <nd ref="3817372662"/>
  <nd ref="3817372663"/>
  <tag k="highway" v="service"/>
  <tag k="service" v="driveway"/>
 </way>
 <way id="378370848" visible="true" version="6" changeset="168576513" timestamp="2025-07-06T19:50:03Z" user="parukhin" uid="519501">
  <nd ref="3817842525"/>
  <nd ref="3817372655"/>
  <nd ref="3817842524"/>
  <nd ref="3817842523"/>
  <nd ref="1067439432"/>
  <nd ref="1067441379"/>
  <nd ref="3817372631"/>
  <nd ref="1067439835"/>
  <nd ref="3817842526"/>
  <nd ref="3817842525"/>
  <tag k="addr:city" v="Казань"/>
  <tag k="addr:country" v="RU"/>
  <tag k="addr:housenumber" v="6"/>
  <tag k="addr:street" v="улица Лобачевского"/>
  <tag k="building" v="apartments"/>
  <tag k="building:flats" v="12"/>
  <tag k="building:levels" v="4"/>
  <tag k="roof:levels" v="1"/>
 </way>
 <way id="378370849" visible="true" version="3" changeset="111469896" timestamp="2021-09-21T00:03:15Z" user="VlIvYur" uid="345975">
  <nd ref="3817842527"/>
  <nd ref="9109463158"/>
  <nd ref="3819641725"/>
  <nd ref="3817842528"/>
  <nd ref="3817842529"/>
  <nd ref="3817842530"/>
  <nd ref="3817842531"/>
  <tag k="highway" v="service"/>
  <tag k="service" v="driveway"/>
 </way>
 <way id="378555508" visible="true" version="1" changeset="35112043" timestamp="2015-11-05T21:03:44Z" user="Daniil Musatov" uid="2261094">
  <nd ref="1067439012"/>
  <nd ref="3819641723"/>
  <nd ref="3819641725"/>
  <nd ref="1067440367"/>
  <tag k="barrier" v="fence"/>
 </way>
 <way id="378555509" visible="true" version="1" changeset="35112043" timestamp="2015-11-05T21:03:44Z" user="Daniil Musatov" uid="2261094">
  <nd ref="3819641723"/>
  <nd ref="3819641724"/>
  <tag k="barrier" v="fence"/>
 </way>
 <way id="378555514" visible="true" version="2" changeset="125420112" timestamp="2022-08-26T19:09:43Z" user="parukhin" uid="519501">
  <nd ref="3819641730"/>
  <nd ref="3819641731"/>
  <nd ref="3819641732"/>
  <tag k="highway" v="service"/>
  <tag k="service" v="driveway"/>
  <tag k="surface" v="ground"/>
 </way>
 <way id="378555515" visible="true" version="5" changeset="143603613" timestamp="2023-11-04T08:51:55Z" user="desk77" uid="3417100">
  <nd ref="1067439497"/>
  <nd ref="2494989752"/>
  <nd ref="3819641735"/>
  <nd ref="3819641736"/>
  <nd ref="1067439300"/>
  <nd ref="1067439497"/>
  <tag k="addr:city" v="Казань"/>
  <tag k="addr:country" v="RU"/>
  <tag k="addr:housenumber" v="10А"/>
  <tag k="addr:street" v="улица Лобачевского"/>
  <tag k="building" v="apartments"/>
  <tag k="building:levels" v="3"/>
 </way>
 <way id="378555521" visible="true" version="2" changeset="38362445" timestamp="2016-04-06T20:13:54Z" user="Daniil Musatov" uid="2261094">
  <nd ref="1067440215"/>
  <nd ref="3819641747"/>
  <nd ref="4103496608"/>
  <tag k="barrier" v="fence"/>
 </way>
 <way id="391387988" visible="true" version="9" changeset="179565962" timestamp="2026-03-09T07:21:49Z" user="acsd" uid="345493">
  <nd ref="4103496595"/>
  <nd ref="4103496594"/>
  <nd ref="9980208108"/>
  <nd ref="9980208097"/>
  <nd ref="3946139045"/>
  <nd ref="3946139046"/>
  <nd ref="4103496595"/>
  <tag k="addr:city" v="Казань"/>
  <tag k="addr:housenumber" v="24"/>
  <tag k="addr:street" v="улица Карла Маркса"/>
  <tag k="building" v="apartments"/>
  <tag k="building:flats" v="40"/>
  <tag k="building:levels" v="5"/>
  <tag k="roof:shape" v="hipped"/>
  <tag k="start_date" v="1960"/>
 </way>
 <way id="408427988" visible="true" version="2" changeset="144343649" timestamp="2023-11-22T21:18:43Z" user="Глеб" uid="346125">
  <nd ref="1067439119"/>
  <nd ref="4103489942"/>
  <nd ref="1067438909"/>
  <tag k="barrier" v="fence"/>
 </way>
 <way id="408427989" visible="true" version="1" changeset="38362445" timestamp="2016-04-06T20:13:47Z" user="Daniil Musatov" uid="2261094">
  <nd ref="4103489943"/>
  <nd ref="4103489944"/>
  <nd ref="4103489942"/>
  <tag k="highway" v="service"/>
  <tag k="service" v="driveway"/>
 </way>
 <way id="408427993" visible="true" version="1" changeset="38362445" timestamp="2016-04-06T20:13:47Z" user="Daniil Musatov" uid="2261094">
  <nd ref="4103489942"/>
  <nd ref="4103489945"/>
  <nd ref="4103489946"/>
  <nd ref="4103489947"/>
  <nd ref="3819641747"/>
  <tag k="access" v="private"/>
  <tag k="highway" v="service"/>
  <tag k="service" v="driveway"/>
 </way>
 <way id="408427999" visible="true" version="1" changeset="38362445" timestamp="2016-04-06T20:13:47Z" user="Daniil Musatov" uid="2261094">
  <nd ref="3819641747"/>
  <nd ref="4103489948"/>
  <nd ref="4103489949"/>
  <tag k="highway" v="service"/>
  <tag k="service" v="driveway"/>
 </way>
 <way id="408428001" visible="true" version="1" changeset="38362445" timestamp="2016-04-06T20:13:47Z" user="Daniil Musatov" uid="2261094">
  <nd ref="4103489950"/>
  <nd ref="4103489951"/>
  <nd ref="4103489952"/>
  <tag k="highway" v="service"/>
  <tag k="service" v="driveway"/>
 </way>
 <way id="408428005" visible="true" version="1" changeset="38362445" timestamp="2016-04-06T20:13:47Z" user="Daniil Musatov" uid="2261094">
  <nd ref="4103489952"/>
  <nd ref="4103489953"/>
  <tag k="access" v="private"/>
  <tag k="highway" v="service"/>
  <tag k="service" v="driveway"/>
  <tag k="tunnel" v="building_passage"/>
 </way>
 <way id="408428010" visible="true" version="1" changeset="38362445" timestamp="2016-04-06T20:13:47Z" user="Daniil Musatov" uid="2261094">
  <nd ref="4103489953"/>
  <nd ref="4103489954"/>
  <nd ref="4103489955"/>
  <nd ref="4103489956"/>
  <nd ref="4103489945"/>
  <tag k="access" v="private"/>
  <tag k="highway" v="service"/>
  <tag k="service" v="driveway"/>
 </way>
 <way id="408428014" visible="true" version="1" changeset="38362445" timestamp="2016-04-06T20:13:47Z" user="Daniil Musatov" uid="2261094">
  <nd ref="4103489958"/>
  <nd ref="4103489959"/>
  <tag k="access" v="private"/>
  <tag k="highway" v="service"/>
  <tag k="service" v="driveway"/>
  <tag k="tunnel" v="building_passage"/>
 </way>
 <way id="408428017" visible="true" version="1" changeset="38362445" timestamp="2016-04-06T20:13:47Z" user="Daniil Musatov" uid="2261094">
  <nd ref="4103489960"/>
  <nd ref="4103489961"/>
  <nd ref="4103489958"/>
  <tag k="highway" v="service"/>
  <tag k="service" v="driveway"/>
 </way>
 <way id="408428020" visible="true" version="1" changeset="38362445" timestamp="2016-04-06T20:13:47Z" user="Daniil Musatov" uid="2261094">
  <nd ref="4103489964"/>
  <nd ref="4103489965"/>
  <tag k="access" v="private"/>
  <tag k="highway" v="service"/>
  <tag k="service" v="driveway"/>
  <tag k="tunnel" v="building_passage"/>
 </way>
 <way id="408428023" visible="true" version="1" changeset="38362445" timestamp="2016-04-06T20:13:47Z" user="Daniil Musatov" uid="2261094">
  <nd ref="4103489966"/>
  <nd ref="4103496623"/>
  <nd ref="4103489964"/>
  <tag k="highway" v="service"/>
  <tag k="service" v="driveway"/>
 </way>
 <way id="408428025" visible="true" version="1" changeset="38362445" timestamp="2016-04-06T20:13:47Z" user="Daniil Musatov" uid="2261094">
  <nd ref="4103489965"/>
  <nd ref="4103489967"/>
  <nd ref="4103489959"/>
  <tag k="access" v="private"/>
  <tag k="highway" v="service"/>
  <tag k="service" v="driveway"/>
 </way>
 <way id="408428028" visible="true" version="2" changeset="136882018" timestamp="2023-06-02T19:42:24Z" user="Глеб" uid="346125">
  <nd ref="4103489968"/>
  <nd ref="4103489969"/>
  <nd ref="4103489970"/>
  <nd ref="9980215928"/>
  <nd ref="4103489968"/>
  <tag k="building" v="service"/>
  <tag k="building:levels" v="1"/>
  <tag k="official_short_type" v="БКТП"/>
  <tag k="operator" v="Казанские электрические сети"/>
  <tag k="power" v="substation"/>
  <tag k="ref" v="37"/>
  <tag k="substation" v="minor_distribution"/>
  <tag k="voltage" v="6000;400"/>
 </way>
 <way id="408428031" visible="true" version="2" changeset="40321382" timestamp="2016-06-27T13:27:57Z" user="V0VIK" uid="1990424">
  <nd ref="4103489974"/>
  <nd ref="1067439197"/>
  <tag k="barrier" v="wall"/>
 </way>
 <way id="408428035" visible="true" version="2" changeset="157435392" timestamp="2024-10-03T20:11:11Z" user="Глеб" uid="346125">
  <nd ref="4103489975"/>
  <nd ref="4103496624"/>
  <nd ref="4103489974"/>
  <nd ref="12219375418"/>
  <nd ref="12219375419"/>
  <tag k="highway" v="service"/>
  <tag k="service" v="driveway"/>
 </way>
 <way id="408428038" visible="true" version="1" changeset="38362445" timestamp="2016-04-06T20:13:48Z" user="Daniil Musatov" uid="2261094">
  <nd ref="4103489976"/>
  <nd ref="4103489977"/>
  <nd ref="4103489978"/>
  <nd ref="4103489980"/>
  <nd ref="4103489979"/>
  <nd ref="4103489976"/>
  <tag k="building" v="garages"/>
 </way>
 <way id="408428041" visible="true" version="1" changeset="38362445" timestamp="2016-04-06T20:13:48Z" user="Daniil Musatov" uid="2261094">
  <nd ref="1067439769"/>
  <nd ref="4103489980"/>
  <tag k="barrier" v="wall"/>
 </way>
 <way id="408428044" visible="true" version="1" changeset="38362445" timestamp="2016-04-06T20:13:48Z" user="Daniil Musatov" uid="2261094">
  <nd ref="4103489981"/>
  <nd ref="4103489977"/>
  <tag k="barrier" v="wall"/>
 </way>
 <way id="408428046" visible="true" version="1" changeset="38362445" timestamp="2016-04-06T20:13:48Z" user="Daniil Musatov" uid="2261094">
  <nd ref="1067440326"/>
  <nd ref="4103489982"/>
  <nd ref="3946139045"/>
  <tag k="barrier" v="fence"/>
 </way>
 <way id="408428049" visible="true" version="2" changeset="125420112" timestamp="2022-08-26T19:09:43Z" user="parukhin" uid="519501">
  <nd ref="4103489983"/>
  <nd ref="4103496625"/>
  <nd ref="4103489982"/>
  <nd ref="4103489984"/>
  <nd ref="9980420217"/>
  <nd ref="4103489985"/>
  <nd ref="4103489987"/>
  <nd ref="4103489981"/>
  <tag k="highway" v="service"/>
  <tag k="service" v="driveway"/>
 </way>
 <way id="408428054" visible="true" version="1" changeset="38362445" timestamp="2016-04-06T20:13:48Z" user="Daniil Musatov" uid="2261094">
  <nd ref="4103489981"/>
  <nd ref="4103489988"/>
  <tag k="access" v="private"/>
  <tag k="highway" v="service"/>
  <tag k="service" v="driveway"/>
 </way>
 <way id="408428057" visible="true" version="2" changeset="125420112" timestamp="2022-08-26T19:09:43Z" user="parukhin" uid="519501">
  <nd ref="4103489984"/>
  <nd ref="9980420219"/>
  <nd ref="4103496589"/>
  <tag k="highway" v="service"/>
  <tag k="service" v="driveway"/>
 </way>
 <way id="408428059" visible="true" version="1" changeset="38362445" timestamp="2016-04-06T20:13:48Z" user="Daniil Musatov" uid="2261094">
  <nd ref="4103489985"/>
  <nd ref="4103496590"/>
  <nd ref="4103496591"/>
  <tag k="highway" v="service"/>
  <tag k="service" v="driveway"/>
 </way>
 <way id="408428062" visible="true" version="1" changeset="38362445" timestamp="2016-04-06T20:13:48Z" user="Daniil Musatov" uid="2261094">
  <nd ref="3117104902"/>
  <nd ref="4103496596"/>
  <nd ref="1067439000"/>
  <tag k="barrier" v="wall"/>
 </way>
 <way id="408428065" visible="true" version="2" changeset="157435392" timestamp="2024-10-03T20:11:11Z" user="Глеб" uid="346125">
  <nd ref="4103496597"/>
  <nd ref="12219375423"/>
  <nd ref="4103496596"/>
  <nd ref="12219375421"/>
  <nd ref="12219375422"/>
  <tag k="highway" v="service"/>
  <tag k="service" v="driveway"/>
 </way>
 <way id="408428068" visible="true" version="4" changeset="157436729" timestamp="2024-10-03T20:58:03Z" user="Глеб" uid="346125">
  <nd ref="4103496595"/>
  <nd ref="4103496603"/>
  <nd ref="3117104901"/>
  <nd ref="1067441673"/>
  <nd ref="4103496595"/>
 </way>
 <way id="408428074" visible="true" version="1" changeset="38362445" timestamp="2016-04-06T20:13:48Z" user="Daniil Musatov" uid="2261094">
  <nd ref="4103489981"/>
  <nd ref="4103496603"/>
  <tag k="barrier" v="wall"/>
 </way>
 <way id="408428076" visible="true" version="7" changeset="166945384" timestamp="2025-05-29T22:30:07Z" user="Глеб" uid="346125">
  <nd ref="4103496607"/>
  <nd ref="4103496614"/>
  <nd ref="4103496608"/>
  <nd ref="4103496609"/>
  <nd ref="4103496610"/>
  <nd ref="4103496611"/>
  <nd ref="4103496613"/>
  <nd ref="4103496606"/>
  <nd ref="4103496607"/>
  <tag k="addr:city" v="Казань"/>
  <tag k="addr:housenumber" v="9"/>
  <tag k="addr:street" v="улица Лобачевского"/>
  <tag k="building" v="office"/>
  <tag k="name" v="Дом Стахеева"/>
  <tag k="name:en" v="Staheev House"/>
  <tag k="name:ru" v="Дом Стахеева"/>
  <tag k="name:tt" v="Стахеев Йорты"/>
 </way>
 <way id="408428080" visible="true" version="1" changeset="38362445" timestamp="2016-04-06T20:13:49Z" user="Daniil Musatov" uid="2261094">
  <nd ref="4103496613"/>
  <nd ref="4103496614"/>
  <tag k="access" v="private"/>
  <tag k="highway" v="service"/>
  <tag k="service" v="driveway"/>
  <tag k="tunnel" v="building_passage"/>
 </way>
 <way id="408428083" visible="true" version="1" changeset="38362445" timestamp="2016-04-06T20:13:49Z" user="Daniil Musatov" uid="2261094">
  <nd ref="4103496614"/>
  <nd ref="4103496615"/>
  <nd ref="4103496616"/>
  <tag k="highway" v="service"/>
  <tag k="service" v="driveway"/>
 </way>
 <way id="408428086" visible="true" version="1" changeset="38362445" timestamp="2016-04-06T20:13:49Z" user="Daniil Musatov" uid="2261094">
  <nd ref="4103496613"/>
  <nd ref="4103496617"/>
  <nd ref="4103496618"/>
  <tag k="access" v="private"/>
  <tag k="highway" v="service"/>
  <tag k="service" v="driveway"/>
 </way>
 <way id="408428089" visible="true" version="4" changeset="183700684" timestamp="2026-06-05T15:03:35Z" user="Airiver" uid="13901111">
  <nd ref="4440376643"/>
  <nd ref="4103496623"/>
  <nd ref="4103496624"/>
  <nd ref="4103496625"/>
  <nd ref="4103496626"/>
  <tag k="footway" v="sidewalk"/>
  <tag k="highway" v="footway"/>
 </way>
 <way id="427608605" visible="true" version="5" changeset="166945384" timestamp="2025-05-29T22:30:07Z" user="Глеб" uid="346125">
  <nd ref="4268072736"/>
  <nd ref="4268072737"/>
  <nd ref="4268072738"/>
  <nd ref="4268072739"/>
  <nd ref="4268072736"/>
  <tag k="addr:city" v="Казань"/>
  <tag k="addr:housenumber" v="2А"/>
  <tag k="addr:postcode" v="420111"/>
  <tag k="addr:street" v="улица Карла Фукса"/>
  <tag k="building" v="office"/>
 </way>
 <way id="446811649" visible="true" version="6" changeset="113450899" timestamp="2021-11-06T15:49:37Z" user="b4r73m15" uid="14283658">
  <nd ref="4440376641"/>
  <nd ref="3117104894"/>
  <nd ref="4440376642"/>
  <tag k="footway" v="crossing"/>
  <tag k="highway" v="footway"/>
  <tag k="kerb" v="lowered"/>
  <tag k="lit" v="yes"/>
  <tag k="surface" v="asphalt"/>
 </way>
 <way id="446811650" visible="true" version="5" changeset="105854096" timestamp="2021-06-04T17:56:54Z" user="Filipp Volodin" uid="10346664">
  <nd ref="4440376643"/>
  <nd ref="3117104895"/>
  <nd ref="4440376642"/>
  <tag k="footway" v="crossing"/>
  <tag k="highway" v="footway"/>
  <tag k="kerb" v="lowered"/>
  <tag k="surface" v="asphalt"/>
 </way>
 <way id="446811651" visible="true" version="8" changeset="157435392" timestamp="2024-10-03T20:11:11Z" user="Глеб" uid="346125">
  <nd ref="4440376642"/>
  <nd ref="12219375416"/>
  <nd ref="12219375417"/>
  <nd ref="4708305889"/>
  <nd ref="4440376644"/>
  <tag k="footway" v="sidewalk"/>
  <tag k="highway" v="footway"/>
  <tag k="surface" v="asphalt"/>
  <tag k="width" v="2"/>
 </way>
 <way id="446811652" visible="true" version="9" changeset="183700684" timestamp="2026-06-05T15:03:35Z" user="Airiver" uid="13901111">
  <nd ref="4440376642"/>
  <nd ref="9784001045"/>
  <nd ref="9784001046"/>
  <nd ref="11938257971"/>
  <nd ref="4571995006"/>
  <tag k="footway" v="sidewalk"/>
  <tag k="highway" v="footway"/>
  <tag k="lit" v="yes"/>
  <tag k="width" v="2"/>
 </way>
 <way id="447677637" visible="true" version="8" changeset="144675978" timestamp="2023-12-01T21:46:59Z" user="Глеб" uid="346125">
  <nd ref="3725219280"/>
  <nd ref="3725219279"/>
  <nd ref="2809675149"/>
  <nd ref="3725219273"/>
  <nd ref="5060840576"/>
  <nd ref="2809675148"/>
  <tag k="footway" v="sidewalk"/>
  <tag k="highway" v="footway"/>
 </way>
 <way id="477485928" visible="true" version="19" changeset="152836866" timestamp="2024-06-18T08:39:35Z" user="Глеб" uid="346125">
  <nd ref="701685263"/>
  <nd ref="4103496597"/>
  <nd ref="9980208089"/>
  <nd ref="9109463195"/>
  <nd ref="2809675152"/>
  <nd ref="295019737"/>
  <tag k="alt_name:en" v="Karla Marksa Street"/>
  <tag k="foot" v="no"/>
  <tag k="highway" v="secondary"/>
  <tag k="lanes" v="2"/>
  <tag k="lanes:psv" v="1"/>
  <tag k="lit" v="yes"/>
  <tag k="maxspeed" v="RU:urban"/>
  <tag k="name" v="улица Карла Маркса"/>
  <tag k="name:de" v="uliza Karla Marksa"/>
  <tag k="name:en" v="Karl Marx Street"/>
  <tag k="name:ru" v="улица Карла Маркса"/>
  <tag k="name:tt" v="Карл Маркс урамы"/>
  <tag k="oneway" v="yes"/>
  <tag k="parking:condition:right" v="no_stopping"/>
  <tag k="surface" v="asphalt"/>
  <tag k="turn:lanes" v="left;through|right"/>
  <tag k="wikidata" v="Q4472377"/>
 </way>
 <way id="488095550" visible="true" version="2" changeset="68438715" timestamp="2019-03-23T09:09:03Z" user="acsd" uid="345493">
  <nd ref="4804522922"/>
  <nd ref="4804522921"/>
  <tag k="footway" v="sidewalk"/>
  <tag k="highway" v="footway"/>
 </way>
 <way id="488095551" visible="true" version="5" changeset="132749244" timestamp="2023-02-19T13:56:55Z" user="Ruslan90ef" uid="10128567">
  <nd ref="4804522925"/>
  <nd ref="5346611559"/>
  <nd ref="9107111800"/>
  <nd ref="4804522924"/>
  <tag k="footway" v="sidewalk"/>
  <tag k="highway" v="footway"/>
  <tag k="surface" v="asphalt"/>
 </way>
 <way id="538470795" visible="true" version="3" changeset="150909731" timestamp="2024-05-05T08:42:49Z" user="basilisk" uid="256949">
  <nd ref="908558762"/>
  <nd ref="5211949031"/>
  <nd ref="9995785840"/>
  <tag k="highway" v="footway"/>
  <tag k="surface" v="paving_stones"/>
 </way>
 <way id="549952355" visible="true" version="3" changeset="125713742" timestamp="2022-09-02T19:56:21Z" user="parukhin" uid="519501">
  <nd ref="2750228891"/>
  <nd ref="487688619"/>
  <nd ref="1115543798"/>
  <nd ref="9995785818"/>
  <nd ref="8527843382"/>
  <nd ref="5312334250"/>
  <nd ref="487688623"/>
  <nd ref="8905027693"/>
  <nd ref="487688612"/>
  <nd ref="8527843384"/>
  <nd ref="8905027691"/>
  <nd ref="8905027692"/>
  <nd ref="1067438857"/>
  <tag k="barrier" v="fence"/>
 </way>
 <way id="553957667" visible="true" version="3" changeset="157435879" timestamp="2024-10-03T20:25:17Z" user="Глеб" uid="346125">
  <nd ref="12219382535"/>
  <nd ref="5346611552"/>
  <nd ref="5346611553"/>
  <nd ref="5346611551"/>
  <nd ref="5346611550"/>
  <tag k="highway" v="service"/>
  <tag k="surface" v="asphalt"/>
 </way>
 <way id="553957668" visible="true" version="3" changeset="157435969" timestamp="2024-10-03T20:27:07Z" user="Глеб" uid="346125">
  <nd ref="12219375847"/>
  <nd ref="5346611553"/>
  <nd ref="1067439853"/>
  <tag k="barrier" v="fence"/>
 </way>
 <way id="553957669" visible="true" version="2" changeset="132749240" timestamp="2023-02-19T13:57:03Z" user="Ruslan90ef" uid="10128567">
  <nd ref="5346611557"/>
  <nd ref="5346611562"/>
  <nd ref="5346611556"/>
  <nd ref="5346611555"/>
  <tag k="highway" v="service"/>
  <tag k="surface" v="asphalt"/>
 </way>
 <way id="553957670" visible="true" version="2" changeset="132749240" timestamp="2023-02-19T13:56:52Z" user="Ruslan90ef" uid="10128567">
  <nd ref="5346611560"/>
  <nd ref="5346611559"/>
  <nd ref="5346611558"/>
  <tag k="highway" v="service"/>
  <tag k="surface" v="asphalt"/>
 </way>
 <way id="553957671" visible="true" version="1" changeset="55543356" timestamp="2018-01-18T08:50:47Z" user="Глеб" uid="346125">
  <nd ref="1067441759"/>
  <nd ref="5346611562"/>
  <nd ref="1067441064"/>
  <tag k="barrier" v="fence"/>
 </way>
 <way id="567556301" visible="true" version="11" changeset="164376444" timestamp="2025-04-01T13:52:57Z" user="Глеб" uid="346125">
  <nd ref="701685261"/>
  <nd ref="5462793250"/>
  <tag k="foot" v="no"/>
  <tag k="highway" v="secondary"/>
  <tag k="lanes" v="3"/>
  <tag k="lit" v="yes"/>
  <tag k="maxspeed" v="40"/>
  <tag k="name" v="улица Дзержинского"/>
  <tag k="name:en" v="Dzerzhinskogo Street"/>
  <tag k="name:ru" v="улица Дзержинского"/>
  <tag k="name:tt" v="Дзержинский урамы"/>
  <tag k="oneway" v="yes"/>
  <tag k="parking:both" v="no"/>
  <tag k="parking:both:restriction" v="no_stopping"/>
  <tag k="postal_code" v="420111"/>
  <tag k="sidewalk:both" v="separate"/>
  <tag k="surface" v="asphalt"/>
 </way>
 <way id="866209045" visible="true" version="2" changeset="134680346" timestamp="2023-04-09T09:44:09Z" user="ArsGaz" uid="6187969">
  <nd ref="8073886735"/>
  <nd ref="8073886736"/>
  <nd ref="8073886739"/>
  <nd ref="8073886737"/>
  <nd ref="8073886738"/>
  <nd ref="8073886735"/>
  <tag k="building" v="hospital"/>
 </way>
 <way id="866209046" visible="true" version="3" changeset="125454424" timestamp="2022-08-27T19:20:42Z" user="parukhin" uid="519501">
  <nd ref="9674213701"/>
  <nd ref="8073886762"/>
  <nd ref="9982088226"/>
  <nd ref="8073886741"/>
  <nd ref="8073886742"/>
  <nd ref="8073886743"/>
  <nd ref="8073886744"/>
  <tag k="highway" v="service"/>
 </way>
 <way id="866209048" visible="true" version="1" changeset="93405029" timestamp="2020-11-02T08:43:41Z" user="acsd" uid="345493">
  <nd ref="8073886737"/>
  <nd ref="8073886748"/>
  <tag k="barrier" v="fence"/>
 </way>
 <way id="866209050" visible="true" version="4" changeset="138373417" timestamp="2023-07-11T10:19:45Z" user="Глеб" uid="346125">
  <nd ref="8073886759"/>
  <nd ref="8073886758"/>
  <nd ref="8073886757"/>
  <nd ref="8073886756"/>
  <nd ref="8073886759"/>
  <nd ref="8073886755"/>
  <nd ref="8073886753"/>
  <nd ref="9982083906"/>
  <nd ref="8073886761"/>
  <nd ref="9674213702"/>
  <tag k="access" v="private"/>
  <tag k="highway" v="service"/>
  <tag k="surface" v="asphalt"/>
 </way>
 <way id="897548143" visible="true" version="1" changeset="97839078" timestamp="2021-01-20T12:57:11Z" user="parukhin" uid="519501">
  <nd ref="1067440908"/>
  <nd ref="8342005193"/>
  <nd ref="8342005194"/>
  <tag k="barrier" v="wall"/>
 </way>
 <way id="897548148" visible="true" version="1" changeset="97839078" timestamp="2021-01-20T12:57:11Z" user="parukhin" uid="519501">
  <nd ref="1067439561"/>
  <nd ref="8342005187"/>
  <nd ref="8342005179"/>
  <nd ref="1067441650"/>
  <tag k="barrier" v="fence"/>
 </way>
 <way id="897548159" visible="true" version="3" changeset="146347860" timestamp="2024-01-17T06:00:31Z" user="Глеб" uid="346125">
  <nd ref="9674213700"/>
  <nd ref="8342005191"/>
  <nd ref="8342005193"/>
  <nd ref="8342005195"/>
  <tag k="highway" v="service"/>
  <tag k="surface" v="asphalt"/>
 </way>
 <way id="897548167" visible="true" version="4" changeset="157435879" timestamp="2024-10-03T20:25:17Z" user="Глеб" uid="346125">
  <nd ref="9674213699"/>
  <nd ref="8342005181"/>
  <nd ref="8342005187"/>
  <nd ref="12219382532"/>
  <nd ref="8342005197"/>
  <nd ref="8342005196"/>
  <nd ref="12219382531"/>
  <nd ref="8342005179"/>
  <nd ref="8342005175"/>
  <nd ref="9674213698"/>
  <tag k="highway" v="service"/>
  <tag k="surface" v="asphalt"/>
 </way>
 <way id="918214188" visible="true" version="4" changeset="150909765" timestamp="2024-05-05T08:42:39Z" user="basilisk" uid="256949">
  <nd ref="1115543798"/>
  <nd ref="8902344379"/>
  <nd ref="1115543775"/>
  <tag k="handrail" v="yes"/>
  <tag k="highway" v="steps"/>
  <tag k="incline" v="down"/>
 </way>
 <way id="944031048" visible="true" version="16" changeset="164374886" timestamp="2025-04-01T13:17:16Z" user="Глеб" uid="346125">
  <nd ref="295019737"/>
  <nd ref="9109463160"/>
  <nd ref="3817842535"/>
  <nd ref="3819641740"/>
  <nd ref="3819641726"/>
  <nd ref="8741741616"/>
  <nd ref="9203972541"/>
  <nd ref="1345122237"/>
  <nd ref="698271165"/>
  <tag k="alt_name:en" v="Karla Marksa Street"/>
  <tag k="busway" v="lane"/>
  <tag k="foot" v="no"/>
  <tag k="highway" v="secondary"/>
  <tag k="lanes" v="2"/>
  <tag k="lanes:bus" v="1"/>
  <tag k="lit" v="yes"/>
  <tag k="maxspeed" v="RU:urban"/>
  <tag k="name" v="улица Карла Маркса"/>
  <tag k="name:de" v="uliza Karla Marksa"/>
  <tag k="name:en" v="Karl Marx Street"/>
  <tag k="name:ru" v="улица Карла Маркса"/>
  <tag k="name:tt" v="Карл Маркс урамы"/>
  <tag k="oneway" v="yes"/>
  <tag k="parking:condition:right" v="no_stopping"/>
  <tag k="parking:left" v="no"/>
  <tag k="sidewalk:left" v="no"/>
  <tag k="sidewalk:right" v="separate"/>
  <tag k="surface" v="asphalt"/>
  <tag k="wikidata" v="Q4472377"/>
 </way>
 <way id="954638185" visible="true" version="4" changeset="146347860" timestamp="2024-01-17T06:01:01Z" user="Глеб" uid="346125">
  <nd ref="9109463186"/>
  <nd ref="8836094319"/>
  <nd ref="9109463213"/>
  <nd ref="8836094317"/>
  <nd ref="9674213697"/>
  <tag k="highway" v="service"/>
  <tag k="surface" v="asphalt"/>
 </way>
 <way id="962408987" visible="true" version="1" changeset="107591743" timestamp="2021-07-07T22:38:14Z" user="OSMPossum" uid="11601482">
  <nd ref="1115543798"/>
  <nd ref="3725219284"/>
  <tag k="highway" v="footway"/>
 </way>
 <way id="985068778" visible="true" version="1" changeset="111436207" timestamp="2021-09-20T07:44:29Z" user="VlIvYur" uid="345975">
  <nd ref="9107111786"/>
  <nd ref="9107111783"/>
  <nd ref="9107111782"/>
  <nd ref="9107111785"/>
  <nd ref="9107111784"/>
  <tag k="highway" v="service"/>
  <tag k="service" v="driveway"/>
 </way>
 <way id="985361685" visible="true" version="1" changeset="111469896" timestamp="2021-09-21T00:03:15Z" user="VlIvYur" uid="345975">
  <nd ref="9109478423"/>
  <nd ref="3117104892"/>
  <nd ref="3725219277"/>
  <tag k="footway" v="crossing"/>
  <tag k="highway" v="footway"/>
 </way>
 <way id="985361686" visible="true" version="2" changeset="183700684" timestamp="2026-06-05T15:03:35Z" user="Airiver" uid="13901111">
  <nd ref="9109463162"/>
  <nd ref="8342005162"/>
  <nd ref="8342005151"/>
  <nd ref="1741088363"/>
  <tag k="footway" v="sidewalk"/>
  <tag k="highway" v="footway"/>
  <tag k="surface" v="asphalt"/>
 </way>
 <way id="985361687" visible="true" version="3" changeset="183700684" timestamp="2026-06-05T15:03:35Z" user="Airiver" uid="13901111">
  <nd ref="2809675153"/>
  <nd ref="1755214815"/>
  <nd ref="4804522925"/>
  <nd ref="9109463162"/>
  <tag k="crossing" v="traffic_signals"/>
  <tag k="footway" v="crossing"/>
  <tag k="highway" v="footway"/>
  <tag k="surface" v="asphalt"/>
 </way>
 <way id="985361688" visible="true" version="2" changeset="125476236" timestamp="2022-08-28T12:45:12Z" user="parukhin" uid="519501">
  <nd ref="9109478518"/>
  <nd ref="9983340346"/>
  <nd ref="9109463158"/>
  <nd ref="9109463159"/>
  <nd ref="9109478422"/>
  <tag k="footway" v="sidewalk"/>
  <tag k="highway" v="footway"/>
 </way>
 <way id="985361689" visible="true" version="4" changeset="181903721" timestamp="2026-04-27T17:42:17Z" user="Ruslan Fatih" uid="12875574">
  <nd ref="9109463162"/>
  <nd ref="9674213695"/>
  <nd ref="9109463160"/>
  <nd ref="9109463161"/>
  <tag k="crossing" v="traffic_signals"/>
  <tag k="footway" v="crossing"/>
  <tag k="highway" v="footway"/>
  <tag k="surface" v="asphalt"/>
 </way>
 <way id="985361694" visible="true" version="1" changeset="111469896" timestamp="2021-09-21T00:03:15Z" user="VlIvYur" uid="345975">
  <nd ref="9109463173"/>
  <nd ref="9109463172"/>
  <tag k="leaf_cycle" v="deciduous"/>
  <tag k="leaf_type" v="broadleaved"/>
  <tag k="natural" v="tree_row"/>
 </way>
 <way id="985361695" visible="true" version="1" changeset="111469896" timestamp="2021-09-21T00:03:15Z" user="VlIvYur" uid="345975">
  <nd ref="9109463176"/>
  <nd ref="9109463175"/>
  <tag k="barrier" v="fence"/>
  <tag k="height" v="1"/>
 </way>
 <way id="985361696" visible="true" version="1" changeset="111469896" timestamp="2021-09-21T00:03:15Z" user="VlIvYur" uid="345975">
  <nd ref="9109463178"/>
  <nd ref="9109463177"/>
  <tag k="leaf_cycle" v="deciduous"/>
  <tag k="leaf_type" v="broadleaved"/>
  <tag k="natural" v="tree_row"/>
 </way>
 <way id="985361698" visible="true" version="1" changeset="111469896" timestamp="2021-09-21T00:03:15Z" user="VlIvYur" uid="345975">
  <nd ref="9109463183"/>
  <nd ref="9109463182"/>
  <tag k="leaf_cycle" v="deciduous"/>
  <tag k="leaf_type" v="broadleaved"/>
  <tag k="natural" v="tree_row"/>
 </way>
 <way id="985361700" visible="true" version="1" changeset="111469896" timestamp="2021-09-21T00:03:15Z" user="VlIvYur" uid="345975">
  <nd ref="9109463188"/>
  <nd ref="9109463187"/>
  <tag k="leaf_cycle" v="deciduous"/>
  <tag k="leaf_type" v="broadleaved"/>
  <tag k="natural" v="tree_row"/>
 </way>
 <way id="985361704" visible="true" version="1" changeset="111469896" timestamp="2021-09-21T00:03:15Z" user="VlIvYur" uid="345975">
  <nd ref="9109463200"/>
  <nd ref="9109463199"/>
  <tag k="leaf_cycle" v="deciduous"/>
  <tag k="leaf_type" v="broadleaved"/>
  <tag k="natural" v="tree_row"/>
 </way>
 <way id="985361709" visible="true" version="1" changeset="111469896" timestamp="2021-09-21T00:03:15Z" user="VlIvYur" uid="345975">
  <nd ref="9109463212"/>
  <nd ref="9109463211"/>
  <tag k="leaf_cycle" v="deciduous"/>
  <tag k="leaf_type" v="broadleaved"/>
  <tag k="natural" v="tree_row"/>
 </way>
 <way id="985361712" visible="true" version="1" changeset="111469896" timestamp="2021-09-21T00:03:15Z" user="VlIvYur" uid="345975">
  <nd ref="9109478419"/>
  <nd ref="9109478418"/>
  <tag k="leaf_cycle" v="deciduous"/>
  <tag k="leaf_type" v="broadleaved"/>
  <tag k="natural" v="tree_row"/>
 </way>
 <way id="985361714" visible="true" version="3" changeset="183700684" timestamp="2026-06-05T15:03:35Z" user="Airiver" uid="13901111">
  <nd ref="3817372588"/>
  <nd ref="4103489944"/>
  <nd ref="4103489951"/>
  <nd ref="4103489961"/>
  <nd ref="4440376643"/>
  <tag k="footway" v="sidewalk"/>
  <tag k="highway" v="footway"/>
 </way>
 <way id="985361715" visible="true" version="1" changeset="111469896" timestamp="2021-09-21T00:03:15Z" user="VlIvYur" uid="345975">
  <nd ref="9109478422"/>
  <nd ref="3117104893"/>
  <nd ref="3817372588"/>
  <tag k="footway" v="crossing"/>
  <tag k="highway" v="footway"/>
 </way>
 <way id="985361716" visible="true" version="1" changeset="111469896" timestamp="2021-09-21T00:03:15Z" user="VlIvYur" uid="345975">
  <nd ref="9109478426"/>
  <nd ref="9109478425"/>
  <tag k="leaf_cycle" v="deciduous"/>
  <tag k="leaf_type" v="broadleaved"/>
  <tag k="natural" v="tree_row"/>
 </way>
 <way id="985361717" visible="true" version="1" changeset="111469896" timestamp="2021-09-21T00:03:15Z" user="VlIvYur" uid="345975">
  <nd ref="9109478428"/>
  <nd ref="9109478427"/>
  <tag k="leaf_cycle" v="deciduous"/>
  <tag k="leaf_type" v="broadleaved"/>
  <tag k="natural" v="tree_row"/>
 </way>
 <way id="985361719" visible="true" version="1" changeset="111469896" timestamp="2021-09-21T00:03:15Z" user="VlIvYur" uid="345975">
  <nd ref="9109478432"/>
  <nd ref="9109478431"/>
  <tag k="leaf_cycle" v="deciduous"/>
  <tag k="leaf_type" v="broadleaved"/>
  <tag k="natural" v="tree_row"/>
 </way>
 <way id="985361720" visible="true" version="1" changeset="111469896" timestamp="2021-09-21T00:03:15Z" user="VlIvYur" uid="345975">
  <nd ref="9109478434"/>
  <nd ref="9109478433"/>
  <tag k="leaf_cycle" v="deciduous"/>
  <tag k="leaf_type" v="broadleaved"/>
  <tag k="natural" v="tree_row"/>
 </way>
 <way id="985361723" visible="true" version="4" changeset="181903721" timestamp="2026-04-27T17:42:17Z" user="Ruslan Fatih" uid="12875574">
  <nd ref="12996489214"/>
  <nd ref="9675504356"/>
  <nd ref="3117104904"/>
  <nd ref="12996489213"/>
  <tag k="crossing" v="traffic_signals"/>
  <tag k="footway" v="crossing"/>
  <tag k="highway" v="footway"/>
  <tag k="surface" v="asphalt"/>
 </way>
 <way id="985361724" visible="true" version="3" changeset="181903721" timestamp="2026-04-27T17:42:17Z" user="Ruslan Fatih" uid="12875574">
  <nd ref="12996489212"/>
  <nd ref="1755214768"/>
  <nd ref="4804522922"/>
  <tag k="crossing" v="traffic_signals"/>
  <tag k="footway" v="crossing"/>
  <tag k="highway" v="footway"/>
  <tag k="surface" v="asphalt"/>
 </way>
 <way id="985361725" visible="true" version="3" changeset="168854733" timestamp="2025-07-12T23:08:43Z" user="parukhin" uid="519501">
  <nd ref="1755214737"/>
  <nd ref="9784001047"/>
  <nd ref="9109478520"/>
  <nd ref="1755214587"/>
  <nd ref="8073886762"/>
  <nd ref="8073886761"/>
  <nd ref="8342005191"/>
  <nd ref="12996489214"/>
  <nd ref="4804522519"/>
  <tag k="footway" v="sidewalk"/>
  <tag k="highway" v="footway"/>
  <tag k="surface" v="asphalt"/>
 </way>
 <way id="985361727" visible="true" version="1" changeset="111469896" timestamp="2021-09-21T00:03:15Z" user="VlIvYur" uid="345975">
  <nd ref="9109478445"/>
  <nd ref="9109478444"/>
  <tag k="leaf_cycle" v="deciduous"/>
  <tag k="leaf_type" v="broadleaved"/>
  <tag k="natural" v="tree_row"/>
 </way>
 <way id="985361729" visible="true" version="1" changeset="111469896" timestamp="2021-09-21T00:03:15Z" user="VlIvYur" uid="345975">
  <nd ref="9109478449"/>
  <nd ref="9109478440"/>
  <nd ref="9109478451"/>
  <tag k="barrier" v="fence"/>
  <tag k="height" v="1"/>
 </way>
 <way id="985361731" visible="true" version="1" changeset="111469896" timestamp="2021-09-21T00:03:15Z" user="VlIvYur" uid="345975">
  <nd ref="9109478453"/>
  <nd ref="9109478452"/>
  <tag k="leaf_cycle" v="deciduous"/>
  <tag k="leaf_type" v="broadleaved"/>
  <tag k="natural" v="tree_row"/>
 </way>
 <way id="985361734" visible="true" version="1" changeset="111469896" timestamp="2021-09-21T00:03:15Z" user="VlIvYur" uid="345975">
  <nd ref="9109478459"/>
  <nd ref="9109478458"/>
  <tag k="leaf_cycle" v="deciduous"/>
  <tag k="leaf_type" v="broadleaved"/>
  <tag k="natural" v="tree_row"/>
 </way>
 <way id="985361735" visible="true" version="1" changeset="111469896" timestamp="2021-09-21T00:03:15Z" user="VlIvYur" uid="345975">
  <nd ref="9109478461"/>
  <nd ref="9109478460"/>
  <tag k="leaf_cycle" v="deciduous"/>
  <tag k="leaf_type" v="broadleaved"/>
  <tag k="natural" v="tree_row"/>
 </way>
 <way id="985361738" visible="true" version="1" changeset="111469896" timestamp="2021-09-21T00:03:15Z" user="VlIvYur" uid="345975">
  <nd ref="9109478472"/>
  <nd ref="9109478467"/>
  <nd ref="9109478469"/>
  <nd ref="9109478471"/>
  <nd ref="9109478470"/>
  <nd ref="2143726887"/>
  <tag k="highway" v="service"/>
  <tag k="service" v="driveway"/>
 </way>
 <way id="985361739" visible="true" version="1" changeset="111469896" timestamp="2021-09-21T00:03:15Z" user="VlIvYur" uid="345975">
  <nd ref="9109478473"/>
  <nd ref="9109478468"/>
  <nd ref="9109478466"/>
  <nd ref="8073886740"/>
  <tag k="highway" v="service"/>
  <tag k="service" v="driveway"/>
 </way>
 <way id="985361748" visible="true" version="1" changeset="111469896" timestamp="2021-09-21T00:03:15Z" user="VlIvYur" uid="345975">
  <nd ref="9109478507"/>
  <nd ref="9109478506"/>
  <tag k="leaf_cycle" v="deciduous"/>
  <tag k="leaf_type" v="broadleaved"/>
  <tag k="natural" v="tree_row"/>
 </way>
 <way id="985361751" visible="true" version="3" changeset="181903721" timestamp="2026-04-27T17:42:17Z" user="Ruslan Fatih" uid="12875574">
  <nd ref="9109478518"/>
  <nd ref="2911445534"/>
  <nd ref="9109478519"/>
  <tag k="crossing" v="traffic_signals"/>
  <tag k="footway" v="crossing"/>
  <tag k="highway" v="footway"/>
  <tag k="surface" v="asphalt"/>
 </way>
 <way id="985361754" visible="true" version="3" changeset="168854733" timestamp="2025-07-12T23:08:43Z" user="parukhin" uid="519501">
  <nd ref="4440376644"/>
  <nd ref="12996489213"/>
  <nd ref="9109478466"/>
  <nd ref="9109478467"/>
  <nd ref="9109478486"/>
  <nd ref="9109478490"/>
  <nd ref="9109478494"/>
  <nd ref="4571995007"/>
  <tag k="footway" v="sidewalk"/>
  <tag k="highway" v="footway"/>
  <tag k="surface" v="asphalt"/>
 </way>
 <way id="985361755" visible="true" version="3" changeset="181903721" timestamp="2026-04-27T17:42:17Z" user="Ruslan Fatih" uid="12875574">
  <nd ref="4103496626"/>
  <nd ref="9509990804"/>
  <nd ref="4440376644"/>
  <tag k="crossing" v="traffic_signals"/>
  <tag k="footway" v="crossing"/>
  <tag k="highway" v="footway"/>
  <tag k="surface" v="asphalt"/>
 </way>
 <way id="985361756" visible="true" version="2" changeset="157435392" timestamp="2024-10-03T20:11:11Z" user="Глеб" uid="346125">
  <nd ref="2911445535"/>
  <nd ref="12219375423"/>
  <nd ref="4103496626"/>
  <tag k="footway" v="sidewalk"/>
  <tag k="highway" v="footway"/>
  <tag k="surface" v="asphalt"/>
 </way>
 <way id="985361758" visible="true" version="3" changeset="151918337" timestamp="2024-05-27T21:02:54Z" user="Глеб" uid="346125">
  <nd ref="3817372588"/>
  <nd ref="2809675150"/>
  <nd ref="3725219280"/>
  <tag k="footway" v="crossing"/>
  <tag k="highway" v="footway"/>
 </way>
 <way id="985361759" visible="true" version="2" changeset="151918337" timestamp="2024-05-27T21:02:54Z" user="Глеб" uid="346125">
  <nd ref="2911445535"/>
  <nd ref="9109478519"/>
  <nd ref="4103496615"/>
  <nd ref="4103489948"/>
  <nd ref="3817372588"/>
  <tag k="footway" v="sidewalk"/>
  <tag k="highway" v="footway"/>
 </way>
 <way id="985361760" visible="true" version="5" changeset="183700684" timestamp="2026-06-05T15:03:35Z" user="Airiver" uid="13901111">
  <nd ref="2809675153"/>
  <nd ref="9674213696"/>
  <nd ref="2809675152"/>
  <nd ref="2911445535"/>
  <tag k="crossing" v="traffic_signals"/>
  <tag k="footway" v="crossing"/>
  <tag k="highway" v="footway"/>
  <tag k="surface" v="asphalt"/>
 </way>
 <way id="985361761" visible="true" version="2" changeset="183700684" timestamp="2026-06-05T15:03:35Z" user="Airiver" uid="13901111">
  <nd ref="4804522922"/>
  <nd ref="8342005181"/>
  <nd ref="8342005175"/>
  <nd ref="8836094317"/>
  <nd ref="2809675153"/>
  <tag k="footway" v="sidewalk"/>
  <tag k="highway" v="footway"/>
  <tag k="surface" v="asphalt"/>
 </way>
 <way id="1052673096" visible="true" version="16" changeset="152836866" timestamp="2024-06-18T08:39:35Z" user="Глеб" uid="346125">
  <nd ref="9674216827"/>
  <nd ref="9674216821"/>
  <nd ref="8741761817"/>
  <nd ref="9674216820"/>
  <nd ref="9980215922"/>
  <nd ref="9674216819"/>
  <nd ref="9982088236"/>
  <nd ref="9109463196"/>
  <nd ref="9674213695"/>
  <nd ref="9674216826"/>
  <tag k="alt_name:en" v="Karla Marksa Street"/>
  <tag k="busway" v="lane"/>
  <tag k="foot" v="no"/>
  <tag k="highway" v="secondary"/>
  <tag k="lanes" v="2"/>
  <tag k="lanes:bus" v="1"/>
  <tag k="lit" v="yes"/>
  <tag k="maxspeed" v="RU:urban"/>
  <tag k="name" v="улица Карла Маркса"/>
  <tag k="name:de" v="uliza Karla Marksa"/>
  <tag k="name:en" v="Karl Marx Street"/>
  <tag k="name:ru" v="улица Карла Маркса"/>
  <tag k="name:tt" v="Карл Маркс урамы"/>
  <tag k="oneway" v="yes"/>
  <tag k="sidewalk:left" v="no"/>
  <tag k="sidewalk:right" v="separate"/>
  <tag k="surface" v="asphalt"/>
  <tag k="wikidata" v="Q4472377"/>
 </way>
 <way id="1055905211" visible="true" version="3" changeset="125476236" timestamp="2022-08-28T12:45:12Z" user="parukhin" uid="519501">
  <nd ref="9784001043"/>
  <nd ref="9784001045"/>
  <nd ref="9702430777"/>
  <tag k="highway" v="service"/>
 </way>
 <way id="1055905212" visible="true" version="4" changeset="168576513" timestamp="2025-07-06T19:50:03Z" user="parukhin" uid="519501">
  <nd ref="11408262475"/>
  <nd ref="11408262474"/>
  <nd ref="11408262473"/>
  <nd ref="9702430780"/>
  <nd ref="12983551909"/>
  <nd ref="12983551908"/>
  <nd ref="9784001046"/>
  <nd ref="9702430779"/>
  <tag k="highway" v="service"/>
 </way>
 <way id="1055933406" visible="true" version="1" changeset="120339969" timestamp="2022-04-29T09:32:14Z" user="Глеб" uid="346125">
  <nd ref="9702572266"/>
  <nd ref="9702572263"/>
  <nd ref="9702572264"/>
  <nd ref="9702572265"/>
  <nd ref="9702572266"/>
  <tag k="building" v="yes"/>
 </way>
 <way id="1089533141" visible="true" version="1" changeset="125420112" timestamp="2022-08-26T19:09:43Z" user="parukhin" uid="519501">
  <nd ref="3819641735"/>
  <nd ref="9980341601"/>
  <tag k="barrier" v="fence"/>
 </way>
 <way id="1089533144" visible="true" version="2" changeset="125476236" timestamp="2022-08-28T12:45:12Z" user="parukhin" uid="519501">
  <nd ref="9980341610"/>
  <nd ref="9983340346"/>
  <nd ref="9980341612"/>
  <tag k="highway" v="service"/>
  <tag k="service" v="driveway"/>
 </way>
 <way id="1089533145" visible="true" version="1" changeset="125420112" timestamp="2022-08-26T19:09:43Z" user="parukhin" uid="519501">
  <nd ref="9980341611"/>
  <nd ref="9980341610"/>
  <tag k="access" v="private"/>
  <tag k="highway" v="service"/>
  <tag k="service" v="driveway"/>
  <tag k="tunnel" v="building_passage"/>
 </way>
 <way id="1089533146" visible="true" version="1" changeset="125420112" timestamp="2022-08-26T19:09:43Z" user="parukhin" uid="519501">
  <nd ref="9980341613"/>
  <nd ref="9980341611"/>
  <tag k="access" v="private"/>
  <tag k="highway" v="service"/>
  <tag k="service" v="driveway"/>
 </way>
 <way id="1089533147" visible="true" version="1" changeset="125420112" timestamp="2022-08-26T19:09:43Z" user="parukhin" uid="519501">
  <nd ref="9980420217"/>
  <nd ref="9980341615"/>
  <nd ref="9980341616"/>
  <tag k="highway" v="footway"/>
 </way>
 <way id="1089533148" visible="true" version="1" changeset="125420112" timestamp="2022-08-26T19:09:43Z" user="parukhin" uid="519501">
  <nd ref="9980420219"/>
  <nd ref="9980341615"/>
  <nd ref="9980420218"/>
  <tag k="highway" v="footway"/>
 </way>
 <way id="1089854529" visible="true" version="1" changeset="125476236" timestamp="2022-08-28T12:45:12Z" user="parukhin" uid="519501">
  <nd ref="9784001044"/>
  <nd ref="9784001043"/>
  <tag k="highway" v="service"/>
  <tag k="tunnel" v="building_passage"/>
 </way>
 <way id="1089854530" visible="true" version="1" changeset="125476236" timestamp="2022-08-28T12:45:12Z" user="parukhin" uid="519501">
  <nd ref="9702430778"/>
  <nd ref="9784001044"/>
  <tag k="highway" v="service"/>
 </way>
 <way id="1091351839" visible="true" version="2" changeset="150909731" timestamp="2024-05-05T08:42:05Z" user="basilisk" uid="256949">
  <nd ref="9995785850"/>
  <nd ref="9995785849"/>
  <nd ref="9995785848"/>
  <nd ref="9995785847"/>
  <nd ref="9995785846"/>
  <nd ref="9995785845"/>
  <nd ref="9995785844"/>
  <nd ref="9995785843"/>
  <nd ref="9995785842"/>
  <nd ref="9995785841"/>
  <nd ref="9995785840"/>
  <nd ref="9995785839"/>
  <nd ref="9995785838"/>
  <nd ref="9995785837"/>
  <nd ref="9995785836"/>
  <nd ref="9995785835"/>
  <nd ref="9995785850"/>
  <tag k="highway" v="footway"/>
  <tag k="surface" v="fine_gravel"/>
 </way>
 <way id="1096207638" visible="true" version="1" changeset="126409134" timestamp="2022-09-20T07:26:30Z" user="augxcgrwxo" uid="371263">
  <nd ref="10038699093"/>
  <nd ref="10038699094"/>
  <nd ref="10038699095"/>
  <nd ref="10038699096"/>
  <nd ref="10038699093"/>
  <tag k="landuse" v="grass"/>
 </way>
 <way id="1171942017" visible="true" version="5" changeset="164376444" timestamp="2025-04-01T13:52:57Z" user="Глеб" uid="346125">
  <nd ref="701685262"/>
  <nd ref="2911445543"/>
  <nd ref="9107111761"/>
  <nd ref="10947370838"/>
  <nd ref="9674213688"/>
  <nd ref="1755214768"/>
  <nd ref="9674216825"/>
  <tag k="foot" v="no"/>
  <tag k="highway" v="residential"/>
  <tag k="maxspeed" v="RU:urban"/>
  <tag k="name" v="улица Карла Фукса"/>
  <tag k="name:en" v="Karla Fuksa Street"/>
  <tag k="name:ru" v="улица Карла Фукса"/>
  <tag k="name:tt" v="Карл Фукс урамы"/>
  <tag k="parking:both" v="no"/>
  <tag k="parking:both:restriction" v="no_stopping"/>
 </way>
 <way id="1178412160" visible="true" version="1" changeset="136882018" timestamp="2023-06-02T19:42:24Z" user="Глеб" uid="346125">
  <nd ref="10947370824"/>
  <nd ref="10947370823"/>
  <nd ref="10947370822"/>
  <nd ref="10947370821"/>
  <nd ref="10947370820"/>
  <nd ref="10947370819"/>
  <nd ref="10947370818"/>
  <nd ref="9107111740"/>
  <nd ref="9107111739"/>
  <nd ref="10947370817"/>
  <nd ref="10947370824"/>
  <tag k="landuse" v="institutional"/>
 </way>
 <way id="1178412161" visible="true" version="2" changeset="151918337" timestamp="2024-05-27T21:02:54Z" user="Глеб" uid="346125">
  <nd ref="10947370830"/>
  <nd ref="9109478436"/>
  <nd ref="10947370829"/>
  <nd ref="9109463194"/>
  <nd ref="9109463193"/>
  <nd ref="9109463190"/>
  <nd ref="9109463185"/>
  <nd ref="9109463184"/>
  <nd ref="9109463189"/>
  <nd ref="9109463176"/>
  <nd ref="9109463175"/>
  <nd ref="10947370828"/>
  <nd ref="10947370827"/>
  <nd ref="10947370826"/>
  <nd ref="10947370825"/>
  <nd ref="10947370830"/>
  <tag k="landuse" v="residential"/>
  <tag k="residential" v="urban"/>
 </way>
 <way id="1178412163" visible="true" version="2" changeset="164376444" timestamp="2025-04-01T13:52:57Z" user="Глеб" uid="346125">
  <nd ref="9674216825"/>
  <nd ref="701685263"/>
  <tag k="highway" v="residential"/>
  <tag k="lanes" v="2"/>
  <tag k="lit" v="no"/>
  <tag k="maxspeed" v="RU:urban"/>
  <tag k="name" v="улица Карла Фукса"/>
  <tag k="name:en" v="Karla Fuksa Street"/>
  <tag k="name:ru" v="улица Карла Фукса"/>
  <tag k="name:tt" v="Карл Фукс урамы"/>
  <tag k="parking:both" v="no"/>
  <tag k="parking:both:restriction" v="no_stopping"/>
 </way>
 <way id="1190644471" visible="true" version="6" changeset="152836866" timestamp="2024-06-18T08:39:35Z" user="Глеб" uid="346125">
  <nd ref="9674216826"/>
  <nd ref="9674213696"/>
  <nd ref="9674213697"/>
  <nd ref="9674213698"/>
  <nd ref="9674213699"/>
  <nd ref="9674213689"/>
  <nd ref="9674216825"/>
  <tag k="alt_name:en" v="Karla Marksa Street"/>
  <tag k="busway" v="lane"/>
  <tag k="foot" v="no"/>
  <tag k="highway" v="secondary"/>
  <tag k="lanes" v="2"/>
  <tag k="lanes:bus" v="1"/>
  <tag k="lit" v="yes"/>
  <tag k="maxspeed" v="RU:urban"/>
  <tag k="name" v="улица Карла Маркса"/>
  <tag k="name:de" v="uliza Karla Marksa"/>
  <tag k="name:en" v="Karl Marx Street"/>
  <tag k="name:ru" v="улица Карла Маркса"/>
  <tag k="name:tt" v="Карл Маркс урамы"/>
  <tag k="oneway" v="yes"/>
  <tag k="sidewalk:left" v="no"/>
  <tag k="sidewalk:right" v="separate"/>
  <tag k="surface" v="asphalt"/>
  <tag k="wikidata" v="Q4472377"/>
 </way>
 <way id="1190644472" visible="true" version="6" changeset="152836866" timestamp="2024-06-18T08:39:35Z" user="Глеб" uid="346125">
  <nd ref="9674216825"/>
  <nd ref="9675504356"/>
  <nd ref="9674213700"/>
  <nd ref="9674213702"/>
  <nd ref="9674213701"/>
  <nd ref="9109478514"/>
  <nd ref="9674213694"/>
  <nd ref="9674216824"/>
  <tag k="alt_name:en" v="Karla Marksa Street"/>
  <tag k="busway" v="lane"/>
  <tag k="foot" v="no"/>
  <tag k="highway" v="secondary"/>
  <tag k="lanes" v="2"/>
  <tag k="lanes:bus" v="1"/>
  <tag k="lit" v="yes"/>
  <tag k="maxspeed" v="RU:urban"/>
  <tag k="name" v="улица Карла Маркса"/>
  <tag k="name:de" v="uliza Karla Marksa"/>
  <tag k="name:en" v="Karl Marx Street"/>
  <tag k="name:ru" v="улица Карла Маркса"/>
  <tag k="name:tt" v="Карл Маркс урамы"/>
  <tag k="oneway" v="yes"/>
  <tag k="sidewalk:left" v="no"/>
  <tag k="sidewalk:right" v="separate"/>
  <tag k="surface" v="asphalt"/>
  <tag k="wikidata" v="Q4472377"/>
 </way>
 <way id="1190644762" visible="true" version="5" changeset="152836866" timestamp="2024-06-18T08:39:35Z" user="Глеб" uid="346125">
  <nd ref="293663240"/>
  <nd ref="3117104905"/>
  <nd ref="9109478495"/>
  <nd ref="9109478491"/>
  <nd ref="9109478488"/>
  <nd ref="9109478472"/>
  <nd ref="8073886740"/>
  <nd ref="9109478439"/>
  <nd ref="3117104904"/>
  <nd ref="701685263"/>
  <tag k="alt_name:en" v="Karla Marksa Street"/>
  <tag k="foot" v="no"/>
  <tag k="highway" v="secondary"/>
  <tag k="lanes" v="2"/>
  <tag k="lit" v="yes"/>
  <tag k="maxspeed" v="RU:urban"/>
  <tag k="name" v="улица Карла Маркса"/>
  <tag k="name:de" v="uliza Karla Marksa"/>
  <tag k="name:en" v="Karl Marx Street"/>
  <tag k="name:ru" v="улица Карла Маркса"/>
  <tag k="name:tt" v="Карл Маркс урамы"/>
  <tag k="oneway" v="yes"/>
  <tag k="surface" v="asphalt"/>
  <tag k="wikidata" v="Q4472377"/>
 </way>
 <way id="1193566445" visible="true" version="4" changeset="164376444" timestamp="2025-04-01T13:52:57Z" user="Глеб" uid="346125">
  <nd ref="9674216826"/>
  <nd ref="295019737"/>
  <tag k="foot" v="no"/>
  <tag k="highway" v="tertiary"/>
  <tag k="lanes" v="4"/>
  <tag k="lanes:backward" v="2"/>
  <tag k="lanes:forward" v="2"/>
  <tag k="lit" v="yes"/>
  <tag k="maxspeed" v="RU:urban"/>
  <tag k="name" v="улица Лобачевского"/>
  <tag k="name:en" v="Lobachevskogo Street"/>
  <tag k="name:ru" v="улица Лобачевского"/>
  <tag k="parking:both" v="no"/>
  <tag k="parking:both:restriction" v="no_stopping"/>
  <tag k="postal_code" v="420111"/>
  <tag k="surface" v="asphalt"/>
  <tag k="turn:lanes:backward" v="left|left"/>
  <tag k="turn:lanes:forward" v="left;through|through;right"/>
 </way>
 <way id="1205078469" visible="true" version="1" changeset="140825038" timestamp="2023-09-04T22:20:10Z" user="Глеб" uid="346125">
  <nd ref="11168309502"/>
  <nd ref="11168309499"/>
  <nd ref="11168309500"/>
  <nd ref="11168309501"/>
  <nd ref="11168309502"/>
  <tag k="building" v="yes"/>
 </way>
 <way id="1226020704" visible="true" version="2" changeset="168854733" timestamp="2025-07-12T23:08:43Z" user="parukhin" uid="519501">
  <nd ref="4804522519"/>
  <nd ref="12996489212"/>
  <nd ref="4804522520"/>
  <tag k="footway" v="sidewalk"/>
  <tag k="highway" v="footway"/>
 </way>
 <way id="1228656364" visible="true" version="1" changeset="144759217" timestamp="2023-12-04T15:10:33Z" user="trolleway" uid="397326">
  <nd ref="11394244958"/>
  <nd ref="11394244957"/>
  <nd ref="11394244956"/>
  <nd ref="11394244955"/>
  <nd ref="11394244958"/>
  <tag k="landuse" v="residential"/>
  <tag k="residential" v="urban"/>
 </way>
 <way id="1228656365" visible="true" version="1" changeset="144759217" timestamp="2023-12-04T15:10:33Z" user="trolleway" uid="397326">
  <nd ref="11394244962"/>
  <nd ref="11394244961"/>
  <nd ref="11394244960"/>
  <nd ref="11394244959"/>
  <nd ref="11394244962"/>
  <tag k="landuse" v="commercial"/>
 </way>
 <way id="1228656371" visible="true" version="1" changeset="144759217" timestamp="2023-12-04T15:10:33Z" user="trolleway" uid="397326">
  <nd ref="11394257788"/>
  <nd ref="11394257787"/>
  <nd ref="11394257786"/>
  <nd ref="11394257785"/>
  <nd ref="11394257788"/>
  <tag k="landuse" v="commercial"/>
 </way>
 <way id="1228656376" visible="true" version="2" changeset="157415477" timestamp="2024-10-03T11:59:58Z" user="Глеб" uid="346125">
  <nd ref="11394257813"/>
  <nd ref="11394257812"/>
  <nd ref="9549430649"/>
  <nd ref="9549430647"/>
  <nd ref="11394257811"/>
  <nd ref="11394257810"/>
  <nd ref="11394257813"/>
  <tag k="landuse" v="commercial"/>
 </way>
 <way id="1228656377" visible="true" version="1" changeset="144759217" timestamp="2023-12-04T15:10:33Z" user="trolleway" uid="397326">
  <nd ref="11394257817"/>
  <nd ref="11394257816"/>
  <nd ref="11394257815"/>
  <nd ref="11394257814"/>
  <nd ref="11394257817"/>
  <tag k="landuse" v="commercial"/>
 </way>
 <way id="1320463772" visible="true" version="1" changeset="157435392" timestamp="2024-10-03T20:11:11Z" user="Глеб" uid="346125">
  <nd ref="12219375406"/>
  <nd ref="12219375407"/>
  <nd ref="12219375416"/>
  <nd ref="12219375408"/>
  <tag k="highway" v="service"/>
 </way>
 <way id="1320463773" visible="true" version="1" changeset="157435392" timestamp="2024-10-03T20:11:11Z" user="Глеб" uid="346125">
  <nd ref="12219375409"/>
  <nd ref="12219375410"/>
  <nd ref="12219375411"/>
  <tag k="highway" v="service"/>
 </way>
 <way id="1320463774" visible="true" version="1" changeset="157435392" timestamp="2024-10-03T20:11:11Z" user="Глеб" uid="346125">
  <nd ref="12219375412"/>
  <nd ref="12219375413"/>
  <nd ref="12219375414"/>
  <nd ref="12219375411"/>
  <nd ref="12219375417"/>
  <nd ref="12219375415"/>
  <tag k="highway" v="service"/>
 </way>
 <way id="1320466420" visible="true" version="1" changeset="157435879" timestamp="2024-10-03T20:25:17Z" user="Глеб" uid="346125">
  <nd ref="12219382531"/>
  <nd ref="12219382532"/>
  <tag k="highway" v="footway"/>
 </way>
 <way id="1320471100" visible="true" version="1" changeset="157436729" timestamp="2024-10-03T20:58:03Z" user="Глеб" uid="346125">
  <nd ref="12219426162"/>
  <nd ref="12219426163"/>
  <nd ref="12219426164"/>
  <nd ref="12219426165"/>
  <nd ref="12219426162"/>
 </way>
 <way id="1526454809" visible="true" version="1" changeset="183700684" timestamp="2026-06-05T15:03:35Z" user="Airiver" uid="13901111">
  <nd ref="3117104889"/>
  <nd ref="3725219274"/>
  <nd ref="3725219275"/>
  <nd ref="3725219277"/>
  <nd ref="3725219278"/>
  <tag k="highway" v="footway"/>
  <tag k="surface" v="asphalt"/>
 </way>
 <way id="1526454813" visible="true" version="1" changeset="183700684" timestamp="2026-06-05T15:03:35Z" user="Airiver" uid="13901111">
  <nd ref="3725219276"/>
  <nd ref="9109478423"/>
  <nd ref="9109478422"/>
  <tag k="highway" v="footway"/>
  <tag k="surface" v="paving_stones"/>
 </way>
 <relation id="1276545" visible="true" version="222" changeset="182322939" timestamp="2026-05-07T06:19:48Z" user="Глеб" uid="346125">
  <member type="node" ref="9032207465" role="stop"/>
  <member type="node" ref="4340954428" role="platform"/>
  <member type="node" ref="8768700424" role="stop"/>
  <member type="node" ref="992487242" role="platform"/>
  <member type="node" ref="8768700428" role="stop"/>
  <member type="node" ref="992487238" role="platform"/>
  <member type="node" ref="8982521746" role="stop"/>
  <member type="node" ref="992487215" role="platform"/>
  <member type="node" ref="8982521745" role="stop"/>
  <member type="node" ref="992487193" role="platform"/>
  <member type="node" ref="8982694431" role="stop"/>
  <member type="node" ref="992487235" role="platform"/>
  <member type="node" ref="10907480593" role="stop"/>
  <member type="node" ref="10907480592" role="platform"/>
  <member type="node" ref="8743392154" role="stop"/>
  <member type="node" ref="910610687" role="platform"/>
  <member type="node" ref="8743392153" role="stop"/>
  <member type="way" ref="281258101" role="platform"/>
  <member type="node" ref="8743392152" role="stop"/>
  <member type="way" ref="192581132" role="platform"/>
  <member type="node" ref="9010463720" role="stop"/>
  <member type="node" ref="910610769" role="platform"/>
  <member type="node" ref="8956757938" role="stop"/>
  <member type="node" ref="991068248" role="platform"/>
  <member type="node" ref="8956757937" role="stop"/>
  <member type="node" ref="991068253" role="platform"/>
  <member type="node" ref="8956757936" role="stop"/>
  <member type="node" ref="920587003" role="platform"/>
  <member type="node" ref="8956757935" role="stop"/>
  <member type="node" ref="1948112031" role="platform"/>
  <member type="node" ref="8836094326" role="stop"/>
  <member type="node" ref="8836094327" role="platform"/>
  <member type="node" ref="8741741614" role="stop"/>
  <member type="node" ref="920586964" role="platform"/>
  <member type="node" ref="9010463719" role="stop"/>
  <member type="node" ref="993469065" role="platform"/>
  <member type="node" ref="8741741616" role="stop"/>
  <member type="node" ref="993469099" role="platform"/>
  <member type="node" ref="8741761819" role="stop"/>
  <member type="node" ref="992434558" role="platform"/>
  <member type="node" ref="8741761821" role="stop"/>
  <member type="node" ref="992434559" role="platform"/>
  <member type="node" ref="9010463718" role="stop"/>
  <member type="node" ref="987468436" role="platform"/>
  <member type="node" ref="9010463717" role="stop"/>
  <member type="node" ref="986552284" role="platform"/>
  <member type="node" ref="9010398116" role="stop"/>
  <member type="node" ref="993469073" role="platform"/>
  <member type="node" ref="9010398115" role="stop"/>
  <member type="node" ref="993469104" role="platform"/>
  <member type="node" ref="2609114338" role="stop"/>
  <member type="node" ref="993469091" role="platform"/>
  <member type="node" ref="8982922646" role="stop"/>
  <member type="node" ref="993469116" role="platform"/>
  <member type="node" ref="2609114346" role="stop"/>
  <member type="node" ref="993469060" role="platform"/>
  <member type="node" ref="2609114335" role="stop"/>
  <member type="node" ref="993484270" role="platform"/>
  <member type="node" ref="2609114348" role="stop"/>
  <member type="node" ref="993484251" role="platform"/>
  <member type="node" ref="2609114350" role="stop"/>
  <member type="node" ref="993484235" role="platform"/>
  <member type="node" ref="8749989941" role="stop"/>
  <member type="node" ref="977443071" role="platform"/>
  <member type="node" ref="8985669831" role="stop"/>
  <member type="node" ref="977443044" role="platform"/>
  <member type="node" ref="8985669830" role="stop"/>
  <member type="node" ref="977443053" role="platform"/>
  <member type="node" ref="8985669829" role="stop"/>
  <member type="node" ref="977443024" role="platform"/>
  <member type="node" ref="9010398114" role="stop"/>
  <member type="node" ref="900937988" role="platform"/>
  <member type="node" ref="9737065543" role="stop"/>
  <member type="node" ref="9737065544" role="platform"/>
  <member type="node" ref="9010398113" role="stop"/>
  <member type="node" ref="986552283" role="platform"/>
  <member type="node" ref="9010398112" role="stop"/>
  <member type="node" ref="986552250" role="platform"/>
  <member type="node" ref="282770853" role="stop"/>
  <member type="node" ref="6361334307" role="platform"/>
  <member type="node" ref="9605108830" role="stop"/>
  <member type="node" ref="9605108829" role="platform"/>
  <member type="node" ref="975680449" role="stop"/>
  <member type="node" ref="992623520" role="platform"/>
  <member type="way" ref="976008071" role=""/>
  <member type="way" ref="59526646" role=""/>
  <member type="way" ref="234302190" role=""/>
  <member type="way" ref="1350651583" role=""/>
  <member type="way" ref="233203477" role=""/>
  <member type="way" ref="1336280172" role=""/>
  <member type="way" ref="1336280170" role=""/>
  <member type="way" ref="1062819810" role=""/>
  <member type="way" ref="1342044925" role=""/>
  <member type="way" ref="1342475204" role=""/>
  <member type="way" ref="294457681" role=""/>
  <member type="way" ref="1454345390" role=""/>
  <member type="way" ref="1037130734" role=""/>
  <member type="way" ref="1173063518" role=""/>
  <member type="way" ref="1037130733" role=""/>
  <member type="way" ref="1454345392" role=""/>
  <member type="way" ref="1454345393" role=""/>
  <member type="way" ref="1037130732" role=""/>
  <member type="way" ref="1173063522" role=""/>
  <member type="way" ref="1037130729" role=""/>
  <member type="way" ref="1173063523" role=""/>
  <member type="way" ref="1037130727" role=""/>
  <member type="way" ref="1037130726" role=""/>
  <member type="way" ref="1037130725" role=""/>
  <member type="way" ref="1037130724" role=""/>
  <member type="way" ref="1037130723" role=""/>
  <member type="way" ref="385527377" role=""/>
  <member type="way" ref="385527375" role=""/>
  <member type="way" ref="1037130721" role=""/>
  <member type="way" ref="383995376" role=""/>
  <member type="way" ref="383995375" role=""/>
  <member type="way" ref="383995374" role=""/>
  <member type="way" ref="1037130718" role=""/>
  <member type="way" ref="360454466" role=""/>
  <member type="way" ref="83804745" role=""/>
  <member type="way" ref="1192733554" role=""/>
  <member type="way" ref="83805340" role=""/>
  <member type="way" ref="86111397" role=""/>
  <member type="way" ref="421076987" role=""/>
  <member type="way" ref="85552206" role=""/>
  <member type="way" ref="35070676" role=""/>
  <member type="way" ref="1010204531" role=""/>
  <member type="way" ref="1257229580" role=""/>
  <member type="way" ref="238893982" role=""/>
  <member type="way" ref="85479305" role=""/>
  <member type="way" ref="85702773" role=""/>
  <member type="way" ref="1198258457" role=""/>
  <member type="way" ref="1084426835" role=""/>
  <member type="way" ref="1084426832" role=""/>
  <member type="way" ref="1084426834" role=""/>
  <member type="way" ref="1084426833" role=""/>
  <member type="way" ref="127070725" role=""/>
  <member type="way" ref="1084426838" role=""/>
  <member type="way" ref="1084426836" role=""/>
  <member type="way" ref="1084426839" role=""/>
  <member type="way" ref="1084426837" role=""/>
  <member type="way" ref="125208125" role=""/>
  <member type="way" ref="85479316" role=""/>
  <member type="way" ref="65332150" role=""/>
  <member type="way" ref="123449082" role=""/>
  <member type="way" ref="991941103" role=""/>
  <member type="way" ref="184345352" role=""/>
  <member type="way" ref="287865554" role=""/>
  <member type="way" ref="73599082" role=""/>
  <member type="way" ref="195408843" role=""/>
  <member type="way" ref="224259994" role=""/>
  <member type="way" ref="229153194" role=""/>
  <member type="way" ref="163118212" role=""/>
  <member type="way" ref="254192614" role=""/>
  <member type="way" ref="260927582" role=""/>
  <member type="way" ref="281769980" role=""/>
  <member type="way" ref="224898505" role=""/>
  <member type="way" ref="229153196" role=""/>
  <member type="way" ref="224259604" role=""/>
  <member type="way" ref="862815737" role=""/>
  <member type="way" ref="229212870" role=""/>
  <member type="way" ref="281769982" role=""/>
  <member type="way" ref="281769981" role=""/>
  <member type="way" ref="281805816" role=""/>
  <member type="way" ref="291716704" role=""/>
  <member type="way" ref="435409946" role=""/>
  <member type="way" ref="1435251146" role=""/>
  <member type="way" ref="183640152" role=""/>
  <member type="way" ref="1193566444" role=""/>
  <member type="way" ref="1190644762" role=""/>
  <member type="way" ref="477485928" role=""/>
  <member type="way" ref="944031048" role=""/>
  <member type="way" ref="59621688" role=""/>
  <member type="way" ref="968785806" role=""/>
  <member type="way" ref="1190644760" role=""/>
  <member type="way" ref="970114430" role=""/>
  <member type="way" ref="1190644758" role=""/>
  <member type="way" ref="970114431" role=""/>
  <member type="way" ref="968785831" role=""/>
  <member type="way" ref="1060998491" role=""/>
  <member type="way" ref="477485929" role=""/>
  <member type="way" ref="82674635" role=""/>
  <member type="way" ref="27083836" role=""/>
  <member type="way" ref="556831058" role=""/>
  <member type="way" ref="556831056" role=""/>
  <member type="way" ref="75280792" role=""/>
  <member type="way" ref="88494805" role=""/>
  <member type="way" ref="85130315" role=""/>
  <member type="way" ref="88493038" role=""/>
  <member type="way" ref="34961045" role=""/>
  <member type="way" ref="86378794" role=""/>
  <member type="way" ref="308108445" role=""/>
  <member type="way" ref="849729044" role=""/>
  <member type="way" ref="308108440" role=""/>
  <member type="way" ref="308108443" role=""/>
  <member type="way" ref="381689655" role=""/>
  <member type="way" ref="308108441" role=""/>
  <member type="way" ref="1020115724" role=""/>
  <member type="way" ref="539901020" role=""/>
  <member type="way" ref="130075137" role=""/>
  <member type="way" ref="308108442" role=""/>
  <member type="way" ref="1020115039" role=""/>
  <member type="way" ref="308108444" role=""/>
  <member type="way" ref="85638072" role=""/>
  <member type="way" ref="84111785" role=""/>
  <member type="way" ref="1370860944" role=""/>
  <member type="way" ref="58939635" role=""/>
  <member type="way" ref="58939633" role=""/>
  <member type="way" ref="309358295" role=""/>
  <member type="way" ref="1054517999" role=""/>
  <member type="way" ref="85639426" role=""/>
  <member type="way" ref="1054517998" role=""/>
  <member type="way" ref="94501400" role=""/>
  <member type="way" ref="1100822426" role=""/>
  <member type="way" ref="94501399" role=""/>
  <member type="way" ref="127246016" role=""/>
  <member type="way" ref="27084466" role=""/>
  <member type="way" ref="126819805" role=""/>
  <member type="way" ref="85130282" role=""/>
  <member type="way" ref="85130285" role=""/>
  <member type="way" ref="1023003199" role=""/>
  <member type="way" ref="996882881" role=""/>
  <member type="way" ref="326259692" role=""/>
  <member type="way" ref="368011404" role=""/>
  <member type="way" ref="784596791" role=""/>
  <member type="way" ref="126665169" role=""/>
  <member type="way" ref="996882880" role=""/>
  <member type="way" ref="85638070" role=""/>
  <member type="way" ref="1220464378" role=""/>
  <member type="way" ref="1357755317" role=""/>
  <member type="way" ref="126819809" role=""/>
  <member type="way" ref="525690521" role=""/>
  <member type="way" ref="437996302" role=""/>
  <member type="way" ref="437996212" role=""/>
  <member type="way" ref="593497791" role=""/>
  <member type="way" ref="126819810" role=""/>
  <member type="way" ref="85391606" role=""/>
  <member type="way" ref="88369072" role=""/>
  <member type="way" ref="384498984" role=""/>
  <member type="way" ref="1357698773" role=""/>
  <member type="way" ref="454925035" role=""/>
  <member type="way" ref="384498983" role=""/>
  <member type="way" ref="384498982" role=""/>
  <member type="way" ref="384498981" role=""/>
  <member type="way" ref="384498978" role=""/>
  <member type="way" ref="384498979" role=""/>
  <member type="way" ref="1443190191" role=""/>
  <member type="way" ref="249303972" role=""/>
  <member type="way" ref="249303978" role=""/>
  <member type="way" ref="249303975" role=""/>
  <member type="way" ref="240894368" role=""/>
  <member type="way" ref="595015105" role=""/>
  <member type="way" ref="1357149117" role=""/>
  <member type="way" ref="240858477" role=""/>
  <member type="way" ref="68175187" role=""/>
  <member type="way" ref="27084464" role=""/>
  <member type="way" ref="85130280" role=""/>
  <member type="way" ref="1053286179" role=""/>
  <member type="way" ref="751083765" role=""/>
  <member type="way" ref="176047577" role=""/>
  <member type="way" ref="83803518" role=""/>
  <member type="way" ref="83803515" role=""/>
  <member type="way" ref="1180158021" role=""/>
  <member type="way" ref="1056955503" role=""/>
  <member type="way" ref="405501778" role=""/>
  <member type="way" ref="25922621" role=""/>
  <member type="way" ref="987245247" role=""/>
  <member type="way" ref="1196402678" role=""/>
  <member type="way" ref="85128423" role=""/>
  <member type="way" ref="1194311492" role=""/>
  <member type="way" ref="1510189591" role=""/>
  <member type="way" ref="1510189593" role=""/>
  <member type="way" ref="1510189596" role=""/>
  <member type="way" ref="1510189597" role=""/>
  <member type="way" ref="1510189600" role=""/>
  <member type="way" ref="1510189599" role=""/>
  <member type="way" ref="1043762219" role=""/>
  <member type="way" ref="1043674078" role=""/>
  <tag k="from" v="улица Можайского"/>
  <tag k="name" v="Автобус 22: улица Можайского → Ферма-2"/>
  <tag k="network" v="city"/>
  <tag k="operator" v="ПАТП-2"/>
  <tag k="public_transport:version" v="2"/>
  <tag k="ref" v="22"/>
  <tag k="route" v="bus"/>
  <tag k="to" v="Ферма-2"/>
  <tag k="type" v="route"/>
 </relation>
 <relation id="1284410" visible="true" version="148" changeset="180846292" timestamp="2026-04-04T10:17:40Z" user="Глеб" uid="346125">
  <member type="node" ref="991294745" role="platform"/>
  <member type="node" ref="9016624668" role="stop"/>
  <member type="node" ref="9016624667" role="stop"/>
  <member type="node" ref="4227150191" role="platform"/>
  <member type="node" ref="994693586" role="platform"/>
  <member type="node" ref="8743392150" role="stop"/>
  <member type="node" ref="910711362" role="platform"/>
  <member type="node" ref="8743392149" role="stop"/>
  <member type="node" ref="994689963" role="platform"/>
  <member type="node" ref="8743392148" role="stop"/>
  <member type="node" ref="910711315" role="platform"/>
  <member type="node" ref="8743392147" role="stop"/>
  <member type="node" ref="991271620" role="platform"/>
  <member type="node" ref="9016624666" role="stop"/>
  <member type="node" ref="991271636" role="platform"/>
  <member type="node" ref="9016624665" role="stop"/>
  <member type="node" ref="991271630" role="platform"/>
  <member type="node" ref="8982456608" role="stop"/>
  <member type="node" ref="991271632" role="platform"/>
  <member type="node" ref="9016624664" role="stop"/>
  <member type="node" ref="991271668" role="platform"/>
  <member type="node" ref="9016624663" role="stop"/>
  <member type="node" ref="4804522491" role="platform"/>
  <member type="node" ref="8741761826" role="stop"/>
  <member type="node" ref="992434557" role="platform"/>
  <member type="node" ref="8741761820" role="stop"/>
  <member type="node" ref="992434555" role="platform"/>
  <member type="node" ref="8741761818" role="stop"/>
  <member type="node" ref="993469068" role="platform"/>
  <member type="node" ref="8741761817" role="stop"/>
  <member type="node" ref="993469095" role="platform"/>
  <member type="node" ref="8741741615" role="stop"/>
  <member type="node" ref="4274139897" role="platform"/>
  <member type="node" ref="295239507" role="stop"/>
  <member type="node" ref="11393554785" role="platform"/>
  <member type="node" ref="8749989946" role="stop"/>
  <member type="node" ref="988795544" role="platform"/>
  <member type="node" ref="8789173176" role="stop"/>
  <member type="node" ref="2370515847" role="platform"/>
  <member type="node" ref="9014365590" role="stop"/>
  <member type="node" ref="910610709" role="platform"/>
  <member type="node" ref="9016624673" role="stop"/>
  <member type="node" ref="910610689" role="platform"/>
  <member type="node" ref="9016624672" role="stop"/>
  <member type="node" ref="991029221" role="platform"/>
  <member type="node" ref="9016624671" role="stop"/>
  <member type="node" ref="991294762" role="platform"/>
  <member type="node" ref="9016624670" role="stop"/>
  <member type="node" ref="991294748" role="platform"/>
  <member type="node" ref="9016624669" role="stop"/>
  <member type="node" ref="991294745" role="platform"/>
  <member type="node" ref="9016624668" role="stop"/>
  <member type="way" ref="86312378" role=""/>
  <member type="way" ref="56396803" role=""/>
  <member type="way" ref="87231152" role=""/>
  <member type="way" ref="86378791" role=""/>
  <member type="way" ref="82714462" role=""/>
  <member type="way" ref="907269527" role=""/>
  <member type="way" ref="142870988" role=""/>
  <member type="way" ref="224394421" role=""/>
  <member type="way" ref="82714463" role=""/>
  <member type="way" ref="1093750315" role=""/>
  <member type="way" ref="82714465" role=""/>
  <member type="way" ref="1083966281" role=""/>
  <member type="way" ref="121788680" role=""/>
  <member type="way" ref="137104011" role=""/>
  <member type="way" ref="391707089" role=""/>
  <member type="way" ref="89565111" role=""/>
  <member type="way" ref="986111039" role=""/>
  <member type="way" ref="123956271" role=""/>
  <member type="way" ref="1077151481" role=""/>
  <member type="way" ref="138294780" role=""/>
  <member type="way" ref="1092793889" role=""/>
  <member type="way" ref="238855996" role=""/>
  <member type="way" ref="224953878" role=""/>
  <member type="way" ref="385135233" role=""/>
  <member type="way" ref="1496050612" role=""/>
  <member type="way" ref="179223855" role=""/>
  <member type="way" ref="1270714062" role=""/>
  <member type="way" ref="986111041" role=""/>
  <member type="way" ref="1092312218" role=""/>
  <member type="way" ref="179223867" role=""/>
  <member type="way" ref="1180518621" role=""/>
  <member type="way" ref="80229117" role=""/>
  <member type="way" ref="137124581" role=""/>
  <member type="way" ref="1180518620" role=""/>
  <member type="way" ref="65333422" role=""/>
  <member type="way" ref="34905546" role=""/>
  <member type="way" ref="974282096" role=""/>
  <member type="way" ref="82674632" role=""/>
  <member type="way" ref="1198048894" role=""/>
  <member type="way" ref="1052673102" role=""/>
  <member type="way" ref="1190644757" role=""/>
  <member type="way" ref="1052673099" role=""/>
  <member type="way" ref="1190644759" role=""/>
  <member type="way" ref="1052673098" role=""/>
  <member type="way" ref="1052673100" role=""/>
  <member type="way" ref="1190644761" role=""/>
  <member type="way" ref="1052673096" role=""/>
  <member type="way" ref="1190644471" role=""/>
  <member type="way" ref="1190644472" role=""/>
  <member type="way" ref="89799719" role=""/>
  <member type="way" ref="1193556655" role=""/>
  <member type="way" ref="984106821" role=""/>
  <member type="way" ref="89799724" role=""/>
  <member type="way" ref="1193556656" role=""/>
  <member type="way" ref="291716704" role=""/>
  <member type="way" ref="281805816" role=""/>
  <member type="way" ref="281769981" role=""/>
  <member type="way" ref="281769982" role=""/>
  <member type="way" ref="229212870" role=""/>
  <member type="way" ref="862815737" role=""/>
  <member type="way" ref="224259451" role=""/>
  <member type="way" ref="195408844" role=""/>
  <member type="way" ref="225065337" role=""/>
  <member type="way" ref="229212871" role=""/>
  <member type="way" ref="287865553" role=""/>
  <member type="way" ref="991941102" role=""/>
  <member type="way" ref="225730080" role=""/>
  <member type="way" ref="1002253142" role=""/>
  <member type="way" ref="473035795" role=""/>
  <member type="way" ref="89560720" role=""/>
  <member type="way" ref="65332149" role=""/>
  <member type="way" ref="1262297006" role=""/>
  <member type="way" ref="125208126" role=""/>
  <member type="way" ref="1084426831" role=""/>
  <member type="way" ref="195532746" role=""/>
  <member type="way" ref="480181274" role=""/>
  <member type="way" ref="61424371" role=""/>
  <member type="way" ref="163693926" role=""/>
  <member type="way" ref="231023145" role=""/>
  <member type="way" ref="219822884" role=""/>
  <member type="way" ref="85478290" role=""/>
  <member type="way" ref="137188675" role=""/>
  <member type="way" ref="85550343" role=""/>
  <member type="way" ref="85638075" role=""/>
  <member type="way" ref="1179770929" role=""/>
  <member type="way" ref="166643696" role=""/>
  <member type="way" ref="71169918" role=""/>
  <member type="way" ref="1339330277" role=""/>
  <member type="way" ref="87231969" role=""/>
  <member type="way" ref="71169979" role=""/>
  <member type="way" ref="1052677830" role=""/>
  <tag k="name" v="Автобус 28 (кольцевой)"/>
  <tag k="network" v="city"/>
  <tag k="operator" v="Республиканский Автовокзал №7"/>
  <tag k="public_transport:version" v="2"/>
  <tag k="ref" v="28"/>
  <tag k="roundtrip" v="yes"/>
  <tag k="route" v="bus"/>
  <tag k="type" v="route"/>
 </relation>
 <relation id="1285340" visible="true" version="145" changeset="180846292" timestamp="2026-04-04T10:17:40Z" user="Глеб" uid="346125">
  <member type="node" ref="991294745" role="platform"/>
  <member type="node" ref="9016624668" role="stop"/>
  <member type="node" ref="950755866" role="platform"/>
  <member type="node" ref="8776003761" role="stop"/>
  <member type="node" ref="991281052" role="platform"/>
  <member type="node" ref="9038185080" role="stop"/>
  <member type="node" ref="910610751" role="platform"/>
  <member type="node" ref="8749989948" role="stop"/>
  <member type="node" ref="2723887252" role="platform"/>
  <member type="node" ref="2289515014" role="stop"/>
  <member type="node" ref="2723887242" role="platform"/>
  <member type="node" ref="8982694430" role="stop"/>
  <member type="node" ref="1948112036" role="platform"/>
  <member type="node" ref="8982694429" role="stop"/>
  <member type="node" ref="920587003" role="platform"/>
  <member type="node" ref="8956757936" role="stop"/>
  <member type="node" ref="1948112031" role="platform"/>
  <member type="node" ref="8956757935" role="stop"/>
  <member type="node" ref="8836094327" role="platform"/>
  <member type="node" ref="8836094326" role="stop"/>
  <member type="node" ref="920586964" role="platform"/>
  <member type="node" ref="8741741614" role="stop"/>
  <member type="node" ref="993469065" role="platform"/>
  <member type="node" ref="9010463719" role="stop"/>
  <member type="node" ref="993469099" role="platform"/>
  <member type="node" ref="8741741616" role="stop"/>
  <member type="node" ref="992434558" role="platform"/>
  <member type="node" ref="8741761819" role="stop"/>
  <member type="node" ref="992434559" role="platform"/>
  <member type="node" ref="8741761821" role="stop"/>
  <member type="node" ref="987468436" role="platform"/>
  <member type="node" ref="9010463718" role="stop"/>
  <member type="node" ref="986552284" role="platform"/>
  <member type="node" ref="9010463717" role="stop"/>
  <member type="node" ref="4138752318" role="platform"/>
  <member type="node" ref="8742215632" role="stop"/>
  <member type="node" ref="991271663" role="platform"/>
  <member type="node" ref="9324430850" role="stop"/>
  <member type="node" ref="3592482952" role="platform"/>
  <member type="node" ref="9324430849" role="stop"/>
  <member type="node" ref="991271641" role="platform"/>
  <member type="node" ref="9324430848" role="stop"/>
  <member type="node" ref="991271564" role="platform"/>
  <member type="node" ref="8980151998" role="stop"/>
  <member type="node" ref="991271625" role="platform"/>
  <member type="node" ref="1969430669" role="stop"/>
  <member type="node" ref="920586807" role="platform"/>
  <member type="node" ref="8743392141" role="stop"/>
  <member type="node" ref="910711309" role="platform"/>
  <member type="node" ref="8743392140" role="stop"/>
  <member type="node" ref="994689957" role="platform"/>
  <member type="node" ref="8743392139" role="stop"/>
  <member type="node" ref="9553790684" role="stop"/>
  <member type="node" ref="7750387588" role="platform"/>
  <member type="node" ref="994693580" role="platform"/>
  <member type="node" ref="9553790683" role="stop"/>
  <member type="node" ref="991281126" role="platform"/>
  <member type="node" ref="5485728004" role="stop"/>
  <member type="node" ref="991294745" role="platform"/>
  <member type="node" ref="9016624668" role="stop"/>
  <member type="way" ref="86312378" role=""/>
  <member type="way" ref="56396803" role=""/>
  <member type="way" ref="87231152" role=""/>
  <member type="way" ref="82714452" role=""/>
  <member type="way" ref="1192734267" role=""/>
  <member type="way" ref="318090564" role=""/>
  <member type="way" ref="85550337" role=""/>
  <member type="way" ref="250439126" role=""/>
  <member type="way" ref="250439125" role=""/>
  <member type="way" ref="262217646" role=""/>
  <member type="way" ref="1198058953" role=""/>
  <member type="way" ref="1010198988" role=""/>
  <member type="way" ref="103633886" role=""/>
  <member type="way" ref="1257229578" role=""/>
  <member type="way" ref="137188674" role=""/>
  <member type="way" ref="219822883" role=""/>
  <member type="way" ref="61424476" role=""/>
  <member type="way" ref="187859105" role=""/>
  <member type="way" ref="231023144" role=""/>
  <member type="way" ref="61424457" role=""/>
  <member type="way" ref="702880435" role=""/>
  <member type="way" ref="195532748" role=""/>
  <member type="way" ref="195532745" role=""/>
  <member type="way" ref="85479316" role=""/>
  <member type="way" ref="65332150" role=""/>
  <member type="way" ref="123449082" role=""/>
  <member type="way" ref="991941103" role=""/>
  <member type="way" ref="184345352" role=""/>
  <member type="way" ref="287865554" role=""/>
  <member type="way" ref="73599082" role=""/>
  <member type="way" ref="195408843" role=""/>
  <member type="way" ref="224259994" role=""/>
  <member type="way" ref="229153194" role=""/>
  <member type="way" ref="163118212" role=""/>
  <member type="way" ref="254192614" role=""/>
  <member type="way" ref="260927582" role=""/>
  <member type="way" ref="281769980" role=""/>
  <member type="way" ref="224898505" role=""/>
  <member type="way" ref="229153196" role=""/>
  <member type="way" ref="224259604" role=""/>
  <member type="way" ref="862815737" role=""/>
  <member type="way" ref="229212870" role=""/>
  <member type="way" ref="281769982" role=""/>
  <member type="way" ref="281769981" role=""/>
  <member type="way" ref="281805816" role=""/>
  <member type="way" ref="291716704" role=""/>
  <member type="way" ref="435409946" role=""/>
  <member type="way" ref="1435251146" role=""/>
  <member type="way" ref="183640152" role=""/>
  <member type="way" ref="1193566444" role=""/>
  <member type="way" ref="1190644762" role=""/>
  <member type="way" ref="477485928" role=""/>
  <member type="way" ref="944031048" role=""/>
  <member type="way" ref="59621688" role=""/>
  <member type="way" ref="968785806" role=""/>
  <member type="way" ref="1190644760" role=""/>
  <member type="way" ref="970114430" role=""/>
  <member type="way" ref="1190644758" role=""/>
  <member type="way" ref="970114431" role=""/>
  <member type="way" ref="968785831" role=""/>
  <member type="way" ref="1060998491" role=""/>
  <member type="way" ref="477485929" role=""/>
  <member type="way" ref="82674635" role=""/>
  <member type="way" ref="27083836" role=""/>
  <member type="way" ref="556831058" role=""/>
  <member type="way" ref="556831056" role=""/>
  <member type="way" ref="75280792" role=""/>
  <member type="way" ref="88494805" role=""/>
  <member type="way" ref="85130315" role=""/>
  <member type="way" ref="88493038" role=""/>
  <member type="way" ref="34961045" role=""/>
  <member type="way" ref="86378793" role=""/>
  <member type="way" ref="85550138" role=""/>
  <member type="way" ref="1320461787" role=""/>
  <member type="way" ref="85131213" role=""/>
  <member type="way" ref="82674609" role=""/>
  <member type="way" ref="82674626" role=""/>
  <member type="way" ref="82674613" role=""/>
  <member type="way" ref="36944634" role=""/>
  <member type="way" ref="65333420" role=""/>
  <member type="way" ref="137124583" role=""/>
  <member type="way" ref="1180388953" role=""/>
  <member type="way" ref="137120843" role=""/>
  <member type="way" ref="317197109" role=""/>
  <member type="way" ref="283639392" role=""/>
  <member type="way" ref="316495645" role=""/>
  <member type="way" ref="1496050613" role=""/>
  <member type="way" ref="137918105" role=""/>
  <member type="way" ref="238855993" role=""/>
  <member type="way" ref="1092793888" role=""/>
  <member type="way" ref="224960965" role=""/>
  <member type="way" ref="970569343" role=""/>
  <member type="way" ref="986111038" role=""/>
  <member type="way" ref="123956272" role=""/>
  <member type="way" ref="1496050614" role=""/>
  <member type="way" ref="806401050" role=""/>
  <member type="way" ref="90635174" role=""/>
  <member type="way" ref="90635156" role=""/>
  <member type="way" ref="90635145" role=""/>
  <member type="way" ref="114661308" role=""/>
  <member type="way" ref="124790049" role=""/>
  <member type="way" ref="161997596" role=""/>
  <member type="way" ref="374674693" role=""/>
  <member type="way" ref="114660958" role=""/>
  <member type="way" ref="1192617920" role=""/>
  <member type="way" ref="1192617921" role=""/>
  <member type="way" ref="161997599" role=""/>
  <member type="way" ref="1083966282" role=""/>
  <member type="way" ref="1192617918" role=""/>
  <member type="way" ref="1192617919" role=""/>
  <member type="way" ref="1196116831" role=""/>
  <member type="way" ref="1196116830" role=""/>
  <member type="way" ref="90984811" role=""/>
  <member type="way" ref="1196116829" role=""/>
  <member type="way" ref="1196116828" role=""/>
  <member type="way" ref="1080283366" role=""/>
  <member type="way" ref="1093750314" role=""/>
  <member type="way" ref="82714450" role=""/>
  <member type="way" ref="1080283365" role=""/>
  <member type="way" ref="840567864" role=""/>
  <member type="way" ref="1068134198" role=""/>
  <member type="way" ref="907269526" role=""/>
  <member type="way" ref="242330683" role=""/>
  <member type="way" ref="998361188" role=""/>
  <member type="way" ref="82714454" role=""/>
  <member type="way" ref="1052677830" role=""/>
  <tag k="name" v="Автобус 28a (кольцевой)"/>
  <tag k="network" v="city"/>
  <tag k="operator" v="ООО КПАП №7"/>
  <tag k="public_transport:version" v="2"/>
  <tag k="ref" v="28a"/>
  <tag k="roundtrip" v="yes"/>
  <tag k="route" v="bus"/>
  <tag k="type" v="route"/>
 </relation>
 <relation id="1323279" visible="true" version="219" changeset="180375975" timestamp="2026-03-24T21:04:48Z" user="Глеб" uid="346125">
  <member type="node" ref="1502980748" role="stop"/>
  <member type="node" ref="1511302849" role="platform"/>
  <member type="node" ref="2609114345" role="stop"/>
  <member type="node" ref="990017569" role="platform"/>
  <member type="node" ref="2609114329" role="stop"/>
  <member type="node" ref="990017644" role="platform"/>
  <member type="node" ref="2609114354" role="stop"/>
  <member type="node" ref="990017564" role="platform"/>
  <member type="node" ref="2609114336" role="stop"/>
  <member type="node" ref="990017693" role="platform"/>
  <member type="node" ref="9028026792" role="stop"/>
  <member type="node" ref="990017656" role="platform"/>
  <member type="node" ref="9674384002" role="stop"/>
  <member type="node" ref="994626093" role="platform"/>
  <member type="node" ref="9674384001" role="stop"/>
  <member type="node" ref="1040842679" role="platform"/>
  <member type="node" ref="9674384000" role="stop"/>
  <member type="node" ref="1040842701" role="platform"/>
  <member type="node" ref="9674383999" role="stop"/>
  <member type="node" ref="1040842678" role="platform"/>
  <member type="node" ref="1040842692" role="platform"/>
  <member type="node" ref="1040842676" role="platform"/>
  <member type="node" ref="9375805766" role="stop"/>
  <member type="node" ref="1040842668" role="platform"/>
  <member type="node" ref="9375805765" role="stop"/>
  <member type="node" ref="1040842691" role="platform"/>
  <member type="node" ref="295026528" role="stop"/>
  <member type="node" ref="993469101" role="platform"/>
  <member type="node" ref="8749989943" role="stop"/>
  <member type="node" ref="1702599824" role="platform"/>
  <member type="node" ref="8749989944" role="stop"/>
  <member type="node" ref="4458764941" role="platform"/>
  <member type="node" ref="8742215632" role="stop"/>
  <member type="node" ref="4138752318" role="platform"/>
  <member type="node" ref="8741761826" role="stop"/>
  <member type="node" ref="4804522491" role="platform"/>
  <member type="node" ref="8741761820" role="stop"/>
  <member type="node" ref="992434557" role="platform"/>
  <member type="node" ref="8741761818" role="stop"/>
  <member type="node" ref="992434555" role="platform"/>
  <member type="node" ref="8741761817" role="stop"/>
  <member type="node" ref="993469068" role="platform"/>
  <member type="node" ref="8741741615" role="stop"/>
  <member type="node" ref="993469095" role="platform"/>
  <member type="node" ref="295239507" role="stop"/>
  <member type="node" ref="4274139897" role="platform"/>
  <member type="node" ref="8749989946" role="stop"/>
  <member type="node" ref="11393554785" role="platform"/>
  <member type="node" ref="8789173176" role="stop"/>
  <member type="node" ref="988795544" role="platform"/>
  <member type="node" ref="9014365590" role="stop"/>
  <member type="node" ref="2370515847" role="platform"/>
  <member type="node" ref="9016624673" role="stop"/>
  <member type="node" ref="910610709" role="platform"/>
  <member type="node" ref="9016624672" role="stop"/>
  <member type="node" ref="910610689" role="platform"/>
  <member type="node" ref="9039939989" role="stop"/>
  <member type="node" ref="991029219" role="platform"/>
  <member type="node" ref="9039939988" role="stop"/>
  <member type="node" ref="991029223" role="platform"/>
  <member type="node" ref="8743392130" role="stop"/>
  <member type="node" ref="990934939" role="platform"/>
  <member type="node" ref="8743392129" role="stop"/>
  <member type="node" ref="990934922" role="platform"/>
  <member type="node" ref="8743392128" role="stop"/>
  <member type="node" ref="990934935" role="platform"/>
  <member type="node" ref="8743392127" role="stop"/>
  <member type="node" ref="990934925" role="platform"/>
  <member type="node" ref="9013704362" role="stop"/>
  <member type="node" ref="990934917" role="platform"/>
  <member type="node" ref="9324430840" role="stop"/>
  <member type="node" ref="990934944" role="platform"/>
  <member type="node" ref="9324430839" role="stop"/>
  <member type="node" ref="990914606" role="platform"/>
  <member type="node" ref="9324430838" role="stop"/>
  <member type="node" ref="1014283904" role="platform"/>
  <member type="node" ref="9324430836" role="stop"/>
  <member type="node" ref="1014283906" role="platform"/>
  <member type="node" ref="9324430835" role="stop"/>
  <member type="node" ref="1014283887" role="platform"/>
  <member type="node" ref="9324430834" role="stop"/>
  <member type="node" ref="1014283911" role="platform"/>
  <member type="node" ref="9128625492" role="stop"/>
  <member type="node" ref="1014283884" role="platform"/>
  <member type="node" ref="9324430833" role="stop"/>
  <member type="node" ref="1014283917" role="platform"/>
  <member type="node" ref="9324430832" role="stop"/>
  <member type="node" ref="1014283909" role="platform"/>
  <member type="node" ref="9324430830" role="stop"/>
  <member type="node" ref="9324430831" role="platform"/>
  <member type="node" ref="9628903799" role="stop"/>
  <member type="node" ref="1003526250" role="platform"/>
  <member type="node" ref="9628903797" role="stop"/>
  <member type="node" ref="1003526272" role="platform"/>
  <member type="way" ref="137009233" role=""/>
  <member type="way" ref="137087727" role=""/>
  <member type="way" ref="1435131660" role=""/>
  <member type="way" ref="1435236428" role=""/>
  <member type="way" ref="254040015" role=""/>
  <member type="way" ref="254040016" role=""/>
  <member type="way" ref="254040017" role=""/>
  <member type="way" ref="446120754" role=""/>
  <member type="way" ref="83804965" role=""/>
  <member type="way" ref="583348317" role=""/>
  <member type="way" ref="299489701" role=""/>
  <member type="way" ref="299489700" role=""/>
  <member type="way" ref="85702472" role=""/>
  <member type="way" ref="382675336" role=""/>
  <member type="way" ref="382675334" role=""/>
  <member type="way" ref="382675333" role=""/>
  <member type="way" ref="129323415" role=""/>
  <member type="way" ref="962198470" role=""/>
  <member type="way" ref="129323398" role=""/>
  <member type="way" ref="249303949" role=""/>
  <member type="way" ref="249303956" role=""/>
  <member type="way" ref="129323406" role=""/>
  <member type="way" ref="129323402" role=""/>
  <member type="way" ref="129323405" role=""/>
  <member type="way" ref="366677093" role=""/>
  <member type="way" ref="386495493" role=""/>
  <member type="way" ref="386495523" role=""/>
  <member type="way" ref="366677707" role=""/>
  <member type="way" ref="1431922797" role=""/>
  <member type="way" ref="1431922800" role=""/>
  <member type="way" ref="1431922801" role=""/>
  <member type="way" ref="366677706" role=""/>
  <member type="way" ref="366677704" role=""/>
  <member type="way" ref="366677705" role=""/>
  <member type="way" ref="366677708" role=""/>
  <member type="way" ref="129323417" role=""/>
  <member type="way" ref="129323411" role=""/>
  <member type="way" ref="129323408" role=""/>
  <member type="way" ref="309036181" role=""/>
  <member type="way" ref="1356117749" role=""/>
  <member type="way" ref="27171314" role=""/>
  <member type="way" ref="1492401003" role=""/>
  <member type="way" ref="1215049122" role=""/>
  <member type="way" ref="1454348342" role=""/>
  <member type="way" ref="1215933645" role=""/>
  <member type="way" ref="998410442" role=""/>
  <member type="way" ref="1215027820" role=""/>
  <member type="way" ref="1215933003" role=""/>
  <member type="way" ref="1330878637" role=""/>
  <member type="way" ref="1346355170" role=""/>
  <member type="way" ref="1215933004" role=""/>
  <member type="way" ref="1215027821" role=""/>
  <member type="way" ref="998410443" role=""/>
  <member type="way" ref="1215933646" role=""/>
  <member type="way" ref="967220367" role=""/>
  <member type="way" ref="1199118835" role=""/>
  <member type="way" ref="57031665" role=""/>
  <member type="way" ref="1196518836" role=""/>
  <member type="way" ref="129323401" role=""/>
  <member type="way" ref="40455364" role=""/>
  <member type="way" ref="372559380" role=""/>
  <member type="way" ref="372559379" role=""/>
  <member type="way" ref="630126753" role=""/>
  <member type="way" ref="630126754" role=""/>
  <member type="way" ref="372559378" role=""/>
  <member type="way" ref="372559377" role=""/>
  <member type="way" ref="372559375" role=""/>
  <member type="way" ref="372559376" role=""/>
  <member type="way" ref="372559374" role=""/>
  <member type="way" ref="287004165" role=""/>
  <member type="way" ref="287004164" role=""/>
  <member type="way" ref="1148239757" role=""/>
  <member type="way" ref="287004163" role=""/>
  <member type="way" ref="287004162" role=""/>
  <member type="way" ref="69267007" role=""/>
  <member type="way" ref="287004161" role=""/>
  <member type="way" ref="321899269" role=""/>
  <member type="way" ref="321899270" role=""/>
  <member type="way" ref="378894537" role=""/>
  <member type="way" ref="85638073" role=""/>
  <member type="way" ref="58939634" role=""/>
  <member type="way" ref="58939635" role=""/>
  <member type="way" ref="1370860944" role=""/>
  <member type="way" ref="84111785" role=""/>
  <member type="way" ref="85638072" role=""/>
  <member type="way" ref="308108444" role=""/>
  <member type="way" ref="1020115039" role=""/>
  <member type="way" ref="308108442" role=""/>
  <member type="way" ref="130075137" role=""/>
  <member type="way" ref="539901020" role=""/>
  <member type="way" ref="1020115724" role=""/>
  <member type="way" ref="308108441" role=""/>
  <member type="way" ref="381689655" role=""/>
  <member type="way" ref="308108443" role=""/>
  <member type="way" ref="308108440" role=""/>
  <member type="way" ref="849729044" role=""/>
  <member type="way" ref="308108445" role=""/>
  <member type="way" ref="86378794" role=""/>
  <member type="way" ref="86378793" role=""/>
  <member type="way" ref="85550138" role=""/>
  <member type="way" ref="1320461787" role=""/>
  <member type="way" ref="85131213" role=""/>
  <member type="way" ref="82674609" role=""/>
  <member type="way" ref="82674626" role=""/>
  <member type="way" ref="36944630" role=""/>
  <member type="way" ref="85638068" role=""/>
  <member type="way" ref="85130381" role=""/>
  <member type="way" ref="974282096" role=""/>
  <member type="way" ref="82674632" role=""/>
  <member type="way" ref="1198048894" role=""/>
  <member type="way" ref="1052673102" role=""/>
  <member type="way" ref="1190644757" role=""/>
  <member type="way" ref="1052673099" role=""/>
  <member type="way" ref="1190644759" role=""/>
  <member type="way" ref="1052673098" role=""/>
  <member type="way" ref="1052673100" role=""/>
  <member type="way" ref="1190644761" role=""/>
  <member type="way" ref="1052673096" role=""/>
  <member type="way" ref="1190644471" role=""/>
  <member type="way" ref="1190644472" role=""/>
  <member type="way" ref="89799719" role=""/>
  <member type="way" ref="1193556655" role=""/>
  <member type="way" ref="984106821" role=""/>
  <member type="way" ref="89799724" role=""/>
  <member type="way" ref="1193556656" role=""/>
  <member type="way" ref="291716704" role=""/>
  <member type="way" ref="281805816" role=""/>
  <member type="way" ref="281769981" role=""/>
  <member type="way" ref="281769982" role=""/>
  <member type="way" ref="229212870" role=""/>
  <member type="way" ref="862815737" role=""/>
  <member type="way" ref="224259451" role=""/>
  <member type="way" ref="195408844" role=""/>
  <member type="way" ref="225065337" role=""/>
  <member type="way" ref="229212871" role=""/>
  <member type="way" ref="287865553" role=""/>
  <member type="way" ref="991941102" role=""/>
  <member type="way" ref="225730080" role=""/>
  <member type="way" ref="1002253142" role=""/>
  <member type="way" ref="473035795" role=""/>
  <member type="way" ref="89560720" role=""/>
  <member type="way" ref="65332149" role=""/>
  <member type="way" ref="1262297006" role=""/>
  <member type="way" ref="125208126" role=""/>
  <member type="way" ref="1084426831" role=""/>
  <member type="way" ref="195532746" role=""/>
  <member type="way" ref="480181274" role=""/>
  <member type="way" ref="61424371" role=""/>
  <member type="way" ref="163693926" role=""/>
  <member type="way" ref="231023145" role=""/>
  <member type="way" ref="219822884" role=""/>
  <member type="way" ref="85478290" role=""/>
  <member type="way" ref="137188675" role=""/>
  <member type="way" ref="85550343" role=""/>
  <member type="way" ref="85638075" role=""/>
  <member type="way" ref="1179770929" role=""/>
  <member type="way" ref="86312385" role=""/>
  <member type="way" ref="183201073" role=""/>
  <member type="way" ref="183201074" role=""/>
  <member type="way" ref="1197170951" role=""/>
  <member type="way" ref="1484862536" role=""/>
  <member type="way" ref="65336703" role=""/>
  <member type="way" ref="56752749" role=""/>
  <member type="way" ref="127070728" role=""/>
  <member type="way" ref="65336579" role=""/>
  <member type="way" ref="85478307" role=""/>
  <member type="way" ref="137082067" role=""/>
  <member type="way" ref="1184006589" role=""/>
  <member type="way" ref="1184006590" role=""/>
  <member type="way" ref="1168532634" role=""/>
  <member type="way" ref="1168532636" role=""/>
  <member type="way" ref="1486257248" role=""/>
  <member type="way" ref="137082069" role=""/>
  <member type="way" ref="327068592" role=""/>
  <member type="way" ref="85479320" role=""/>
  <member type="way" ref="368727631" role=""/>
  <member type="way" ref="858030726" role=""/>
  <member type="way" ref="974013935" role=""/>
  <member type="way" ref="1012021188" role=""/>
  <member type="way" ref="89663285" role=""/>
  <member type="way" ref="974967219" role=""/>
  <member type="way" ref="974967218" role=""/>
  <member type="way" ref="987045683" role=""/>
  <member type="way" ref="974967220" role=""/>
  <member type="way" ref="321515449" role=""/>
  <member type="way" ref="944377090" role=""/>
  <member type="way" ref="944377089" role=""/>
  <member type="way" ref="1010204532" role=""/>
  <member type="way" ref="987171818" role=""/>
  <member type="way" ref="987171812" role=""/>
  <member type="way" ref="987171811" role=""/>
  <member type="way" ref="198942100" role=""/>
  <member type="way" ref="72575930" role=""/>
  <member type="way" ref="987171810" role=""/>
  <member type="way" ref="987171809" role=""/>
  <member type="way" ref="987171808" role=""/>
  <member type="way" ref="987171807" role=""/>
  <member type="way" ref="85479313" role=""/>
  <member type="way" ref="987171806" role=""/>
  <member type="way" ref="987597990" role=""/>
  <member type="way" ref="987597989" role=""/>
  <member type="way" ref="987597988" role=""/>
  <member type="way" ref="87501755" role=""/>
  <member type="way" ref="987784898" role=""/>
  <member type="way" ref="987784897" role=""/>
  <member type="way" ref="987784896" role=""/>
  <member type="way" ref="35071034" role=""/>
  <member type="way" ref="987597976" role=""/>
  <tag k="from" v="улица Академика Сахарова"/>
  <tag k="name" v="Автобус 89: улица Академика Сахарова → улица Гудованцева"/>
  <tag k="network" v="city"/>
  <tag k="operator" v="ИТЦ"/>
  <tag k="public_transport:version" v="2"/>
  <tag k="ref" v="89"/>
  <tag k="route" v="bus"/>
  <tag k="to" v="улица Гудованцева"/>
  <tag k="type" v="route"/>
 </relation>
 <relation id="3407880" visible="true" version="129" changeset="182322939" timestamp="2026-05-07T06:19:48Z" user="Глеб" uid="346125">
  <member type="node" ref="975680449" role="stop"/>
  <member type="node" ref="992623520" role="platform"/>
  <member type="node" ref="9605759399" role="stop"/>
  <member type="node" ref="9605759400" role="platform"/>
  <member type="node" ref="9032207453" role="stop"/>
  <member type="node" ref="9032207454" role="platform"/>
  <member type="node" ref="8749989936" role="stop"/>
  <member type="node" ref="986552279" role="platform"/>
  <member type="node" ref="9010398113" role="stop"/>
  <member type="node" ref="986552283" role="platform"/>
  <member type="node" ref="8749989937" role="stop"/>
  <member type="node" ref="986552310" role="platform"/>
  <member type="node" ref="283034672" role="stop"/>
  <member type="node" ref="900938045" role="platform"/>
  <member type="node" ref="8749989938" role="stop"/>
  <member type="node" ref="977443055" role="platform"/>
  <member type="node" ref="8749989939" role="stop"/>
  <member type="node" ref="977443040" role="platform"/>
  <member type="node" ref="8749989940" role="stop"/>
  <member type="node" ref="977443033" role="platform"/>
  <member type="node" ref="2609114343" role="stop"/>
  <member type="node" ref="977443038" role="platform"/>
  <member type="node" ref="2609114332" role="stop"/>
  <member type="node" ref="977443047" role="platform"/>
  <member type="node" ref="2609114351" role="stop"/>
  <member type="node" ref="993484256" role="platform"/>
  <member type="node" ref="2609114349" role="stop"/>
  <member type="node" ref="993484234" role="platform"/>
  <member type="node" ref="2609114334" role="stop"/>
  <member type="node" ref="993484248" role="platform"/>
  <member type="node" ref="2609114347" role="stop"/>
  <member type="node" ref="993469088" role="platform"/>
  <member type="node" ref="8749989942" role="stop"/>
  <member type="node" ref="993469081" role="platform"/>
  <member type="node" ref="295026528" role="stop"/>
  <member type="node" ref="993469101" role="platform"/>
  <member type="node" ref="8749989943" role="stop"/>
  <member type="node" ref="1702599824" role="platform"/>
  <member type="node" ref="8749989944" role="stop"/>
  <member type="node" ref="4458764941" role="platform"/>
  <member type="node" ref="8742215632" role="stop"/>
  <member type="node" ref="4138752318" role="platform"/>
  <member type="node" ref="8741761826" role="stop"/>
  <member type="node" ref="4804522491" role="platform"/>
  <member type="node" ref="8741761820" role="stop"/>
  <member type="node" ref="992434557" role="platform"/>
  <member type="node" ref="8741761818" role="stop"/>
  <member type="node" ref="992434555" role="platform"/>
  <member type="node" ref="8741761817" role="stop"/>
  <member type="node" ref="993469068" role="platform"/>
  <member type="node" ref="8741741615" role="stop"/>
  <member type="node" ref="993469095" role="platform"/>
  <member type="node" ref="295239507" role="stop"/>
  <member type="node" ref="4274139897" role="platform"/>
  <member type="node" ref="8749989946" role="stop"/>
  <member type="node" ref="11393554785" role="platform"/>
  <member type="node" ref="8749989947" role="stop"/>
  <member type="node" ref="991068255" role="platform"/>
  <member type="node" ref="8743392137" role="stop"/>
  <member type="node" ref="991068265" role="platform"/>
  <member type="node" ref="8749989948" role="stop"/>
  <member type="node" ref="910610751" role="platform"/>
  <member type="node" ref="8749989945" role="stop"/>
  <member type="node" ref="991068246" role="platform"/>
  <member type="node" ref="8749989935" role="stop"/>
  <member type="node" ref="991029206" role="platform"/>
  <member type="node" ref="8749989934" role="stop"/>
  <member type="node" ref="992487217" role="platform"/>
  <member type="node" ref="8749989933" role="stop"/>
  <member type="node" ref="992487227" role="platform"/>
  <member type="node" ref="8749989932" role="stop"/>
  <member type="node" ref="992487199" role="platform"/>
  <member type="node" ref="8749989931" role="stop"/>
  <member type="node" ref="992487213" role="platform"/>
  <member type="node" ref="8749989930" role="stop"/>
  <member type="node" ref="992487230" role="platform"/>
  <member type="node" ref="8738876954" role="stop"/>
  <member type="node" ref="992487202" role="platform"/>
  <member type="node" ref="11784550279" role="stop"/>
  <member type="node" ref="993469118" role="platform"/>
  <member type="node" ref="8738876952" role="stop"/>
  <member type="node" ref="1005353629" role="platform"/>
  <member type="node" ref="8739181195" role="stop"/>
  <member type="node" ref="1005353617" role="platform"/>
  <member type="node" ref="9032207465" role="stop"/>
  <member type="node" ref="4340954428" role="platform"/>
  <member type="way" ref="1043674077" role=""/>
  <member type="way" ref="1510189599" role=""/>
  <member type="way" ref="1510189600" role=""/>
  <member type="way" ref="1510189597" role=""/>
  <member type="way" ref="1510189596" role=""/>
  <member type="way" ref="1510189593" role=""/>
  <member type="way" ref="1510189591" role=""/>
  <member type="way" ref="1194311492" role=""/>
  <member type="way" ref="85128423" role=""/>
  <member type="way" ref="1196402678" role=""/>
  <member type="way" ref="987245247" role=""/>
  <member type="way" ref="25922621" role=""/>
  <member type="way" ref="405501778" role=""/>
  <member type="way" ref="1056955503" role=""/>
  <member type="way" ref="1180158021" role=""/>
  <member type="way" ref="83803515" role=""/>
  <member type="way" ref="35068922" role=""/>
  <member type="way" ref="751083767" role=""/>
  <member type="way" ref="751083766" role=""/>
  <member type="way" ref="90777005" role=""/>
  <member type="way" ref="85130191" role=""/>
  <member type="way" ref="27084464" role=""/>
  <member type="way" ref="68175187" role=""/>
  <member type="way" ref="240858477" role=""/>
  <member type="way" ref="1357149117" role=""/>
  <member type="way" ref="595015105" role=""/>
  <member type="way" ref="240894368" role=""/>
  <member type="way" ref="249303975" role=""/>
  <member type="way" ref="249303978" role=""/>
  <member type="way" ref="249303972" role=""/>
  <member type="way" ref="1443190191" role=""/>
  <member type="way" ref="384498979" role=""/>
  <member type="way" ref="384498978" role=""/>
  <member type="way" ref="384498981" role=""/>
  <member type="way" ref="384498982" role=""/>
  <member type="way" ref="384498983" role=""/>
  <member type="way" ref="454925035" role=""/>
  <member type="way" ref="1357698773" role=""/>
  <member type="way" ref="384498984" role=""/>
  <member type="way" ref="88369072" role=""/>
  <member type="way" ref="85391606" role=""/>
  <member type="way" ref="126819810" role=""/>
  <member type="way" ref="593497791" role=""/>
  <member type="way" ref="437996212" role=""/>
  <member type="way" ref="437996302" role=""/>
  <member type="way" ref="525690521" role=""/>
  <member type="way" ref="126819809" role=""/>
  <member type="way" ref="1357755317" role=""/>
  <member type="way" ref="1220464378" role=""/>
  <member type="way" ref="532610520" role=""/>
  <member type="way" ref="532610525" role=""/>
  <member type="way" ref="84397100" role=""/>
  <member type="way" ref="480229929" role=""/>
  <member type="way" ref="84397131" role=""/>
  <member type="way" ref="85638067" role=""/>
  <member type="way" ref="443214631" role=""/>
  <member type="way" ref="309036175" role=""/>
  <member type="way" ref="86302330" role=""/>
  <member type="way" ref="88335978" role=""/>
  <member type="way" ref="40191613" role=""/>
  <member type="way" ref="1100822427" role=""/>
  <member type="way" ref="1100822428" role=""/>
  <member type="way" ref="94501397" role=""/>
  <member type="way" ref="94501396" role=""/>
  <member type="way" ref="251863812" role=""/>
  <member type="way" ref="251863811" role=""/>
  <member type="way" ref="309358293" role=""/>
  <member type="way" ref="974991553" role=""/>
  <member type="way" ref="85638073" role=""/>
  <member type="way" ref="58939634" role=""/>
  <member type="way" ref="58939635" role=""/>
  <member type="way" ref="1370860944" role=""/>
  <member type="way" ref="84111785" role=""/>
  <member type="way" ref="85638072" role=""/>
  <member type="way" ref="308108444" role=""/>
  <member type="way" ref="1020115039" role=""/>
  <member type="way" ref="308108442" role=""/>
  <member type="way" ref="130075137" role=""/>
  <member type="way" ref="539901020" role=""/>
  <member type="way" ref="1020115724" role=""/>
  <member type="way" ref="308108441" role=""/>
  <member type="way" ref="381689655" role=""/>
  <member type="way" ref="308108443" role=""/>
  <member type="way" ref="308108440" role=""/>
  <member type="way" ref="849729044" role=""/>
  <member type="way" ref="308108445" role=""/>
  <member type="way" ref="86378794" role=""/>
  <member type="way" ref="86378793" role=""/>
  <member type="way" ref="85550138" role=""/>
  <member type="way" ref="1320461787" role=""/>
  <member type="way" ref="85131213" role=""/>
  <member type="way" ref="82674609" role=""/>
  <member type="way" ref="82674626" role=""/>
  <member type="way" ref="36944630" role=""/>
  <member type="way" ref="85638068" role=""/>
  <member type="way" ref="85130381" role=""/>
  <member type="way" ref="974282096" role=""/>
  <member type="way" ref="82674632" role=""/>
  <member type="way" ref="1198048894" role=""/>
  <member type="way" ref="1052673102" role=""/>
  <member type="way" ref="1190644757" role=""/>
  <member type="way" ref="1052673099" role=""/>
  <member type="way" ref="1190644759" role=""/>
  <member type="way" ref="1052673098" role=""/>
  <member type="way" ref="1052673100" role=""/>
  <member type="way" ref="1190644761" role=""/>
  <member type="way" ref="1052673096" role=""/>
  <member type="way" ref="1190644471" role=""/>
  <member type="way" ref="1190644472" role=""/>
  <member type="way" ref="89799719" role=""/>
  <member type="way" ref="1193556655" role=""/>
  <member type="way" ref="984106821" role=""/>
  <member type="way" ref="89799724" role=""/>
  <member type="way" ref="1193556656" role=""/>
  <member type="way" ref="291716704" role=""/>
  <member type="way" ref="281805816" role=""/>
  <member type="way" ref="281769981" role=""/>
  <member type="way" ref="281769982" role=""/>
  <member type="way" ref="229212870" role=""/>
  <member type="way" ref="862815737" role=""/>
  <member type="way" ref="224259451" role=""/>
  <member type="way" ref="195408844" role=""/>
  <member type="way" ref="225065337" role=""/>
  <member type="way" ref="229212871" role=""/>
  <member type="way" ref="287865553" role=""/>
  <member type="way" ref="991941102" role=""/>
  <member type="way" ref="225730080" role=""/>
  <member type="way" ref="1002253142" role=""/>
  <member type="way" ref="473035795" role=""/>
  <member type="way" ref="89560720" role=""/>
  <member type="way" ref="1084426829" role=""/>
  <member type="way" ref="1084426828" role=""/>
  <member type="way" ref="1193015682" role=""/>
  <member type="way" ref="26921138" role=""/>
  <member type="way" ref="1084426827" role=""/>
  <member type="way" ref="263931572" role=""/>
  <member type="way" ref="86218139" role=""/>
  <member type="way" ref="85702774" role=""/>
  <member type="way" ref="847084557" role=""/>
  <member type="way" ref="847084556" role=""/>
  <member type="way" ref="86300240" role=""/>
  <member type="way" ref="85478293" role=""/>
  <member type="way" ref="262217646" role=""/>
  <member type="way" ref="1198058953" role=""/>
  <member type="way" ref="1010198988" role=""/>
  <member type="way" ref="103633886" role=""/>
  <member type="way" ref="1257229578" role=""/>
  <member type="way" ref="137188675" role=""/>
  <member type="way" ref="85550343" role=""/>
  <member type="way" ref="85552207" role=""/>
  <member type="way" ref="85552204" role=""/>
  <member type="way" ref="988202523" role=""/>
  <member type="way" ref="86110271" role=""/>
  <member type="way" ref="988202521" role=""/>
  <member type="way" ref="988202522" role=""/>
  <member type="way" ref="86110273" role=""/>
  <member type="way" ref="360454466" role=""/>
  <member type="way" ref="1037130718" role=""/>
  <member type="way" ref="383995374" role=""/>
  <member type="way" ref="383995375" role=""/>
  <member type="way" ref="383995376" role=""/>
  <member type="way" ref="1037130721" role=""/>
  <member type="way" ref="385527375" role=""/>
  <member type="way" ref="385527377" role=""/>
  <member type="way" ref="1037130723" role=""/>
  <member type="way" ref="1037130724" role=""/>
  <member type="way" ref="1037130725" role=""/>
  <member type="way" ref="1037130726" role=""/>
  <member type="way" ref="1037130727" role=""/>
  <member type="way" ref="1173063523" role=""/>
  <member type="way" ref="1037130729" role=""/>
  <member type="way" ref="1173063522" role=""/>
  <member type="way" ref="1037130732" role=""/>
  <member type="way" ref="1454345393" role=""/>
  <member type="way" ref="1454345392" role=""/>
  <member type="way" ref="1037130733" role=""/>
  <member type="way" ref="1173063518" role=""/>
  <member type="way" ref="1037130734" role=""/>
  <member type="way" ref="1454345390" role=""/>
  <member type="way" ref="294457681" role=""/>
  <member type="way" ref="970569342" role=""/>
  <member type="way" ref="73156959" role=""/>
  <member type="way" ref="1268818935" role=""/>
  <member type="way" ref="1344580582" role=""/>
  <member type="way" ref="1268787738" role=""/>
  <member type="way" ref="1063702956" role=""/>
  <member type="way" ref="1204760675" role=""/>
  <member type="way" ref="166823234" role=""/>
  <member type="way" ref="1336280176" role=""/>
  <member type="way" ref="59526644" role=""/>
  <member type="way" ref="1268822300" role=""/>
  <member type="way" ref="234144617" role=""/>
  <member type="way" ref="976008069" role=""/>
  <tag k="from" v="Ферма-2"/>
  <tag k="name" v="Автобус 22: Ферма-2 → улица Можайского"/>
  <tag k="network" v="city"/>
  <tag k="operator" v="ПАТП-2"/>
  <tag k="public_transport:version" v="2"/>
  <tag k="ref" v="22"/>
  <tag k="route" v="bus"/>
  <tag k="to" v="улица Можайского"/>
  <tag k="type" v="route"/>
 </relation>
 <relation id="3407881" visible="true" version="5" changeset="119858183" timestamp="2022-04-18T13:02:17Z" user="Глеб" uid="346125">
  <member type="relation" ref="1276545" role=""/>
  <member type="relation" ref="3407880" role=""/>
  <tag k="name" v="Автобус 22"/>
  <tag k="ref" v="22"/>
  <tag k="route_master" v="bus"/>
  <tag k="type" v="route_master"/>
 </relation>
 <relation id="3503353" visible="true" version="105" changeset="182972988" timestamp="2026-05-21T12:09:56Z" user="Глеб" uid="346125">
  <member type="node" ref="9628903797" role="stop"/>
  <member type="node" ref="1003526272" role="platform"/>
  <member type="node" ref="3784799504" role="stop"/>
  <member type="node" ref="1003526268" role="platform"/>
  <member type="node" ref="9628943411" role="stop"/>
  <member type="node" ref="899476450" role="platform"/>
  <member type="node" ref="13624689604" role="stop"/>
  <member type="node" ref="13624689605" role="platform"/>
  <member type="node" ref="9052537090" role="stop"/>
  <member type="node" ref="1003526282" role="platform"/>
  <member type="node" ref="9615033789" role="stop"/>
  <member type="node" ref="9326719901" role="platform"/>
  <member type="node" ref="9615033788" role="stop"/>
  <member type="node" ref="1014283920" role="platform"/>
  <member type="node" ref="9326724728" role="stop"/>
  <member type="node" ref="1014283885" role="platform"/>
  <member type="node" ref="9326724739" role="stop"/>
  <member type="node" ref="1014283894" role="platform"/>
  <member type="node" ref="9327203897" role="stop"/>
  <member type="node" ref="1014283928" role="platform"/>
  <member type="node" ref="9615033787" role="stop"/>
  <member type="node" ref="1014283883" role="platform"/>
  <member type="node" ref="9615033786" role="stop"/>
  <member type="node" ref="1289424578" role="platform"/>
  <member type="node" ref="9615033785" role="stop"/>
  <member type="node" ref="1014283932" role="platform"/>
  <member type="node" ref="3798898858" role="stop"/>
  <member type="node" ref="9615033784" role="platform"/>
  <member type="node" ref="9013704360" role="stop"/>
  <member type="node" ref="990934945" role="platform"/>
  <member type="node" ref="9013704361" role="stop"/>
  <member type="node" ref="990934903" role="platform"/>
  <member type="node" ref="8743392157" role="stop"/>
  <member type="node" ref="992487210" role="platform"/>
  <member type="node" ref="8743392156" role="stop"/>
  <member type="node" ref="992487228" role="platform"/>
  <member type="node" ref="8743437983" role="stop"/>
  <member type="node" ref="3228920864" role="platform"/>
  <member type="node" ref="1551826369" role="stop"/>
  <member type="node" ref="990934934" role="platform"/>
  <member type="node" ref="1780463170" role="stop"/>
  <member type="node" ref="988560849" role="platform"/>
  <member type="node" ref="8743392155" role="stop"/>
  <member type="node" ref="991029201" role="platform"/>
  <member type="node" ref="8743392154" role="stop"/>
  <member type="node" ref="910610687" role="platform"/>
  <member type="node" ref="2289515014" role="stop"/>
  <member type="node" ref="2723887252" role="platform"/>
  <member type="node" ref="8982694430" role="stop"/>
  <member type="node" ref="2723887242" role="platform"/>
  <member type="node" ref="8982694429" role="stop"/>
  <member type="node" ref="1948112036" role="platform"/>
  <member type="node" ref="8956757936" role="stop"/>
  <member type="node" ref="920587003" role="platform"/>
  <member type="node" ref="8956757935" role="stop"/>
  <member type="node" ref="1948112031" role="platform"/>
  <member type="node" ref="8836094326" role="stop"/>
  <member type="node" ref="8836094327" role="platform"/>
  <member type="node" ref="8741741614" role="stop"/>
  <member type="node" ref="920586964" role="platform"/>
  <member type="node" ref="9010463719" role="stop"/>
  <member type="node" ref="993469065" role="platform"/>
  <member type="node" ref="8741741616" role="stop"/>
  <member type="node" ref="993469099" role="platform"/>
  <member type="node" ref="8741761819" role="stop"/>
  <member type="node" ref="992434558" role="platform"/>
  <member type="node" ref="8741761821" role="stop"/>
  <member type="node" ref="992434559" role="platform"/>
  <member type="node" ref="9010463718" role="stop"/>
  <member type="node" ref="987468436" role="platform"/>
  <member type="node" ref="9010463717" role="stop"/>
  <member type="node" ref="986552284" role="platform"/>
  <member type="node" ref="9010398116" role="stop"/>
  <member type="node" ref="993469073" role="platform"/>
  <member type="node" ref="9010398115" role="stop"/>
  <member type="node" ref="993469104" role="platform"/>
  <member type="node" ref="9022739669" role="stop"/>
  <member type="node" ref="1041020906" role="platform"/>
  <member type="node" ref="9375805781" role="stop"/>
  <member type="node" ref="1040842690" role="platform"/>
  <member type="node" ref="9375805780" role="stop"/>
  <member type="node" ref="1040842672" role="platform"/>
  <member type="node" ref="1040842673" role="platform"/>
  <member type="node" ref="1040842695" role="platform"/>
  <member type="node" ref="1040842675" role="platform"/>
  <member type="node" ref="1040842669" role="platform"/>
  <member type="node" ref="1040842670" role="platform"/>
  <member type="node" ref="9674384003" role="stop"/>
  <member type="node" ref="994626102" role="platform"/>
  <member type="node" ref="8791147665" role="stop"/>
  <member type="node" ref="994626119" role="platform"/>
  <member type="node" ref="9053294788" role="stop"/>
  <member type="node" ref="993540861" role="platform"/>
  <member type="node" ref="2600780012" role="stop"/>
  <member type="node" ref="990017608" role="platform"/>
  <member type="node" ref="1502980748" role="stop"/>
  <member type="node" ref="1511302849" role="platform"/>
  <member type="way" ref="974991551" role=""/>
  <member type="way" ref="89809920" role=""/>
  <member type="way" ref="987784890" role=""/>
  <member type="way" ref="987784891" role=""/>
  <member type="way" ref="86379978" role=""/>
  <member type="way" ref="86379976" role=""/>
  <member type="way" ref="978330071" role=""/>
  <member type="way" ref="86379977" role=""/>
  <member type="way" ref="987597986" role=""/>
  <member type="way" ref="987597985" role=""/>
  <member type="way" ref="987597984" role=""/>
  <member type="way" ref="987171805" role=""/>
  <member type="way" ref="987597983" role=""/>
  <member type="way" ref="987597982" role=""/>
  <member type="way" ref="987171804" role=""/>
  <member type="way" ref="987171803" role=""/>
  <member type="way" ref="987171802" role=""/>
  <member type="way" ref="987171801" role=""/>
  <member type="way" ref="987171800" role=""/>
  <member type="way" ref="987171799" role=""/>
  <member type="way" ref="35071039" role=""/>
  <member type="way" ref="85479309" role=""/>
  <member type="way" ref="85479328" role=""/>
  <member type="way" ref="35071041" role=""/>
  <member type="way" ref="85479315" role=""/>
  <member type="way" ref="970910828" role=""/>
  <member type="way" ref="314101273" role=""/>
  <member type="way" ref="473616832" role=""/>
  <member type="way" ref="255360866" role=""/>
  <member type="way" ref="685521486" role=""/>
  <member type="way" ref="986988071" role=""/>
  <member type="way" ref="1299810754" role=""/>
  <member type="way" ref="141769997" role=""/>
  <member type="way" ref="141770002" role=""/>
  <member type="way" ref="1518198862" role=""/>
  <member type="way" ref="141771478" role=""/>
  <member type="way" ref="41184267" role=""/>
  <member type="way" ref="223447451" role=""/>
  <member type="way" ref="1127728887" role=""/>
  <member type="way" ref="1197172347" role=""/>
  <member type="way" ref="1197172346" role=""/>
  <member type="way" ref="41171325" role=""/>
  <member type="way" ref="986847906" role=""/>
  <member type="way" ref="183202329" role=""/>
  <member type="way" ref="482223751" role=""/>
  <member type="way" ref="1179770930" role=""/>
  <member type="way" ref="506361763" role=""/>
  <member type="way" ref="85552202" role=""/>
  <member type="way" ref="85552206" role=""/>
  <member type="way" ref="219822883" role=""/>
  <member type="way" ref="61424476" role=""/>
  <member type="way" ref="187859105" role=""/>
  <member type="way" ref="231023144" role=""/>
  <member type="way" ref="61424457" role=""/>
  <member type="way" ref="702880435" role=""/>
  <member type="way" ref="195532748" role=""/>
  <member type="way" ref="195532745" role=""/>
  <member type="way" ref="85479316" role=""/>
  <member type="way" ref="65332150" role=""/>
  <member type="way" ref="123449082" role=""/>
  <member type="way" ref="991941103" role=""/>
  <member type="way" ref="184345352" role=""/>
  <member type="way" ref="287865554" role=""/>
  <member type="way" ref="73599082" role=""/>
  <member type="way" ref="195408843" role=""/>
  <member type="way" ref="224259994" role=""/>
  <member type="way" ref="229153194" role=""/>
  <member type="way" ref="163118212" role=""/>
  <member type="way" ref="254192614" role=""/>
  <member type="way" ref="260927582" role=""/>
  <member type="way" ref="281769980" role=""/>
  <member type="way" ref="224898505" role=""/>
  <member type="way" ref="229153196" role=""/>
  <member type="way" ref="224259604" role=""/>
  <member type="way" ref="862815737" role=""/>
  <member type="way" ref="229212870" role=""/>
  <member type="way" ref="281769982" role=""/>
  <member type="way" ref="281769981" role=""/>
  <member type="way" ref="281805816" role=""/>
  <member type="way" ref="291716704" role=""/>
  <member type="way" ref="435409946" role=""/>
  <member type="way" ref="1435251146" role=""/>
  <member type="way" ref="183640152" role=""/>
  <member type="way" ref="1193566444" role=""/>
  <member type="way" ref="1190644762" role=""/>
  <member type="way" ref="477485928" role=""/>
  <member type="way" ref="944031048" role=""/>
  <member type="way" ref="59621688" role=""/>
  <member type="way" ref="968785806" role=""/>
  <member type="way" ref="1190644760" role=""/>
  <member type="way" ref="970114430" role=""/>
  <member type="way" ref="1190644758" role=""/>
  <member type="way" ref="970114431" role=""/>
  <member type="way" ref="968785831" role=""/>
  <member type="way" ref="1060998491" role=""/>
  <member type="way" ref="477485929" role=""/>
  <member type="way" ref="82674635" role=""/>
  <member type="way" ref="27083836" role=""/>
  <member type="way" ref="556831058" role=""/>
  <member type="way" ref="556831056" role=""/>
  <member type="way" ref="75280792" role=""/>
  <member type="way" ref="88494805" role=""/>
  <member type="way" ref="85130315" role=""/>
  <member type="way" ref="88493038" role=""/>
  <member type="way" ref="34961045" role=""/>
  <member type="way" ref="86378794" role=""/>
  <member type="way" ref="308108445" role=""/>
  <member type="way" ref="849729044" role=""/>
  <member type="way" ref="308108440" role=""/>
  <member type="way" ref="308108443" role=""/>
  <member type="way" ref="381689655" role=""/>
  <member type="way" ref="308108441" role=""/>
  <member type="way" ref="1020115724" role=""/>
  <member type="way" ref="539901020" role=""/>
  <member type="way" ref="130075137" role=""/>
  <member type="way" ref="308108442" role=""/>
  <member type="way" ref="1020115039" role=""/>
  <member type="way" ref="308108444" role=""/>
  <member type="way" ref="85638072" role=""/>
  <member type="way" ref="84111785" role=""/>
  <member type="way" ref="1370860944" role=""/>
  <member type="way" ref="58939635" role=""/>
  <member type="way" ref="58939633" role=""/>
  <member type="way" ref="309358295" role=""/>
  <member type="way" ref="848813069" role=""/>
  <member type="way" ref="848813068" role=""/>
  <member type="way" ref="321899270" role=""/>
  <member type="way" ref="321899269" role=""/>
  <member type="way" ref="287004161" role=""/>
  <member type="way" ref="69267007" role=""/>
  <member type="way" ref="287004162" role=""/>
  <member type="way" ref="287004163" role=""/>
  <member type="way" ref="1148239757" role=""/>
  <member type="way" ref="287004164" role=""/>
  <member type="way" ref="287004165" role=""/>
  <member type="way" ref="372559374" role=""/>
  <member type="way" ref="372559376" role=""/>
  <member type="way" ref="372559375" role=""/>
  <member type="way" ref="372559377" role=""/>
  <member type="way" ref="372559378" role=""/>
  <member type="way" ref="630126754" role=""/>
  <member type="way" ref="630126753" role=""/>
  <member type="way" ref="372559379" role=""/>
  <member type="way" ref="372559380" role=""/>
  <member type="way" ref="40455364" role=""/>
  <member type="way" ref="129323401" role=""/>
  <member type="way" ref="1196518836" role=""/>
  <member type="way" ref="1196518835" role=""/>
  <member type="way" ref="974649865" role=""/>
  <member type="way" ref="965555209" role=""/>
  <member type="way" ref="1492401003" role=""/>
  <member type="way" ref="27171314" role=""/>
  <member type="way" ref="1356117749" role=""/>
  <member type="way" ref="309036181" role=""/>
  <member type="way" ref="129323408" role=""/>
  <member type="way" ref="129323411" role=""/>
  <member type="way" ref="129323417" role=""/>
  <member type="way" ref="366677708" role=""/>
  <member type="way" ref="366677705" role=""/>
  <member type="way" ref="366677704" role=""/>
  <member type="way" ref="366677706" role=""/>
  <member type="way" ref="1431922801" role=""/>
  <member type="way" ref="1431922800" role=""/>
  <member type="way" ref="1431922797" role=""/>
  <member type="way" ref="366677707" role=""/>
  <member type="way" ref="386495523" role=""/>
  <member type="way" ref="386495493" role=""/>
  <member type="way" ref="366677093" role=""/>
  <member type="way" ref="129323405" role=""/>
  <member type="way" ref="129323402" role=""/>
  <member type="way" ref="129323406" role=""/>
  <member type="way" ref="129323407" role=""/>
  <member type="way" ref="1215049124" role=""/>
  <member type="way" ref="1215049123" role=""/>
  <member type="way" ref="85702469" role=""/>
  <member type="way" ref="1081082747" role=""/>
  <member type="way" ref="83804963" role=""/>
  <member type="way" ref="1065931428" role=""/>
  <member type="way" ref="141809412" role=""/>
  <member type="way" ref="137006239" role=""/>
  <member type="way" ref="254316877" role=""/>
  <member type="way" ref="1052692914" role=""/>
  <tag k="from" v="улица Гудованцева"/>
  <tag k="name" v="Автобус 89: улица Гудованцева → улица Академика Сахарова"/>
  <tag k="network" v="city"/>
  <tag k="operator" v="ИТЦ"/>
  <tag k="public_transport:version" v="2"/>
  <tag k="ref" v="89"/>
  <tag k="route" v="bus"/>
  <tag k="to" v="улица Академика Сахарова"/>
  <tag k="type" v="route"/>
 </relation>
 <relation id="3503359" visible="true" version="4" changeset="119861585" timestamp="2022-04-18T14:16:15Z" user="Глеб" uid="346125">
  <member type="relation" ref="1323279" role=""/>
  <member type="relation" ref="3503353" role=""/>
  <tag k="name" v="Автобус 89"/>
  <tag k="ref" v="89"/>
  <tag k="route_master" v="bus"/>
  <tag k="type" v="route_master"/>
 </relation>
 <relation id="14957511" visible="true" version="1" changeset="129605037" timestamp="2022-12-01T13:50:36Z" user="Глеб" uid="346125">
  <member type="node" ref="8741761817" role="stop"/>
  <member type="node" ref="993469068" role="platform"/>
  <tag k="name" v="площадь Свободы"/>
  <tag k="public_transport" v="stop_area"/>
  <tag k="public_transport:version" v="2"/>
  <tag k="type" v="public_transport"/>
 </relation>
 <relation id="14957512" visible="true" version="1" changeset="129605037" timestamp="2022-12-01T13:50:36Z" user="Глеб" uid="346125">
  <member type="node" ref="8741741616" role="stop"/>
  <member type="node" ref="993469099" role="platform"/>
  <tag k="name" v="площадь Свободы"/>
  <tag k="public_transport" v="stop_area"/>
  <tag k="public_transport:version" v="2"/>
  <tag k="type" v="public_transport"/>
 </relation>
 <relation id="17061983" visible="true" version="2" changeset="174866826" timestamp="2025-11-19T16:15:00Z" user="fndoder" uid="434927">
  <member type="way" ref="90251745" role="house"/>
  <member type="way" ref="90251716" role="house"/>
  <member type="way" ref="90251776" role="house"/>
  <member type="way" ref="90251781" role="house"/>
  <member type="way" ref="90251761" role="house"/>
  <member type="relation" ref="3974312" role="house"/>
  <member type="way" ref="260412102" role="house"/>
  <member type="relation" ref="3974311" role="house"/>
  <member type="way" ref="90251821" role="house"/>
  <member type="way" ref="866209043" role="house"/>
  <member type="way" ref="866209044" role="house"/>
  <member type="way" ref="247787105" role="house"/>
  <member type="way" ref="220006810" role="house"/>
  <member type="way" ref="401191948" role="house"/>
  <member type="way" ref="130828015" role="house"/>
  <member type="way" ref="220006799" role="house"/>
  <member type="way" ref="231904986" role="house"/>
  <member type="way" ref="130828016" role="house"/>
  <member type="way" ref="220006786" role="house"/>
  <member type="way" ref="220006797" role="house"/>
  <member type="way" ref="252951798" role="house"/>
  <member type="way" ref="91856485" role="house"/>
  <member type="way" ref="91856641" role="house"/>
  <member type="way" ref="91856566" role="house"/>
  <member type="way" ref="91856585" role="house"/>
  <member type="way" ref="91856633" role="house"/>
  <member type="way" ref="91856562" role="house"/>
  <member type="relation" ref="17061977" role="house"/>
  <member type="way" ref="91856497" role="house"/>
  <member type="way" ref="91856647" role="house"/>
  <member type="way" ref="91856557" role="house"/>
  <member type="way" ref="89918690" role="house"/>
  <member type="way" ref="91856495" role="house"/>
  <member type="way" ref="91856630" role="house"/>
  <member type="way" ref="262236765" role="house"/>
  <member type="way" ref="89916745" role="house"/>
  <member type="way" ref="173325471" role="house"/>
  <member type="way" ref="169196640" role="house"/>
  <member type="way" ref="220006807" role="house"/>
  <member type="way" ref="89918308" role="house"/>
  <member type="way" ref="172293709" role="house"/>
  <member type="way" ref="252697264" role="house"/>
  <member type="way" ref="115079098" role="house"/>
  <member type="way" ref="103806866" role="house"/>
  <member type="way" ref="103806793" role="house"/>
  <member type="way" ref="115079085" role="house"/>
  <member type="way" ref="115079099" role="house"/>
  <member type="way" ref="173581616" role="house"/>
  <member type="way" ref="115079111" role="house"/>
  <member type="way" ref="115079091" role="house"/>
  <member type="way" ref="173581617" role="house"/>
  <member type="way" ref="324744806" role="house"/>
  <member type="way" ref="115079096" role="house"/>
  <member type="way" ref="220006804" role="house"/>
  <member type="way" ref="115079110" role="house"/>
  <member type="way" ref="115079095" role="house"/>
  <member type="way" ref="115079109" role="house"/>
  <member type="way" ref="75657543" role="house"/>
  <member type="way" ref="173581619" role="house"/>
  <member type="way" ref="335757664" role="house"/>
  <member type="way" ref="173581618" role="house"/>
  <member type="way" ref="122359452" role="house"/>
  <member type="way" ref="173332949" role="house"/>
  <member type="way" ref="173325478" role="house"/>
  <member type="way" ref="122359855" role="house"/>
  <member type="way" ref="125909622" role="house"/>
  <member type="way" ref="179601814" role="house"/>
  <member type="way" ref="376944470" role="house"/>
  <member type="way" ref="101558606" role="house"/>
  <member type="way" ref="179601815" role="house"/>
  <member type="way" ref="101558614" role="house"/>
  <member type="way" ref="376970984" role="house"/>
  <member type="way" ref="122359451" role="house"/>
  <member type="way" ref="427557326" role="house"/>
  <member type="way" ref="179601816" role="house"/>
  <member type="way" ref="101558619" role="house"/>
  <member type="way" ref="101558578" role="house"/>
  <member type="way" ref="1193556651" role="street"/>
  <member type="way" ref="26924165" role="street"/>
  <member type="way" ref="1193556652" role="street"/>
  <member type="way" ref="89402935" role="street"/>
  <member type="way" ref="346918464" role="street"/>
  <member type="way" ref="346918463" role="street"/>
  <member type="way" ref="1193556653" role="street"/>
  <member type="way" ref="567556302" role="street"/>
  <member type="way" ref="567553112" role="street"/>
  <member type="way" ref="567553115" role="street"/>
  <member type="way" ref="985068794" role="street"/>
  <member type="way" ref="365143908" role="street"/>
  <member type="way" ref="1193556655" role="street"/>
  <member type="way" ref="984106821" role="street"/>
  <member type="way" ref="89799724" role="street"/>
  <member type="way" ref="1193556656" role="street"/>
  <tag k="name" v="Большая Красная улица"/>
  <tag k="name:ru" v="Большая Красная улица"/>
  <tag k="name:tt" v="Большая Красная урамы"/>
  <tag k="type" v="associatedStreet"/>
  <tag k="wikidata" v="Q4091425"/>
  <tag k="wikipedia" v="ru:Большая Красная улица"/>
 </relation>
 <relation id="18117393" visible="true" version="2" changeset="168683073" timestamp="2025-07-09T08:31:40Z" user="parukhin" uid="519501">
  <member type="way" ref="408428068" role="outer"/>
  <member type="way" ref="1320471100" role="inner"/>
  <tag k="addr:city" v="Казань"/>
  <tag k="addr:housenumber" v="26"/>
  <tag k="addr:street" v="улица Карла Маркса"/>
  <tag k="amenity" v="place_of_worship"/>
  <tag k="building" v="civic"/>
  <tag k="building:architecture" v="russian_gothic_revival"/>
  <tag k="building:levels" v="2"/>
  <tag k="check_date" v="2025-07-08"/>
  <tag k="denomination" v="lutheran"/>
  <tag k="heritage" v="4"/>
  <tag k="historic" v="church"/>
  <tag k="name" v="Церковь Святой Екатерины"/>
  <tag k="name:de" v="Sankt-Katharina-Kirche"/>
  <tag k="name:ru" v="Церковь Святой Екатерины"/>
  <tag k="name:tt" v="Казан кирхасы"/>
  <tag k="ref:egrokn" v="161711093220005"/>
  <tag k="religion" v="christian"/>
  <tag k="start_date" v="1862..1865"/>
  <tag k="type" v="multipolygon"/>
  <tag k="wikidata" v="Q735724"/>
  <tag k="wikipedia" v="ru:Церковь Святой Екатерины (Казань)"/>
 </relation>
 <relation id="19541658" visible="true" version="148" changeset="189173718" timestamp="2026-09-17T17:17:37Z" user="vitalexbel" uid="24072456">
  <member type="way" ref="1501612919" role=""/>
  <member type="way" ref="1501612916" role=""/>
  <member type="way" ref="531520512" role=""/>
  <member type="way" ref="161280383" role=""/>
  <member type="way" ref="49226266" role=""/>
  <member type="way" ref="49226265" role=""/>
  <member type="way" ref="30777123" role=""/>
  <member type="way" ref="430615163" role=""/>
  <member type="way" ref="303643259" role=""/>
  <member type="way" ref="224422614" role=""/>
  <member type="way" ref="1458863886" role=""/>
  <member type="way" ref="532405424" role=""/>
  <member type="way" ref="668691896" role=""/>
  <member type="way" ref="281014564" role=""/>
  <member type="way" ref="23412018" role=""/>
  <member type="way" ref="1176296435" role=""/>
  <member type="way" ref="670464451" role=""/>
  <member type="way" ref="670464453" role=""/>
  <member type="way" ref="670464452" role=""/>
  <member type="way" ref="52521245" role=""/>
  <member type="way" ref="30138951" role=""/>
  <member type="way" ref="1150456724" role=""/>
  <member type="way" ref="37769553" role=""/>
  <member type="way" ref="239153954" role=""/>
  <member type="way" ref="239153955" role=""/>
  <member type="way" ref="1352416706" role=""/>
  <member type="way" ref="1352416704" role=""/>
  <member type="way" ref="10781550" role=""/>
  <member type="way" ref="161281504" role=""/>
  <member type="way" ref="161281497" role=""/>
  <member type="way" ref="161281506" role=""/>
  <member type="way" ref="41120536" role=""/>
  <member type="way" ref="45453562" role=""/>
  <member type="way" ref="926393666" role=""/>
  <member type="way" ref="1303685155" role=""/>
  <member type="way" ref="45418467" role=""/>
  <member type="way" ref="1303685132" role=""/>
  <member type="way" ref="926262210" role=""/>
  <member type="way" ref="45418390" role=""/>
  <member type="way" ref="1303685130" role=""/>
  <member type="way" ref="556270254" role=""/>
  <member type="way" ref="1303685131" role=""/>
  <member type="way" ref="1303685127" role=""/>
  <member type="way" ref="556270253" role=""/>
  <member type="way" ref="1303685126" role=""/>
  <member type="way" ref="1303685125" role=""/>
  <member type="way" ref="1303685123" role=""/>
  <member type="way" ref="40555158" role=""/>
  <member type="way" ref="1303685119" role=""/>
  <member type="way" ref="1303685124" role=""/>
  <member type="way" ref="46153885" role=""/>
  <member type="way" ref="1547884556" role=""/>
  <member type="way" ref="40555163" role=""/>
  <member type="way" ref="30399592" role=""/>
  <member type="way" ref="368947092" role=""/>
  <member type="way" ref="293931883" role=""/>
  <member type="way" ref="293931884" role=""/>
  <member type="way" ref="293931886" role=""/>
  <member type="way" ref="293931887" role=""/>
  <member type="way" ref="30497907" role=""/>
  <member type="way" ref="1154875649" role=""/>
  <member type="way" ref="41483562" role=""/>
  <member type="way" ref="55495999" role=""/>
  <member type="way" ref="1464458999" role=""/>
  <member type="way" ref="24446745" role=""/>
  <member type="way" ref="292656411" role=""/>
  <member type="way" ref="1444438128" role=""/>
  <member type="way" ref="1158806945" role=""/>
  <member type="way" ref="208943940" role=""/>
  <member type="way" ref="208943942" role=""/>
  <member type="way" ref="161282201" role=""/>
  <member type="way" ref="169200609" role=""/>
  <member type="way" ref="425080920" role=""/>
  <member type="way" ref="534324437" role=""/>
  <member type="way" ref="55927912" role=""/>
  <member type="way" ref="706218357" role=""/>
  <member type="way" ref="1150746710" role=""/>
  <member type="way" ref="83006856" role=""/>
  <member type="way" ref="169200603" role=""/>
  <member type="way" ref="149622034" role=""/>
  <member type="way" ref="706218358" role=""/>
  <member type="way" ref="23210959" role=""/>
  <member type="way" ref="71501216" role=""/>
  <member type="way" ref="38145820" role=""/>
  <member type="way" ref="38145819" role=""/>
  <member type="way" ref="56755146" role=""/>
  <member type="way" ref="131475004" role=""/>
  <member type="way" ref="525459462" role=""/>
  <member type="way" ref="1472537038" role=""/>
  <member type="way" ref="1472537044" role=""/>
  <member type="way" ref="541515914" role=""/>
  <member type="way" ref="541511968" role=""/>
  <member type="way" ref="1472537039" role=""/>
  <member type="way" ref="95785787" role=""/>
  <member type="way" ref="1375286656" role=""/>
  <member type="way" ref="1425959584" role=""/>
  <member type="way" ref="108014646" role=""/>
  <member type="way" ref="1425959583" role=""/>
  <member type="way" ref="56034800" role=""/>
  <member type="way" ref="663515057" role=""/>
  <member type="way" ref="663515058" role=""/>
  <member type="way" ref="613852264" role=""/>
  <member type="way" ref="882240488" role=""/>
  <member type="way" ref="882240474" role=""/>
  <member type="way" ref="882240473" role=""/>
  <member type="way" ref="1425959582" role=""/>
  <member type="way" ref="540624126" role=""/>
  <member type="way" ref="1472537058" role=""/>
  <member type="way" ref="540624128" role=""/>
  <member type="way" ref="286338083" role=""/>
  <member type="way" ref="1472536982" role=""/>
  <member type="way" ref="1551838305" role=""/>
  <member type="way" ref="1472537054" role=""/>
  <member type="way" ref="682050006" role=""/>
  <member type="way" ref="1425959581" role=""/>
  <member type="way" ref="30630089" role=""/>
  <member type="way" ref="682050277" role=""/>
  <member type="way" ref="843539583" role=""/>
  <member type="way" ref="112575397" role=""/>
  <member type="way" ref="1531288463" role=""/>
  <member type="way" ref="1531288462" role=""/>
  <member type="way" ref="1531288465" role=""/>
  <member type="way" ref="1355448080" role=""/>
  <member type="way" ref="564700099" role=""/>
  <member type="way" ref="39963209" role=""/>
  <member type="way" ref="1469005607" role=""/>
  <member type="way" ref="116798544" role=""/>
  <member type="way" ref="165467055" role=""/>
  <member type="way" ref="78699264" role=""/>
  <member type="way" ref="93642219" role=""/>
  <member type="way" ref="1151380593" role=""/>
  <member type="way" ref="1156563131" role=""/>
  <member type="way" ref="78780437" role=""/>
  <member type="way" ref="78699247" role=""/>
  <member type="way" ref="130534917" role=""/>
  <member type="way" ref="134106459" role=""/>
  <member type="way" ref="23536496" role=""/>
  <member type="way" ref="131661609" role=""/>
  <member type="way" ref="131661611" role=""/>
  <member type="way" ref="130534923" role=""/>
  <member type="way" ref="1215596900" role=""/>
  <member type="way" ref="1472537048" role=""/>
  <member type="way" ref="165400474" role=""/>
  <member type="way" ref="408826661" role=""/>
  <member type="way" ref="1185061135" role=""/>
  <member type="way" ref="74130762" role=""/>
  <member type="way" ref="538142136" role=""/>
  <member type="way" ref="74130758" role=""/>
  <member type="way" ref="74131137" role=""/>
  <member type="way" ref="59099058" role=""/>
  <member type="way" ref="1459386298" role=""/>
  <member type="way" ref="1466127104" role=""/>
  <member type="way" ref="36897722" role=""/>
  <member type="way" ref="1466236585" role=""/>
  <member type="way" ref="1474020644" role=""/>
  <member type="way" ref="1474020660" role=""/>
  <member type="way" ref="819553470" role=""/>
  <member type="way" ref="1474020657" role=""/>
  <member type="way" ref="1474020656" role=""/>
  <member type="way" ref="1474020650" role=""/>
  <member type="way" ref="1474020653" role=""/>
  <member type="way" ref="1474020654" role=""/>
  <member type="way" ref="1474020649" role=""/>
  <member type="way" ref="1425959580" role=""/>
  <member type="way" ref="1474020648" role=""/>
  <member type="way" ref="1474020647" role=""/>
  <member type="way" ref="1466213624" role=""/>
  <member type="way" ref="1474020646" role=""/>
  <member type="way" ref="1290342558" role=""/>
  <member type="way" ref="47449318" role=""/>
  <member type="way" ref="1357624431" role=""/>
  <member type="way" ref="1357624430" role=""/>
  <member type="way" ref="1472537046" role=""/>
  <member type="way" ref="1472537045" role=""/>
  <member type="way" ref="1469005606" role=""/>
  <member type="way" ref="528928468" role=""/>
  <member type="way" ref="451098514" role=""/>
  <member type="way" ref="524011727" role=""/>
  <member type="way" ref="854941039" role=""/>
  <member type="way" ref="854941042" role=""/>
  <member type="way" ref="303402709" role=""/>
  <member type="way" ref="528928466" role=""/>
  <member type="way" ref="529573059" role=""/>
  <member type="way" ref="303402713" role=""/>
  <member type="way" ref="541310882" role=""/>
  <member type="way" ref="303402715" role=""/>
  <member type="way" ref="854946412" role=""/>
  <member type="way" ref="854946413" role=""/>
  <member type="way" ref="524923178" role=""/>
  <member type="way" ref="40492143" role=""/>
  <member type="way" ref="42551842" role=""/>
  <member type="way" ref="854952488" role=""/>
  <member type="way" ref="535441312" role=""/>
  <member type="way" ref="255366869" role=""/>
  <member type="way" ref="694052952" role=""/>
  <member type="way" ref="42551843" role=""/>
  <member type="way" ref="53266711" role=""/>
  <member type="way" ref="1516176922" role=""/>
  <member type="way" ref="1516176916" role=""/>
  <member type="way" ref="1516176921" role=""/>
  <member type="way" ref="1516176920" role=""/>
  <member type="way" ref="1516176919" role=""/>
  <member type="way" ref="53268574" role=""/>
  <member type="way" ref="1516176918" role=""/>
  <member type="way" ref="1165085589" role=""/>
  <member type="way" ref="1412685148" role=""/>
  <member type="way" ref="110621360" role=""/>
  <member type="way" ref="1474020640" role=""/>
  <member type="way" ref="1466127100" role=""/>
  <member type="way" ref="1466127099" role=""/>
  <member type="way" ref="1466127098" role=""/>
  <member type="way" ref="1239891517" role=""/>
  <member type="way" ref="1466127096" role=""/>
  <member type="way" ref="1474020639" role=""/>
  <member type="way" ref="248094376" role=""/>
  <member type="way" ref="1443960006" role=""/>
  <member type="way" ref="65423026" role=""/>
  <member type="way" ref="1545731365" role=""/>
  <member type="way" ref="1443960005" role=""/>
  <member type="way" ref="1466127092" role=""/>
  <member type="way" ref="1466127091" role="ruins"/>
  <member type="way" ref="1466127093" role=""/>
  <member type="way" ref="1474020635" role="ruins"/>
  <member type="way" ref="1474020638" role=""/>
  <member type="way" ref="1466127090" role=""/>
  <member type="way" ref="1466127089" role=""/>
  <member type="way" ref="1474020631" role=""/>
  <member type="way" ref="1474020633" role=""/>
  <member type="way" ref="1474020630" role=""/>
  <member type="way" ref="60207538" role=""/>
  <member type="way" ref="1466251894" role=""/>
  <member type="way" ref="1473750317" role=""/>
  <member type="way" ref="1473750318" role=""/>
  <member type="way" ref="1473750316" role=""/>
  <member type="way" ref="1474020629" role=""/>
  <member type="way" ref="303402704" role=""/>
  <member type="way" ref="143836668" role=""/>
  <member type="way" ref="440719582" role=""/>
  <member type="way" ref="733534530" role=""/>
  <member type="way" ref="197766163" role=""/>
  <member type="way" ref="1361359624" role=""/>
  <member type="way" ref="1361359625" role=""/>
  <member type="way" ref="303999874" role=""/>
  <member type="way" ref="1441631920" role=""/>
  <member type="way" ref="1441631915" role=""/>
  <member type="way" ref="442475908" role=""/>
  <member type="way" ref="28132799" role=""/>
  <member type="way" ref="1385819883" role=""/>
  <member type="way" ref="1385819884" role=""/>
  <member type="way" ref="23307742" role=""/>
  <member type="way" ref="23307739" role=""/>
  <member type="way" ref="921062756" role=""/>
  <member type="way" ref="150280980" role=""/>
  <member type="way" ref="1436821858" role=""/>
  <member type="way" ref="451110060" role=""/>
  <member type="way" ref="1316193731" role=""/>
  <member type="way" ref="1316189988" role=""/>
  <member type="way" ref="1316189987" role=""/>
  <member type="way" ref="1450796939" role=""/>
  <member type="way" ref="1450796941" role=""/>
  <member type="way" ref="451110068" role=""/>
  <member type="way" ref="118928580" role=""/>
  <member type="way" ref="118928571" role=""/>
  <member type="way" ref="311122379" role=""/>
  <member type="way" ref="1547142904" role=""/>
  <member type="way" ref="1474020628" role=""/>
  <member type="way" ref="1425959575" role=""/>
  <member type="way" ref="1474020627" role=""/>
  <member type="way" ref="1466127087" role=""/>
  <member type="way" ref="1466127086" role=""/>
  <member type="way" ref="1432274006" role=""/>
  <member type="way" ref="1466127085" role=""/>
  <member type="way" ref="1432273997" role=""/>
  <member type="way" ref="696782471" role=""/>
  <member type="way" ref="1466127047" role=""/>
  <member type="way" ref="1466127088" role=""/>
  <member type="way" ref="866224227" role=""/>
  <member type="way" ref="1188341569" role=""/>
  <member type="way" ref="916568847" role=""/>
  <member type="way" ref="1412685154" role=""/>
  <member type="way" ref="1425967854" role=""/>
  <member type="way" ref="1425959573" role=""/>
  <member type="way" ref="1425959569" role=""/>
  <member type="way" ref="1425959572" role=""/>
  <member type="way" ref="1474020626" role="bridge_hypoth"/>
  <member type="way" ref="1425959570" role=""/>
  <member type="way" ref="1425959568" role=""/>
  <member type="way" ref="1425959571" role="ruins"/>
  <member type="way" ref="261672996" role=""/>
  <member type="way" ref="36954568" role=""/>
  <member type="way" ref="119495961" role=""/>
  <member type="way" ref="110412729" role=""/>
  <member type="way" ref="1192733751" role=""/>
  <member type="way" ref="410278331" role=""/>
  <member type="way" ref="1474020625" role=""/>
  <member type="way" ref="108458041" role=""/>
  <member type="way" ref="600476813" role=""/>
  <member type="way" ref="108458039" role=""/>
  <member type="way" ref="108458037" role=""/>
  <member type="way" ref="105737596" role=""/>
  <member type="way" ref="409420008" role=""/>
  <member type="way" ref="543183014" role=""/>
  <member type="way" ref="543183015" role=""/>
  <member type="way" ref="292834278" role=""/>
  <member type="way" ref="1009157100" role=""/>
  <member type="way" ref="55691499" role=""/>
  <member type="way" ref="122054527" role=""/>
  <member type="way" ref="55691500" role=""/>
  <member type="way" ref="28033218" role=""/>
  <member type="way" ref="319089734" role=""/>
  <member type="way" ref="1529012471" role=""/>
  <member type="way" ref="149530660" role=""/>
  <member type="way" ref="1529012473" role=""/>
  <member type="way" ref="427175395" role=""/>
  <member type="way" ref="967054356" role=""/>
  <member type="way" ref="61414440" role=""/>
  <member type="way" ref="124796323" role=""/>
  <member type="way" ref="1473750315" role=""/>
  <member type="way" ref="1474020624" role=""/>
  <member type="way" ref="625616893" role=""/>
  <member type="way" ref="818568473" role=""/>
  <member type="way" ref="818568474" role=""/>
  <member type="way" ref="1473750303" role=""/>
  <member type="way" ref="173693302" role=""/>
  <member type="way" ref="123428974" role=""/>
  <member type="way" ref="1425959563" role=""/>
  <member type="way" ref="109101050" role=""/>
  <member type="way" ref="1474020623" role="bridge_hypoth"/>
  <member type="way" ref="1472537037" role=""/>
  <member type="way" ref="315449398" role=""/>
  <member type="way" ref="1425959560" role=""/>
  <member type="way" ref="315449401" role=""/>
  <member type="way" ref="1425959559" role=""/>
  <member type="way" ref="315449397" role=""/>
  <member type="way" ref="1425959557" role=""/>
  <member type="way" ref="1513289033" role=""/>
  <member type="way" ref="1466127083" role=""/>
  <member type="way" ref="1466127082" role=""/>
  <member type="way" ref="288248749" role=""/>
  <member type="way" ref="1466127046" role=""/>
  <member type="way" ref="1425967855" role=""/>
  <member type="way" ref="309998636" role=""/>
  <member type="way" ref="243887559" role=""/>
  <member type="way" ref="1425959555" role=""/>
  <member type="way" ref="686487231" role=""/>
  <member type="way" ref="61411546" role=""/>
  <member type="way" ref="61411548" role=""/>
  <member type="way" ref="61411550" role=""/>
  <member type="way" ref="1425959546" role=""/>
  <member type="way" ref="1425959553" role=""/>
  <member type="way" ref="697636031" role=""/>
  <member type="way" ref="1474020622" role=""/>
  <member type="way" ref="825242100" role=""/>
  <member type="way" ref="1425959552" role=""/>
  <member type="way" ref="1474020621" role=""/>
  <member type="way" ref="1425959551" role=""/>
  <member type="way" ref="697636012" role=""/>
  <member type="way" ref="697697440" role=""/>
  <member type="way" ref="1466127081" role=""/>
  <member type="way" ref="288248743" role=""/>
  <member type="way" ref="46913823" role=""/>
  <member type="way" ref="1425959550" role=""/>
  <member type="way" ref="1520334774" role=""/>
  <member type="way" ref="46894728" role=""/>
  <member type="way" ref="1207162613" role=""/>
  <member type="way" ref="46894729" role=""/>
  <member type="way" ref="1425959548" role=""/>
  <member type="way" ref="176634967" role=""/>
  <member type="way" ref="322944240" role=""/>
  <member type="way" ref="1425959547" role=""/>
  <member type="way" ref="729454364" role=""/>
  <member type="way" ref="449633781" role=""/>
  <member type="way" ref="1425965111" role=""/>
  <member type="way" ref="1152248726" role=""/>
  <member type="way" ref="286514090" role=""/>
  <member type="way" ref="40121129" role=""/>
  <member type="way" ref="286514091" role=""/>
  <member type="way" ref="50448462" role=""/>
  <member type="way" ref="50448461" role=""/>
  <member type="way" ref="1466127072" role=""/>
  <member type="way" ref="286514096" role=""/>
  <member type="way" ref="1466127073" role=""/>
  <member type="way" ref="1527114834" role=""/>
  <member type="way" ref="1474020620" role=""/>
  <member type="way" ref="1372901962" role=""/>
  <member type="way" ref="1466127071" role=""/>
  <member type="way" ref="1466127070" role=""/>
  <member type="way" ref="1466127069" role=""/>
  <member type="way" ref="28329712" role=""/>
  <member type="way" ref="175708816" role=""/>
  <member type="way" ref="175708811" role=""/>
  <member type="way" ref="694961406" role=""/>
  <member type="way" ref="694961407" role=""/>
  <member type="way" ref="1466127075" role=""/>
  <member type="way" ref="1474020619" role=""/>
  <member type="way" ref="1425959543" role=""/>
  <member type="way" ref="1393364171" role=""/>
  <member type="way" ref="175708785" role=""/>
  <member type="way" ref="175708793" role=""/>
  <member type="way" ref="1474020618" role="bridge_hypoth"/>
  <member type="way" ref="697053261" role=""/>
  <member type="way" ref="1469005604" role=""/>
  <member type="way" ref="1466127061" role=""/>
  <member type="way" ref="780218363" role=""/>
  <member type="way" ref="42035988" role=""/>
  <member type="way" ref="1466127059" role=""/>
  <member type="way" ref="1466127056" role=""/>
  <member type="way" ref="1466127058" role=""/>
  <member type="way" ref="146183273" role=""/>
  <member type="way" ref="1466127055" role=""/>
  <member type="way" ref="146183276" role=""/>
  <member type="way" ref="1466127077" role=""/>
  <member type="way" ref="1466127076" role=""/>
  <member type="way" ref="1474020617" role=""/>
  <member type="way" ref="1466251893" role=""/>
  <member type="way" ref="780224553" role=""/>
  <member type="way" ref="780224554" role=""/>
  <member type="way" ref="1474020616" role=""/>
  <member type="way" ref="438509482" role=""/>
  <member type="way" ref="1221583619" role=""/>
  <member type="way" ref="1427284285" role=""/>
  <member type="way" ref="1559214186" role=""/>
  <member type="way" ref="74002085" role=""/>
  <member type="way" ref="1425959538" role=""/>
  <member type="way" ref="1425959537" role=""/>
  <member type="way" ref="1425959539" role=""/>
  <member type="way" ref="1425959536" role=""/>
  <member type="way" ref="312465067" role=""/>
  <member type="way" ref="262335996" role=""/>
  <member type="way" ref="46786862" role=""/>
  <member type="way" ref="131946230" role=""/>
  <member type="way" ref="315751903" role=""/>
  <member type="way" ref="1474020615" role=""/>
  <member type="way" ref="312460089" role=""/>
  <member type="way" ref="312460098" role=""/>
  <member type="way" ref="437982251" role=""/>
  <member type="way" ref="405145532" role=""/>
  <member type="way" ref="288453951" role=""/>
  <member type="way" ref="1466127050" role=""/>
  <member type="way" ref="1466127063" role=""/>
  <member type="way" ref="887659927" role=""/>
  <member type="way" ref="835095336" role=""/>
  <member type="way" ref="887659913" role=""/>
  <member type="way" ref="1227941609" role=""/>
  <member type="way" ref="1227941610" role=""/>
  <member type="way" ref="703265609" role=""/>
  <member type="way" ref="1295131245" role=""/>
  <member type="way" ref="315269141" role=""/>
  <member type="way" ref="889019024" role=""/>
  <member type="way" ref="889019041" role=""/>
  <member type="way" ref="889019042" role=""/>
  <member type="way" ref="889019055" role=""/>
  <member type="way" ref="315269861" role=""/>
  <member type="way" ref="901254104" role=""/>
  <member type="way" ref="893928937" role=""/>
  <member type="way" ref="1445249439" role=""/>
  <member type="way" ref="893928935" role=""/>
  <member type="way" ref="438616071" role=""/>
  <member type="way" ref="901278410" role=""/>
  <member type="way" ref="438616073" role=""/>
  <member type="way" ref="438620156" role=""/>
  <member type="way" ref="1190316156" role=""/>
  <member type="way" ref="1190316155" role=""/>
  <member type="way" ref="59606919" role=""/>
  <member type="way" ref="162565738" role=""/>
  <member type="way" ref="162565736" role=""/>
  <member type="way" ref="59606921" role=""/>
  <member type="way" ref="137382487" role=""/>
  <member type="way" ref="467289378" role=""/>
  <member type="way" ref="467289377" role=""/>
  <member type="way" ref="467290743" role=""/>
  <member type="way" ref="467291868" role=""/>
  <member type="way" ref="467291870" role=""/>
  <member type="way" ref="467291871" role=""/>
  <member type="way" ref="168563259" role=""/>
  <member type="way" ref="168563258" role=""/>
  <member type="way" ref="59606922" role=""/>
  <member type="way" ref="519090531" role=""/>
  <member type="way" ref="519087680" role=""/>
  <member type="way" ref="519086532" role=""/>
  <member type="way" ref="519086116" role=""/>
  <member type="way" ref="519086749" role=""/>
  <member type="way" ref="519079774" role=""/>
  <member type="way" ref="519079773" role=""/>
  <member type="way" ref="901367903" role=""/>
  <member type="way" ref="232079866" role=""/>
  <member type="way" ref="232079864" role=""/>
  <member type="way" ref="162602662" role=""/>
  <member type="way" ref="901367927" role=""/>
  <member type="way" ref="901367923" role=""/>
  <member type="way" ref="725180054" role=""/>
  <member type="way" ref="725180049" role=""/>
  <member type="way" ref="725180043" role=""/>
  <member type="way" ref="901367930" role=""/>
  <member type="way" ref="1219799724" role=""/>
  <member type="way" ref="610329231" role=""/>
  <member type="way" ref="725180048" role=""/>
  <member type="way" ref="55069519" role=""/>
  <member type="way" ref="423498405" role=""/>
  <member type="way" ref="570481224" role=""/>
  <member type="way" ref="107578661" role=""/>
  <member type="way" ref="652105622" role=""/>
  <member type="way" ref="106795592" role=""/>
  <member type="way" ref="106795591" role=""/>
  <member type="way" ref="107578655" role=""/>
  <member type="way" ref="652105633" role=""/>
  <member type="way" ref="55069531" role=""/>
  <member type="way" ref="532063621" role=""/>
  <member type="way" ref="55069534" role=""/>
  <member type="way" ref="524745223" role=""/>
  <member type="way" ref="292501180" role=""/>
  <member type="way" ref="524745224" role=""/>
  <member type="way" ref="292501169" role=""/>
  <member type="way" ref="292501174" role=""/>
  <member type="way" ref="55069523" role=""/>
  <member type="way" ref="55069514" role=""/>
  <member type="way" ref="292501170" role=""/>
  <member type="way" ref="292501167" role=""/>
  <member type="way" ref="292501179" role=""/>
  <member type="way" ref="42315534" role=""/>
  <member type="way" ref="292501172" role=""/>
  <member type="way" ref="292501173" role=""/>
  <member type="way" ref="652105643" role=""/>
  <member type="way" ref="1058535299" role=""/>
  <member type="way" ref="652105638" role=""/>
  <member type="way" ref="42315521" role=""/>
  <member type="way" ref="652105648" role=""/>
  <member type="way" ref="292501192" role=""/>
  <member type="way" ref="292501187" role=""/>
  <member type="way" ref="55069522" role=""/>
  <member type="way" ref="55069526" role=""/>
  <member type="way" ref="292501194" role=""/>
  <member type="way" ref="292501190" role=""/>
  <member type="way" ref="292501186" role=""/>
  <member type="way" ref="292501182" role=""/>
  <member type="way" ref="292501184" role=""/>
  <member type="way" ref="263556794" role=""/>
  <member type="way" ref="263556793" role=""/>
  <member type="way" ref="292501189" role=""/>
  <member type="way" ref="166113757" role=""/>
  <member type="way" ref="292501193" role=""/>
  <member type="way" ref="438846709" role=""/>
  <member type="way" ref="368618329" role=""/>
  <member type="way" ref="368618326" role=""/>
  <member type="way" ref="438847729" role=""/>
  <member type="way" ref="438847294" role=""/>
  <member type="way" ref="438848704" role=""/>
  <member type="way" ref="368937834" role=""/>
  <member type="way" ref="438849261" role=""/>
  <member type="way" ref="292501191" role=""/>
  <member type="way" ref="292501185" role=""/>
  <member type="way" ref="292501188" role=""/>
  <member type="way" ref="292501181" role=""/>
  <member type="way" ref="292501183" role=""/>
  <member type="way" ref="438850431" role=""/>
  <member type="way" ref="438850911" role=""/>
  <member type="way" ref="368992403" role=""/>
  <member type="way" ref="292501195" role=""/>
  <member type="way" ref="144884616" role=""/>
  <member type="way" ref="292501207" role=""/>
  <member type="way" ref="292501202" role=""/>
  <member type="way" ref="231645244" role=""/>
  <member type="way" ref="231645240" role=""/>
  <member type="way" ref="390603625" role=""/>
  <member type="way" ref="231645230" role=""/>
  <member type="way" ref="239291146" role=""/>
  <member type="way" ref="874878033" role=""/>
  <member type="way" ref="231645237" role=""/>
  <member type="way" ref="231645226" role=""/>
  <member type="way" ref="239291145" role=""/>
  <member type="way" ref="239291142" role=""/>
  <member type="way" ref="239291144" role=""/>
  <member type="way" ref="239291143" role=""/>
  <member type="way" ref="231088634" role=""/>
  <member type="way" ref="231088587" role=""/>
  <member type="way" ref="423800471" role=""/>
  <member type="way" ref="423800470" role=""/>
  <member type="way" ref="893130719" role=""/>
  <member type="way" ref="893130720" role=""/>
  <member type="way" ref="893130721" role=""/>
  <member type="way" ref="893130718" role=""/>
  <member type="way" ref="893130724" role=""/>
  <member type="way" ref="893130723" role=""/>
  <member type="way" ref="904423034" role=""/>
  <member type="way" ref="1160704697" role=""/>
  <member type="way" ref="43889852" role=""/>
  <member type="way" ref="386665287" role=""/>
  <member type="way" ref="242413847" role=""/>
  <member type="way" ref="304057216" role=""/>
  <member type="way" ref="891679853" role=""/>
  <member type="way" ref="438854909" role=""/>
  <member type="way" ref="275069030" role=""/>
  <member type="way" ref="124356784" role=""/>
  <member type="way" ref="297353505" role=""/>
  <member type="way" ref="127701277" role=""/>
  <member type="way" ref="229557580" role=""/>
  <member type="way" ref="74128146" role=""/>
  <member type="way" ref="229557581" role=""/>
  <member type="way" ref="127609376" role=""/>
  <member type="way" ref="124494685" role=""/>
  <member type="way" ref="175729929" role=""/>
  <member type="way" ref="74128147" role=""/>
  <member type="way" ref="175729950" role=""/>
  <member type="way" ref="229557579" role=""/>
  <member type="way" ref="229557578" role=""/>
  <member type="way" ref="175729919" role=""/>
  <member type="way" ref="175729915" role=""/>
  <member type="way" ref="1219831919" role=""/>
  <member type="way" ref="175729940" role=""/>
  <member type="way" ref="230234504" role=""/>
  <member type="way" ref="175729932" role=""/>
  <member type="way" ref="175729944" role=""/>
  <member type="way" ref="230837274" role=""/>
  <member type="way" ref="127187693" role=""/>
  <member type="way" ref="254090739" role=""/>
  <member type="way" ref="165489162" role=""/>
  <member type="way" ref="230234500" role=""/>
  <member type="way" ref="186427833" role=""/>
  <member type="way" ref="230234498" role=""/>
  <member type="way" ref="186427830" role=""/>
  <member type="way" ref="230234506" role=""/>
  <member type="way" ref="230234503" role=""/>
  <member type="way" ref="230234501" role=""/>
  <member type="way" ref="230234499" role=""/>
  <member type="way" ref="230234502" role=""/>
  <member type="way" ref="230234505" role=""/>
  <member type="way" ref="44881822" role=""/>
  <member type="way" ref="111682977" role=""/>
  <member type="way" ref="111682979" role=""/>
  <member type="way" ref="230443895" role=""/>
  <member type="way" ref="230443897" role=""/>
  <member type="way" ref="230443896" role=""/>
  <member type="way" ref="230443901" role=""/>
  <member type="way" ref="230443900" role=""/>
  <member type="way" ref="291851361" role=""/>
  <member type="way" ref="145226271" role=""/>
  <member type="way" ref="291851303" role=""/>
  <member type="way" ref="230443818" role=""/>
  <member type="way" ref="230443814" role=""/>
  <member type="way" ref="205311526" role=""/>
  <member type="way" ref="205311527" role=""/>
  <member type="way" ref="230443817" role=""/>
  <member type="way" ref="230443816" role=""/>
  <member type="way" ref="230443815" role=""/>
  <member type="way" ref="145226269" role=""/>
  <member type="way" ref="145226270" role=""/>
  <member type="way" ref="231088588" role=""/>
  <member type="way" ref="45062926" role=""/>
  <member type="way" ref="45062925" role=""/>
  <member type="way" ref="230443811" role=""/>
  <member type="way" ref="230443809" role=""/>
  <member type="way" ref="230443808" role=""/>
  <member type="way" ref="230443812" role=""/>
  <member type="way" ref="230443810" role=""/>
  <member type="way" ref="230443813" role=""/>
  <member type="way" ref="230443807" role=""/>
  <member type="way" ref="230341748" role=""/>
  <member type="way" ref="230341749" role=""/>
  <member type="way" ref="230341750" role=""/>
  <member type="way" ref="230341752" role=""/>
  <member type="way" ref="230341751" role=""/>
  <member type="way" ref="120831346" role=""/>
  <member type="way" ref="229557582" role=""/>
  <member type="way" ref="436917346" role=""/>
  <member type="way" ref="436917347" role=""/>
  <member type="way" ref="436917348" role=""/>
  <member type="way" ref="120831380" role=""/>
  <member type="way" ref="153753523" role=""/>
  <member type="way" ref="189234535" role=""/>
  <member type="way" ref="205370171" role=""/>
  <member type="way" ref="45062892" role=""/>
  <member type="way" ref="189234532" role=""/>
  <member type="way" ref="152446964" role=""/>
  <member type="way" ref="152446966" role=""/>
  <member type="way" ref="288273147" role=""/>
  <member type="way" ref="288273146" role=""/>
  <member type="way" ref="295379864" role=""/>
  <member type="way" ref="240181990" role=""/>
  <member type="way" ref="295379863" role=""/>
  <member type="way" ref="152609724" role=""/>
  <member type="way" ref="370544388" role=""/>
  <member type="way" ref="1311003337" role=""/>
  <member type="way" ref="1311003338" role=""/>
  <member type="way" ref="166457563" role=""/>
  <member type="way" ref="166331556" role=""/>
  <member type="way" ref="166331557" role=""/>
  <member type="way" ref="120831359" role=""/>
  <member type="way" ref="1279626953" role=""/>
  <member type="way" ref="329705452" role=""/>
  <member type="way" ref="299950768" role=""/>
  <member type="way" ref="55069530" role=""/>
  <member type="way" ref="373287983" role=""/>
  <member type="way" ref="373287978" role=""/>
  <member type="way" ref="55069517" role=""/>
  <member type="way" ref="373287971" role=""/>
  <member type="way" ref="55069513" role=""/>
  <member type="way" ref="751019110" role=""/>
  <member type="way" ref="751019109" role=""/>
  <member type="way" ref="751019105" role=""/>
  <member type="way" ref="751019094" role=""/>
  <member type="way" ref="751019133" role=""/>
  <member type="way" ref="751019095" role=""/>
  <member type="way" ref="421535640" role=""/>
  <member type="way" ref="445357949" role=""/>
  <member type="way" ref="295379870" role=""/>
  <member type="way" ref="295379871" role=""/>
  <member type="way" ref="295379860" role=""/>
  <member type="way" ref="295379867" role=""/>
  <member type="way" ref="386590703" role=""/>
  <member type="way" ref="295379861" role=""/>
  <member type="way" ref="295379862" role=""/>
  <member type="way" ref="295379869" role=""/>
  <member type="way" ref="295379865" role=""/>
  <member type="way" ref="295379868" role=""/>
  <member type="way" ref="169079316" role=""/>
  <member type="way" ref="751019098" role=""/>
  <member type="way" ref="751019138" role=""/>
  <member type="way" ref="1363538237" role=""/>
  <member type="way" ref="1363538236" role=""/>
  <member type="way" ref="120390252" role=""/>
  <member type="way" ref="256175183" role=""/>
  <member type="way" ref="303345557" role=""/>
  <member type="way" ref="134629331" role=""/>
  <member type="way" ref="412827573" role=""/>
  <member type="way" ref="412827575" role=""/>
  <member type="way" ref="1431389599" role=""/>
  <member type="way" ref="1431389598" role=""/>
  <member type="way" ref="342128906" role=""/>
  <member type="way" ref="242388639" role=""/>
  <member type="way" ref="1209198039" role=""/>
  <member type="way" ref="134740970" role=""/>
  <member type="way" ref="134885171" role=""/>
  <member type="way" ref="294804973" role=""/>
  <member type="way" ref="275465310" role=""/>
  <member type="way" ref="275465355" role=""/>
  <member type="way" ref="40846585" role=""/>
  <member type="way" ref="290652820" role=""/>
  <member type="way" ref="1431389596" role=""/>
  <member type="way" ref="290652818" role=""/>
  <member type="way" ref="157856008" role=""/>
  <member type="way" ref="486642427" role=""/>
  <member type="way" ref="607665179" role=""/>
  <member type="way" ref="384050094" role=""/>
  <member type="way" ref="35870469" role=""/>
  <member type="way" ref="355196775" role=""/>
  <member type="way" ref="293298530" role=""/>
  <member type="way" ref="45057496" role=""/>
  <member type="way" ref="290652819" role=""/>
  <member type="way" ref="45057497" role=""/>
  <member type="way" ref="293298125" role=""/>
  <member type="way" ref="293298132" role=""/>
  <member type="way" ref="156290733" role=""/>
  <member type="way" ref="1459074516" role=""/>
  <member type="way" ref="261584768" role=""/>
  <member type="way" ref="1431389594" role=""/>
  <member type="way" ref="41178808" role=""/>
  <member type="way" ref="310992695" role=""/>
  <member type="way" ref="972816076" role=""/>
  <member type="way" ref="293298533" role=""/>
  <member type="way" ref="293298258" role=""/>
  <member type="way" ref="293298172" role=""/>
  <member type="way" ref="293298178" role=""/>
  <member type="way" ref="35869568" role=""/>
  <member type="way" ref="293298156" role=""/>
  <member type="way" ref="447082353" role=""/>
  <member type="way" ref="447082358" role=""/>
  <member type="way" ref="386519550" role=""/>
  <member type="way" ref="1431389593" role=""/>
  <member type="way" ref="239162846" role=""/>
  <member type="way" ref="178125806" role=""/>
  <member type="way" ref="50461479" role=""/>
  <member type="way" ref="275465301" role=""/>
  <member type="way" ref="1431389590" role=""/>
  <member type="way" ref="1363687079" role=""/>
  <member type="way" ref="447082355" role=""/>
  <member type="way" ref="1363687080" role=""/>
  <member type="way" ref="386519447" role=""/>
  <member type="way" ref="447082356" role=""/>
  <member type="way" ref="386518422" role=""/>
  <member type="way" ref="386518421" role=""/>
  <member type="way" ref="386517837" role=""/>
  <member type="way" ref="386517839" role=""/>
  <member type="way" ref="386518332" role=""/>
  <member type="way" ref="386518331" role=""/>
  <member type="way" ref="1451068254" role=""/>
  <member type="way" ref="1360570898" role=""/>
  <member type="way" ref="1360570897" role=""/>
  <member type="way" ref="1360570896" role=""/>
  <member type="way" ref="1360570895" role=""/>
  <member type="way" ref="1360570899" role=""/>
  <member type="way" ref="386592110" role=""/>
  <member type="way" ref="386592111" role=""/>
  <member type="way" ref="1363687077" role=""/>
  <member type="way" ref="1363687076" role=""/>
  <member type="way" ref="277803776" role=""/>
  <member type="way" ref="1431389587" role=""/>
  <member type="way" ref="693732697" role=""/>
  <member type="way" ref="913289837" role=""/>
  <member type="way" ref="257668999" role=""/>
  <member type="way" ref="257669026" role=""/>
  <member type="way" ref="257669017" role=""/>
  <member type="way" ref="1431389586" role=""/>
  <member type="way" ref="1363687074" role=""/>
  <member type="way" ref="386592043" role=""/>
  <member type="way" ref="1363687073" role=""/>
  <member type="way" ref="1363687072" role=""/>
  <member type="way" ref="386592042" role=""/>
  <member type="way" ref="251129206" role=""/>
  <member type="way" ref="251128892" role=""/>
  <member type="way" ref="249504074" role=""/>
  <member type="way" ref="251128856" role=""/>
  <member type="way" ref="1431389582" role=""/>
  <member type="way" ref="250972908" role=""/>
  <member type="way" ref="1431389579" role=""/>
  <member type="way" ref="399190035" role=""/>
  <member type="way" ref="1431389580" role=""/>
  <member type="way" ref="250973189" role=""/>
  <member type="way" ref="250972918" role=""/>
  <member type="way" ref="1431389578" role=""/>
  <member type="way" ref="250973091" role=""/>
  <member type="way" ref="1431389576" role=""/>
  <member type="way" ref="386591909" role=""/>
  <member type="way" ref="1360398875" role=""/>
  <member type="way" ref="386591910" role=""/>
  <member type="way" ref="1360307254" role=""/>
  <member type="way" ref="1360307255" role=""/>
  <member type="way" ref="1360307256" role=""/>
  <member type="way" ref="1360307257" role=""/>
  <member type="way" ref="386591732" role=""/>
  <member type="way" ref="620633032" role=""/>
  <member type="way" ref="620633033" role=""/>
  <member type="way" ref="1363687068" role=""/>
  <member type="way" ref="1360307259" role=""/>
  <member type="way" ref="1360307262" role=""/>
  <member type="way" ref="1360307260" role=""/>
  <member type="way" ref="1360307261" role=""/>
  <member type="way" ref="1206742441" role=""/>
  <member type="way" ref="386591736" role=""/>
  <member type="way" ref="386591735" role=""/>
  <member type="way" ref="386591731" role=""/>
  <member type="way" ref="1363687067" role=""/>
  <member type="way" ref="1363687066" role=""/>
  <member type="way" ref="1363687065" role=""/>
  <member type="way" ref="1363687064" role=""/>
  <member type="way" ref="1363687063" role=""/>
  <member type="way" ref="1363687062" role=""/>
  <member type="way" ref="386591733" role=""/>
  <member type="way" ref="1363687061" role=""/>
  <member type="way" ref="1360170312" role=""/>
  <member type="way" ref="386591734" role=""/>
  <member type="way" ref="1363687059" role=""/>
  <member type="way" ref="1363687060" role=""/>
  <member type="way" ref="617567549" role=""/>
  <member type="way" ref="617567550" role=""/>
  <member type="way" ref="617567545" role=""/>
  <member type="way" ref="617567547" role=""/>
  <member type="way" ref="234751864" role=""/>
  <member type="way" ref="617567539" role=""/>
  <member type="way" ref="36326982" role=""/>
  <member type="way" ref="617567540" role=""/>
  <member type="way" ref="617567541" role=""/>
  <member type="way" ref="1360170313" role=""/>
  <member type="way" ref="617567542" role=""/>
  <member type="way" ref="45979952" role=""/>
  <member type="way" ref="610749424" role=""/>
  <member type="way" ref="610749420" role=""/>
  <member type="way" ref="610749419" role=""/>
  <member type="way" ref="1303537223" role=""/>
  <member type="way" ref="610749418" role=""/>
  <member type="way" ref="610744955" role=""/>
  <member type="way" ref="611635884" role=""/>
  <member type="way" ref="611635880" role=""/>
  <member type="way" ref="160601105" role=""/>
  <member type="way" ref="599946096" role=""/>
  <member type="way" ref="114931133" role=""/>
  <member type="way" ref="114931132" role=""/>
  <member type="way" ref="37763269" role=""/>
  <member type="way" ref="36483977" role=""/>
  <member type="way" ref="1431817948" role=""/>
  <member type="way" ref="1431817947" role=""/>
  <member type="way" ref="1431817966" role=""/>
  <member type="way" ref="1474020614" role=""/>
  <member type="way" ref="1431817965" role=""/>
  <member type="way" ref="1474020613" role=""/>
  <member type="way" ref="1206277917" role=""/>
  <member type="way" ref="428044080" role=""/>
  <member type="way" ref="1431817961" role=""/>
  <member type="way" ref="45979951" role=""/>
  <member type="way" ref="186400868" role=""/>
  <member type="way" ref="227085610" role=""/>
  <member type="way" ref="128928710" role=""/>
  <member type="way" ref="741970325" role=""/>
  <member type="way" ref="324436672" role=""/>
  <member type="way" ref="117555540" role=""/>
  <member type="way" ref="1431817957" role=""/>
  <member type="way" ref="117555384" role=""/>
  <member type="way" ref="1431817956" role=""/>
  <member type="way" ref="122576226" role=""/>
  <member type="way" ref="742300114" role=""/>
  <member type="way" ref="742300113" role=""/>
  <member type="way" ref="306567695" role=""/>
  <member type="way" ref="304112502" role=""/>
  <member type="way" ref="1431817945" role=""/>
  <member type="way" ref="1026372037" role=""/>
  <member type="way" ref="758550649" role=""/>
  <member type="way" ref="743621035" role=""/>
  <member type="way" ref="122040583" role=""/>
  <member type="way" ref="1431817953" role=""/>
  <member type="way" ref="751579150" role=""/>
  <member type="way" ref="234092276" role=""/>
  <member type="way" ref="1135771194" role=""/>
  <member type="way" ref="1135771193" role=""/>
  <member type="way" ref="324507522" role=""/>
  <member type="way" ref="324507523" role=""/>
  <member type="way" ref="324282674" role=""/>
  <member type="way" ref="324282679" role=""/>
  <member type="way" ref="324282678" role=""/>
  <member type="way" ref="117994191" role=""/>
  <member type="way" ref="234092445" role=""/>
  <member type="way" ref="117994188" role=""/>
  <member type="way" ref="324282673" role=""/>
  <member type="way" ref="324282671" role=""/>
  <member type="way" ref="324282675" role=""/>
  <member type="way" ref="324282693" role=""/>
  <member type="way" ref="324282690" role=""/>
  <member type="way" ref="135462556" role=""/>
  <member type="way" ref="324282691" role=""/>
  <member type="way" ref="324282677" role=""/>
  <member type="way" ref="135462555" role=""/>
  <member type="way" ref="324282672" role=""/>
  <member type="way" ref="324282676" role=""/>
  <member type="way" ref="324117979" role=""/>
  <member type="way" ref="324117978" role=""/>
  <member type="way" ref="118038677" role=""/>
  <member type="way" ref="118038683" role=""/>
  <member type="way" ref="324112830" role=""/>
  <member type="way" ref="324112829" role=""/>
  <member type="way" ref="324112833" role=""/>
  <member type="way" ref="1148590919" role=""/>
  <member type="way" ref="324051989" role=""/>
  <member type="way" ref="324051988" role=""/>
  <member type="way" ref="324112831" role=""/>
  <member type="way" ref="324112832" role=""/>
  <member type="way" ref="323749656" role=""/>
  <member type="way" ref="160255594" role=""/>
  <member type="way" ref="323749655" role=""/>
  <member type="way" ref="134706497" role=""/>
  <member type="way" ref="1473750286" role=""/>
  <member type="way" ref="119059542" role=""/>
  <member type="way" ref="135762219" role=""/>
  <member type="way" ref="275690916" role=""/>
  <member type="way" ref="119059547" role=""/>
  <member type="way" ref="135762228" role=""/>
  <member type="way" ref="135762224" role=""/>
  <member type="way" ref="69895363" role=""/>
  <member type="way" ref="207541046" role=""/>
  <member type="way" ref="117889723" role=""/>
  <member type="way" ref="69895354" role=""/>
  <member type="way" ref="292112180" role=""/>
  <member type="way" ref="205828782" role=""/>
  <member type="way" ref="69895347" role=""/>
  <member type="way" ref="191757254" role=""/>
  <member type="way" ref="55483413" role=""/>
  <member type="way" ref="72723300" role=""/>
  <member type="way" ref="185963751" role=""/>
  <member type="way" ref="72723303" role=""/>
  <member type="way" ref="69895384" role=""/>
  <member type="way" ref="292112176" role=""/>
  <member type="way" ref="72224681" role=""/>
  <member type="way" ref="69906192" role=""/>
  <member type="way" ref="292112182" role=""/>
  <member type="way" ref="117137263" role=""/>
  <member type="way" ref="292112181" role=""/>
  <member type="way" ref="38335953" role=""/>
  <member type="way" ref="72465482" role=""/>
  <member type="way" ref="292112177" role=""/>
  <member type="way" ref="135438281" role=""/>
  <member type="way" ref="117137254" role=""/>
  <member type="way" ref="133902634" role=""/>
  <member type="way" ref="133902630" role=""/>
  <member type="way" ref="129718047" role=""/>
  <member type="way" ref="34919582" role=""/>
  <member type="way" ref="1447995059" role=""/>
  <member type="way" ref="35333962" role=""/>
  <member type="way" ref="1447995058" role=""/>
  <member type="way" ref="1222278889" role=""/>
  <member type="way" ref="1222278888" role=""/>
  <member type="way" ref="323733691" role=""/>
  <member type="way" ref="207687131" role=""/>
  <member type="way" ref="1222278886" role=""/>
  <member type="way" ref="1149975718" role=""/>
  <member type="way" ref="1222278887" role=""/>
  <member type="way" ref="1149975717" role=""/>
  <member type="way" ref="1222278885" role=""/>
  <member type="way" ref="1222278884" role=""/>
  <member type="way" ref="1222278883" role=""/>
  <member type="way" ref="134706494" role=""/>
  <member type="way" ref="96290450" role=""/>
  <member type="way" ref="323733688" role=""/>
  <member type="way" ref="1473750274" role=""/>
  <member type="way" ref="1149975715" role=""/>
  <member type="way" ref="1222278882" role=""/>
  <member type="way" ref="1222278880" role=""/>
  <member type="way" ref="1222278879" role=""/>
  <member type="way" ref="1149975713" role=""/>
  <member type="way" ref="157830694" role=""/>
  <member type="way" ref="1149975711" role=""/>
  <member type="way" ref="323714656" role=""/>
  <member type="way" ref="157851915" role=""/>
  <member type="way" ref="323714658" role=""/>
  <member type="way" ref="1248239740" role=""/>
  <member type="way" ref="65596142" role=""/>
  <member type="way" ref="1020753383" role=""/>
  <member type="way" ref="204776603" role=""/>
  <member type="way" ref="600884922" role=""/>
  <member type="way" ref="118681334" role=""/>
  <member type="way" ref="137270859" role=""/>
  <member type="way" ref="550851427" role=""/>
  <member type="way" ref="756159197" role=""/>
  <member type="way" ref="118555963" role=""/>
  <member type="way" ref="140273407" role=""/>
  <member type="way" ref="112763966" role=""/>
  <member type="way" ref="112763969" role=""/>
  <member type="way" ref="191808147" role=""/>
  <member type="way" ref="191808148" role=""/>
  <member type="way" ref="1149975698" role=""/>
  <member type="way" ref="1149975699" role=""/>
  <member type="way" ref="36909055" role=""/>
  <member type="way" ref="140684223" role=""/>
  <member type="way" ref="140684212" role=""/>
  <member type="way" ref="1149975695" role=""/>
  <member type="way" ref="1149975693" role=""/>
  <member type="way" ref="1149975694" role=""/>
  <member type="way" ref="1247702532" role=""/>
  <member type="way" ref="1247702531" role=""/>
  <member type="way" ref="1247702529" role=""/>
  <member type="way" ref="168270951" role=""/>
  <member type="way" ref="187019173" role=""/>
  <member type="way" ref="59463503" role=""/>
  <member type="way" ref="168270453" role=""/>
  <member type="way" ref="28502813" role=""/>
  <member type="way" ref="305433416" role=""/>
  <member type="way" ref="1382103535" role=""/>
  <member type="way" ref="123300123" role=""/>
  <member type="way" ref="123300124" role=""/>
  <member type="way" ref="322875556" role=""/>
  <member type="way" ref="322875555" role=""/>
  <member type="way" ref="123300121" role=""/>
  <member type="way" ref="1459324846" role=""/>
  <member type="way" ref="28502855" role=""/>
  <member type="way" ref="1447774215" role=""/>
  <member type="way" ref="1447774214" role=""/>
  <member type="way" ref="28502854" role=""/>
  <member type="way" ref="1382103531" role=""/>
  <member type="way" ref="372685297" role=""/>
  <member type="way" ref="1382103524" role=""/>
  <member type="way" ref="1382103528" role=""/>
  <member type="way" ref="493489416" role=""/>
  <member type="way" ref="1382103525" role=""/>
  <member type="way" ref="169615351" role=""/>
  <member type="way" ref="169615350" role=""/>
  <member type="way" ref="792499934" role=""/>
  <member type="way" ref="169615349" role=""/>
  <member type="way" ref="322762026" role=""/>
  <member type="way" ref="907595903" role=""/>
  <member type="way" ref="907595902" role=""/>
  <member type="way" ref="907595894" role=""/>
  <member type="way" ref="907595897" role=""/>
  <member type="way" ref="907595893" role=""/>
  <member type="way" ref="907595896" role=""/>
  <member type="way" ref="907595890" role=""/>
  <member type="way" ref="907595895" role=""/>
  <member type="way" ref="1447774213" role=""/>
  <member type="way" ref="321100073" role=""/>
  <member type="way" ref="907595891" role=""/>
  <member type="way" ref="907595901" role=""/>
  <member type="way" ref="321106869" role=""/>
  <member type="way" ref="321100075" role=""/>
  <member type="way" ref="321096338" role=""/>
  <member type="way" ref="1229070864" role=""/>
  <member type="way" ref="605409612" role=""/>
  <member type="way" ref="1381808694" role=""/>
  <member type="way" ref="109495490" role=""/>
  <member type="way" ref="61605977" role=""/>
  <member type="way" ref="109500724" role=""/>
  <member type="way" ref="109500723" role=""/>
  <member type="way" ref="109500038" role=""/>
  <member type="way" ref="182129748" role=""/>
  <member type="way" ref="109495492" role=""/>
  <member type="way" ref="293945962" role=""/>
  <member type="way" ref="40017901" role=""/>
  <member type="way" ref="109500716" role=""/>
  <member type="way" ref="318563896" role=""/>
  <member type="way" ref="371854704" role=""/>
  <member type="way" ref="321530735" role=""/>
  <member type="way" ref="109495397" role=""/>
  <member type="way" ref="109495394" role=""/>
  <member type="way" ref="109495396" role=""/>
  <member type="way" ref="318117676" role=""/>
  <member type="way" ref="694841801" role=""/>
  <member type="way" ref="1068357285" role=""/>
  <member type="way" ref="693837907" role=""/>
  <member type="way" ref="693824834" role=""/>
  <member type="way" ref="693824848" role=""/>
  <member type="way" ref="693837906" role=""/>
  <member type="way" ref="694831216" role=""/>
  <member type="way" ref="693824842" role=""/>
  <member type="way" ref="694832343" role=""/>
  <member type="way" ref="693824839" role=""/>
  <member type="way" ref="1335085393" role=""/>
  <member type="way" ref="693824845" role=""/>
  <member type="way" ref="1172047075" role=""/>
  <member type="way" ref="503856298" role=""/>
  <member type="way" ref="40016816" role=""/>
  <member type="way" ref="694837130" role=""/>
  <member type="way" ref="173511454" role=""/>
  <member type="way" ref="693833997" role=""/>
  <member type="way" ref="694836634" role=""/>
  <member type="way" ref="693833995" role=""/>
  <member type="way" ref="693833991" role=""/>
  <member type="way" ref="693837790" role=""/>
  <member type="way" ref="693834006" role=""/>
  <member type="way" ref="1274954599" role=""/>
  <member type="way" ref="83861316" role=""/>
  <member type="way" ref="693973502" role=""/>
  <member type="way" ref="693973501" role=""/>
  <member type="way" ref="693837806" role=""/>
  <member type="way" ref="693837799" role=""/>
  <member type="way" ref="693837791" role=""/>
  <member type="way" ref="694840021" role=""/>
  <member type="way" ref="693837801" role=""/>
  <member type="way" ref="909016870" role=""/>
  <member type="way" ref="40020628" role=""/>
  <member type="way" ref="41186307" role=""/>
  <member type="way" ref="694320277" role=""/>
  <member type="way" ref="189313300" role=""/>
  <member type="way" ref="1550846110" role=""/>
  <member type="way" ref="170575837" role=""/>
  <member type="way" ref="1550847257" role=""/>
  <member type="way" ref="166679935" role=""/>
  <member type="way" ref="24216366" role=""/>
  <member type="way" ref="1434151393" role=""/>
  <member type="way" ref="974615232" role=""/>
  <member type="way" ref="974615234" role=""/>
  <member type="way" ref="974615233" role=""/>
  <member type="way" ref="974615231" role=""/>
  <member type="way" ref="46894684" role=""/>
  <member type="way" ref="534853523" role=""/>
  <member type="way" ref="1434151392" role=""/>
  <member type="way" ref="534853518" role=""/>
  <member type="way" ref="534853519" role=""/>
  <member type="way" ref="46894677" role=""/>
  <member type="way" ref="1434151391" role=""/>
  <member type="way" ref="47159553" role=""/>
  <member type="way" ref="107950212" role=""/>
  <member type="way" ref="24216379" role=""/>
  <member type="way" ref="903575490" role=""/>
  <member type="way" ref="1443892510" role=""/>
  <member type="way" ref="1443892509" role=""/>
  <member type="way" ref="1375717824" role=""/>
  <member type="way" ref="1550643194" role=""/>
  <member type="way" ref="1389654714" role=""/>
  <member type="way" ref="289303447" role=""/>
  <member type="way" ref="41271028" role=""/>
  <member type="way" ref="1229873182" role=""/>
  <member type="way" ref="40584278" role=""/>
  <member type="way" ref="40722314" role=""/>
  <member type="way" ref="107950213" role=""/>
  <member type="way" ref="43424558" role=""/>
  <member type="way" ref="23905732" role=""/>
  <member type="way" ref="40229832" role=""/>
  <member type="way" ref="44335892" role=""/>
  <member type="way" ref="970228196" role=""/>
  <member type="way" ref="150263659" role=""/>
  <member type="way" ref="130064039" role=""/>
  <member type="way" ref="39941696" role=""/>
  <member type="way" ref="173807973" role=""/>
  <member type="way" ref="224934025" role=""/>
  <member type="way" ref="173807971" role=""/>
  <member type="way" ref="184163355" role=""/>
  <member type="way" ref="184163352" role=""/>
  <member type="way" ref="130539901" role=""/>
  <member type="way" ref="130064041" role=""/>
  <member type="way" ref="39941702" role=""/>
  <member type="way" ref="130539903" role=""/>
  <member type="way" ref="1456159465" role=""/>
  <member type="way" ref="130539902" role=""/>
  <member type="way" ref="58479669" role=""/>
  <member type="way" ref="58491528" role=""/>
  <member type="way" ref="1460009232" role=""/>
  <member type="way" ref="1456159464" role=""/>
  <member type="way" ref="155035847" role=""/>
  <member type="way" ref="43338713" role=""/>
  <member type="way" ref="43735645" role=""/>
  <member type="way" ref="1388106241" role=""/>
  <member type="way" ref="155035848" role=""/>
  <member type="way" ref="155035846" role=""/>
  <member type="way" ref="155035843" role=""/>
  <member type="way" ref="155035844" role=""/>
  <member type="way" ref="155035845" role=""/>
  <member type="way" ref="80778781" role=""/>
  <member type="way" ref="80778779" role=""/>
  <member type="way" ref="43735639" role=""/>
  <member type="way" ref="23905738" role=""/>
  <member type="way" ref="130064051" role=""/>
  <member type="way" ref="130064047" role=""/>
  <member type="way" ref="1375712244" role=""/>
  <member type="way" ref="130064052" role=""/>
  <member type="way" ref="108488904" role=""/>
  <member type="way" ref="130064050" role=""/>
  <member type="way" ref="39945184" role=""/>
  <member type="way" ref="80778782" role=""/>
  <member type="way" ref="39962611" role=""/>
  <member type="way" ref="1375712226" role=""/>
  <member type="way" ref="39945181" role=""/>
  <member type="way" ref="39945185" role=""/>
  <member type="way" ref="80778365" role=""/>
  <member type="way" ref="80778368" role=""/>
  <member type="way" ref="181451308" role=""/>
  <member type="way" ref="1388105117" role=""/>
  <member type="way" ref="181451309" role=""/>
  <member type="way" ref="39962605" role=""/>
  <member type="way" ref="39962601" role=""/>
  <member type="way" ref="39962623" role=""/>
  <member type="way" ref="39962597" role=""/>
  <member type="way" ref="39962599" role=""/>
  <member type="way" ref="39962598" role=""/>
  <member type="way" ref="1388105416" role=""/>
  <member type="way" ref="616992944" role=""/>
  <member type="way" ref="39945183" role=""/>
  <member type="way" ref="39911752" role=""/>
  <member type="way" ref="1388105417" role=""/>
  <member type="way" ref="39945315" role=""/>
  <member type="way" ref="242546213" role=""/>
  <member type="way" ref="172812827" role=""/>
  <member type="way" ref="40019812" role=""/>
  <member type="way" ref="245220722" role=""/>
  <member type="way" ref="172812826" role=""/>
  <member type="way" ref="1375711785" role=""/>
  <member type="way" ref="39910807" role=""/>
  <member type="way" ref="172812823" role=""/>
  <member type="way" ref="172812824" role=""/>
  <member type="way" ref="172812825" role=""/>
  <member type="way" ref="39910175" role=""/>
  <member type="way" ref="39863639" role=""/>
  <member type="way" ref="49713290" role=""/>
  <member type="way" ref="242600439" role=""/>
  <member type="way" ref="903427027" role=""/>
  <member type="way" ref="24043499" role=""/>
  <member type="way" ref="100164215" role=""/>
  <member type="way" ref="1375706690" role=""/>
  <member type="way" ref="903427028" role=""/>
  <member type="way" ref="42142605" role=""/>
  <member type="way" ref="1377440428" role=""/>
  <member type="way" ref="1375709822" role=""/>
  <member type="way" ref="1377440429" role=""/>
  <member type="way" ref="1377440430" role=""/>
  <member type="way" ref="1377440432" role=""/>
  <member type="way" ref="1377440431" role=""/>
  <member type="way" ref="1375711268" role=""/>
  <member type="way" ref="659902208" role=""/>
  <member type="way" ref="48045480" role=""/>
  <member type="way" ref="583139965" role=""/>
  <member type="way" ref="262189566" role=""/>
  <member type="way" ref="583139967" role=""/>
  <member type="way" ref="262189567" role=""/>
  <member type="way" ref="262189565" role=""/>
  <member type="way" ref="262189568" role=""/>
  <member type="way" ref="1429758183" role=""/>
  <member type="way" ref="1429758184" role=""/>
  <member type="way" ref="659792313" role=""/>
  <member type="way" ref="663292247" role=""/>
  <member type="way" ref="1429758185" role=""/>
  <member type="way" ref="667428664" role=""/>
  <member type="way" ref="1393778841" role=""/>
  <member type="way" ref="660275610" role=""/>
  <member type="way" ref="664379560" role=""/>
  <member type="way" ref="108791295" role=""/>
  <member type="way" ref="667629664" role=""/>
  <member type="way" ref="665428131" role=""/>
  <member type="way" ref="1393778843" role=""/>
  <member type="way" ref="660774826" role=""/>
  <member type="way" ref="668273689" role=""/>
  <member type="way" ref="108791293" role=""/>
  <member type="way" ref="1393778982" role=""/>
  <member type="way" ref="664897735" role=""/>
  <member type="way" ref="1429758187" role=""/>
  <member type="way" ref="1429758188" role=""/>
  <member type="way" ref="61717016" role=""/>
  <member type="way" ref="664897736" role=""/>
  <member type="way" ref="545518375" role=""/>
  <member type="way" ref="545518376" role=""/>
  <member type="way" ref="146998137" role=""/>
  <member type="way" ref="322142135" role=""/>
  <member type="way" ref="322142147" role=""/>
  <member type="way" ref="322142149" role=""/>
  <member type="way" ref="322142142" role=""/>
  <member type="way" ref="322142140" role=""/>
  <member type="way" ref="108791290" role=""/>
  <member type="way" ref="322142146" role=""/>
  <member type="way" ref="322142136" role=""/>
  <member type="way" ref="107041006" role=""/>
  <member type="way" ref="1365327194" role=""/>
  <member type="way" ref="107041023" role=""/>
  <member type="way" ref="1457605858" role=""/>
  <member type="way" ref="1457605857" role=""/>
  <member type="way" ref="1457605859" role=""/>
  <member type="way" ref="499088619" role=""/>
  <member type="way" ref="499088620" role=""/>
  <member type="way" ref="1558841755" role=""/>
  <member type="way" ref="1393087757" role=""/>
  <member type="way" ref="1558841753" role=""/>
  <member type="way" ref="1465018750" role=""/>
  <member type="way" ref="44527957" role=""/>
  <member type="way" ref="1393087756" role=""/>
  <member type="way" ref="146998138" role=""/>
  <member type="way" ref="1393087487" role=""/>
  <member type="way" ref="322365016" role=""/>
  <member type="way" ref="155051031" role=""/>
  <member type="way" ref="151607062" role=""/>
  <member type="way" ref="245931773" role=""/>
  <member type="way" ref="46898860" role=""/>
  <member type="way" ref="1393084187" role=""/>
  <member type="way" ref="187999723" role=""/>
  <member type="way" ref="1393084186" role=""/>
  <member type="way" ref="1393084185" role=""/>
  <member type="way" ref="322365009" role=""/>
  <member type="way" ref="44150747" role=""/>
  <member type="way" ref="322521121" role=""/>
  <member type="way" ref="44337245" role=""/>
  <member type="way" ref="1435752004" role=""/>
  <member type="way" ref="58491733" role=""/>
  <member type="way" ref="322521123" role=""/>
  <member type="way" ref="1435751998" role=""/>
  <member type="way" ref="161778479" role=""/>
  <member type="way" ref="1435752003" role=""/>
  <member type="way" ref="157273351" role=""/>
  <member type="way" ref="1473750299" role=""/>
  <member type="way" ref="157273359" role=""/>
  <member type="way" ref="1473750295" role=""/>
  <member type="way" ref="1473750293" role=""/>
  <member type="way" ref="1473750298" role=""/>
  <member type="way" ref="1435752000" role=""/>
  <member type="way" ref="1435751999" role=""/>
  <member type="way" ref="58491722" role=""/>
  <member type="way" ref="117592944" role=""/>
  <member type="way" ref="1435751980" role=""/>
  <member type="way" ref="85277959" role=""/>
  <member type="way" ref="117592938" role=""/>
  <member type="way" ref="955867117" role=""/>
  <member type="way" ref="955867116" role=""/>
  <member type="way" ref="1435751982" role=""/>
  <member type="way" ref="85277970" role=""/>
  <member type="way" ref="156985163" role=""/>
  <member type="way" ref="202308632" role=""/>
  <member type="way" ref="58491725" role=""/>
  <member type="way" ref="1435751996" role=""/>
  <member type="way" ref="1435751997" role=""/>
  <member type="way" ref="160198983" role=""/>
  <member type="way" ref="1435751994" role=""/>
  <member type="way" ref="1435751993" role=""/>
  <member type="way" ref="200228013" role=""/>
  <member type="way" ref="1435751990" role=""/>
  <member type="way" ref="1089482951" role=""/>
  <member type="way" ref="1089482970" role=""/>
  <member type="way" ref="1435751991" role=""/>
  <member type="way" ref="1299440376" role=""/>
  <member type="way" ref="1435751986" role=""/>
  <member type="way" ref="168039323" role=""/>
  <member type="way" ref="168039340" role=""/>
  <member type="way" ref="233474216" role=""/>
  <member type="way" ref="415083160" role=""/>
  <member type="way" ref="35637757" role=""/>
  <member type="way" ref="220638145" role=""/>
  <member type="way" ref="1435751989" role=""/>
  <member type="way" ref="1435751985" role=""/>
  <member type="way" ref="626444528" role=""/>
  <member type="way" ref="1435751984" role=""/>
  <member type="way" ref="1435751983" role=""/>
  <member type="way" ref="1024515516" role=""/>
  <member type="way" ref="35637772" role=""/>
  <member type="way" ref="1459344513" role=""/>
  <member type="way" ref="1459344512" role=""/>
  <member type="way" ref="1435751979" role=""/>
  <member type="way" ref="147329612" role=""/>
  <member type="way" ref="147329615" role=""/>
  <member type="way" ref="326134378" role=""/>
  <member type="way" ref="1435751974" role=""/>
  <member type="way" ref="829535903" role=""/>
  <member type="way" ref="1435751973" role=""/>
  <member type="way" ref="326134290" role=""/>
  <member type="way" ref="798790584" role=""/>
  <member type="way" ref="330008971" role=""/>
  <member type="way" ref="1435751970" role="ruins"/>
  <member type="way" ref="322578271" role=""/>
  <member type="way" ref="1393081858" role=""/>
  <member type="way" ref="440751873" role=""/>
  <member type="way" ref="308699708" role=""/>
  <member type="way" ref="440751874" role=""/>
  <member type="way" ref="326191419" role=""/>
  <member type="way" ref="1435751967" role=""/>
  <member type="way" ref="828505493" role=""/>
  <member type="way" ref="1435751964" role=""/>
  <member type="way" ref="1435751965" role="ruins"/>
  <member type="way" ref="564763101" role=""/>
  <member type="way" ref="1435751963" role="ruins"/>
  <member type="way" ref="1435767474" role=""/>
  <member type="way" ref="1435751960" role=""/>
  <member type="way" ref="159826961" role=""/>
  <member type="way" ref="1435751959" role=""/>
  <member type="way" ref="1435751958" role="ruins"/>
  <member type="way" ref="1435751957" role=""/>
  <member type="way" ref="1435751954" role=""/>
  <member type="way" ref="1435751955" role=""/>
  <member type="way" ref="835492345" role=""/>
  <member type="way" ref="835492343" role=""/>
  <member type="way" ref="1474020612" role="bridge_hypoth"/>
  <member type="way" ref="835492320" role=""/>
  <member type="way" ref="326191383" role=""/>
  <member type="way" ref="1435751947" role=""/>
  <member type="way" ref="835492313" role=""/>
  <member type="way" ref="326055525" role=""/>
  <member type="way" ref="738529006" role=""/>
  <member type="way" ref="1435751934" role=""/>
  <member type="way" ref="40348486" role=""/>
  <member type="way" ref="40348489" role=""/>
  <member type="way" ref="151664186" role=""/>
  <member type="way" ref="158944144" role=""/>
  <member type="way" ref="158944301" role=""/>
  <member type="way" ref="158944143" role=""/>
  <member type="way" ref="158944386" role=""/>
  <member type="way" ref="158944140" role=""/>
  <member type="way" ref="40348487" role=""/>
  <member type="way" ref="1435751945" role=""/>
  <member type="way" ref="1357036656" role=""/>
  <member type="way" ref="1516176911" role=""/>
  <member type="way" ref="1516176910" role=""/>
  <member type="way" ref="1516176912" role=""/>
  <member type="way" ref="331326207" role=""/>
  <member type="way" ref="322675658" role=""/>
  <member type="way" ref="331326208" role=""/>
  <member type="way" ref="322675659" role=""/>
  <member type="way" ref="322675656" role=""/>
  <member type="way" ref="322675655" role=""/>
  <member type="way" ref="322675657" role=""/>
  <member type="way" ref="654161562" role=""/>
  <member type="way" ref="654161563" role=""/>
  <member type="way" ref="654161565" role=""/>
  <member type="way" ref="654161564" role=""/>
  <member type="way" ref="378633180" role=""/>
  <member type="way" ref="330857286" role=""/>
  <member type="way" ref="1418972658" role=""/>
  <member type="way" ref="1418972656" role=""/>
  <member type="way" ref="1418972661" role=""/>
  <member type="way" ref="322675654" role=""/>
  <member type="way" ref="209415408" role=""/>
  <member type="way" ref="209415170" role=""/>
  <member type="way" ref="209414849" role=""/>
  <member type="way" ref="817847091" role=""/>
  <member type="way" ref="322675651" role=""/>
  <member type="way" ref="817847090" role=""/>
  <member type="way" ref="265566304" role=""/>
  <member type="way" ref="1435751944" role=""/>
  <member type="way" ref="643434125" role=""/>
  <member type="way" ref="119923702" role=""/>
  <member type="way" ref="120362421" role=""/>
  <member type="way" ref="119923693" role=""/>
  <member type="way" ref="643434090" role=""/>
  <member type="way" ref="315598510" role=""/>
  <member type="way" ref="315598505" role=""/>
  <member type="way" ref="1435751941" role="ruins"/>
  <member type="way" ref="325168785" role=""/>
  <member type="way" ref="119923687" role=""/>
  <member type="way" ref="1435751933" role=""/>
  <member type="way" ref="498958600" role=""/>
  <member type="way" ref="119923703" role=""/>
  <member type="way" ref="817307379" role=""/>
  <member type="way" ref="807969130" role=""/>
  <member type="way" ref="807969129" role=""/>
  <member type="way" ref="325168786" role=""/>
  <member type="way" ref="498958604" role=""/>
  <member type="way" ref="120362420" role=""/>
  <member type="way" ref="1435751936" role=""/>
  <member type="way" ref="1435751937" role=""/>
  <member type="way" ref="1435751935" role=""/>
  <member type="way" ref="823169630" role=""/>
  <member type="way" ref="168963091" role=""/>
  <member type="way" ref="1435751932" role=""/>
  <member type="way" ref="818007246" role=""/>
  <member type="way" ref="818007245" role=""/>
  <member type="way" ref="159483801" role=""/>
  <member type="way" ref="229865549" role=""/>
  <member type="way" ref="159483800" role=""/>
  <member type="way" ref="207725697" role=""/>
  <member type="way" ref="230860904" role=""/>
  <member type="way" ref="230860905" role=""/>
  <member type="way" ref="818031543" role=""/>
  <member type="way" ref="469161807" role=""/>
  <member type="way" ref="229322365" role=""/>
  <member type="way" ref="230860902" role=""/>
  <member type="way" ref="230860903" role=""/>
  <member type="way" ref="410375603" role=""/>
  <member type="way" ref="331704189" role=""/>
  <member type="way" ref="853820176" role=""/>
  <member type="way" ref="853820177" role=""/>
  <member type="way" ref="1472489171" role=""/>
  <member type="way" ref="354335925" role=""/>
  <member type="way" ref="354335942" role=""/>
  <member type="way" ref="1469005592" role=""/>
  <member type="way" ref="1469005593" role="ruins"/>
  <member type="way" ref="1435751924" role=""/>
  <member type="way" ref="132906237" role=""/>
  <member type="way" ref="1435751927" role=""/>
  <member type="way" ref="1446895924" role=""/>
  <member type="way" ref="222747965" role=""/>
  <member type="way" ref="114191185" role=""/>
  <member type="way" ref="1217694966" role=""/>
  <member type="way" ref="410057891" role=""/>
  <member type="way" ref="1202584080" role=""/>
  <member type="way" ref="1202584079" role=""/>
  <member type="way" ref="354342413" role=""/>
  <member type="way" ref="1202584075" role=""/>
  <member type="way" ref="440819441" role=""/>
  <member type="way" ref="1202584074" role=""/>
  <member type="way" ref="440819440" role=""/>
  <member type="way" ref="1202584073" role=""/>
  <member type="way" ref="230981740" role=""/>
  <member type="way" ref="230981741" role=""/>
  <member type="way" ref="439197281" role=""/>
  <member type="way" ref="439197278" role=""/>
  <member type="way" ref="230864300" role=""/>
  <member type="way" ref="230864301" role=""/>
  <member type="way" ref="229854089" role=""/>
  <member type="way" ref="229854088" role=""/>
  <member type="way" ref="230864299" role=""/>
  <member type="way" ref="230864298" role=""/>
  <member type="way" ref="446672529" role=""/>
  <member type="way" ref="1202525930" role=""/>
  <member type="way" ref="64377357" role=""/>
  <member type="way" ref="446672526" role=""/>
  <member type="way" ref="437443459" role=""/>
  <member type="way" ref="165172178" role=""/>
  <member type="way" ref="361680657" role=""/>
  <member type="way" ref="361680659" role=""/>
  <member type="way" ref="361680656" role=""/>
  <member type="way" ref="361680658" role=""/>
  <member type="way" ref="361680655" role=""/>
  <member type="way" ref="365349404" role=""/>
  <member type="way" ref="1435751925" role=""/>
  <member type="way" ref="322275623" role=""/>
  <member type="way" ref="1442091900" role=""/>
  <member type="way" ref="1442091899" role=""/>
  <member type="way" ref="1074583598" role=""/>
  <member type="way" ref="322275622" role=""/>
  <member type="way" ref="409867351" role=""/>
  <member type="way" ref="165172174" role=""/>
  <member type="way" ref="1074583600" role=""/>
  <member type="way" ref="1074583599" role=""/>
  <member type="way" ref="69224487" role=""/>
  <member type="way" ref="1471792614" role=""/>
  <member type="way" ref="1471793441" role=""/>
  <member type="way" ref="230981737" role=""/>
  <member type="way" ref="230981736" role=""/>
  <member type="way" ref="860992859" role=""/>
  <member type="way" ref="860992860" role=""/>
  <member type="way" ref="292491959" role=""/>
  <member type="way" ref="525383947" role=""/>
  <member type="way" ref="1422337546" role=""/>
  <member type="way" ref="1422337544" role=""/>
  <member type="way" ref="1472009199" role=""/>
  <member type="way" ref="1472009198" role=""/>
  <member type="way" ref="1422337542" role=""/>
  <member type="way" ref="958902688" role=""/>
  <member type="way" ref="525383946" role=""/>
  <member type="way" ref="654447704" role=""/>
  <member type="way" ref="958902690" role=""/>
  <member type="way" ref="958902691" role=""/>
  <member type="way" ref="651912219" role=""/>
  <member type="way" ref="651912218" role=""/>
  <member type="way" ref="376666500" role=""/>
  <member type="way" ref="651912209" role=""/>
  <member type="way" ref="651912210" role=""/>
  <member type="way" ref="651912216" role=""/>
  <member type="way" ref="651912217" role=""/>
  <member type="way" ref="647795003" role=""/>
  <member type="way" ref="647795004" role=""/>
  <member type="way" ref="960792055" role=""/>
  <member type="way" ref="647670388" role=""/>
  <member type="way" ref="647670379" role=""/>
  <member type="way" ref="647670375" role=""/>
  <member type="way" ref="647670350" role=""/>
  <member type="way" ref="647670370" role=""/>
  <member type="way" ref="647670373" role=""/>
  <member type="way" ref="818063684" role=""/>
  <member type="way" ref="647670367" role=""/>
  <member type="way" ref="572109669" role=""/>
  <member type="way" ref="647795013" role=""/>
  <member type="way" ref="1025556430" role=""/>
  <member type="way" ref="1261787892" role=""/>
  <member type="way" ref="1099644243" role=""/>
  <member type="way" ref="1025556429" role=""/>
  <member type="way" ref="1261787891" role=""/>
  <member type="way" ref="1261787890" role=""/>
  <member type="way" ref="1025556427" role=""/>
  <member type="way" ref="1025556428" role=""/>
  <member type="way" ref="551044722" role=""/>
  <member type="way" ref="1525223466" role=""/>
  <member type="way" ref="1025556426" role=""/>
  <member type="way" ref="1525223467" role=""/>
  <member type="way" ref="1025556425" role=""/>
  <member type="way" ref="1025556424" role=""/>
  <member type="way" ref="1525223357" role=""/>
  <member type="way" ref="134683993" role=""/>
  <member type="way" ref="1025556423" role=""/>
  <member type="way" ref="551147508" role=""/>
  <member type="way" ref="940412687" role=""/>
  <member type="way" ref="1525220240" role=""/>
  <member type="way" ref="1333524050" role=""/>
  <member type="way" ref="966217199" role=""/>
  <member type="way" ref="1333524049" role=""/>
  <member type="way" ref="551147514" role=""/>
  <member type="way" ref="1025556422" role=""/>
  <member type="way" ref="90499505" role=""/>
  <member type="way" ref="551147517" role=""/>
  <member type="way" ref="1025556421" role=""/>
  <member type="way" ref="1525222146" role=""/>
  <member type="way" ref="1333506515" role=""/>
  <member type="way" ref="1352054387" role=""/>
  <member type="way" ref="1352054446" role=""/>
  <member type="way" ref="1333496014" role=""/>
  <member type="way" ref="1333496016" role=""/>
  <member type="way" ref="1333502153" role=""/>
  <member type="way" ref="978173090" role=""/>
  <member type="way" ref="978173091" role=""/>
  <member type="way" ref="451385716" role=""/>
  <member type="way" ref="945810113" role=""/>
  <member type="way" ref="30295438" role=""/>
  <member type="way" ref="299715478" role=""/>
  <member type="way" ref="299045033" role=""/>
  <member type="way" ref="299714694" role=""/>
  <member type="way" ref="967068017" role=""/>
  <member type="way" ref="54682103" role=""/>
  <member type="way" ref="913885606" role=""/>
  <member type="way" ref="1332599895" role=""/>
  <member type="way" ref="563382654" role=""/>
  <member type="way" ref="913885604" role=""/>
  <member type="way" ref="1334159605" role=""/>
  <member type="way" ref="442159030" role=""/>
  <member type="way" ref="914097977" role=""/>
  <member type="way" ref="903123109" role=""/>
  <member type="way" ref="222097104" role=""/>
  <member type="way" ref="1332579490" role=""/>
  <member type="way" ref="1332579492" role=""/>
  <member type="way" ref="1332579493" role=""/>
  <member type="way" ref="1332579494" role=""/>
  <member type="way" ref="1336852827" role=""/>
  <member type="way" ref="654754334" role=""/>
  <member type="way" ref="981291428" role=""/>
  <member type="way" ref="981291427" role=""/>
  <member type="way" ref="497938081" role=""/>
  <member type="way" ref="913921451" role=""/>
  <member type="way" ref="503015193" role=""/>
  <member type="way" ref="1336069415" role=""/>
  <member type="way" ref="1185536009" role=""/>
  <member type="way" ref="1188984331" role=""/>
  <member type="way" ref="1185534935" role=""/>
  <member type="way" ref="1188984330" role=""/>
  <member type="way" ref="1185534930" role=""/>
  <member type="way" ref="1185534929" role=""/>
  <member type="way" ref="1185534933" role=""/>
  <member type="way" ref="1167353506" role=""/>
  <member type="way" ref="1346573040" role=""/>
  <member type="way" ref="1346573260" role=""/>
  <member type="way" ref="137637419" role=""/>
  <member type="way" ref="457649036" role=""/>
  <member type="way" ref="298786802" role=""/>
  <member type="way" ref="309673990" role=""/>
  <member type="way" ref="85416361" role=""/>
  <member type="way" ref="985507372" role=""/>
  <member type="way" ref="263170765" role=""/>
  <member type="way" ref="53853046" role=""/>
  <member type="way" ref="917679313" role=""/>
  <member type="way" ref="298786803" role=""/>
  <member type="way" ref="920932024" role=""/>
  <member type="way" ref="137382029" role=""/>
  <member type="way" ref="434801779" role=""/>
  <member type="way" ref="298786799" role=""/>
  <member type="way" ref="1204590924" role=""/>
  <member type="way" ref="1204594873" role=""/>
  <member type="way" ref="138220347" role=""/>
  <member type="way" ref="1388810042" role=""/>
  <member type="way" ref="456447145" role=""/>
  <member type="way" ref="54169429" role=""/>
  <member type="way" ref="1474020609" role=""/>
  <member type="way" ref="971104001" role=""/>
  <member type="way" ref="1474020604" role=""/>
  <member type="way" ref="54171529" role=""/>
  <member type="way" ref="138220334" role=""/>
  <member type="way" ref="1474020605" role=""/>
  <member type="way" ref="1470415560" role=""/>
  <member type="way" ref="1336932113" role=""/>
  <member type="way" ref="1336932115" role=""/>
  <member type="way" ref="1336932114" role=""/>
  <member type="way" ref="1466400792" role=""/>
  <member type="way" ref="72874889" role=""/>
  <member type="way" ref="1336503497" role=""/>
  <member type="way" ref="335327594" role=""/>
  <member type="way" ref="309673988" role=""/>
  <member type="way" ref="921462372" role=""/>
  <member type="way" ref="940376710" role=""/>
  <member type="way" ref="940575245" role=""/>
  <member type="way" ref="261089338" role=""/>
  <member type="way" ref="1466400790" role=""/>
  <member type="way" ref="1466400789" role=""/>
  <member type="way" ref="1446895998" role=""/>
  <member type="way" ref="1470415558" role="ruins"/>
  <member type="way" ref="1446895997" role=""/>
  <member type="way" ref="254323252" role=""/>
  <member type="way" ref="254323221" role=""/>
  <member type="way" ref="1474020593" role=""/>
  <member type="way" ref="225774687" role=""/>
  <member type="way" ref="1474020592" role=""/>
  <member type="way" ref="1474020594" role=""/>
  <member type="way" ref="225875879" role=""/>
  <member type="way" ref="552089436" role=""/>
  <member type="way" ref="1446895993" role=""/>
  <member type="way" ref="1303947520" role=""/>
  <member type="way" ref="1251971060" role=""/>
  <member type="way" ref="1446895992" role=""/>
  <member type="way" ref="1464395068" role=""/>
  <member type="way" ref="1464395069" role=""/>
  <member type="way" ref="1464395070" role=""/>
  <member type="way" ref="170778855" role=""/>
  <member type="way" ref="1446895991" role=""/>
  <member type="way" ref="1446895989" role=""/>
  <member type="way" ref="1305374709" role=""/>
  <member type="way" ref="254323181" role=""/>
  <member type="way" ref="1305375444" role=""/>
  <member type="way" ref="1446895987" role=""/>
  <member type="way" ref="230793678" role=""/>
  <member type="way" ref="230793692" role=""/>
  <member type="way" ref="230793688" role=""/>
  <member type="way" ref="230793674" role=""/>
  <member type="way" ref="147818301" role=""/>
  <member type="way" ref="1446895985" role=""/>
  <member type="way" ref="234246103" role=""/>
  <member type="way" ref="1446895984" role=""/>
  <member type="way" ref="243204883" role=""/>
  <member type="way" ref="1446895983" role=""/>
  <member type="way" ref="109200416" role=""/>
  <member type="way" ref="313057856" role=""/>
  <member type="way" ref="1446895982" role=""/>
  <member type="way" ref="313057852" role=""/>
  <member type="way" ref="948502184" role=""/>
  <member type="way" ref="1446895981" role=""/>
  <member type="way" ref="197707337" role=""/>
  <member type="way" ref="1446895979" role=""/>
  <member type="way" ref="1446895976" role=""/>
  <member type="way" ref="1446895978" role=""/>
  <member type="way" ref="1446895977" role=""/>
  <member type="way" ref="313057847" role=""/>
  <member type="way" ref="1446895974" role=""/>
  <member type="way" ref="146878532" role=""/>
  <member type="way" ref="201527486" role=""/>
  <member type="way" ref="251990678" role=""/>
  <member type="way" ref="96373778" role=""/>
  <member type="way" ref="197919536" role=""/>
  <member type="way" ref="197919471" role=""/>
  <member type="way" ref="308724390" role=""/>
  <member type="way" ref="182994983" role=""/>
  <member type="way" ref="832450088" role=""/>
  <member type="way" ref="197919577" role=""/>
  <member type="way" ref="549691645" role=""/>
  <member type="way" ref="549691628" role=""/>
  <member type="way" ref="197919600" role=""/>
  <member type="way" ref="197919533" role=""/>
  <member type="way" ref="197919493" role=""/>
  <member type="way" ref="832450089" role=""/>
  <member type="way" ref="1446895960" role=""/>
  <member type="way" ref="1431334983" role=""/>
  <member type="way" ref="847053060" role=""/>
  <member type="way" ref="1431334982" role=""/>
  <member type="way" ref="182994960" role=""/>
  <member type="way" ref="182994985" role=""/>
  <member type="way" ref="1474020591" role="bridge_hypoth"/>
  <member type="way" ref="1446577859" role=""/>
  <member type="way" ref="1446895970" role=""/>
  <member type="way" ref="372836786" role=""/>
  <member type="way" ref="372836785" role=""/>
  <member type="way" ref="197919588" role=""/>
  <member type="way" ref="372024061" role=""/>
  <member type="way" ref="372024062" role=""/>
  <member type="way" ref="221139307" role=""/>
  <member type="way" ref="963008779" role=""/>
  <member type="way" ref="221139215" role=""/>
  <member type="way" ref="1272478859" role=""/>
  <member type="way" ref="1272478861" role=""/>
  <member type="way" ref="1272480045" role=""/>
  <member type="way" ref="1272480044" role=""/>
  <member type="way" ref="851895515" role=""/>
  <member type="way" ref="1272478860" role=""/>
  <member type="way" ref="963008776" role=""/>
  <member type="way" ref="1446895968" role=""/>
  <member type="way" ref="1446895967" role="ruins"/>
  <member type="way" ref="371363799" role=""/>
  <member type="way" ref="313414637" role=""/>
  <member type="way" ref="1446895966" role=""/>
  <member type="way" ref="371863176" role=""/>
  <member type="way" ref="371863170" role=""/>
  <member type="way" ref="352140985" role=""/>
  <member type="way" ref="1510551357" role=""/>
  <member type="way" ref="1444713002" role=""/>
  <member type="way" ref="1206977029" role=""/>
  <member type="way" ref="118705857" role=""/>
  <member type="way" ref="1446895962" role="ruins"/>
  <member type="way" ref="1446895955" role=""/>
  <member type="way" ref="428527932" role=""/>
  <member type="way" ref="428527941" role=""/>
  <member type="way" ref="989380924" role=""/>
  <member type="way" ref="989380923" role=""/>
  <member type="way" ref="376979378" role=""/>
  <member type="way" ref="376979379" role=""/>
  <member type="way" ref="989381388" role=""/>
  <member type="way" ref="989381387" role=""/>
  <member type="way" ref="332716283" role=""/>
  <member type="way" ref="376980051" role=""/>
  <member type="way" ref="551405331" role=""/>
  <member type="way" ref="551405333" role=""/>
  <member type="way" ref="376980052" role=""/>
  <member type="way" ref="975024280" role=""/>
  <member type="way" ref="376980053" role=""/>
  <member type="way" ref="1127705509" role=""/>
  <member type="way" ref="376980232" role=""/>
  <member type="way" ref="60351692" role=""/>
  <member type="way" ref="422452999" role=""/>
  <member type="way" ref="148510245" role=""/>
  <member type="way" ref="80571868" role=""/>
  <member type="way" ref="80571871" role=""/>
  <member type="way" ref="1463413777" role=""/>
  <member type="way" ref="148510244" role=""/>
  <member type="way" ref="852172165" role=""/>
  <member type="way" ref="989366046" role=""/>
  <member type="way" ref="852172164" role=""/>
  <member type="way" ref="398607375" role=""/>
  <member type="way" ref="1446895951" role=""/>
  <member type="way" ref="1021479396" role=""/>
  <member type="way" ref="1021479395" role=""/>
  <member type="way" ref="398607379" role=""/>
  <member type="way" ref="1536199033" role=""/>
  <member type="way" ref="398607377" role=""/>
  <member type="way" ref="1446895949" role=""/>
  <member type="way" ref="1446895948" role=""/>
  <member type="way" ref="398607373" role=""/>
  <member type="way" ref="1446895946" role=""/>
  <member type="way" ref="1536225291" role=""/>
  <member type="way" ref="1473750301" role=""/>
  <member type="way" ref="1536225290" role=""/>
  <member type="way" ref="1446895944" role=""/>
  <member type="way" ref="156763457" role=""/>
  <member type="way" ref="1446895939" role=""/>
  <member type="way" ref="1473750302" role=""/>
  <member type="way" ref="1446895938" role=""/>
  <member type="way" ref="1446895937" role=""/>
  <member type="way" ref="721154009" role=""/>
  <member type="way" ref="721148313" role=""/>
  <member type="way" ref="1446895922" role=""/>
  <member type="way" ref="1159462803" role=""/>
  <member type="way" ref="1446895923" role=""/>
  <member type="way" ref="1171690708" role=""/>
  <member type="way" ref="1469005599" role=""/>
  <member type="way" ref="515572411" role=""/>
  <member type="way" ref="1472537036" role=""/>
  <member type="way" ref="515572455" role=""/>
  <member type="way" ref="137916808" role=""/>
  <member type="way" ref="436199217" role=""/>
  <member type="way" ref="440214229" role=""/>
  <member type="way" ref="1559966420" role=""/>
  <member type="way" ref="1446895928" role=""/>
  <member type="way" ref="1446895927" role=""/>
  <member type="way" ref="1305191085" role=""/>
  <member type="way" ref="1446895926" role=""/>
  <member type="way" ref="1431689628" role=""/>
  <member type="way" ref="70594889" role=""/>
  <member type="way" ref="70000497" role=""/>
  <member type="way" ref="70000457" role=""/>
  <member type="way" ref="52405766" role=""/>
  <member type="way" ref="1137171599" role=""/>
  <member type="way" ref="69922036" role=""/>
  <member type="way" ref="987496576" role=""/>
  <member type="way" ref="576017489" role=""/>
  <member type="way" ref="576327321" role=""/>
  <member type="way" ref="576017490" role=""/>
  <member type="way" ref="42651102" role=""/>
  <member type="way" ref="83808982" role=""/>
  <member type="way" ref="987496574" role=""/>
  <member type="way" ref="85693303" role=""/>
  <member type="way" ref="42651101" role=""/>
  <member type="way" ref="800651157" role=""/>
  <member type="way" ref="800651158" role=""/>
  <member type="way" ref="997428216" role=""/>
  <member type="way" ref="987496573" role=""/>
  <member type="way" ref="42651100" role=""/>
  <member type="way" ref="86383150" role=""/>
  <member type="way" ref="1019986300" role=""/>
  <member type="way" ref="1020010994" role=""/>
  <member type="way" ref="87244644" role=""/>
  <member type="way" ref="987496572" role=""/>
  <member type="way" ref="42651099" role=""/>
  <member type="way" ref="1508905713" role=""/>
  <member type="way" ref="947776968" role=""/>
  <member type="way" ref="223447452" role=""/>
  <member type="way" ref="42650747" role=""/>
  <member type="way" ref="56052200" role=""/>
  <member type="way" ref="56052447" role=""/>
  <member type="way" ref="56052448" role=""/>
  <member type="way" ref="986857941" role=""/>
  <member type="way" ref="1413511476" role=""/>
  <member type="way" ref="1413511477" role=""/>
  <member type="way" ref="197403552" role=""/>
  <member type="way" ref="1413511482" role=""/>
  <member type="way" ref="1413511475" role=""/>
  <member type="way" ref="981880771" role=""/>
  <member type="way" ref="260927582" role=""/>
  <member type="way" ref="281769980" role=""/>
  <member type="way" ref="224898505" role=""/>
  <member type="way" ref="229153196" role=""/>
  <member type="way" ref="224259604" role=""/>
  <member type="way" ref="862815737" role=""/>
  <member type="way" ref="229212870" role=""/>
  <member type="way" ref="281769982" role=""/>
  <member type="way" ref="281769981" role=""/>
  <member type="way" ref="281805816" role=""/>
  <member type="way" ref="291716704" role=""/>
  <member type="way" ref="435409946" role=""/>
  <member type="way" ref="1435251146" role=""/>
  <member type="way" ref="183640152" role=""/>
  <member type="way" ref="1193566444" role=""/>
  <member type="way" ref="1190644762" role=""/>
  <member type="way" ref="477485928" role=""/>
  <member type="way" ref="944031048" role=""/>
  <member type="way" ref="59621688" role=""/>
  <member type="way" ref="968785806" role=""/>
  <member type="way" ref="1190644760" role=""/>
  <member type="way" ref="970114430" role=""/>
  <member type="way" ref="1190644758" role=""/>
  <member type="way" ref="970114431" role=""/>
  <member type="way" ref="968785831" role=""/>
  <member type="way" ref="1060998491" role=""/>
  <member type="way" ref="477485929" role=""/>
  <member type="way" ref="82674635" role=""/>
  <member type="way" ref="85639427" role=""/>
  <member type="way" ref="82674622" role=""/>
  <member type="way" ref="85131214" role=""/>
  <member type="way" ref="40195195" role=""/>
  <member type="way" ref="477485926" role=""/>
  <member type="way" ref="846331934" role=""/>
  <member type="way" ref="88368188" role=""/>
  <member type="way" ref="1258191172" role=""/>
  <member type="way" ref="1258191168" role=""/>
  <member type="way" ref="1258191166" role=""/>
  <member type="way" ref="182612757" role=""/>
  <member type="way" ref="1242165609" role=""/>
  <member type="way" ref="1434332125" role=""/>
  <member type="way" ref="85697998" role=""/>
  <member type="way" ref="300303904" role=""/>
  <member type="way" ref="1434332132" role=""/>
  <member type="way" ref="1289115401" role=""/>
  <member type="way" ref="1289115400" role=""/>
  <member type="way" ref="1289115391" role=""/>
  <member type="way" ref="967797417" role=""/>
  <member type="way" ref="1258244199" role=""/>
  <member type="way" ref="1335913073" role=""/>
  <member type="way" ref="645165982" role=""/>
  <member type="way" ref="1335913075" role=""/>
  <member type="way" ref="472675609" role=""/>
  <member type="way" ref="40195199" role=""/>
  <member type="way" ref="1198216991" role=""/>
  <member type="way" ref="967797420" role=""/>
  <member type="way" ref="967797418" role=""/>
  <member type="way" ref="1198215732" role=""/>
  <member type="way" ref="1198215827" role=""/>
  <member type="way" ref="181582794" role=""/>
  <member type="way" ref="74711882" role=""/>
  <member type="way" ref="87500811" role=""/>
  <member type="way" ref="36264618" role=""/>
  <member type="way" ref="36264619" role=""/>
  <member type="way" ref="1242165613" role=""/>
  <member type="way" ref="968495808" role=""/>
  <member type="way" ref="85395610" role=""/>
  <member type="way" ref="1178255984" role=""/>
  <member type="way" ref="85395611" role=""/>
  <member type="way" ref="993344299" role=""/>
  <member type="way" ref="85392376" role=""/>
  <member type="way" ref="85643966" role=""/>
  <member type="way" ref="68607475" role=""/>
  <member type="way" ref="68607361" role=""/>
  <member type="way" ref="969790838" role=""/>
  <member type="way" ref="969790837" role=""/>
  <member type="way" ref="969790836" role=""/>
  <member type="way" ref="969790835" role=""/>
  <member type="way" ref="969790833" role=""/>
  <member type="way" ref="969790832" role=""/>
  <member type="way" ref="969790829" role=""/>
  <member type="way" ref="969790828" role=""/>
  <member type="way" ref="969790826" role=""/>
  <member type="way" ref="969790825" role=""/>
  <member type="way" ref="929726582" role=""/>
  <member type="way" ref="929726601" role=""/>
  <member type="way" ref="37995950" role=""/>
  <member type="way" ref="969790821" role=""/>
  <member type="way" ref="969790820" role=""/>
  <member type="way" ref="969790819" role=""/>
  <member type="way" ref="969790818" role=""/>
  <member type="way" ref="85130384" role=""/>
  <member type="way" ref="969790817" role=""/>
  <member type="way" ref="982175826" role=""/>
  <member type="way" ref="969790816" role=""/>
  <member type="way" ref="969790815" role=""/>
  <member type="way" ref="327842498" role=""/>
  <member type="way" ref="327842492" role=""/>
  <member type="way" ref="385526759" role=""/>
  <member type="way" ref="969790813" role=""/>
  <member type="way" ref="969790812" role=""/>
  <member type="way" ref="969790811" role=""/>
  <member type="way" ref="969790810" role=""/>
  <member type="way" ref="385526764" role=""/>
  <member type="way" ref="1039334721" role=""/>
  <member type="way" ref="1039334720" role=""/>
  <member type="way" ref="969790809" role=""/>
  <member type="way" ref="969790808" role=""/>
  <member type="way" ref="385526766" role=""/>
  <member type="way" ref="969790807" role=""/>
  <member type="way" ref="969790806" role=""/>
  <member type="way" ref="390133462" role=""/>
  <member type="way" ref="327686851" role=""/>
  <member type="way" ref="966696552" role=""/>
  <member type="way" ref="969790803" role=""/>
  <member type="way" ref="327686852" role=""/>
  <member type="way" ref="969790802" role=""/>
  <member type="way" ref="327049806" role=""/>
  <member type="way" ref="969790801" role=""/>
  <member type="way" ref="684507831" role=""/>
  <member type="way" ref="327977752" role=""/>
  <member type="way" ref="322020723" role=""/>
  <member type="way" ref="969764691" role=""/>
  <member type="way" ref="969764692" role=""/>
  <member type="way" ref="969764695" role=""/>
  <member type="way" ref="969764696" role=""/>
  <member type="way" ref="369399298" role=""/>
  <member type="way" ref="969764697" role=""/>
  <member type="way" ref="85135413" role=""/>
  <member type="way" ref="969764699" role=""/>
  <member type="way" ref="969764700" role=""/>
  <member type="way" ref="89954388" role=""/>
  <member type="way" ref="969764701" role=""/>
  <member type="way" ref="969764702" role=""/>
  <member type="way" ref="966696574" role=""/>
  <member type="way" ref="168484999" role=""/>
  <member type="way" ref="168485022" role=""/>
  <member type="way" ref="969764703" role=""/>
  <member type="way" ref="969764704" role=""/>
  <member type="way" ref="969764705" role=""/>
  <member type="way" ref="276239279" role=""/>
  <member type="way" ref="1086868511" role=""/>
  <member type="way" ref="276239280" role=""/>
  <member type="way" ref="969764708" role=""/>
  <member type="way" ref="327049808" role=""/>
  <member type="way" ref="969764709" role=""/>
  <member type="way" ref="969764710" role=""/>
  <member type="way" ref="969764711" role=""/>
  <member type="way" ref="969764713" role=""/>
  <member type="way" ref="27172722" role=""/>
  <member type="way" ref="157844461" role=""/>
  <member type="way" ref="77356043" role=""/>
  <member type="way" ref="229879596" role=""/>
  <member type="way" ref="87130428" role=""/>
  <member type="way" ref="77356029" role=""/>
  <member type="way" ref="969764715" role=""/>
  <member type="way" ref="966696563" role=""/>
  <member type="way" ref="969764719" role=""/>
  <member type="way" ref="51321235" role=""/>
  <member type="way" ref="1066148604" role=""/>
  <member type="way" ref="1066148600" role=""/>
  <member type="way" ref="1066148599" role=""/>
  <member type="way" ref="1066148598" role=""/>
  <member type="way" ref="1066148597" role=""/>
  <member type="way" ref="1066148595" role=""/>
  <member type="way" ref="1066148593" role=""/>
  <member type="way" ref="1066148592" role=""/>
  <member type="way" ref="1066148589" role=""/>
  <member type="way" ref="1066148588" role=""/>
  <member type="way" ref="1066148587" role=""/>
  <member type="way" ref="245105647" role=""/>
  <member type="way" ref="170646001" role=""/>
  <member type="way" ref="721106282" role=""/>
  <member type="way" ref="1066148586" role=""/>
  <member type="way" ref="441894531" role=""/>
  <member type="way" ref="441894530" role=""/>
  <member type="way" ref="1066148582" role=""/>
  <member type="way" ref="1066148577" role=""/>
  <member type="way" ref="327049810" role=""/>
  <member type="way" ref="1066148571" role=""/>
  <member type="way" ref="1066148566" role=""/>
  <member type="way" ref="1066148559" role=""/>
  <member type="way" ref="1066148557" role=""/>
  <member type="way" ref="1066148556" role=""/>
  <member type="way" ref="986654697" role=""/>
  <member type="way" ref="986654998" role=""/>
  <member type="way" ref="1066148554" role=""/>
  <member type="way" ref="1066148552" role=""/>
  <member type="way" ref="1450909347" role=""/>
  <member type="way" ref="1066148550" role=""/>
  <member type="way" ref="1447940548" role=""/>
  <member type="way" ref="1066148544" role=""/>
  <member type="way" ref="1066148541" role=""/>
  <member type="way" ref="90610660" role=""/>
  <member type="way" ref="170645807" role=""/>
  <member type="way" ref="245105649" role=""/>
  <member type="way" ref="1026526174" role=""/>
  <member type="way" ref="1209005051" role=""/>
  <member type="way" ref="1209005049" role=""/>
  <member type="way" ref="245105645" role=""/>
  <member type="way" ref="1084618907" role=""/>
  <member type="way" ref="245105648" role=""/>
  <member type="way" ref="1029961114" role=""/>
  <member type="way" ref="1029961113" role=""/>
  <member type="way" ref="1470415556" role=""/>
  <member type="way" ref="1470415557" role=""/>
  <member type="way" ref="1474020588" role=""/>
  <member type="way" ref="170645874" role=""/>
  <member type="way" ref="168954299" role=""/>
  <member type="way" ref="1470415555" role=""/>
  <member type="way" ref="1470415552" role=""/>
  <member type="way" ref="354289370" role=""/>
  <member type="way" ref="1030749793" role=""/>
  <member type="way" ref="1030749792" role=""/>
  <member type="way" ref="1030749788" role=""/>
  <member type="way" ref="210895386" role=""/>
  <member type="way" ref="1030749794" role=""/>
  <member type="way" ref="669878800" role=""/>
  <member type="way" ref="1470415550" role=""/>
  <member type="way" ref="1474020587" role=""/>
  <member type="way" ref="1470415551" role=""/>
  <member type="way" ref="1470415549" role=""/>
  <member type="way" ref="245105655" role=""/>
  <member type="way" ref="245105643" role=""/>
  <member type="way" ref="738574767" role=""/>
  <member type="way" ref="1470415548" role=""/>
  <member type="way" ref="1030741836" role=""/>
  <member type="way" ref="1030741834" role=""/>
  <member type="way" ref="1030741835" role=""/>
  <member type="way" ref="1470415546" role=""/>
  <member type="way" ref="1030741840" role=""/>
  <member type="way" ref="1030741844" role=""/>
  <member type="way" ref="170645845" role=""/>
  <member type="way" ref="1470415544" role=""/>
  <member type="way" ref="210131883" role=""/>
  <member type="way" ref="210131886" role=""/>
  <member type="way" ref="57357162" role=""/>
  <member type="way" ref="999846464" role=""/>
  <member type="way" ref="217699285" role=""/>
  <member type="way" ref="1470415543" role=""/>
  <member type="way" ref="26992390" role=""/>
  <member type="way" ref="362645981" role=""/>
  <member type="way" ref="818538772" role=""/>
  <member type="way" ref="818538771" role=""/>
  <member type="way" ref="245105652" role=""/>
  <member type="way" ref="1470415542" role=""/>
  <member type="way" ref="182190727" role=""/>
  <member type="way" ref="245105656" role=""/>
  <member type="way" ref="245105654" role=""/>
  <member type="way" ref="245105663" role=""/>
  <member type="way" ref="245105659" role=""/>
  <member type="way" ref="416150071" role=""/>
  <member type="way" ref="416150080" role=""/>
  <member type="way" ref="245105646" role=""/>
  <member type="way" ref="245105644" role=""/>
  <member type="way" ref="341681845" role=""/>
  <member type="way" ref="341681846" role=""/>
  <member type="way" ref="245105653" role=""/>
  <member type="way" ref="940663506" role=""/>
  <member type="way" ref="1470415538" role=""/>
  <member type="way" ref="940663507" role=""/>
  <member type="way" ref="1470415537" role=""/>
  <member type="way" ref="1053938571" role=""/>
  <member type="way" ref="1470415539" role=""/>
  <member type="way" ref="1315237444" role=""/>
  <member type="way" ref="1470415536" role=""/>
  <member type="way" ref="1009038643" role=""/>
  <member type="way" ref="1009038644" role=""/>
  <member type="way" ref="133771229" role=""/>
  <member type="way" ref="133771109" role=""/>
  <member type="way" ref="163718535" role=""/>
  <member type="way" ref="163748264" role=""/>
  <member type="way" ref="134558702" role=""/>
  <member type="way" ref="1411125586" role=""/>
  <member type="way" ref="1411125589" role=""/>
  <member type="way" ref="62336164" role=""/>
  <member type="way" ref="1470415532" role=""/>
  <member type="way" ref="245101244" role=""/>
  <member type="way" ref="245101245" role=""/>
  <member type="way" ref="243587232" role=""/>
  <member type="way" ref="9704322" role=""/>
  <member type="way" ref="186634101" role=""/>
  <member type="way" ref="807841178" role=""/>
  <member type="way" ref="807841177" role=""/>
  <member type="way" ref="783884996" role=""/>
  <member type="way" ref="1116874736" role=""/>
  <member type="way" ref="140784318" role=""/>
  <member type="way" ref="289912635" role=""/>
  <member type="way" ref="843605302" role=""/>
  <member type="way" ref="843605303" role=""/>
  <member type="way" ref="149029122" role=""/>
  <member type="way" ref="1409180403" role=""/>
  <member type="way" ref="762170638" role=""/>
  <member type="way" ref="1328759033" role=""/>
  <member type="way" ref="762170639" role=""/>
  <member type="way" ref="1470415526" role=""/>
  <member type="way" ref="707230009" role=""/>
  <member type="way" ref="1313656657" role=""/>
  <member type="way" ref="707230010" role=""/>
  <member type="way" ref="149029163" role=""/>
  <member type="way" ref="713587151" role=""/>
  <member type="way" ref="713587150" role=""/>
  <member type="way" ref="149029162" role=""/>
  <member type="way" ref="245101250" role=""/>
  <member type="way" ref="55884250" role=""/>
  <member type="way" ref="1470415525" role=""/>
  <member type="way" ref="253420193" role=""/>
  <member type="way" ref="253420189" role=""/>
  <member type="way" ref="1105009207" role=""/>
  <member type="way" ref="379893508" role=""/>
  <member type="way" ref="379903205" role=""/>
  <member type="way" ref="379904720" role=""/>
  <member type="way" ref="379873968" role=""/>
  <member type="way" ref="379873965" role=""/>
  <member type="way" ref="379873967" role=""/>
  <member type="way" ref="380072164" role=""/>
  <member type="way" ref="380072169" role=""/>
  <member type="way" ref="379873966" role=""/>
  <member type="way" ref="245101243" role=""/>
  <member type="way" ref="710994016" role=""/>
  <member type="way" ref="710994015" role=""/>
  <member type="way" ref="1416362676" role=""/>
  <member type="way" ref="1416362678" role=""/>
  <member type="way" ref="902515952" role=""/>
  <member type="way" ref="902515951" role=""/>
  <member type="way" ref="771899098" role=""/>
  <member type="way" ref="1471758467" role=""/>
  <member type="way" ref="771899099" role=""/>
  <member type="way" ref="1416362677" role=""/>
  <member type="way" ref="771907313" role=""/>
  <member type="way" ref="771907314" role=""/>
  <member type="way" ref="1470415524" role=""/>
  <member type="way" ref="1416362673" role=""/>
  <member type="way" ref="875525495" role=""/>
  <member type="way" ref="1470415518" role=""/>
  <member type="way" ref="1470415519" role=""/>
  <member type="way" ref="1470415522" role=""/>
  <member type="way" ref="1470415516" role=""/>
  <member type="way" ref="1470415517" role=""/>
  <member type="way" ref="27013612" role=""/>
  <member type="way" ref="108906474" role=""/>
  <member type="way" ref="75242568" role=""/>
  <member type="way" ref="108896398" role=""/>
  <member type="way" ref="109267190" role=""/>
  <member type="way" ref="122104532" role=""/>
  <member type="way" ref="122104531" role=""/>
  <member type="way" ref="1292854587" role=""/>
  <member type="way" ref="109267185" role=""/>
  <member type="way" ref="379864289" role=""/>
  <member type="way" ref="111319562" role=""/>
  <member type="way" ref="295787206" role=""/>
  <member type="way" ref="1528423424" role=""/>
  <member type="way" ref="1528423423" role=""/>
  <member type="way" ref="295787208" role=""/>
  <member type="way" ref="1347113262" role=""/>
  <member type="way" ref="295787204" role=""/>
  <member type="way" ref="295787205" role=""/>
  <member type="way" ref="295787207" role=""/>
  <member type="way" ref="186465189" role=""/>
  <member type="way" ref="331169000" role=""/>
  <member type="way" ref="1470415512" role=""/>
  <member type="way" ref="155327062" role=""/>
  <member type="way" ref="875720284" role=""/>
  <member type="way" ref="27013675" role=""/>
  <member type="way" ref="875421326" role=""/>
  <member type="way" ref="546805741" role=""/>
  <member type="way" ref="1189998801" role=""/>
  <member type="way" ref="1470415511" role=""/>
  <member type="way" ref="546559414" role=""/>
  <member type="way" ref="545989356" role=""/>
  <member type="way" ref="331062665" role=""/>
  <member type="way" ref="1470415509" role="ruins"/>
  <member type="way" ref="545856381" role=""/>
  <member type="way" ref="330905931" role=""/>
  <member type="way" ref="330905929" role=""/>
  <member type="way" ref="234911655" role=""/>
  <member type="way" ref="234911671" role=""/>
  <member type="way" ref="1470415507" role=""/>
  <member type="way" ref="331032130" role=""/>
  <member type="way" ref="234158375" role=""/>
  <member type="way" ref="234158363" role=""/>
  <member type="way" ref="1470415506" role=""/>
  <member type="way" ref="235998817" role=""/>
  <member type="way" ref="749865792" role=""/>
  <member type="way" ref="217126336" role=""/>
  <member type="way" ref="234340822" role=""/>
  <member type="way" ref="217126339" role=""/>
  <member type="way" ref="114146481" role=""/>
  <member type="way" ref="330880835" role=""/>
  <member type="way" ref="201626120" role=""/>
  <member type="way" ref="234158338" role=""/>
  <member type="way" ref="234158380" role=""/>
  <member type="way" ref="235802090" role=""/>
  <member type="way" ref="235802072" role=""/>
  <member type="way" ref="235802100" role=""/>
  <member type="way" ref="1470415504" role=""/>
  <member type="way" ref="1470415505" role=""/>
  <member type="way" ref="234158378" role=""/>
  <member type="way" ref="330630763" role=""/>
  <member type="way" ref="234158337" role=""/>
  <member type="way" ref="234158344" role=""/>
  <member type="way" ref="234158372" role=""/>
  <member type="way" ref="1470415500" role=""/>
  <member type="way" ref="235998812" role=""/>
  <member type="way" ref="239906631" role=""/>
  <member type="way" ref="416771502" role=""/>
  <member type="way" ref="1470415496" role=""/>
  <member type="way" ref="160306042" role=""/>
  <member type="way" ref="330328510" role=""/>
  <member type="way" ref="330328498" role=""/>
  <member type="way" ref="945004723" role=""/>
  <member type="way" ref="330245415" role=""/>
  <member type="way" ref="1470415493" role=""/>
  <member type="way" ref="1470415494" role=""/>
  <member type="way" ref="1470415491" role=""/>
  <member type="way" ref="329895452" role=""/>
  <member type="way" ref="1470415490" role=""/>
  <member type="way" ref="160306041" role=""/>
  <member type="way" ref="1470415488" role=""/>
  <member type="way" ref="330220995" role=""/>
  <member type="way" ref="1470415486" role=""/>
  <member type="way" ref="330052831" role=""/>
  <member type="way" ref="330069739" role=""/>
  <member type="way" ref="160306040" role=""/>
  <member type="way" ref="1470415485" role=""/>
  <member type="way" ref="1470415484" role=""/>
  <member type="way" ref="329481593" role=""/>
  <member type="way" ref="393212793" role=""/>
  <member type="way" ref="222674933" role=""/>
  <member type="way" ref="222674934" role=""/>
  <member type="way" ref="1239453003" role=""/>
  <member type="way" ref="329432668" role=""/>
  <member type="way" ref="1470415478" role=""/>
  <member type="way" ref="329417240" role=""/>
  <member type="way" ref="1470415480" role=""/>
  <member type="way" ref="1470415477" role=""/>
  <member type="way" ref="160306019" role=""/>
  <member type="way" ref="160306026" role=""/>
  <member type="way" ref="329246897" role=""/>
  <member type="way" ref="329246904" role=""/>
  <member type="way" ref="1470415475" role=""/>
  <member type="way" ref="329242388" role=""/>
  <member type="way" ref="1470415471" role=""/>
  <member type="way" ref="328700818" role=""/>
  <member type="way" ref="1470415468" role=""/>
  <member type="way" ref="328581369" role=""/>
  <member type="way" ref="1470415466" role=""/>
  <member type="way" ref="1470415467" role=""/>
  <member type="way" ref="1470415464" role=""/>
  <member type="way" ref="126197382" role=""/>
  <member type="way" ref="1470415463" role=""/>
  <member type="way" ref="381678806" role=""/>
  <member type="way" ref="145096819" role=""/>
  <member type="way" ref="145092958" role=""/>
  <member type="way" ref="387428429" role=""/>
  <member type="way" ref="127245864" role=""/>
  <member type="way" ref="220593553" role=""/>
  <member type="way" ref="327942498" role=""/>
  <member type="way" ref="327942500" role=""/>
  <member type="way" ref="327942497" role=""/>
  <member type="way" ref="327942499" role=""/>
  <member type="way" ref="203080252" role=""/>
  <member type="way" ref="1470415460" role=""/>
  <member type="way" ref="1470415458" role=""/>
  <member type="way" ref="221712015" role=""/>
  <member type="way" ref="1470415457" role=""/>
  <member type="way" ref="327783967" role=""/>
  <member type="way" ref="327806150" role=""/>
  <member type="way" ref="327783966" role=""/>
  <member type="way" ref="1087646487" role=""/>
  <member type="way" ref="327276762" role=""/>
  <member type="way" ref="1470415452" role=""/>
  <member type="way" ref="327207663" role=""/>
  <member type="way" ref="1470415451" role=""/>
  <member type="way" ref="327213873" role=""/>
  <member type="way" ref="327213888" role=""/>
  <member type="way" ref="327213877" role=""/>
  <member type="way" ref="327213889" role=""/>
  <member type="way" ref="327192507" role=""/>
  <member type="way" ref="327072920" role=""/>
  <member type="way" ref="1470415448" role=""/>
  <member type="way" ref="1470415447" role=""/>
  <member type="way" ref="327609852" role=""/>
  <member type="way" ref="1470415444" role=""/>
  <member type="way" ref="326701015" role=""/>
  <member type="way" ref="326701025" role=""/>
  <member type="way" ref="326701023" role=""/>
  <member type="way" ref="1470415441" role=""/>
  <member type="way" ref="326738959" role=""/>
  <member type="way" ref="1470415438" role=""/>
  <member type="way" ref="1470415439" role=""/>
  <member type="way" ref="1470415437" role=""/>
  <member type="way" ref="326870166" role=""/>
  <member type="way" ref="326870163" role=""/>
  <member type="way" ref="1470415434" role=""/>
  <member type="way" ref="326870164" role=""/>
  <member type="way" ref="1470415432" role=""/>
  <member type="way" ref="296222668" role=""/>
  <member type="way" ref="495081777" role=""/>
  <member type="way" ref="1470415431" role=""/>
  <member type="way" ref="1470415429" role=""/>
  <member type="way" ref="326521657" role=""/>
  <member type="way" ref="326521649" role=""/>
  <member type="way" ref="457887308" role=""/>
  <member type="way" ref="1470415428" role=""/>
  <member type="way" ref="327207664" role=""/>
  <member type="way" ref="250533174" role=""/>
  <member type="way" ref="250533172" role=""/>
  <member type="way" ref="123121424" role=""/>
  <member type="way" ref="123121425" role=""/>
  <member type="way" ref="250533173" role=""/>
  <member type="way" ref="250533175" role=""/>
  <member type="way" ref="326385115" role=""/>
  <member type="way" ref="288216398" role=""/>
  <member type="way" ref="380779247" role=""/>
  <member type="way" ref="380961397" role=""/>
  <member type="way" ref="881285739" role=""/>
  <member type="way" ref="881285738" role=""/>
  <member type="way" ref="881285770" role=""/>
  <member type="way" ref="380959121" role=""/>
  <member type="way" ref="380961396" role=""/>
  <member type="way" ref="881285769" role=""/>
  <member type="way" ref="380961401" role=""/>
  <member type="way" ref="380961393" role=""/>
  <member type="way" ref="380961399" role=""/>
  <member type="way" ref="380961394" role=""/>
  <member type="way" ref="881285779" role=""/>
  <member type="way" ref="380961400" role=""/>
  <member type="way" ref="288519104" role=""/>
  <member type="way" ref="288519110" role=""/>
  <member type="way" ref="288519193" role=""/>
  <member type="way" ref="288519129" role=""/>
  <member type="way" ref="1471488116" role=""/>
  <member type="way" ref="288519135" role=""/>
  <member type="way" ref="858034628" role=""/>
  <member type="way" ref="1471488115" role=""/>
  <member type="way" ref="325420153" role=""/>
  <member type="way" ref="325383942" role=""/>
  <member type="way" ref="330776012" role=""/>
  <member type="way" ref="881835140" role=""/>
  <member type="way" ref="335787744" role=""/>
  <member type="way" ref="881830657" role=""/>
  <member type="way" ref="325138251" role=""/>
  <member type="way" ref="325173157" role=""/>
  <member type="way" ref="325015610" role=""/>
  <member type="way" ref="325015619" role=""/>
  <member type="way" ref="221933152" role=""/>
  <member type="way" ref="221933151" role=""/>
  <member type="way" ref="1471488114" role=""/>
  <member type="way" ref="226338281" role=""/>
  <member type="way" ref="317845032" role=""/>
  <member type="way" ref="324285207" role=""/>
  <member type="way" ref="589107509" role=""/>
  <member type="way" ref="324258071" role=""/>
  <member type="way" ref="324258068" role=""/>
  <member type="way" ref="324258070" role=""/>
  <member type="way" ref="1471488113" role=""/>
  <member type="way" ref="324251089" role=""/>
  <member type="way" ref="324229805" role=""/>
  <member type="way" ref="324185831" role=""/>
  <member type="way" ref="324147124" role=""/>
  <member type="way" ref="324147122" role=""/>
  <member type="way" ref="1507482653" role=""/>
  <member type="way" ref="324045279" role=""/>
  <member type="way" ref="324045277" role=""/>
  <member type="way" ref="324045281" role=""/>
  <member type="way" ref="1271392900" role=""/>
  <member type="way" ref="1471488109" role=""/>
  <member type="way" ref="1471488110" role=""/>
  <member type="way" ref="1471488108" role=""/>
  <member type="way" ref="220517134" role=""/>
  <member type="way" ref="314812312" role=""/>
  <member type="way" ref="1471488103" role=""/>
  <member type="way" ref="1471488106" role=""/>
  <member type="way" ref="314813162" role=""/>
  <member type="way" ref="1471488104" role=""/>
  <member type="way" ref="323278983" role=""/>
  <member type="way" ref="314813554" role=""/>
  <member type="way" ref="314815516" role=""/>
  <member type="way" ref="314815862" role=""/>
  <member type="way" ref="272100479" role=""/>
  <member type="way" ref="1471488100" role=""/>
  <member type="way" ref="1471488098" role=""/>
  <member type="way" ref="322437711" role=""/>
  <member type="way" ref="1471488095" role=""/>
  <member type="way" ref="1471488096" role=""/>
  <member type="way" ref="26989269" role=""/>
  <member type="way" ref="1204545883" role=""/>
  <member type="way" ref="1471488119" role=""/>
  <member type="way" ref="1204545881" role=""/>
  <member type="way" ref="1471488118" role=""/>
  <member type="way" ref="331534817" role=""/>
  <member type="way" ref="1471488093" role=""/>
  <member type="way" ref="331547443" role=""/>
  <member type="way" ref="274243169" role=""/>
  <member type="way" ref="274243180" role=""/>
  <member type="way" ref="331547441" role=""/>
  <member type="way" ref="190249564" role=""/>
  <member type="way" ref="1471488090" role=""/>
  <member type="way" ref="83256124" role=""/>
  <member type="way" ref="42161696" role=""/>
  <member type="way" ref="732250219" role=""/>
  <member type="way" ref="139993810" role=""/>
  <member type="way" ref="139993809" role=""/>
  <member type="way" ref="1346897671" role=""/>
  <member type="way" ref="738319724" role=""/>
  <member type="way" ref="738319730" role=""/>
  <member type="way" ref="738319729" role=""/>
  <member type="way" ref="738319723" role=""/>
  <member type="way" ref="1344978901" role=""/>
  <member type="way" ref="1344978902" role=""/>
  <member type="way" ref="481825234" role=""/>
  <member type="way" ref="773775562" role=""/>
  <member type="way" ref="773775561" role=""/>
  <member type="way" ref="1389999585" role=""/>
  <member type="way" ref="1389999579" role=""/>
  <member type="way" ref="1389999584" role=""/>
  <member type="way" ref="481825235" role=""/>
  <member type="way" ref="387480551" role=""/>
  <member type="way" ref="316478658" role=""/>
  <member type="way" ref="316478656" role=""/>
  <member type="way" ref="109056207" role=""/>
  <member type="way" ref="109056215" role=""/>
  <member type="way" ref="719096617" role=""/>
  <member type="way" ref="719096616" role=""/>
  <member type="way" ref="1222311046" role=""/>
  <member type="way" ref="42161634" role=""/>
  <member type="way" ref="719096597" role=""/>
  <member type="way" ref="719096596" role=""/>
  <member type="way" ref="1471488091" role=""/>
  <member type="way" ref="96060907" role=""/>
  <member type="way" ref="96060906" role=""/>
  <member type="way" ref="1559875962" role=""/>
  <member type="way" ref="319200669" role=""/>
  <member type="way" ref="95810575" role=""/>
  <member type="way" ref="1449314510" role=""/>
  <member type="way" ref="92404710" role=""/>
  <member type="way" ref="1447450961" role=""/>
  <member type="way" ref="1447450962" role=""/>
  <member type="way" ref="999536543" role=""/>
  <member type="way" ref="999536544" role=""/>
  <member type="way" ref="999742003" role=""/>
  <member type="way" ref="999742002" role=""/>
  <member type="way" ref="50881652" role=""/>
  <member type="way" ref="743297135" role=""/>
  <member type="way" ref="703246439" role=""/>
  <member type="way" ref="483048046" role=""/>
  <member type="way" ref="50881653" role=""/>
  <member type="way" ref="730844552" role=""/>
  <member type="way" ref="1450172778" role=""/>
  <member type="way" ref="313520742" role=""/>
  <member type="way" ref="135770172" role=""/>
  <member type="way" ref="1454087786" role=""/>
  <member type="way" ref="47911948" role=""/>
  <member type="way" ref="758880894" role=""/>
  <member type="way" ref="788619954" role=""/>
  <member type="way" ref="148852308" role=""/>
  <member type="way" ref="50881945" role=""/>
  <member type="way" ref="1454923829" role=""/>
  <member type="way" ref="1272701904" role=""/>
  <member type="way" ref="1427039206" role=""/>
  <member type="way" ref="74661539" role=""/>
  <member type="way" ref="208736878" role=""/>
  <member type="way" ref="377976761" role=""/>
  <member type="way" ref="47911850" role=""/>
  <member type="way" ref="895924174" role=""/>
  <member type="way" ref="98591471" role=""/>
  <member type="way" ref="98591497" role=""/>
  <member type="way" ref="98591499" role=""/>
  <member type="way" ref="316182463" role=""/>
  <member type="way" ref="316182642" role=""/>
  <member type="way" ref="316181647" role=""/>
  <member type="way" ref="946102295" role=""/>
  <member type="way" ref="316181718" role=""/>
  <member type="way" ref="676538390" role=""/>
  <member type="way" ref="233612198" role=""/>
  <member type="way" ref="842068194" role=""/>
  <member type="way" ref="1427039209" role=""/>
  <member type="way" ref="1292895648" role=""/>
  <member type="way" ref="1164999583" role=""/>
  <member type="way" ref="48637176" role=""/>
  <member type="way" ref="84894005" role=""/>
  <member type="way" ref="25527779" role=""/>
  <member type="way" ref="707211100" role=""/>
  <member type="way" ref="707211099" role=""/>
  <member type="way" ref="865920270" role=""/>
  <member type="way" ref="98701135" role=""/>
  <member type="way" ref="993416013" role=""/>
  <member type="way" ref="1419081141" role=""/>
  <member type="way" ref="98701132" role=""/>
  <member type="way" ref="127528110" role=""/>
  <member type="way" ref="25584082" role=""/>
  <member type="way" ref="180277621" role=""/>
  <member type="way" ref="25500946" role=""/>
  <member type="way" ref="95424518" role=""/>
  <member type="way" ref="1472537033" role=""/>
  <member type="way" ref="914781170" role=""/>
  <member type="way" ref="914781169" role=""/>
  <member type="way" ref="1356519416" role=""/>
  <member type="way" ref="640286831" role=""/>
  <member type="way" ref="639972835" role=""/>
  <member type="way" ref="352750503" role=""/>
  <member type="way" ref="860634095" role=""/>
  <member type="way" ref="621691578" role=""/>
  <member type="way" ref="860634096" role=""/>
  <member type="way" ref="685831120" role=""/>
  <member type="way" ref="44010073" role=""/>
  <member type="way" ref="860465719" role=""/>
  <member type="way" ref="44010068" role=""/>
  <member type="way" ref="860634088" role=""/>
  <member type="way" ref="24965335" role=""/>
  <member type="way" ref="640286803" role=""/>
  <member type="way" ref="166692526" role=""/>
  <member type="way" ref="860634090" role=""/>
  <member type="way" ref="860634091" role=""/>
  <member type="way" ref="132624223" role=""/>
  <member type="way" ref="519871001" role=""/>
  <member type="way" ref="519871005" role=""/>
  <member type="way" ref="813094305" role=""/>
  <member type="way" ref="845809463" role=""/>
  <member type="way" ref="845809461" role=""/>
  <member type="way" ref="845809462" role=""/>
  <member type="way" ref="845809464" role=""/>
  <member type="way" ref="845809465" role=""/>
  <member type="way" ref="358900219" role=""/>
  <member type="way" ref="639972831" role=""/>
  <member type="way" ref="722658705" role=""/>
  <member type="way" ref="132503662" role=""/>
  <member type="way" ref="722658707" role=""/>
  <member type="way" ref="166262791" role=""/>
  <member type="way" ref="135244997" role=""/>
  <member type="way" ref="135244999" role=""/>
  <member type="way" ref="135244998" role=""/>
  <member type="way" ref="722658708" role=""/>
  <member type="way" ref="849479088" role=""/>
  <member type="way" ref="86199786" role=""/>
  <member type="way" ref="1358317739" role=""/>
  <member type="way" ref="643268853" role=""/>
  <member type="way" ref="722658709" role=""/>
  <member type="way" ref="643268847" role=""/>
  <member type="way" ref="695947491" role=""/>
  <member type="way" ref="695947490" role=""/>
  <member type="way" ref="844038045" role=""/>
  <member type="way" ref="695947486" role=""/>
  <member type="way" ref="136861868" role=""/>
  <member type="way" ref="695947485" role=""/>
  <member type="way" ref="132907263" role=""/>
  <member type="way" ref="104016798" role=""/>
  <member type="way" ref="132907262" role=""/>
  <member type="way" ref="695947482" role=""/>
  <member type="way" ref="136861872" role=""/>
  <member type="way" ref="651122618" role=""/>
  <member type="way" ref="25035420" role=""/>
  <member type="way" ref="23925352" role=""/>
  <member type="way" ref="1311095663" role=""/>
  <member type="way" ref="1177876355" role=""/>
  <member type="way" ref="1177876356" role=""/>
  <member type="way" ref="26174848" role=""/>
  <member type="way" ref="26174849" role=""/>
  <member type="way" ref="313825341" role=""/>
  <member type="way" ref="312057677" role=""/>
  <member type="way" ref="691072973" role=""/>
  <member type="way" ref="1441888495" role=""/>
  <member type="way" ref="26103437" role=""/>
  <member type="way" ref="733457850" role=""/>
  <member type="way" ref="728265418" role=""/>
  <member type="way" ref="728265420" role=""/>
  <member type="way" ref="728265422" role=""/>
  <member type="way" ref="440561199" role=""/>
  <member type="way" ref="351880900" role=""/>
  <member type="way" ref="357315050" role=""/>
  <member type="way" ref="312713290" role=""/>
  <member type="way" ref="1356501515" role=""/>
  <member type="way" ref="743395886" role=""/>
  <member type="way" ref="1312091687" role=""/>
  <member type="way" ref="255512170" role=""/>
  <member type="way" ref="226676545" role=""/>
  <member type="way" ref="885610526" role=""/>
  <member type="way" ref="813358105" role=""/>
  <member type="way" ref="885610528" role=""/>
  <member type="way" ref="312713288" role=""/>
  <member type="way" ref="314371422" role=""/>
  <member type="way" ref="314277277" role=""/>
  <member type="way" ref="440569108" role=""/>
  <member type="way" ref="79498554" role=""/>
  <member type="way" ref="79498552" role=""/>
  <member type="way" ref="79498550" role=""/>
  <member type="way" ref="24803328" role=""/>
  <member type="way" ref="166052392" role=""/>
  <member type="way" ref="1355495762" role=""/>
  <member type="way" ref="23909922" role=""/>
  <member type="way" ref="316492512" role=""/>
  <member type="way" ref="166052393" role=""/>
  <member type="way" ref="600879019" role=""/>
  <member type="way" ref="451835837" role=""/>
  <member type="way" ref="1558995431" role=""/>
  <member type="way" ref="1121983593" role=""/>
  <member type="way" ref="1441871883" role=""/>
  <member type="way" ref="82746357" role=""/>
  <member type="way" ref="68928908" role=""/>
  <member type="way" ref="44578195" role=""/>
  <member type="way" ref="44578611" role=""/>
  <member type="way" ref="644322851" role=""/>
  <member type="way" ref="44578612" role=""/>
  <member type="way" ref="659012881" role=""/>
  <member type="way" ref="313846537" role=""/>
  <member type="way" ref="659012882" role=""/>
  <member type="way" ref="241425073" role=""/>
  <member type="way" ref="982014279" role=""/>
  <member type="way" ref="982014270" role=""/>
  <member type="way" ref="982014273" role=""/>
  <member type="way" ref="649028475" role=""/>
  <member type="way" ref="813231181" role=""/>
  <member type="way" ref="133301207" role=""/>
  <member type="way" ref="1358317737" role=""/>
  <member type="way" ref="857328277" role=""/>
  <member type="way" ref="642797113" role=""/>
  <member type="way" ref="1472536980" role=""/>
  <member type="way" ref="856608986" role=""/>
  <member type="way" ref="1472537030" role=""/>
  <member type="way" ref="689355794" role=""/>
  <member type="way" ref="1430033079" role=""/>
  <member type="way" ref="1533154792" role=""/>
  <member type="way" ref="816606383" role=""/>
  <member type="way" ref="318901272" role=""/>
  <member type="way" ref="816606382" role=""/>
  <member type="way" ref="677882275" role=""/>
  <member type="way" ref="74271275" role=""/>
  <member type="way" ref="1472864352" role=""/>
  <member type="way" ref="186588106" role=""/>
  <member type="way" ref="97074525" role=""/>
  <member type="way" ref="1180602027" role=""/>
  <member type="way" ref="1180602026" role=""/>
  <member type="way" ref="857328289" role=""/>
  <member type="way" ref="857328290" role=""/>
  <member type="way" ref="857328288" role=""/>
  <member type="way" ref="69966895" role=""/>
  <member type="way" ref="1472537022" role="ruins"/>
  <member type="way" ref="25098276" role=""/>
  <member type="way" ref="1472537020" role=""/>
  <member type="way" ref="147450171" role=""/>
  <member type="way" ref="97519336" role=""/>
  <member type="way" ref="97519338" role=""/>
  <member type="way" ref="801864348" role=""/>
  <member type="way" ref="185806136" role=""/>
  <member type="way" ref="857328295" role=""/>
  <member type="way" ref="191020064" role=""/>
  <member type="way" ref="185485550" role=""/>
  <member type="way" ref="798939298" role=""/>
  <member type="way" ref="798939297" role=""/>
  <member type="way" ref="147450172" role=""/>
  <member type="way" ref="185806144" role=""/>
  <member type="way" ref="259587242" role=""/>
  <member type="way" ref="259587240" role=""/>
  <member type="way" ref="1426880600" role=""/>
  <member type="way" ref="862157785" role=""/>
  <member type="way" ref="862157786" role=""/>
  <member type="way" ref="98857921" role=""/>
  <member type="way" ref="98857920" role=""/>
  <member type="way" ref="1472537012" role=""/>
  <member type="way" ref="862157787" role=""/>
  <member type="way" ref="1164792554" role=""/>
  <member type="way" ref="1472537006" role=""/>
  <member type="way" ref="862157789" role=""/>
  <member type="way" ref="855257970" role=""/>
  <member type="way" ref="759659716" role=""/>
  <member type="way" ref="759659714" role=""/>
  <member type="way" ref="855257969" role=""/>
  <member type="way" ref="1472537010" role=""/>
  <member type="way" ref="25683138" role=""/>
  <member type="way" ref="1472537007" role=""/>
  <member type="way" ref="1472537008" role=""/>
  <member type="way" ref="25272589" role=""/>
  <member type="way" ref="25508957" role=""/>
  <member type="way" ref="25508958" role=""/>
  <member type="way" ref="25508948" role=""/>
  <member type="way" ref="25272557" role=""/>
  <member type="way" ref="25272558" role=""/>
  <member type="way" ref="1474020586" role=""/>
  <member type="way" ref="221149599" role=""/>
  <member type="way" ref="806678169" role=""/>
  <member type="way" ref="25682253" role=""/>
  <member type="way" ref="25682252" role=""/>
  <member type="way" ref="318908187" role=""/>
  <member type="way" ref="172122111" role=""/>
  <member type="way" ref="172122093" role=""/>
  <member type="way" ref="172122090" role=""/>
  <member type="way" ref="103394385" role=""/>
  <member type="way" ref="172245384" role=""/>
  <member type="way" ref="686119376" role=""/>
  <member type="way" ref="46927490" role=""/>
  <member type="way" ref="450097930" role=""/>
  <member type="way" ref="642797111" role=""/>
  <member type="way" ref="642797110" role=""/>
  <member type="way" ref="1472537005" role=""/>
  <member type="way" ref="450097931" role=""/>
  <member type="way" ref="444286552" role=""/>
  <member type="way" ref="175428589" role=""/>
  <member type="way" ref="992764213" role=""/>
  <member type="way" ref="992764211" role=""/>
  <member type="way" ref="992764212" role=""/>
  <member type="way" ref="992764210" role=""/>
  <member type="way" ref="992764209" role=""/>
  <member type="way" ref="175428581" role=""/>
  <member type="way" ref="175428587" role=""/>
  <member type="way" ref="1472537004" role=""/>
  <member type="way" ref="380533507" role=""/>
  <member type="way" ref="992764208" role=""/>
  <member type="way" ref="142888657" role=""/>
  <member type="way" ref="1292816960" role=""/>
  <member type="way" ref="1495332647" role=""/>
  <member type="way" ref="1292816961" role=""/>
  <member type="way" ref="1472537003" role=""/>
  <member type="way" ref="142888661" role=""/>
  <member type="way" ref="142882942" role=""/>
  <member type="way" ref="991652216" role=""/>
  <member type="way" ref="1472537002" role=""/>
  <member type="way" ref="991652215" role=""/>
  <member type="way" ref="319100168" role=""/>
  <member type="way" ref="233268031" role=""/>
  <member type="way" ref="233268036" role=""/>
  <member type="way" ref="233330195" role=""/>
  <member type="way" ref="319101159" role=""/>
  <member type="way" ref="1426880603" role=""/>
  <member type="way" ref="142845920" role=""/>
  <member type="way" ref="1507449442" role=""/>
  <member type="way" ref="107271063" role=""/>
  <member type="way" ref="1472864351" role=""/>
  <member type="way" ref="233268770" role=""/>
  <member type="way" ref="722873842" role=""/>
  <member type="way" ref="991652209" role=""/>
  <member type="way" ref="318801754" role=""/>
  <member type="way" ref="318801753" role=""/>
  <member type="way" ref="318801752" role=""/>
  <member type="way" ref="908688655" role=""/>
  <member type="way" ref="1507449441" role=""/>
  <member type="way" ref="107270698" role=""/>
  <member type="way" ref="136054550" role=""/>
  <member type="way" ref="136054548" role=""/>
  <member type="way" ref="233337206" role=""/>
  <member type="way" ref="136054547" role=""/>
  <member type="way" ref="107517952" role=""/>
  <member type="way" ref="753623428" role=""/>
  <member type="way" ref="381272412" role=""/>
  <member type="way" ref="753623424" role=""/>
  <member type="way" ref="753623423" role=""/>
  <member type="way" ref="381272410" role=""/>
  <member type="way" ref="1472537001" role=""/>
  <member type="way" ref="319130574" role=""/>
  <member type="way" ref="991622400" role=""/>
  <member type="way" ref="538210795" role=""/>
  <member type="way" ref="1472537000" role=""/>
  <member type="way" ref="60072769" role=""/>
  <member type="way" ref="60074931" role=""/>
  <member type="way" ref="318469297" role=""/>
  <member type="way" ref="228167141" role=""/>
  <member type="way" ref="228167025" role=""/>
  <member type="way" ref="169008482" role=""/>
  <member type="way" ref="60074069" role=""/>
  <member type="way" ref="289876840" role=""/>
  <member type="way" ref="60068058" role=""/>
  <member type="way" ref="537968649" role=""/>
  <member type="way" ref="60073383" role=""/>
  <member type="way" ref="289876842" role=""/>
  <member type="way" ref="289876843" role=""/>
  <member type="way" ref="181901578" role=""/>
  <member type="way" ref="181901577" role=""/>
  <member type="way" ref="60070534" role=""/>
  <member type="way" ref="537976145" role=""/>
  <member type="way" ref="60067260" role=""/>
  <member type="way" ref="883230072" role=""/>
  <member type="way" ref="1472536983" role=""/>
  <member type="way" ref="733493033" role=""/>
  <member type="way" ref="60075784" role=""/>
  <member type="way" ref="183144754" role=""/>
  <member type="way" ref="105703762" role=""/>
  <member type="way" ref="111562898" role=""/>
  <member type="way" ref="276921942" role=""/>
  <member type="way" ref="1476241553" role=""/>
  <member type="way" ref="105703761" role=""/>
  <member type="way" ref="90560195" role=""/>
  <member type="way" ref="105703760" role=""/>
  <member type="way" ref="90560187" role=""/>
  <member type="way" ref="90452869" role=""/>
  <member type="way" ref="1472864350" role=""/>
  <member type="way" ref="313109422" role=""/>
  <member type="way" ref="738719394" role=""/>
  <member type="way" ref="738719387" role=""/>
  <member type="way" ref="744116834" role=""/>
  <member type="way" ref="66648180" role=""/>
  <member type="way" ref="25200061" role=""/>
  <member type="way" ref="746064681" role=""/>
  <member type="way" ref="1472536997" role=""/>
  <member type="way" ref="44505129" role=""/>
  <member type="way" ref="378717823" role=""/>
  <member type="way" ref="763111449" role=""/>
  <member type="way" ref="175374799" role=""/>
  <member type="way" ref="175374803" role=""/>
  <member type="way" ref="175374798" role=""/>
  <member type="way" ref="1550773757" role=""/>
  <member type="way" ref="162531047" role=""/>
  <member type="way" ref="162531046" role=""/>
  <member type="way" ref="89183880" role=""/>
  <member type="way" ref="89183879" role=""/>
  <member type="way" ref="162531431" role=""/>
  <member type="way" ref="162531440" role=""/>
  <member type="way" ref="162531441" role=""/>
  <member type="way" ref="162531442" role=""/>
  <member type="way" ref="488952018" role=""/>
  <member type="way" ref="1472536996" role=""/>
  <member type="way" ref="200124552" role=""/>
  <member type="way" ref="37371182" role=""/>
  <member type="way" ref="75415010" role=""/>
  <member type="way" ref="542301614" role=""/>
  <member type="way" ref="75415008" role=""/>
  <member type="way" ref="75415013" role=""/>
  <member type="way" ref="143364760" role=""/>
  <member type="way" ref="85043186" role=""/>
  <member type="way" ref="228248238" role=""/>
  <member type="way" ref="228248234" role=""/>
  <member type="way" ref="1226738905" role=""/>
  <member type="way" ref="21304623" role=""/>
  <member type="way" ref="75419839" role=""/>
  <member type="way" ref="542774219" role=""/>
  <member type="way" ref="40748981" role=""/>
  <member type="way" ref="229175718" role=""/>
  <member type="way" ref="229175723" role=""/>
  <member type="way" ref="75419803" role=""/>
  <member type="way" ref="75419811" role=""/>
  <member type="way" ref="75419724" role=""/>
  <member type="way" ref="231409873" role=""/>
  <member type="way" ref="231409875" role=""/>
  <member type="way" ref="589462327" role=""/>
  <member type="way" ref="75551457" role=""/>
  <member type="way" ref="75551459" role=""/>
  <member type="way" ref="75551462" role=""/>
  <member type="way" ref="557041368" role=""/>
  <member type="way" ref="598518715" role=""/>
  <member type="way" ref="598518716" role=""/>
  <member type="way" ref="557041364" role=""/>
  <member type="way" ref="37947211" role=""/>
  <member type="way" ref="1474020585" role=""/>
  <member type="way" ref="75551447" role=""/>
  <member type="way" ref="1426880614" role=""/>
  <member type="way" ref="1426880615" role=""/>
  <member type="way" ref="1474020584" role=""/>
  <member type="way" ref="75551452" role=""/>
  <member type="way" ref="751081464" role=""/>
  <member type="way" ref="542301606" role=""/>
  <member type="way" ref="75551439" role=""/>
  <member type="way" ref="75551440" role=""/>
  <member type="way" ref="1472536994" role=""/>
  <member type="way" ref="75551441" role=""/>
  <member type="way" ref="1472536993" role=""/>
  <member type="way" ref="97592361" role=""/>
  <member type="way" ref="1300138462" role=""/>
  <member type="way" ref="254119777" role=""/>
  <member type="way" ref="1435890982" role=""/>
  <member type="way" ref="254119778" role=""/>
  <member type="way" ref="98936124" role=""/>
  <member type="way" ref="568297639" role=""/>
  <member type="way" ref="42249051" role=""/>
  <member type="way" ref="542301605" role=""/>
  <member type="way" ref="1474020583" role=""/>
  <member type="way" ref="720790630" role=""/>
  <member type="way" ref="720790628" role=""/>
  <member type="way" ref="1474020582" role=""/>
  <member type="way" ref="155582289" role=""/>
  <member type="way" ref="1472536991" role=""/>
  <member type="way" ref="1296216800" role=""/>
  <member type="way" ref="1296216799" role=""/>
  <member type="way" ref="1296216798" role=""/>
  <member type="way" ref="1472536990" role=""/>
  <member type="way" ref="1472536989" role=""/>
  <member type="way" ref="1426880619" role=""/>
  <member type="way" ref="1474020581" role=""/>
  <member type="way" ref="58939736" role=""/>
  <member type="way" ref="58939738" role=""/>
  <member type="way" ref="58939739" role=""/>
  <member type="way" ref="109260935" role=""/>
  <member type="way" ref="317502533" role=""/>
  <member type="way" ref="58939735" role=""/>
  <member type="way" ref="59150834" role=""/>
  <member type="way" ref="1472536987" role=""/>
  <member type="way" ref="284831733" role=""/>
  <member type="way" ref="1474020580" role=""/>
  <member type="way" ref="58939733" role=""/>
  <member type="way" ref="1051325785" role=""/>
  <member type="way" ref="58939732" role=""/>
  <member type="way" ref="412540152" role=""/>
  <member type="way" ref="1472536986" role=""/>
  <member type="way" ref="135743254" role=""/>
  <member type="way" ref="542301599" role=""/>
  <member type="way" ref="1474020579" role=""/>
  <member type="way" ref="58754796" role=""/>
  <member type="way" ref="1474020578" role=""/>
  <member type="way" ref="1426880621" role=""/>
  <member type="way" ref="1426880622" role=""/>
  <member type="way" ref="1472536985" role=""/>
  <member type="way" ref="35626367" role=""/>
  <member type="way" ref="232104280" role=""/>
  <member type="way" ref="232104295" role=""/>
  <member type="way" ref="1172811105" role=""/>
  <member type="way" ref="1474020577" role=""/>
  <member type="way" ref="232104301" role=""/>
  <member type="way" ref="1472536984" role=""/>
  <member type="way" ref="1172811108" role=""/>
  <member type="way" ref="1426880623" role=""/>
  <member type="way" ref="633628965" role=""/>
  <member type="way" ref="369067717" role=""/>
  <member type="way" ref="232110679" role=""/>
  <member type="way" ref="232110680" role=""/>
  <member type="way" ref="369067716" role=""/>
  <member type="way" ref="562236155" role=""/>
  <member type="way" ref="562236154" role=""/>
  <member type="way" ref="48465844" role=""/>
  <member type="way" ref="562236152" role=""/>
  <member type="way" ref="48465843" role=""/>
  <member type="way" ref="46154366" role=""/>
  <member type="way" ref="48466389" role=""/>
  <member type="way" ref="412918773" role=""/>
  <member type="way" ref="405059574" role=""/>
  <member type="way" ref="46154544" role=""/>
  <member type="way" ref="405059577" role=""/>
  <member type="way" ref="46154543" role=""/>
  <member type="way" ref="405059576" role=""/>
  <member type="way" ref="132503526" role=""/>
  <member type="way" ref="150598272" role=""/>
  <member type="way" ref="150598298" role=""/>
  <member type="way" ref="1474020576" role=""/>
  <member type="way" ref="466687411" role=""/>
  <member type="way" ref="150733447" role=""/>
  <member type="way" ref="416220416" role=""/>
  <member type="way" ref="194350240" role=""/>
  <member type="way" ref="46819348" role=""/>
  <member type="way" ref="404439393" role=""/>
  <member type="way" ref="46876310" role=""/>
  <member type="way" ref="1472864300" role=""/>
  <member type="way" ref="776918506" role=""/>
  <member type="way" ref="1151597193" role=""/>
  <member type="way" ref="1472864304" role=""/>
  <member type="way" ref="99310421" role=""/>
  <member type="way" ref="1472864348" role=""/>
  <member type="way" ref="99310402" role=""/>
  <member type="way" ref="1472864343" role=""/>
  <member type="way" ref="1472864346" role=""/>
  <member type="way" ref="46096485" role=""/>
  <member type="way" ref="13793084" role=""/>
  <member type="way" ref="1153765123" role=""/>
  <member type="way" ref="1153765122" role=""/>
  <member type="way" ref="46819475" role=""/>
  <member type="way" ref="194259916" role=""/>
  <member type="way" ref="194305565" role=""/>
  <member type="way" ref="46835626" role=""/>
  <member type="way" ref="863781840" role=""/>
  <member type="way" ref="1472864299" role=""/>
  <member type="way" ref="763040067" role=""/>
  <member type="way" ref="1472864298" role=""/>
  <member type="way" ref="1472864296" role=""/>
  <member type="way" ref="1472864297" role=""/>
  <member type="way" ref="1472864295" role=""/>
  <member type="way" ref="84457667" role=""/>
  <member type="way" ref="763040076" role=""/>
  <member type="way" ref="84457675" role=""/>
  <member type="way" ref="48489972" role=""/>
  <member type="way" ref="763040078" role=""/>
  <member type="way" ref="1166280930" role=""/>
  <member type="way" ref="1166280931" role=""/>
  <member type="way" ref="74096533" role=""/>
  <member type="way" ref="48489977" role=""/>
  <member type="way" ref="74096535" role=""/>
  <member type="way" ref="46819354" role=""/>
  <member type="way" ref="353127124" role=""/>
  <member type="way" ref="371119475" role=""/>
  <member type="way" ref="416220429" role=""/>
  <member type="way" ref="194356958" role=""/>
  <member type="way" ref="132731873" role=""/>
  <member type="way" ref="81368196" role=""/>
  <member type="way" ref="857540416" role=""/>
  <member type="way" ref="81368194" role=""/>
  <member type="way" ref="46819347" role=""/>
  <member type="way" ref="857510797" role=""/>
  <member type="way" ref="411758432" role=""/>
  <member type="way" ref="445761445" role=""/>
  <member type="way" ref="445761446" role=""/>
  <member type="way" ref="1465086793" role=""/>
  <member type="way" ref="580570366" role=""/>
  <member type="way" ref="455276518" role=""/>
  <member type="way" ref="1472864303" role=""/>
  <member type="way" ref="362228075" role=""/>
  <member type="way" ref="453996650" role=""/>
  <member type="way" ref="180770671" role=""/>
  <member type="way" ref="455276519" role=""/>
  <member type="way" ref="772877582" role=""/>
  <member type="way" ref="71519395" role=""/>
  <member type="way" ref="772904885" role=""/>
  <member type="way" ref="453996649" role=""/>
  <member type="way" ref="71519393" role=""/>
  <member type="way" ref="110028011" role=""/>
  <member type="way" ref="36054420" role=""/>
  <member type="way" ref="36054419" role=""/>
  <member type="way" ref="110024814" role=""/>
  <member type="way" ref="35973673" role=""/>
  <member type="way" ref="35973674" role=""/>
  <member type="way" ref="35398101" role=""/>
  <member type="way" ref="72097872" role=""/>
  <member type="way" ref="72097873" role=""/>
  <member type="way" ref="439694661" role=""/>
  <member type="way" ref="133133038" role=""/>
  <member type="way" ref="133133037" role=""/>
  <member type="way" ref="369861666" role=""/>
  <member type="way" ref="1322459554" role=""/>
  <member type="way" ref="1322459556" role=""/>
  <member type="way" ref="442393682" role=""/>
  <member type="way" ref="442393681" role=""/>
  <member type="way" ref="142867802" role=""/>
  <member type="way" ref="142867803" role=""/>
  <member type="way" ref="116508619" role=""/>
  <member type="way" ref="430253708" role=""/>
  <member type="way" ref="35397257" role=""/>
  <member type="way" ref="1306005175" role=""/>
  <member type="way" ref="35398756" role=""/>
  <member type="way" ref="35398755" role=""/>
  <member type="way" ref="1092912090" role=""/>
  <member type="way" ref="128254187" role=""/>
  <member type="way" ref="1356853056" role=""/>
  <member type="way" ref="1350308725" role=""/>
  <member type="way" ref="40571676" role=""/>
  <member type="way" ref="156959516" role=""/>
  <member type="way" ref="35171514" role=""/>
  <member type="way" ref="142098122" role=""/>
  <member type="way" ref="141913098" role=""/>
  <member type="way" ref="819551330" role=""/>
  <member type="way" ref="141913100" role=""/>
  <member type="way" ref="141913104" role=""/>
  <member type="way" ref="141913099" role=""/>
  <member type="way" ref="418095066" role=""/>
  <member type="way" ref="141913105" role=""/>
  <member type="way" ref="295659549" role=""/>
  <member type="way" ref="141913103" role=""/>
  <member type="way" ref="141913106" role=""/>
  <member type="way" ref="492317196" role=""/>
  <member type="way" ref="819551327" role=""/>
  <member type="way" ref="141913102" role=""/>
  <member type="way" ref="819551326" role=""/>
  <member type="way" ref="141913101" role=""/>
  <member type="way" ref="492471720" role=""/>
  <member type="way" ref="141913107" role=""/>
  <member type="way" ref="39690413" role=""/>
  <member type="way" ref="401134167" role=""/>
  <member type="way" ref="43359374" role=""/>
  <member type="way" ref="401134168" role=""/>
  <member type="way" ref="41749306" role=""/>
  <member type="way" ref="141913096" role=""/>
  <member type="way" ref="41758603" role=""/>
  <member type="way" ref="41763783" role=""/>
  <member type="way" ref="36062478" role=""/>
  <member type="way" ref="141913087" role=""/>
  <member type="way" ref="141913086" role=""/>
  <member type="way" ref="1545659153" role=""/>
  <member type="way" ref="50566216" role=""/>
  <member type="way" ref="507259188" role=""/>
  <member type="way" ref="495194465" role=""/>
  <member type="way" ref="1545659236" role=""/>
  <member type="way" ref="48765124" role=""/>
  <member type="way" ref="595874571" role=""/>
  <member type="way" ref="48765125" role=""/>
  <member type="way" ref="51426420" role=""/>
  <member type="way" ref="595874572" role=""/>
  <member type="way" ref="595874573" role=""/>
  <member type="way" ref="595874574" role=""/>
  <member type="way" ref="17325752" role=""/>
  <member type="way" ref="437843927" role=""/>
  <member type="way" ref="425261049" role=""/>
  <member type="way" ref="448146767" role=""/>
  <member type="way" ref="342883307" role=""/>
  <member type="way" ref="437538401" role=""/>
  <member type="way" ref="437843925" role=""/>
  <member type="way" ref="368274095" role=""/>
  <member type="way" ref="37976829" role=""/>
  <member type="way" ref="436339613" role=""/>
  <member type="way" ref="425261746" role=""/>
  <member type="way" ref="1220998427" role=""/>
  <member type="way" ref="39594525" role=""/>
  <member type="way" ref="141564675" role=""/>
  <member type="way" ref="1220998426" role=""/>
  <member type="way" ref="141564677" role=""/>
  <member type="way" ref="415094221" role=""/>
  <member type="way" ref="382601875" role=""/>
  <member type="way" ref="732846433" role=""/>
  <member type="way" ref="423559853" role=""/>
  <member type="way" ref="514516013" role=""/>
  <member type="way" ref="492505422" role=""/>
  <member type="way" ref="832876850" role=""/>
  <member type="way" ref="145110193" role=""/>
  <member type="way" ref="120656864" role=""/>
  <member type="way" ref="35166238" role=""/>
  <member type="way" ref="35039823" role=""/>
  <member type="way" ref="832876855" role=""/>
  <member type="way" ref="832876857" role=""/>
  <member type="way" ref="366650458" role=""/>
  <member type="way" ref="141564674" role=""/>
  <member type="way" ref="47503240" role=""/>
  <member type="way" ref="145110195" role=""/>
  <member type="way" ref="50557950" role=""/>
  <member type="way" ref="540413559" role=""/>
  <member type="way" ref="141564678" role=""/>
  <member type="way" ref="1220998425" role=""/>
  <member type="way" ref="145110196" role=""/>
  <member type="way" ref="51347481" role=""/>
  <member type="way" ref="16883205" role=""/>
  <member type="way" ref="145110194" role=""/>
  <member type="way" ref="145110197" role=""/>
  <member type="way" ref="1220998424" role=""/>
  <member type="way" ref="141564679" role=""/>
  <member type="way" ref="1220998423" role=""/>
  <member type="way" ref="39580573" role=""/>
  <member type="way" ref="1153635270" role=""/>
  <member type="way" ref="1108096743" role=""/>
  <member type="way" ref="593129275" role=""/>
  <member type="way" ref="593129274" role=""/>
  <member type="way" ref="62072908" role=""/>
  <member type="way" ref="1300930851" role=""/>
  <member type="way" ref="141950897" role=""/>
  <member type="way" ref="313456028" role=""/>
  <member type="way" ref="313456029" role=""/>
  <member type="way" ref="116093028" role=""/>
  <member type="way" ref="1227710154" role=""/>
  <member type="way" ref="1552440358" role=""/>
  <member type="way" ref="1515750662" role=""/>
  <member type="way" ref="20551536" role=""/>
  <member type="way" ref="1515750498" role=""/>
  <member type="way" ref="1552440361" role=""/>
  <member type="way" ref="1227710025" role=""/>
  <member type="way" ref="141950907" role=""/>
  <member type="way" ref="988948232" role=""/>
  <member type="way" ref="486924414" role=""/>
  <member type="way" ref="20551508" role=""/>
  <member type="way" ref="40838504" role=""/>
  <member type="way" ref="1130550706" role=""/>
  <member type="way" ref="1131093131" role=""/>
  <member type="way" ref="1497568488" role=""/>
  <member type="way" ref="50826808" role=""/>
  <member type="way" ref="40838499" role=""/>
  <member type="way" ref="125523057" role=""/>
  <member type="way" ref="1414679055" role=""/>
  <member type="way" ref="1413856666" role=""/>
  <member type="way" ref="147638669" role=""/>
  <member type="way" ref="327086847" role=""/>
  <member type="way" ref="285899575" role=""/>
  <member type="way" ref="285899574" role=""/>
  <member type="way" ref="1413856823" role=""/>
  <member type="way" ref="283592965" role=""/>
  <member type="way" ref="1393940920" role=""/>
  <member type="way" ref="1393940921" role=""/>
  <member type="way" ref="283592969" role=""/>
  <member type="way" ref="1393940922" role=""/>
  <member type="way" ref="1393940923" role=""/>
  <member type="way" ref="47416910" role=""/>
  <member type="way" ref="1393940924" role=""/>
  <member type="way" ref="315017378" role=""/>
  <member type="way" ref="20551962" role=""/>
  <member type="way" ref="384954552" role=""/>
  <member type="way" ref="946057533" role=""/>
  <member type="way" ref="384954553" role=""/>
  <member type="way" ref="1106333764" role=""/>
  <member type="way" ref="1106342224" role=""/>
  <member type="way" ref="1096185221" role=""/>
  <member type="way" ref="1106333763" role=""/>
  <member type="way" ref="1106333762" role=""/>
  <member type="way" ref="799810047" role=""/>
  <member type="way" ref="1106333761" role=""/>
  <member type="way" ref="22564885" role=""/>
  <member type="way" ref="1393940925" role=""/>
  <member type="way" ref="1393940926" role=""/>
  <member type="way" ref="22564894" role=""/>
  <member type="way" ref="20548572" role=""/>
  <member type="way" ref="50831545" role=""/>
  <member type="way" ref="20548641" role=""/>
  <member type="way" ref="141950911" role=""/>
  <member type="way" ref="141950913" role=""/>
  <member type="way" ref="20548682" role=""/>
  <member type="way" ref="542574064" role=""/>
  <member type="way" ref="160734561" role=""/>
  <member type="way" ref="36334730" role=""/>
  <member type="way" ref="84575054" role=""/>
  <member type="way" ref="20549346" role=""/>
  <member type="way" ref="50831535" role=""/>
  <member type="way" ref="20549416" role=""/>
  <member type="way" ref="20549836" role=""/>
  <member type="way" ref="142105274" role=""/>
  <member type="way" ref="50831538" role=""/>
  <member type="way" ref="231527098" role=""/>
  <member type="way" ref="754655268" role=""/>
  <member type="way" ref="285296038" role=""/>
  <member type="way" ref="29082225" role=""/>
  <member type="way" ref="22564982" role=""/>
  <member type="way" ref="285719586" role=""/>
  <member type="way" ref="285719585" role=""/>
  <member type="way" ref="55238946" role=""/>
  <member type="way" ref="55249821" role=""/>
  <member type="way" ref="55249851" role=""/>
  <member type="way" ref="22564988" role=""/>
  <member type="way" ref="230790138" role=""/>
  <member type="way" ref="230790136" role=""/>
  <member type="way" ref="230790135" role=""/>
  <member type="way" ref="143021159" role=""/>
  <member type="way" ref="36690859" role=""/>
  <member type="way" ref="179185989" role=""/>
  <member type="way" ref="179185991" role=""/>
  <member type="way" ref="179185993" role=""/>
  <member type="way" ref="315706221" role=""/>
  <member type="way" ref="413728466" role=""/>
  <member type="way" ref="549932327" role=""/>
  <member type="way" ref="1018505356" role=""/>
  <member type="way" ref="733870036" role=""/>
  <member type="way" ref="315706220" role=""/>
  <member type="way" ref="381787476" role=""/>
  <member type="way" ref="1420487594" role=""/>
  <member type="way" ref="58421998" role=""/>
  <member type="way" ref="173712345" role=""/>
  <member type="way" ref="64625951" role=""/>
  <member type="way" ref="240920773" role=""/>
  <member type="way" ref="1420487593" role=""/>
  <member type="way" ref="1426880629" role=""/>
  <member type="way" ref="231527104" role=""/>
  <member type="way" ref="316904695" role=""/>
  <member type="way" ref="1472864338" role=""/>
  <member type="way" ref="1472864340" role=""/>
  <member type="way" ref="42879152" role=""/>
  <member type="way" ref="1394115831" role=""/>
  <member type="way" ref="1394115830" role=""/>
  <member type="way" ref="1394115829" role=""/>
  <member type="way" ref="1394115832" role=""/>
  <member type="way" ref="361353013" role=""/>
  <member type="way" ref="1383223901" role=""/>
  <member type="way" ref="1383223902" role=""/>
  <member type="way" ref="354316896" role=""/>
  <member type="way" ref="1384429018" role=""/>
  <member type="way" ref="613951566" role=""/>
  <member type="way" ref="1384429021" role=""/>
  <member type="way" ref="613951568" role=""/>
  <member type="way" ref="700675339" role=""/>
  <member type="way" ref="51677317" role=""/>
  <member type="way" ref="42915198" role=""/>
  <member type="way" ref="42914134" role=""/>
  <member type="way" ref="1472864302" role=""/>
  <member type="way" ref="613954779" role=""/>
  <member type="way" ref="700712816" role=""/>
  <member type="way" ref="613954777" role=""/>
  <member type="way" ref="1472864301" role=""/>
  <member type="way" ref="700712813" role=""/>
  <member type="way" ref="37137597" role=""/>
  <member type="way" ref="92962640" role=""/>
  <member type="way" ref="61595156" role=""/>
  <member type="way" ref="61595157" role=""/>
  <member type="way" ref="94600194" role=""/>
  <member type="way" ref="65610663" role=""/>
  <member type="way" ref="94600126" role=""/>
  <member type="way" ref="50341224" role=""/>
  <member type="way" ref="40122890" role=""/>
  <member type="way" ref="700717490" role=""/>
  <member type="way" ref="40137687" role=""/>
  <member type="way" ref="1420487583" role=""/>
  <member type="way" ref="40137682" role=""/>
  <member type="way" ref="40129584" role=""/>
  <member type="way" ref="40129590" role=""/>
  <member type="way" ref="1420487592" role=""/>
  <member type="way" ref="40122895" role=""/>
  <member type="way" ref="1420487568" role=""/>
  <member type="way" ref="1420487569" role=""/>
  <member type="way" ref="1066355910" role=""/>
  <member type="way" ref="40122912" role=""/>
  <member type="way" ref="40122914" role=""/>
  <member type="way" ref="1472864336" role=""/>
  <member type="way" ref="166967651" role=""/>
  <member type="way" ref="166967652" role=""/>
  <member type="way" ref="166967648" role=""/>
  <member type="way" ref="116942442" role=""/>
  <member type="way" ref="788447973" role=""/>
  <member type="way" ref="51439459" role=""/>
  <member type="way" ref="51439460" role=""/>
  <member type="way" ref="101175361" role=""/>
  <member type="way" ref="51262450" role=""/>
  <member type="way" ref="86285988" role=""/>
  <member type="way" ref="1427039213" role=""/>
  <member type="way" ref="127575179" role=""/>
  <member type="way" ref="115892284" role=""/>
  <member type="way" ref="115892293" role=""/>
  <member type="way" ref="86258293" role=""/>
  <member type="way" ref="128827461" role=""/>
  <member type="way" ref="135267806" role=""/>
  <member type="way" ref="86286155" role=""/>
  <member type="way" ref="167536281" role=""/>
  <member type="way" ref="64942578" role=""/>
  <member type="way" ref="125885455" role=""/>
  <member type="way" ref="549932323" role=""/>
  <member type="way" ref="61329046" role=""/>
  <member type="way" ref="61329047" role=""/>
  <member type="way" ref="125889506" role=""/>
  <member type="way" ref="47184203" role=""/>
  <member type="way" ref="782616335" role=""/>
  <member type="way" ref="99093260" role=""/>
  <member type="way" ref="1426880626" role=""/>
  <member type="way" ref="172917584" role=""/>
  <member type="way" ref="1472864327" role=""/>
  <member type="way" ref="1472864333" role=""/>
  <member type="way" ref="284082674" role=""/>
  <member type="way" ref="284082670" role=""/>
  <member type="way" ref="110757204" role=""/>
  <member type="way" ref="284082668" role=""/>
  <member type="way" ref="1472864326" role=""/>
  <member type="way" ref="1472864328" role=""/>
  <member type="way" ref="1472864329" role=""/>
  <member type="way" ref="1472864330" role=""/>
  <member type="way" ref="50217145" role=""/>
  <member type="way" ref="509925886" role=""/>
  <member type="way" ref="384699248" role=""/>
  <member type="way" ref="1472864325" role=""/>
  <member type="way" ref="491951721" role=""/>
  <member type="way" ref="1474020572" role=""/>
  <member type="way" ref="174626432" role=""/>
  <member type="way" ref="201735196" role=""/>
  <member type="way" ref="275509841" role=""/>
  <member type="way" ref="201735193" role=""/>
  <member type="way" ref="201735199" role=""/>
  <member type="way" ref="384699247" role=""/>
  <member type="way" ref="201735191" role=""/>
  <member type="way" ref="492968085" role=""/>
  <member type="way" ref="1426901075" role=""/>
  <member type="way" ref="1472864322" role=""/>
  <member type="way" ref="1472864323" role=""/>
  <member type="way" ref="493240442" role=""/>
  <member type="way" ref="384650984" role=""/>
  <member type="way" ref="77618434" role=""/>
  <member type="way" ref="37130586" role=""/>
  <member type="way" ref="1472864320" role=""/>
  <member type="way" ref="781680390" role=""/>
  <member type="way" ref="1426901073" role=""/>
  <member type="way" ref="224111982" role=""/>
  <member type="way" ref="224111981" role=""/>
  <member type="way" ref="1474020570" role=""/>
  <member type="way" ref="37140606" role=""/>
  <member type="way" ref="336192176" role=""/>
  <member type="way" ref="780530349" role=""/>
  <member type="way" ref="175843200" role=""/>
  <member type="way" ref="118420347" role=""/>
  <member type="way" ref="118420346" role=""/>
  <member type="way" ref="43912832" role=""/>
  <member type="way" ref="118419967" role=""/>
  <member type="way" ref="118419964" role=""/>
  <member type="way" ref="118419966" role=""/>
  <member type="way" ref="118419965" role=""/>
  <member type="way" ref="1472864318" role=""/>
  <member type="way" ref="556842609" role=""/>
  <member type="way" ref="556047359" role=""/>
  <member type="way" ref="556047360" role=""/>
  <member type="way" ref="67864944" role=""/>
  <member type="way" ref="542433704" role=""/>
  <member type="way" ref="1472864316" role=""/>
  <member type="way" ref="1472864315" role=""/>
  <member type="way" ref="124779414" role=""/>
  <member type="way" ref="787501068" role=""/>
  <member type="way" ref="67864914" role=""/>
  <member type="way" ref="1472864312" role=""/>
  <member type="way" ref="781684664" role=""/>
  <member type="way" ref="978014279" role=""/>
  <member type="way" ref="1016446465" role=""/>
  <member type="way" ref="67864897" role=""/>
  <member type="way" ref="781680870" role=""/>
  <member type="way" ref="978012542" role=""/>
  <member type="way" ref="38619668" role=""/>
  <member type="way" ref="67868647" role=""/>
  <member type="way" ref="67868664" role=""/>
  <member type="way" ref="788446768" role=""/>
  <member type="way" ref="788446771" role=""/>
  <member type="way" ref="123936493" role=""/>
  <member type="way" ref="1436375205" role=""/>
  <member type="way" ref="65012599" role=""/>
  <member type="way" ref="108485927" role=""/>
  <member type="way" ref="100432958" role=""/>
  <member type="way" ref="102191026" role=""/>
  <member type="way" ref="102191025" role=""/>
  <member type="way" ref="100438179" role=""/>
  <member type="way" ref="100438178" role=""/>
  <member type="way" ref="176232074" role=""/>
  <member type="way" ref="1426901071" role=""/>
  <member type="way" ref="101647473" role=""/>
  <member type="way" ref="176232075" role=""/>
  <member type="way" ref="38724654" role=""/>
  <member type="way" ref="624058190" role=""/>
  <member type="way" ref="67499114" role=""/>
  <member type="way" ref="787556961" role=""/>
  <member type="way" ref="1436373832" role=""/>
  <member type="way" ref="1436373830" role=""/>
  <member type="way" ref="1436373831" role=""/>
  <member type="way" ref="781681656" role=""/>
  <member type="way" ref="440149854" role=""/>
  <member type="way" ref="180658150" role=""/>
  <member type="way" ref="1305676948" role=""/>
  <member type="way" ref="180658143" role=""/>
  <member type="way" ref="180658145" role=""/>
  <member type="way" ref="180658139" role=""/>
  <member type="way" ref="180658148" role=""/>
  <member type="way" ref="1473252917" role=""/>
  <member type="way" ref="624058188" role=""/>
  <member type="way" ref="751338218" role=""/>
  <member type="way" ref="180658158" role=""/>
  <member type="way" ref="180659865" role=""/>
  <member type="way" ref="180659874" role=""/>
  <member type="way" ref="751338566" role=""/>
  <member type="way" ref="362816041" role=""/>
  <member type="way" ref="1181970929" role=""/>
  <member type="way" ref="1474020568" role=""/>
  <member type="way" ref="315800451" role=""/>
  <member type="way" ref="258135594" role=""/>
  <member type="way" ref="362816948" role=""/>
  <member type="way" ref="94901529" role=""/>
  <member type="way" ref="115452712" role=""/>
  <member type="way" ref="94728729" role=""/>
  <member type="way" ref="116825158" role=""/>
  <member type="way" ref="94901501" role=""/>
  <member type="way" ref="94901528" role=""/>
  <member type="way" ref="1473252916" role=""/>
  <member type="way" ref="116913338" role=""/>
  <member type="way" ref="174871251" role=""/>
  <member type="way" ref="117928783" role=""/>
  <member type="way" ref="116913337" role=""/>
  <member type="way" ref="116913330" role=""/>
  <member type="way" ref="362819097" role=""/>
  <member type="way" ref="295688658" role=""/>
  <member type="way" ref="116914663" role=""/>
  <member type="way" ref="1426901070" role=""/>
  <member type="way" ref="328724350" role=""/>
  <member type="way" ref="328724348" role=""/>
  <member type="way" ref="174963136" role=""/>
  <member type="way" ref="1426901069" role=""/>
  <member type="way" ref="1012553112" role=""/>
  <member type="way" ref="1473252915" role=""/>
  <member type="way" ref="47390128" role=""/>
  <member type="way" ref="1012553111" role=""/>
  <member type="way" ref="1426901067" role=""/>
  <member type="way" ref="728027323" role=""/>
  <member type="way" ref="101649986" role=""/>
  <member type="way" ref="1018990599" role=""/>
  <member type="way" ref="1301081537" role=""/>
  <member type="way" ref="115403126" role=""/>
  <member type="way" ref="115403137" role=""/>
  <member type="way" ref="116823148" role=""/>
  <member type="way" ref="124083013" role=""/>
  <member type="way" ref="170690259" role=""/>
  <member type="way" ref="675150799" role=""/>
  <member type="way" ref="1473252900" role=""/>
  <member type="way" ref="1473252899" role=""/>
  <member type="way" ref="675150798" role=""/>
  <member type="way" ref="225540760" role=""/>
  <member type="way" ref="1473252910" role=""/>
  <member type="way" ref="327721565" role=""/>
  <member type="way" ref="327719611" role=""/>
  <member type="way" ref="327719612" role=""/>
  <member type="way" ref="124083021" role=""/>
  <member type="way" ref="107169843" role=""/>
  <member type="way" ref="116454206" role=""/>
  <member type="way" ref="292909121" role=""/>
  <member type="way" ref="428269778" role=""/>
  <member type="way" ref="796249152" role=""/>
  <member type="way" ref="428269781" role=""/>
  <member type="way" ref="1473252909" role=""/>
  <member type="way" ref="292909145" role=""/>
  <member type="way" ref="116454205" role=""/>
  <member type="way" ref="1051495400" role=""/>
  <member type="way" ref="966968897" role=""/>
  <member type="way" ref="966968898" role=""/>
  <member type="way" ref="1051484402" role=""/>
  <member type="way" ref="1051499631" role=""/>
  <member type="way" ref="445177128" role=""/>
  <member type="way" ref="1051499632" role=""/>
  <member type="way" ref="1473252907" role=""/>
  <member type="way" ref="124083024" role=""/>
  <member type="way" ref="326182435" role=""/>
  <member type="way" ref="1473252905" role=""/>
  <member type="way" ref="1473252906" role=""/>
  <member type="way" ref="1473252904" role=""/>
  <member type="way" ref="1473252903" role=""/>
  <member type="way" ref="910304603" role=""/>
  <member type="way" ref="1056681175" role=""/>
  <member type="way" ref="275529626" role=""/>
  <member type="way" ref="1444093849" role=""/>
  <member type="way" ref="486511952" role=""/>
  <member type="way" ref="415601579" role=""/>
  <member type="way" ref="384730981" role=""/>
  <member type="way" ref="187779503" role=""/>
  <member type="way" ref="376553394" role=""/>
  <member type="way" ref="187922386" role=""/>
  <member type="way" ref="302923621" role=""/>
  <member type="way" ref="187779834" role=""/>
  <member type="way" ref="856863342" role=""/>
  <member type="way" ref="856835567" role=""/>
  <member type="way" ref="783880800" role=""/>
  <member type="way" ref="783880794" role=""/>
  <member type="way" ref="783880796" role=""/>
  <member type="way" ref="783880793" role=""/>
  <member type="way" ref="783880798" role=""/>
  <member type="way" ref="783880799" role=""/>
  <member type="way" ref="783880797" role=""/>
  <member type="way" ref="783880795" role=""/>
  <member type="way" ref="783880792" role=""/>
  <member type="way" ref="783880791" role=""/>
  <member type="way" ref="783880781" role=""/>
  <member type="way" ref="783880784" role=""/>
  <member type="way" ref="783880780" role=""/>
  <member type="way" ref="783880776" role=""/>
  <member type="way" ref="783880777" role=""/>
  <member type="way" ref="783880779" role=""/>
  <member type="way" ref="783880783" role=""/>
  <member type="way" ref="783880775" role=""/>
  <member type="way" ref="783880782" role=""/>
  <member type="way" ref="783880778" role=""/>
  <member type="way" ref="783880774" role=""/>
  <member type="way" ref="99065121" role=""/>
  <member type="way" ref="1473252902" role=""/>
  <member type="way" ref="99065130" role=""/>
  <member type="way" ref="816466455" role=""/>
  <member type="way" ref="42118011" role=""/>
  <member type="way" ref="177503756" role=""/>
  <member type="way" ref="245269729" role=""/>
  <member type="way" ref="668593089" role=""/>
  <member type="way" ref="245269730" role=""/>
  <member type="way" ref="235645814" role=""/>
  <member type="way" ref="235645166" role=""/>
  <member type="way" ref="43832128" role=""/>
  <member type="way" ref="245269728" role=""/>
  <member type="way" ref="22730497" role=""/>
  <member type="way" ref="245269727" role=""/>
  <member type="way" ref="43832134" role=""/>
  <member type="way" ref="858415798" role=""/>
  <member type="way" ref="231826633" role=""/>
  <member type="way" ref="942768217" role=""/>
  <member type="way" ref="235648335" role=""/>
  <member type="way" ref="22730499" role=""/>
  <member type="way" ref="48674958" role=""/>
  <member type="way" ref="302758848" role=""/>
  <member type="way" ref="248297280" role=""/>
  <tag k="alt_name" v="Главный Сибирский почтовый тракт;Большой Сибирский тракт;Большой тракт;Великий тракт;Царская дорога;Сибирская дорога;Московско-Иркутский тракт;Московско-Сибирский тракт;Осьмая государственная дорога;Екатерининский тракт"/>
  <tag k="alt_name:mrj" v="Когорны"/>
  <tag k="historic" v="road"/>
  <tag k="name" v="Сибирский тракт"/>
  <tag k="name:cv" v="Ҫӗпӗр ҫулӗ"/>
  <tag k="name:mrj" v="Кӹтьӹри корны"/>
  <tag k="note" v="Отношение находится в стадии создания"/>
  <tag k="route" v="historic"/>
  <tag k="type" v="route"/>
  <tag k="wikidata" v="Q948601"/>
  <tag k="wikipedia" v="ru:Сибирский тракт"/>
 </relation>
</osm>
