<?xml version="1.0" encoding="UTF-8"?>
<osm version="0.6" generator="openstreetmap-cgimap 2.1.0 (244700 spike-07.openstreetmap.org)" copyright="OpenStreetMap and contributors" attribution="http://www.openstreetmap.org/copyright" license="http://opendatacommons.org/licenses/odbl/1-0/">
 <bounds minlat="55.7129238" minlon="37.6260586" maxlat="55.7156188" maxlon="37.6308426"/>
 <node id="253633093" visible="true" version="5" changeset="159328111" timestamp="2024-11-19T14:54:09Z" user="literan" uid="830106" lat="55.7133893" lon="37.6274689"/>
 <node id="253633094" visible="true" version="4" changeset="159328111" timestamp="2024-11-19T14:54:09Z" user="literan" uid="830106" lat="55.7143091" lon="37.6275193"/>
 <node id="253633095" visible="true" version="3" changeset="110005290" timestamp="2021-08-20T20:25:32Z" user="LexIgnatov" uid="316868" lat="55.7151756" lon="37.6278658"/>
 <node id="253633096" visible="true" version="6" changeset="153894304" timestamp="2024-07-13T13:46:13Z" user="Korovan15" uid="20069629" lat="55.7153262" lon="37.6278784">
  <tag k="crossing" v="uncontrolled"/>
  <tag k="crossing:island" v="no"/>
  <tag k="highway" v="crossing"/>
  <tag k="tactile_paving" v="no"/>
 </node>
 <node id="253633097" visible="true" version="3" changeset="25223227" timestamp="2014-09-04T10:39:11Z" user="Junglist" uid="476819" lat="55.7173402" lon="37.6276303"/>
 <node id="253633499" visible="true" version="4" changeset="135707721" timestamp="2023-05-04T16:00:52Z" user="Bobropiton" uid="2055718" lat="55.7169118" lon="37.6276402"/>
 <node id="331532209" visible="true" version="4" changeset="159328111" timestamp="2024-11-19T14:54:09Z" user="literan" uid="830106" lat="55.7139056" lon="37.6274927"/>
 <node id="331532212" visible="true" version="2" changeset="159328111" timestamp="2024-11-19T14:54:09Z" user="literan" uid="830106" lat="55.7139375" lon="37.6259219"/>
 <node id="331532214" visible="true" version="4" changeset="159328111" timestamp="2024-11-19T14:54:09Z" user="literan" uid="830106" lat="55.7142407" lon="37.6246142"/>
 <node id="331532219" visible="true" version="7" changeset="159328111" timestamp="2024-11-19T14:54:09Z" user="literan" uid="830106" lat="55.7131473" lon="37.6274482"/>
 <node id="331532223" visible="true" version="1" changeset="779309" timestamp="2009-01-12T19:04:46Z" user="KekcuHa" uid="30590" lat="55.7122000" lon="37.6299385"/>
 <node id="365401198" visible="true" version="7" changeset="53586485" timestamp="2017-11-07T16:53:51Z" user="literan" uid="830106" lat="55.7148114" lon="37.6260070"/>
 <node id="365401202" visible="true" version="6" changeset="53586485" timestamp="2017-11-07T16:53:51Z" user="literan" uid="830106" lat="55.7147634" lon="37.6262201"/>
 <node id="365401241" visible="true" version="6" changeset="53586485" timestamp="2017-11-07T16:53:51Z" user="literan" uid="830106" lat="55.7144303" lon="37.6259835"/>
 <node id="365401244" visible="true" version="6" changeset="53586485" timestamp="2017-11-07T16:53:51Z" user="literan" uid="830106" lat="55.7144787" lon="37.6257708"/>
 <node id="365401246" visible="true" version="9" changeset="65138741" timestamp="2018-12-03T20:57:40Z" user="Echo78" uid="4292789" lat="55.7147060" lon="37.6267967"/>
 <node id="365401249" visible="true" version="8" changeset="65138741" timestamp="2018-12-03T20:57:40Z" user="Echo78" uid="4292789" lat="55.7147048" lon="37.6270290"/>
 <node id="365401251" visible="true" version="7" changeset="65138741" timestamp="2018-12-03T20:57:40Z" user="Echo78" uid="4292789" lat="55.7143772" lon="37.6270237"/>
 <node id="365401254" visible="true" version="7" changeset="65138741" timestamp="2018-12-03T20:57:40Z" user="Echo78" uid="4292789" lat="55.7143795" lon="37.6267915"/>
 <node id="365401257" visible="true" version="2" changeset="25223227" timestamp="2014-09-04T10:39:12Z" user="Junglist" uid="476819" lat="55.7170841" lon="37.6268347"/>
 <node id="365401262" visible="true" version="2" changeset="25223227" timestamp="2014-09-04T10:39:12Z" user="Junglist" uid="476819" lat="55.7173931" lon="37.6274948"/>
 <node id="365401268" visible="true" version="2" changeset="25223227" timestamp="2014-09-04T10:39:12Z" user="Junglist" uid="476819" lat="55.7152723" lon="37.6277431"/>
 <node id="365401290" visible="true" version="2" changeset="25223227" timestamp="2014-09-04T10:39:12Z" user="Junglist" uid="476819" lat="55.7155313" lon="37.6257871"/>
 <node id="365401319" visible="true" version="2" changeset="53586485" timestamp="2017-11-07T16:53:51Z" user="literan" uid="830106" lat="55.7149030" lon="37.6273313"/>
 <node id="365401341" visible="true" version="2" changeset="53586485" timestamp="2017-11-07T16:53:51Z" user="literan" uid="830106" lat="55.7149048" lon="37.6267569"/>
 <node id="365401344" visible="true" version="2" changeset="6602617" timestamp="2010-12-10T07:41:37Z" user="Zkir" uid="100812" lat="55.7151065" lon="37.6254549"/>
 <node id="599065167" visible="true" version="1" changeset="3445261" timestamp="2009-12-24T22:03:02Z" user="Alexey Guseynov" uid="205137" lat="55.7154045" lon="37.6261981"/>
 <node id="599065168" visible="true" version="2" changeset="25223227" timestamp="2014-09-04T10:39:14Z" user="Junglist" uid="476819" lat="55.7153575" lon="37.6264372"/>
 <node id="728855848" visible="true" version="3" changeset="83713392" timestamp="2020-04-17T14:52:05Z" user="Silka123" uid="419641" lat="55.7145651" lon="37.6287579"/>
 <node id="728855853" visible="true" version="3" changeset="83713392" timestamp="2020-04-17T14:52:05Z" user="Silka123" uid="419641" lat="55.7138219" lon="37.6279934"/>
 <node id="728855856" visible="true" version="2" changeset="83713392" timestamp="2020-04-17T14:52:05Z" user="Silka123" uid="419641" lat="55.7148387" lon="37.6301930"/>
 <node id="728855859" visible="true" version="2" changeset="83713392" timestamp="2020-04-17T14:52:05Z" user="Silka123" uid="419641" lat="55.7139648" lon="37.6301358"/>
 <node id="728855862" visible="true" version="3" changeset="83713392" timestamp="2020-04-17T14:52:05Z" user="Silka123" uid="419641" lat="55.7137007" lon="37.6282776"/>
 <node id="728855868" visible="true" version="2" changeset="83713392" timestamp="2020-04-17T14:52:05Z" user="Silka123" uid="419641" lat="55.7130118" lon="37.6299885"/>
 <node id="728855869" visible="true" version="2" changeset="83713392" timestamp="2020-04-17T14:52:05Z" user="Silka123" uid="419641" lat="55.7136954" lon="37.6304319"/>
 <node id="728855873" visible="true" version="2" changeset="83713392" timestamp="2020-04-17T14:52:05Z" user="Silka123" uid="419641" lat="55.7132544" lon="37.6296649"/>
 <node id="728855876" visible="true" version="3" changeset="83713392" timestamp="2020-04-17T14:52:05Z" user="Silka123" uid="419641" lat="55.7150771" lon="37.6285500"/>
 <node id="728855885" visible="true" version="2" changeset="83713392" timestamp="2020-04-17T14:52:05Z" user="Silka123" uid="419641" lat="55.7137520" lon="37.6285507"/>
 <node id="728855887" visible="true" version="5" changeset="83713392" timestamp="2020-04-17T14:52:05Z" user="Silka123" uid="419641" lat="55.7143128" lon="37.6286633"/>
 <node id="728855901" visible="true" version="2" changeset="83713392" timestamp="2020-04-17T14:52:05Z" user="Silka123" uid="419641" lat="55.7151432" lon="37.6294185"/>
 <node id="728855911" visible="true" version="2" changeset="83713392" timestamp="2020-04-17T14:52:05Z" user="Silka123" uid="419641" lat="55.7130959" lon="37.6299943"/>
 <node id="728855919" visible="true" version="2" changeset="83713392" timestamp="2020-04-17T14:52:05Z" user="Silka123" uid="419641" lat="55.7134017" lon="37.6296756"/>
 <node id="728855926" visible="true" version="4" changeset="83713392" timestamp="2020-04-17T14:52:05Z" user="Silka123" uid="419641" lat="55.7143016" lon="37.6291232"/>
 <node id="728855934" visible="true" version="3" changeset="83713392" timestamp="2020-04-17T14:52:05Z" user="Silka123" uid="419641" lat="55.7149682" lon="37.6305140"/>
 <node id="728855940" visible="true" version="2" changeset="83713392" timestamp="2020-04-17T14:52:05Z" user="Silka123" uid="419641" lat="55.7151159" lon="37.6296800"/>
 <node id="728855958" visible="true" version="3" changeset="83713392" timestamp="2020-04-17T14:52:05Z" user="Silka123" uid="419641" lat="55.7136926" lon="37.6284348"/>
 <node id="728855960" visible="true" version="5" changeset="83713392" timestamp="2020-04-17T14:52:05Z" user="Silka123" uid="419641" lat="55.7141570" lon="37.6290682"/>
 <node id="728855978" visible="true" version="3" changeset="83713392" timestamp="2020-04-17T14:52:05Z" user="Silka123" uid="419641" lat="55.7135201" lon="37.6280561"/>
 <node id="728855984" visible="true" version="2" changeset="83713392" timestamp="2020-04-17T14:52:05Z" user="Silka123" uid="419641" lat="55.7154841" lon="37.6298021"/>
 <node id="728855992" visible="true" version="2" changeset="83713392" timestamp="2020-04-17T14:52:05Z" user="Silka123" uid="419641" lat="55.7140069" lon="37.6297373"/>
 <node id="728856002" visible="true" version="3" changeset="83713392" timestamp="2020-04-17T14:52:05Z" user="Silka123" uid="419641" lat="55.7135447" lon="37.6284121"/>
 <node id="728856003" visible="true" version="4" changeset="83713392" timestamp="2020-04-17T14:52:05Z" user="Silka123" uid="419641" lat="55.7152476" lon="37.6281128"/>
 <node id="728856009" visible="true" version="3" changeset="99514976" timestamp="2021-02-18T10:33:28Z" user="Echo78" uid="4292789" lat="55.7129636" lon="37.6285331"/>
 <node id="728856012" visible="true" version="3" changeset="83713392" timestamp="2020-04-17T14:52:05Z" user="Silka123" uid="419641" lat="55.7135622" lon="37.6280567"/>
 <node id="728856023" visible="true" version="2" changeset="83713392" timestamp="2020-04-17T14:52:05Z" user="Silka123" uid="419641" lat="55.7136385" lon="37.6286766"/>
 <node id="728856028" visible="true" version="3" changeset="83713392" timestamp="2020-04-17T14:52:05Z" user="Silka123" uid="419641" lat="55.7148813" lon="37.6311929"/>
 <node id="728856035" visible="true" version="2" changeset="83713392" timestamp="2020-04-17T14:52:05Z" user="Silka123" uid="419641" lat="55.7127224" lon="37.6296263"/>
 <node id="728856043" visible="true" version="3" changeset="83713392" timestamp="2020-04-17T14:52:05Z" user="Silka123" uid="419641" lat="55.7135525" lon="37.6282550"/>
 <node id="728856050" visible="true" version="2" changeset="83713392" timestamp="2020-04-17T14:52:05Z" user="Silka123" uid="419641" lat="55.7136961" lon="37.6310680"/>
 <node id="728856063" visible="true" version="3" changeset="83713392" timestamp="2020-04-17T14:52:05Z" user="Silka123" uid="419641" lat="55.7135627" lon="37.6279855"/>
 <node id="728856098" visible="true" version="2" changeset="83713392" timestamp="2020-04-17T14:52:05Z" user="Silka123" uid="419641" lat="55.7136726" lon="37.6285008"/>
 <node id="728856101" visible="true" version="2" changeset="83713392" timestamp="2020-04-17T14:52:05Z" user="Silka123" uid="419641" lat="55.7131275" lon="37.6294028"/>
 <node id="728856106" visible="true" version="3" changeset="83713392" timestamp="2020-04-17T14:52:05Z" user="Silka123" uid="419641" lat="55.7147571" lon="37.6311438"/>
 <node id="728856111" visible="true" version="3" changeset="83713392" timestamp="2020-04-17T14:52:05Z" user="Silka123" uid="419641" lat="55.7138244" lon="37.6277179"/>
 <node id="728856118" visible="true" version="2" changeset="83713392" timestamp="2020-04-17T14:52:05Z" user="Silka123" uid="419641" lat="55.7128722" lon="37.6296369"/>
 <node id="728856122" visible="true" version="2" changeset="83713392" timestamp="2020-04-17T14:52:05Z" user="Silka123" uid="419641" lat="55.7148631" lon="37.6299768"/>
 <node id="728856125" visible="true" version="2" changeset="83713392" timestamp="2020-04-17T14:52:05Z" user="Silka123" uid="419641" lat="55.7140842" lon="37.6301846"/>
 <node id="728856131" visible="true" version="2" changeset="83713392" timestamp="2020-04-17T14:52:05Z" user="Silka123" uid="419641" lat="55.7135207" lon="37.6310125"/>
 <node id="728856133" visible="true" version="3" changeset="83713392" timestamp="2020-04-17T14:52:05Z" user="Silka123" uid="419641" lat="55.7134228" lon="37.6277065"/>
 <node id="728856134" visible="true" version="3" changeset="83713392" timestamp="2020-04-17T14:52:05Z" user="Silka123" uid="419641" lat="55.7150334" lon="37.6289107"/>
 <node id="728856139" visible="true" version="2" changeset="83713392" timestamp="2020-04-17T14:52:05Z" user="Silka123" uid="419641" lat="55.7137173" lon="37.6301455"/>
 <node id="728856145" visible="true" version="3" changeset="83713392" timestamp="2020-04-17T14:52:05Z" user="Silka123" uid="419641" lat="55.7136615" lon="37.6279885"/>
 <node id="728856162" visible="true" version="2" changeset="83713392" timestamp="2020-04-17T14:52:05Z" user="Silka123" uid="419641" lat="55.7131310" lon="37.6292546"/>
 <node id="728856166" visible="true" version="3" changeset="83713392" timestamp="2020-04-17T14:52:05Z" user="Silka123" uid="419641" lat="55.7148431" lon="37.6304645"/>
 <node id="728856169" visible="true" version="3" changeset="99514976" timestamp="2021-02-18T10:33:28Z" user="Echo78" uid="4292789" lat="55.7129607" lon="37.6287860"/>
 <node id="728856175" visible="true" version="2" changeset="83713392" timestamp="2020-04-17T14:52:05Z" user="Silka123" uid="419641" lat="55.7128745" lon="37.6295305"/>
 <node id="728856180" visible="true" version="2" changeset="83713392" timestamp="2020-04-17T14:52:05Z" user="Silka123" uid="419641" lat="55.7136925" lon="37.6305814"/>
 <node id="728856187" visible="true" version="2" changeset="83713392" timestamp="2020-04-17T14:52:05Z" user="Silka123" uid="419641" lat="55.7131009" lon="37.6297900"/>
 <node id="728856192" visible="true" version="2" changeset="83713392" timestamp="2020-04-17T14:52:05Z" user="Silka123" uid="419641" lat="55.7135758" lon="37.6305388"/>
 <node id="728856195" visible="true" version="3" changeset="83713392" timestamp="2020-04-17T14:52:05Z" user="Silka123" uid="419641" lat="55.7133159" lon="37.6280125"/>
 <node id="728856196" visible="true" version="3" changeset="83713392" timestamp="2020-04-17T14:52:05Z" user="Silka123" uid="419641" lat="55.7147228" lon="37.6288143"/>
 <node id="728856208" visible="true" version="3" changeset="83713392" timestamp="2020-04-17T14:52:05Z" user="Silka123" uid="419641" lat="55.7136609" lon="37.6280620"/>
 <node id="728856211" visible="true" version="2" changeset="83713392" timestamp="2020-04-17T14:52:05Z" user="Silka123" uid="419641" lat="55.7123884" lon="37.6323523"/>
 <node id="728856217" visible="true" version="2" changeset="83713392" timestamp="2020-04-17T14:52:05Z" user="Silka123" uid="419641" lat="55.7134086" lon="37.6293984"/>
 <node id="728856227" visible="true" version="2" changeset="83713392" timestamp="2020-04-17T14:52:05Z" user="Silka123" uid="419641" lat="55.7130110" lon="37.6292463"/>
 <node id="728856231" visible="true" version="3" changeset="99514976" timestamp="2021-02-18T10:33:28Z" user="Echo78" uid="4292789" lat="55.7134532" lon="37.6288038"/>
 <node id="728856235" visible="true" version="2" changeset="83713392" timestamp="2020-04-17T14:52:05Z" user="Silka123" uid="419641" lat="55.7129696" lon="37.6295745"/>
 <node id="728856237" visible="true" version="4" changeset="83713392" timestamp="2020-04-17T14:52:05Z" user="Silka123" uid="419641" lat="55.7152964" lon="37.6284972"/>
 <node id="728856246" visible="true" version="2" changeset="83713392" timestamp="2020-04-17T14:52:05Z" user="Silka123" uid="419641" lat="55.7131287" lon="37.6297919"/>
 <node id="728856254" visible="true" version="3" changeset="83713392" timestamp="2020-04-17T14:52:05Z" user="Silka123" uid="419641" lat="55.7135203" lon="37.6280198"/>
 <node id="728856256" visible="true" version="3" changeset="83713392" timestamp="2020-04-17T14:52:05Z" user="Silka123" uid="419641" lat="55.7146991" lon="37.6289368"/>
 <node id="728856261" visible="true" version="2" changeset="83713392" timestamp="2020-04-17T14:52:05Z" user="Silka123" uid="419641" lat="55.7139782" lon="37.6299896"/>
 <node id="728856263" visible="true" version="2" changeset="83713392" timestamp="2020-04-17T14:52:05Z" user="Silka123" uid="419641" lat="55.7136490" lon="37.6296088"/>
 <node id="728856265" visible="true" version="3" changeset="83713392" timestamp="2020-04-17T14:52:05Z" user="Silka123" uid="419641" lat="55.7137104" lon="37.6280632"/>
 <node id="728856269" visible="true" version="2" changeset="83713392" timestamp="2020-04-17T14:52:05Z" user="Silka123" uid="419641" lat="55.7156684" lon="37.6302616"/>
 <node id="728856271" visible="true" version="2" changeset="83713392" timestamp="2020-04-17T14:52:05Z" user="Silka123" uid="419641" lat="55.7140066" lon="37.6307916"/>
 <node id="728856280" visible="true" version="5" changeset="83713392" timestamp="2020-04-17T14:52:05Z" user="Silka123" uid="419641" lat="55.7142969" lon="37.6282561"/>
 <node id="728856283" visible="true" version="2" changeset="83713392" timestamp="2020-04-17T14:52:05Z" user="Silka123" uid="419641" lat="55.7130078" lon="37.6293937"/>
 <node id="728856287" visible="true" version="3" changeset="99514976" timestamp="2021-02-18T10:33:28Z" user="Echo78" uid="4292789" lat="55.7134561" lon="37.6285508"/>
 <node id="728856292" visible="true" version="2" changeset="83713392" timestamp="2020-04-17T14:52:05Z" user="Silka123" uid="419641" lat="55.7129946" lon="37.6298129"/>
 <node id="728856294" visible="true" version="2" changeset="83713392" timestamp="2020-04-17T14:52:05Z" user="Silka123" uid="419641" lat="55.7136107" lon="37.6301199"/>
 <node id="728856296" visible="true" version="4" changeset="83713392" timestamp="2020-04-17T14:52:05Z" user="Silka123" uid="419641" lat="55.7152092" lon="37.6284674"/>
 <node id="728856303" visible="true" version="2" changeset="83713392" timestamp="2020-04-17T14:52:05Z" user="Silka123" uid="419641" lat="55.7131411" lon="37.6295521"/>
 <node id="728856305" visible="true" version="2" changeset="83713392" timestamp="2020-04-17T14:52:05Z" user="Silka123" uid="419641" lat="55.7155109" lon="37.6295515"/>
 <node id="728856309" visible="true" version="3" changeset="83713392" timestamp="2020-04-17T14:52:05Z" user="Silka123" uid="419641" lat="55.7145497" lon="37.6288832"/>
 <node id="728856311" visible="true" version="2" changeset="83713392" timestamp="2020-04-17T14:52:05Z" user="Silka123" uid="419641" lat="55.7136201" lon="37.6298607"/>
 <node id="728856314" visible="true" version="3" changeset="83713392" timestamp="2020-04-17T14:52:05Z" user="Silka123" uid="419641" lat="55.7137109" lon="37.6279906"/>
 <node id="728856315" visible="true" version="2" changeset="83713392" timestamp="2020-04-17T14:52:05Z" user="Silka123" uid="419641" lat="55.7137180" lon="37.6287246"/>
 <node id="728856317" visible="true" version="2" changeset="83713392" timestamp="2020-04-17T14:52:05Z" user="Silka123" uid="419641" lat="55.7156441" lon="37.6304788"/>
 <node id="728856319" visible="true" version="2" changeset="83713392" timestamp="2020-04-17T14:52:05Z" user="Silka123" uid="419641" lat="55.7138880" lon="37.6307445"/>
 <node id="728856330" visible="true" version="4" changeset="83713392" timestamp="2020-04-17T14:52:05Z" user="Silka123" uid="419641" lat="55.7153342" lon="37.6281424"/>
 <node id="728856333" visible="true" version="2" changeset="83713392" timestamp="2020-04-17T14:52:05Z" user="Silka123" uid="419641" lat="55.7127280" lon="37.6293660"/>
 <node id="728856339" visible="true" version="2" changeset="83713392" timestamp="2020-04-17T14:52:05Z" user="Silka123" uid="419641" lat="55.7130159" lon="37.6298140"/>
 <node id="728856340" visible="true" version="2" changeset="83713392" timestamp="2020-04-17T14:52:05Z" user="Silka123" uid="419641" lat="55.7135888" lon="37.6304062"/>
 <node id="728856341" visible="true" version="2" changeset="83713392" timestamp="2020-04-17T14:52:05Z" user="Silka123" uid="419641" lat="55.7132568" lon="37.6295608"/>
 <node id="728858542" visible="true" version="6" changeset="159328111" timestamp="2024-11-19T14:54:09Z" user="literan" uid="830106" lat="55.7138086" lon="37.6263126"/>
 <node id="728858543" visible="true" version="3" changeset="83713392" timestamp="2020-04-17T14:52:05Z" user="Silka123" uid="419641" lat="55.7132808" lon="37.6265441"/>
 <node id="728858545" visible="true" version="3" changeset="83713392" timestamp="2020-04-17T14:52:05Z" user="Silka123" uid="419641" lat="55.7130655" lon="37.6265320"/>
 <node id="728858547" visible="true" version="7" changeset="159328111" timestamp="2024-11-19T14:54:09Z" user="literan" uid="830106" lat="55.7138032" lon="37.6270784"/>
 <node id="728858549" visible="true" version="3" changeset="83713392" timestamp="2020-04-17T14:52:05Z" user="Silka123" uid="419641" lat="55.7132993" lon="37.6255041"/>
 <node id="728858550" visible="true" version="6" changeset="159328111" timestamp="2024-11-19T14:54:09Z" user="literan" uid="830106" lat="55.7134841" lon="37.6263053"/>
 <node id="728858554" visible="true" version="3" changeset="83713392" timestamp="2020-04-17T14:52:05Z" user="Silka123" uid="419641" lat="55.7130840" lon="37.6254920"/>
 <node id="728858555" visible="true" version="7" changeset="159328111" timestamp="2024-11-19T14:54:09Z" user="literan" uid="830106" lat="55.7134787" lon="37.6270711"/>
 <node id="1377997704" visible="true" version="2" changeset="83713392" timestamp="2020-04-17T14:52:05Z" user="Silka123" uid="419641" lat="55.7162423" lon="37.6321345"/>
 <node id="1377997707" visible="true" version="2" changeset="83713392" timestamp="2020-04-17T14:52:05Z" user="Silka123" uid="419641" lat="55.7150495" lon="37.6317495"/>
 <node id="1377997712" visible="true" version="2" changeset="83713392" timestamp="2020-04-17T14:52:05Z" user="Silka123" uid="419641" lat="55.7146910" lon="37.6329619"/>
 <node id="1377997720" visible="true" version="2" changeset="83713392" timestamp="2020-04-17T14:52:05Z" user="Silka123" uid="419641" lat="55.7137297" lon="37.6317375"/>
 <node id="1377997721" visible="true" version="2" changeset="83713392" timestamp="2020-04-17T14:52:05Z" user="Silka123" uid="419641" lat="55.7137746" lon="37.6304916"/>
 <node id="1377997722" visible="true" version="2" changeset="83713392" timestamp="2020-04-17T14:52:05Z" user="Silka123" uid="419641" lat="55.7134521" lon="37.6303964"/>
 <node id="1377997724" visible="true" version="2" changeset="83713392" timestamp="2020-04-17T14:52:05Z" user="Silka123" uid="419641" lat="55.7133145" lon="37.6309490"/>
 <node id="1377997727" visible="true" version="4" changeset="83718184" timestamp="2020-04-17T16:51:45Z" user="literan" uid="830106" lat="55.7122564" lon="37.6311425"/>
 <node id="1377997736" visible="true" version="3" changeset="83713392" timestamp="2020-04-17T14:52:05Z" user="Silka123" uid="419641" lat="55.7120447" lon="37.6309373"/>
 <node id="1377997746" visible="true" version="2" changeset="83713392" timestamp="2020-04-17T14:52:05Z" user="Silka123" uid="419641" lat="55.7142426" lon="37.6275948"/>
 <node id="1377997780" visible="true" version="2" changeset="83713392" timestamp="2020-04-17T14:52:05Z" user="Silka123" uid="419641" lat="55.7152780" lon="37.6280836"/>
 <node id="1377997792" visible="true" version="2" changeset="83718184" timestamp="2020-04-17T16:51:45Z" user="literan" uid="830106" lat="55.7168096" lon="37.6278831"/>
 <node id="1378035639" visible="true" version="3" changeset="135707721" timestamp="2023-05-04T16:00:52Z" user="Bobropiton" uid="2055718" lat="55.7164832" lon="37.6310576"/>
 <node id="1404432175" visible="true" version="2" changeset="83713392" timestamp="2020-04-17T14:52:05Z" user="Silka123" uid="419641" lat="55.7128400" lon="37.6280696"/>
 <node id="1404432189" visible="true" version="3" changeset="83713392" timestamp="2020-04-17T14:52:05Z" user="Silka123" uid="419641" lat="55.7124728" lon="37.6275125"/>
 <node id="1404432194" visible="true" version="3" changeset="83713392" timestamp="2020-04-17T14:52:05Z" user="Silka123" uid="419641" lat="55.7128461" lon="37.6275340"/>
 <node id="1427757051" visible="true" version="4" changeset="65138741" timestamp="2018-12-03T20:57:40Z" user="Echo78" uid="4292789" lat="55.7143776" lon="37.6269480"/>
 <node id="1427757052" visible="true" version="5" changeset="65138741" timestamp="2018-12-03T20:57:40Z" user="Echo78" uid="4292789" lat="55.7142943" lon="37.6268655"/>
 <node id="2054335709" visible="true" version="5" changeset="83713392" timestamp="2020-04-17T14:52:05Z" user="Silka123" uid="419641" lat="55.7128314" lon="37.6270341"/>
 <node id="2054335713" visible="true" version="5" changeset="83713392" timestamp="2020-04-17T14:52:05Z" user="Silka123" uid="419641" lat="55.7128343" lon="37.6269313"/>
 <node id="2054335718" visible="true" version="2" changeset="27883206" timestamp="2015-01-03T11:36:05Z" user="LexIgnatov" uid="316868" lat="55.7129364" lon="37.6266389"/>
 <node id="2054335719" visible="true" version="3" changeset="159328111" timestamp="2024-11-19T14:54:09Z" user="literan" uid="830106" lat="55.7130377" lon="37.6254452"/>
 <node id="2054335727" visible="true" version="5" changeset="83713392" timestamp="2020-04-17T14:52:05Z" user="Silka123" uid="419641" lat="55.7131666" lon="37.6269622"/>
 <node id="2054335732" visible="true" version="1" changeset="14187660" timestamp="2012-12-07T13:41:03Z" user="Torx" uid="131244" lat="55.7132171" lon="37.6266536"/>
 <node id="2054335738" visible="true" version="1" changeset="14187660" timestamp="2012-12-07T13:41:04Z" user="Torx" uid="131244" lat="55.7133362" lon="37.6264495"/>
 <node id="2054335740" visible="true" version="1" changeset="14187660" timestamp="2012-12-07T13:41:04Z" user="Torx" uid="131244" lat="55.7133608" lon="37.6254617"/>
 <node id="2173324819" visible="true" version="3" changeset="159328111" timestamp="2024-11-19T14:54:09Z" user="literan" uid="830106" lat="55.7140027" lon="37.6260469"/>
 <node id="2173324821" visible="true" version="4" changeset="159328111" timestamp="2024-11-19T14:54:09Z" user="literan" uid="830106" lat="55.7142638" lon="37.6248454"/>
 <node id="2173324822" visible="true" version="3" changeset="53586485" timestamp="2017-11-07T16:53:55Z" user="literan" uid="830106" lat="55.7148656" lon="37.6275969"/>
 <node id="2497081957" visible="true" version="2" changeset="25223227" timestamp="2014-09-04T10:39:10Z" user="Junglist" uid="476819" lat="55.7153428" lon="37.6267224"/>
 <node id="2497081958" visible="true" version="2" changeset="25223227" timestamp="2014-09-04T10:39:10Z" user="Junglist" uid="476819" lat="55.7157971" lon="37.6267146"/>
 <node id="2497081959" visible="true" version="2" changeset="25223227" timestamp="2014-09-04T10:39:10Z" user="Junglist" uid="476819" lat="55.7158359" lon="37.6266301"/>
 <node id="2497081960" visible="true" version="2" changeset="25223227" timestamp="2014-09-04T10:39:10Z" user="Junglist" uid="476819" lat="55.7158246" lon="37.6265151"/>
 <node id="2497081964" visible="true" version="8" changeset="135707721" timestamp="2023-05-04T16:00:52Z" user="Bobropiton" uid="2055718" lat="55.7179569" lon="37.6276315">
  <tag k="crossing" v="uncontrolled"/>
  <tag k="crossing:island" v="no"/>
  <tag k="highway" v="crossing"/>
  <tag k="tactile_paving" v="no"/>
 </node>
 <node id="2544968043" visible="true" version="3" changeset="53586485" timestamp="2017-11-07T16:53:55Z" user="literan" uid="830106" lat="55.7144668" lon="37.6258236"/>
 <node id="2544968082" visible="true" version="3" changeset="53586485" timestamp="2017-11-07T16:53:55Z" user="literan" uid="830106" lat="55.7144502" lon="37.6258949"/>
 <node id="2545270364" visible="true" version="4" changeset="65138741" timestamp="2018-12-03T20:57:40Z" user="Echo78" uid="4292789" lat="55.7143791" lon="37.6268668"/>
 <node id="2545270367" visible="true" version="4" changeset="65138741" timestamp="2018-12-03T20:57:40Z" user="Echo78" uid="4292789" lat="55.7142947" lon="37.6267943"/>
 <node id="2545270369" visible="true" version="4" changeset="65138741" timestamp="2018-12-03T20:57:40Z" user="Echo78" uid="4292789" lat="55.7142180" lon="37.6267930"/>
 <node id="2545270371" visible="true" version="4" changeset="65138741" timestamp="2018-12-03T20:57:40Z" user="Echo78" uid="4292789" lat="55.7142194" lon="37.6265204"/>
 <node id="2545270373" visible="true" version="4" changeset="65138741" timestamp="2018-12-03T20:57:40Z" user="Echo78" uid="4292789" lat="55.7143029" lon="37.6265218"/>
 <node id="2545270375" visible="true" version="4" changeset="65138741" timestamp="2018-12-03T20:57:40Z" user="Echo78" uid="4292789" lat="55.7143041" lon="37.6263009"/>
 <node id="2545270377" visible="true" version="4" changeset="65138741" timestamp="2018-12-03T20:57:40Z" user="Echo78" uid="4292789" lat="55.7141191" lon="37.6262979"/>
 <node id="2545270379" visible="true" version="4" changeset="65138741" timestamp="2018-12-03T20:57:40Z" user="Echo78" uid="4292789" lat="55.7141155" lon="37.6269954"/>
 <node id="2545270381" visible="true" version="4" changeset="65138741" timestamp="2018-12-03T20:57:40Z" user="Echo78" uid="4292789" lat="55.7142927" lon="37.6269983"/>
 <node id="2545270382" visible="true" version="4" changeset="65138741" timestamp="2018-12-03T20:57:40Z" user="Echo78" uid="4292789" lat="55.7142929" lon="37.6269467"/>
 <node id="2576856556" visible="true" version="4" changeset="83713392" timestamp="2020-04-17T14:52:05Z" user="Silka123" uid="419641" lat="55.7141519" lon="37.6277136"/>
 <node id="2576856557" visible="true" version="4" changeset="83713392" timestamp="2020-04-17T14:52:05Z" user="Silka123" uid="419641" lat="55.7141921" lon="37.6280927"/>
 <node id="2576856558" visible="true" version="4" changeset="83713392" timestamp="2020-04-17T14:52:05Z" user="Silka123" uid="419641" lat="55.7142363" lon="37.6277476"/>
 <node id="2576856559" visible="true" version="4" changeset="83713392" timestamp="2020-04-17T14:52:05Z" user="Silka123" uid="419641" lat="55.7141068" lon="37.6280594"/>
 <node id="2576899940" visible="true" version="3" changeset="83713392" timestamp="2020-04-17T14:52:05Z" user="Silka123" uid="419641" lat="55.7137372" lon="37.6284183"/>
 <node id="2576899941" visible="true" version="2" changeset="83713392" timestamp="2020-04-17T14:52:05Z" user="Silka123" uid="419641" lat="55.7154326" lon="37.6291624"/>
 <node id="2576899942" visible="true" version="2" changeset="83713392" timestamp="2020-04-17T14:52:05Z" user="Silka123" uid="419641" lat="55.7157579" lon="37.6293210"/>
 <node id="2576899943" visible="true" version="2" changeset="83713392" timestamp="2020-04-17T14:52:05Z" user="Silka123" uid="419641" lat="55.7157740" lon="37.6292074"/>
 <node id="2576899944" visible="true" version="3" changeset="83713392" timestamp="2020-04-17T14:52:05Z" user="Silka123" uid="419641" lat="55.7138562" lon="37.6281340"/>
 <node id="2576899945" visible="true" version="3" changeset="83713392" timestamp="2020-04-17T14:52:05Z" user="Silka123" uid="419641" lat="55.7138027" lon="37.6281058"/>
 <node id="2576899946" visible="true" version="2" changeset="83713392" timestamp="2020-04-17T14:52:05Z" user="Silka123" uid="419641" lat="55.7154426" lon="37.6290915"/>
 <node id="2576899947" visible="true" version="3" changeset="83713392" timestamp="2020-04-17T14:52:05Z" user="Silka123" uid="419641" lat="55.7138030" lon="37.6284534"/>
 <node id="2761254205" visible="true" version="6" changeset="116151294" timestamp="2022-01-14T15:07:51Z" user="augxcgrwxo" uid="371263" lat="55.7131102" lon="37.6275455">
  <tag k="crossing" v="uncontrolled"/>
  <tag k="crossing:island" v="no"/>
  <tag k="highway" v="crossing"/>
  <tag k="tactile_paving" v="no"/>
 </node>
 <node id="2761254529" visible="true" version="8" changeset="159328111" timestamp="2024-11-19T14:54:09Z" user="literan" uid="830106" lat="55.7142017" lon="37.6247851">
  <tag k="crossing" v="uncontrolled"/>
  <tag k="crossing:island" v="no"/>
  <tag k="highway" v="crossing"/>
  <tag k="tactile_paving" v="no"/>
 </node>
 <node id="2761254550" visible="true" version="2" changeset="83713392" timestamp="2020-04-17T14:52:05Z" user="Silka123" uid="419641" lat="55.7142452" lon="37.6275666"/>
 <node id="2761254934" visible="true" version="1" changeset="21461024" timestamp="2014-04-02T16:02:46Z" user="trolleway" uid="397326" lat="55.7152565" lon="37.6280506"/>
 <node id="2761255081" visible="true" version="2" changeset="110005290" timestamp="2021-08-20T20:25:32Z" user="LexIgnatov" uid="316868" lat="55.7155184" lon="37.6257209"/>
 <node id="2761255142" visible="true" version="5" changeset="93500350" timestamp="2020-11-03T20:41:16Z" user="augxcgrwxo" uid="371263" lat="55.7169031" lon="37.6277814">
  <tag k="crossing" v="uncontrolled"/>
  <tag k="highway" v="crossing"/>
  <tag k="tactile_paving" v="no"/>
 </node>
 <node id="2761255291" visible="true" version="1" changeset="21461024" timestamp="2014-04-02T16:02:49Z" user="trolleway" uid="397326" lat="55.7173104" lon="37.6277622"/>
 <node id="2761255381" visible="true" version="4" changeset="135707721" timestamp="2023-05-04T16:00:52Z" user="Bobropiton" uid="2055718" lat="55.7179563" lon="37.6277503"/>
 <node id="2963495017" visible="true" version="2" changeset="83713392" timestamp="2020-04-17T14:52:05Z" user="Silka123" uid="419641" lat="55.7134548" lon="37.6327540"/>
 <node id="2963495019" visible="true" version="2" changeset="83713392" timestamp="2020-04-17T14:52:05Z" user="Silka123" uid="419641" lat="55.7135119" lon="37.6327623"/>
 <node id="3059001239" visible="true" version="1" changeset="25223227" timestamp="2014-09-04T10:39:03Z" user="Junglist" uid="476819" lat="55.7164083" lon="37.6275449"/>
 <node id="3059001258" visible="true" version="2" changeset="100662477" timestamp="2021-03-08T21:25:05Z" user="literan" uid="830106" lat="55.7179554" lon="37.6274323"/>
 <node id="3059001259" visible="true" version="2" changeset="100662477" timestamp="2021-03-08T21:25:05Z" user="literan" uid="830106" lat="55.7179565" lon="37.6275539"/>
 <node id="3059001260" visible="true" version="2" changeset="100662477" timestamp="2021-03-08T21:25:05Z" user="literan" uid="830106" lat="55.7179746" lon="37.6275123"/>
 <node id="3226282805" visible="true" version="2" changeset="83713392" timestamp="2020-04-17T14:52:05Z" user="Silka123" uid="419641" lat="55.7116619" lon="37.6306460"/>
 <node id="3226282806" visible="true" version="2" changeset="83713392" timestamp="2020-04-17T14:52:05Z" user="Silka123" uid="419641" lat="55.7116899" lon="37.6305695"/>
 <node id="3239878242" visible="true" version="4" changeset="83713392" timestamp="2020-04-17T14:52:05Z" user="Silka123" uid="419641" lat="55.7121782" lon="37.6302316">
  <tag k="access" v="private"/>
  <tag k="barrier" v="gate"/>
  <tag k="bicycle" v="permissive"/>
  <tag k="foot" v="permissive"/>
 </node>
 <node id="3239878245" visible="true" version="1" changeset="27535252" timestamp="2014-12-17T17:42:42Z" user="Andronik Fa" uid="323819" lat="55.7135011" lon="37.6299846"/>
 <node id="3239878246" visible="true" version="2" changeset="83713392" timestamp="2020-04-17T14:52:05Z" user="Silka123" uid="419641" lat="55.7131938" lon="37.6304245"/>
 <node id="3266775272" visible="true" version="3" changeset="83713392" timestamp="2020-04-17T14:52:05Z" user="Silka123" uid="419641" lat="55.7129263" lon="37.6269404"/>
 <node id="3296513334" visible="true" version="4" changeset="83713392" timestamp="2020-04-17T14:52:05Z" user="Silka123" uid="419641" lat="55.7163962" lon="37.6309900">
  <tag k="access" v="private"/>
  <tag k="barrier" v="gate"/>
  <tag k="foot" v="permissive"/>
  <tag k="motor_vehicle" v="yes"/>
 </node>
 <node id="3296513639" visible="true" version="1" changeset="28230415" timestamp="2015-01-18T13:20:08Z" user="Andronik Fa" uid="323819" lat="55.7169182" lon="37.6273369"/>
 <node id="3296513640" visible="true" version="2" changeset="42228132" timestamp="2016-09-17T14:25:20Z" user="Echo78" uid="4292789" lat="55.7153340" lon="37.6272387"/>
 <node id="3296513641" visible="true" version="3" changeset="53586485" timestamp="2017-11-07T16:53:57Z" user="literan" uid="830106" lat="55.7149030" lon="37.6272278"/>
 <node id="3296513642" visible="true" version="6" changeset="159328111" timestamp="2024-11-19T14:54:09Z" user="literan" uid="830106" lat="55.7139075" lon="37.6273332">
  <tag k="crossing" v="uncontrolled"/>
  <tag k="crossing:island" v="no"/>
  <tag k="highway" v="crossing"/>
  <tag k="tactile_paving" v="no"/>
 </node>
 <node id="3296517786" visible="true" version="2" changeset="83713392" timestamp="2020-04-17T14:52:05Z" user="Silka123" uid="419641" lat="55.7119237" lon="37.6302942"/>
 <node id="3296517787" visible="true" version="2" changeset="45023703" timestamp="2017-01-09T11:14:37Z" user="misht" uid="615059" lat="55.7120642" lon="37.6301647">
  <tag k="crossing" v="uncontrolled"/>
  <tag k="highway" v="crossing"/>
 </node>
 <node id="3296517788" visible="true" version="1" changeset="28230473" timestamp="2015-01-18T13:22:09Z" user="Andronik Fa" uid="323819" lat="55.7122336" lon="37.6299948"/>
 <node id="3296517789" visible="true" version="2" changeset="83713392" timestamp="2020-04-17T14:52:05Z" user="Silka123" uid="419641" lat="55.7131443" lon="37.6275900"/>
 <node id="3358123774" visible="true" version="4" changeset="159328111" timestamp="2024-11-19T14:54:09Z" user="literan" uid="830106" lat="55.7139143" lon="37.6265945">
  <tag k="crossing" v="uncontrolled"/>
  <tag k="crossing:island" v="no"/>
  <tag k="highway" v="crossing"/>
  <tag k="tactile_paving" v="yes"/>
 </node>
 <node id="3358123775" visible="true" version="3" changeset="159328111" timestamp="2024-11-19T14:54:09Z" user="literan" uid="830106" lat="55.7139125" lon="37.6269050">
  <tag k="traffic_calming" v="bump"/>
 </node>
 <node id="3358125287" visible="true" version="4" changeset="159328111" timestamp="2024-11-19T14:54:09Z" user="literan" uid="830106" lat="55.7140898" lon="37.6252792">
  <tag k="crossing" v="uncontrolled"/>
  <tag k="crossing:island" v="no"/>
  <tag k="highway" v="crossing"/>
  <tag k="tactile_paving" v="yes"/>
 </node>
 <node id="3358125288" visible="true" version="4" changeset="159328111" timestamp="2024-11-19T14:54:09Z" user="literan" uid="830106" lat="55.7141403" lon="37.6250528">
  <tag k="check_date" v="2021-07-27"/>
  <tag k="traffic_calming" v="bump"/>
 </node>
 <node id="3620371800" visible="true" version="2" changeset="83713392" timestamp="2020-04-17T14:52:05Z" user="Silka123" uid="419641" lat="55.7123504" lon="37.6293810"/>
 <node id="3629427441" visible="true" version="4" changeset="135707721" timestamp="2023-05-04T16:00:52Z" user="Bobropiton" uid="2055718" lat="55.7168215" lon="37.6276469">
  <tag k="crossing" v="uncontrolled"/>
  <tag k="crossing:island" v="no"/>
  <tag k="highway" v="crossing"/>
  <tag k="tactile_paving" v="no"/>
 </node>
 <node id="3854957737" visible="true" version="2" changeset="135707721" timestamp="2023-05-04T16:00:52Z" user="Bobropiton" uid="2055718" lat="55.7168257" lon="37.6277895"/>
 <node id="3854957738" visible="true" version="2" changeset="135707721" timestamp="2023-05-04T16:00:52Z" user="Bobropiton" uid="2055718" lat="55.7168133" lon="37.6273203"/>
 <node id="4302423557" visible="true" version="2" changeset="83713392" timestamp="2020-04-17T14:52:05Z" user="Silka123" uid="419641" lat="55.7137237" lon="37.6327927"/>
 <node id="4302423562" visible="true" version="2" changeset="83713392" timestamp="2020-04-17T14:52:05Z" user="Silka123" uid="419641" lat="55.7130061" lon="37.6324263">
  <tag k="barrier" v="gate"/>
 </node>
 <node id="4351155745" visible="true" version="6" changeset="146332218" timestamp="2024-01-16T17:26:55Z" user="literan" uid="830106" lat="55.7154470" lon="37.6265519"/>
 <node id="4351155746" visible="true" version="6" changeset="146332218" timestamp="2024-01-16T17:26:55Z" user="literan" uid="830106" lat="55.7154116" lon="37.6265539"/>
 <node id="4351155747" visible="true" version="7" changeset="146332218" timestamp="2024-01-16T17:26:55Z" user="literan" uid="830106" lat="55.7154098" lon="37.6264452"/>
 <node id="4351155748" visible="true" version="6" changeset="146332218" timestamp="2024-01-16T17:26:55Z" user="literan" uid="830106" lat="55.7154637" lon="37.6264966"/>
 <node id="4351155749" visible="true" version="6" changeset="146332218" timestamp="2024-01-16T17:26:55Z" user="literan" uid="830106" lat="55.7154451" lon="37.6264433"/>
 <node id="4351155750" visible="true" version="6" changeset="146332218" timestamp="2024-01-16T17:26:55Z" user="literan" uid="830106" lat="55.7153930" lon="37.6265005"/>
 <node id="4354283270" visible="true" version="3" changeset="59719439" timestamp="2018-06-10T18:54:28Z" user="Echo78" uid="4292789" lat="55.7147924" lon="37.6269126"/>
 <node id="4354283271" visible="true" version="3" changeset="59719439" timestamp="2018-06-10T18:54:28Z" user="Echo78" uid="4292789" lat="55.7147374" lon="37.6269124"/>
 <node id="4354283272" visible="true" version="3" changeset="59719439" timestamp="2018-06-10T18:54:28Z" user="Echo78" uid="4292789" lat="55.7147373" lon="37.6269980"/>
 <node id="4354283273" visible="true" version="3" changeset="59719439" timestamp="2018-06-10T18:54:28Z" user="Echo78" uid="4292789" lat="55.7147924" lon="37.6269982"/>
 <node id="4354295474" visible="true" version="1" changeset="41515762" timestamp="2016-08-17T16:24:57Z" user="Echo78" uid="4292789" lat="55.7150639" lon="37.6269960"/>
 <node id="4354295475" visible="true" version="1" changeset="41515762" timestamp="2016-08-17T16:24:57Z" user="Echo78" uid="4292789" lat="55.7149676" lon="37.6269964"/>
 <node id="4354295476" visible="true" version="1" changeset="41515762" timestamp="2016-08-17T16:24:57Z" user="Echo78" uid="4292789" lat="55.7149678" lon="37.6271845"/>
 <node id="4354295477" visible="true" version="1" changeset="41515762" timestamp="2016-08-17T16:24:57Z" user="Echo78" uid="4292789" lat="55.7150642" lon="37.6271841"/>
 <node id="4366036652" visible="true" version="2" changeset="42228132" timestamp="2016-09-17T14:25:20Z" user="Echo78" uid="4292789" lat="55.7140147" lon="37.6271491"/>
 <node id="4366036653" visible="true" version="3" changeset="53586485" timestamp="2017-11-07T16:53:57Z" user="literan" uid="830106" lat="55.7149017" lon="37.6271510"/>
 <node id="4366037706" visible="true" version="1" changeset="41683297" timestamp="2016-08-25T09:42:50Z" user="Echo78" uid="4292789" lat="55.7140095" lon="37.6266218">
  <tag k="barrier" v="gate"/>
 </node>
 <node id="4366037707" visible="true" version="2" changeset="159328111" timestamp="2024-11-19T14:54:09Z" user="literan" uid="830106" lat="55.7141465" lon="37.6253429">
  <tag k="barrier" v="gate"/>
 </node>
 <node id="4405691323" visible="true" version="3" changeset="159328111" timestamp="2024-11-19T14:54:09Z" user="literan" uid="830106" lat="55.7126559" lon="37.6270176"/>
 <node id="4405691324" visible="true" version="3" changeset="159328111" timestamp="2024-11-19T14:54:09Z" user="literan" uid="830106" lat="55.7126515" lon="37.6272148"/>
 <node id="4405691325" visible="true" version="2" changeset="159328111" timestamp="2024-11-19T14:54:09Z" user="literan" uid="830106" lat="55.7131594" lon="37.6272978"/>
 <node id="4405691326" visible="true" version="3" changeset="83713392" timestamp="2020-04-17T14:52:05Z" user="Silka123" uid="419641" lat="55.7131345" lon="37.6270625"/>
 <node id="4405691328" visible="true" version="3" changeset="159328111" timestamp="2024-11-19T14:54:09Z" user="literan" uid="830106" lat="55.7129470" lon="37.6272827"/>
 <node id="4405691329" visible="true" version="3" changeset="159328111" timestamp="2024-11-19T14:54:09Z" user="literan" uid="830106" lat="55.7129480" lon="37.6272359"/>
 <node id="4405691331" visible="true" version="3" changeset="159328111" timestamp="2024-11-19T14:54:09Z" user="literan" uid="830106" lat="55.7129160" lon="37.6272337">
  <tag k="barrier" v="gate"/>
 </node>
 <node id="4405691332" visible="true" version="3" changeset="83713392" timestamp="2020-04-17T14:52:05Z" user="Silka123" uid="419641" lat="55.7129225" lon="37.6270306"/>
 <node id="4405697725" visible="true" version="2" changeset="159328111" timestamp="2024-11-19T14:54:09Z" user="literan" uid="830106" lat="55.7132160" lon="37.6271070"/>
 <node id="4405697726" visible="true" version="2" changeset="159328111" timestamp="2024-11-19T14:54:09Z" user="literan" uid="830106" lat="55.7131845" lon="37.6272843"/>
 <node id="4405697727" visible="true" version="3" changeset="159328111" timestamp="2024-11-19T14:54:09Z" user="literan" uid="830106" lat="55.7138267" lon="37.6273434"/>
 <node id="4405697728" visible="true" version="2" changeset="159328111" timestamp="2024-11-19T14:54:09Z" user="literan" uid="830106" lat="55.7138166" lon="37.6271272"/>
 <node id="4405697732" visible="true" version="2" changeset="159328111" timestamp="2024-11-19T14:54:09Z" user="literan" uid="830106" lat="55.7142483" lon="37.6248175"/>
 <node id="4405697733" visible="true" version="2" changeset="159328111" timestamp="2024-11-19T14:54:09Z" user="literan" uid="830106" lat="55.7139822" lon="37.6259873"/>
 <node id="4405697734" visible="true" version="3" changeset="159328111" timestamp="2024-11-19T14:54:09Z" user="literan" uid="830106" lat="55.7139567" lon="37.6272226"/>
 <node id="4405697735" visible="true" version="3" changeset="159328111" timestamp="2024-11-19T14:54:09Z" user="literan" uid="830106" lat="55.7138501" lon="37.6273322"/>
 <node id="4405697737" visible="true" version="3" changeset="159328111" timestamp="2024-11-19T14:54:09Z" user="literan" uid="830106" lat="55.7129147" lon="37.6273045"/>
 <node id="4405697738" visible="true" version="2" changeset="159328111" timestamp="2024-11-19T14:54:09Z" user="literan" uid="830106" lat="55.7139119" lon="37.6269591"/>
 <node id="4405697739" visible="true" version="5" changeset="159328111" timestamp="2024-11-19T14:54:09Z" user="literan" uid="830106" lat="55.7138041" lon="37.6269590">
  <tag k="access" v="private"/>
  <tag k="barrier" v="gate"/>
 </node>
 <node id="4405697740" visible="true" version="2" changeset="159328111" timestamp="2024-11-19T14:54:09Z" user="literan" uid="830106" lat="55.7138521" lon="37.6269593"/>
 <node id="4405697741" visible="true" version="2" changeset="159328111" timestamp="2024-11-19T14:54:09Z" user="literan" uid="830106" lat="55.7138524" lon="37.6259954"/>
 <node id="4405697742" visible="true" version="2" changeset="159328111" timestamp="2024-11-19T14:54:09Z" user="literan" uid="830106" lat="55.7129127" lon="37.6274157"/>
 <node id="4405697743" visible="true" version="2" changeset="83713392" timestamp="2020-04-17T14:52:05Z" user="Silka123" uid="419641" lat="55.7129081" lon="37.6275349">
  <tag k="barrier" v="gate"/>
 </node>
 <node id="4405697744" visible="true" version="3" changeset="159328111" timestamp="2024-11-19T14:54:09Z" user="literan" uid="830106" lat="55.7138236" lon="37.6273543"/>
 <node id="4405697745" visible="true" version="3" changeset="159328111" timestamp="2024-11-19T14:54:09Z" user="literan" uid="830106" lat="55.7138225" lon="37.6274897"/>
 <node id="4405697746" visible="true" version="2" changeset="83713392" timestamp="2020-04-17T14:52:05Z" user="Silka123" uid="419641" lat="55.7138249" lon="37.6275439"/>
 <node id="4405700835" visible="true" version="1" changeset="42228132" timestamp="2016-09-17T14:25:20Z" user="Echo78" uid="4292789" lat="55.7147782" lon="37.6272839"/>
 <node id="4405700836" visible="true" version="1" changeset="42228132" timestamp="2016-09-17T14:25:20Z" user="Echo78" uid="4292789" lat="55.7147673" lon="37.6275431"/>
 <node id="4405700837" visible="true" version="1" changeset="42228132" timestamp="2016-09-17T14:25:20Z" user="Echo78" uid="4292789" lat="55.7142394" lon="37.6273633"/>
 <node id="4405700838" visible="true" version="1" changeset="42228132" timestamp="2016-09-17T14:25:20Z" user="Echo78" uid="4292789" lat="55.7140279" lon="37.6273711"/>
 <node id="4405700839" visible="true" version="1" changeset="42228132" timestamp="2016-09-17T14:25:20Z" user="Echo78" uid="4292789" lat="55.7140278" lon="37.6272796"/>
 <node id="4405704137" visible="true" version="2" changeset="65138741" timestamp="2018-12-03T20:57:40Z" user="Echo78" uid="4292789" lat="55.7141173" lon="37.6266497">
  <tag k="entrance" v="yes"/>
 </node>
 <node id="4406748336" visible="true" version="2" changeset="159328111" timestamp="2024-11-19T14:54:09Z" user="literan" uid="830106" lat="55.7139140" lon="37.6266532"/>
 <node id="4406748337" visible="true" version="2" changeset="159328111" timestamp="2024-11-19T14:54:09Z" user="literan" uid="830106" lat="55.7139586" lon="37.6266535"/>
 <node id="4406748338" visible="true" version="1" changeset="42246031" timestamp="2016-09-18T12:17:00Z" user="Echo78" uid="4292789" lat="55.7140098" lon="37.6266533">
  <tag k="barrier" v="gate"/>
 </node>
 <node id="4406748339" visible="true" version="2" changeset="159328111" timestamp="2024-11-19T14:54:09Z" user="literan" uid="830106" lat="55.7139585" lon="37.6266229"/>
 <node id="4406748340" visible="true" version="2" changeset="159328111" timestamp="2024-11-19T14:54:09Z" user="literan" uid="830106" lat="55.7140800" lon="37.6253229"/>
 <node id="4406748341" visible="true" version="2" changeset="159328111" timestamp="2024-11-19T14:54:09Z" user="literan" uid="830106" lat="55.7141230" lon="37.6253552"/>
 <node id="4406748342" visible="true" version="2" changeset="159328111" timestamp="2024-11-19T14:54:09Z" user="literan" uid="830106" lat="55.7141405" lon="37.6253698">
  <tag k="barrier" v="gate"/>
 </node>
 <node id="4406748343" visible="true" version="2" changeset="159328111" timestamp="2024-11-19T14:54:09Z" user="literan" uid="830106" lat="55.7141280" lon="37.6253310"/>
 <node id="4577433261" visible="true" version="1" changeset="44731635" timestamp="2016-12-28T14:01:21Z" user="Владимир К" uid="2853561" lat="55.7153257" lon="37.6277328"/>
 <node id="4577433262" visible="true" version="1" changeset="44731635" timestamp="2016-12-28T14:01:21Z" user="Владимир К" uid="2853561" lat="55.7153258" lon="37.6280393"/>
 <node id="4712640896" visible="true" version="3" changeset="159328111" timestamp="2024-11-19T14:54:09Z" user="literan" uid="830106" lat="55.7131647" lon="37.6270636"/>
 <node id="4717151594" visible="true" version="4" changeset="122171613" timestamp="2022-06-09T15:21:50Z" user="Echo78" uid="4292789" lat="55.7133247" lon="37.6275462">
  <tag k="barrier" v="gate"/>
  <tag k="foot" v="yes"/>
  <tag k="horse" v="no"/>
  <tag k="motor_vehicle" v="no"/>
 </node>
 <node id="4717151595" visible="true" version="2" changeset="83713392" timestamp="2020-04-17T14:52:05Z" user="Silka123" uid="419641" lat="55.7132831" lon="37.6279127"/>
 <node id="4717151596" visible="true" version="1" changeset="46581138" timestamp="2017-03-04T20:05:05Z" user="Echo78" uid="4292789" lat="55.7132114" lon="37.6282067"/>
 <node id="4717151598" visible="true" version="3" changeset="122171613" timestamp="2022-06-09T15:23:56Z" user="Echo78" uid="4292789" lat="55.7133201" lon="37.6275134"/>
 <node id="4999760285" visible="true" version="2" changeset="83713392" timestamp="2020-04-17T14:52:05Z" user="Silka123" uid="419641" lat="55.7149368" lon="37.6307582"/>
 <node id="4999760286" visible="true" version="2" changeset="83713392" timestamp="2020-04-17T14:52:05Z" user="Silka123" uid="419641" lat="55.7150006" lon="37.6307825"/>
 <node id="4999760287" visible="true" version="2" changeset="83713392" timestamp="2020-04-17T14:52:05Z" user="Silka123" uid="419641" lat="55.7149885" lon="37.6308731"/>
 <node id="4999760288" visible="true" version="2" changeset="83713392" timestamp="2020-04-17T14:52:05Z" user="Silka123" uid="419641" lat="55.7149253" lon="37.6308467"/>
 <node id="4999760293" visible="true" version="3" changeset="85045994" timestamp="2020-05-11T20:54:53Z" user="MaddMapper" uid="10228243" lat="55.7146072" lon="37.6303088"/>
 <node id="4999760294" visible="true" version="3" changeset="85045994" timestamp="2020-05-11T20:54:53Z" user="MaddMapper" uid="10228243" lat="55.7145077" lon="37.6307599"/>
 <node id="4999760295" visible="true" version="2" changeset="85045994" timestamp="2020-05-11T20:54:53Z" user="MaddMapper" uid="10228243" lat="55.7143842" lon="37.6308849"/>
 <node id="4999760296" visible="true" version="2" changeset="85045994" timestamp="2020-05-11T20:54:53Z" user="MaddMapper" uid="10228243" lat="55.7143723" lon="37.6312180"/>
 <node id="4999760297" visible="true" version="2" changeset="85045994" timestamp="2020-05-11T20:54:53Z" user="MaddMapper" uid="10228243" lat="55.7143882" lon="37.6302284"/>
 <node id="4999760298" visible="true" version="2" changeset="85045994" timestamp="2020-05-11T20:54:53Z" user="MaddMapper" uid="10228243" lat="55.7143503" lon="37.6306793"/>
 <node id="4999760299" visible="true" version="2" changeset="83713392" timestamp="2020-04-17T14:52:05Z" user="Silka123" uid="419641" lat="55.7144757" lon="37.6305617"/>
 <node id="4999760300" visible="true" version="2" changeset="83713392" timestamp="2020-04-17T14:52:05Z" user="Silka123" uid="419641" lat="55.7144189" lon="37.6304845"/>
 <node id="4999760301" visible="true" version="2" changeset="83713392" timestamp="2020-04-17T14:52:05Z" user="Silka123" uid="419641" lat="55.7144045" lon="37.6304941"/>
 <node id="4999760302" visible="true" version="2" changeset="83713392" timestamp="2020-04-17T14:52:05Z" user="Silka123" uid="419641" lat="55.7143926" lon="37.6305113"/>
 <node id="4999760303" visible="true" version="2" changeset="83713392" timestamp="2020-04-17T14:52:05Z" user="Silka123" uid="419641" lat="55.7143843" lon="37.6305344"/>
 <node id="4999760304" visible="true" version="2" changeset="83713392" timestamp="2020-04-17T14:52:05Z" user="Silka123" uid="419641" lat="55.7144558" lon="37.6306364"/>
 <node id="4999760305" visible="true" version="2" changeset="83713392" timestamp="2020-04-17T14:52:05Z" user="Silka123" uid="419641" lat="55.7144672" lon="37.6306160"/>
 <node id="4999760306" visible="true" version="2" changeset="83713392" timestamp="2020-04-17T14:52:05Z" user="Silka123" uid="419641" lat="55.7144741" lon="37.6305902"/>
 <node id="4999760307" visible="true" version="2" changeset="83713392" timestamp="2020-04-17T14:52:05Z" user="Silka123" uid="419641" lat="55.7144719" lon="37.6305339"/>
 <node id="4999760308" visible="true" version="2" changeset="83713392" timestamp="2020-04-17T14:52:05Z" user="Silka123" uid="419641" lat="55.7144631" lon="37.6305099"/>
 <node id="4999760309" visible="true" version="2" changeset="83713392" timestamp="2020-04-17T14:52:05Z" user="Silka123" uid="419641" lat="55.7144503" lon="37.6304925"/>
 <node id="4999760310" visible="true" version="2" changeset="83713392" timestamp="2020-04-17T14:52:05Z" user="Silka123" uid="419641" lat="55.7144350" lon="37.6304837"/>
 <node id="4999760311" visible="true" version="2" changeset="83713392" timestamp="2020-04-17T14:52:05Z" user="Silka123" uid="419641" lat="55.7143807" lon="37.6305609"/>
 <node id="4999760312" visible="true" version="2" changeset="83713392" timestamp="2020-04-17T14:52:05Z" user="Silka123" uid="419641" lat="55.7143820" lon="37.6305880"/>
 <node id="4999760313" visible="true" version="2" changeset="83713392" timestamp="2020-04-17T14:52:05Z" user="Silka123" uid="419641" lat="55.7143881" lon="37.6306131"/>
 <node id="4999760314" visible="true" version="2" changeset="83713392" timestamp="2020-04-17T14:52:05Z" user="Silka123" uid="419641" lat="55.7143983" lon="37.6306334"/>
 <node id="4999760315" visible="true" version="2" changeset="83713392" timestamp="2020-04-17T14:52:05Z" user="Silka123" uid="419641" lat="55.7144117" lon="37.6306468"/>
 <node id="4999760316" visible="true" version="2" changeset="83713392" timestamp="2020-04-17T14:52:05Z" user="Silka123" uid="419641" lat="55.7144268" lon="37.6306520"/>
 <node id="4999760317" visible="true" version="2" changeset="83713392" timestamp="2020-04-17T14:52:05Z" user="Silka123" uid="419641" lat="55.7144420" lon="37.6306484"/>
 <node id="4999760318" visible="true" version="2" changeset="99514976" timestamp="2021-02-18T10:33:28Z" user="Echo78" uid="4292789" lat="55.7132119" lon="37.6283949"/>
 <node id="4999760319" visible="true" version="2" changeset="83713392" timestamp="2020-04-17T14:52:05Z" user="Silka123" uid="419641" lat="55.7136760" lon="37.6284787"/>
 <node id="4999760320" visible="true" version="2" changeset="83713392" timestamp="2020-04-17T14:52:05Z" user="Silka123" uid="419641" lat="55.7137606" lon="37.6285053"/>
 <node id="4999763821" visible="true" version="1" changeset="50646321" timestamp="2017-07-28T11:37:42Z" user="augxcgrwxo" uid="371263" lat="55.7137508" lon="37.6286813"/>
 <node id="4999763822" visible="true" version="3" changeset="83713392" timestamp="2020-04-17T14:52:05Z" user="Silka123" uid="419641" lat="55.7141046" lon="37.6292866"/>
 <node id="4999763823" visible="true" version="4" changeset="85045994" timestamp="2020-05-11T20:54:53Z" user="MaddMapper" uid="10228243" lat="55.7140812" lon="37.6300767"/>
 <node id="4999763824" visible="true" version="3" changeset="57953238" timestamp="2018-04-09T21:27:07Z" user="literan" uid="830106" lat="55.7141592" lon="37.6282234"/>
 <node id="4999763825" visible="true" version="2" changeset="57953238" timestamp="2018-04-09T21:27:07Z" user="literan" uid="830106" lat="55.7137888" lon="37.6280767"/>
 <node id="4999763826" visible="true" version="1" changeset="50646321" timestamp="2017-07-28T11:37:42Z" user="augxcgrwxo" uid="371263" lat="55.7137044" lon="37.6281817"/>
 <node id="4999763827" visible="true" version="1" changeset="50646321" timestamp="2017-07-28T11:37:42Z" user="augxcgrwxo" uid="371263" lat="55.7135125" lon="37.6281764"/>
 <node id="5098756485" visible="true" version="1" changeset="51950767" timestamp="2017-09-11T18:29:27Z" user="literan" uid="830106" lat="55.7160610" lon="37.6308918"/>
 <node id="5154873909" visible="true" version="1" changeset="52725569" timestamp="2017-10-08T09:18:06Z" user="Echo78" uid="4292789" lat="55.7139984" lon="37.6264413">
  <tag k="natural" v="tree"/>
 </node>
 <node id="5154874239" visible="true" version="1" changeset="52725569" timestamp="2017-10-08T09:18:00Z" user="Echo78" uid="4292789" lat="55.7140004" lon="37.6263479">
  <tag k="natural" v="tree"/>
 </node>
 <node id="5167613439" visible="true" version="2" changeset="83713392" timestamp="2020-04-17T14:52:05Z" user="Silka123" uid="419641" lat="55.7126262" lon="37.6290680">
  <tag k="barrier" v="gate"/>
 </node>
 <node id="5167613440" visible="true" version="1" changeset="52928912" timestamp="2017-10-14T17:12:58Z" user="Echo78" uid="4292789" lat="55.7125990" lon="37.6290608"/>
 <node id="5167613441" visible="true" version="1" changeset="52928912" timestamp="2017-10-14T17:12:58Z" user="Echo78" uid="4292789" lat="55.7125529" lon="37.6290074"/>
 <node id="5204314303" visible="true" version="2" changeset="83713392" timestamp="2020-04-17T14:52:05Z" user="Silka123" uid="419641" lat="55.7117982" lon="37.6304454"/>
 <node id="5204314312" visible="true" version="5" changeset="159328111" timestamp="2024-11-19T14:54:09Z" user="literan" uid="830106" lat="55.7115926" lon="37.6274041">
  <tag k="barrier" v="kerb"/>
  <tag k="kerb" v="raised"/>
  <tag k="tactile_paving" v="no"/>
 </node>
 <node id="5204319800" visible="true" version="2" changeset="83713392" timestamp="2020-04-17T14:52:05Z" user="Silka123" uid="419641" lat="55.7121325" lon="37.6303336"/>
 <node id="5204319802" visible="true" version="2" changeset="83713392" timestamp="2020-04-17T14:52:05Z" user="Silka123" uid="419641" lat="55.7122573" lon="37.6300234"/>
 <node id="5204319803" visible="true" version="1" changeset="53426101" timestamp="2017-11-01T14:41:56Z" user="Andronik Fa" uid="323819" lat="55.7123244" lon="37.6303009"/>
 <node id="5204322083" visible="true" version="2" changeset="83713392" timestamp="2020-04-17T14:52:05Z" user="Silka123" uid="419641" lat="55.7121494" lon="37.6302640"/>
 <node id="5204339204" visible="true" version="2" changeset="83713392" timestamp="2020-04-17T14:52:05Z" user="Silka123" uid="419641" lat="55.7122624" lon="37.6310154"/>
 <node id="5204344616" visible="true" version="3" changeset="135707721" timestamp="2023-05-04T16:00:52Z" user="Bobropiton" uid="2055718" lat="55.7117398" lon="37.6305264"/>
 <node id="5261854509" visible="true" version="1" changeset="54295991" timestamp="2017-12-03T12:18:48Z" user="Andronik Fa" uid="323819" lat="55.7152821" lon="37.6273588"/>
 <node id="5261854510" visible="true" version="1" changeset="54295991" timestamp="2017-12-03T12:18:48Z" user="Andronik Fa" uid="323819" lat="55.7152781" lon="37.6275960"/>
 <node id="5261854511" visible="true" version="1" changeset="54295991" timestamp="2017-12-03T12:18:48Z" user="Andronik Fa" uid="323819" lat="55.7149797" lon="37.6275688"/>
 <node id="5261854512" visible="true" version="1" changeset="54295991" timestamp="2017-12-03T12:18:48Z" user="Andronik Fa" uid="323819" lat="55.7149837" lon="37.6273402"/>
 <node id="5534108121" visible="true" version="2" changeset="83713392" timestamp="2020-04-17T14:52:05Z" user="Silka123" uid="419641" lat="55.7142268" lon="37.6294361"/>
 <node id="5534108122" visible="true" version="2" changeset="83713392" timestamp="2020-04-17T14:52:05Z" user="Silka123" uid="419641" lat="55.7141753" lon="37.6294178"/>
 <node id="5534108123" visible="true" version="2" changeset="83713392" timestamp="2020-04-17T14:52:05Z" user="Silka123" uid="419641" lat="55.7141623" lon="37.6295325"/>
 <node id="5534108124" visible="true" version="2" changeset="83713392" timestamp="2020-04-17T14:52:05Z" user="Silka123" uid="419641" lat="55.7142141" lon="37.6295511"/>
 <node id="5534113164" visible="true" version="1" changeset="57870735" timestamp="2018-04-06T16:23:27Z" user="Echo78" uid="4292789" lat="55.7144303" lon="37.6295199"/>
 <node id="5534113165" visible="true" version="1" changeset="57870735" timestamp="2018-04-06T16:23:27Z" user="Echo78" uid="4292789" lat="55.7147762" lon="37.6303877"/>
 <node id="5534113166" visible="true" version="1" changeset="57870735" timestamp="2018-04-06T16:23:27Z" user="Echo78" uid="4292789" lat="55.7157599" lon="37.6307737"/>
 <node id="5534113170" visible="true" version="2" changeset="83713392" timestamp="2020-04-17T14:52:05Z" user="Silka123" uid="419641" lat="55.7156494" lon="37.6307277"/>
 <node id="5534113171" visible="true" version="2" changeset="83713392" timestamp="2020-04-17T14:52:05Z" user="Silka123" uid="419641" lat="55.7157073" lon="37.6301651"/>
 <node id="5534113172" visible="true" version="1" changeset="57870735" timestamp="2018-04-06T16:23:27Z" user="Echo78" uid="4292789" lat="55.7149223" lon="37.6298707"/>
 <node id="5534113173" visible="true" version="1" changeset="57870735" timestamp="2018-04-06T16:23:27Z" user="Echo78" uid="4292789" lat="55.7147869" lon="37.6295551"/>
 <node id="5534113174" visible="true" version="2" changeset="83713392" timestamp="2020-04-17T14:52:05Z" user="Silka123" uid="419641" lat="55.7141647" lon="37.6293070"/>
 <node id="5541234641" visible="true" version="2" changeset="83713392" timestamp="2020-04-17T14:52:05Z" user="Silka123" uid="419641" lat="55.7153798" lon="37.6282392"/>
 <node id="5541234642" visible="true" version="2" changeset="83713392" timestamp="2020-04-17T14:52:05Z" user="Silka123" uid="419641" lat="55.7153509" lon="37.6284159"/>
 <node id="5541234643" visible="true" version="2" changeset="83713392" timestamp="2020-04-17T14:52:05Z" user="Silka123" uid="419641" lat="55.7153235" lon="37.6282411"/>
 <node id="5541234644" visible="true" version="2" changeset="83713392" timestamp="2020-04-17T14:52:05Z" user="Silka123" uid="419641" lat="55.7153069" lon="37.6284009"/>
 <node id="5541234645" visible="true" version="2" changeset="83713392" timestamp="2020-04-17T14:52:05Z" user="Silka123" uid="419641" lat="55.7150850" lon="37.6286912"/>
 <node id="5541234646" visible="true" version="2" changeset="83713392" timestamp="2020-04-17T14:52:05Z" user="Silka123" uid="419641" lat="55.7150981" lon="37.6287028"/>
 <node id="5541234647" visible="true" version="2" changeset="83713392" timestamp="2020-04-17T14:52:05Z" user="Silka123" uid="419641" lat="55.7151079" lon="37.6287445"/>
 <node id="5541234648" visible="true" version="2" changeset="83713392" timestamp="2020-04-17T14:52:05Z" user="Silka123" uid="419641" lat="55.7151073" lon="37.6287600"/>
 <node id="5541234649" visible="true" version="2" changeset="83713392" timestamp="2020-04-17T14:52:05Z" user="Silka123" uid="419641" lat="55.7150956" lon="37.6287874"/>
 <node id="5541234650" visible="true" version="2" changeset="83713392" timestamp="2020-04-17T14:52:05Z" user="Silka123" uid="419641" lat="55.7150609" lon="37.6288011"/>
 <node id="5541234651" visible="true" version="2" changeset="83713392" timestamp="2020-04-17T14:52:05Z" user="Silka123" uid="419641" lat="55.7150871" lon="37.6286740"/>
 <node id="5541234652" visible="true" version="2" changeset="83713392" timestamp="2020-04-17T14:52:05Z" user="Silka123" uid="419641" lat="55.7150561" lon="37.6288464"/>
 <node id="5541234653" visible="true" version="2" changeset="83713392" timestamp="2020-04-17T14:52:05Z" user="Silka123" uid="419641" lat="55.7150417" lon="37.6288406"/>
 <node id="5541234654" visible="true" version="2" changeset="83713392" timestamp="2020-04-17T14:52:05Z" user="Silka123" uid="419641" lat="55.7150629" lon="37.6286642"/>
 <node id="5541234655" visible="true" version="2" changeset="83713392" timestamp="2020-04-17T14:52:05Z" user="Silka123" uid="419641" lat="55.7146037" lon="37.6283158"/>
 <node id="5541234656" visible="true" version="2" changeset="83713392" timestamp="2020-04-17T14:52:05Z" user="Silka123" uid="419641" lat="55.7147744" lon="37.6283809"/>
 <node id="5541234657" visible="true" version="2" changeset="83713392" timestamp="2020-04-17T14:52:05Z" user="Silka123" uid="419641" lat="55.7145992" lon="37.6283528"/>
 <node id="5541234658" visible="true" version="2" changeset="83713392" timestamp="2020-04-17T14:52:05Z" user="Silka123" uid="419641" lat="55.7147697" lon="37.6284178"/>
 <node id="5541234659" visible="true" version="2" changeset="83713392" timestamp="2020-04-17T14:52:05Z" user="Silka123" uid="419641" lat="55.7142393" lon="37.6284837"/>
 <node id="5541234660" visible="true" version="2" changeset="83713392" timestamp="2020-04-17T14:52:05Z" user="Silka123" uid="419641" lat="55.7142224" lon="37.6284538"/>
 <node id="5541234661" visible="true" version="2" changeset="83713392" timestamp="2020-04-17T14:52:05Z" user="Silka123" uid="419641" lat="55.7142239" lon="37.6284016"/>
 <node id="5541234662" visible="true" version="2" changeset="83713392" timestamp="2020-04-17T14:52:05Z" user="Silka123" uid="419641" lat="55.7142291" lon="37.6283902"/>
 <node id="5541234663" visible="true" version="2" changeset="83713392" timestamp="2020-04-17T14:52:05Z" user="Silka123" uid="419641" lat="55.7142444" lon="37.6283778"/>
 <node id="5541234664" visible="true" version="2" changeset="83713392" timestamp="2020-04-17T14:52:05Z" user="Silka123" uid="419641" lat="55.7142486" lon="37.6283442"/>
 <node id="5541234665" visible="true" version="2" changeset="83713392" timestamp="2020-04-17T14:52:05Z" user="Silka123" uid="419641" lat="55.7142503" lon="37.6285038"/>
 <node id="5541234666" visible="true" version="2" changeset="83713392" timestamp="2020-04-17T14:52:05Z" user="Silka123" uid="419641" lat="55.7142457" lon="37.6285387"/>
 <node id="5541234668" visible="true" version="2" changeset="83713392" timestamp="2020-04-17T14:52:05Z" user="Silka123" uid="419641" lat="55.7142616" lon="37.6285455"/>
 <node id="5541234669" visible="true" version="2" changeset="83713392" timestamp="2020-04-17T14:52:05Z" user="Silka123" uid="419641" lat="55.7142845" lon="37.6283581"/>
 <node id="5541234670" visible="true" version="2" changeset="83713392" timestamp="2020-04-17T14:52:05Z" user="Silka123" uid="419641" lat="55.7141913" lon="37.6287880"/>
 <node id="5541234671" visible="true" version="2" changeset="83713392" timestamp="2020-04-17T14:52:05Z" user="Silka123" uid="419641" lat="55.7141999" lon="37.6287911"/>
 <node id="5541234672" visible="true" version="2" changeset="83713392" timestamp="2020-04-17T14:52:05Z" user="Silka123" uid="419641" lat="55.7142246" lon="37.6285843"/>
 <node id="5541234673" visible="true" version="2" changeset="83713392" timestamp="2020-04-17T14:52:05Z" user="Silka123" uid="419641" lat="55.7142558" lon="37.6285967"/>
 <node id="5541234674" visible="true" version="2" changeset="83713392" timestamp="2020-04-17T14:52:05Z" user="Silka123" uid="419641" lat="55.7146715" lon="37.6289271"/>
 <node id="5541234675" visible="true" version="2" changeset="83713392" timestamp="2020-04-17T14:52:05Z" user="Silka123" uid="419641" lat="55.7145836" lon="37.6288959"/>
 <node id="5541234677" visible="true" version="2" changeset="83713392" timestamp="2020-04-17T14:52:05Z" user="Silka123" uid="419641" lat="55.7146498" lon="37.6289587"/>
 <node id="5541234678" visible="true" version="2" changeset="83713392" timestamp="2020-04-17T14:52:05Z" user="Silka123" uid="419641" lat="55.7146224" lon="37.6289589"/>
 <node id="5541234679" visible="true" version="2" changeset="83713392" timestamp="2020-04-17T14:52:05Z" user="Silka123" uid="419641" lat="55.7146087" lon="37.6289522"/>
 <node id="5541234680" visible="true" version="2" changeset="83713392" timestamp="2020-04-17T14:52:05Z" user="Silka123" uid="419641" lat="55.7145975" lon="37.6289389"/>
 <node id="5541234681" visible="true" version="2" changeset="83713392" timestamp="2020-04-17T14:52:05Z" user="Silka123" uid="419641" lat="55.7145860" lon="37.6289039"/>
 <node id="5541234682" visible="true" version="2" changeset="83713392" timestamp="2020-04-17T14:52:05Z" user="Silka123" uid="419641" lat="55.7144263" lon="37.6287054"/>
 <node id="5541234683" visible="true" version="2" changeset="83713392" timestamp="2020-04-17T14:52:05Z" user="Silka123" uid="419641" lat="55.7144243" lon="37.6287210"/>
 <node id="5541234684" visible="true" version="2" changeset="83713392" timestamp="2020-04-17T14:52:05Z" user="Silka123" uid="419641" lat="55.7143885" lon="37.6287081"/>
 <node id="5541234685" visible="true" version="2" changeset="83713392" timestamp="2020-04-17T14:52:05Z" user="Silka123" uid="419641" lat="55.7143860" lon="37.6287289"/>
 <node id="5541234686" visible="true" version="2" changeset="83713392" timestamp="2020-04-17T14:52:05Z" user="Silka123" uid="419641" lat="55.7143031" lon="37.6287450"/>
 <node id="5541234687" visible="true" version="2" changeset="83713392" timestamp="2020-04-17T14:52:05Z" user="Silka123" uid="419641" lat="55.7143455" lon="37.6287619"/>
 <node id="5541234688" visible="true" version="2" changeset="83713392" timestamp="2020-04-17T14:52:05Z" user="Silka123" uid="419641" lat="55.7133170" lon="37.6278745"/>
 <node id="5541234689" visible="true" version="2" changeset="83713392" timestamp="2020-04-17T14:52:05Z" user="Silka123" uid="419641" lat="55.7134303" lon="37.6278784"/>
 <node id="5541234690" visible="true" version="2" changeset="83713392" timestamp="2020-04-17T14:52:05Z" user="Silka123" uid="419641" lat="55.7141729" lon="37.6281710"/>
 <node id="5541234691" visible="true" version="2" changeset="83713392" timestamp="2020-04-17T14:52:05Z" user="Silka123" uid="419641" lat="55.7141123" lon="37.6281460"/>
 <node id="5541234692" visible="true" version="2" changeset="83713392" timestamp="2020-04-17T14:52:05Z" user="Silka123" uid="419641" lat="55.7141220" lon="37.6280717"/>
 <node id="5541234693" visible="true" version="2" changeset="83713392" timestamp="2020-04-17T14:52:05Z" user="Silka123" uid="419641" lat="55.7141822" lon="37.6280951"/>
 <node id="5541234694" visible="true" version="2" changeset="83713392" timestamp="2020-04-17T14:52:05Z" user="Silka123" uid="419641" lat="55.7140754" lon="37.6278874"/>
 <node id="5541234695" visible="true" version="2" changeset="83713392" timestamp="2020-04-17T14:52:05Z" user="Silka123" uid="419641" lat="55.7140969" lon="37.6278964"/>
 <node id="5541234696" visible="true" version="2" changeset="83713392" timestamp="2020-04-17T14:52:05Z" user="Silka123" uid="419641" lat="55.7140909" lon="37.6279448"/>
 <node id="5541234697" visible="true" version="2" changeset="83713392" timestamp="2020-04-17T14:52:05Z" user="Silka123" uid="419641" lat="55.7141043" lon="37.6279504"/>
 <node id="5541234698" visible="true" version="2" changeset="83713392" timestamp="2020-04-17T14:52:05Z" user="Silka123" uid="419641" lat="55.7140829" lon="37.6278259"/>
 <node id="5541234699" visible="true" version="2" changeset="83713392" timestamp="2020-04-17T14:52:05Z" user="Silka123" uid="419641" lat="55.7141026" lon="37.6279664"/>
 <node id="5541234700" visible="true" version="2" changeset="83713392" timestamp="2020-04-17T14:52:05Z" user="Silka123" uid="419641" lat="55.7141347" lon="37.6278460"/>
 <node id="5541234701" visible="true" version="2" changeset="83713392" timestamp="2020-04-17T14:52:05Z" user="Silka123" uid="419641" lat="55.7141179" lon="37.6279728"/>
 <node id="5600198368" visible="true" version="1" changeset="58730086" timestamp="2018-05-06T13:23:48Z" user="Echo78" uid="4292789" lat="55.7149164" lon="37.6272281"/>
 <node id="5600198369" visible="true" version="1" changeset="58730086" timestamp="2018-05-06T13:23:48Z" user="Echo78" uid="4292789" lat="55.7149251" lon="37.6267645"/>
 <node id="5600198370" visible="true" version="1" changeset="58730086" timestamp="2018-05-06T13:23:48Z" user="Echo78" uid="4292789" lat="55.7151275" lon="37.6254339"/>
 <node id="5600198371" visible="true" version="1" changeset="58730086" timestamp="2018-05-06T13:23:48Z" user="Echo78" uid="4292789" lat="55.7151216" lon="37.6254730"/>
 <node id="5600198372" visible="true" version="1" changeset="58730086" timestamp="2018-05-06T13:23:48Z" user="Echo78" uid="4292789" lat="55.7154083" lon="37.6261823"/>
 <node id="5600198373" visible="true" version="1" changeset="58730086" timestamp="2018-05-06T13:23:48Z" user="Echo78" uid="4292789" lat="55.7150336" lon="37.6260618"/>
 <node id="5600198374" visible="true" version="1" changeset="58730086" timestamp="2018-05-06T13:23:48Z" user="Echo78" uid="4292789" lat="55.7154026" lon="37.6262079"/>
 <node id="5600198375" visible="true" version="1" changeset="58730086" timestamp="2018-05-06T13:23:48Z" user="Echo78" uid="4292789" lat="55.7155003" lon="37.6257973"/>
 <node id="5600198376" visible="true" version="1" changeset="58730086" timestamp="2018-05-06T13:23:48Z" user="Echo78" uid="4292789" lat="55.7153733" lon="37.6260957"/>
 <node id="5600198377" visible="true" version="1" changeset="58730086" timestamp="2018-05-06T13:23:48Z" user="Echo78" uid="4292789" lat="55.7153536" lon="37.6261885"/>
 <node id="5600198378" visible="true" version="1" changeset="58730086" timestamp="2018-05-06T13:23:48Z" user="Echo78" uid="4292789" lat="55.7153187" lon="37.6264480"/>
 <node id="5600198379" visible="true" version="1" changeset="58730086" timestamp="2018-05-06T13:23:48Z" user="Echo78" uid="4292789" lat="55.7153077" lon="37.6270091"/>
 <node id="5600198380" visible="true" version="2" changeset="58730247" timestamp="2018-05-06T13:33:23Z" user="Echo78" uid="4292789" lat="55.7153353" lon="37.6271837"/>
 <node id="5600198381" visible="true" version="1" changeset="58730086" timestamp="2018-05-06T13:23:48Z" user="Echo78" uid="4292789" lat="55.7149184" lon="37.6269309"/>
 <node id="5600198382" visible="true" version="1" changeset="58730086" timestamp="2018-05-06T13:23:48Z" user="Echo78" uid="4292789" lat="55.7153078" lon="37.6267539"/>
 <node id="5600198383" visible="true" version="1" changeset="58730086" timestamp="2018-05-06T13:23:48Z" user="Echo78" uid="4292789" lat="55.7153426" lon="37.6267343"/>
 <node id="5600198384" visible="true" version="1" changeset="58730086" timestamp="2018-05-06T13:23:48Z" user="Echo78" uid="4292789" lat="55.7151964" lon="37.6262712"/>
 <node id="5600198385" visible="true" version="1" changeset="58730086" timestamp="2018-05-06T13:23:48Z" user="Echo78" uid="4292789" lat="55.7152475" lon="37.6263038"/>
 <node id="5600198386" visible="true" version="1" changeset="58730086" timestamp="2018-05-06T13:23:48Z" user="Echo78" uid="4292789" lat="55.7152137" lon="37.6264854"/>
 <node id="5600198387" visible="true" version="1" changeset="58730086" timestamp="2018-05-06T13:23:48Z" user="Echo78" uid="4292789" lat="55.7151722" lon="37.6264643"/>
 <node id="5600198388" visible="true" version="1" changeset="58730086" timestamp="2018-05-06T13:23:48Z" user="Echo78" uid="4292789" lat="55.7151815" lon="37.6266062"/>
 <node id="5600198389" visible="true" version="1" changeset="58730086" timestamp="2018-05-06T13:23:48Z" user="Echo78" uid="4292789" lat="55.7151684" lon="37.6267143"/>
 <node id="5600198390" visible="true" version="1" changeset="58730086" timestamp="2018-05-06T13:23:48Z" user="Echo78" uid="4292789" lat="55.7152622" lon="37.6267332"/>
 <node id="5600198391" visible="true" version="1" changeset="58730086" timestamp="2018-05-06T13:23:48Z" user="Echo78" uid="4292789" lat="55.7152496" lon="37.6270012"/>
 <node id="5600198392" visible="true" version="1" changeset="58730086" timestamp="2018-05-06T13:23:48Z" user="Echo78" uid="4292789" lat="55.7151034" lon="37.6270091"/>
 <node id="5600198393" visible="true" version="1" changeset="58730086" timestamp="2018-05-06T13:23:48Z" user="Echo78" uid="4292789" lat="55.7151015" lon="37.6268945"/>
 <node id="5600198394" visible="true" version="1" changeset="58730086" timestamp="2018-05-06T13:23:48Z" user="Echo78" uid="4292789" lat="55.7149514" lon="37.6269193"/>
 <node id="5600198395" visible="true" version="1" changeset="58730086" timestamp="2018-05-06T13:23:48Z" user="Echo78" uid="4292789" lat="55.7149913" lon="37.6264746"/>
 <node id="5600198396" visible="true" version="1" changeset="58730086" timestamp="2018-05-06T13:23:48Z" user="Echo78" uid="4292789" lat="55.7150194" lon="37.6264866"/>
 <node id="5600198397" visible="true" version="1" changeset="58730086" timestamp="2018-05-06T13:23:48Z" user="Echo78" uid="4292789" lat="55.7150607" lon="37.6261512"/>
 <node id="5600198398" visible="true" version="1" changeset="58730086" timestamp="2018-05-06T13:23:49Z" user="Echo78" uid="4292789" lat="55.7151420" lon="37.6261845"/>
 <node id="5600198399" visible="true" version="1" changeset="58730086" timestamp="2018-05-06T13:23:49Z" user="Echo78" uid="4292789" lat="55.7151350" lon="37.6262293"/>
 <node id="5600198400" visible="true" version="1" changeset="58730086" timestamp="2018-05-06T13:23:49Z" user="Echo78" uid="4292789" lat="55.7149550" lon="37.6267655"/>
 <node id="5600198401" visible="true" version="1" changeset="58730086" timestamp="2018-05-06T13:23:49Z" user="Echo78" uid="4292789" lat="55.7151515" lon="37.6265919"/>
 <node id="5600198402" visible="true" version="1" changeset="58730086" timestamp="2018-05-06T13:23:49Z" user="Echo78" uid="4292789" lat="55.7152858" lon="37.6258792"/>
 <node id="5600198403" visible="true" version="1" changeset="58730086" timestamp="2018-05-06T13:23:49Z" user="Echo78" uid="4292789" lat="55.7152124" lon="37.6261314"/>
 <node id="5600198404" visible="true" version="1" changeset="58730086" timestamp="2018-05-06T13:23:49Z" user="Echo78" uid="4292789" lat="55.7151757" lon="37.6262571"/>
 <node id="5614076637" visible="true" version="1" changeset="58910976" timestamp="2018-05-12T20:19:09Z" user="Echo78" uid="4292789" lat="55.7153697" lon="37.6268349"/>
 <node id="5614076638" visible="true" version="1" changeset="58910976" timestamp="2018-05-12T20:19:09Z" user="Echo78" uid="4292789" lat="55.7153545" lon="37.6271926"/>
 <node id="5614076639" visible="true" version="1" changeset="58910976" timestamp="2018-05-12T20:19:09Z" user="Echo78" uid="4292789" lat="55.7168551" lon="37.6272849"/>
 <node id="5614076640" visible="true" version="1" changeset="58910976" timestamp="2018-05-12T20:19:09Z" user="Echo78" uid="4292789" lat="55.7168681" lon="37.6271272"/>
 <node id="5614076641" visible="true" version="1" changeset="58910976" timestamp="2018-05-12T20:19:09Z" user="Echo78" uid="4292789" lat="55.7158555" lon="37.6267387"/>
 <node id="5614076642" visible="true" version="1" changeset="58910976" timestamp="2018-05-12T20:19:09Z" user="Echo78" uid="4292789" lat="55.7157754" lon="37.6267964"/>
 <node id="5614076643" visible="true" version="1" changeset="58910976" timestamp="2018-05-12T20:19:09Z" user="Echo78" uid="4292789" lat="55.7155490" lon="37.6258315"/>
 <node id="5614076644" visible="true" version="1" changeset="58910976" timestamp="2018-05-12T20:19:09Z" user="Echo78" uid="4292789" lat="55.7154591" lon="37.6262016"/>
 <node id="5614076645" visible="true" version="1" changeset="58910976" timestamp="2018-05-12T20:19:09Z" user="Echo78" uid="4292789" lat="55.7158504" lon="37.6264808"/>
 <node id="5614076646" visible="true" version="1" changeset="58910976" timestamp="2018-05-12T20:19:09Z" user="Echo78" uid="4292789" lat="55.7158701" lon="37.6265999"/>
 <node id="5614076647" visible="true" version="2" changeset="67109159" timestamp="2019-02-11T18:40:40Z" user="Echo78" uid="4292789" lat="55.7168860" lon="37.6269946"/>
 <node id="5614076648" visible="true" version="1" changeset="58910976" timestamp="2018-05-12T20:19:09Z" user="Echo78" uid="4292789" lat="55.7169152" lon="37.6267750"/>
 <node id="5645671662" visible="true" version="3" changeset="159328111" timestamp="2024-11-19T14:54:09Z" user="literan" uid="830106" lat="55.7130492" lon="37.6248546">
  <tag k="access" v="private"/>
  <tag k="barrier" v="gate"/>
 </node>
 <node id="5661535937" visible="true" version="5" changeset="159328111" timestamp="2024-11-19T14:54:09Z" user="literan" uid="830106" lat="55.7138078" lon="37.6264254">
  <tag k="access" v="private"/>
  <tag k="barrier" v="gate"/>
 </node>
 <node id="5661551121" visible="true" version="1" changeset="59513986" timestamp="2018-06-03T17:15:33Z" user="Echo78" uid="4292789" lat="55.7153497" lon="37.6265893"/>
 <node id="5661551122" visible="true" version="3" changeset="159328111" timestamp="2024-11-19T14:54:09Z" user="literan" uid="830106" lat="55.7139153" lon="37.6264214"/>
 <node id="5661551123" visible="true" version="3" changeset="159328111" timestamp="2024-11-19T14:54:09Z" user="literan" uid="830106" lat="55.7138536" lon="37.6264228"/>
 <node id="5678329653" visible="true" version="1" changeset="59697452" timestamp="2018-06-09T19:01:47Z" user="Echo78" uid="4292789" lat="55.7150513" lon="37.6254149">
  <tag k="access" v="private"/>
  <tag k="barrier" v="gate"/>
  <tag k="horse" v="no"/>
  <tag k="motor_vehicle" v="no"/>
 </node>
 <node id="6733297080" visible="true" version="3" changeset="135707721" timestamp="2023-05-04T16:00:52Z" user="Bobropiton" uid="2055718" lat="55.7116630" lon="37.6307983"/>
 <node id="7414870239" visible="true" version="2" changeset="159328111" timestamp="2024-11-19T14:54:09Z" user="literan" uid="830106" lat="55.7138106" lon="37.6260280"/>
 <node id="7414870240" visible="true" version="2" changeset="159328111" timestamp="2024-11-19T14:54:09Z" user="literan" uid="830106" lat="55.7136018" lon="37.6260234"/>
 <node id="7414870241" visible="true" version="2" changeset="159328111" timestamp="2024-11-19T14:54:09Z" user="literan" uid="830106" lat="55.7135998" lon="37.6263079"/>
 <node id="7414870242" visible="true" version="2" changeset="159328111" timestamp="2024-11-19T14:54:09Z" user="literan" uid="830106" lat="55.7134147" lon="37.6264593"/>
 <node id="7414870243" visible="true" version="2" changeset="159328111" timestamp="2024-11-19T14:54:09Z" user="literan" uid="830106" lat="55.7134830" lon="37.6264608"/>
 <node id="7414870244" visible="true" version="2" changeset="159328111" timestamp="2024-11-19T14:54:09Z" user="literan" uid="830106" lat="55.7134793" lon="37.6269863"/>
 <node id="7414870245" visible="true" version="2" changeset="159328111" timestamp="2024-11-19T14:54:09Z" user="literan" uid="830106" lat="55.7134110" lon="37.6269847"/>
 <node id="7414870246" visible="true" version="1" changeset="83713392" timestamp="2020-04-17T14:52:05Z" user="Silka123" uid="419641" lat="55.7129072" lon="37.6270295"/>
 <node id="7414870247" visible="true" version="1" changeset="83713392" timestamp="2020-04-17T14:52:05Z" user="Silka123" uid="419641" lat="55.7129029" lon="37.6270394"/>
 <node id="7414870248" visible="true" version="1" changeset="83713392" timestamp="2020-04-17T14:52:05Z" user="Silka123" uid="419641" lat="55.7129344" lon="37.6270317"/>
 <node id="7414870249" visible="true" version="1" changeset="83713392" timestamp="2020-04-17T14:52:05Z" user="Silka123" uid="419641" lat="55.7129383" lon="37.6270439"/>
 <node id="7414870250" visible="true" version="1" changeset="83713392" timestamp="2020-04-17T14:52:05Z" user="Silka123" uid="419641" lat="55.7133025" lon="37.6265752"/>
 <node id="7414870275" visible="true" version="1" changeset="83713392" timestamp="2020-04-17T14:52:05Z" user="Silka123" uid="419641" lat="55.7129437" lon="37.6278144"/>
 <node id="7414870276" visible="true" version="1" changeset="83713392" timestamp="2020-04-17T14:52:05Z" user="Silka123" uid="419641" lat="55.7130510" lon="37.6275690"/>
 <node id="7414870277" visible="true" version="1" changeset="83713392" timestamp="2020-04-17T14:52:05Z" user="Silka123" uid="419641" lat="55.7130223" lon="37.6275341"/>
 <node id="7414870278" visible="true" version="1" changeset="83713392" timestamp="2020-04-17T14:52:05Z" user="Silka123" uid="419641" lat="55.7130498" lon="37.6275706"/>
 <node id="7414870279" visible="true" version="1" changeset="83713392" timestamp="2020-04-17T14:52:05Z" user="Silka123" uid="419641" lat="55.7130226" lon="37.6275331"/>
 <node id="7414870280" visible="true" version="1" changeset="83713392" timestamp="2020-04-17T14:52:05Z" user="Silka123" uid="419641" lat="55.7129192" lon="37.6277696"/>
 <node id="7414870281" visible="true" version="1" changeset="83713392" timestamp="2020-04-17T14:52:05Z" user="Silka123" uid="419641" lat="55.7129464" lon="37.6278070"/>
 <node id="7414874220" visible="true" version="1" changeset="83713392" timestamp="2020-04-17T14:52:05Z" user="Silka123" uid="419641" lat="55.7116378" lon="37.6274537"/>
 <node id="7414874230" visible="true" version="1" changeset="83713392" timestamp="2020-04-17T14:52:05Z" user="Silka123" uid="419641" lat="55.7124675" lon="37.6290735"/>
 <node id="7414874236" visible="true" version="1" changeset="83713392" timestamp="2020-04-17T14:52:05Z" user="Silka123" uid="419641" lat="55.7126192" lon="37.6286568"/>
 <node id="7414874243" visible="true" version="1" changeset="83713392" timestamp="2020-04-17T14:52:05Z" user="Silka123" uid="419641" lat="55.7116871" lon="37.6292142"/>
 <node id="7414874244" visible="true" version="1" changeset="83713392" timestamp="2020-04-17T14:52:05Z" user="Silka123" uid="419641" lat="55.7119264" lon="37.6292729"/>
 <node id="7414874245" visible="true" version="1" changeset="83713392" timestamp="2020-04-17T14:52:05Z" user="Silka123" uid="419641" lat="55.7117337" lon="37.6293305"/>
 <node id="7414874246" visible="true" version="1" changeset="83713392" timestamp="2020-04-17T14:52:05Z" user="Silka123" uid="419641" lat="55.7122006" lon="37.6292299"/>
 <node id="7414874265" visible="true" version="1" changeset="83713392" timestamp="2020-04-17T14:52:05Z" user="Silka123" uid="419641" lat="55.7120239" lon="37.6301580"/>
 <node id="7414874266" visible="true" version="1" changeset="83713392" timestamp="2020-04-17T14:52:05Z" user="Silka123" uid="419641" lat="55.7119876" lon="37.6302096"/>
 <node id="7414874272" visible="true" version="2" changeset="167199071" timestamp="2025-06-04T23:01:05Z" user="neo-plan" uid="363136" lat="55.7133000" lon="37.6311719"/>
 <node id="7414874273" visible="true" version="1" changeset="83713392" timestamp="2020-04-17T14:52:05Z" user="Silka123" uid="419641" lat="55.7132784" lon="37.6312919"/>
 <node id="7414874276" visible="true" version="1" changeset="83713392" timestamp="2020-04-17T14:52:05Z" user="Silka123" uid="419641" lat="55.7129712" lon="37.6324233"/>
 <node id="7414874277" visible="true" version="1" changeset="83713392" timestamp="2020-04-17T14:52:05Z" user="Silka123" uid="419641" lat="55.7128296" lon="37.6312195"/>
 <node id="7414874294" visible="true" version="1" changeset="83713392" timestamp="2020-04-17T14:52:05Z" user="Silka123" uid="419641" lat="55.7125511" lon="37.6323711"/>
 <node id="7414874295" visible="true" version="1" changeset="83713392" timestamp="2020-04-17T14:52:05Z" user="Silka123" uid="419641" lat="55.7125490" lon="37.6324268"/>
 <node id="7414874296" visible="true" version="1" changeset="83713392" timestamp="2020-04-17T14:52:05Z" user="Silka123" uid="419641" lat="55.7127776" lon="37.6323962"/>
 <node id="7414874297" visible="true" version="1" changeset="83713392" timestamp="2020-04-17T14:52:05Z" user="Silka123" uid="419641" lat="55.7127744" lon="37.6324630"/>
 <node id="7414874304" visible="true" version="1" changeset="83713392" timestamp="2020-04-17T14:52:05Z" user="Silka123" uid="419641" lat="55.7129391" lon="37.6324193"/>
 <node id="7414874305" visible="true" version="1" changeset="83713392" timestamp="2020-04-17T14:52:05Z" user="Silka123" uid="419641" lat="55.7130389" lon="37.6324275"/>
 <node id="7414874306" visible="true" version="1" changeset="83713392" timestamp="2020-04-17T14:52:05Z" user="Silka123" uid="419641" lat="55.7130266" lon="37.6327084"/>
 <node id="7414874309" visible="true" version="1" changeset="83713392" timestamp="2020-04-17T14:52:05Z" user="Silka123" uid="419641" lat="55.7134346" lon="37.6307926"/>
 <node id="7414874310" visible="true" version="1" changeset="83713392" timestamp="2020-04-17T14:52:05Z" user="Silka123" uid="419641" lat="55.7134002" lon="37.6307708"/>
 <node id="7414874311" visible="true" version="1" changeset="83713392" timestamp="2020-04-17T14:52:05Z" user="Silka123" uid="419641" lat="55.7134249" lon="37.6306483"/>
 <node id="7414874312" visible="true" version="1" changeset="83713392" timestamp="2020-04-17T14:52:05Z" user="Silka123" uid="419641" lat="55.7134593" lon="37.6306702"/>
 <node id="7414874327" visible="true" version="1" changeset="83713392" timestamp="2020-04-17T14:52:05Z" user="Silka123" uid="419641" lat="55.7132061" lon="37.6327516"/>
 <node id="7414874328" visible="true" version="1" changeset="83713392" timestamp="2020-04-17T14:52:05Z" user="Silka123" uid="419641" lat="55.7131122" lon="37.6327198"/>
 <node id="7414874330" visible="true" version="1" changeset="83713392" timestamp="2020-04-17T14:52:05Z" user="Silka123" uid="419641" lat="55.7135204" lon="37.6327635">
  <tag k="barrier" v="lift_gate"/>
 </node>
 <node id="7414874337" visible="true" version="1" changeset="83713392" timestamp="2020-04-17T14:52:05Z" user="Silka123" uid="419641" lat="55.7130001" lon="37.6293940"/>
 <node id="7414874338" visible="true" version="1" changeset="83713392" timestamp="2020-04-17T14:52:05Z" user="Silka123" uid="419641" lat="55.7130000" lon="37.6293859"/>
 <node id="7414874339" visible="true" version="1" changeset="83713392" timestamp="2020-04-17T14:52:05Z" user="Silka123" uid="419641" lat="55.7133749" lon="37.6293952"/>
 <node id="7414874340" visible="true" version="1" changeset="83713392" timestamp="2020-04-17T14:52:05Z" user="Silka123" uid="419641" lat="55.7133746" lon="37.6294064"/>
 <node id="7414874341" visible="true" version="1" changeset="83713392" timestamp="2020-04-17T14:52:05Z" user="Silka123" uid="419641" lat="55.7131415" lon="37.6294033"/>
 <node id="7414874342" visible="true" version="1" changeset="83713392" timestamp="2020-04-17T14:52:05Z" user="Silka123" uid="419641" lat="55.7131416" lon="37.6293890"/>
 <node id="7414874343" visible="true" version="1" changeset="83713392" timestamp="2020-04-17T14:52:05Z" user="Silka123" uid="419641" lat="55.7131392" lon="37.6296301"/>
 <node id="7414874344" visible="true" version="1" changeset="83713392" timestamp="2020-04-17T14:52:05Z" user="Silka123" uid="419641" lat="55.7131329" lon="37.6296303"/>
 <node id="7414874345" visible="true" version="1" changeset="83713392" timestamp="2020-04-17T14:52:05Z" user="Silka123" uid="419641" lat="55.7129952" lon="37.6297820"/>
 <node id="7414874346" visible="true" version="1" changeset="83713392" timestamp="2020-04-17T14:52:05Z" user="Silka123" uid="419641" lat="55.7129889" lon="37.6297815"/>
 <node id="7414874347" visible="true" version="1" changeset="83713392" timestamp="2020-04-17T14:52:05Z" user="Silka123" uid="419641" lat="55.7129914" lon="37.6296554"/>
 <node id="7414874348" visible="true" version="1" changeset="83713392" timestamp="2020-04-17T14:52:05Z" user="Silka123" uid="419641" lat="55.7129684" lon="37.6296546"/>
 <node id="7414874349" visible="true" version="1" changeset="83713392" timestamp="2020-04-17T14:52:05Z" user="Silka123" uid="419641" lat="55.7129511" lon="37.6295733"/>
 <node id="7414874350" visible="true" version="1" changeset="83713392" timestamp="2020-04-17T14:52:05Z" user="Silka123" uid="419641" lat="55.7129518" lon="37.6295371"/>
 <node id="7414874351" visible="true" version="1" changeset="83713392" timestamp="2020-04-17T14:52:05Z" user="Silka123" uid="419641" lat="55.7131760" lon="37.6275080"/>
 <node id="7414874352" visible="true" version="1" changeset="83713392" timestamp="2020-04-17T14:52:05Z" user="Silka123" uid="419641" lat="55.7132638" lon="37.6275438"/>
 <node id="7414874353" visible="true" version="2" changeset="83718184" timestamp="2020-04-17T16:51:45Z" user="literan" uid="830106" lat="55.7131646" lon="37.6276074"/>
 <node id="7414874354" visible="true" version="2" changeset="83718184" timestamp="2020-04-17T16:51:45Z" user="literan" uid="830106" lat="55.7131608" lon="37.6276861"/>
 <node id="7414874355" visible="true" version="2" changeset="83718184" timestamp="2020-04-17T16:51:45Z" user="literan" uid="830106" lat="55.7132461" lon="37.6276991"/>
 <node id="7414874356" visible="true" version="2" changeset="83718184" timestamp="2020-04-17T16:51:45Z" user="literan" uid="830106" lat="55.7132499" lon="37.6276203"/>
 <node id="7414874357" visible="true" version="1" changeset="83713392" timestamp="2020-04-17T14:52:05Z" user="Silka123" uid="419641" lat="55.7134305" lon="37.6278233"/>
 <node id="7414874358" visible="true" version="1" changeset="83713392" timestamp="2020-04-17T14:52:05Z" user="Silka123" uid="419641" lat="55.7134221" lon="37.6278233"/>
 <node id="7414874382" visible="true" version="1" changeset="83713392" timestamp="2020-04-17T14:52:05Z" user="Silka123" uid="419641" lat="55.7155316" lon="37.6318766"/>
 <node id="7414874431" visible="true" version="1" changeset="83713392" timestamp="2020-04-17T14:52:05Z" user="Silka123" uid="419641" lat="55.7137609" lon="37.6283532"/>
 <node id="7414874432" visible="true" version="1" changeset="83713392" timestamp="2020-04-17T14:52:05Z" user="Silka123" uid="419641" lat="55.7137489" lon="37.6283487"/>
 <node id="7414874433" visible="true" version="1" changeset="83713392" timestamp="2020-04-17T14:52:05Z" user="Silka123" uid="419641" lat="55.7136879" lon="37.6288495"/>
 <node id="7414874434" visible="true" version="1" changeset="83713392" timestamp="2020-04-17T14:52:05Z" user="Silka123" uid="419641" lat="55.7136729" lon="37.6289909"/>
 <node id="7414874435" visible="true" version="1" changeset="83713392" timestamp="2020-04-17T14:52:05Z" user="Silka123" uid="419641" lat="55.7137259" lon="37.6290087"/>
 <node id="7414874436" visible="true" version="1" changeset="83713392" timestamp="2020-04-17T14:52:05Z" user="Silka123" uid="419641" lat="55.7137409" lon="37.6288673"/>
 <node id="7414874437" visible="true" version="1" changeset="83713392" timestamp="2020-04-17T14:52:05Z" user="Silka123" uid="419641" lat="55.7136436" lon="37.6285658"/>
 <node id="7414874438" visible="true" version="1" changeset="83713392" timestamp="2020-04-17T14:52:05Z" user="Silka123" uid="419641" lat="55.7136365" lon="37.6286013"/>
 <node id="7414874439" visible="true" version="1" changeset="83713392" timestamp="2020-04-17T14:52:05Z" user="Silka123" uid="419641" lat="55.7136484" lon="37.6286258"/>
 <node id="7414874440" visible="true" version="1" changeset="83713392" timestamp="2020-04-17T14:52:05Z" user="Silka123" uid="419641" lat="55.7136610" lon="37.6285602"/>
 <node id="7414874441" visible="true" version="1" changeset="83713392" timestamp="2020-04-17T14:52:05Z" user="Silka123" uid="419641" lat="55.7139513" lon="37.6291464"/>
 <node id="7414874442" visible="true" version="1" changeset="83713392" timestamp="2020-04-17T14:52:05Z" user="Silka123" uid="419641" lat="55.7139340" lon="37.6292907"/>
 <node id="7414874443" visible="true" version="1" changeset="83713392" timestamp="2020-04-17T14:52:05Z" user="Silka123" uid="419641" lat="55.7138377" lon="37.6292543"/>
 <node id="7414874444" visible="true" version="1" changeset="83713392" timestamp="2020-04-17T14:52:05Z" user="Silka123" uid="419641" lat="55.7138550" lon="37.6291101"/>
 <node id="7414874445" visible="true" version="1" changeset="83713392" timestamp="2020-04-17T14:52:05Z" user="Silka123" uid="419641" lat="55.7135517" lon="37.6306123"/>
 <node id="7414874446" visible="true" version="1" changeset="83713392" timestamp="2020-04-17T14:52:05Z" user="Silka123" uid="419641" lat="55.7135393" lon="37.6307195"/>
 <node id="7414874447" visible="true" version="1" changeset="83713392" timestamp="2020-04-17T14:52:05Z" user="Silka123" uid="419641" lat="55.7135666" lon="37.6306178"/>
 <node id="7414874448" visible="true" version="1" changeset="83713392" timestamp="2020-04-17T14:52:05Z" user="Silka123" uid="419641" lat="55.7135540" lon="37.6307249"/>
 <node id="7414874449" visible="true" version="1" changeset="83713392" timestamp="2020-04-17T14:52:05Z" user="Silka123" uid="419641" lat="55.7136547" lon="37.6310748"/>
 <node id="7414874450" visible="true" version="1" changeset="83713392" timestamp="2020-04-17T14:52:05Z" user="Silka123" uid="419641" lat="55.7136872" lon="37.6310866"/>
 <node id="7414874451" visible="true" version="1" changeset="83713392" timestamp="2020-04-17T14:52:05Z" user="Silka123" uid="419641" lat="55.7136171" lon="37.6310625"/>
 <node id="7414874452" visible="true" version="1" changeset="83713392" timestamp="2020-04-17T14:52:05Z" user="Silka123" uid="419641" lat="55.7136360" lon="37.6310694"/>
 <node id="7414874453" visible="true" version="1" changeset="83713392" timestamp="2020-04-17T14:52:05Z" user="Silka123" uid="419641" lat="55.7136388" lon="37.6310452"/>
 <node id="7414874454" visible="true" version="1" changeset="83713392" timestamp="2020-04-17T14:52:05Z" user="Silka123" uid="419641" lat="55.7136574" lon="37.6310520"/>
 <node id="7414874455" visible="true" version="1" changeset="83713392" timestamp="2020-04-17T14:52:05Z" user="Silka123" uid="419641" lat="55.7136896" lon="37.6310656"/>
 <node id="7414874456" visible="true" version="1" changeset="83713392" timestamp="2020-04-17T14:52:05Z" user="Silka123" uid="419641" lat="55.7136188" lon="37.6310483"/>
 <node id="7414874457" visible="true" version="1" changeset="83713392" timestamp="2020-04-17T14:52:05Z" user="Silka123" uid="419641" lat="55.7136506" lon="37.6309437"/>
 <node id="7414874458" visible="true" version="1" changeset="83713392" timestamp="2020-04-17T14:52:05Z" user="Silka123" uid="419641" lat="55.7137081" lon="37.6309647"/>
 <node id="7414874459" visible="true" version="1" changeset="83713392" timestamp="2020-04-17T14:52:05Z" user="Silka123" uid="419641" lat="55.7140607" lon="37.6298408"/>
 <node id="7414874460" visible="true" version="1" changeset="83713392" timestamp="2020-04-17T14:52:05Z" user="Silka123" uid="419641" lat="55.7139059" lon="37.6304596"/>
 <node id="7414874461" visible="true" version="1" changeset="83713392" timestamp="2020-04-17T14:52:05Z" user="Silka123" uid="419641" lat="55.7139042" lon="37.6304715"/>
 <node id="7414874462" visible="true" version="1" changeset="83713392" timestamp="2020-04-17T14:52:05Z" user="Silka123" uid="419641" lat="55.7138913" lon="37.6304673"/>
 <node id="7414874463" visible="true" version="1" changeset="83713392" timestamp="2020-04-17T14:52:05Z" user="Silka123" uid="419641" lat="55.7139124" lon="37.6304059"/>
 <node id="7414874464" visible="true" version="1" changeset="83713392" timestamp="2020-04-17T14:52:05Z" user="Silka123" uid="419641" lat="55.7139142" lon="37.6303872"/>
 <node id="7414874465" visible="true" version="1" changeset="83713392" timestamp="2020-04-17T14:52:05Z" user="Silka123" uid="419641" lat="55.7138900" lon="37.6303771"/>
 <node id="7414874466" visible="true" version="1" changeset="83713392" timestamp="2020-04-17T14:52:05Z" user="Silka123" uid="419641" lat="55.7138959" lon="37.6303312"/>
 <node id="7414874467" visible="true" version="1" changeset="83713392" timestamp="2020-04-17T14:52:05Z" user="Silka123" uid="419641" lat="55.7138280" lon="37.6303042"/>
 <node id="7414874468" visible="true" version="1" changeset="83713392" timestamp="2020-04-17T14:52:05Z" user="Silka123" uid="419641" lat="55.7139298" lon="37.6304128"/>
 <node id="7414874469" visible="true" version="1" changeset="83713392" timestamp="2020-04-17T14:52:05Z" user="Silka123" uid="419641" lat="55.7139226" lon="37.6304668"/>
 <node id="7414874470" visible="true" version="1" changeset="83713392" timestamp="2020-04-17T14:52:05Z" user="Silka123" uid="419641" lat="55.7138829" lon="37.6305288"/>
 <node id="7414874471" visible="true" version="1" changeset="83713392" timestamp="2020-04-17T14:52:05Z" user="Silka123" uid="419641" lat="55.7138036" lon="37.6304972"/>
 <node id="7414874472" visible="true" version="1" changeset="83713392" timestamp="2020-04-17T14:52:05Z" user="Silka123" uid="419641" lat="55.7151874" lon="37.6303773"/>
 <node id="7414874473" visible="true" version="1" changeset="83713392" timestamp="2020-04-17T14:52:05Z" user="Silka123" uid="419641" lat="55.7150568" lon="37.6303310"/>
 <node id="7414874474" visible="true" version="1" changeset="83713392" timestamp="2020-04-17T14:52:05Z" user="Silka123" uid="419641" lat="55.7150634" lon="37.6302728"/>
 <node id="7414874475" visible="true" version="1" changeset="83713392" timestamp="2020-04-17T14:52:05Z" user="Silka123" uid="419641" lat="55.7151939" lon="37.6303186"/>
 <node id="7414874521" visible="true" version="1" changeset="83713392" timestamp="2020-04-17T14:52:05Z" user="Silka123" uid="419641" lat="55.7143661" lon="37.6282352"/>
 <node id="7414874522" visible="true" version="1" changeset="83713392" timestamp="2020-04-17T14:52:05Z" user="Silka123" uid="419641" lat="55.7143598" lon="37.6282784"/>
 <node id="7414874523" visible="true" version="1" changeset="83713392" timestamp="2020-04-17T14:52:05Z" user="Silka123" uid="419641" lat="55.7144513" lon="37.6282660"/>
 <node id="7414874524" visible="true" version="1" changeset="83713392" timestamp="2020-04-17T14:52:05Z" user="Silka123" uid="419641" lat="55.7144494" lon="37.6282818"/>
 <node id="7414874525" visible="true" version="1" changeset="83713392" timestamp="2020-04-17T14:52:05Z" user="Silka123" uid="419641" lat="55.7144690" lon="37.6282892"/>
 <node id="7414874526" visible="true" version="1" changeset="83713392" timestamp="2020-04-17T14:52:05Z" user="Silka123" uid="419641" lat="55.7144696" lon="37.6283032"/>
 <node id="7414874527" visible="true" version="1" changeset="83713392" timestamp="2020-04-17T14:52:05Z" user="Silka123" uid="419641" lat="55.7147062" lon="37.6288834"/>
 <node id="7414874528" visible="true" version="1" changeset="83713392" timestamp="2020-04-17T14:52:05Z" user="Silka123" uid="419641" lat="55.7147139" lon="37.6288855"/>
 <node id="7414874529" visible="true" version="1" changeset="83713392" timestamp="2020-04-17T14:52:05Z" user="Silka123" uid="419641" lat="55.7146373" lon="37.6289604"/>
 <node id="7414874530" visible="true" version="1" changeset="83713392" timestamp="2020-04-17T14:52:05Z" user="Silka123" uid="419641" lat="55.7143352" lon="37.6286984"/>
 <node id="7414874531" visible="true" version="1" changeset="83713392" timestamp="2020-04-17T14:52:05Z" user="Silka123" uid="419641" lat="55.7143260" lon="37.6286955"/>
 <node id="7414874532" visible="true" version="1" changeset="83713392" timestamp="2020-04-17T14:52:05Z" user="Silka123" uid="419641" lat="55.7143292" lon="37.6286689"/>
 <node id="7414874533" visible="true" version="1" changeset="83713392" timestamp="2020-04-17T14:52:05Z" user="Silka123" uid="419641" lat="55.7143344" lon="37.6287091"/>
 <node id="7414874534" visible="true" version="1" changeset="83713392" timestamp="2020-04-17T14:52:05Z" user="Silka123" uid="419641" lat="55.7142192" lon="37.6284374"/>
 <node id="7414874535" visible="true" version="1" changeset="83713392" timestamp="2020-04-17T14:52:05Z" user="Silka123" uid="419641" lat="55.7142201" lon="37.6284179"/>
 <node id="7414874536" visible="true" version="1" changeset="83713392" timestamp="2020-04-17T14:52:05Z" user="Silka123" uid="419641" lat="55.7149175" lon="37.6284591"/>
 <node id="7414874537" visible="true" version="1" changeset="83713392" timestamp="2020-04-17T14:52:05Z" user="Silka123" uid="419641" lat="55.7150202" lon="37.6284974"/>
 <node id="7414874538" visible="true" version="1" changeset="83713392" timestamp="2020-04-17T14:52:05Z" user="Silka123" uid="419641" lat="55.7150171" lon="37.6285267"/>
 <node id="7414874539" visible="true" version="1" changeset="83713392" timestamp="2020-04-17T14:52:05Z" user="Silka123" uid="419641" lat="55.7149163" lon="37.6284724"/>
 <node id="7414874540" visible="true" version="1" changeset="83713392" timestamp="2020-04-17T14:52:05Z" user="Silka123" uid="419641" lat="55.7149733" lon="37.6288878"/>
 <node id="7414874541" visible="true" version="1" changeset="83713392" timestamp="2020-04-17T14:52:05Z" user="Silka123" uid="419641" lat="55.7149705" lon="37.6289082"/>
 <node id="7414874542" visible="true" version="1" changeset="83713392" timestamp="2020-04-17T14:52:05Z" user="Silka123" uid="419641" lat="55.7150825" lon="37.6287981"/>
 <node id="7414874543" visible="true" version="1" changeset="83713392" timestamp="2020-04-17T14:52:05Z" user="Silka123" uid="419641" lat="55.7151035" lon="37.6287768"/>
 <node id="7414874544" visible="true" version="1" changeset="83713392" timestamp="2020-04-17T14:52:05Z" user="Silka123" uid="419641" lat="55.7151067" lon="37.6287228"/>
 <node id="7414874545" visible="true" version="1" changeset="83713392" timestamp="2020-04-17T14:52:05Z" user="Silka123" uid="419641" lat="55.7153567" lon="37.6283617"/>
 <node id="7414874546" visible="true" version="1" changeset="83713392" timestamp="2020-04-17T14:52:05Z" user="Silka123" uid="419641" lat="55.7153661" lon="37.6283649"/>
 <node id="7414874547" visible="true" version="1" changeset="83713392" timestamp="2020-04-17T14:52:05Z" user="Silka123" uid="419641" lat="55.7153622" lon="37.6282332"/>
 <node id="7414874548" visible="true" version="1" changeset="83713392" timestamp="2020-04-17T14:52:05Z" user="Silka123" uid="419641" lat="55.7153600" lon="37.6282535"/>
 <node id="7414874549" visible="true" version="1" changeset="83713392" timestamp="2020-04-17T14:52:05Z" user="Silka123" uid="419641" lat="55.7154494" lon="37.6295310"/>
 <node id="7414874550" visible="true" version="1" changeset="83713392" timestamp="2020-04-17T14:52:05Z" user="Silka123" uid="419641" lat="55.7154530" lon="37.6294918"/>
 <node id="7414874551" visible="true" version="1" changeset="83713392" timestamp="2020-04-17T14:52:05Z" user="Silka123" uid="419641" lat="55.7151784" lon="37.6294294"/>
 <node id="7414874552" visible="true" version="1" changeset="83713392" timestamp="2020-04-17T14:52:05Z" user="Silka123" uid="419641" lat="55.7151816" lon="37.6294016"/>
 <node id="7414874553" visible="true" version="1" changeset="83713392" timestamp="2020-04-17T14:52:05Z" user="Silka123" uid="419641" lat="55.7155417" lon="37.6293486"/>
 <node id="7414874554" visible="true" version="1" changeset="83713392" timestamp="2020-04-17T14:52:05Z" user="Silka123" uid="419641" lat="55.7155348" lon="37.6293592"/>
 <node id="7414874555" visible="true" version="1" changeset="83713392" timestamp="2020-04-17T14:52:05Z" user="Silka123" uid="419641" lat="55.7155238" lon="37.6293620"/>
 <node id="7414874556" visible="true" version="1" changeset="83713392" timestamp="2020-04-17T14:52:05Z" user="Silka123" uid="419641" lat="55.7155139" lon="37.6293582"/>
 <node id="7414874557" visible="true" version="1" changeset="83713392" timestamp="2020-04-17T14:52:05Z" user="Silka123" uid="419641" lat="55.7155029" lon="37.6293490"/>
 <node id="7414874558" visible="true" version="1" changeset="83713392" timestamp="2020-04-17T14:52:05Z" user="Silka123" uid="419641" lat="55.7154922" lon="37.6293330"/>
 <node id="7414874559" visible="true" version="1" changeset="83713392" timestamp="2020-04-17T14:52:05Z" user="Silka123" uid="419641" lat="55.7154881" lon="37.6293131"/>
 <node id="7414874560" visible="true" version="1" changeset="83713392" timestamp="2020-04-17T14:52:05Z" user="Silka123" uid="419641" lat="55.7154902" lon="37.6292880"/>
 <node id="7414874561" visible="true" version="1" changeset="83713392" timestamp="2020-04-17T14:52:05Z" user="Silka123" uid="419641" lat="55.7154765" lon="37.6292823"/>
 <node id="7414874562" visible="true" version="1" changeset="83713392" timestamp="2020-04-17T14:52:05Z" user="Silka123" uid="419641" lat="55.7156430" lon="37.6291790"/>
 <node id="7414874563" visible="true" version="1" changeset="83713392" timestamp="2020-04-17T14:52:05Z" user="Silka123" uid="419641" lat="55.7155740" lon="37.6291485"/>
 <node id="7414874564" visible="true" version="1" changeset="83713392" timestamp="2020-04-17T14:52:05Z" user="Silka123" uid="419641" lat="55.7154595" lon="37.6292029"/>
 <node id="7414874565" visible="true" version="1" changeset="83713392" timestamp="2020-04-17T14:52:05Z" user="Silka123" uid="419641" lat="55.7154629" lon="37.6291767"/>
 <node id="7414874566" visible="true" version="1" changeset="83713392" timestamp="2020-04-17T14:52:05Z" user="Silka123" uid="419641" lat="55.7154856" lon="37.6292151"/>
 <node id="7414874567" visible="true" version="1" changeset="83713392" timestamp="2020-04-17T14:52:05Z" user="Silka123" uid="419641" lat="55.7155463" lon="37.6293342"/>
 <node id="7414874568" visible="true" version="1" changeset="83713392" timestamp="2020-04-17T14:52:05Z" user="Silka123" uid="419641" lat="55.7155873" lon="37.6293527"/>
 <node id="7414874569" visible="true" version="1" changeset="83713392" timestamp="2020-04-17T14:52:05Z" user="Silka123" uid="419641" lat="55.7155854" lon="37.6293701"/>
 <node id="7414874570" visible="true" version="1" changeset="83713392" timestamp="2020-04-17T14:52:05Z" user="Silka123" uid="419641" lat="55.7156466" lon="37.6291515"/>
 <node id="7414874571" visible="true" version="1" changeset="83713392" timestamp="2020-04-17T14:52:05Z" user="Silka123" uid="419641" lat="55.7156347" lon="37.6293916"/>
 <node id="7414874572" visible="true" version="1" changeset="83713392" timestamp="2020-04-17T14:52:05Z" user="Silka123" uid="419641" lat="55.7156516" lon="37.6292743"/>
 <node id="7414874591" visible="true" version="2" changeset="83718184" timestamp="2020-04-17T16:51:45Z" user="literan" uid="830106" lat="55.7164103" lon="37.6308648"/>
 <node id="7414874593" visible="true" version="2" changeset="83718184" timestamp="2020-04-17T16:51:45Z" user="literan" uid="830106" lat="55.7164225" lon="37.6307519"/>
 <node id="7414874597" visible="true" version="1" changeset="83713392" timestamp="2020-04-17T14:52:05Z" user="Silka123" uid="419641" lat="55.7147716" lon="37.6323581"/>
 <node id="7508667568" visible="true" version="1" changeset="85045994" timestamp="2020-05-11T20:54:53Z" user="MaddMapper" uid="10228243" lat="55.7140665" lon="37.6299718"/>
 <node id="7508667569" visible="true" version="1" changeset="85045994" timestamp="2020-05-11T20:54:53Z" user="MaddMapper" uid="10228243" lat="55.7151363" lon="37.6307701"/>
 <node id="7508667570" visible="true" version="1" changeset="85045994" timestamp="2020-05-11T20:54:53Z" user="MaddMapper" uid="10228243" lat="55.7143614" lon="37.6307970"/>
 <node id="7508667571" visible="true" version="1" changeset="85045994" timestamp="2020-05-11T20:54:53Z" user="MaddMapper" uid="10228243" lat="55.7144429" lon="37.6308453"/>
 <node id="7508667572" visible="true" version="1" changeset="85045994" timestamp="2020-05-11T20:54:53Z" user="MaddMapper" uid="10228243" lat="55.7143939" lon="37.6313002"/>
 <node id="7508667573" visible="true" version="1" changeset="85045994" timestamp="2020-05-11T20:54:53Z" user="MaddMapper" uid="10228243" lat="55.7144707" lon="37.6314471"/>
 <node id="7508667574" visible="true" version="1" changeset="85045994" timestamp="2020-05-11T20:54:53Z" user="MaddMapper" uid="10228243" lat="55.7151319" lon="37.6308302"/>
 <node id="7508667575" visible="true" version="1" changeset="85045994" timestamp="2020-05-11T20:54:53Z" user="MaddMapper" uid="10228243" lat="55.7152027" lon="37.6305530"/>
 <node id="7508667576" visible="true" version="1" changeset="85045994" timestamp="2020-05-11T20:54:53Z" user="MaddMapper" uid="10228243" lat="55.7151477" lon="37.6307056"/>
 <node id="7508667579" visible="true" version="1" changeset="85045994" timestamp="2020-05-11T20:54:53Z" user="MaddMapper" uid="10228243" lat="55.7151327" lon="37.6310043"/>
 <node id="7508667583" visible="true" version="1" changeset="85045994" timestamp="2020-05-11T20:54:53Z" user="MaddMapper" uid="10228243" lat="55.7151901" lon="37.6317021"/>
 <node id="7508667584" visible="true" version="1" changeset="85045994" timestamp="2020-05-11T20:54:53Z" user="MaddMapper" uid="10228243" lat="55.7154545" lon="37.6317452"/>
 <node id="7508706685" visible="true" version="1" changeset="85045994" timestamp="2020-05-11T20:54:53Z" user="MaddMapper" uid="10228243" lat="55.7156116" lon="37.6309857"/>
 <node id="7508706686" visible="true" version="1" changeset="85045994" timestamp="2020-05-11T20:54:53Z" user="MaddMapper" uid="10228243" lat="55.7154803" lon="37.6317004"/>
 <node id="7508706687" visible="true" version="1" changeset="85045994" timestamp="2020-05-11T20:54:53Z" user="MaddMapper" uid="10228243" lat="55.7154192" lon="37.6317662"/>
 <node id="7508706688" visible="true" version="1" changeset="85045994" timestamp="2020-05-11T20:54:53Z" user="MaddMapper" uid="10228243" lat="55.7150477" lon="37.6316623"/>
 <node id="7508706689" visible="true" version="1" changeset="85045994" timestamp="2020-05-11T20:54:53Z" user="MaddMapper" uid="10228243" lat="55.7145306" lon="37.6315003"/>
 <node id="7508706690" visible="true" version="1" changeset="85045994" timestamp="2020-05-11T20:54:53Z" user="MaddMapper" uid="10228243" lat="55.7144227" lon="37.6313577"/>
 <node id="7868753410" visible="true" version="1" changeset="90309387" timestamp="2020-09-02T14:13:52Z" user="RFuser11" uid="421938" lat="55.7128401" lon="37.6274927"/>
 <node id="7868753411" visible="true" version="1" changeset="90309387" timestamp="2020-09-02T14:13:52Z" user="RFuser11" uid="421938" lat="55.7130760" lon="37.6275008"/>
 <node id="7868753413" visible="true" version="1" changeset="90309387" timestamp="2020-09-02T14:13:52Z" user="RFuser11" uid="421938" lat="55.7124199" lon="37.6274625"/>
 <node id="7868753428" visible="true" version="1" changeset="90309387" timestamp="2020-09-02T14:13:52Z" user="RFuser11" uid="421938" lat="55.7125264" lon="37.6275156">
  <tag k="entrance" v="yes"/>
 </node>
 <node id="7868753429" visible="true" version="9" changeset="159328111" timestamp="2024-11-19T14:54:09Z" user="literan" uid="830106" lat="55.7115884" lon="37.6271675"/>
 <node id="7868753430" visible="true" version="1" changeset="90309387" timestamp="2020-09-02T14:13:52Z" user="RFuser11" uid="421938" lat="55.7129098" lon="37.6274951">
  <tag k="highway" v="crossing"/>
 </node>
 <node id="8081448895" visible="true" version="1" changeset="93547453" timestamp="2020-11-04T13:55:58Z" user="augxcgrwxo" uid="371263" lat="55.7160888" lon="37.6272870"/>
 <node id="8412139230" visible="true" version="1" changeset="99050231" timestamp="2021-02-10T15:14:04Z" user="Andronik Fa" uid="323819" lat="55.7153601" lon="37.6273008"/>
 <node id="8412139231" visible="true" version="1" changeset="99050231" timestamp="2021-02-10T15:14:04Z" user="Andronik Fa" uid="323819" lat="55.7153714" lon="37.6272793"/>
 <node id="8412139232" visible="true" version="1" changeset="99050231" timestamp="2021-02-10T15:14:04Z" user="Andronik Fa" uid="323819" lat="55.7153880" lon="37.6272766"/>
 <node id="8412139233" visible="true" version="2" changeset="99050501" timestamp="2021-02-10T15:20:34Z" user="Andronik Fa" uid="323819" lat="55.7164838" lon="37.6273363"/>
 <node id="8412139234" visible="true" version="3" changeset="146311118" timestamp="2024-01-16T07:36:37Z" user="Andronik Fa" uid="323819" lat="55.7166273" lon="37.6273426"/>
 <node id="8412139235" visible="true" version="3" changeset="146311118" timestamp="2024-01-16T07:36:37Z" user="Andronik Fa" uid="323819" lat="55.7166519" lon="37.6273736"/>
 <node id="8412139236" visible="true" version="3" changeset="146311118" timestamp="2024-01-16T07:36:37Z" user="Andronik Fa" uid="323819" lat="55.7166519" lon="37.6274254"/>
 <node id="8412139237" visible="true" version="3" changeset="146311118" timestamp="2024-01-16T07:36:37Z" user="Andronik Fa" uid="323819" lat="55.7166293" lon="37.6274458"/>
 <node id="8412139238" visible="true" version="3" changeset="146311118" timestamp="2024-01-16T07:36:37Z" user="Andronik Fa" uid="323819" lat="55.7165403" lon="37.6274534"/>
 <node id="8412139239" visible="true" version="3" changeset="146311118" timestamp="2024-01-16T07:36:37Z" user="Andronik Fa" uid="323819" lat="55.7164942" lon="37.6274518"/>
 <node id="8412139240" visible="true" version="2" changeset="146311118" timestamp="2024-01-16T07:36:37Z" user="Andronik Fa" uid="323819" lat="55.7164141" lon="37.6274558"/>
 <node id="8412139241" visible="true" version="2" changeset="146311118" timestamp="2024-01-16T07:36:37Z" user="Andronik Fa" uid="323819" lat="55.7154994" lon="37.6275591"/>
 <node id="8412139242" visible="true" version="2" changeset="146311118" timestamp="2024-01-16T07:36:37Z" user="Andronik Fa" uid="323819" lat="55.7154419" lon="37.6275647"/>
 <node id="8412139243" visible="true" version="2" changeset="146311118" timestamp="2024-01-16T07:36:37Z" user="Andronik Fa" uid="323819" lat="55.7154182" lon="37.6275621"/>
 <node id="8412139244" visible="true" version="2" changeset="146311118" timestamp="2024-01-16T07:36:37Z" user="Andronik Fa" uid="323819" lat="55.7153718" lon="37.6275614"/>
 <node id="8412139245" visible="true" version="2" changeset="146311118" timestamp="2024-01-16T07:36:37Z" user="Andronik Fa" uid="323819" lat="55.7153540" lon="37.6275263"/>
 <node id="8412139246" visible="true" version="1" changeset="99050231" timestamp="2021-02-10T15:14:04Z" user="Andronik Fa" uid="323819" lat="55.7153563" lon="37.6273155"/>
 <node id="8412148569" visible="true" version="1" changeset="99050501" timestamp="2021-02-10T15:20:34Z" user="Andronik Fa" uid="323819" lat="55.7164898" lon="37.6273127"/>
 <node id="8412148570" visible="true" version="1" changeset="99050501" timestamp="2021-02-10T15:20:34Z" user="Andronik Fa" uid="323819" lat="55.7166215" lon="37.6275230"/>
 <node id="8412148571" visible="true" version="2" changeset="135707721" timestamp="2023-05-04T16:00:52Z" user="Bobropiton" uid="2055718" lat="55.7168174" lon="37.6275060"/>
 <node id="8412148572" visible="true" version="1" changeset="99050501" timestamp="2021-02-10T15:20:34Z" user="Andronik Fa" uid="323819" lat="55.7164075" lon="37.6275314"/>
 <node id="8412148573" visible="true" version="1" changeset="99050501" timestamp="2021-02-10T15:20:34Z" user="Andronik Fa" uid="323819" lat="55.7153262" lon="37.6277005"/>
 <node id="8434527851" visible="true" version="3" changeset="99514976" timestamp="2021-02-18T11:00:39Z" user="Echo78" uid="4292789" lat="55.7132497" lon="37.6285829">
  <tag k="amenity" v="cloakroom"/>
  <tag k="cloakroom:use" v="mandatory"/>
  <tag k="level" v="1"/>
 </node>
 <node id="8434527852" visible="true" version="5" changeset="109307717" timestamp="2021-08-07T12:01:01Z" user="literan" uid="830106" lat="55.7132074" lon="37.6285540">
  <tag k="amenity" v="security_booth"/>
  <tag k="level" v="1"/>
  <tag k="name:signed" v="no"/>
 </node>
 <node id="8434539130" visible="true" version="3" changeset="118386162" timestamp="2022-03-12T04:21:59Z" user="andrewpmk" uid="1679" lat="55.7132191" lon="37.6285540">
  <tag k="amenity" v="bank"/>
  <tag k="atm" v="yes"/>
  <tag k="bic" v="SABRRUMM"/>
  <tag k="branch" v="Московский банк"/>
  <tag k="brand" v="Сбербанк"/>
  <tag k="brand:en" v="Sberbank"/>
  <tag k="brand:ru" v="Сбербанк"/>
  <tag k="brand:wikidata" v="Q205012"/>
  <tag k="brand:wikipedia" v="en:Sberbank"/>
  <tag k="cash_in" v="no"/>
  <tag k="cash_out" v="yes"/>
  <tag k="cheque_in" v="no"/>
  <tag k="contact:facebook" v="https://www.facebook.com/sberbank"/>
  <tag k="contact:instagram" v="https://www.instagram.com/sberbank/"/>
  <tag k="contact:ok" v="https://ok.ru/sberbank"/>
  <tag k="contact:phone" v="+7 800 5555550"/>
  <tag k="contact:twitter" v="https://twitter.com/sberbank/"/>
  <tag k="contact:vk" v="https://vk.com/sberbank"/>
  <tag k="contact:website" v="https://www.sberbank.ru"/>
  <tag k="contact:youtube" v="https://www.youtube.com/sberbank"/>
  <tag k="level" v="1"/>
  <tag k="name" v="Сбербанк"/>
  <tag k="name:en" v="Sberbank"/>
  <tag k="name:ru" v="Сбербанк"/>
  <tag k="opening_hours" v="Mo-Fr 08:30-20:00; Sa 10:00-18:00"/>
  <tag k="operator" v="ПАО Сбербанк"/>
  <tag k="operator:wikidata" v="Q205012"/>
  <tag k="operator:wikipedia" v="ru:Сбербанк России"/>
  <tag k="wheelchair" v="yes"/>
 </node>
 <node id="8434539131" visible="true" version="2" changeset="99514976" timestamp="2021-02-18T10:49:21Z" user="Echo78" uid="4292789" lat="55.7132262" lon="37.6287304"/>
 <node id="8434539132" visible="true" version="1" changeset="99514976" timestamp="2021-02-18T10:33:28Z" user="Echo78" uid="4292789" lat="55.7132274" lon="37.6285107"/>
 <node id="8434539133" visible="true" version="3" changeset="99894654" timestamp="2021-02-24T10:22:17Z" user="Echo78" uid="4292789" lat="55.7132272" lon="37.6285426">
  <tag k="door" v="hinged"/>
  <tag k="entrance" v="yes"/>
  <tag k="indoor" v="yes"/>
  <tag k="wheelchair" v="yes"/>
 </node>
 <node id="8434539134" visible="true" version="1" changeset="99514976" timestamp="2021-02-18T10:33:28Z" user="Echo78" uid="4292789" lat="55.7132784" lon="37.6285119"/>
 <node id="8434539135" visible="true" version="1" changeset="99514976" timestamp="2021-02-18T10:33:28Z" user="Echo78" uid="4292789" lat="55.7132787" lon="37.6284407"/>
 <node id="8434539136" visible="true" version="1" changeset="99514976" timestamp="2021-02-18T10:33:28Z" user="Echo78" uid="4292789" lat="55.7132697" lon="37.6284053"/>
 <node id="8434539137" visible="true" version="1" changeset="99514976" timestamp="2021-02-18T10:33:28Z" user="Echo78" uid="4292789" lat="55.7131782" lon="37.6285085"/>
 <node id="8434539138" visible="true" version="1" changeset="99514976" timestamp="2021-02-18T10:33:28Z" user="Echo78" uid="4292789" lat="55.7131806" lon="37.6284032"/>
 <node id="8434539139" visible="true" version="1" changeset="99514976" timestamp="2021-02-18T10:33:28Z" user="Echo78" uid="4292789" lat="55.7131922" lon="37.6285095">
  <tag k="door" v="hinged"/>
  <tag k="entrance" v="yes"/>
  <tag k="wheelchair" v="yes"/>
 </node>
 <node id="8434539140" visible="true" version="1" changeset="99514976" timestamp="2021-02-18T10:33:28Z" user="Echo78" uid="4292789" lat="55.7132602" lon="37.6285117">
  <tag k="description" v="Вход для пациентов с температурой"/>
  <tag k="door" v="sliding"/>
  <tag k="entrance" v="yes"/>
  <tag k="wheelchair" v="yes"/>
 </node>
 <node id="8434539141" visible="true" version="1" changeset="99514976" timestamp="2021-02-18T10:33:28Z" user="Echo78" uid="4292789" lat="55.7131920" lon="37.6285418"/>
 <node id="8434539142" visible="true" version="1" changeset="99514976" timestamp="2021-02-18T10:33:28Z" user="Echo78" uid="4292789" lat="55.7131924" lon="37.6284782"/>
 <node id="8434539143" visible="true" version="1" changeset="99514976" timestamp="2021-02-18T10:33:28Z" user="Echo78" uid="4292789" lat="55.7132605" lon="37.6284797"/>
 <node id="8434539144" visible="true" version="1" changeset="99514976" timestamp="2021-02-18T10:33:28Z" user="Echo78" uid="4292789" lat="55.7132600" lon="37.6285433"/>
 <node id="8434564053" visible="true" version="4" changeset="99894654" timestamp="2021-02-24T10:20:09Z" user="Echo78" uid="4292789" lat="55.7132528" lon="37.6287413">
  <tag k="amenity" v="vending_machine"/>
  <tag k="count" v="2"/>
  <tag k="level" v="1"/>
  <tag k="payment:coins" v="yes"/>
  <tag k="payment:maestro" v="yes"/>
  <tag k="payment:mastercard" v="yes"/>
  <tag k="payment:notes" v="yes"/>
  <tag k="payment:visa" v="yes"/>
  <tag k="payment:visa_electron" v="yes"/>
  <tag k="vending" v="drinks;food;sweets;coffee"/>
 </node>
 <node id="8434564057" visible="true" version="2" changeset="99514976" timestamp="2021-02-18T11:00:39Z" user="Echo78" uid="4292789" lat="55.7132289" lon="37.6287829">
  <tag k="amenity" v="bench"/>
  <tag k="backrest" v="yes"/>
  <tag k="count" v="5"/>
  <tag k="level" v="1"/>
 </node>
 <node id="8434564058" visible="true" version="1" changeset="99514976" timestamp="2021-02-18T10:49:21Z" user="Echo78" uid="4292789" lat="55.7132108" lon="37.6287304"/>
 <node id="8434564059" visible="true" version="1" changeset="99514976" timestamp="2021-02-18T10:49:21Z" user="Echo78" uid="4292789" lat="55.7132104" lon="37.6287713"/>
 <node id="8434564060" visible="true" version="1" changeset="99514976" timestamp="2021-02-18T10:49:21Z" user="Echo78" uid="4292789" lat="55.7132481" lon="37.6287720"/>
 <node id="8434564061" visible="true" version="1" changeset="99514976" timestamp="2021-02-18T10:49:21Z" user="Echo78" uid="4292789" lat="55.7132481" lon="37.6287304"/>
 <node id="8434564062" visible="true" version="1" changeset="99514976" timestamp="2021-02-18T10:49:21Z" user="Echo78" uid="4292789" lat="55.7132040" lon="37.6287525">
  <tag k="amenity" v="reception_desk"/>
  <tag k="level" v="1"/>
 </node>
 <node id="8434586661" visible="true" version="1" changeset="99514976" timestamp="2021-02-18T10:55:54Z" user="Echo78" uid="4292789" lat="55.7133978" lon="37.6286717"/>
 <node id="8434586662" visible="true" version="1" changeset="99514976" timestamp="2021-02-18T10:55:54Z" user="Echo78" uid="4292789" lat="55.7134034" lon="37.6287105">
  <tag k="fixme" v="continue"/>
 </node>
 <node id="8434586663" visible="true" version="1" changeset="99514976" timestamp="2021-02-18T10:55:54Z" user="Echo78" uid="4292789" lat="55.7133975" lon="37.6287079"/>
 <node id="8434586664" visible="true" version="1" changeset="99514976" timestamp="2021-02-18T10:55:54Z" user="Echo78" uid="4292789" lat="55.7134025" lon="37.6287871"/>
 <node id="8434586665" visible="true" version="1" changeset="99514976" timestamp="2021-02-18T10:55:54Z" user="Echo78" uid="4292789" lat="55.7133966" lon="37.6287869"/>
 <node id="8434587892" visible="true" version="2" changeset="99894654" timestamp="2021-02-24T10:19:15Z" user="Echo78" uid="4292789" lat="55.7130069" lon="37.6286748">
  <tag k="goods" v="no"/>
  <tag k="highway" v="elevator"/>
  <tag k="level" v="1;2;3;4"/>
  <tag k="wheelchair" v="no"/>
 </node>
 <node id="8434587893" visible="true" version="1" changeset="99514976" timestamp="2021-02-18T10:55:15Z" user="Echo78" uid="4292789" lat="55.7130199" lon="37.6287002">
  <tag k="fixme" v="continue"/>
 </node>
 <node id="8434587894" visible="true" version="1" changeset="99514976" timestamp="2021-02-18T10:55:15Z" user="Echo78" uid="4292789" lat="55.7130190" lon="37.6287768"/>
 <node id="8434587895" visible="true" version="1" changeset="99514976" timestamp="2021-02-18T10:55:15Z" user="Echo78" uid="4292789" lat="55.7130131" lon="37.6287765"/>
 <node id="8434587896" visible="true" version="1" changeset="99514976" timestamp="2021-02-18T10:55:15Z" user="Echo78" uid="4292789" lat="55.7130140" lon="37.6286975"/>
 <node id="8434587897" visible="true" version="1" changeset="99514976" timestamp="2021-02-18T10:55:15Z" user="Echo78" uid="4292789" lat="55.7130143" lon="37.6286614"/>
 <node id="8434587898" visible="true" version="1" changeset="99514976" timestamp="2021-02-18T10:55:15Z" user="Echo78" uid="4292789" lat="55.7129871" lon="37.6286606"/>
 <node id="8434587899" visible="true" version="1" changeset="99514976" timestamp="2021-02-18T10:55:15Z" user="Echo78" uid="4292789" lat="55.7134268" lon="37.6286720"/>
 <node id="8434587900" visible="true" version="2" changeset="99514976" timestamp="2021-02-18T11:00:39Z" user="Echo78" uid="4292789" lat="55.7132266" lon="37.6286669"/>
 <node id="8434616970" visible="true" version="1" changeset="99514976" timestamp="2021-02-18T11:02:21Z" user="Echo78" uid="4292789" lat="55.7132021" lon="37.6286466">
  <tag k="description" v="Печать на справки, больничные"/>
  <tag k="level" v="1"/>
  <tag k="office" v="yes"/>
 </node>
 <node id="8434619344" visible="true" version="3" changeset="141144335" timestamp="2023-09-12T05:54:13Z" user="augxcgrwxo" uid="371263" lat="55.7132160" lon="37.6287820">
  <tag k="amenity" v="drinking_water"/>
  <tag k="fee" v="no"/>
  <tag k="fountain" v="drinking"/>
  <tag k="level" v="1"/>
 </node>
 <node id="8453269844" visible="true" version="1" changeset="99894654" timestamp="2021-02-24T10:19:15Z" user="Echo78" uid="4292789" lat="55.7134092" lon="37.6286814">
  <tag k="access" v="private"/>
  <tag k="goods" v="yes"/>
  <tag k="highway" v="elevator"/>
  <tag k="level" v="1;2;3;4"/>
  <tag k="wheelchair" v="yes"/>
 </node>
 <node id="8453333845" visible="true" version="1" changeset="99894654" timestamp="2021-02-24T10:22:17Z" user="Echo78" uid="4292789" lat="55.7132205" lon="37.6286592">
  <tag k="amenity" v="bench"/>
  <tag k="backrest" v="no"/>
  <tag k="level" v="1"/>
 </node>
 <node id="8453333846" visible="true" version="1" changeset="99894654" timestamp="2021-02-24T10:22:17Z" user="Echo78" uid="4292789" lat="55.7132335" lon="37.6286596">
  <tag k="amenity" v="bench"/>
  <tag k="backrest" v="no"/>
  <tag k="level" v="1"/>
 </node>
 <node id="8453386723" visible="true" version="1" changeset="99894654" timestamp="2021-02-24T10:27:38Z" user="Echo78" uid="4292789" lat="55.7132314" lon="37.6287205">
  <tag k="amenity" v="vending_machine"/>
  <tag k="count" v="2"/>
  <tag k="description" v="Терминал самообслуживания: записаться к врачу, получить талон по предварительной записи"/>
  <tag k="fee" v="no"/>
  <tag k="level" v="1"/>
  <tag k="vending" v="admission_tickets"/>
 </node>
 <node id="8489885800" visible="true" version="1" changeset="100509480" timestamp="2021-03-05T18:33:03Z" user="augxcgrwxo" uid="371263" lat="55.7160899" lon="37.6273148"/>
 <node id="8498133356" visible="true" version="1" changeset="100662477" timestamp="2021-03-08T21:25:05Z" user="literan" uid="830106" lat="55.7177944" lon="37.6273489"/>
 <node id="9418198474" visible="true" version="1" changeset="116151157" timestamp="2022-01-14T15:05:11Z" user="augxcgrwxo" uid="371263" lat="55.7131795" lon="37.6284522"/>
 <node id="9418198475" visible="true" version="1" changeset="116151157" timestamp="2022-01-14T15:05:11Z" user="augxcgrwxo" uid="371263" lat="55.7131790" lon="37.6284752"/>
 <node id="9806696914" visible="true" version="1" changeset="122171613" timestamp="2022-06-09T15:24:46Z" user="Echo78" uid="4292789" lat="55.7150748" lon="37.6273459">
  <tag k="entrance" v="yes"/>
 </node>
 <node id="9806728311" visible="true" version="1" changeset="122171613" timestamp="2022-06-09T15:23:56Z" user="Echo78" uid="4292789" lat="55.7133251" lon="37.6275135"/>
 <node id="9806740761" visible="true" version="2" changeset="122171613" timestamp="2022-06-09T15:22:51Z" user="Echo78" uid="4292789" lat="55.7133244" lon="37.6275660">
  <tag k="barrier" v="block"/>
  <tag k="bicycle" v="yes"/>
  <tag k="foot" v="yes"/>
  <tag k="material" v="concrete"/>
  <tag k="motor_vehicle" v="no"/>
 </node>
 <node id="9806740762" visible="true" version="2" changeset="159328111" timestamp="2024-11-19T14:54:09Z" user="literan" uid="830106" lat="55.7133256" lon="37.6274670"/>
 <node id="9806740763" visible="true" version="2" changeset="126318121" timestamp="2022-09-18T05:34:22Z" user="ratrun" uid="474183" lat="55.7133240" lon="37.6276397"/>
 <node id="9806757134" visible="true" version="1" changeset="122171613" timestamp="2022-06-09T15:32:33Z" user="Echo78" uid="4292789" lat="55.7132951" lon="37.6276562">
  <tag k="information" v="guidepost"/>
  <tag k="tourism" v="information"/>
 </node>
 <node id="9846575587" visible="true" version="2" changeset="146332218" timestamp="2024-01-16T17:26:55Z" user="literan" uid="830106" lat="55.7154893" lon="37.6267256"/>
 <node id="9846575588" visible="true" version="2" changeset="146332218" timestamp="2024-01-16T17:26:55Z" user="literan" uid="830106" lat="55.7155488" lon="37.6263100"/>
 <node id="10032777631" visible="true" version="1" changeset="126318121" timestamp="2022-09-18T05:34:22Z" user="ratrun" uid="474183" lat="55.7138280" lon="37.6276588"/>
 <node id="10867922470" visible="true" version="1" changeset="135707721" timestamp="2023-05-04T16:00:52Z" user="Bobropiton" uid="2055718" lat="55.7179581" lon="37.6275315"/>
 <node id="10867922471" visible="true" version="1" changeset="135707721" timestamp="2023-05-04T16:00:52Z" user="Bobropiton" uid="2055718" lat="55.7173688" lon="37.6274852"/>
 <node id="10867922490" visible="true" version="1" changeset="135707721" timestamp="2023-05-04T16:00:52Z" user="Bobropiton" uid="2055718" lat="55.7164344" lon="37.6310197"/>
 <node id="10867922493" visible="true" version="1" changeset="135707721" timestamp="2023-05-04T16:00:52Z" user="Bobropiton" uid="2055718" lat="55.7169834" lon="37.6277776"/>
 <node id="10867922496" visible="true" version="1" changeset="135707721" timestamp="2023-05-04T16:00:52Z" user="Bobropiton" uid="2055718" lat="55.7168648" lon="37.6277877"/>
 <node id="10867922570" visible="true" version="1" changeset="135707721" timestamp="2023-05-04T16:00:52Z" user="Bobropiton" uid="2055718" lat="55.7117881" lon="37.6304845"/>
 <node id="11185019196" visible="true" version="1" changeset="141144537" timestamp="2023-09-12T05:59:53Z" user="augxcgrwxo" uid="371263" lat="55.7131468" lon="37.6285066">
  <tag k="access" v="yes"/>
  <tag k="amenity" v="bicycle_parking"/>
  <tag k="bike_ride" v="no"/>
  <tag k="capacity" v="6"/>
  <tag k="colour" v="black"/>
  <tag k="covered" v="no"/>
  <tag k="fee" v="no"/>
  <tag k="lit" v="yes"/>
  <tag k="operator:type" v="government"/>
  <tag k="source" v="survey"/>
 </node>
 <node id="11185019197" visible="true" version="2" changeset="141144561" timestamp="2023-09-12T06:00:30Z" user="augxcgrwxo" uid="371263" lat="55.7131284" lon="37.6284927">
  <tag k="access" v="yes"/>
  <tag k="amenity" v="shelter"/>
  <tag k="backrest" v="yes"/>
  <tag k="colour" v="black"/>
  <tag k="covered" v="yes"/>
  <tag k="direction" v="1"/>
  <tag k="lit" v="yes"/>
  <tag k="material" v="wood"/>
  <tag k="seats" v="3"/>
  <tag k="source" v="survey"/>
 </node>
 <node id="11189882113" visible="true" version="1" changeset="141245540" timestamp="2023-09-14T08:28:48Z" user="augxcgrwxo" uid="371263" lat="55.7133251" lon="37.6276868"/>
 <node id="11189882114" visible="true" version="1" changeset="141245540" timestamp="2023-09-14T08:28:48Z" user="augxcgrwxo" uid="371263" lat="55.7132976" lon="37.6279696"/>
 <node id="11189882115" visible="true" version="1" changeset="141245540" timestamp="2023-09-14T08:28:48Z" user="augxcgrwxo" uid="371263" lat="55.7133094" lon="37.6280167"/>
 <node id="11189882116" visible="true" version="3" changeset="141268305" timestamp="2023-09-14T17:19:59Z" user="literan" uid="830106" lat="55.7135644" lon="37.6284585">
  <tag k="barrier" v="wicket_gate"/>
 </node>
 <node id="11189882117" visible="true" version="1" changeset="141245540" timestamp="2023-09-14T08:28:48Z" user="augxcgrwxo" uid="371263" lat="55.7135572" lon="37.6291863"/>
 <node id="11189882118" visible="true" version="1" changeset="141245540" timestamp="2023-09-14T08:28:48Z" user="augxcgrwxo" uid="371263" lat="55.7132278" lon="37.6291147"/>
 <node id="11189882119" visible="true" version="1" changeset="141245540" timestamp="2023-09-14T08:28:48Z" user="augxcgrwxo" uid="371263" lat="55.7126811" lon="37.6289262"/>
 <node id="11189882120" visible="true" version="1" changeset="141245540" timestamp="2023-09-14T08:28:48Z" user="augxcgrwxo" uid="371263" lat="55.7132698" lon="37.6279721"/>
 <node id="11189882121" visible="true" version="1" changeset="141245540" timestamp="2023-09-14T08:28:48Z" user="augxcgrwxo" uid="371263" lat="55.7132209" lon="37.6280763"/>
 <node id="11189882122" visible="true" version="1" changeset="141245540" timestamp="2023-09-14T08:28:48Z" user="augxcgrwxo" uid="371263" lat="55.7135471" lon="37.6284554"/>
 <node id="11189882123" visible="true" version="1" changeset="141245540" timestamp="2023-09-14T08:28:48Z" user="augxcgrwxo" uid="371263" lat="55.7131348" lon="37.6283105"/>
 <node id="11189882124" visible="true" version="1" changeset="141245540" timestamp="2023-09-14T08:28:48Z" user="augxcgrwxo" uid="371263" lat="55.7129465" lon="37.6284636"/>
 <node id="11189882125" visible="true" version="1" changeset="141245540" timestamp="2023-09-14T08:28:48Z" user="augxcgrwxo" uid="371263" lat="55.7128467" lon="37.6284980">
  <tag k="barrier" v="gate"/>
  <tag k="gate:type" v="sliding"/>
  <tag k="locked" v="yes"/>
  <tag k="material" v="steel"/>
 </node>
 <node id="11189882126" visible="true" version="1" changeset="141245540" timestamp="2023-09-14T08:28:48Z" user="augxcgrwxo" uid="371263" lat="55.7127776" lon="37.6284179"/>
 <node id="11189882127" visible="true" version="1" changeset="141245540" timestamp="2023-09-14T08:28:48Z" user="augxcgrwxo" uid="371263" lat="55.7128194" lon="37.6284663"/>
 <node id="11189882128" visible="true" version="1" changeset="141245540" timestamp="2023-09-14T08:28:48Z" user="augxcgrwxo" uid="371263" lat="55.7128743" lon="37.6284266">
  <tag k="barrier" v="gate"/>
  <tag k="gate:type" v="swing"/>
  <tag k="locked" v="no"/>
  <tag k="material" v="steel"/>
  <tag k="tactile_paving" v="yes"/>
 </node>
 <node id="11189882129" visible="true" version="1" changeset="141245540" timestamp="2023-09-14T08:28:48Z" user="augxcgrwxo" uid="371263" lat="55.7128455" lon="37.6283959"/>
 <node id="11189882130" visible="true" version="1" changeset="141245540" timestamp="2023-09-14T08:28:48Z" user="augxcgrwxo" uid="371263" lat="55.7131224" lon="37.6284651"/>
 <node id="11189882131" visible="true" version="1" changeset="141245540" timestamp="2023-09-14T08:28:48Z" user="augxcgrwxo" uid="371263" lat="55.7131346" lon="37.6284067">
  <tag k="highway" v="crossing"/>
 </node>
 <node id="11189928731" visible="true" version="1" changeset="141245883" timestamp="2023-09-14T08:36:48Z" user="augxcgrwxo" uid="371263" lat="55.7129022" lon="37.6284789"/>
 <node id="11189928732" visible="true" version="1" changeset="141245883" timestamp="2023-09-14T08:36:48Z" user="augxcgrwxo" uid="371263" lat="55.7128981" lon="37.6288204"/>
 <node id="11189928733" visible="true" version="1" changeset="141245883" timestamp="2023-09-14T08:36:48Z" user="augxcgrwxo" uid="371263" lat="55.7135387" lon="37.6288472"/>
 <node id="11189928734" visible="true" version="1" changeset="141245883" timestamp="2023-09-14T08:36:48Z" user="augxcgrwxo" uid="371263" lat="55.7133733" lon="37.6289036">
  <tag k="amenity" v="waste_disposal"/>
 </node>
 <node id="11521248316" visible="true" version="1" changeset="146311118" timestamp="2024-01-16T07:36:37Z" user="Andronik Fa" uid="323819" lat="55.7161905" lon="37.6274828"/>
 <node id="11521248317" visible="true" version="1" changeset="146311118" timestamp="2024-01-16T07:36:37Z" user="Andronik Fa" uid="323819" lat="55.7159497" lon="37.6275091"/>
 <node id="12355322652" visible="true" version="1" changeset="159328111" timestamp="2024-11-19T14:54:09Z" user="literan" uid="830106" lat="55.7138531" lon="37.6265945"/>
 <node id="12355322653" visible="true" version="1" changeset="159328111" timestamp="2024-11-19T14:54:09Z" user="literan" uid="830106" lat="55.7139587" lon="37.6265946"/>
 <node id="12355322655" visible="true" version="1" changeset="159328111" timestamp="2024-11-19T14:54:09Z" user="literan" uid="830106" lat="55.7141328" lon="37.6253106"/>
 <node id="12355322663" visible="true" version="1" changeset="159328111" timestamp="2024-11-19T14:54:09Z" user="literan" uid="830106" lat="55.7139625" lon="37.6261451"/>
 <node id="12355322664" visible="true" version="1" changeset="159328111" timestamp="2024-11-19T14:54:09Z" user="literan" uid="830106" lat="55.7139169" lon="37.6261381"/>
 <node id="12355322665" visible="true" version="1" changeset="159328111" timestamp="2024-11-19T14:54:09Z" user="literan" uid="830106" lat="55.7139231" lon="37.6260167"/>
 <node id="12355322666" visible="true" version="1" changeset="159328111" timestamp="2024-11-19T14:54:09Z" user="literan" uid="830106" lat="55.7139569" lon="37.6273340"/>
 <node id="12355322667" visible="true" version="1" changeset="159328111" timestamp="2024-11-19T14:54:09Z" user="literan" uid="830106" lat="55.7142543" lon="37.6275052"/>
 <node id="12355322668" visible="true" version="1" changeset="159328111" timestamp="2024-11-19T14:54:09Z" user="literan" uid="830106" lat="55.7141842" lon="37.6274972"/>
 <node id="12355322669" visible="true" version="1" changeset="159328111" timestamp="2024-11-19T14:54:09Z" user="literan" uid="830106" lat="55.7135200" lon="37.6273605">
  <tag k="communication:mobile_phone" v="yes"/>
  <tag k="man_made" v="mast"/>
  <tag k="material" v="steel"/>
  <tag k="tower:construction" v="freestanding"/>
  <tag k="tower:type" v="communication"/>
 </node>
 <node id="12355322670" visible="true" version="1" changeset="159328111" timestamp="2024-11-19T14:54:09Z" user="literan" uid="830106" lat="55.7138346" lon="37.6271840"/>
 <node id="12355322671" visible="true" version="1" changeset="159328111" timestamp="2024-11-19T14:54:09Z" user="literan" uid="830106" lat="55.7138412" lon="37.6273100"/>
 <node id="12355322672" visible="true" version="1" changeset="159328111" timestamp="2024-11-19T14:54:09Z" user="literan" uid="830106" lat="55.7132064" lon="37.6273139"/>
 <node id="12355322673" visible="true" version="1" changeset="159328111" timestamp="2024-11-19T14:54:09Z" user="literan" uid="830106" lat="55.7131880" lon="37.6271568"/>
 <node id="12355322674" visible="true" version="1" changeset="159328111" timestamp="2024-11-19T14:54:09Z" user="literan" uid="830106" lat="55.7117395" lon="37.6272079"/>
 <node id="12355322675" visible="true" version="1" changeset="159328111" timestamp="2024-11-19T14:54:09Z" user="literan" uid="830106" lat="55.7120091" lon="37.6272281"/>
 <node id="12355322676" visible="true" version="1" changeset="159328111" timestamp="2024-11-19T14:54:09Z" user="literan" uid="830106" lat="55.7123040" lon="37.6272501"/>
 <node id="12355322677" visible="true" version="1" changeset="159328111" timestamp="2024-11-19T14:54:09Z" user="literan" uid="830106" lat="55.7124628" lon="37.6272655"/>
 <node id="12887765907" visible="true" version="1" changeset="167199071" timestamp="2025-06-04T23:01:05Z" user="neo-plan" uid="363136" lat="55.7122834" lon="37.6323404"/>
 <node id="12887765908" visible="true" version="1" changeset="167199071" timestamp="2025-06-04T23:01:05Z" user="neo-plan" uid="363136" lat="55.7123407" lon="37.6311587"/>
 <node id="13130121295" visible="true" version="1" changeset="171662049" timestamp="2025-09-09T02:46:23Z" user="89r" uid="12117593" lat="55.7125498" lon="37.6273923"/>
 <way id="23422575" visible="true" version="61" changeset="171662049" timestamp="2025-09-09T02:46:23Z" user="89r" uid="12117593">
  <nd ref="13130121295"/>
  <nd ref="4405697742"/>
  <nd ref="331532219"/>
  <nd ref="9806740762"/>
  <nd ref="253633093"/>
  <nd ref="4405697745"/>
  <nd ref="331532209"/>
  <nd ref="12355322668"/>
  <nd ref="12355322667"/>
  <nd ref="253633094"/>
  <nd ref="253633095"/>
  <nd ref="253633096"/>
  <nd ref="3629427441"/>
  <nd ref="253633499"/>
  <nd ref="253633097"/>
  <nd ref="2497081964"/>
  <tag k="highway" v="residential"/>
  <tag k="lanes" v="2"/>
  <tag k="lit" v="yes"/>
  <tag k="name" v="Павловская улица"/>
  <tag k="name:en" v="Pavlovskaya Street"/>
  <tag k="name:ru" v="Павловская улица"/>
  <tag k="name:uk" v="Павлівська вулиця"/>
  <tag k="old_name" v="Петропавловская улица"/>
  <tag k="parking:left" v="lane"/>
  <tag k="parking:left:fee" v="yes"/>
  <tag k="parking:left:orientation" v="parallel"/>
  <tag k="parking:right" v="no"/>
  <tag k="parking:right:restriction" v="no_stopping"/>
  <tag k="postal_code" v="115093"/>
  <tag k="surface" v="asphalt"/>
 </way>
 <way id="30098650" visible="true" version="24" changeset="159328111" timestamp="2024-11-19T14:54:09Z" user="literan" uid="830106">
  <nd ref="331532214"/>
  <nd ref="2761254529"/>
  <nd ref="3358125288"/>
  <nd ref="3358125287"/>
  <nd ref="4406748340"/>
  <nd ref="331532212"/>
  <nd ref="12355322665"/>
  <nd ref="12355322664"/>
  <tag k="highway" v="unclassified"/>
  <tag k="lanes" v="2"/>
  <tag k="lit" v="yes"/>
  <tag k="maxspeed" v="20"/>
  <tag k="name" v="1-й Подольский переулок"/>
  <tag k="name:en" v="1st Podolskiy Lane"/>
  <tag k="postal_code" v="115093"/>
  <tag k="smoothness" v="good"/>
  <tag k="source:maxspeed" v="sign"/>
  <tag k="surface" v="asphalt"/>
 </way>
 <way id="32500813" visible="true" version="10" changeset="53586485" timestamp="2017-11-07T16:54:00Z" user="literan" uid="830106">
  <nd ref="2545270382"/>
  <nd ref="2545270381"/>
  <nd ref="2545270379"/>
  <nd ref="4405704137"/>
  <nd ref="2545270377"/>
  <nd ref="2545270375"/>
  <nd ref="2545270373"/>
  <nd ref="2545270371"/>
  <nd ref="2545270369"/>
  <nd ref="2545270367"/>
  <nd ref="1427757052"/>
 </way>
 <way id="32500815" visible="true" version="5" changeset="41683258" timestamp="2016-08-25T09:41:04Z" user="Echo78" uid="4292789">
  <nd ref="4366036653"/>
  <nd ref="365401341"/>
  <nd ref="365401344"/>
  <nd ref="365401290"/>
 </way>
 <way id="46934088" visible="true" version="12" changeset="133771482" timestamp="2023-03-17T02:35:46Z" user="Bobropiton" uid="2055718">
  <nd ref="2761255081"/>
  <nd ref="5600198375"/>
  <nd ref="5600198372"/>
  <nd ref="599065167"/>
  <nd ref="5600198374"/>
  <nd ref="599065168"/>
  <nd ref="5661551121"/>
  <nd ref="2497081957"/>
  <nd ref="5600198383"/>
  <nd ref="5600198380"/>
  <nd ref="3296513640"/>
  <nd ref="8412148573"/>
  <nd ref="4577433261"/>
  <tag k="highway" v="footway"/>
  <tag k="lit" v="yes"/>
  <tag k="surface" v="paving_stones"/>
 </way>
 <way id="58821306" visible="true" version="10" changeset="141144334" timestamp="2023-09-12T05:54:02Z" user="augxcgrwxo" uid="371263">
  <nd ref="728856111"/>
  <nd ref="728855853"/>
  <nd ref="728856314"/>
  <nd ref="728856265"/>
  <nd ref="728856208"/>
  <nd ref="728856145"/>
  <nd ref="728856063"/>
  <nd ref="728856012"/>
  <nd ref="728855978"/>
  <nd ref="728856254"/>
  <nd ref="728856195"/>
  <nd ref="5541234688"/>
  <nd ref="5541234689"/>
  <nd ref="7414874357"/>
  <nd ref="7414874358"/>
  <nd ref="728856133"/>
  <nd ref="728856111"/>
  <tag k="addr:housenumber" v="25 с21"/>
  <tag k="addr:street" v="Павловская улица"/>
  <tag k="building" v="hospital"/>
  <tag k="building:levels" v="2"/>
  <tag k="roof:shape" v="hipped"/>
 </way>
 <way id="58821307" visible="true" version="8" changeset="179755421" timestamp="2026-03-12T12:18:56Z" user="Zkir" uid="100812">
  <nd ref="728855992"/>
  <nd ref="728856261"/>
  <nd ref="728856311"/>
  <nd ref="728856263"/>
  <nd ref="728855992"/>
  <tag k="addr:housenumber" v="25 с18"/>
  <tag k="addr:street" v="Павловская улица"/>
  <tag k="building" v="yes"/>
  <tag k="description" v="корпус №18. Радиоизотопная лаборатория."/>
  <tag k="name" v="корпус №18"/>
  <tag k="roof:shape" v="hipped"/>
 </way>
 <way id="58821308" visible="true" version="10" changeset="179755421" timestamp="2026-03-12T12:18:56Z" user="Zkir" uid="100812">
  <nd ref="728855934"/>
  <nd ref="728856166"/>
  <nd ref="728856106"/>
  <nd ref="728856028"/>
  <nd ref="4999760288"/>
  <nd ref="4999760287"/>
  <nd ref="4999760286"/>
  <nd ref="4999760285"/>
  <nd ref="728855934"/>
  <tag k="addr:housenumber" v="25 с7"/>
  <tag k="addr:street" v="Павловская улица"/>
  <tag k="building" v="yes"/>
  <tag k="description" v="корпус №7. 25 гастроэнтерологическое отделение"/>
  <tag k="name" v="корпус №7"/>
  <tag k="roof:shape" v="hipped"/>
 </way>
 <way id="58821311" visible="true" version="20" changeset="141245771" timestamp="2023-09-14T08:34:08Z" user="augxcgrwxo" uid="371263">
  <nd ref="728856009"/>
  <nd ref="8434539141"/>
  <nd ref="8434539139"/>
  <nd ref="8434539142"/>
  <nd ref="8434539143"/>
  <nd ref="8434539140"/>
  <nd ref="8434539144"/>
  <nd ref="728856287"/>
  <nd ref="728856231"/>
  <nd ref="728856169"/>
  <nd ref="728856009"/>
  <tag k="addr:housenumber" v="25 с20"/>
  <tag k="addr:street" v="Павловская улица"/>
  <tag k="amenity" v="clinic"/>
  <tag k="building" v="yes"/>
  <tag k="building:levels" v="4"/>
  <tag k="healthcare" v="clinic"/>
  <tag k="health_facility:type" v="clinic"/>
  <tag k="inscription:ru" v="Корпус №20"/>
  <tag k="name" v="Городская поликлиника №67 филиал №5"/>
  <tag k="official_name" v="Государственное бюджетное учреждение здравоохранения города Москвы «Городская поликлиника № 67 Департамента здравоохранениягорода Москвы» филиал № 5"/>
  <tag k="opening_hours" v="Mo-Fr 08:00-20:00, Sa 09:00-18:00, Su 09:00-16:00"/>
  <tag k="roof:shape" v="gabled"/>
  <tag k="start_date" v="2023-08-24"/>
  <tag k="wheelchair" v="limited"/>
 </way>
 <way id="58821312" visible="true" version="12" changeset="179755421" timestamp="2026-03-12T12:18:56Z" user="Zkir" uid="100812">
  <nd ref="5541234664"/>
  <nd ref="5541234663"/>
  <nd ref="5541234662"/>
  <nd ref="5541234661"/>
  <nd ref="7414874535"/>
  <nd ref="7414874534"/>
  <nd ref="5541234660"/>
  <nd ref="5541234659"/>
  <nd ref="5541234665"/>
  <nd ref="5541234666"/>
  <nd ref="5541234668"/>
  <nd ref="5541234673"/>
  <nd ref="5541234672"/>
  <nd ref="5541234671"/>
  <nd ref="5541234670"/>
  <nd ref="728855960"/>
  <nd ref="728855926"/>
  <nd ref="5541234687"/>
  <nd ref="5541234686"/>
  <nd ref="728855887"/>
  <nd ref="7414874532"/>
  <nd ref="7414874531"/>
  <nd ref="7414874530"/>
  <nd ref="7414874533"/>
  <nd ref="5541234685"/>
  <nd ref="5541234684"/>
  <nd ref="5541234683"/>
  <nd ref="5541234682"/>
  <nd ref="728855848"/>
  <nd ref="728856309"/>
  <nd ref="5541234675"/>
  <nd ref="5541234681"/>
  <nd ref="5541234680"/>
  <nd ref="5541234679"/>
  <nd ref="5541234678"/>
  <nd ref="7414874529"/>
  <nd ref="5541234677"/>
  <nd ref="5541234674"/>
  <nd ref="728856256"/>
  <nd ref="7414874527"/>
  <nd ref="7414874528"/>
  <nd ref="728856196"/>
  <nd ref="7414874541"/>
  <nd ref="7414874540"/>
  <nd ref="728856134"/>
  <nd ref="5541234653"/>
  <nd ref="5541234652"/>
  <nd ref="5541234650"/>
  <nd ref="7414874542"/>
  <nd ref="5541234649"/>
  <nd ref="7414874543"/>
  <nd ref="5541234648"/>
  <nd ref="5541234647"/>
  <nd ref="7414874544"/>
  <nd ref="5541234646"/>
  <nd ref="5541234645"/>
  <nd ref="5541234651"/>
  <nd ref="5541234654"/>
  <nd ref="728855876"/>
  <nd ref="7414874538"/>
  <nd ref="7414874537"/>
  <nd ref="7414874536"/>
  <nd ref="7414874539"/>
  <nd ref="5541234658"/>
  <nd ref="5541234656"/>
  <nd ref="5541234655"/>
  <nd ref="5541234657"/>
  <nd ref="7414874526"/>
  <nd ref="7414874525"/>
  <nd ref="7414874524"/>
  <nd ref="7414874523"/>
  <nd ref="7414874521"/>
  <nd ref="7414874522"/>
  <nd ref="728856280"/>
  <nd ref="5541234669"/>
  <nd ref="5541234664"/>
  <tag k="addr:housenumber" v="25 с1"/>
  <tag k="addr:postcode" v="113093"/>
  <tag k="addr:street" v="Павловская улица"/>
  <tag k="building" v="hospital"/>
  <tag k="description" v="Главное здание ГКБ №4"/>
  <tag k="roof:shape" v="hipped"/>
 </way>
 <way id="58821315" visible="true" version="4" changeset="50927748" timestamp="2017-08-07T21:08:27Z" user="literan" uid="830106">
  <nd ref="728856139"/>
  <nd ref="728855869"/>
  <nd ref="728856340"/>
  <nd ref="728856294"/>
  <nd ref="728856139"/>
  <tag k="addr:housenumber" v="25 с41"/>
  <tag k="addr:street" v="Павловская улица"/>
  <tag k="building" v="yes"/>
 </way>
 <way id="58821320" visible="true" version="5" changeset="83713392" timestamp="2020-04-17T14:52:05Z" user="Silka123" uid="419641">
  <nd ref="728855885"/>
  <nd ref="728856098"/>
  <nd ref="7414874440"/>
  <nd ref="7414874437"/>
  <nd ref="7414874438"/>
  <nd ref="7414874439"/>
  <nd ref="728856023"/>
  <nd ref="728856315"/>
  <nd ref="728855885"/>
  <tag k="addr:housenumber" v="25 с23"/>
  <tag k="addr:street" v="Павловская улица"/>
  <tag k="building" v="yes"/>
 </way>
 <way id="58821323" visible="true" version="9" changeset="179755421" timestamp="2026-03-12T12:18:56Z" user="Zkir" uid="100812">
  <nd ref="728856125"/>
  <nd ref="728855859"/>
  <nd ref="7414874468"/>
  <nd ref="7414874463"/>
  <nd ref="7414874464"/>
  <nd ref="7414874465"/>
  <nd ref="7414874466"/>
  <nd ref="7414874467"/>
  <nd ref="7414874471"/>
  <nd ref="7414874470"/>
  <nd ref="7414874462"/>
  <nd ref="7414874461"/>
  <nd ref="7414874460"/>
  <nd ref="7414874469"/>
  <nd ref="728856319"/>
  <nd ref="728856271"/>
  <nd ref="728856125"/>
  <tag k="addr:housenumber" v="25 с8"/>
  <tag k="addr:street" v="Павловская улица"/>
  <tag k="building" v="yes"/>
  <tag k="full_name" v="9-е Отоларингологическое (ЛОР) отделение Городской клиническойбольницы 4 города Москвы"/>
  <tag k="inscription:ru" v="Корпус №8"/>
  <tag k="name" v="Отоларингологическое отделение №9 при ГКБ №4"/>
  <tag k="roof:shape" v="hipped"/>
 </way>
 <way id="58821327" visible="true" version="4" changeset="50927748" timestamp="2017-08-07T21:08:28Z" user="literan" uid="830106">
  <nd ref="728855862"/>
  <nd ref="728856043"/>
  <nd ref="728856002"/>
  <nd ref="728855958"/>
  <nd ref="728855862"/>
  <tag k="addr:housenumber" v="25 с22"/>
  <tag k="addr:street" v="Павловская улица"/>
  <tag k="building" v="yes"/>
 </way>
 <way id="58821328" visible="true" version="5" changeset="83713392" timestamp="2020-04-17T14:52:05Z" user="Silka123" uid="419641">
  <nd ref="728856180"/>
  <nd ref="728856192"/>
  <nd ref="7414874447"/>
  <nd ref="7414874445"/>
  <nd ref="7414874446"/>
  <nd ref="7414874448"/>
  <nd ref="728856131"/>
  <nd ref="7414874456"/>
  <nd ref="7414874451"/>
  <nd ref="7414874452"/>
  <nd ref="7414874453"/>
  <nd ref="7414874454"/>
  <nd ref="7414874449"/>
  <nd ref="7414874450"/>
  <nd ref="7414874455"/>
  <nd ref="728856050"/>
  <nd ref="7414874458"/>
  <nd ref="7414874457"/>
  <nd ref="728856180"/>
  <tag k="addr:housenumber" v="98 с4"/>
  <tag k="addr:street" v="Дубининская улица"/>
  <tag k="building" v="yes"/>
 </way>
 <way id="58821330" visible="true" version="35" changeset="179755421" timestamp="2026-03-12T12:18:56Z" user="Zkir" uid="100812">
  <nd ref="728856217"/>
  <nd ref="728855919"/>
  <nd ref="728855873"/>
  <nd ref="728856341"/>
  <nd ref="728856303"/>
  <nd ref="7414874343"/>
  <nd ref="7414874344"/>
  <nd ref="728856246"/>
  <nd ref="728856187"/>
  <nd ref="728855911"/>
  <nd ref="728855868"/>
  <nd ref="728856339"/>
  <nd ref="728856292"/>
  <nd ref="7414874345"/>
  <nd ref="7414874346"/>
  <nd ref="7414874347"/>
  <nd ref="7414874348"/>
  <nd ref="728856235"/>
  <nd ref="7414874349"/>
  <nd ref="7414874350"/>
  <nd ref="728856175"/>
  <nd ref="728856118"/>
  <nd ref="728856035"/>
  <nd ref="728856333"/>
  <nd ref="7414874338"/>
  <nd ref="7414874337"/>
  <nd ref="728856283"/>
  <nd ref="728856227"/>
  <nd ref="728856162"/>
  <nd ref="728856101"/>
  <nd ref="7414874341"/>
  <nd ref="7414874342"/>
  <nd ref="7414874340"/>
  <nd ref="7414874339"/>
  <nd ref="728856217"/>
  <tag k="addr:housenumber" v="25 с1А"/>
  <tag k="addr:street" v="Павловская улица"/>
  <tag k="amenity" v="college"/>
  <tag k="building" v="yes"/>
  <tag k="building:levels" v="3"/>
  <tag k="full_name" v="Павловское Медицинскоеучилище № 1 города МосквыПри Городской клинической больнице № 4"/>
  <tag k="name" v="Павловское медицинское училище №1 при ГКБ №4"/>
  <tag k="roof:shape" v="flat"/>
 </way>
 <way id="58821331" visible="true" version="9" changeset="179755421" timestamp="2026-03-12T12:18:56Z" user="Zkir" uid="100812">
  <nd ref="728856122"/>
  <nd ref="728855856"/>
  <nd ref="7414874474"/>
  <nd ref="7414874473"/>
  <nd ref="7414874472"/>
  <nd ref="7414874475"/>
  <nd ref="728856317"/>
  <nd ref="728856269"/>
  <nd ref="728856122"/>
  <tag k="addr:housenumber" v="25 с15"/>
  <tag k="addr:street" v="Павловская улица"/>
  <tag k="alt_name" v="Корпус №15 (17 неврологическое отделение, 18 ревматологическое отделение, 19 терапевтическое отделение, 20 кардиологическое отделение, 21 кардиоинфарктное отделение с блоком интенсивной терапии, 26 терапевтическое отделение, справочная служба больницы)"/>
  <tag k="building" v="hospital"/>
  <tag k="roof:shape" v="flat"/>
 </way>
 <way id="58821337" visible="true" version="7" changeset="179755421" timestamp="2026-03-12T12:18:56Z" user="Zkir" uid="100812">
  <nd ref="728856305"/>
  <nd ref="728855984"/>
  <nd ref="728855940"/>
  <nd ref="728855901"/>
  <nd ref="7414874551"/>
  <nd ref="7414874552"/>
  <nd ref="7414874550"/>
  <nd ref="7414874549"/>
  <nd ref="728856305"/>
  <tag k="addr:housenumber" v="25 с6"/>
  <tag k="addr:street" v="Павловская улица"/>
  <tag k="alt_name" v="Корпус №6"/>
  <tag k="building" v="yes"/>
  <tag k="roof:shape" v="hipped"/>
 </way>
 <way id="58821349" visible="true" version="9" changeset="135778599" timestamp="2023-05-06T14:25:30Z" user="avinet_ua" uid="1538111">
  <nd ref="728856330"/>
  <nd ref="728856003"/>
  <nd ref="728856296"/>
  <nd ref="728856237"/>
  <nd ref="5541234644"/>
  <nd ref="5541234642"/>
  <nd ref="7414874545"/>
  <nd ref="7414874546"/>
  <nd ref="5541234641"/>
  <nd ref="7414874547"/>
  <nd ref="7414874548"/>
  <nd ref="5541234643"/>
  <nd ref="728856330"/>
  <tag k="addr:housenumber" v="25 с13"/>
  <tag k="addr:street" v="Павловская улица"/>
  <tag k="amenity" v="pharmacy"/>
  <tag k="building" v="yes"/>
  <tag k="healthcare" v="pharmacy"/>
  <tag k="name" v="Аптека ГКБ №4"/>
  <tag k="name:uk" v="Аптека ДКБ №4"/>
 </way>
 <way id="58821419" visible="true" version="7" changeset="159328111" timestamp="2024-11-19T14:54:09Z" user="literan" uid="830106">
  <nd ref="7414870242"/>
  <nd ref="7414870245"/>
  <nd ref="7414870244"/>
 </way>
 <way id="58821421" visible="true" version="5" changeset="69460386" timestamp="2019-04-22T16:43:32Z" user="Alexander Kudryavtsev" uid="9571754">
  <nd ref="728858549"/>
  <nd ref="728858554"/>
  <nd ref="728858545"/>
  <nd ref="728858543"/>
  <nd ref="728858549"/>
  <tag k="addr:housenumber" v="1 с4"/>
  <tag k="addr:street" v="улица Даниловский Вал"/>
  <tag k="building" v="yes"/>
  <tag k="building:levels" v="3"/>
 </way>
 <way id="123644477" visible="true" version="20" changeset="83718184" timestamp="2020-04-17T16:51:45Z" user="literan" uid="830106">
  <nd ref="7414874591"/>
  <nd ref="3296513334"/>
  <nd ref="1377997704"/>
  <nd ref="7414874382"/>
  <nd ref="1377997707"/>
  <nd ref="7414874597"/>
  <nd ref="1377997712"/>
  <nd ref="4302423557"/>
  <nd ref="1377997720"/>
  <nd ref="1377997721"/>
  <nd ref="1377997722"/>
  <nd ref="1377997724"/>
  <nd ref="7414874272"/>
  <tag k="barrier" v="fence"/>
 </way>
 <way id="123647477" visible="true" version="28" changeset="156967770" timestamp="2024-09-22T20:08:07Z" user="dpolovinkin" uid="6710042">
  <nd ref="7414874246"/>
  <nd ref="7414874244"/>
  <nd ref="7414874245"/>
  <nd ref="7414874243"/>
  <nd ref="7414874220"/>
  <nd ref="1404432189"/>
  <nd ref="7868753428"/>
  <nd ref="1404432194"/>
  <nd ref="4405697743"/>
  <nd ref="7414870277"/>
  <nd ref="7414870276"/>
  <nd ref="7414870275"/>
  <nd ref="1404432175"/>
  <nd ref="7414874236"/>
  <nd ref="7414874230"/>
  <nd ref="3620371800"/>
  <nd ref="7414874246"/>
  <tag k="landuse" v="industrial"/>
  <tag k="man_made" v="works"/>
  <tag k="name" v="Завод холодильного машиностроения «Искра»"/>
 </way>
 <way id="123649820" visible="true" version="11" changeset="135707721" timestamp="2023-05-04T16:00:52Z" user="Bobropiton" uid="2055718">
  <nd ref="1378035639"/>
  <nd ref="10867922490"/>
  <nd ref="3296513334"/>
  <nd ref="5098756485"/>
  <nd ref="5534113166"/>
  <nd ref="5534113170"/>
  <nd ref="7508667575"/>
  <nd ref="5534113165"/>
  <nd ref="4999760293"/>
  <nd ref="4999760297"/>
  <nd ref="4999763823"/>
  <nd ref="3239878245"/>
  <nd ref="3239878246"/>
  <nd ref="5204319803"/>
  <tag k="highway" v="service"/>
  <tag k="surface" v="asphalt"/>
 </way>
 <way id="126766316" visible="true" version="4" changeset="83713392" timestamp="2020-04-17T14:52:05Z" user="Silka123" uid="419641">
  <nd ref="1404432194"/>
  <nd ref="4405697743"/>
  <nd ref="7414870279"/>
  <tag k="barrier" v="fence"/>
  <tag k="source" v="Yahoo"/>
 </way>
 <way id="194923510" visible="true" version="5" changeset="96577032" timestamp="2020-12-29T06:27:05Z" user="augxcgrwxo" uid="371263">
  <nd ref="2054335727"/>
  <nd ref="3266775272"/>
  <nd ref="2054335713"/>
  <nd ref="2054335709"/>
  <nd ref="7414870247"/>
  <nd ref="7414870246"/>
  <nd ref="4405691332"/>
  <nd ref="7414870248"/>
  <nd ref="7414870249"/>
  <nd ref="4405691326"/>
  <nd ref="4712640896"/>
  <nd ref="2054335727"/>
  <tag k="addr:housenumber" v="1 с7"/>
  <tag k="addr:street" v="улица Даниловский Вал"/>
  <tag k="building" v="industrial"/>
  <tag k="building:levels" v="4"/>
  <tag k="roof:levels" v="0"/>
  <tag k="roof:shape" v="flat"/>
 </way>
 <way id="207175439" visible="true" version="5" changeset="59697452" timestamp="2018-06-09T19:01:47Z" user="Echo78" uid="4292789">
  <nd ref="365401344"/>
  <nd ref="5678329653"/>
  <nd ref="2173324821"/>
  <nd ref="4366037707"/>
  <nd ref="4406748342"/>
  <nd ref="2173324819"/>
  <nd ref="4366037706"/>
  <nd ref="4406748338"/>
  <nd ref="4366036652"/>
  <tag k="barrier" v="fence"/>
 </way>
 <way id="242191981" visible="true" version="4" changeset="122843030" timestamp="2022-06-25T16:30:36Z" user="Echo78" uid="4292789">
  <nd ref="2497081957"/>
  <nd ref="9846575587"/>
  <nd ref="2497081958"/>
  <nd ref="2497081959"/>
  <nd ref="2497081960"/>
  <nd ref="9846575588"/>
  <nd ref="599065167"/>
  <tag k="highway" v="footway"/>
  <tag k="lit" v="yes"/>
  <tag k="surface" v="paving_stones"/>
 </way>
 <way id="251469409" visible="true" version="4" changeset="57953238" timestamp="2018-04-09T21:27:11Z" user="literan" uid="830106">
  <nd ref="2576856557"/>
  <nd ref="2576856559"/>
  <nd ref="5541234701"/>
  <nd ref="5541234699"/>
  <nd ref="5541234697"/>
  <nd ref="5541234696"/>
  <nd ref="5541234695"/>
  <nd ref="5541234694"/>
  <nd ref="5541234698"/>
  <nd ref="5541234700"/>
  <nd ref="2576856556"/>
  <nd ref="2576856558"/>
  <nd ref="2576856557"/>
  <tag k="addr:housenumber" v="25 с19"/>
  <tag k="addr:street" v="Павловская улица"/>
  <tag k="building" v="yes"/>
  <tag k="description" v="консультативный кабинет по отоларингологии, отделение лечебной физкультуры."/>
  <tag k="name" v="Корпус № 19"/>
 </way>
 <way id="251473905" visible="true" version="2" changeset="83713392" timestamp="2020-04-17T14:52:05Z" user="Silka123" uid="419641">
  <nd ref="2576899943"/>
  <nd ref="7414874570"/>
  <nd ref="7414874562"/>
  <nd ref="7414874563"/>
  <nd ref="2576899946"/>
  <nd ref="2576899941"/>
  <nd ref="7414874565"/>
  <nd ref="7414874564"/>
  <nd ref="7414874566"/>
  <nd ref="7414874561"/>
  <nd ref="7414874560"/>
  <nd ref="7414874559"/>
  <nd ref="7414874558"/>
  <nd ref="7414874557"/>
  <nd ref="7414874556"/>
  <nd ref="7414874555"/>
  <nd ref="7414874554"/>
  <nd ref="7414874553"/>
  <nd ref="7414874567"/>
  <nd ref="7414874568"/>
  <nd ref="7414874569"/>
  <nd ref="7414874571"/>
  <nd ref="7414874572"/>
  <nd ref="2576899942"/>
  <nd ref="2576899943"/>
  <tag k="addr:housenumber" v="25 с14"/>
  <tag k="addr:street" v="Павловская улица"/>
  <tag k="building" v="yes"/>
 </way>
 <way id="251473906" visible="true" version="2" changeset="83713392" timestamp="2020-04-17T14:52:05Z" user="Silka123" uid="419641">
  <nd ref="2576899947"/>
  <nd ref="2576899940"/>
  <nd ref="7414874432"/>
  <nd ref="7414874431"/>
  <nd ref="2576899945"/>
  <nd ref="2576899944"/>
  <nd ref="2576899947"/>
  <tag k="addr:housenumber" v="25 с24"/>
  <tag k="addr:street" v="Павловская улица"/>
  <tag k="building" v="yes"/>
 </way>
 <way id="271161274" visible="true" version="14" changeset="135707721" timestamp="2023-05-04T16:00:52Z" user="Bobropiton" uid="2055718">
  <nd ref="2761255381"/>
  <nd ref="2761255291"/>
  <nd ref="10867922493"/>
  <nd ref="2761255142"/>
  <nd ref="10867922496"/>
  <nd ref="3854957737"/>
  <nd ref="4577433262"/>
  <nd ref="2761254934"/>
  <nd ref="2761254550"/>
  <nd ref="4405697746"/>
  <nd ref="9806728311"/>
  <nd ref="4717151598"/>
  <nd ref="7414874351"/>
  <nd ref="3296517789"/>
  <nd ref="2761254205"/>
  <nd ref="7868753411"/>
  <tag k="footway" v="sidewalk"/>
  <tag k="highway" v="footway"/>
  <tag k="lit" v="no"/>
  <tag k="surface" v="asphalt"/>
 </way>
 <way id="320177719" visible="true" version="4" changeset="159328111" timestamp="2024-11-19T14:54:09Z" user="literan" uid="830106">
  <nd ref="2054335719"/>
  <nd ref="2054335740"/>
  <nd ref="2054335738"/>
  <nd ref="7414870250"/>
  <nd ref="2054335732"/>
  <nd ref="2054335718"/>
  <tag k="access" v="private"/>
  <tag k="highway" v="service"/>
 </way>
 <way id="322859531" visible="true" version="10" changeset="159328111" timestamp="2024-11-19T14:54:09Z" user="literan" uid="830106">
  <nd ref="4405697734"/>
  <nd ref="12355322666"/>
  <nd ref="3296513642"/>
  <nd ref="4405697735"/>
  <nd ref="4405697744"/>
  <nd ref="4405697737"/>
  <nd ref="12355322677"/>
  <nd ref="12355322676"/>
  <nd ref="12355322675"/>
  <nd ref="12355322674"/>
  <nd ref="7868753429"/>
  <tag k="footway" v="sidewalk"/>
  <tag k="highway" v="footway"/>
  <tag k="lit" v="yes"/>
  <tag k="surface" v="asphalt"/>
 </way>
 <way id="322859950" visible="true" version="9" changeset="141245540" timestamp="2023-09-14T08:28:48Z" user="augxcgrwxo" uid="371263">
  <nd ref="6733297080"/>
  <nd ref="3226282805"/>
  <nd ref="3226282806"/>
  <nd ref="5204344616"/>
  <nd ref="10867922570"/>
  <nd ref="5204314303"/>
  <nd ref="3296517786"/>
  <nd ref="7414874266"/>
  <nd ref="7414874265"/>
  <nd ref="3296517787"/>
  <nd ref="3296517788"/>
  <nd ref="5167613440"/>
  <nd ref="11189882127"/>
  <nd ref="11189882129"/>
  <nd ref="3296517789"/>
  <tag k="footway" v="sidewalk"/>
  <tag k="highway" v="footway"/>
  <tag k="surface" v="asphalt"/>
 </way>
 <way id="437295738" visible="true" version="4" changeset="67074443" timestamp="2019-02-10T15:25:42Z" user="literan" uid="830106">
  <nd ref="4351155747"/>
  <nd ref="4351155749"/>
  <nd ref="4351155748"/>
  <nd ref="4351155745"/>
  <nd ref="4351155746"/>
  <nd ref="4351155750"/>
  <nd ref="4351155747"/>
  <tag k="building" v="service"/>
  <tag k="building:levels" v="1"/>
  <tag k="description" v="Metro's ventilation shaft"/>
  <tag k="description:ru" v="Вентиляционная шахта метрополитена"/>
  <tag k="railway" v="ventilation_shaft"/>
  <tag k="ref" v="ВШ-840"/>
  <tag k="service" v="ventilation"/>
 </way>
 <way id="437634816" visible="true" version="2" changeset="46609788" timestamp="2017-03-06T00:38:15Z" user="Alexander-II" uid="3580412">
  <nd ref="4354283270"/>
  <nd ref="4354283271"/>
  <nd ref="4354283272"/>
  <nd ref="4354283273"/>
  <nd ref="4354283270"/>
  <tag k="building" v="yes"/>
  <tag k="building:levels" v="1"/>
 </way>
 <way id="437637282" visible="true" version="1" changeset="41515762" timestamp="2016-08-17T16:24:57Z" user="Echo78" uid="4292789">
  <nd ref="4354295474"/>
  <nd ref="4354295475"/>
  <nd ref="4354295476"/>
  <nd ref="4354295477"/>
  <nd ref="4354295474"/>
  <tag k="building" v="service"/>
  <tag k="building:levels" v="1"/>
  <tag k="power" v="substation"/>
  <tag k="substation" v="minor_distribution"/>
 </way>
 <way id="438967262" visible="true" version="3" changeset="100662477" timestamp="2021-03-08T21:25:05Z" user="literan" uid="830106">
  <nd ref="365401290"/>
  <nd ref="365401257"/>
  <nd ref="3059001258"/>
  <nd ref="3059001260"/>
  <nd ref="3059001259"/>
  <nd ref="365401262"/>
  <nd ref="3059001239"/>
  <nd ref="365401268"/>
  <nd ref="2173324822"/>
  <nd ref="365401319"/>
  <nd ref="3296513641"/>
  <nd ref="4366036653"/>
 </way>
 <way id="438967263" visible="true" version="1" changeset="41683258" timestamp="2016-08-25T09:41:04Z" user="Echo78" uid="4292789">
  <nd ref="4366036653"/>
  <nd ref="365401341"/>
  <nd ref="365401344"/>
  <tag k="barrier" v="fence"/>
 </way>
 <way id="438967264" visible="true" version="1" changeset="41683258" timestamp="2016-08-25T09:41:04Z" user="Echo78" uid="4292789">
  <nd ref="4366036652"/>
  <nd ref="4366036653"/>
  <tag k="barrier" v="fence"/>
 </way>
 <way id="442920607" visible="true" version="3" changeset="159328111" timestamp="2024-11-19T14:54:09Z" user="literan" uid="830106">
  <nd ref="4405691323"/>
  <nd ref="4405691324"/>
  <nd ref="4405691331"/>
  <nd ref="4405691329"/>
  <nd ref="4405691328"/>
  <nd ref="4405691325"/>
  <nd ref="4712640896"/>
  <tag k="barrier" v="fence"/>
 </way>
 <way id="442920608" visible="true" version="5" changeset="159328111" timestamp="2024-11-19T14:54:09Z" user="literan" uid="830106">
  <nd ref="4405691332"/>
  <nd ref="3266775272"/>
  <tag k="access" v="private"/>
  <tag k="highway" v="service"/>
  <tag k="tunnel" v="building_passage"/>
 </way>
 <way id="442921159" visible="true" version="3" changeset="159328111" timestamp="2024-11-19T14:54:09Z" user="literan" uid="830106">
  <nd ref="4405697725"/>
  <nd ref="12355322673"/>
  <nd ref="4405697726"/>
  <nd ref="12355322672"/>
  <nd ref="4405697727"/>
  <nd ref="12355322671"/>
  <nd ref="12355322670"/>
  <nd ref="4405697728"/>
  <nd ref="4405697725"/>
  <tag k="leaf_type" v="mixed"/>
  <tag k="natural" v="wood"/>
 </way>
 <way id="442921161" visible="true" version="5" changeset="159328111" timestamp="2024-11-19T14:54:09Z" user="literan" uid="830106">
  <nd ref="4405697732"/>
  <nd ref="12355322655"/>
  <nd ref="4406748343"/>
  <nd ref="4406748341"/>
  <nd ref="4405697733"/>
  <nd ref="12355322663"/>
  <nd ref="12355322653"/>
  <nd ref="4406748339"/>
  <nd ref="4406748337"/>
  <nd ref="4405697734"/>
  <tag k="footway" v="sidewalk"/>
  <tag k="highway" v="footway"/>
  <tag k="lit" v="yes"/>
  <tag k="surface" v="asphalt"/>
 </way>
 <way id="442921164" visible="true" version="1" changeset="42228046" timestamp="2016-09-17T14:19:37Z" user="Echo78" uid="4292789">
  <nd ref="4405697738"/>
  <nd ref="4405697740"/>
  <nd ref="4405697739"/>
  <tag k="highway" v="service"/>
  <tag k="service" v="driveway"/>
 </way>
 <way id="442921165" visible="true" version="5" changeset="159328111" timestamp="2024-11-19T14:54:09Z" user="literan" uid="830106">
  <nd ref="4405697735"/>
  <nd ref="4405697740"/>
  <nd ref="12355322652"/>
  <nd ref="5661551123"/>
  <nd ref="4405697741"/>
  <tag k="footway" v="sidewalk"/>
  <tag k="highway" v="footway"/>
  <tag k="lit" v="no"/>
  <tag k="surface" v="asphalt"/>
 </way>
 <way id="442921167" visible="true" version="4" changeset="97811956" timestamp="2021-01-20T06:43:47Z" user="augxcgrwxo" uid="371263">
  <nd ref="4405697744"/>
  <nd ref="4405697745"/>
  <nd ref="4405697746"/>
  <tag k="footway" v="crossing"/>
  <tag k="highway" v="footway"/>
  <tag k="lit" v="yes"/>
  <tag k="surface" v="asphalt"/>
 </way>
 <way id="442921525" visible="true" version="1" changeset="42228132" timestamp="2016-09-17T14:25:20Z" user="Echo78" uid="4292789">
  <nd ref="4405700835"/>
  <nd ref="4405700836"/>
  <nd ref="4405700837"/>
  <nd ref="4405700838"/>
  <nd ref="4405700839"/>
  <nd ref="4405700835"/>
  <tag k="landuse" v="grass"/>
 </way>
 <way id="443028954" visible="true" version="1" changeset="42246031" timestamp="2016-09-18T12:17:00Z" user="Echo78" uid="4292789">
  <nd ref="4406748336"/>
  <nd ref="4406748337"/>
  <nd ref="4406748338"/>
  <tag k="highway" v="service"/>
  <tag k="service" v="driveway"/>
 </way>
 <way id="443028956" visible="true" version="3" changeset="93500190" timestamp="2020-11-03T20:30:41Z" user="augxcgrwxo" uid="371263">
  <nd ref="4406748339"/>
  <nd ref="4366037706"/>
  <tag k="highway" v="footway"/>
  <tag k="lit" v="yes"/>
  <tag k="surface" v="paving_stones"/>
 </way>
 <way id="462339220" visible="true" version="1" changeset="44731635" timestamp="2016-12-28T14:01:23Z" user="Владимир К" uid="2853561">
  <nd ref="4577433261"/>
  <nd ref="253633096"/>
  <nd ref="4577433262"/>
  <tag k="footway" v="crossing"/>
  <tag k="highway" v="footway"/>
  <tag k="surface" v="asphalt"/>
 </way>
 <way id="477978929" visible="true" version="1" changeset="46510820" timestamp="2017-03-02T02:28:34Z" user="Alexander-II" uid="3580412">
  <nd ref="4712640896"/>
  <nd ref="728858555"/>
  <tag k="barrier" v="wall"/>
 </way>
 <way id="478498764" visible="true" version="7" changeset="141245540" timestamp="2023-09-14T08:28:48Z" user="augxcgrwxo" uid="371263">
  <nd ref="4717151598"/>
  <nd ref="4717151594"/>
  <nd ref="4717151595"/>
  <nd ref="11189882120"/>
  <tag k="highway" v="footway"/>
  <tag k="lit" v="yes"/>
  <tag k="smoothness" v="intermediate"/>
  <tag k="surface" v="asphalt"/>
 </way>
 <way id="511038343" visible="true" version="2" changeset="85045994" timestamp="2020-05-11T20:54:53Z" user="MaddMapper" uid="10228243">
  <nd ref="4999760293"/>
  <nd ref="4999760294"/>
  <nd ref="7508667571"/>
  <nd ref="4999760295"/>
  <nd ref="4999760296"/>
  <nd ref="7508667572"/>
  <nd ref="7508706690"/>
  <nd ref="7508667573"/>
  <nd ref="7508706689"/>
  <nd ref="7508706688"/>
  <nd ref="7508667583"/>
  <nd ref="7508706687"/>
  <nd ref="7508667584"/>
  <nd ref="7508706686"/>
  <nd ref="7508706685"/>
  <nd ref="5534113170"/>
  <tag k="highway" v="service"/>
  <tag k="surface" v="asphalt"/>
 </way>
 <way id="511038344" visible="true" version="2" changeset="85045994" timestamp="2020-05-11T20:54:53Z" user="MaddMapper" uid="10228243">
  <nd ref="4999760297"/>
  <nd ref="4999760298"/>
  <nd ref="7508667570"/>
  <nd ref="4999760295"/>
  <tag k="highway" v="service"/>
  <tag k="surface" v="asphalt"/>
 </way>
 <way id="511038345" visible="true" version="2" changeset="83713392" timestamp="2020-04-17T14:52:05Z" user="Silka123" uid="419641">
  <nd ref="4999760311"/>
  <nd ref="4999760312"/>
  <nd ref="4999760313"/>
  <nd ref="4999760314"/>
  <nd ref="4999760315"/>
  <nd ref="4999760316"/>
  <nd ref="4999760317"/>
  <nd ref="4999760304"/>
  <nd ref="4999760305"/>
  <nd ref="4999760306"/>
  <nd ref="4999760299"/>
  <nd ref="4999760307"/>
  <nd ref="4999760308"/>
  <nd ref="4999760309"/>
  <nd ref="4999760310"/>
  <nd ref="4999760300"/>
  <nd ref="4999760301"/>
  <nd ref="4999760302"/>
  <nd ref="4999760303"/>
  <nd ref="4999760311"/>
  <tag k="addr:housenumber" v="25 с28"/>
  <tag k="addr:street" v="Павловская улица"/>
  <tag k="building" v="yes"/>
 </way>
 <way id="511038346" visible="true" version="5" changeset="141245883" timestamp="2023-09-14T08:36:48Z" user="augxcgrwxo" uid="371263">
  <nd ref="11189882122"/>
  <nd ref="11189882116"/>
  <nd ref="4999760319"/>
  <nd ref="4999760320"/>
  <nd ref="4999763821"/>
  <nd ref="4999763822"/>
  <nd ref="5534113174"/>
  <nd ref="5534113164"/>
  <nd ref="5534113165"/>
  <tag k="highway" v="footway"/>
 </way>
 <way id="511038347" visible="true" version="3" changeset="85045994" timestamp="2020-05-11T20:54:53Z" user="MaddMapper" uid="10228243">
  <nd ref="4999763823"/>
  <nd ref="7508667568"/>
  <nd ref="7414874459"/>
  <nd ref="4999763822"/>
  <nd ref="4999763824"/>
  <nd ref="4999763825"/>
  <nd ref="4999763826"/>
  <nd ref="4999763827"/>
  <tag k="highway" v="service"/>
  <tag k="surface" v="asphalt"/>
 </way>
 <way id="538802625" visible="true" version="6" changeset="116664646" timestamp="2022-01-27T12:28:47Z" user="nedforik" uid="8691385">
  <nd ref="3358123775"/>
  <nd ref="4405697738"/>
  <nd ref="3296513642"/>
  <nd ref="331532209"/>
  <tag k="highway" v="unclassified"/>
  <tag k="lanes" v="2"/>
  <tag k="lit" v="yes"/>
  <tag k="maxspeed" v="20"/>
  <tag k="maxspeed:type" v="sign"/>
  <tag k="name" v="1-й Подольский переулок"/>
  <tag k="name:en" v="1st Podolskiy Lane"/>
  <tag k="postal_code" v="115093"/>
  <tag k="surface" v="asphalt"/>
 </way>
 <way id="539026208" visible="true" version="1" changeset="53586485" timestamp="2017-11-07T16:53:47Z" user="literan" uid="830106">
  <nd ref="1427757052"/>
  <nd ref="2545270364"/>
 </way>
 <way id="539026209" visible="true" version="1" changeset="53586485" timestamp="2017-11-07T16:53:47Z" user="literan" uid="830106">
  <nd ref="1427757051"/>
  <nd ref="2545270382"/>
 </way>
 <way id="539026210" visible="true" version="1" changeset="53586485" timestamp="2017-11-07T16:53:48Z" user="literan" uid="830106">
  <nd ref="2545270364"/>
  <nd ref="365401254"/>
  <nd ref="365401246"/>
  <nd ref="365401249"/>
  <nd ref="365401251"/>
  <nd ref="1427757051"/>
 </way>
 <way id="539026211" visible="true" version="1" changeset="53586485" timestamp="2017-11-07T16:53:48Z" user="literan" uid="830106">
  <nd ref="2545270364"/>
  <nd ref="1427757051"/>
 </way>
 <way id="539026212" visible="true" version="1" changeset="53586485" timestamp="2017-11-07T16:53:48Z" user="literan" uid="830106">
  <nd ref="1427757052"/>
  <nd ref="2545270382"/>
 </way>
 <way id="539026217" visible="true" version="1" changeset="53586485" timestamp="2017-11-07T16:53:48Z" user="literan" uid="830106">
  <nd ref="2544968043"/>
  <nd ref="365401244"/>
  <nd ref="365401198"/>
  <nd ref="365401202"/>
  <nd ref="365401241"/>
  <nd ref="2544968082"/>
 </way>
 <way id="544316886" visible="true" version="4" changeset="122171613" timestamp="2022-06-09T15:28:07Z" user="Echo78" uid="4292789">
  <nd ref="5261854509"/>
  <nd ref="5261854510"/>
  <nd ref="5261854511"/>
  <nd ref="5261854512"/>
  <nd ref="9806696914"/>
  <nd ref="5261854509"/>
  <tag k="barrier" v="fence"/>
  <tag k="fence_type" v="bars"/>
  <tag k="leisure" v="dog_park"/>
  <tag k="source" v="Bing"/>
  <tag k="wheelchair" v="yes"/>
 </way>
 <way id="577229269" visible="true" version="2" changeset="57930676" timestamp="2018-04-09T06:40:39Z" user="Echo78" uid="4292789">
  <nd ref="5534108121"/>
  <nd ref="5534108122"/>
  <nd ref="5534108123"/>
  <nd ref="5534108124"/>
  <nd ref="5534108121"/>
  <tag k="addr:housenumber" v="25 с32"/>
  <tag k="addr:street" v="Павловская улица"/>
  <tag k="building" v="service"/>
  <tag k="power" v="substation"/>
  <tag k="substation" v="minor_distribution"/>
 </way>
 <way id="577229798" visible="true" version="1" changeset="57870735" timestamp="2018-04-06T16:23:27Z" user="Echo78" uid="4292789">
  <nd ref="5534113171"/>
  <nd ref="5534113172"/>
  <nd ref="5534113173"/>
  <nd ref="5534113174"/>
  <tag k="highway" v="footway"/>
 </way>
 <way id="578237137" visible="true" version="1" changeset="57953238" timestamp="2018-04-09T21:27:01Z" user="literan" uid="830106">
  <nd ref="5541234693"/>
  <nd ref="5541234690"/>
  <nd ref="5541234691"/>
  <nd ref="5541234692"/>
  <nd ref="5541234693"/>
  <tag k="addr:housenumber" v="25 с33"/>
  <tag k="addr:street" v="Павловская улица"/>
  <tag k="building" v="yes"/>
 </way>
 <way id="586066697" visible="true" version="3" changeset="93500190" timestamp="2020-11-03T20:33:21Z" user="augxcgrwxo" uid="371263">
  <nd ref="5600198368"/>
  <nd ref="5600198381"/>
  <nd ref="5600198369"/>
  <nd ref="5600198373"/>
  <nd ref="5600198371"/>
  <nd ref="5600198370"/>
  <tag k="highway" v="footway"/>
  <tag k="lit" v="yes"/>
  <tag k="surface" v="paving_stones"/>
 </way>
 <way id="586066698" visible="true" version="3" changeset="93500190" timestamp="2020-11-03T20:34:18Z" user="augxcgrwxo" uid="371263">
  <nd ref="5600198371"/>
  <nd ref="5600198402"/>
  <nd ref="5600198376"/>
  <nd ref="5600198372"/>
  <tag k="highway" v="footway"/>
  <tag k="lit" v="yes"/>
  <tag k="surface" v="paving_stones"/>
 </way>
 <way id="586066699" visible="true" version="3" changeset="93500190" timestamp="2020-11-03T20:34:04Z" user="augxcgrwxo" uid="371263">
  <nd ref="5600198373"/>
  <nd ref="5600198403"/>
  <nd ref="5600198377"/>
  <nd ref="5600198374"/>
  <tag k="highway" v="footway"/>
  <tag k="lit" v="yes"/>
  <tag k="surface" v="paving_stones"/>
 </way>
 <way id="586066700" visible="true" version="3" changeset="93500190" timestamp="2020-11-03T20:33:53Z" user="augxcgrwxo" uid="371263">
  <nd ref="5600198375"/>
  <nd ref="5600198376"/>
  <nd ref="5600198377"/>
  <nd ref="5600198378"/>
  <nd ref="5600198382"/>
  <nd ref="5600198379"/>
  <nd ref="5600198380"/>
  <tag k="highway" v="footway"/>
  <tag k="lit" v="yes"/>
  <tag k="surface" v="paving_stones"/>
 </way>
 <way id="586066701" visible="true" version="3" changeset="93500190" timestamp="2020-11-03T20:33:16Z" user="augxcgrwxo" uid="371263">
  <nd ref="5600198381"/>
  <nd ref="5600198382"/>
  <nd ref="5600198383"/>
  <tag k="highway" v="footway"/>
  <tag k="lit" v="yes"/>
  <tag k="surface" v="paving_stones"/>
 </way>
 <way id="586066702" visible="true" version="2" changeset="93500330" timestamp="2020-11-03T20:33:23Z" user="augxcgrwxo" uid="371263">
  <nd ref="5600198384"/>
  <nd ref="5600198385"/>
  <nd ref="5600198386"/>
  <nd ref="5600198387"/>
  <nd ref="5600198401"/>
  <nd ref="5600198388"/>
  <nd ref="5600198389"/>
  <nd ref="5600198390"/>
  <nd ref="5600198391"/>
  <nd ref="5600198392"/>
  <nd ref="5600198393"/>
  <nd ref="5600198394"/>
  <nd ref="5600198400"/>
  <nd ref="5600198395"/>
  <nd ref="5600198396"/>
  <nd ref="5600198397"/>
  <nd ref="5600198398"/>
  <nd ref="5600198399"/>
  <nd ref="5600198404"/>
  <nd ref="5600198384"/>
  <tag k="access" v="yes"/>
  <tag k="leisure" v="playground"/>
 </way>
 <way id="586066703" visible="true" version="3" changeset="93500190" timestamp="2020-11-03T20:34:01Z" user="augxcgrwxo" uid="371263">
  <nd ref="5600198402"/>
  <nd ref="5600198403"/>
  <nd ref="5600198404"/>
  <tag k="highway" v="footway"/>
  <tag k="lit" v="yes"/>
  <tag k="surface" v="paving_stones"/>
 </way>
 <way id="587754877" visible="true" version="2" changeset="93500585" timestamp="2020-11-03T20:39:10Z" user="augxcgrwxo" uid="371263">
  <nd ref="5614076637"/>
  <nd ref="5614076638"/>
  <nd ref="5614076639"/>
  <nd ref="5614076640"/>
  <nd ref="5614076641"/>
  <nd ref="5614076642"/>
  <nd ref="5614076637"/>
  <tag k="leaf_type" v="broadleaved"/>
  <tag k="natural" v="wood"/>
 </way>
 <way id="587754878" visible="true" version="2" changeset="93500585" timestamp="2020-11-03T20:39:13Z" user="augxcgrwxo" uid="371263">
  <nd ref="5614076643"/>
  <nd ref="5614076644"/>
  <nd ref="5614076645"/>
  <nd ref="5614076646"/>
  <nd ref="5614076647"/>
  <nd ref="5614076648"/>
  <nd ref="5614076643"/>
  <tag k="leaf_type" v="broadleaved"/>
  <tag k="natural" v="wood"/>
 </way>
 <way id="591347104" visible="true" version="2" changeset="159328111" timestamp="2024-11-19T14:54:09Z" user="literan" uid="830106">
  <nd ref="5645671662"/>
  <nd ref="2054335719"/>
  <nd ref="2054335718"/>
  <nd ref="3266775272"/>
  <tag k="access" v="private"/>
  <tag k="highway" v="service"/>
 </way>
 <way id="593473817" visible="true" version="1" changeset="59513986" timestamp="2018-06-03T17:15:34Z" user="Echo78" uid="4292789">
  <nd ref="5661551122"/>
  <nd ref="5661551123"/>
  <nd ref="5661535937"/>
  <tag k="highway" v="service"/>
  <tag k="service" v="driveway"/>
 </way>
 <way id="792950875" visible="true" version="4" changeset="159328111" timestamp="2024-11-19T14:54:09Z" user="literan" uid="830106">
  <nd ref="7414870241"/>
  <nd ref="7414870240"/>
  <nd ref="7414870239"/>
 </way>
 <way id="792950877" visible="true" version="2" changeset="159328111" timestamp="2024-11-19T14:54:09Z" user="literan" uid="830106">
  <nd ref="7414870244"/>
  <nd ref="7414870243"/>
 </way>
 <way id="792950880" visible="true" version="1" changeset="83713392" timestamp="2020-04-17T14:52:05Z" user="Silka123" uid="419641">
  <nd ref="7414870281"/>
  <nd ref="1404432175"/>
  <tag k="barrier" v="fence"/>
  <tag k="source" v="Yahoo"/>
 </way>
 <way id="792950881" visible="true" version="1" changeset="83713392" timestamp="2020-04-17T14:52:05Z" user="Silka123" uid="419641">
  <nd ref="7414870281"/>
  <nd ref="7414870280"/>
  <nd ref="7414870279"/>
  <nd ref="7414870278"/>
  <nd ref="7414870281"/>
  <tag k="building" v="yes"/>
 </way>
 <way id="792950894" visible="true" version="3" changeset="141245540" timestamp="2023-09-14T08:28:48Z" user="augxcgrwxo" uid="371263">
  <nd ref="1377997727"/>
  <nd ref="5204339204"/>
  <nd ref="1377997736"/>
  <nd ref="5204319800"/>
  <nd ref="5204322083"/>
  <nd ref="3239878242"/>
  <nd ref="5204319802"/>
  <nd ref="5167613439"/>
  <nd ref="11189882119"/>
  <nd ref="11189882125"/>
  <nd ref="11189882128"/>
  <nd ref="7414874354"/>
  <tag k="barrier" v="fence"/>
 </way>
 <way id="792950904" visible="true" version="2" changeset="97742068" timestamp="2021-01-19T07:04:08Z" user="iWowik" uid="481934">
  <nd ref="7414874312"/>
  <nd ref="7414874311"/>
  <nd ref="7414874310"/>
  <nd ref="7414874309"/>
  <nd ref="7414874312"/>
  <tag k="addr:housenumber" v="98 с1"/>
  <tag k="addr:street" v="Дубининская улица"/>
  <tag k="building" v="yes"/>
 </way>
 <way id="792950909" visible="true" version="2" changeset="83718184" timestamp="2020-04-17T16:51:45Z" user="literan" uid="830106">
  <nd ref="7414874356"/>
  <nd ref="7414874352"/>
  <nd ref="4717151594"/>
  <nd ref="1377997746"/>
  <nd ref="1377997780"/>
  <nd ref="1377997792"/>
  <nd ref="7414874593"/>
  <tag k="barrier" v="fence"/>
 </way>
 <way id="792950910" visible="true" version="2" changeset="83718184" timestamp="2020-04-17T16:51:45Z" user="literan" uid="830106">
  <nd ref="7414874356"/>
  <nd ref="7414874355"/>
  <nd ref="7414874354"/>
 </way>
 <way id="792950919" visible="true" version="1" changeset="83713392" timestamp="2020-04-17T14:52:05Z" user="Silka123" uid="419641">
  <nd ref="7414874436"/>
  <nd ref="7414874435"/>
  <nd ref="7414874434"/>
  <nd ref="7414874433"/>
  <nd ref="7414874436"/>
  <tag k="addr:housenumber" v="25 с31"/>
  <tag k="addr:street" v="Павловская улица"/>
  <tag k="building" v="yes"/>
 </way>
 <way id="792950920" visible="true" version="1" changeset="83713392" timestamp="2020-04-17T14:52:05Z" user="Silka123" uid="419641">
  <nd ref="7414874444"/>
  <nd ref="7414874443"/>
  <nd ref="7414874442"/>
  <nd ref="7414874441"/>
  <nd ref="7414874444"/>
  <tag k="building" v="yes"/>
 </way>
 <way id="792987913" visible="true" version="1" changeset="83718184" timestamp="2020-04-17T16:51:45Z" user="literan" uid="830106">
  <nd ref="7414874354"/>
  <nd ref="7414874353"/>
  <nd ref="7414874356"/>
 </way>
 <way id="802708631" visible="true" version="1" changeset="85045994" timestamp="2020-05-11T20:54:53Z" user="MaddMapper" uid="10228243">
  <nd ref="7508667579"/>
  <nd ref="7508667574"/>
  <nd ref="7508667569"/>
  <nd ref="7508667576"/>
  <nd ref="7508667575"/>
  <tag k="highway" v="service"/>
 </way>
 <way id="843557486" visible="true" version="4" changeset="116149811" timestamp="2022-01-14T15:10:13Z" user="augxcgrwxo" uid="371263">
  <nd ref="5204314312"/>
  <nd ref="7868753413"/>
  <nd ref="7868753410"/>
  <nd ref="7868753430"/>
  <nd ref="7868753411"/>
  <tag k="footway" v="sidewalk"/>
  <tag k="highway" v="footway"/>
  <tag k="lit" v="yes"/>
  <tag k="smoothness" v="good"/>
  <tag k="surface" v="asphalt"/>
 </way>
 <way id="905844351" visible="true" version="6" changeset="146332218" timestamp="2024-01-16T17:26:55Z" user="literan" uid="830106">
  <nd ref="8412139246"/>
  <nd ref="8412139245"/>
  <nd ref="8412139244"/>
  <nd ref="8412139243"/>
  <nd ref="8412139242"/>
  <nd ref="8412139241"/>
  <nd ref="11521248317"/>
  <nd ref="11521248316"/>
  <nd ref="8412139240"/>
  <nd ref="8412139239"/>
  <nd ref="8412139238"/>
  <nd ref="8412139237"/>
  <nd ref="8412139236"/>
  <nd ref="8412139235"/>
  <nd ref="8412139234"/>
  <nd ref="8412139233"/>
  <nd ref="8489885800"/>
  <nd ref="8412139232"/>
  <nd ref="8412139231"/>
  <nd ref="8412139230"/>
  <nd ref="8412139246"/>
  <tag k="piste:difficulty" v="novice"/>
  <tag k="piste:grooming" v="classic"/>
  <tag k="piste:type" v="nordic"/>
  <tag k="source" v="GPS"/>
 </way>
 <way id="905846177" visible="true" version="4" changeset="137290441" timestamp="2023-06-13T16:20:49Z" user="Travieso" uid="5642897">
  <nd ref="8412148573"/>
  <nd ref="8412148572"/>
  <nd ref="8412148570"/>
  <nd ref="8412148571"/>
  <nd ref="10867922471"/>
  <nd ref="10867922470"/>
  <tag k="footway" v="sidewalk"/>
  <tag k="highway" v="footway"/>
  <tag k="lit" v="yes"/>
  <tag k="surface" v="asphalt"/>
 </way>
 <way id="908359339" visible="true" version="6" changeset="141144325" timestamp="2023-09-12T05:53:57Z" user="augxcgrwxo" uid="371263">
  <nd ref="8434539131"/>
  <nd ref="8434564058"/>
  <nd ref="8434564059"/>
  <nd ref="8434564060"/>
  <nd ref="8434564061"/>
  <nd ref="8434539131"/>
  <nd ref="8434587900"/>
  <nd ref="8434539133"/>
  <nd ref="8434539132"/>
  <tag k="highway" v="footway"/>
  <tag k="indoor" v="corridor"/>
  <tag k="level" v="1"/>
  <tag k="lit" v="yes"/>
  <tag k="surface" v="paved"/>
  <tag k="surface:note" v="линолеум"/>
 </way>
 <way id="908359340" visible="true" version="3" changeset="141144325" timestamp="2023-09-12T05:53:42Z" user="augxcgrwxo" uid="371263">
  <nd ref="8434539140"/>
  <nd ref="8434539132"/>
  <nd ref="8434539139"/>
  <tag k="highway" v="footway"/>
  <tag k="indoor" v="corridor"/>
  <tag k="lit" v="yes"/>
  <tag k="surface" v="paving_stones"/>
 </way>
 <way id="908359341" visible="true" version="6" changeset="141144357" timestamp="2023-09-12T05:54:56Z" user="augxcgrwxo" uid="371263">
  <nd ref="8434539136"/>
  <nd ref="8434539135"/>
  <nd ref="8434539134"/>
  <nd ref="8434539140"/>
  <tag k="highway" v="footway"/>
  <tag k="lit" v="yes"/>
  <tag k="smoothness" v="excellent"/>
  <tag k="surface" v="paving_stones"/>
 </way>
 <way id="908359342" visible="true" version="7" changeset="116150501" timestamp="2022-01-14T15:05:58Z" user="augxcgrwxo" uid="371263">
  <nd ref="4999760318"/>
  <nd ref="8434539138"/>
  <nd ref="9418198474"/>
  <tag k="highway" v="footway"/>
  <tag k="lit" v="yes"/>
  <tag k="smoothness" v="intermediate"/>
  <tag k="surface" v="asphalt"/>
 </way>
 <way id="908359343" visible="true" version="1" changeset="99514976" timestamp="2021-02-18T10:33:28Z" user="Echo78" uid="4292789">
  <nd ref="8434539144"/>
  <nd ref="8434539140"/>
  <nd ref="8434539143"/>
  <nd ref="8434539142"/>
  <nd ref="8434539139"/>
  <nd ref="8434539141"/>
  <nd ref="8434539133"/>
  <nd ref="8434539144"/>
  <tag k="building:levels" v="1"/>
  <tag k="building:part" v="yes"/>
 </way>
 <way id="908367795" visible="true" version="1" changeset="99514976" timestamp="2021-02-18T10:55:15Z" user="Echo78" uid="4292789">
  <nd ref="8434587896"/>
  <nd ref="8434587895"/>
  <nd ref="8434587894"/>
  <nd ref="8434587893"/>
  <tag k="handrail" v="yes"/>
  <tag k="highway" v="steps"/>
  <tag k="incline" v="down"/>
  <tag k="indoor" v="yes"/>
 </way>
 <way id="908367796" visible="true" version="2" changeset="101127051" timestamp="2021-03-16T14:18:26Z" user="augxcgrwxo" uid="371263">
  <nd ref="8434587897"/>
  <nd ref="8434587896"/>
  <tag k="highway" v="footway"/>
  <tag k="indoor" v="corridor"/>
  <tag k="lit" v="yes"/>
 </way>
 <way id="908367797" visible="true" version="4" changeset="141144325" timestamp="2023-09-12T05:53:45Z" user="augxcgrwxo" uid="371263">
  <nd ref="8434587898"/>
  <nd ref="8434587897"/>
  <nd ref="8434587900"/>
  <nd ref="8434586661"/>
  <nd ref="8434587899"/>
  <tag k="highway" v="footway"/>
  <tag k="indoor" v="corridor"/>
  <tag k="lit" v="yes"/>
  <tag k="surface" v="paved"/>
  <tag k="surface:note" v="линолеум"/>
 </way>
 <way id="908367926" visible="true" version="2" changeset="101127051" timestamp="2021-03-16T14:18:28Z" user="augxcgrwxo" uid="371263">
  <nd ref="8434586661"/>
  <nd ref="8434586663"/>
  <tag k="highway" v="footway"/>
  <tag k="indoor" v="corridor"/>
  <tag k="lit" v="yes"/>
 </way>
 <way id="908367927" visible="true" version="1" changeset="99514976" timestamp="2021-02-18T10:55:54Z" user="Echo78" uid="4292789">
  <nd ref="8434586663"/>
  <nd ref="8434586665"/>
  <nd ref="8434586664"/>
  <nd ref="8434586662"/>
  <tag k="handrail" v="yes"/>
  <tag k="highway" v="steps"/>
  <tag k="incline" v="down"/>
  <tag k="indoor" v="yes"/>
 </way>
 <way id="966141335" visible="true" version="3" changeset="141245540" timestamp="2023-09-14T08:28:48Z" user="augxcgrwxo" uid="371263">
  <nd ref="331532219"/>
  <nd ref="2761254205"/>
  <nd ref="11189882126"/>
  <nd ref="5167613441"/>
  <nd ref="331532223"/>
  <tag k="highway" v="unclassified"/>
  <tag k="lane_markings" v="no"/>
  <tag k="name" v="Даниловский переулок"/>
  <tag k="name:en" v="Danilovskiy Lane"/>
  <tag k="postal_code" v="115191"/>
  <tag k="surface" v="asphalt"/>
 </way>
 <way id="1021143141" visible="true" version="9" changeset="141144366" timestamp="2023-09-12T05:55:01Z" user="augxcgrwxo" uid="371263">
  <nd ref="9418198474"/>
  <nd ref="9418198475"/>
  <tag k="handrail" v="yes"/>
  <tag k="highway" v="steps"/>
  <tag k="incline" v="up"/>
  <tag k="lit" v="yes"/>
  <tag k="ramp" v="no"/>
  <tag k="step_count" v="3"/>
  <tag k="surface" v="paving_stones"/>
  <tag k="tactile_paving" v="yes"/>
 </way>
 <way id="1021143142" visible="true" version="4" changeset="116150501" timestamp="2022-01-14T15:05:49Z" user="augxcgrwxo" uid="371263">
  <nd ref="9418198475"/>
  <nd ref="8434539137"/>
  <nd ref="8434539139"/>
  <tag k="highway" v="footway"/>
  <tag k="lit" v="yes"/>
  <tag k="smoothness" v="good"/>
  <tag k="surface" v="paving_stones"/>
 </way>
 <way id="1068260471" visible="true" version="3" changeset="126318121" timestamp="2022-09-18T05:34:22Z" user="ratrun" uid="474183">
  <nd ref="9806740762"/>
  <nd ref="9806728311"/>
  <nd ref="4717151594"/>
  <nd ref="9806740761"/>
  <nd ref="9806740763"/>
  <nd ref="10032777631"/>
  <tag k="highway" v="service"/>
 </way>
 <way id="1073370683" visible="true" version="1" changeset="122843030" timestamp="2022-06-25T16:30:36Z" user="Echo78" uid="4292789">
  <nd ref="9846575587"/>
  <nd ref="9846575588"/>
  <tag k="highway" v="footway"/>
  <tag k="surface" v="paving_stones"/>
 </way>
 <way id="1207690163" visible="true" version="1" changeset="141245540" timestamp="2023-09-14T08:28:48Z" user="augxcgrwxo" uid="371263">
  <nd ref="11189882113"/>
  <nd ref="11189882114"/>
  <nd ref="11189882115"/>
  <nd ref="11189882116"/>
  <nd ref="11189882117"/>
  <nd ref="11189882118"/>
  <nd ref="11189882119"/>
  <tag k="barrier" v="fence"/>
  <tag k="colour" v="black"/>
  <tag k="fence_type" v="metal"/>
  <tag k="material" v="steel"/>
 </way>
 <way id="1207690164" visible="true" version="1" changeset="141245540" timestamp="2023-09-14T08:28:48Z" user="augxcgrwxo" uid="371263">
  <nd ref="11189882120"/>
  <nd ref="11189882121"/>
  <nd ref="4717151596"/>
  <nd ref="4999760318"/>
  <tag k="highway" v="footway"/>
  <tag k="lit" v="yes"/>
  <tag k="smoothness" v="intermediate"/>
  <tag k="surface" v="paving_stones"/>
 </way>
 <way id="1207690165" visible="true" version="2" changeset="172644665" timestamp="2025-09-30T06:38:27Z" user="augxcgrwxo" uid="371263">
  <nd ref="11189882120"/>
  <nd ref="11189882122"/>
  <tag k="highway" v="footway"/>
  <tag k="lit" v="yes"/>
  <tag k="smoothness" v="excellent"/>
  <tag k="surface" v="paving_stones"/>
 </way>
 <way id="1207690166" visible="true" version="2" changeset="141245883" timestamp="2023-09-14T08:36:48Z" user="augxcgrwxo" uid="371263">
  <nd ref="11189882123"/>
  <nd ref="11189882131"/>
  <nd ref="11189882130"/>
  <nd ref="11189882124"/>
  <nd ref="11189928731"/>
  <nd ref="11189882125"/>
  <tag k="highway" v="service"/>
  <tag k="service" v="driveway"/>
 </way>
 <way id="1207690167" visible="true" version="1" changeset="141245540" timestamp="2023-09-14T08:28:48Z" user="augxcgrwxo" uid="371263">
  <nd ref="8434539138"/>
  <nd ref="11189882131"/>
  <nd ref="11189882128"/>
  <nd ref="11189882129"/>
  <tag k="highway" v="footway"/>
 </way>
 <way id="1207691738" visible="true" version="4" changeset="172644665" timestamp="2025-09-30T06:38:28Z" user="augxcgrwxo" uid="371263">
  <nd ref="4999760318"/>
  <nd ref="8434539136"/>
  <nd ref="11189882122"/>
  <tag k="highway" v="footway"/>
  <tag k="lit" v="yes"/>
  <tag k="smoothness" v="excellent"/>
  <tag k="surface" v="asphalt"/>
 </way>
 <way id="1207691739" visible="true" version="1" changeset="141245883" timestamp="2023-09-14T08:36:48Z" user="augxcgrwxo" uid="371263">
  <nd ref="11189928731"/>
  <nd ref="11189928732"/>
  <nd ref="11189928733"/>
  <nd ref="11189882122"/>
  <tag k="highway" v="service"/>
  <tag k="service" v="driveway"/>
  <tag k="surface" v="asphalt"/>
 </way>
 <way id="1335587273" visible="true" version="2" changeset="167359052" timestamp="2025-06-08T16:24:49Z" user="Travieso" uid="5642897">
  <nd ref="12355322652"/>
  <nd ref="3358123774"/>
  <nd ref="12355322653"/>
  <tag k="footway" v="crossing"/>
  <tag k="highway" v="footway"/>
  <tag k="lit" v="yes"/>
  <tag k="surface" v="asphalt"/>
 </way>
 <way id="1335587276" visible="true" version="1" changeset="159328111" timestamp="2024-11-19T14:54:09Z" user="literan" uid="830106">
  <nd ref="7414870244"/>
  <nd ref="728858555"/>
 </way>
 <way id="1335587277" visible="true" version="1" changeset="159328111" timestamp="2024-11-19T14:54:09Z" user="literan" uid="830106">
  <nd ref="7414870239"/>
  <nd ref="728858542"/>
 </way>
 <way id="1335587281" visible="true" version="1" changeset="159328111" timestamp="2024-11-19T14:54:09Z" user="literan" uid="830106">
  <nd ref="7414870241"/>
  <nd ref="728858550"/>
  <nd ref="7414870243"/>
 </way>
 <way id="1335587282" visible="true" version="1" changeset="159328111" timestamp="2024-11-19T14:54:09Z" user="literan" uid="830106">
  <nd ref="728858542"/>
  <nd ref="7414870241"/>
 </way>
 <way id="1335587283" visible="true" version="1" changeset="159328111" timestamp="2024-11-19T14:54:09Z" user="literan" uid="830106">
  <nd ref="7414870243"/>
  <nd ref="7414870242"/>
 </way>
 <way id="1335587284" visible="true" version="1" changeset="159328111" timestamp="2024-11-19T14:54:09Z" user="literan" uid="830106">
  <nd ref="728858555"/>
  <nd ref="728858547"/>
  <nd ref="4405697739"/>
  <nd ref="5661535937"/>
  <nd ref="728858542"/>
 </way>
 <way id="1335587285" visible="true" version="1" changeset="159328111" timestamp="2024-11-19T14:54:09Z" user="literan" uid="830106">
  <nd ref="8498133356"/>
  <nd ref="3296513639"/>
  <nd ref="3854957738"/>
  <nd ref="8412148569"/>
  <nd ref="8081448895"/>
  <nd ref="3296513640"/>
  <nd ref="5600198368"/>
  <nd ref="3296513641"/>
  <nd ref="4405697734"/>
  <tag k="highway" v="footway"/>
  <tag k="lit" v="yes"/>
  <tag k="source" v="Bing"/>
  <tag k="surface" v="asphalt"/>
 </way>
 <way id="1335587286" visible="true" version="1" changeset="159328111" timestamp="2024-11-19T14:54:09Z" user="literan" uid="830106">
  <nd ref="12355322664"/>
  <nd ref="5661551122"/>
  <nd ref="3358123774"/>
  <nd ref="4406748336"/>
  <nd ref="3358123775"/>
  <tag k="highway" v="unclassified"/>
  <tag k="lanes" v="2"/>
  <tag k="lit" v="yes"/>
  <tag k="maxspeed" v="20"/>
  <tag k="name" v="1-й Подольский переулок"/>
  <tag k="name:en" v="1st Podolskiy Lane"/>
  <tag k="postal_code" v="115093"/>
  <tag k="smoothness" v="good"/>
  <tag k="source:maxspeed" v="sign"/>
  <tag k="surface" v="asphalt"/>
 </way>
 <way id="1392237699" visible="true" version="1" changeset="167199071" timestamp="2025-06-04T23:01:05Z" user="neo-plan" uid="363136">
  <nd ref="1377997721"/>
  <nd ref="1377997720"/>
  <nd ref="4302423557"/>
  <nd ref="7414874330"/>
  <nd ref="2963495019"/>
  <nd ref="2963495017"/>
  <nd ref="7414874327"/>
  <nd ref="7414874328"/>
  <nd ref="7414874306"/>
  <nd ref="7414874305"/>
  <nd ref="4302423562"/>
  <nd ref="7414874276"/>
  <nd ref="7414874304"/>
  <nd ref="7414874296"/>
  <nd ref="7414874297"/>
  <nd ref="7414874295"/>
  <nd ref="7414874294"/>
  <nd ref="728856211"/>
  <nd ref="12887765907"/>
  <nd ref="12887765908"/>
  <nd ref="7414874277"/>
  <nd ref="7414874273"/>
  <nd ref="7414874272"/>
  <nd ref="1377997724"/>
  <nd ref="1377997722"/>
  <nd ref="1377997721"/>
  <tag k="landuse" v="commercial"/>
 </way>
 <relation id="580739" visible="true" version="5" changeset="140373675" timestamp="2023-08-25T13:43:31Z" user="mappinglander" uid="11978982">
  <member type="way" ref="30098650" role="from"/>
  <member type="way" ref="30098650" role="to"/>
  <member type="node" ref="331532214" role="via"/>
  <tag k="restriction" v="no_u_turn"/>
  <tag k="type" v="restriction"/>
 </relation>
 <relation id="2785111" visible="true" version="51" changeset="159328111" timestamp="2024-11-19T14:54:09Z" user="literan" uid="830106">
  <member type="way" ref="438967263" role="outer"/>
  <member type="way" ref="207175439" role="outer"/>
  <member type="way" ref="438967264" role="outer"/>
  <tag k="amenity" v="school"/>
  <tag k="name" v="Школа №1257"/>
  <tag k="type" v="multipolygon"/>
 </relation>
 <relation id="6501125" visible="true" version="47" changeset="141400332" timestamp="2023-09-17T22:42:45Z" user="Bloodmage" uid="149719">
  <member type="way" ref="32500815" role="outer"/>
  <member type="way" ref="438967262" role="outer"/>
  <member type="way" ref="437637282" role="inner"/>
  <member type="way" ref="544316886" role="inner"/>
  <tag k="leisure" v="park"/>
  <tag k="name" v="Сквер Чингиза Айтматова"/>
  <tag k="type" v="multipolygon"/>
 </relation>
 <relation id="7715835" visible="true" version="3" changeset="96580294" timestamp="2020-12-29T07:22:36Z" user="augxcgrwxo" uid="371263">
  <member type="way" ref="539026211" role="outer"/>
  <member type="way" ref="539026210" role="outer"/>
  <tag k="building:colour" v="#FF0000"/>
  <tag k="building:levels" v="2"/>
  <tag k="building:part" v="yes"/>
  <tag k="roof:shape" v="flat"/>
  <tag k="type" v="multipolygon"/>
 </relation>
 <relation id="7715836" visible="true" version="3" changeset="96580294" timestamp="2020-12-29T07:22:36Z" user="augxcgrwxo" uid="371263">
  <member type="way" ref="539026212" role="outer"/>
  <member type="way" ref="539026209" role="outer"/>
  <member type="way" ref="539026211" role="outer"/>
  <member type="way" ref="539026208" role="outer"/>
  <tag k="building:colour" v="#FF0000"/>
  <tag k="building:levels" v="1"/>
  <tag k="building:part" v="yes"/>
  <tag k="roof:shape" v="flat"/>
  <tag k="type" v="multipolygon"/>
 </relation>
 <relation id="7715837" visible="true" version="4" changeset="96580294" timestamp="2020-12-29T07:22:36Z" user="augxcgrwxo" uid="371263">
  <member type="way" ref="32500813" role="outer"/>
  <member type="way" ref="539026212" role="outer"/>
  <tag k="building:colour" v="#FF0000"/>
  <tag k="building:levels" v="5"/>
  <tag k="building:part" v="yes"/>
  <tag k="roof:shape" v="hipped"/>
  <tag k="type" v="multipolygon"/>
 </relation>
 <relation id="7715838" visible="true" version="3" changeset="96577032" timestamp="2020-12-29T06:26:23Z" user="augxcgrwxo" uid="371263">
  <member type="way" ref="539026210" role="outer"/>
  <member type="way" ref="539026209" role="outer"/>
  <member type="way" ref="32500813" role="outer"/>
  <member type="way" ref="539026208" role="outer"/>
  <tag k="addr:housenumber" v="8А к1"/>
  <tag k="addr:street" v="Павловская улица"/>
  <tag k="building" v="school"/>
  <tag k="building:levels" v="2"/>
  <tag k="roof:levels" v="0"/>
  <tag k="roof:shape" v="many"/>
  <tag k="type" v="multipolygon"/>
 </relation>
 <relation id="7715839" visible="true" version="3" changeset="96580294" timestamp="2020-12-29T07:22:36Z" user="augxcgrwxo" uid="371263">
  <member type="way" ref="539026213" role="outer"/>
  <member type="way" ref="539026217" role="outer"/>
  <tag k="building:colour" v="#FFFFFF"/>
  <tag k="building:levels" v="2"/>
  <tag k="building:part" v="yes"/>
  <tag k="roof:shape" v="flat"/>
  <tag k="type" v="multipolygon"/>
 </relation>
 <relation id="7715842" visible="true" version="49" changeset="144069505" timestamp="2023-11-15T21:25:16Z" user="Bloodmage" uid="149719">
  <member type="way" ref="539026217" role="outer"/>
  <member type="way" ref="539026216" role="outer"/>
  <member type="way" ref="32500811" role="outer"/>
  <member type="way" ref="539026215" role="outer"/>
  <tag k="addr:housenumber" v="8А"/>
  <tag k="addr:street" v="Павловская улица"/>
  <tag k="amenity" v="school"/>
  <tag k="building" v="school"/>
  <tag k="building:levels" v="5"/>
  <tag k="name" v="Гимназия №1257"/>
  <tag k="roof:levels" v="0"/>
  <tag k="roof:shape" v="many"/>
  <tag k="type" v="multipolygon"/>
 </relation>
 <relation id="11007549" visible="true" version="41" changeset="141400514" timestamp="2023-09-17T22:55:32Z" user="Bloodmage" uid="149719">
  <member type="way" ref="123644477" role="outer"/>
  <member type="way" ref="792987912" role="outer"/>
  <member type="way" ref="792950894" role="outer"/>
  <member type="way" ref="792987913" role="outer"/>
  <member type="way" ref="792950909" role="outer"/>
  <member type="way" ref="792950921" role="outer"/>
  <tag k="addr:housenumber" v="25"/>
  <tag k="addr:postcode" v="113093"/>
  <tag k="addr:street" v="Павловская улица"/>
  <tag k="alt_name" v="Павловская больница"/>
  <tag k="amenity" v="hospital"/>
  <tag k="full_name" v="Городская клиническая больница № 4"/>
  <tag k="healthcare" v="hospital"/>
  <tag k="health_facility:type" v="hospital"/>
  <tag k="medical_system:western" v="yes"/>
  <tag k="name" v="Больница № 4"/>
  <tag k="name:uk" v="Лікарня №4"/>
  <tag k="phone" v="+7 495 9528933"/>
  <tag k="type" v="multipolygon"/>
  <tag k="website" v="https://www.mosgorzdrav.ru/gkb4/"/>
  <tag k="wikidata" v="Q16638551"/>
  <tag k="wikipedia" v="ru:Городская клиническая больница № 4"/>
 </relation>
 <relation id="11007550" visible="true" version="2" changeset="116151275" timestamp="2022-01-14T15:07:23Z" user="augxcgrwxo" uid="371263">
  <member type="way" ref="792950910" role="outer"/>
  <member type="way" ref="792987913" role="outer"/>
  <tag k="addr:housenumber" v="25 с29"/>
  <tag k="addr:street" v="Павловская улица"/>
  <tag k="building" v="service"/>
  <tag k="type" v="multipolygon"/>
 </relation>
 <relation id="12417767" visible="true" version="2" changeset="135707721" timestamp="2023-05-04T16:00:52Z" user="Bobropiton" uid="2055718">
  <member type="way" ref="242315634" role="from"/>
  <member type="way" ref="23422575" role="to"/>
  <member type="node" ref="2497081964" role="via"/>
  <tag k="restriction" v="only_right_turn"/>
  <tag k="type" v="restriction"/>
 </relation>
 <relation id="18305091" visible="true" version="1" changeset="159328111" timestamp="2024-11-19T14:54:09Z" user="literan" uid="830106">
  <member type="way" ref="477978929" role="outer"/>
  <member type="way" ref="442920607" role="outer"/>
  <member type="way" ref="1335587289" role="outer"/>
  <member type="way" ref="1335587287" role="outer"/>
  <member type="way" ref="438963383" role="outer"/>
  <member type="way" ref="591346408" role="outer"/>
  <member type="way" ref="981032553" role="outer"/>
  <member type="way" ref="306027580" role="outer"/>
  <member type="way" ref="442921160" role="outer"/>
  <member type="way" ref="1335587279" role="outer"/>
  <member type="way" ref="1335587277" role="outer"/>
  <member type="way" ref="1335587284" role="outer"/>
  <tag k="landuse" v="industrial"/>
  <tag k="name" v="Московский монетный двор"/>
  <tag k="name:pl" v="Mennica Moskiewska"/>
  <tag k="type" v="multipolygon"/>
  <tag k="wikidata" v="Q4304207"/>
  <tag k="wikipedia" v="ru:Московский монетный двор"/>
 </relation>
 <relation id="18305092" visible="true" version="1" changeset="159328111" timestamp="2024-11-19T14:54:09Z" user="literan" uid="830106">
  <member type="way" ref="1335587282" role="outer"/>
  <member type="way" ref="792950875" role="outer"/>
  <member type="way" ref="1335587277" role="outer"/>
  <tag k="addr:housenumber" v="1 с9"/>
  <tag k="addr:street" v="улица Даниловский Вал"/>
  <tag k="building" v="industrial"/>
  <tag k="building:levels" v="1"/>
  <tag k="type" v="multipolygon"/>
 </relation>
 <relation id="18305093" visible="true" version="1" changeset="159328111" timestamp="2024-11-19T14:54:09Z" user="literan" uid="830106">
  <member type="way" ref="1335587284" role="outer"/>
  <member type="way" ref="1335587276" role="outer"/>
  <member type="way" ref="792950877" role="outer"/>
  <member type="way" ref="1335587282" role="outer"/>
  <member type="way" ref="1335587281" role="outer"/>
  <tag k="building:levels" v="2"/>
  <tag k="building:part" v="yes"/>
  <tag k="type" v="multipolygon"/>
 </relation>
 <relation id="18305094" visible="true" version="1" changeset="159328111" timestamp="2024-11-19T14:54:09Z" user="literan" uid="830106">
  <member type="way" ref="58821419" role="outer"/>
  <member type="way" ref="792950877" role="outer"/>
  <member type="way" ref="1335587283" role="outer"/>
  <tag k="building:levels" v="1"/>
  <tag k="building:part" v="yes"/>
  <tag k="type" v="multipolygon"/>
 </relation>
 <relation id="18305095" visible="true" version="1" changeset="159328111" timestamp="2024-11-19T14:54:09Z" user="literan" uid="830106">
  <member type="way" ref="58821419" role="outer"/>
  <member type="way" ref="1335587276" role="outer"/>
  <member type="way" ref="1335587284" role="outer"/>
  <member type="way" ref="1335587283" role="outer"/>
  <member type="way" ref="1335587282" role="outer"/>
  <member type="way" ref="1335587281" role="outer"/>
  <tag k="addr:housenumber" v="1 с10"/>
  <tag k="addr:street" v="улица Даниловский Вал"/>
  <tag k="building" v="industrial"/>
  <tag k="building:levels" v="3"/>
  <tag k="type" v="multipolygon"/>
 </relation>
</osm>
