<?xml version="1.0" encoding="UTF-8"?>
<osm version="0.6" generator="openstreetmap-cgimap 2.1.0 (244684 spike-07.openstreetmap.org)" copyright="OpenStreetMap and contributors" attribution="http://www.openstreetmap.org/copyright" license="http://opendatacommons.org/licenses/odbl/1-0/">
 <bounds minlat="55.7205595" minlon="37.6531569" maxlat="55.7232544" maxlon="37.6579419"/>
 <node id="209915999" visible="true" version="14" changeset="181252137" timestamp="2026-04-12T23:15:41Z" user="neo-plan" uid="363136" lat="55.7241282" lon="37.6562534">
  <tag k="highway" v="traffic_signals"/>
  <tag k="traffic_signals" v="signal"/>
 </node>
 <node id="209916002" visible="true" version="8" changeset="60288119" timestamp="2018-06-29T19:46:59Z" user="ynx" uid="357374" lat="55.7232971" lon="37.6562199"/>
 <node id="209916003" visible="true" version="12" changeset="181252137" timestamp="2026-04-12T23:15:41Z" user="neo-plan" uid="363136" lat="55.7231650" lon="37.6561827"/>
 <node id="209916005" visible="true" version="10" changeset="60288119" timestamp="2018-06-29T19:46:59Z" user="ynx" uid="357374" lat="55.7225955" lon="37.6559279"/>
 <node id="209916007" visible="true" version="9" changeset="70041878" timestamp="2019-05-08T18:39:39Z" user="ynx" uid="357374" lat="55.7222292" lon="37.6556584"/>
 <node id="209916008" visible="true" version="10" changeset="70041878" timestamp="2019-05-08T18:39:39Z" user="ynx" uid="357374" lat="55.7217675" lon="37.6551972"/>
 <node id="209916009" visible="true" version="9" changeset="70041878" timestamp="2019-05-08T18:39:39Z" user="ynx" uid="357374" lat="55.7213854" lon="37.6547080"/>
 <node id="209916011" visible="true" version="8" changeset="27180944" timestamp="2014-12-02T14:55:20Z" user="ynx" uid="357374" lat="55.7210984" lon="37.6542550"/>
 <node id="209916012" visible="true" version="10" changeset="29218427" timestamp="2015-03-03T10:02:20Z" user="ynx" uid="357374" lat="55.7208898" lon="37.6537996"/>
 <node id="219025940" visible="true" version="7" changeset="98809402" timestamp="2021-02-06T11:39:59Z" user="ynx" uid="357374" lat="55.7294307" lon="37.6550652"/>
 <node id="219025942" visible="true" version="5" changeset="9583527" timestamp="2011-10-17T16:39:11Z" user="luch86" uid="266092" lat="55.7288317" lon="37.6558282"/>
 <node id="219025943" visible="true" version="4" changeset="758114" timestamp="2008-11-16T21:38:09Z" user="parshin" uid="67729" lat="55.7282923" lon="37.6564330"/>
 <node id="219025946" visible="true" version="5" changeset="9583527" timestamp="2011-10-17T16:39:12Z" user="luch86" uid="266092" lat="55.7277818" lon="37.6569459"/>
 <node id="219025947" visible="true" version="5" changeset="9583527" timestamp="2011-10-17T16:39:12Z" user="luch86" uid="266092" lat="55.7271568" lon="37.6574332"/>
 <node id="219025949" visible="true" version="5" changeset="9583527" timestamp="2011-10-17T16:39:12Z" user="luch86" uid="266092" lat="55.7265690" lon="37.6578700"/>
 <node id="219025950" visible="true" version="5" changeset="9583527" timestamp="2011-10-17T16:39:12Z" user="luch86" uid="266092" lat="55.7260778" lon="37.6582076"/>
 <node id="219027632" visible="true" version="19" changeset="27688500" timestamp="2014-12-25T12:41:48Z" user="ynx" uid="357374" lat="55.7310526" lon="37.6494875"/>
 <node id="219027645" visible="true" version="10" changeset="26730091" timestamp="2014-11-12T08:56:01Z" user="ynx" uid="357374" lat="55.7293468" lon="37.6520441"/>
 <node id="219027648" visible="true" version="12" changeset="27688500" timestamp="2014-12-25T12:43:08Z" user="ynx" uid="357374" lat="55.7286338" lon="37.6532174"/>
 <node id="219034076" visible="true" version="10" changeset="27485532" timestamp="2014-12-15T16:15:49Z" user="ynx" uid="357374" lat="55.7283903" lon="37.6535928"/>
 <node id="219034077" visible="true" version="9" changeset="26730091" timestamp="2014-11-12T08:56:01Z" user="ynx" uid="357374" lat="55.7278009" lon="37.6543181"/>
 <node id="219034078" visible="true" version="8" changeset="758114" timestamp="2008-11-16T21:38:26Z" user="parshin" uid="67729" lat="55.7273740" lon="37.6547422"/>
 <node id="219034079" visible="true" version="9" changeset="40123140" timestamp="2016-06-18T20:16:16Z" user="ynx" uid="357374" lat="55.7266543" lon="37.6553469"/>
 <node id="219034080" visible="true" version="9" changeset="40123140" timestamp="2016-06-18T20:16:16Z" user="ynx" uid="357374" lat="55.7255610" lon="37.6561124"/>
 <node id="219034082" visible="true" version="9" changeset="40123140" timestamp="2016-06-18T20:16:16Z" user="ynx" uid="357374" lat="55.7249888" lon="37.6563910"/>
 <node id="219034857" visible="true" version="4" changeset="9583527" timestamp="2011-10-17T16:39:12Z" user="luch86" uid="266092" lat="55.7255457" lon="37.6584697"/>
 <node id="219034858" visible="true" version="5" changeset="188566449" timestamp="2026-09-05T11:19:13Z" user="literan" uid="830106" lat="55.7248873" lon="37.6586891"/>
 <node id="219034859" visible="true" version="5" changeset="188566449" timestamp="2026-09-05T11:19:13Z" user="literan" uid="830106" lat="55.7241261" lon="37.6589375"/>
 <node id="219037850" visible="true" version="8" changeset="41616094" timestamp="2016-08-22T14:32:20Z" user="ynx" uid="357374" lat="55.7243467" lon="37.6565651"/>
 <node id="219037851" visible="true" version="8" changeset="41616094" timestamp="2016-08-22T14:32:20Z" user="ynx" uid="357374" lat="55.7237245" lon="37.6566268"/>
 <node id="219037852" visible="true" version="8" changeset="41616094" timestamp="2016-08-22T14:32:20Z" user="ynx" uid="357374" lat="55.7233934" lon="37.6565803"/>
 <node id="219037853" visible="true" version="8" changeset="27330574" timestamp="2014-12-08T10:23:03Z" user="ynx" uid="357374" lat="55.7229289" lon="37.6564431"/>
 <node id="219037854" visible="true" version="8" changeset="27330574" timestamp="2014-12-08T10:23:03Z" user="ynx" uid="357374" lat="55.7224388" lon="37.6561831"/>
 <node id="219037856" visible="true" version="8" changeset="27330574" timestamp="2014-12-08T10:23:03Z" user="ynx" uid="357374" lat="55.7221464" lon="37.6559685"/>
 <node id="219037858" visible="true" version="8" changeset="27330574" timestamp="2014-12-08T10:23:03Z" user="ynx" uid="357374" lat="55.7217448" lon="37.6555756"/>
 <node id="219037861" visible="true" version="8" changeset="27330574" timestamp="2014-12-08T10:23:03Z" user="ynx" uid="357374" lat="55.7214384" lon="37.6551922"/>
 <node id="219037863" visible="true" version="8" changeset="27330574" timestamp="2014-12-08T10:23:03Z" user="ynx" uid="357374" lat="55.7209845" lon="37.6544747"/>
 <node id="219037865" visible="true" version="8" changeset="27330574" timestamp="2014-12-08T10:23:03Z" user="ynx" uid="357374" lat="55.7208635" lon="37.6542225"/>
 <node id="219037868" visible="true" version="8" changeset="27330574" timestamp="2014-12-08T10:23:03Z" user="ynx" uid="357374" lat="55.7205055" lon="37.6533907"/>
 <node id="219037870" visible="true" version="8" changeset="27330574" timestamp="2014-12-08T10:23:03Z" user="ynx" uid="357374" lat="55.7200543" lon="37.6522813"/>
 <node id="219039046" visible="true" version="7" changeset="27330574" timestamp="2014-12-08T10:23:03Z" user="ynx" uid="357374" lat="55.7196585" lon="37.6512713"/>
 <node id="219039048" visible="true" version="7" changeset="27330574" timestamp="2014-12-08T10:23:03Z" user="ynx" uid="357374" lat="55.7192590" lon="37.6502939"/>
 <node id="219039051" visible="true" version="7" changeset="27330574" timestamp="2014-12-08T10:23:03Z" user="ynx" uid="357374" lat="55.7189939" lon="37.6496856"/>
 <node id="219039053" visible="true" version="7" changeset="27330574" timestamp="2014-12-08T10:23:03Z" user="ynx" uid="357374" lat="55.7187622" lon="37.6492511"/>
 <node id="219039055" visible="true" version="7" changeset="27330574" timestamp="2014-12-08T10:23:03Z" user="ynx" uid="357374" lat="55.7185166" lon="37.6488580"/>
 <node id="219039056" visible="true" version="7" changeset="27330574" timestamp="2014-12-08T10:23:03Z" user="ynx" uid="357374" lat="55.7181888" lon="37.6484406"/>
 <node id="219039058" visible="true" version="7" changeset="27330574" timestamp="2014-12-08T10:23:03Z" user="ynx" uid="357374" lat="55.7179531" lon="37.6481844"/>
 <node id="219045944" visible="true" version="6" changeset="27330574" timestamp="2014-12-08T10:23:03Z" user="ynx" uid="357374" lat="55.7176541" lon="37.6479159"/>
 <node id="219045946" visible="true" version="6" changeset="27330574" timestamp="2014-12-08T10:23:03Z" user="ynx" uid="357374" lat="55.7173934" lon="37.6477215"/>
 <node id="219045948" visible="true" version="6" changeset="27330574" timestamp="2014-12-08T10:23:03Z" user="ynx" uid="357374" lat="55.7170316" lon="37.6475137"/>
 <node id="219045949" visible="true" version="6" changeset="27330574" timestamp="2014-12-08T10:23:03Z" user="ynx" uid="357374" lat="55.7166951" lon="37.6473782"/>
 <node id="219045950" visible="true" version="6" changeset="27330574" timestamp="2014-12-08T10:23:03Z" user="ynx" uid="357374" lat="55.7164174" lon="37.6472874"/>
 <node id="219045951" visible="true" version="7" changeset="27330574" timestamp="2014-12-08T10:23:03Z" user="ynx" uid="357374" lat="55.7162045" lon="37.6472362"/>
 <node id="219045953" visible="true" version="7" changeset="27330574" timestamp="2014-12-08T10:23:03Z" user="ynx" uid="357374" lat="55.7159148" lon="37.6471867"/>
 <node id="219045954" visible="true" version="7" changeset="27330574" timestamp="2014-12-08T10:23:03Z" user="ynx" uid="357374" lat="55.7155103" lon="37.6471647"/>
 <node id="219045955" visible="true" version="7" changeset="27330574" timestamp="2014-12-08T10:23:03Z" user="ynx" uid="357374" lat="55.7152879" lon="37.6471757"/>
 <node id="219045957" visible="true" version="6" changeset="27330476" timestamp="2014-12-08T10:20:52Z" user="ynx" uid="357374" lat="55.7141578" lon="37.6474603"/>
 <node id="219045958" visible="true" version="6" changeset="27330476" timestamp="2014-12-08T10:20:52Z" user="ynx" uid="357374" lat="55.7141406" lon="37.6473302"/>
 <node id="219045959" visible="true" version="6" changeset="27330476" timestamp="2014-12-08T10:20:52Z" user="ynx" uid="357374" lat="55.7132812" lon="37.6477438"/>
 <node id="219045960" visible="true" version="6" changeset="27330476" timestamp="2014-12-08T10:20:52Z" user="ynx" uid="357374" lat="55.7133059" lon="37.6478558"/>
 <node id="219045961" visible="true" version="5" changeset="758114" timestamp="2008-11-16T21:38:25Z" user="parshin" uid="67729" lat="55.7128276" lon="37.6481332"/>
 <node id="219045962" visible="true" version="5" changeset="758114" timestamp="2008-11-16T21:38:25Z" user="parshin" uid="67729" lat="55.7123054" lon="37.6484336"/>
 <node id="219045963" visible="true" version="5" changeset="758114" timestamp="2008-11-16T21:38:25Z" user="parshin" uid="67729" lat="55.7118074" lon="37.6486825"/>
 <node id="219045964" visible="true" version="5" changeset="758114" timestamp="2008-11-16T21:38:25Z" user="parshin" uid="67729" lat="55.7115462" lon="37.6488199"/>
 <node id="219045965" visible="true" version="5" changeset="758114" timestamp="2008-11-16T21:38:25Z" user="parshin" uid="67729" lat="55.7112851" lon="37.6489314"/>
 <node id="219045966" visible="true" version="5" changeset="758114" timestamp="2008-11-16T21:38:25Z" user="parshin" uid="67729" lat="55.7110627" lon="37.6489829"/>
 <node id="219045967" visible="true" version="6" changeset="27330717" timestamp="2014-12-08T10:34:14Z" user="ynx" uid="357374" lat="55.7107030" lon="37.6489923"/>
 <node id="219045968" visible="true" version="6" changeset="27330717" timestamp="2014-12-08T10:34:14Z" user="ynx" uid="357374" lat="55.7104756" lon="37.6489452"/>
 <node id="219045969" visible="true" version="6" changeset="27330717" timestamp="2014-12-08T10:34:14Z" user="ynx" uid="357374" lat="55.7101719" lon="37.6488206"/>
 <node id="219046544" visible="true" version="5" changeset="27330717" timestamp="2014-12-08T10:34:14Z" user="ynx" uid="357374" lat="55.7099224" lon="37.6486529"/>
 <node id="219046546" visible="true" version="5" changeset="27330717" timestamp="2014-12-08T10:34:14Z" user="ynx" uid="357374" lat="55.7097029" lon="37.6484663"/>
 <node id="219046549" visible="true" version="5" changeset="27330717" timestamp="2014-12-08T10:34:14Z" user="ynx" uid="357374" lat="55.7092001" lon="37.6478845"/>
 <node id="219046552" visible="true" version="5" changeset="27330717" timestamp="2014-12-08T10:34:14Z" user="ynx" uid="357374" lat="55.7088988" lon="37.6474414"/>
 <node id="219046553" visible="true" version="5" changeset="27330717" timestamp="2014-12-08T10:34:14Z" user="ynx" uid="357374" lat="55.7086728" lon="37.6470231"/>
 <node id="219046555" visible="true" version="5" changeset="27330717" timestamp="2014-12-08T10:34:14Z" user="ynx" uid="357374" lat="55.7085061" lon="37.6466432"/>
 <node id="219046556" visible="true" version="5" changeset="27330717" timestamp="2014-12-08T10:34:14Z" user="ynx" uid="357374" lat="55.7083367" lon="37.6461840"/>
 <node id="219046557" visible="true" version="5" changeset="27330717" timestamp="2014-12-08T10:34:14Z" user="ynx" uid="357374" lat="55.7082068" lon="37.6457844"/>
 <node id="219046558" visible="true" version="5" changeset="27330717" timestamp="2014-12-08T10:34:14Z" user="ynx" uid="357374" lat="55.7080188" lon="37.6449974"/>
 <node id="219046559" visible="true" version="5" changeset="27330717" timestamp="2014-12-08T10:34:14Z" user="ynx" uid="357374" lat="55.7078609" lon="37.6441761"/>
 <node id="219046560" visible="true" version="5" changeset="27330717" timestamp="2014-12-08T10:34:14Z" user="ynx" uid="357374" lat="55.7077831" lon="37.6436438"/>
 <node id="219046564" visible="true" version="5" changeset="27330717" timestamp="2014-12-08T10:34:14Z" user="ynx" uid="357374" lat="55.7077030" lon="37.6428866"/>
 <node id="219068149" visible="true" version="4" changeset="27330717" timestamp="2014-12-08T10:34:14Z" user="ynx" uid="357374" lat="55.7076615" lon="37.6416213"/>
 <node id="219068150" visible="true" version="4" changeset="27330717" timestamp="2014-12-08T10:34:14Z" user="ynx" uid="357374" lat="55.7077339" lon="37.6405993"/>
 <node id="219068151" visible="true" version="4" changeset="28353113" timestamp="2015-01-23T16:19:04Z" user="ynx" uid="357374" lat="55.7078869" lon="37.6396478"/>
 <node id="219068155" visible="true" version="5" changeset="28353113" timestamp="2015-01-23T16:19:05Z" user="ynx" uid="357374" lat="55.7083729" lon="37.6371307"/>
 <node id="219068156" visible="true" version="4" changeset="28353113" timestamp="2015-01-23T16:19:05Z" user="ynx" uid="357374" lat="55.7086327" lon="37.6349596"/>
 <node id="219068157" visible="true" version="4" changeset="28353113" timestamp="2015-01-23T16:19:05Z" user="ynx" uid="357374" lat="55.7086619" lon="37.6338183"/>
 <node id="219068159" visible="true" version="4" changeset="28353113" timestamp="2015-01-23T16:19:05Z" user="ynx" uid="357374" lat="55.7086137" lon="37.6328896"/>
 <node id="219068161" visible="true" version="4" changeset="28353113" timestamp="2015-01-23T16:19:05Z" user="ynx" uid="357374" lat="55.7084522" lon="37.6317485"/>
 <node id="219068162" visible="true" version="4" changeset="28353113" timestamp="2015-01-23T16:19:05Z" user="ynx" uid="357374" lat="55.7082173" lon="37.6306578"/>
 <node id="219068164" visible="true" version="4" changeset="28353113" timestamp="2015-01-23T16:19:05Z" user="ynx" uid="357374" lat="55.7079036" lon="37.6296528"/>
 <node id="219068166" visible="true" version="4" changeset="28353113" timestamp="2015-01-23T16:19:05Z" user="ynx" uid="357374" lat="55.7075600" lon="37.6288634"/>
 <node id="219068167" visible="true" version="4" changeset="28353113" timestamp="2015-01-23T16:19:05Z" user="ynx" uid="357374" lat="55.7071837" lon="37.6282786"/>
 <node id="219068169" visible="true" version="4" changeset="28353113" timestamp="2015-01-23T16:19:05Z" user="ynx" uid="357374" lat="55.7068969" lon="37.6279499"/>
 <node id="219068171" visible="true" version="4" changeset="28353113" timestamp="2015-01-23T16:19:05Z" user="ynx" uid="357374" lat="55.7065775" lon="37.6276920"/>
 <node id="219068172" visible="true" version="4" changeset="28353113" timestamp="2015-01-23T16:19:05Z" user="ynx" uid="357374" lat="55.7062637" lon="37.6274928"/>
 <node id="219068173" visible="true" version="5" changeset="88752617" timestamp="2020-07-30T21:25:43Z" user="osmer120311" uid="624271" lat="55.7057919" lon="37.6273295"/>
 <node id="219068175" visible="true" version="5" changeset="35202214" timestamp="2015-11-09T21:02:29Z" user="augxcgrwxo" uid="371263" lat="55.7050480" lon="37.6270762"/>
 <node id="219068176" visible="true" version="5" changeset="35202214" timestamp="2015-11-09T21:02:29Z" user="augxcgrwxo" uid="371263" lat="55.7042344" lon="37.6268945"/>
 <node id="219068177" visible="true" version="5" changeset="35202214" timestamp="2015-11-09T21:02:29Z" user="augxcgrwxo" uid="371263" lat="55.7037273" lon="37.6267986"/>
 <node id="219068178" visible="true" version="5" changeset="35202214" timestamp="2015-11-09T21:02:29Z" user="augxcgrwxo" uid="371263" lat="55.7033743" lon="37.6267455"/>
 <node id="219068179" visible="true" version="6" changeset="88752617" timestamp="2020-07-30T21:25:43Z" user="osmer120311" uid="624271" lat="55.7030113" lon="37.6266472"/>
 <node id="219068180" visible="true" version="6" changeset="88752617" timestamp="2020-07-30T21:25:43Z" user="osmer120311" uid="624271" lat="55.7030090" lon="37.6267166"/>
 <node id="219068181" visible="true" version="6" changeset="88752617" timestamp="2020-07-30T21:25:43Z" user="osmer120311" uid="624271" lat="55.7026538" lon="37.6266685"/>
 <node id="219068182" visible="true" version="6" changeset="88752617" timestamp="2020-07-30T21:25:43Z" user="osmer120311" uid="624271" lat="55.7026574" lon="37.6265953"/>
 <node id="219068183" visible="true" version="4" changeset="35202214" timestamp="2015-11-09T21:02:29Z" user="augxcgrwxo" uid="371263" lat="55.7023425" lon="37.6265458"/>
 <node id="219068184" visible="true" version="4" changeset="35202214" timestamp="2015-11-09T21:02:29Z" user="augxcgrwxo" uid="371263" lat="55.7023388" lon="37.6266190"/>
 <node id="219068185" visible="true" version="5" changeset="40459492" timestamp="2016-07-03T14:26:01Z" user="ynx" uid="357374" lat="55.7018140" lon="37.6265599"/>
 <node id="219068187" visible="true" version="6" changeset="40459492" timestamp="2016-07-03T14:26:01Z" user="ynx" uid="357374" lat="55.7007383" lon="37.6264422"/>
 <node id="219068188" visible="true" version="6" changeset="40459492" timestamp="2016-07-03T14:26:01Z" user="ynx" uid="357374" lat="55.7004561" lon="37.6268869"/>
 <node id="219068191" visible="true" version="5" changeset="40459492" timestamp="2016-07-03T14:26:01Z" user="ynx" uid="357374" lat="55.6995705" lon="37.6267792"/>
 <node id="219068193" visible="true" version="6" changeset="40459492" timestamp="2016-07-03T14:26:02Z" user="ynx" uid="357374" lat="55.6993422" lon="37.6262745"/>
 <node id="219068194" visible="true" version="6" changeset="40459492" timestamp="2016-07-03T14:26:02Z" user="ynx" uid="357374" lat="55.6988804" lon="37.6262685"/>
 <node id="219068198" visible="true" version="5" changeset="40459492" timestamp="2016-07-03T14:26:02Z" user="ynx" uid="357374" lat="55.6967756" lon="37.6264196"/>
 <node id="219068205" visible="true" version="3" changeset="758114" timestamp="2008-11-16T21:38:21Z" user="parshin" uid="67729" lat="55.6929886" lon="37.6270446"/>
 <node id="219068206" visible="true" version="3" changeset="758114" timestamp="2008-11-16T21:38:21Z" user="parshin" uid="67729" lat="55.6919243" lon="37.6273536"/>
 <node id="223181638" visible="true" version="5" changeset="27337436" timestamp="2014-12-08T16:27:58Z" user="ynx" uid="357374" lat="55.6899323" lon="37.6279977"/>
 <node id="223181641" visible="true" version="5" changeset="27337436" timestamp="2014-12-08T16:27:58Z" user="ynx" uid="357374" lat="55.6891085" lon="37.6283583"/>
 <node id="223181643" visible="true" version="6" changeset="36996191" timestamp="2016-02-04T11:49:13Z" user="ynx" uid="357374" lat="55.6890947" lon="37.6283440"/>
 <node id="223181646" visible="true" version="6" changeset="36996191" timestamp="2016-02-04T11:49:13Z" user="ynx" uid="357374" lat="55.6890214" lon="37.6285787"/>
 <node id="223181649" visible="true" version="6" changeset="36996191" timestamp="2016-02-04T11:49:14Z" user="ynx" uid="357374" lat="55.6877346" lon="37.6291527"/>
 <node id="223181650" visible="true" version="6" changeset="36996191" timestamp="2016-02-04T11:49:14Z" user="ynx" uid="357374" lat="55.6876263" lon="37.6291436"/>
 <node id="223181652" visible="true" version="6" changeset="36996191" timestamp="2016-02-04T11:49:14Z" user="ynx" uid="357374" lat="55.6876148" lon="37.6290826"/>
 <node id="223181654" visible="true" version="5" changeset="36996191" timestamp="2016-02-04T11:49:14Z" user="ynx" uid="357374" lat="55.6868624" lon="37.6294474"/>
 <node id="223181656" visible="true" version="5" changeset="28352827" timestamp="2015-01-23T16:08:20Z" user="ynx" uid="357374" lat="55.6863391" lon="37.6298081"/>
 <node id="223181660" visible="true" version="5" changeset="28352827" timestamp="2015-01-23T16:08:20Z" user="ynx" uid="357374" lat="55.6859657" lon="37.6301442"/>
 <node id="223381434" visible="true" version="4" changeset="28352827" timestamp="2015-01-23T16:08:20Z" user="ynx" uid="357374" lat="55.6855304" lon="37.6306919"/>
 <node id="223381436" visible="true" version="4" changeset="28352827" timestamp="2015-01-23T16:08:20Z" user="ynx" uid="357374" lat="55.6850625" lon="37.6314251"/>
 <node id="223381437" visible="true" version="4" changeset="28352827" timestamp="2015-01-23T16:08:20Z" user="ynx" uid="357374" lat="55.6849326" lon="37.6316634"/>
 <node id="223381439" visible="true" version="4" changeset="12074480" timestamp="2012-07-01T11:07:23Z" user="Andronik Fa" uid="323819" lat="55.6845461" lon="37.6325532"/>
 <node id="223381440" visible="true" version="4" changeset="12074480" timestamp="2012-07-01T11:07:24Z" user="Andronik Fa" uid="323819" lat="55.6842273" lon="37.6334442"/>
 <node id="223381442" visible="true" version="4" changeset="28352827" timestamp="2015-01-23T16:06:43Z" user="ynx" uid="357374" lat="55.6839983" lon="37.6342079"/>
 <node id="223381444" visible="true" version="5" changeset="28352827" timestamp="2015-01-23T16:06:43Z" user="ynx" uid="357374" lat="55.6837693" lon="37.6351880"/>
 <node id="223381446" visible="true" version="5" changeset="28352827" timestamp="2015-01-23T16:06:43Z" user="ynx" uid="357374" lat="55.6836076" lon="37.6361858"/>
 <node id="223381447" visible="true" version="5" changeset="28352827" timestamp="2015-01-23T16:06:43Z" user="ynx" uid="357374" lat="55.6834822" lon="37.6373720"/>
 <node id="223381449" visible="true" version="4" changeset="12074480" timestamp="2012-07-01T11:07:24Z" user="Andronik Fa" uid="323819" lat="55.6834513" lon="37.6381820"/>
 <node id="223381451" visible="true" version="5" changeset="28352827" timestamp="2015-01-23T16:06:43Z" user="ynx" uid="357374" lat="55.6834727" lon="37.6393626"/>
 <node id="223381454" visible="true" version="5" changeset="28352827" timestamp="2015-01-23T16:06:43Z" user="ynx" uid="357374" lat="55.6836214" lon="37.6413128"/>
 <node id="223381456" visible="true" version="5" changeset="28352827" timestamp="2015-01-23T16:06:43Z" user="ynx" uid="357374" lat="55.6837718" lon="37.6431571"/>
 <node id="223381457" visible="true" version="8" changeset="6920149" timestamp="2011-01-09T20:18:52Z" user="vespex" uid="97421" lat="55.6854435" lon="37.6428528"/>
 <node id="223440153" visible="true" version="5" changeset="188566449" timestamp="2026-09-05T11:19:13Z" user="literan" uid="830106" lat="55.7238134" lon="37.6589884"/>
 <node id="223440154" visible="true" version="4" changeset="9583527" timestamp="2011-10-17T16:39:12Z" user="luch86" uid="266092" lat="55.7227915" lon="37.6588457"/>
 <node id="223511440" visible="true" version="4" changeset="9583527" timestamp="2011-10-17T16:39:12Z" user="luch86" uid="266092" lat="55.7221475" lon="37.6585594"/>
 <node id="223511441" visible="true" version="5" changeset="188566449" timestamp="2026-09-05T11:19:13Z" user="literan" uid="830106" lat="55.7216993" lon="37.6582441"/>
 <node id="223511444" visible="true" version="6" changeset="188566449" timestamp="2026-09-05T11:19:13Z" user="literan" uid="830106" lat="55.7212627" lon="37.6578739"/>
 <node id="223511445" visible="true" version="6" changeset="188566449" timestamp="2026-09-05T11:19:13Z" user="literan" uid="830106" lat="55.7209908" lon="37.6575682"/>
 <node id="223738966" visible="true" version="6" changeset="40485027" timestamp="2016-07-04T19:12:19Z" user="Alex-B-Fox" uid="3431863" lat="55.7185604" lon="37.6527466"/>
 <node id="223738967" visible="true" version="7" changeset="188566449" timestamp="2026-09-05T11:19:13Z" user="literan" uid="830106" lat="55.7197565" lon="37.6555806"/>
 <node id="223738968" visible="true" version="7" changeset="188566449" timestamp="2026-09-05T11:19:13Z" user="literan" uid="830106" lat="55.7200375" lon="37.6561439"/>
 <node id="223738970" visible="true" version="7" changeset="188566449" timestamp="2026-09-05T11:19:13Z" user="literan" uid="830106" lat="55.7204137" lon="37.6567796"/>
 <node id="255967778" visible="true" version="10" changeset="23951976" timestamp="2014-07-04T14:23:20Z" user="stlp" uid="2003082" lat="55.7060671" lon="37.6288771"/>
 <node id="255967779" visible="true" version="9" changeset="47873" timestamp="2009-04-02T08:09:56Z" user="Upliner" uid="67668" lat="55.7071520" lon="37.6305825"/>
 <node id="255967780" visible="true" version="9" changeset="47873" timestamp="2009-04-02T08:09:56Z" user="Upliner" uid="67668" lat="55.7077565" lon="37.6339299"/>
 <node id="255967781" visible="true" version="9" changeset="47873" timestamp="2009-04-02T08:09:56Z" user="Upliner" uid="67668" lat="55.7074905" lon="37.6377494"/>
 <node id="255967782" visible="true" version="10" changeset="23951976" timestamp="2014-07-04T14:23:20Z" user="stlp" uid="2003082" lat="55.7069876" lon="37.6408127"/>
 <node id="255967783" visible="true" version="10" changeset="23951976" timestamp="2014-07-04T14:23:20Z" user="stlp" uid="2003082" lat="55.7070841" lon="37.6434315"/>
 <node id="255967784" visible="true" version="10" changeset="23951976" timestamp="2014-07-04T14:23:20Z" user="stlp" uid="2003082" lat="55.7077163" lon="37.6470579"/>
 <node id="255967785" visible="true" version="9" changeset="47873" timestamp="2009-04-02T08:09:56Z" user="Upliner" uid="67668" lat="55.7092314" lon="37.6495082"/>
 <node id="255967786" visible="true" version="9" changeset="47873" timestamp="2009-04-02T08:09:56Z" user="Upliner" uid="67668" lat="55.7105612" lon="37.6501090"/>
 <node id="255967788" visible="true" version="9" changeset="47873" timestamp="2009-04-02T08:09:56Z" user="Upliner" uid="67668" lat="55.7117700" lon="37.6499803"/>
 <node id="255967789" visible="true" version="9" changeset="47873" timestamp="2009-04-02T08:09:56Z" user="Upliner" uid="67668" lat="55.7135590" lon="37.6489503"/>
 <node id="255967790" visible="true" version="9" changeset="47873" timestamp="2009-04-02T08:09:56Z" user="Upliner" uid="67668" lat="55.7152996" lon="37.6483924"/>
 <node id="255967791" visible="true" version="9" changeset="47873" timestamp="2009-04-02T08:09:56Z" user="Upliner" uid="67668" lat="55.7167984" lon="37.6486499"/>
 <node id="255967792" visible="true" version="9" changeset="47873" timestamp="2009-04-02T08:09:56Z" user="Upliner" uid="67668" lat="55.7178137" lon="37.6496799"/>
 <node id="255967793" visible="true" version="9" changeset="47873" timestamp="2009-04-02T08:09:56Z" user="Upliner" uid="67668" lat="55.7189498" lon="37.6519544"/>
 <node id="255967794" visible="true" version="9" changeset="47873" timestamp="2009-04-02T08:09:56Z" user="Upliner" uid="67668" lat="55.7200617" lon="37.6547010"/>
 <node id="255967795" visible="true" version="9" changeset="47873" timestamp="2009-04-02T08:09:56Z" user="Upliner" uid="67668" lat="55.7211494" lon="37.6566322"/>
 <node id="255967796" visible="true" version="9" changeset="47873" timestamp="2009-04-02T08:09:56Z" user="Upliner" uid="67668" lat="55.7220437" lon="37.6574046"/>
 <node id="255967797" visible="true" version="9" changeset="47873" timestamp="2009-04-02T08:09:55Z" user="Upliner" uid="67668" lat="55.7233247" lon="37.6577480"/>
 <node id="255967798" visible="true" version="9" changeset="47873" timestamp="2009-04-02T08:09:55Z" user="Upliner" uid="67668" lat="55.7251857" lon="37.6574046"/>
 <node id="444765732" visible="true" version="44" changeset="141362330" timestamp="2023-09-17T00:03:31Z" user="Fizzie-DWG" uid="461130" lat="55.7217338" lon="37.6550423">
  <tag k="bench" v="yes"/>
  <tag k="bin" v="yes"/>
  <tag k="bus" v="yes"/>
  <tag k="check_date:shelter" v="2022-02-19"/>
  <tag k="highway" v="bus_stop"/>
  <tag k="name" v="Дербеневская набережная, 7"/>
  <tag k="name:uk" v="Дербенівська набережна, 7"/>
  <tag k="note" v="В названии &quot;Дербеневская&quot; нет буквы &quot;ё&quot;, а ударение падает на вторую букву &quot;е&quot; – Дербéневская."/>
  <tag k="public_transport" v="platform"/>
  <tag k="shelter" v="yes"/>
  <tag k="tactile_paving" v="no"/>
 </node>
 <node id="546088100" visible="true" version="5" changeset="35946324" timestamp="2015-12-14T14:10:36Z" user="trolleway" uid="397326" lat="55.7220235" lon="37.6484560"/>
 <node id="546088106" visible="true" version="3" changeset="5526782" timestamp="2010-08-18T13:33:10Z" user="Cyantooth" uid="233639" lat="55.7212687" lon="37.6498504"/>
 <node id="546088114" visible="true" version="7" changeset="71231472" timestamp="2019-06-13T20:34:34Z" user="ynx" uid="357374" lat="55.7203925" lon="37.6509604"/>
 <node id="546088125" visible="true" version="4" changeset="27333817" timestamp="2014-12-08T13:23:26Z" user="ynx" uid="357374" lat="55.7210655" lon="37.6530865"/>
 <node id="546088129" visible="true" version="2" changeset="27333817" timestamp="2014-12-08T13:23:27Z" user="ynx" uid="357374" lat="55.7217100" lon="37.6539390"/>
 <node id="546088146" visible="true" version="2" changeset="28307585" timestamp="2015-01-21T14:40:57Z" user="ynx" uid="357374" lat="55.7213709" lon="37.6546359"/>
 <node id="546088229" visible="true" version="2" changeset="4430557" timestamp="2010-04-15T12:38:02Z" user="DarkAve" uid="66687" lat="55.7257689" lon="37.6511058"/>
 <node id="546088250" visible="true" version="2" changeset="4430557" timestamp="2010-04-15T12:38:02Z" user="DarkAve" uid="66687" lat="55.7258136" lon="37.6512406"/>
 <node id="546088254" visible="true" version="3" changeset="29898687" timestamp="2015-04-01T08:10:55Z" user="user_610278" uid="610278" lat="55.7239489" lon="37.6552936"/>
 <node id="546088259" visible="true" version="3" changeset="60357610" timestamp="2018-07-02T19:45:45Z" user="ynx" uid="357374" lat="55.7230346" lon="37.6560262"/>
 <node id="546088273" visible="true" version="2" changeset="40678329" timestamp="2016-07-12T11:23:57Z" user="ynx" uid="357374" lat="55.7217217" lon="37.6549969"/>
 <node id="546088280" visible="true" version="3" changeset="35946324" timestamp="2015-12-14T14:10:36Z" user="trolleway" uid="397326" lat="55.7232058" lon="37.6491815"/>
 <node id="593876238" visible="true" version="3" changeset="27180944" timestamp="2014-12-02T14:55:20Z" user="ynx" uid="357374" lat="55.7210704" lon="37.6543512"/>
 <node id="593876239" visible="true" version="5" changeset="36814815" timestamp="2016-01-26T11:34:27Z" user="ynx" uid="357374" lat="55.7208433" lon="37.6538764"/>
 <node id="593876240" visible="true" version="3" changeset="27180944" timestamp="2014-12-02T14:55:20Z" user="ynx" uid="357374" lat="55.7205113" lon="37.6530824"/>
 <node id="593876242" visible="true" version="7" changeset="70041878" timestamp="2019-05-08T18:39:39Z" user="ynx" uid="357374" lat="55.7227465" lon="37.6561462">
  <tag k="highway" v="traffic_signals"/>
 </node>
 <node id="593876244" visible="true" version="4" changeset="70041878" timestamp="2019-05-08T18:39:39Z" user="ynx" uid="357374" lat="55.7221845" lon="37.6557559"/>
 <node id="593876245" visible="true" version="5" changeset="70041878" timestamp="2019-05-08T18:39:39Z" user="ynx" uid="357374" lat="55.7217648" lon="37.6553359"/>
 <node id="593876246" visible="true" version="4" changeset="62230038" timestamp="2018-09-02T21:35:23Z" user="ynx" uid="357374" lat="55.7236408" lon="37.6564173"/>
 <node id="593876247" visible="true" version="4" changeset="136734267" timestamp="2023-05-30T09:13:03Z" user="J_Doe" uid="1925053" lat="55.7233123" lon="37.6563655"/>
 <node id="593876248" visible="true" version="9" changeset="181252137" timestamp="2026-04-12T23:15:41Z" user="neo-plan" uid="363136" lat="55.7241349" lon="37.6563922">
  <tag k="highway" v="traffic_signals"/>
  <tag k="traffic_signals" v="signal"/>
 </node>
 <node id="594834732" visible="true" version="9" changeset="181252137" timestamp="2026-04-12T23:15:41Z" user="neo-plan" uid="363136" lat="55.7198372" lon="37.6511923">
  <tag k="button_operated" v="yes"/>
  <tag k="crossing" v="traffic_signals"/>
  <tag k="highway" v="crossing"/>
  <tag k="tactile_paving" v="no"/>
 </node>
 <node id="614130829" visible="true" version="4" changeset="36874346" timestamp="2016-01-29T08:23:51Z" user="ynx" uid="357374" lat="55.7217843" lon="37.6491069"/>
 <node id="614130830" visible="true" version="4" changeset="36874346" timestamp="2016-01-29T08:23:51Z" user="ynx" uid="357374" lat="55.7219814" lon="37.6487116"/>
 <node id="614130834" visible="true" version="2" changeset="4515093" timestamp="2010-04-24T19:34:56Z" user="chilin" uid="127494" lat="55.7226560" lon="37.6528758"/>
 <node id="614130835" visible="true" version="2" changeset="4515093" timestamp="2010-04-24T19:34:59Z" user="chilin" uid="127494" lat="55.7228370" lon="37.6530914"/>
 <node id="614130836" visible="true" version="3" changeset="4515093" timestamp="2010-04-24T19:34:59Z" user="chilin" uid="127494" lat="55.7221608" lon="37.6548818"/>
 <node id="614130837" visible="true" version="3" changeset="4515093" timestamp="2010-04-24T19:35:02Z" user="chilin" uid="127494" lat="55.7219798" lon="37.6546663"/>
 <node id="614131340" visible="true" version="4" changeset="123066498" timestamp="2022-07-01T03:32:56Z" user="Sergey Golyashov" uid="116283" lat="55.7226462" lon="37.6537638"/>
 <node id="614131341" visible="true" version="4" changeset="123066498" timestamp="2022-07-01T03:32:56Z" user="Sergey Golyashov" uid="116283" lat="55.7231529" lon="37.6543092"/>
 <node id="614131344" visible="true" version="5" changeset="123066498" timestamp="2022-07-01T03:32:56Z" user="Sergey Golyashov" uid="116283" lat="55.7230512" lon="37.6546070"/>
 <node id="614131345" visible="true" version="5" changeset="123066498" timestamp="2022-07-01T03:32:56Z" user="Sergey Golyashov" uid="116283" lat="55.7228925" lon="37.6544362"/>
 <node id="614131346" visible="true" version="6" changeset="123066498" timestamp="2022-07-01T03:32:56Z" user="Sergey Golyashov" uid="116283" lat="55.7225501" lon="37.6554397"/>
 <node id="699091463" visible="true" version="4" changeset="8037600" timestamp="2011-05-03T09:12:07Z" user="vfjj" uid="269466" lat="55.7218732" lon="37.6530510"/>
 <node id="699091472" visible="true" version="3" changeset="8037600" timestamp="2011-05-03T09:12:07Z" user="vfjj" uid="269466" lat="55.7218085" lon="37.6532381"/>
 <node id="699091478" visible="true" version="3" changeset="8037600" timestamp="2011-05-03T09:12:07Z" user="vfjj" uid="269466" lat="55.7220553" lon="37.6535070"/>
 <node id="699091483" visible="true" version="3" changeset="8037600" timestamp="2011-05-03T09:12:07Z" user="vfjj" uid="269466" lat="55.7221200" lon="37.6533198"/>
 <node id="699091570" visible="true" version="5" changeset="36996356" timestamp="2016-02-04T11:57:48Z" user="ynx" uid="357374" lat="55.7212851" lon="37.6532452"/>
 <node id="699091617" visible="true" version="4" changeset="27333817" timestamp="2014-12-08T13:23:27Z" user="ynx" uid="357374" lat="55.7217710" lon="37.6539263"/>
 <node id="699091621" visible="true" version="3" changeset="26388216" timestamp="2014-10-28T14:06:17Z" user="ynx" uid="357374" lat="55.7220564" lon="37.6535576"/>
 <node id="699091623" visible="true" version="3" changeset="26388216" timestamp="2014-10-28T14:06:17Z" user="ynx" uid="357374" lat="55.7217805" lon="37.6532511"/>
 <node id="699091624" visible="true" version="6" changeset="55559994" timestamp="2018-01-18T20:15:58Z" user="ynx" uid="357374" lat="55.7222046" lon="37.6531093"/>
 <node id="699091625" visible="true" version="6" changeset="55559994" timestamp="2018-01-18T20:15:58Z" user="ynx" uid="357374" lat="55.7216167" lon="37.6523889"/>
 <node id="699091683" visible="true" version="5" changeset="60707039" timestamp="2018-07-14T08:21:04Z" user="ynx" uid="357374" lat="55.7229062" lon="37.6500859"/>
 <node id="699091762" visible="true" version="4" changeset="26753664" timestamp="2014-11-13T11:13:23Z" user="ynx" uid="357374" lat="55.7227783" lon="37.6509561"/>
 <node id="699091769" visible="true" version="4" changeset="41110402" timestamp="2016-07-29T14:05:43Z" user="ynx" uid="357374" lat="55.7230892" lon="37.6516437"/>
 <node id="699091779" visible="true" version="3" changeset="4642448" timestamp="2010-05-08T19:55:36Z" user="chilin" uid="127494" lat="55.7223670" lon="37.6534793"/>
 <node id="699091785" visible="true" version="5" changeset="55559994" timestamp="2018-01-18T20:15:58Z" user="ynx" uid="357374" lat="55.7216892" lon="37.6526050"/>
 <node id="699091843" visible="true" version="2" changeset="4515093" timestamp="2010-04-24T19:35:00Z" user="chilin" uid="127494" lat="55.7221732" lon="37.6533073"/>
 <node id="699091848" visible="true" version="2" changeset="4515093" timestamp="2010-04-24T19:34:58Z" user="chilin" uid="127494" lat="55.7220140" lon="37.6537665"/>
 <node id="699091852" visible="true" version="2" changeset="4515093" timestamp="2010-04-24T19:34:56Z" user="chilin" uid="127494" lat="55.7218895" lon="37.6536346"/>
 <node id="699091858" visible="true" version="2" changeset="4515093" timestamp="2010-04-24T19:34:56Z" user="chilin" uid="127494" lat="55.7216726" lon="37.6542561"/>
 <node id="699091862" visible="true" version="2" changeset="4515093" timestamp="2010-04-24T19:35:02Z" user="chilin" uid="127494" lat="55.7219057" lon="37.6545177"/>
 <node id="699091867" visible="true" version="2" changeset="4515093" timestamp="2010-04-24T19:35:02Z" user="chilin" uid="127494" lat="55.7222902" lon="37.6534508"/>
 <node id="699091920" visible="true" version="3" changeset="27333817" timestamp="2014-12-08T13:23:27Z" user="ynx" uid="357374" lat="55.7217425" lon="37.6539173"/>
 <node id="699091978" visible="true" version="5" changeset="36853181" timestamp="2016-01-28T09:51:02Z" user="ynx" uid="357374" lat="55.7234039" lon="37.6524022"/>
 <node id="699091981" visible="true" version="4" changeset="36853181" timestamp="2016-01-28T09:51:02Z" user="ynx" uid="357374" lat="55.7232360" lon="37.6528619"/>
 <node id="699091985" visible="true" version="2" changeset="4515093" timestamp="2010-04-24T19:35:01Z" user="chilin" uid="127494" lat="55.7219472" lon="37.6545614"/>
 <node id="699092004" visible="true" version="3" changeset="26388216" timestamp="2014-10-28T14:09:28Z" user="ynx" uid="357374" lat="55.7236454" lon="37.6526541"/>
 <node id="702748380" visible="true" version="9" changeset="140208865" timestamp="2023-08-22T04:46:19Z" user="NorthCrab" uid="15215305" lat="55.7216968" lon="37.6544792">
  <tag k="name" v="МОФОМС"/>
  <tag k="office" v="government"/>
 </node>
 <node id="702748396" visible="true" version="2" changeset="4514512" timestamp="2010-04-24T18:38:15Z" user="chilin" uid="127494" lat="55.7238616" lon="37.6521905"/>
 <node id="702748405" visible="true" version="3" changeset="123066498" timestamp="2022-07-01T03:32:56Z" user="Sergey Golyashov" uid="116283" lat="55.7239730" lon="37.6523199"/>
 <node id="702748410" visible="true" version="3" changeset="123066498" timestamp="2022-07-01T03:32:56Z" user="Sergey Golyashov" uid="116283" lat="55.7229364" lon="37.6557612"/>
 <node id="702748455" visible="true" version="3" changeset="123066498" timestamp="2022-07-01T03:32:56Z" user="Sergey Golyashov" uid="116283" lat="55.7229029" lon="37.6540182"/>
 <node id="702748456" visible="true" version="2" changeset="4514512" timestamp="2010-04-24T18:38:13Z" user="chilin" uid="127494" lat="55.7234137" lon="37.6524907"/>
 <node id="702748457" visible="true" version="2" changeset="4514512" timestamp="2010-04-24T18:38:14Z" user="chilin" uid="127494" lat="55.7236010" lon="37.6526867"/>
 <node id="702748458" visible="true" version="2" changeset="4514512" timestamp="2010-04-24T18:38:14Z" user="chilin" uid="127494" lat="55.7230917" lon="37.6542215"/>
 <node id="702748459" visible="true" version="2" changeset="4514512" timestamp="2010-04-24T18:38:15Z" user="chilin" uid="127494" lat="55.7231629" lon="37.6542960"/>
 <node id="702748460" visible="true" version="4" changeset="40678329" timestamp="2016-07-12T11:23:57Z" user="ynx" uid="357374" lat="55.7214603" lon="37.6545354"/>
 <node id="702748462" visible="true" version="3" changeset="24687133" timestamp="2014-08-11T20:01:21Z" user="ynx" uid="357374" lat="55.7218333" lon="37.6549685"/>
 <node id="702748463" visible="true" version="4" changeset="40329190" timestamp="2016-06-27T19:41:49Z" user="ynx" uid="357374" lat="55.7211451" lon="37.6533037"/>
 <node id="702748465" visible="true" version="3" changeset="40678329" timestamp="2016-07-12T11:23:57Z" user="ynx" uid="357374" lat="55.7216109" lon="37.6541818"/>
 <node id="702748470" visible="true" version="4" changeset="40678329" timestamp="2016-07-12T11:23:56Z" user="ynx" uid="357374" lat="55.7221322" lon="37.6551760"/>
 <node id="702748479" visible="true" version="4" changeset="40678329" timestamp="2016-07-12T11:23:56Z" user="ynx" uid="357374" lat="55.7220785" lon="37.6553738"/>
 <node id="702748481" visible="true" version="3" changeset="40678329" timestamp="2016-07-12T11:23:57Z" user="ynx" uid="357374" lat="55.7214573" lon="37.6546514"/>
 <node id="702748483" visible="true" version="2" changeset="4515093" timestamp="2010-04-24T19:34:54Z" user="chilin" uid="127494" lat="55.7215359" lon="37.6544417"/>
 <node id="702748489" visible="true" version="4" changeset="26388216" timestamp="2014-10-28T14:04:13Z" user="ynx" uid="357374" lat="55.7223372" lon="37.6531264"/>
 <node id="702748511" visible="true" version="3" changeset="123066498" timestamp="2022-07-01T03:32:56Z" user="Sergey Golyashov" uid="116283" lat="55.7221143" lon="37.6548667"/>
 <node id="702748515" visible="true" version="2" changeset="4515093" timestamp="2010-04-24T19:35:02Z" user="chilin" uid="127494" lat="55.7215871" lon="37.6544893"/>
 <node id="702748518" visible="true" version="2" changeset="4515093" timestamp="2010-04-24T19:34:58Z" user="chilin" uid="127494" lat="55.7216562" lon="37.6543044"/>
 <node id="702748525" visible="true" version="3" changeset="28307585" timestamp="2015-01-21T14:40:57Z" user="ynx" uid="357374" lat="55.7215251" lon="37.6541946"/>
 <node id="702748527" visible="true" version="3" changeset="28307585" timestamp="2015-01-21T14:40:57Z" user="ynx" uid="357374" lat="55.7214464" lon="37.6543281"/>
 <node id="702748529" visible="true" version="3" changeset="28307585" timestamp="2015-01-21T14:40:57Z" user="ynx" uid="357374" lat="55.7211001" lon="37.6536839"/>
 <node id="702748530" visible="true" version="3" changeset="28307585" timestamp="2015-01-21T14:40:57Z" user="ynx" uid="357374" lat="55.7211788" lon="37.6535505"/>
 <node id="702761462" visible="true" version="3" changeset="38961910" timestamp="2016-04-28T18:47:39Z" user="ynx" uid="357374" lat="55.7232307" lon="37.6550607"/>
 <node id="702761464" visible="true" version="2" changeset="4515093" timestamp="2010-04-24T19:35:02Z" user="chilin" uid="127494" lat="55.7240875" lon="37.6523381"/>
 <node id="702761518" visible="true" version="5" changeset="70041878" timestamp="2019-05-08T18:39:39Z" user="ynx" uid="357374" lat="55.7220740" lon="37.6555219"/>
 <node id="702761614" visible="true" version="5" changeset="123066498" timestamp="2022-07-01T03:32:56Z" user="Sergey Golyashov" uid="116283" lat="55.7221544" lon="37.6551573">
  <tag k="barrier" v="lift_gate"/>
  <tag k="motor_vehicle" v="private"/>
 </node>
 <node id="702761618" visible="true" version="2" changeset="4515093" timestamp="2010-04-24T19:35:01Z" user="chilin" uid="127494" lat="55.7226906" lon="37.6536020"/>
 <node id="702761621" visible="true" version="4" changeset="36853181" timestamp="2016-01-28T09:51:03Z" user="ynx" uid="357374" lat="55.7229035" lon="37.6538311"/>
 <node id="703374696" visible="true" version="4" changeset="30232078" timestamp="2015-04-15T10:15:43Z" user="literan" uid="830106" lat="55.7215605" lon="37.6543038">
  <tag k="barrier" v="lift_gate"/>
  <tag k="foot" v="yes"/>
 </node>
 <node id="705472884" visible="true" version="1" changeset="4515093" timestamp="2010-04-24T19:34:37Z" user="chilin" uid="127494" lat="55.7234672" lon="37.6522551"/>
 <node id="705472889" visible="true" version="1" changeset="4515093" timestamp="2010-04-24T19:34:37Z" user="chilin" uid="127494" lat="55.7226466" lon="37.6536708"/>
 <node id="705472904" visible="true" version="2" changeset="26388216" timestamp="2014-10-28T14:09:28Z" user="ynx" uid="357374" lat="55.7233868" lon="37.6525336"/>
 <node id="705472910" visible="true" version="6" changeset="60699150" timestamp="2018-07-13T20:06:26Z" user="ynx" uid="357374" lat="55.7229099" lon="37.6558825"/>
 <node id="705472915" visible="true" version="2" changeset="35946324" timestamp="2015-12-14T14:10:36Z" user="trolleway" uid="397326" lat="55.7227478" lon="37.6489066"/>
 <node id="705472921" visible="true" version="1" changeset="4515093" timestamp="2010-04-24T19:34:38Z" user="chilin" uid="127494" lat="55.7232284" lon="37.6518090"/>
 <node id="705472929" visible="true" version="4" changeset="123066604" timestamp="2022-07-01T03:41:13Z" user="Sergey Golyashov" uid="116283" lat="55.7226409" lon="37.6556057"/>
 <node id="705472943" visible="true" version="2" changeset="26753587" timestamp="2014-11-13T11:08:21Z" user="ynx" uid="357374" lat="55.7228388" lon="37.6523001"/>
 <node id="705472954" visible="true" version="2" changeset="38996946" timestamp="2016-04-30T10:49:21Z" user="ynx" uid="357374" lat="55.7226647" lon="37.6556509"/>
 <node id="705472959" visible="true" version="4" changeset="123066498" timestamp="2022-07-01T03:32:56Z" user="Sergey Golyashov" uid="116283" lat="55.7232066" lon="37.6551360"/>
 <node id="705472960" visible="true" version="1" changeset="4515093" timestamp="2010-04-24T19:34:39Z" user="chilin" uid="127494" lat="55.7218973" lon="37.6535709"/>
 <node id="705472961" visible="true" version="2" changeset="24895426" timestamp="2014-08-20T20:24:32Z" user="ynx" uid="357374" lat="55.7232841" lon="37.6551172"/>
 <node id="705472963" visible="true" version="1" changeset="4515093" timestamp="2010-04-24T19:34:39Z" user="chilin" uid="127494" lat="55.7231450" lon="37.6541813"/>
 <node id="705472968" visible="true" version="5" changeset="60700290" timestamp="2018-07-13T21:02:50Z" user="ynx" uid="357374" lat="55.7230989" lon="37.6531505"/>
 <node id="705472994" visible="true" version="4" changeset="60699150" timestamp="2018-07-13T20:06:26Z" user="ynx" uid="357374" lat="55.7229309" lon="37.6557682"/>
 <node id="705473003" visible="true" version="1" changeset="4515093" timestamp="2010-04-24T19:34:41Z" user="chilin" uid="127494" lat="55.7246649" lon="37.6500710"/>
 <node id="705473008" visible="true" version="3" changeset="123066498" timestamp="2022-07-01T03:32:56Z" user="Sergey Golyashov" uid="116283" lat="55.7230887" lon="37.6550110"/>
 <node id="705473014" visible="true" version="3" changeset="123066498" timestamp="2022-07-01T03:32:56Z" user="Sergey Golyashov" uid="116283" lat="55.7236468" lon="37.6556029"/>
 <node id="705473017" visible="true" version="1" changeset="4515093" timestamp="2010-04-24T19:34:41Z" user="chilin" uid="127494" lat="55.7229145" lon="37.6539536"/>
 <node id="705473019" visible="true" version="5" changeset="60700290" timestamp="2018-07-13T21:02:50Z" user="ynx" uid="357374" lat="55.7221725" lon="37.6553310"/>
 <node id="705473028" visible="true" version="3" changeset="36853181" timestamp="2016-01-28T09:51:02Z" user="ynx" uid="357374" lat="55.7231677" lon="37.6530638"/>
 <node id="705473031" visible="true" version="3" changeset="60444314" timestamp="2018-07-05T18:17:32Z" user="ynx" uid="357374" lat="55.7234527" lon="37.6515542"/>
 <node id="705473042" visible="true" version="2" changeset="26388216" timestamp="2014-10-28T14:06:17Z" user="ynx" uid="357374" lat="55.7220074" lon="37.6537023"/>
 <node id="705473043" visible="true" version="3" changeset="123066498" timestamp="2022-07-01T03:32:56Z" user="Sergey Golyashov" uid="116283" lat="55.7231228" lon="37.6554152"/>
 <node id="705473049" visible="true" version="2" changeset="26388216" timestamp="2014-10-28T14:09:27Z" user="ynx" uid="357374" lat="55.7233839" lon="37.6523490"/>
 <node id="705473056" visible="true" version="5" changeset="36839207" timestamp="2016-01-27T15:28:23Z" user="ynx" uid="357374" lat="55.7226721" lon="37.6526096"/>
 <node id="705473061" visible="true" version="3" changeset="60699150" timestamp="2018-07-13T20:06:26Z" user="ynx" uid="357374" lat="55.7221401" lon="37.6554506"/>
 <node id="705473073" visible="true" version="3" changeset="36853181" timestamp="2016-01-28T09:51:02Z" user="ynx" uid="357374" lat="55.7233378" lon="37.6524792"/>
 <node id="705473074" visible="true" version="7" changeset="71004735" timestamp="2019-06-06T21:59:00Z" user="ynx" uid="357374" lat="55.7231301" lon="37.6553896">
  <tag k="barrier" v="gate"/>
  <tag k="motor_vehicle" v="private"/>
 </node>
 <node id="705473085" visible="true" version="3" changeset="123066498" timestamp="2022-07-01T03:32:56Z" user="Sergey Golyashov" uid="116283" lat="55.7229974" lon="37.6552823"/>
 <node id="705473086" visible="true" version="1" changeset="4515093" timestamp="2010-04-24T19:34:44Z" user="chilin" uid="127494" lat="55.7229829" lon="37.6524707"/>
 <node id="705473094" visible="true" version="5" changeset="60699150" timestamp="2018-07-13T20:06:26Z" user="ynx" uid="357374" lat="55.7227241" lon="37.6555523"/>
 <node id="705473107" visible="true" version="3" changeset="123066498" timestamp="2022-07-01T03:32:56Z" user="Sergey Golyashov" uid="116283" lat="55.7235556" lon="37.6558740"/>
 <node id="705473116" visible="true" version="3" changeset="40651655" timestamp="2016-07-11T14:26:33Z" user="ynx" uid="357374" lat="55.7226380" lon="37.6557486"/>
 <node id="705473118" visible="true" version="3" changeset="41110402" timestamp="2016-07-29T14:05:42Z" user="ynx" uid="357374" lat="55.7220605" lon="37.6527673"/>
 <node id="705473121" visible="true" version="3" changeset="40678329" timestamp="2016-07-12T11:23:56Z" user="ynx" uid="357374" lat="55.7221381" lon="37.6553006"/>
 <node id="705473130" visible="true" version="2" changeset="36853181" timestamp="2016-01-28T09:51:02Z" user="ynx" uid="357374" lat="55.7232739" lon="37.6521157"/>
 <node id="707921153" visible="true" version="3" changeset="6040349" timestamp="2010-10-14T15:42:32Z" user="ynx" uid="357374" lat="55.7179659" lon="37.6477473"/>
 <node id="707921192" visible="true" version="2" changeset="6040349" timestamp="2010-10-14T15:42:32Z" user="ynx" uid="357374" lat="55.7197033" lon="37.6506452"/>
 <node id="707921222" visible="true" version="3" changeset="28307585" timestamp="2015-01-21T14:40:57Z" user="ynx" uid="357374" lat="55.7216859" lon="37.6539406"/>
 <node id="707921322" visible="true" version="2" changeset="6040349" timestamp="2010-10-14T15:42:44Z" user="ynx" uid="357374" lat="55.7188504" lon="37.6475026"/>
 <node id="707921345" visible="true" version="3" changeset="36874346" timestamp="2016-01-29T08:23:51Z" user="ynx" uid="357374" lat="55.7217272" lon="37.6492212"/>
 <node id="707921372" visible="true" version="3" changeset="6040349" timestamp="2010-10-14T15:42:32Z" user="ynx" uid="357374" lat="55.7187182" lon="37.6486110"/>
 <node id="707921408" visible="true" version="3" changeset="39274471" timestamp="2016-05-12T17:57:17Z" user="ynx" uid="357374" lat="55.7208739" lon="37.6536683"/>
 <node id="707921478" visible="true" version="3" changeset="39274471" timestamp="2016-05-12T17:57:17Z" user="ynx" uid="357374" lat="55.7198609" lon="37.6511022"/>
 <node id="707921594" visible="true" version="4" changeset="65493728" timestamp="2018-12-15T08:26:35Z" user="ynx" uid="357374" lat="55.7181437" lon="37.6472087"/>
 <node id="707921635" visible="true" version="3" changeset="6040349" timestamp="2010-10-14T15:42:29Z" user="ynx" uid="357374" lat="55.7219028" lon="37.6487356"/>
 <node id="707921640" visible="true" version="2" changeset="6040349" timestamp="2010-10-14T15:42:32Z" user="ynx" uid="357374" lat="55.7192267" lon="37.6494676"/>
 <node id="707921662" visible="true" version="3" changeset="28307585" timestamp="2015-01-21T14:40:57Z" user="ynx" uid="357374" lat="55.7213570" lon="37.6546136"/>
 <node id="707921782" visible="true" version="2" changeset="6040349" timestamp="2010-10-14T15:42:32Z" user="ynx" uid="357374" lat="55.7203539" lon="37.6479590"/>
 <node id="707921806" visible="true" version="5" changeset="39960886" timestamp="2016-06-11T21:16:13Z" user="ynx" uid="357374" lat="55.7219315" lon="37.6483428"/>
 <node id="708557071" visible="true" version="5" changeset="136734267" timestamp="2023-05-30T09:13:03Z" user="J_Doe" uid="1925053" lat="55.7230019" lon="37.6561348"/>
 <node id="708560772" visible="true" version="9" changeset="60699150" timestamp="2018-07-13T20:06:26Z" user="ynx" uid="357374" lat="55.7229055" lon="37.6559503"/>
 <node id="708560773" visible="true" version="2" changeset="60357610" timestamp="2018-07-02T19:45:45Z" user="ynx" uid="357374" lat="55.7229732" lon="37.6559989"/>
 <node id="729856130" visible="true" version="4" changeset="62230038" timestamp="2018-09-02T21:35:23Z" user="ynx" uid="357374" lat="55.7236319" lon="37.6562755"/>
 <node id="729856156" visible="true" version="4" changeset="70041878" timestamp="2019-05-08T18:39:39Z" user="ynx" uid="357374" lat="55.7225722" lon="37.6560443"/>
 <node id="729859464" visible="true" version="2" changeset="123066498" timestamp="2022-07-01T03:32:56Z" user="Sergey Golyashov" uid="116283" lat="55.7225698" lon="37.6555581"/>
 <node id="729859465" visible="true" version="2" changeset="123066498" timestamp="2022-07-01T03:32:56Z" user="Sergey Golyashov" uid="116283" lat="55.7226056" lon="37.6553417"/>
 <node id="729860328" visible="true" version="2" changeset="60288119" timestamp="2018-06-29T19:46:59Z" user="ynx" uid="357374" lat="55.7233312" lon="37.6560484"/>
 <node id="729874574" visible="true" version="3" changeset="123066498" timestamp="2022-07-01T03:32:56Z" user="Sergey Golyashov" uid="116283" lat="55.7222050" lon="37.6550563"/>
 <node id="748202548" visible="true" version="2" changeset="123066498" timestamp="2022-07-01T03:32:56Z" user="Sergey Golyashov" uid="116283" lat="55.7230641" lon="37.6553735"/>
 <node id="748202654" visible="true" version="2" changeset="123066498" timestamp="2022-07-01T03:32:56Z" user="Sergey Golyashov" uid="116283" lat="55.7228941" lon="37.6555309"/>
 <node id="748202664" visible="true" version="2" changeset="123066498" timestamp="2022-07-01T03:32:56Z" user="Sergey Golyashov" uid="116283" lat="55.7227738" lon="37.6554087"/>
 <node id="866709202" visible="true" version="3" changeset="71231472" timestamp="2019-06-13T20:34:34Z" user="ynx" uid="357374" lat="55.7212575" lon="37.6498356">
  <tag k="barrier" v="lift_gate"/>
 </node>
 <node id="866709225" visible="true" version="1" changeset="5526782" timestamp="2010-08-18T13:33:02Z" user="Cyantooth" uid="233639" lat="55.7212427" lon="37.6498158"/>
 <node id="868549858" visible="true" version="4" changeset="177965066" timestamp="2026-02-01T14:02:19Z" user="literan" uid="830106" lat="55.7207706" lon="37.6524243"/>
 <node id="868549880" visible="true" version="5" changeset="71231472" timestamp="2019-06-13T20:34:34Z" user="ynx" uid="357374" lat="55.7199537" lon="37.6514834"/>
 <node id="900744886" visible="true" version="2" changeset="27688500" timestamp="2014-12-25T12:41:48Z" user="ynx" uid="357374" lat="55.7308069" lon="37.6497471"/>
 <node id="900745004" visible="true" version="2" changeset="27688500" timestamp="2014-12-25T12:41:48Z" user="ynx" uid="357374" lat="55.7306913" lon="37.6499034"/>
 <node id="948221248" visible="true" version="4" changeset="40329190" timestamp="2016-06-27T19:41:48Z" user="ynx" uid="357374" lat="55.7210866" lon="37.6531583"/>
 <node id="991154275" visible="true" version="13" changeset="154594614" timestamp="2024-07-30T08:58:26Z" user="Zenfiric" uid="182327" lat="55.7196106" lon="37.6505750">
  <tag k="bus" v="yes"/>
  <tag k="name" v="Детский сад"/>
  <tag k="public_transport" v="stop_position"/>
 </node>
 <node id="991154289" visible="true" version="43" changeset="141362330" timestamp="2023-09-17T00:03:31Z" user="Fizzie-DWG" uid="461130" lat="55.7229270" lon="37.6563363">
  <tag k="bin" v="no"/>
  <tag k="bus" v="yes"/>
  <tag k="check_date:shelter" v="2022-02-14"/>
  <tag k="highway" v="bus_stop"/>
  <tag k="name" v="Дербеневская набережная, 7"/>
  <tag k="name:uk" v="Дербенівська набережна, 7"/>
  <tag k="note" v="В названии &quot;Дербеневская&quot; нет буквы &quot;ё&quot;, а ударение падает на вторую букву &quot;е&quot; – Дербéневская."/>
  <tag k="public_transport" v="platform"/>
  <tag k="tactile_paving" v="no"/>
 </node>
 <node id="992956312" visible="true" version="1" changeset="6394739" timestamp="2010-11-17T19:10:39Z" user="luch86" uid="266092" lat="55.7263724" lon="37.6567176"/>
 <node id="1000903494" visible="true" version="2" changeset="36814815" timestamp="2016-01-26T11:34:27Z" user="ynx" uid="357374" lat="55.7210321" lon="37.6535048"/>
 <node id="1000903519" visible="true" version="2" changeset="40329190" timestamp="2016-06-27T19:41:49Z" user="ynx" uid="357374" lat="55.7208727" lon="37.6520574"/>
 <node id="1000903528" visible="true" version="3" changeset="40329190" timestamp="2016-06-27T19:41:49Z" user="ynx" uid="357374" lat="55.7207797" lon="37.6524119"/>
 <node id="1000918972" visible="true" version="5" changeset="30232078" timestamp="2015-04-15T10:15:43Z" user="literan" uid="830106" lat="55.7211827" lon="37.6533730">
  <tag k="barrier" v="lift_gate"/>
  <tag k="foot" v="yes"/>
 </node>
 <node id="1000919005" visible="true" version="2" changeset="26388216" timestamp="2014-10-28T14:04:12Z" user="ynx" uid="357374" lat="55.7212189" lon="37.6533089">
  <tag k="amenity" v="waste_disposal"/>
 </node>
 <node id="1000919044" visible="true" version="4" changeset="55559994" timestamp="2018-01-18T20:15:58Z" user="ynx" uid="357374" lat="55.7216743" lon="37.6522734"/>
 <node id="1001440214" visible="true" version="3" changeset="71004735" timestamp="2019-06-06T21:59:00Z" user="ynx" uid="357374" lat="55.7211213" lon="37.6530264">
  <tag k="barrier" v="lift_gate"/>
  <tag k="motor_vehicle" v="private"/>
 </node>
 <node id="1470892562" visible="true" version="2" changeset="35807150" timestamp="2015-12-07T14:13:13Z" user="Alex-B-Fox" uid="3431863" lat="55.7184097" lon="37.6526823"/>
 <node id="1470892571" visible="true" version="2" changeset="35807150" timestamp="2015-12-07T14:13:13Z" user="Alex-B-Fox" uid="3431863" lat="55.7201431" lon="37.6566039"/>
 <node id="1470892574" visible="true" version="3" changeset="188566449" timestamp="2026-09-05T11:19:13Z" user="literan" uid="830106" lat="55.7204904" lon="37.6572045"/>
 <node id="1470892596" visible="true" version="3" changeset="188566449" timestamp="2026-09-05T11:19:13Z" user="literan" uid="830106" lat="55.7209171" lon="37.6577636"/>
 <node id="1470892607" visible="true" version="3" changeset="188566449" timestamp="2026-09-05T11:19:13Z" user="literan" uid="830106" lat="55.7213809" lon="37.6581368"/>
 <node id="1470892610" visible="true" version="2" changeset="35807150" timestamp="2015-12-07T14:13:13Z" user="Alex-B-Fox" uid="3431863" lat="55.7221059" lon="37.6587743"/>
 <node id="1470892612" visible="true" version="2" changeset="35774276" timestamp="2015-12-05T19:05:04Z" user="Alex-B-Fox" uid="3431863" lat="55.7229689" lon="37.6592261"/>
 <node id="1611627739" visible="true" version="1" changeset="10538637" timestamp="2012-01-30T10:56:47Z" user="MosKartograf" uid="382604" lat="55.6906739" lon="37.6277715"/>
 <node id="1744047883" visible="true" version="6" changeset="157815031" timestamp="2024-10-12T22:28:26Z" user="parukhin" uid="519501" lat="55.7231486" lon="37.6546743">
  <tag k="amenity" v="atm"/>
  <tag k="brand" v="Сбербанк"/>
  <tag k="contact:phone" v="+7 800 5555550"/>
  <tag k="contact:website" v="https://www.sberbank.ru/"/>
  <tag k="operator" v="ПАО Сбербанк"/>
 </node>
 <node id="1808643996" visible="true" version="1" changeset="12074480" timestamp="2012-07-01T11:07:24Z" user="Andronik Fa" uid="323819" lat="55.6834513" lon="37.6387720"/>
 <node id="2173346192" visible="true" version="3" changeset="27180944" timestamp="2014-12-02T14:55:20Z" user="ynx" uid="357374" lat="55.7199136" lon="37.6515979"/>
 <node id="2173358271" visible="true" version="5" changeset="181252137" timestamp="2026-04-12T23:15:41Z" user="neo-plan" uid="363136" lat="55.7228233" lon="37.6560534">
  <tag k="button_operated" v="yes"/>
  <tag k="crossing" v="traffic_signals"/>
  <tag k="highway" v="crossing"/>
 </node>
 <node id="2173358272" visible="true" version="4" changeset="70041878" timestamp="2019-05-08T18:39:39Z" user="ynx" uid="357374" lat="55.7229895" lon="37.6562723"/>
 <node id="2176845116" visible="true" version="2" changeset="129898819" timestamp="2022-12-09T12:17:22Z" user="literan" uid="830106" lat="55.7182904" lon="37.6521556"/>
 <node id="2355581433" visible="true" version="1" changeset="16651020" timestamp="2013-06-22T00:59:26Z" user="Alexey Sidorenko" uid="1570948" lat="55.7223853" lon="37.6539500">
  <tag k="contact:website" v="http://www.detinashi.ru/"/>
  <tag k="name" v="БФ &quot;Дети наши&quot;"/>
  <tag k="office" v="ngo"/>
 </node>
 <node id="2854624546" visible="true" version="3" changeset="188566449" timestamp="2026-09-05T11:19:13Z" user="literan" uid="830106" lat="55.7235550" lon="37.6589854"/>
 <node id="2868305901" visible="true" version="1" changeset="22423666" timestamp="2014-05-19T12:15:35Z" user="ynx" uid="357374" lat="55.7221306" lon="37.6539668">
  <tag k="amenity" v="bicycle_parking"/>
 </node>
 <node id="2947906410" visible="true" version="1" changeset="23951976" timestamp="2014-07-04T14:23:13Z" user="stlp" uid="2003082" lat="55.7076063" lon="37.6320970"/>
 <node id="2947906411" visible="true" version="1" changeset="23951976" timestamp="2014-07-04T14:23:13Z" user="stlp" uid="2003082" lat="55.7067176" lon="37.6294951"/>
 <node id="2947906412" visible="true" version="1" changeset="23951976" timestamp="2014-07-04T14:23:13Z" user="stlp" uid="2003082" lat="55.7076796" lon="37.6357721"/>
 <node id="2947906413" visible="true" version="1" changeset="23951976" timestamp="2014-07-04T14:23:13Z" user="stlp" uid="2003082" lat="55.7084309" lon="37.6486678"/>
 <node id="2972997333" visible="true" version="1" changeset="24271884" timestamp="2014-07-21T12:09:09Z" user="ynx" uid="357374" lat="55.7223016" lon="37.6535227">
  <tag k="amenity" v="bicycle_parking"/>
 </node>
 <node id="2996365933" visible="true" version="3" changeset="36814815" timestamp="2016-01-26T11:34:27Z" user="ynx" uid="357374" lat="55.7212753" lon="37.6530827">
  <tag k="barrier" v="lift_gate"/>
 </node>
 <node id="2999363333" visible="true" version="2" changeset="26753587" timestamp="2014-11-13T11:08:21Z" user="ynx" uid="357374" lat="55.7223420" lon="37.6534846"/>
 <node id="2999363433" visible="true" version="3" changeset="28307585" timestamp="2015-01-21T14:37:54Z" user="ynx" uid="357374" lat="55.7222678" lon="37.6533206"/>
 <node id="2999745437" visible="true" version="3" changeset="36853181" timestamp="2016-01-28T09:51:02Z" user="ynx" uid="357374" lat="55.7232912" lon="37.6527042"/>
 <node id="3006606134" visible="true" version="8" changeset="141667853" timestamp="2023-09-24T06:18:29Z" user="augxcgrwxo" uid="371263" lat="55.7162752" lon="37.6333050">
  <tag k="crossing" v="uncontrolled"/>
  <tag k="crossing:island" v="no"/>
  <tag k="highway" v="crossing"/>
  <tag k="maxwidth" v="6.2"/>
  <tag k="source:maxwidth" v="ARCore"/>
  <tag k="tactile_paving" v="no"/>
  <tag k="traffic_calming" v="choker"/>
 </node>
 <node id="3010118734" visible="true" version="3" changeset="63844892" timestamp="2018-10-24T19:29:31Z" user="ynx" uid="357374" lat="55.7209984" lon="37.6534712"/>
 <node id="3010120133" visible="true" version="4" changeset="66549490" timestamp="2019-01-22T20:06:14Z" user="ynx" uid="357374" lat="55.7209185" lon="37.6535759"/>
 <node id="3010120233" visible="true" version="5" changeset="66549490" timestamp="2019-01-22T20:06:14Z" user="ynx" uid="357374" lat="55.7208715" lon="37.6531557"/>
 <node id="3010120234" visible="true" version="5" changeset="96396687" timestamp="2020-12-24T16:38:26Z" user="ynx" uid="357374" lat="55.7209592" lon="37.6535201">
  <tag k="barrier" v="lift_gate"/>
 </node>
 <node id="3010120235" visible="true" version="4" changeset="66549490" timestamp="2019-01-22T20:06:14Z" user="ynx" uid="357374" lat="55.7209909" lon="37.6535939"/>
 <node id="3010120333" visible="true" version="4" changeset="66549490" timestamp="2019-01-22T20:06:14Z" user="ynx" uid="357374" lat="55.7208512" lon="37.6532704"/>
 <node id="3010134534" visible="true" version="4" changeset="177965066" timestamp="2026-02-01T14:02:19Z" user="literan" uid="830106" lat="55.7206743" lon="37.6530575"/>
 <node id="3011139233" visible="true" version="3" changeset="40678329" timestamp="2016-07-12T11:23:57Z" user="ynx" uid="357374" lat="55.7214900" lon="37.6545641">
  <tag k="barrier" v="lift_gate"/>
 </node>
 <node id="3011139234" visible="true" version="5" changeset="123066604" timestamp="2022-07-01T03:41:13Z" user="Sergey Golyashov" uid="116283" lat="55.7226103" lon="37.6556239"/>
 <node id="3011139333" visible="true" version="4" changeset="123066604" timestamp="2022-07-01T03:41:13Z" user="Sergey Golyashov" uid="116283" lat="55.7222051" lon="37.6552061"/>
 <node id="3016427282" visible="true" version="3" changeset="60288119" timestamp="2018-06-29T19:46:59Z" user="ynx" uid="357374" lat="55.7234077" lon="37.6562514"/>
 <node id="3016427286" visible="true" version="4" changeset="69950634" timestamp="2019-05-06T20:21:02Z" user="ynx" uid="357374" lat="55.7234149" lon="37.6558601"/>
 <node id="3016427287" visible="true" version="2" changeset="60699150" timestamp="2018-07-13T20:06:26Z" user="ynx" uid="357374" lat="55.7233758" lon="37.6558930"/>
 <node id="3016427288" visible="true" version="5" changeset="71004735" timestamp="2019-06-06T21:59:00Z" user="ynx" uid="357374" lat="55.7231381" lon="37.6559102"/>
 <node id="3016427289" visible="true" version="2" changeset="24745183" timestamp="2014-08-14T13:17:11Z" user="user_610278" uid="610278" lat="55.7231831" lon="37.6555509"/>
 <node id="3016427290" visible="true" version="2" changeset="60699150" timestamp="2018-07-13T20:06:26Z" user="ynx" uid="357374" lat="55.7234314" lon="37.6557846"/>
 <node id="3029452950" visible="true" version="36" changeset="143298371" timestamp="2023-10-29T07:10:39Z" user="b-jazz-bot" uid="9451067" lat="55.7227538" lon="37.6529923">
  <tag k="amenity" v="restaurant"/>
  <tag k="cuisine" v="italian"/>
  <tag k="entrance" v="yes"/>
  <tag k="name" v="Пипл&amp;паста"/>
  <tag k="opening_hours" v="Mo-Fr 11:00-19:00"/>
  <tag k="website" v="https://www.people-pasta.ru/"/>
 </node>
 <node id="3029452951" visible="true" version="4" changeset="36853181" timestamp="2016-01-28T09:51:03Z" user="ynx" uid="357374" lat="55.7229782" lon="37.6536138"/>
 <node id="3029458553" visible="true" version="3" changeset="26388216" timestamp="2014-10-28T14:09:28Z" user="ynx" uid="357374" lat="55.7227925" lon="37.6534264"/>
 <node id="3029458851" visible="true" version="3" changeset="36996303" timestamp="2016-02-04T11:55:14Z" user="ynx" uid="357374" lat="55.7225978" lon="37.6528571"/>
 <node id="3029583533" visible="true" version="4" changeset="70041878" timestamp="2019-05-08T18:39:39Z" user="ynx" uid="357374" lat="55.7213524" lon="37.6548006"/>
 <node id="3029728633" visible="true" version="2" changeset="40678329" timestamp="2016-07-12T11:23:56Z" user="ynx" uid="357374" lat="55.7230787" lon="37.6555969"/>
 <node id="3029728733" visible="true" version="1" changeset="24886032" timestamp="2014-08-20T14:10:56Z" user="ynx" uid="357374" lat="55.7231509" lon="37.6556523">
  <tag k="barrier" v="lift_gate"/>
 </node>
 <node id="3030517233" visible="true" version="4" changeset="123066498" timestamp="2022-07-01T03:32:56Z" user="Sergey Golyashov" uid="116283" lat="55.7232307" lon="37.6551617"/>
 <node id="3030517333" visible="true" version="2" changeset="38961910" timestamp="2016-04-28T18:47:39Z" user="ynx" uid="357374" lat="55.7232559" lon="37.6550876">
  <tag k="barrier" v="entrance"/>
 </node>
 <node id="3030517334" visible="true" version="2" changeset="38961910" timestamp="2016-04-28T18:47:39Z" user="ynx" uid="357374" lat="55.7233841" lon="37.6547048"/>
 <node id="3043308088" visible="true" version="2" changeset="26388216" timestamp="2014-10-28T14:09:28Z" user="ynx" uid="357374" lat="55.7228857" lon="37.6532057"/>
 <node id="3043342733" visible="true" version="3" changeset="36853181" timestamp="2016-01-28T09:51:02Z" user="ynx" uid="357374" lat="55.7230573" lon="37.6533946"/>
 <node id="3080014607" visible="true" version="4" changeset="132298784" timestamp="2023-02-09T10:17:35Z" user="solenoid jam" uid="10129333" lat="55.7232483" lon="37.6533733">
  <tag k="government" v="audit"/>
  <tag k="name" v="Главный радиочастотный центр"/>
  <tag k="office" v="government"/>
  <tag k="short_name" v="&quot;ФГУП «ГРЧЦ»&quot;"/>
  <tag k="website" v="https://grfc.ru/"/>
 </node>
 <node id="3097514764" visible="true" version="1" changeset="25691334" timestamp="2014-09-26T17:39:39Z" user="stlp" uid="2003082" lat="55.7069511" lon="37.6421581"/>
 <node id="3143420320" visible="true" version="3" changeset="71112330" timestamp="2019-06-10T17:43:16Z" user="ynx" uid="357374" lat="55.7225678" lon="37.6527839"/>
 <node id="3143420321" visible="true" version="3" changeset="71112330" timestamp="2019-06-10T17:43:16Z" user="ynx" uid="357374" lat="55.7225702" lon="37.6528099"/>
 <node id="3143420322" visible="true" version="1" changeset="26250445" timestamp="2014-10-22T08:18:16Z" user="ynx" uid="357374" lat="55.7220940" lon="37.6539952">
  <tag k="entrance" v="yes"/>
 </node>
 <node id="3154246024" visible="true" version="3" changeset="58278112" timestamp="2018-04-20T22:24:36Z" user="ynx" uid="357374" lat="55.7222187" lon="37.6531127"/>
 <node id="3154246025" visible="true" version="7" changeset="71004735" timestamp="2019-06-06T21:59:00Z" user="ynx" uid="357374" lat="55.7212316" lon="37.6531583">
  <tag k="barrier" v="lift_gate"/>
  <tag k="description" v="Въезд №2 (легковой)"/>
  <tag k="motor_vehicle" v="private"/>
  <tag k="opening_hours" v="07:00-23:00"/>
 </node>
 <node id="3154246027" visible="true" version="2" changeset="58278112" timestamp="2018-04-20T22:24:36Z" user="ynx" uid="357374" lat="55.7221686" lon="37.6532533"/>
 <node id="3154246028" visible="true" version="3" changeset="55559994" timestamp="2018-01-18T20:15:58Z" user="ynx" uid="357374" lat="55.7213357" lon="37.6531421"/>
 <node id="3154246030" visible="true" version="2" changeset="36814815" timestamp="2016-01-26T11:34:26Z" user="ynx" uid="357374" lat="55.7212574" lon="37.6531128">
  <tag k="highway" v="mini_roundabout"/>
 </node>
 <node id="3154249884" visible="true" version="2" changeset="55559994" timestamp="2018-01-18T20:15:58Z" user="ynx" uid="357374" lat="55.7221438" lon="37.6531886"/>
 <node id="3154249885" visible="true" version="1" changeset="26388216" timestamp="2014-10-28T14:06:17Z" user="ynx" uid="357374" lat="55.7218215" lon="37.6536655"/>
 <node id="3154249886" visible="true" version="1" changeset="26388216" timestamp="2014-10-28T14:06:17Z" user="ynx" uid="357374" lat="55.7217384" lon="37.6532820"/>
 <node id="3154249887" visible="true" version="2" changeset="28115358" timestamp="2015-01-13T16:26:15Z" user="ynx" uid="357374" lat="55.7213412" lon="37.6529701"/>
 <node id="3154249888" visible="true" version="2" changeset="55559994" timestamp="2018-01-18T20:15:58Z" user="ynx" uid="357374" lat="55.7221344" lon="37.6533193"/>
 <node id="3154249889" visible="true" version="1" changeset="26388216" timestamp="2014-10-28T14:06:17Z" user="ynx" uid="357374" lat="55.7218698" lon="37.6530107"/>
 <node id="3154249890" visible="true" version="2" changeset="58278112" timestamp="2018-04-20T22:24:36Z" user="ynx" uid="357374" lat="55.7218826" lon="37.6535064"/>
 <node id="3154249891" visible="true" version="1" changeset="26388216" timestamp="2014-10-28T14:06:17Z" user="ynx" uid="357374" lat="55.7218653" lon="37.6529199"/>
 <node id="3154261362" visible="true" version="2" changeset="36853181" timestamp="2016-01-28T09:51:02Z" user="ynx" uid="357374" lat="55.7232717" lon="37.6522311"/>
 <node id="3154261363" visible="true" version="2" changeset="36853181" timestamp="2016-01-28T09:51:02Z" user="ynx" uid="357374" lat="55.7233735" lon="37.6524772"/>
 <node id="3154261364" visible="true" version="2" changeset="36853181" timestamp="2016-01-28T09:51:02Z" user="ynx" uid="357374" lat="55.7233031" lon="37.6521446"/>
 <node id="3180321196" visible="true" version="6" changeset="181252137" timestamp="2026-04-12T23:15:41Z" user="neo-plan" uid="363136" lat="55.7228039" lon="37.6561858">
  <tag k="button_operated" v="yes"/>
  <tag k="crossing" v="traffic_signals"/>
  <tag k="highway" v="crossing"/>
 </node>
 <node id="3182368566" visible="true" version="1" changeset="26730091" timestamp="2014-11-12T08:56:01Z" user="ynx" uid="357374" lat="55.7234196" lon="37.6565427"/>
 <node id="3182368570" visible="true" version="2" changeset="181363940" timestamp="2026-04-15T12:13:09Z" user="neo-plan" uid="363136" lat="55.7232069" lon="37.6564818"/>
 <node id="3182368572" visible="true" version="1" changeset="26730091" timestamp="2014-11-12T08:56:01Z" user="ynx" uid="357374" lat="55.7279833" lon="37.6541071"/>
 <node id="3182368573" visible="true" version="1" changeset="26730091" timestamp="2014-11-12T08:56:01Z" user="ynx" uid="357374" lat="55.7243552" lon="37.6565171"/>
 <node id="3182368574" visible="true" version="1" changeset="26730091" timestamp="2014-11-12T08:56:01Z" user="ynx" uid="357374" lat="55.7238561" lon="37.6565771"/>
 <node id="3182368575" visible="true" version="2" changeset="181363940" timestamp="2026-04-15T12:13:09Z" user="neo-plan" uid="363136" lat="55.7248596" lon="37.6563834"/>
 <node id="3184333555" visible="true" version="1" changeset="26753587" timestamp="2014-11-13T11:08:20Z" user="ynx" uid="357374" lat="55.7219041" lon="37.6494815"/>
 <node id="3184333556" visible="true" version="1" changeset="26753587" timestamp="2014-11-13T11:08:20Z" user="ynx" uid="357374" lat="55.7220795" lon="37.6496828"/>
 <node id="3184333557" visible="true" version="2" changeset="60700290" timestamp="2018-07-13T21:02:50Z" user="ynx" uid="357374" lat="55.7227776" lon="37.6528112"/>
 <node id="3184333558" visible="true" version="3" changeset="41110402" timestamp="2016-07-29T14:05:43Z" user="ynx" uid="357374" lat="55.7228147" lon="37.6509441"/>
 <node id="3184333560" visible="true" version="1" changeset="26753587" timestamp="2014-11-13T11:08:20Z" user="ynx" uid="357374" lat="55.7222768" lon="37.6496624"/>
 <node id="3184341061" visible="true" version="1" changeset="26753587" timestamp="2014-11-13T11:08:20Z" user="ynx" uid="357374" lat="55.7217901" lon="37.6498042"/>
 <node id="3184341063" visible="true" version="1" changeset="26753587" timestamp="2014-11-13T11:08:20Z" user="ynx" uid="357374" lat="55.7217408" lon="37.6499453"/>
 <node id="3184341064" visible="true" version="3" changeset="60707039" timestamp="2018-07-14T08:21:04Z" user="ynx" uid="357374" lat="55.7228990" lon="37.6500771"/>
 <node id="3184341065" visible="true" version="1" changeset="26753587" timestamp="2014-11-13T11:08:20Z" user="ynx" uid="357374" lat="55.7219779" lon="37.6493159"/>
 <node id="3184341068" visible="true" version="2" changeset="60444314" timestamp="2018-07-05T18:17:32Z" user="ynx" uid="357374" lat="55.7221779" lon="37.6489385"/>
 <node id="3184341071" visible="true" version="2" changeset="39186055" timestamp="2016-05-08T17:57:48Z" user="ynx" uid="357374" lat="55.7228104" lon="37.6510620"/>
 <node id="3184341075" visible="true" version="2" changeset="36996303" timestamp="2016-02-04T11:55:14Z" user="ynx" uid="357374" lat="55.7227461" lon="37.6527092"/>
 <node id="3184341076" visible="true" version="1" changeset="26753587" timestamp="2014-11-13T11:08:20Z" user="ynx" uid="357374" lat="55.7219520" lon="37.6500063"/>
 <node id="3184341077" visible="true" version="2" changeset="60444314" timestamp="2018-07-05T18:17:32Z" user="ynx" uid="357374" lat="55.7225521" lon="37.6493917"/>
 <node id="3184341079" visible="true" version="2" changeset="60444314" timestamp="2018-07-05T18:17:32Z" user="ynx" uid="357374" lat="55.7223780" lon="37.6498166"/>
 <node id="3184341081" visible="true" version="1" changeset="26753587" timestamp="2014-11-13T11:08:20Z" user="ynx" uid="357374" lat="55.7223472" lon="37.6494595"/>
 <node id="3184341082" visible="true" version="1" changeset="26753587" timestamp="2014-11-13T11:08:20Z" user="ynx" uid="357374" lat="55.7220776" lon="37.6491514"/>
 <node id="3184341083" visible="true" version="2" changeset="60707039" timestamp="2018-07-14T08:21:04Z" user="ynx" uid="357374" lat="55.7227611" lon="37.6503098"/>
 <node id="3184341084" visible="true" version="3" changeset="60707039" timestamp="2018-07-14T08:21:04Z" user="ynx" uid="357374" lat="55.7230936" lon="37.6495320"/>
 <node id="3184341085" visible="true" version="3" changeset="60444314" timestamp="2018-07-05T18:17:32Z" user="ynx" uid="357374" lat="55.7231352" lon="37.6495630"/>
 <node id="3184341086" visible="true" version="1" changeset="26753587" timestamp="2014-11-13T11:08:20Z" user="ynx" uid="357374" lat="55.7223141" lon="37.6503638"/>
 <node id="3184341087" visible="true" version="2" changeset="41110402" timestamp="2016-07-29T14:05:43Z" user="ynx" uid="357374" lat="55.7229107" lon="37.6506960"/>
 <node id="3184341093" visible="true" version="2" changeset="36839207" timestamp="2016-01-27T15:28:23Z" user="ynx" uid="357374" lat="55.7222597" lon="37.6505081"/>
 <node id="3215819854" visible="true" version="1" changeset="27180079" timestamp="2014-12-02T14:20:07Z" user="ynx" uid="357374" lat="55.7230558" lon="37.6498928"/>
 <node id="3215819855" visible="true" version="1" changeset="27180079" timestamp="2014-12-02T14:20:07Z" user="ynx" uid="357374" lat="55.7230128" lon="37.6498314"/>
 <node id="3215819856" visible="true" version="1" changeset="27180079" timestamp="2014-12-02T14:20:07Z" user="ynx" uid="357374" lat="55.7229569" lon="37.6501480"/>
 <node id="3224636221" visible="true" version="1" changeset="27330476" timestamp="2014-12-08T10:18:58Z" user="ynx" uid="357374" lat="55.7216343" lon="37.6553687"/>
 <node id="3224636222" visible="true" version="1" changeset="27330476" timestamp="2014-12-08T10:18:58Z" user="ynx" uid="357374" lat="55.7211766" lon="37.6547303"/>
 <node id="3224636223" visible="true" version="2" changeset="78070695" timestamp="2019-12-06T20:09:07Z" user="ynx" uid="357374" lat="55.7208775" lon="37.6541925"/>
 <node id="3224636224" visible="true" version="1" changeset="27330476" timestamp="2014-12-08T10:18:58Z" user="ynx" uid="357374" lat="55.7228957" lon="37.6563825"/>
 <node id="3224636227" visible="true" version="1" changeset="27330476" timestamp="2014-12-08T10:18:58Z" user="ynx" uid="357374" lat="55.7225988" lon="37.6562236"/>
 <node id="3224636229" visible="true" version="1" changeset="27330476" timestamp="2014-12-08T10:18:58Z" user="ynx" uid="357374" lat="55.7207521" lon="37.6538854"/>
 <node id="3224636231" visible="true" version="1" changeset="27330476" timestamp="2014-12-08T10:18:58Z" user="ynx" uid="357374" lat="55.7227873" lon="37.6563245"/>
 <node id="3224636232" visible="true" version="1" changeset="27330476" timestamp="2014-12-08T10:18:58Z" user="ynx" uid="357374" lat="55.7210225" lon="37.6544513"/>
 <node id="3224636238" visible="true" version="1" changeset="27330476" timestamp="2014-12-08T10:18:58Z" user="ynx" uid="357374" lat="55.7213443" lon="37.6549878"/>
 <node id="3224636241" visible="true" version="1" changeset="27330476" timestamp="2014-12-08T10:18:58Z" user="ynx" uid="357374" lat="55.7221207" lon="37.6558863"/>
 <node id="3224636242" visible="true" version="1" changeset="27330476" timestamp="2014-12-08T10:18:58Z" user="ynx" uid="357374" lat="55.7218987" lon="37.6556637"/>
 <node id="3224636243" visible="true" version="1" changeset="27330476" timestamp="2014-12-08T10:18:58Z" user="ynx" uid="357374" lat="55.7223081" lon="37.6560339"/>
 <node id="3224636244" visible="true" version="1" changeset="27330476" timestamp="2014-12-08T10:18:58Z" user="ynx" uid="357374" lat="55.7206433" lon="37.6536252"/>
 <node id="3224637480" visible="true" version="2" changeset="27330574" timestamp="2014-12-08T10:23:04Z" user="ynx" uid="357374" lat="55.7149483" lon="37.6472177"/>
 <node id="3224643102" visible="true" version="1" changeset="27330574" timestamp="2014-12-08T10:23:03Z" user="ynx" uid="357374" lat="55.7212218" lon="37.6548908"/>
 <node id="3224643103" visible="true" version="1" changeset="27330574" timestamp="2014-12-08T10:23:03Z" user="ynx" uid="357374" lat="55.7219281" lon="37.6557777"/>
 <node id="3224643104" visible="true" version="1" changeset="27330574" timestamp="2014-12-08T10:23:03Z" user="ynx" uid="357374" lat="55.7226571" lon="37.6563271"/>
 <node id="3224656566" visible="true" version="1" changeset="27330717" timestamp="2014-12-08T10:34:14Z" user="ynx" uid="357374" lat="55.7094572" lon="37.6482130"/>
 <node id="3224656567" visible="true" version="1" changeset="27330717" timestamp="2014-12-08T10:34:14Z" user="ynx" uid="357374" lat="55.7076819" lon="37.6411774"/>
 <node id="3224656568" visible="true" version="1" changeset="27330717" timestamp="2014-12-08T10:34:14Z" user="ynx" uid="357374" lat="55.7076711" lon="37.6423482"/>
 <node id="3224656570" visible="true" version="1" changeset="27330717" timestamp="2014-12-08T10:34:14Z" user="ynx" uid="357374" lat="55.7081072" lon="37.6454035"/>
 <node id="3224656574" visible="true" version="1" changeset="27330717" timestamp="2014-12-08T10:34:14Z" user="ynx" uid="357374" lat="55.7079347" lon="37.6446004"/>
 <node id="3224849240" visible="true" version="2" changeset="28115358" timestamp="2015-01-13T16:26:15Z" user="ynx" uid="357374" lat="55.7214216" lon="37.6528385"/>
 <node id="3224849243" visible="true" version="1" changeset="27333817" timestamp="2014-12-08T13:23:26Z" user="ynx" uid="357374" lat="55.7220043" lon="37.6536382"/>
 <node id="3224849244" visible="true" version="1" changeset="27333817" timestamp="2014-12-08T13:23:26Z" user="ynx" uid="357374" lat="55.7217550" lon="37.6538233"/>
 <node id="3224849245" visible="true" version="1" changeset="27333817" timestamp="2014-12-08T13:23:26Z" user="ynx" uid="357374" lat="55.7218031" lon="37.6530974"/>
 <node id="3225084798" visible="true" version="1" changeset="27337436" timestamp="2014-12-08T16:27:58Z" user="ynx" uid="357374" lat="55.6877421" lon="37.6291958"/>
 <node id="3225084799" visible="true" version="1" changeset="27337436" timestamp="2014-12-08T16:27:58Z" user="ynx" uid="357374" lat="55.6907345" lon="37.6279043"/>
 <node id="3225084804" visible="true" version="1" changeset="27337436" timestamp="2014-12-08T16:27:58Z" user="ynx" uid="357374" lat="55.6900026" lon="37.6281361"/>
 <node id="3225084805" visible="true" version="2" changeset="36996191" timestamp="2016-02-04T11:49:13Z" user="ynx" uid="357374" lat="55.6890115" lon="37.6285304"/>
 <node id="3225084809" visible="true" version="1" changeset="27337436" timestamp="2014-12-08T16:27:58Z" user="ynx" uid="357374" lat="55.6906827" lon="37.6278167"/>
 <node id="3225084810" visible="true" version="1" changeset="27337436" timestamp="2014-12-08T16:27:58Z" user="ynx" uid="357374" lat="55.6907203" lon="37.6278032"/>
 <node id="3251936922" visible="true" version="1" changeset="27688500" timestamp="2014-12-25T12:41:47Z" user="ynx" uid="357374" lat="55.7308960" lon="37.6496317"/>
 <node id="3302535044" visible="true" version="2" changeset="39301923" timestamp="2016-05-13T21:57:31Z" user="ynx" uid="357374" lat="55.7227092" lon="37.6528118"/>
 <node id="3302535045" visible="true" version="2" changeset="39301923" timestamp="2016-05-13T21:57:31Z" user="ynx" uid="357374" lat="55.7226432" lon="37.6528592"/>
 <node id="3302535048" visible="true" version="1" changeset="28307585" timestamp="2015-01-21T14:37:54Z" user="ynx" uid="357374" lat="55.7223903" lon="37.6535085"/>
 <node id="3306075510" visible="true" version="1" changeset="28352827" timestamp="2015-01-23T16:06:42Z" user="ynx" uid="357374" lat="55.6835376" lon="37.6367183"/>
 <node id="3306090063" visible="true" version="1" changeset="28353113" timestamp="2015-01-23T16:19:04Z" user="ynx" uid="357374" lat="55.7073886" lon="37.6285603"/>
 <node id="3306090064" visible="true" version="1" changeset="28353113" timestamp="2015-01-23T16:19:04Z" user="ynx" uid="357374" lat="55.7086467" lon="37.6333378"/>
 <node id="3306090065" visible="true" version="1" changeset="28353113" timestamp="2015-01-23T16:19:04Z" user="ynx" uid="357374" lat="55.7085378" lon="37.6322668"/>
 <node id="3306090067" visible="true" version="1" changeset="28353113" timestamp="2015-01-23T16:19:04Z" user="ynx" uid="357374" lat="55.7086641" lon="37.6343622"/>
 <node id="3306090068" visible="true" version="1" changeset="28353113" timestamp="2015-01-23T16:19:04Z" user="ynx" uid="357374" lat="55.7083792" lon="37.6313439"/>
 <node id="3306090069" visible="true" version="1" changeset="28353113" timestamp="2015-01-23T16:19:04Z" user="ynx" uid="357374" lat="55.7077453" lon="37.6292534"/>
 <node id="3306090070" visible="true" version="1" changeset="28353113" timestamp="2015-01-23T16:19:04Z" user="ynx" uid="357374" lat="55.7085710" lon="37.6356840"/>
 <node id="3306090071" visible="true" version="1" changeset="28353113" timestamp="2015-01-23T16:19:04Z" user="ynx" uid="357374" lat="55.7084943" lon="37.6363264"/>
 <node id="3306090075" visible="true" version="1" changeset="28353113" timestamp="2015-01-23T16:19:04Z" user="ynx" uid="357374" lat="55.7077662" lon="37.6403031"/>
 <node id="3329807046" visible="true" version="2" changeset="36996191" timestamp="2016-02-04T11:49:14Z" user="ynx" uid="357374" lat="55.6890879" lon="37.6284144"/>
 <node id="3429743175" visible="true" version="2" changeset="29899061" timestamp="2015-04-01T08:30:50Z" user="user_610278" uid="610278" lat="55.7244247" lon="37.6551010"/>
 <node id="3429743176" visible="true" version="2" changeset="60288119" timestamp="2018-06-29T19:46:59Z" user="ynx" uid="357374" lat="55.7236730" lon="37.6560657"/>
 <node id="3429743177" visible="true" version="1" changeset="29898687" timestamp="2015-04-01T08:10:55Z" user="user_610278" uid="610278" lat="55.7241966" lon="37.6552534"/>
 <node id="3429743178" visible="true" version="1" changeset="29898687" timestamp="2015-04-01T08:10:55Z" user="user_610278" uid="610278" lat="55.7242963" lon="37.6549718"/>
 <node id="3429743179" visible="true" version="1" changeset="29898687" timestamp="2015-04-01T08:10:55Z" user="user_610278" uid="610278" lat="55.7239881" lon="37.6552185"/>
 <node id="3429789015" visible="true" version="1" changeset="29898998" timestamp="2015-04-01T08:28:21Z" user="user_610278" uid="610278" lat="55.7237705" lon="37.6558468"/>
 <node id="3827549714" visible="true" version="2" changeset="40459492" timestamp="2016-07-03T14:26:01Z" user="ynx" uid="357374" lat="55.7010173" lon="37.6264819"/>
 <node id="3827549730" visible="true" version="1" changeset="35202214" timestamp="2015-11-09T21:02:19Z" user="augxcgrwxo" uid="371263" lat="55.7021929" lon="37.6265971"/>
 <node id="3827549747" visible="true" version="1" changeset="35202214" timestamp="2015-11-09T21:02:19Z" user="augxcgrwxo" uid="371263" lat="55.7033788" lon="37.6266851"/>
 <node id="3881894477" visible="true" version="1" changeset="35807150" timestamp="2015-12-07T14:13:03Z" user="Alex-B-Fox" uid="3431863" lat="55.7227154" lon="37.6591633"/>
 <node id="3881894478" visible="true" version="1" changeset="35807150" timestamp="2015-12-07T14:13:03Z" user="Alex-B-Fox" uid="3431863" lat="55.7226637" lon="37.6591311"/>
 <node id="3891822524" visible="true" version="2" changeset="44450552" timestamp="2016-12-16T15:35:27Z" user="ynx" uid="357374" lat="55.7211676" lon="37.6498233"/>
 <node id="3891822525" visible="true" version="2" changeset="44450552" timestamp="2016-12-16T15:35:27Z" user="ynx" uid="357374" lat="55.7211224" lon="37.6499571"/>
 <node id="3891822528" visible="true" version="2" changeset="44450552" timestamp="2016-12-16T15:35:27Z" user="ynx" uid="357374" lat="55.7215788" lon="37.6491834"/>
 <node id="3891822529" visible="true" version="2" changeset="36874444" timestamp="2016-01-29T08:30:56Z" user="ynx" uid="357374" lat="55.7217195" lon="37.6491331"/>
 <node id="3967990271" visible="true" version="2" changeset="36996356" timestamp="2016-02-04T11:57:48Z" user="ynx" uid="357374" lat="55.7213307" lon="37.6532150">
  <tag k="barrier" v="lift_gate"/>
 </node>
 <node id="3971347606" visible="true" version="1" changeset="36839207" timestamp="2016-01-27T15:28:23Z" user="ynx" uid="357374" lat="55.7225686" lon="37.6527598"/>
 <node id="3971347607" visible="true" version="1" changeset="36839207" timestamp="2016-01-27T15:28:23Z" user="ynx" uid="357374" lat="55.7226208" lon="37.6526230"/>
 <node id="3973143578" visible="true" version="3" changeset="41616215" timestamp="2016-08-22T14:38:28Z" user="ynx" uid="357374" lat="55.7237221" lon="37.6515090"/>
 <node id="3973264959" visible="true" version="1" changeset="36853181" timestamp="2016-01-28T09:51:02Z" user="ynx" uid="357374" lat="55.7233296" lon="37.6525983">
  <tag k="traffic_calming" v="bump"/>
 </node>
 <node id="3987843497" visible="true" version="1" changeset="36996191" timestamp="2016-02-04T11:49:12Z" user="ynx" uid="357374" lat="55.6890387" lon="37.6285096"/>
 <node id="3987852116" visible="true" version="1" changeset="36996303" timestamp="2016-02-04T11:55:14Z" user="ynx" uid="357374" lat="55.7227145" lon="37.6526468"/>
 <node id="3987857957" visible="true" version="1" changeset="36996356" timestamp="2016-02-04T11:57:48Z" user="ynx" uid="357374" lat="55.7212721" lon="37.6532383"/>
 <node id="3987857958" visible="true" version="1" changeset="36996356" timestamp="2016-02-04T11:57:48Z" user="ynx" uid="357374" lat="55.7212895" lon="37.6531975"/>
 <node id="3987857959" visible="true" version="1" changeset="36996356" timestamp="2016-02-04T11:57:48Z" user="ynx" uid="357374" lat="55.7212534" lon="37.6532090"/>
 <node id="3987857960" visible="true" version="1" changeset="36996356" timestamp="2016-02-04T11:57:48Z" user="ynx" uid="357374" lat="55.7212712" lon="37.6531690"/>
 <node id="4157187692" visible="true" version="2" changeset="40678329" timestamp="2016-07-12T11:23:57Z" user="ynx" uid="357374" lat="55.7214477" lon="37.6545648"/>
 <node id="4157187693" visible="true" version="2" changeset="53130685" timestamp="2017-10-21T15:15:11Z" user="ynx" uid="357374" lat="55.7212163" lon="37.6542137"/>
 <node id="4157187694" visible="true" version="2" changeset="40678329" timestamp="2016-07-12T11:23:57Z" user="ynx" uid="357374" lat="55.7209372" lon="37.6537095"/>
 <node id="4171918459" visible="true" version="2" changeset="60288119" timestamp="2018-06-29T19:46:59Z" user="ynx" uid="357374" lat="55.7236312" lon="37.6562007"/>
 <node id="4171918460" visible="true" version="4" changeset="60699150" timestamp="2018-07-13T20:06:26Z" user="ynx" uid="357374" lat="55.7234511" lon="37.6561699"/>
 <node id="4171918461" visible="true" version="5" changeset="60699150" timestamp="2018-07-13T20:06:26Z" user="ynx" uid="357374" lat="55.7230142" lon="37.6560285"/>
 <node id="4171918462" visible="true" version="3" changeset="60699150" timestamp="2018-07-13T20:06:26Z" user="ynx" uid="357374" lat="55.7226168" lon="37.6558382"/>
 <node id="4171918463" visible="true" version="4" changeset="60357610" timestamp="2018-07-02T19:45:45Z" user="ynx" uid="357374" lat="55.7228381" lon="37.6559753"/>
 <node id="4181637907" visible="true" version="1" changeset="39274471" timestamp="2016-05-12T17:57:14Z" user="ynx" uid="357374" lat="55.7208850" lon="37.6527976"/>
 <node id="4181637914" visible="true" version="2" changeset="66549490" timestamp="2019-01-22T20:06:14Z" user="ynx" uid="357374" lat="55.7208908" lon="37.6536202"/>
 <node id="4181637915" visible="true" version="3" changeset="73514348" timestamp="2019-08-19T20:32:23Z" user="ynx" uid="357374" lat="55.7199986" lon="37.6514101"/>
 <node id="4181637916" visible="true" version="1" changeset="39274471" timestamp="2016-05-12T17:57:14Z" user="ynx" uid="357374" lat="55.7198853" lon="37.6511310"/>
 <node id="4184379797" visible="true" version="2" changeset="71231472" timestamp="2019-06-13T20:34:34Z" user="ynx" uid="357374" lat="55.7199788" lon="37.6513627"/>
 <node id="4210981755" visible="true" version="2" changeset="60288119" timestamp="2018-06-29T19:46:59Z" user="ynx" uid="357374" lat="55.7240651" lon="37.6561491"/>
 <node id="4244590608" visible="true" version="1" changeset="40041267" timestamp="2016-06-15T15:42:46Z" user="ynx" uid="357374" lat="55.7227229" lon="37.6488911">
  <tag k="barrier" v="gate"/>
 </node>
 <node id="4248760029" visible="true" version="1" changeset="40098505" timestamp="2016-06-17T16:21:29Z" user="ynx" uid="357374" lat="55.7236617" lon="37.6559478"/>
 <node id="4248760030" visible="true" version="1" changeset="40098505" timestamp="2016-06-17T16:21:29Z" user="ynx" uid="357374" lat="55.7236358" lon="37.6559288"/>
 <node id="4248760031" visible="true" version="2" changeset="60699150" timestamp="2018-07-13T20:06:26Z" user="ynx" uid="357374" lat="55.7234631" lon="37.6559233"/>
 <node id="4251248894" visible="true" version="1" changeset="40123140" timestamp="2016-06-18T20:16:14Z" user="ynx" uid="357374" lat="55.7261251" lon="37.6557292"/>
 <node id="4251248895" visible="true" version="1" changeset="40123140" timestamp="2016-06-18T20:16:15Z" user="ynx" uid="357374" lat="55.7270206" lon="37.6550578"/>
 <node id="4268665997" visible="true" version="1" changeset="40329093" timestamp="2016-06-27T19:37:17Z" user="ynx" uid="357374" lat="55.7231104" lon="37.6532355"/>
 <node id="4268679224" visible="true" version="1" changeset="40329190" timestamp="2016-06-27T19:41:48Z" user="ynx" uid="357374" lat="55.7211735" lon="37.6532567"/>
 <node id="4280337789" visible="true" version="1" changeset="40459492" timestamp="2016-07-03T14:26:00Z" user="ynx" uid="357374" lat="55.6977889" lon="37.6263081"/>
 <node id="4296605245" visible="true" version="1" changeset="40651655" timestamp="2016-07-11T14:26:32Z" user="ynx" uid="357374" lat="55.7226478" lon="37.6557134"/>
 <node id="4296605246" visible="true" version="2" changeset="60699150" timestamp="2018-07-13T20:06:26Z" user="ynx" uid="357374" lat="55.7228961" lon="37.6558479"/>
 <node id="4298098115" visible="true" version="2" changeset="60699150" timestamp="2018-07-13T20:06:27Z" user="ynx" uid="357374" lat="55.7220982" lon="37.6554528"/>
 <node id="4298098116" visible="true" version="1" changeset="40678329" timestamp="2016-07-12T11:23:56Z" user="ynx" uid="357374" lat="55.7216859" lon="37.6550220"/>
 <node id="4298098118" visible="true" version="1" changeset="40678329" timestamp="2016-07-12T11:23:56Z" user="ynx" uid="357374" lat="55.7221064" lon="37.6552691"/>
 <node id="4298098120" visible="true" version="3" changeset="60699150" timestamp="2018-07-13T20:06:26Z" user="ynx" uid="357374" lat="55.7226223" lon="37.6558112"/>
 <node id="4298098121" visible="true" version="1" changeset="40678329" timestamp="2016-07-12T11:23:56Z" user="ynx" uid="357374" lat="55.7218662" lon="37.6552411"/>
 <node id="4298098122" visible="true" version="1" changeset="40678329" timestamp="2016-07-12T11:23:56Z" user="ynx" uid="357374" lat="55.7217781" lon="37.6551341"/>
 <node id="4298098123" visible="true" version="1" changeset="40678329" timestamp="2016-07-12T11:23:56Z" user="ynx" uid="357374" lat="55.7218044" lon="37.6550550"/>
 <node id="4298098124" visible="true" version="1" changeset="40678329" timestamp="2016-07-12T11:23:56Z" user="ynx" uid="357374" lat="55.7209732" lon="37.6537575"/>
 <node id="4298106405" visible="true" version="2" changeset="91902596" timestamp="2020-10-03T13:32:51Z" user="hitsmart" uid="10079665" lat="55.7212368" lon="37.6536584">
  <tag k="addr:flats" v="65-96"/>
  <tag k="entrance" v="staircase"/>
  <tag k="ref" v="3"/>
 </node>
 <node id="4298106406" visible="true" version="2" changeset="91902596" timestamp="2020-10-03T13:32:51Z" user="hitsmart" uid="10079665" lat="55.7213557" lon="37.6538795">
  <tag k="addr:flats" v="33-64"/>
  <tag k="entrance" v="staircase"/>
  <tag k="ref" v="2"/>
 </node>
 <node id="4298106407" visible="true" version="2" changeset="91902596" timestamp="2020-10-03T13:32:51Z" user="hitsmart" uid="10079665" lat="55.7214772" lon="37.6541055">
  <tag k="addr:flats" v="1-32"/>
  <tag k="entrance" v="staircase"/>
  <tag k="ref" v="1"/>
 </node>
 <node id="4298106408" visible="true" version="1" changeset="40678401" timestamp="2016-07-12T11:28:28Z" user="ynx" uid="357374" lat="55.7212875" lon="37.6535710"/>
 <node id="4298106409" visible="true" version="1" changeset="40678401" timestamp="2016-07-12T11:28:28Z" user="ynx" uid="357374" lat="55.7214039" lon="37.6537908"/>
 <node id="4298106410" visible="true" version="1" changeset="40678401" timestamp="2016-07-12T11:28:28Z" user="ynx" uid="357374" lat="55.7215246" lon="37.6540190"/>
 <node id="4298106411" visible="true" version="1" changeset="40678401" timestamp="2016-07-12T11:28:28Z" user="ynx" uid="357374" lat="55.7210213" lon="37.6534144"/>
 <node id="4298106412" visible="true" version="1" changeset="40678401" timestamp="2016-07-12T11:28:28Z" user="ynx" uid="357374" lat="55.7210658" lon="37.6531650"/>
 <node id="4298106413" visible="true" version="1" changeset="40678401" timestamp="2016-07-12T11:28:28Z" user="ynx" uid="357374" lat="55.7209042" lon="37.6527733"/>
 <node id="4326909195" visible="true" version="1" changeset="41110402" timestamp="2016-07-29T14:05:41Z" user="ynx" uid="357374" lat="55.7212531" lon="37.6530163"/>
 <node id="4326909196" visible="true" version="2" changeset="60444314" timestamp="2018-07-05T18:17:32Z" user="ynx" uid="357374" lat="55.7227351" lon="37.6504955"/>
 <node id="4326909197" visible="true" version="1" changeset="41110402" timestamp="2016-07-29T14:05:41Z" user="ynx" uid="357374" lat="55.7230028" lon="37.6512901"/>
 <node id="4326909198" visible="true" version="1" changeset="41110402" timestamp="2016-07-29T14:05:42Z" user="ynx" uid="357374" lat="55.7229385" lon="37.6514717"/>
 <node id="4361662778" visible="true" version="2" changeset="62230038" timestamp="2018-09-02T21:35:23Z" user="ynx" uid="357374" lat="55.7237993" lon="37.6564152"/>
 <node id="4361662780" visible="true" version="1" changeset="41616094" timestamp="2016-08-22T14:32:20Z" user="ynx" uid="357374" lat="55.7235364" lon="37.6565690"/>
 <node id="4361662781" visible="true" version="1" changeset="41616094" timestamp="2016-08-22T14:32:20Z" user="ynx" uid="357374" lat="55.7236807" lon="37.6565821"/>
 <node id="4361662782" visible="true" version="1" changeset="41616094" timestamp="2016-08-22T14:32:20Z" user="ynx" uid="357374" lat="55.7235780" lon="37.6566158"/>
 <node id="4361662783" visible="true" version="1" changeset="41616094" timestamp="2016-08-22T14:32:20Z" user="ynx" uid="357374" lat="55.7239809" lon="37.6566224"/>
 <node id="4466051250" visible="true" version="1" changeset="43212729" timestamp="2016-10-27T09:09:39Z" user="ynx" uid="357374" lat="55.7213967" lon="37.6530505">
  <tag k="barrier" v="lift_gate"/>
 </node>
 <node id="4803595820" visible="true" version="1" changeset="47936457" timestamp="2017-04-19T12:06:43Z" user="Zverik" uid="290271" lat="55.7235385" lon="37.6577085"/>
 <node id="4811482136" visible="true" version="1" changeset="48059988" timestamp="2017-04-23T13:11:59Z" user="Zverik" uid="290271" lat="55.7073425" lon="37.6284970"/>
 <node id="4811855832" visible="true" version="1" changeset="48066442" timestamp="2017-04-23T17:12:22Z" user="Zverik" uid="290271" lat="55.7256391" lon="37.6560594"/>
 <node id="4814227346" visible="true" version="1" changeset="48103549" timestamp="2017-04-24T21:24:33Z" user="Zverik" uid="290271" lat="55.6838960" lon="37.6346457"/>
 <node id="5238636736" visible="true" version="2" changeset="188566449" timestamp="2026-09-05T11:19:13Z" user="literan" uid="830106" lat="55.7232185" lon="37.6589399"/>
 <node id="5238636749" visible="true" version="1" changeset="53935514" timestamp="2017-11-19T23:09:02Z" user="aralin" uid="3707897" lat="55.7226287" lon="37.6591087"/>
 <node id="5238653566" visible="true" version="1" changeset="53935776" timestamp="2017-11-19T23:36:24Z" user="aralin" uid="3707897" lat="55.7198288" lon="37.6559716"/>
 <node id="5238653574" visible="true" version="1" changeset="53935776" timestamp="2017-11-19T23:36:24Z" user="aralin" uid="3707897" lat="55.7195407" lon="37.6553920"/>
 <node id="5238653575" visible="true" version="1" changeset="53935776" timestamp="2017-11-19T23:36:24Z" user="aralin" uid="3707897" lat="55.7193855" lon="37.6550202"/>
 <node id="5347790602" visible="true" version="1" changeset="55559994" timestamp="2018-01-18T20:15:57Z" user="ynx" uid="357374" lat="55.7219447" lon="37.6528430"/>
 <node id="5347790603" visible="true" version="1" changeset="55559994" timestamp="2018-01-18T20:15:57Z" user="ynx" uid="357374" lat="55.7220391" lon="37.6529342"/>
 <node id="5347790604" visible="true" version="1" changeset="55559994" timestamp="2018-01-18T20:15:57Z" user="ynx" uid="357374" lat="55.7220570" lon="37.6528687"/>
 <node id="5347790605" visible="true" version="1" changeset="55559994" timestamp="2018-01-18T20:15:57Z" user="ynx" uid="357374" lat="55.7219671" lon="37.6527754"/>
 <node id="5347790606" visible="true" version="1" changeset="55559994" timestamp="2018-01-18T20:15:57Z" user="ynx" uid="357374" lat="55.7219131" lon="37.6529721"/>
 <node id="5347790608" visible="true" version="1" changeset="55559994" timestamp="2018-01-18T20:15:57Z" user="ynx" uid="357374" lat="55.7217130" lon="37.6525146"/>
 <node id="5347790609" visible="true" version="1" changeset="55559994" timestamp="2018-01-18T20:15:57Z" user="ynx" uid="357374" lat="55.7216613" lon="37.6523135"/>
 <node id="5347790610" visible="true" version="1" changeset="55559994" timestamp="2018-01-18T20:15:57Z" user="ynx" uid="357374" lat="55.7217053" lon="37.6523697"/>
 <node id="5347790611" visible="true" version="1" changeset="55559994" timestamp="2018-01-18T20:15:57Z" user="ynx" uid="357374" lat="55.7216001" lon="37.6525421"/>
 <node id="5347790612" visible="true" version="1" changeset="55559994" timestamp="2018-01-18T20:15:57Z" user="ynx" uid="357374" lat="55.7215716" lon="37.6524979"/>
 <node id="5347790613" visible="true" version="1" changeset="55559994" timestamp="2018-01-18T20:15:57Z" user="ynx" uid="357374" lat="55.7216478" lon="37.6524256"/>
 <node id="5347790614" visible="true" version="1" changeset="55559994" timestamp="2018-01-18T20:15:57Z" user="ynx" uid="357374" lat="55.7212778" lon="37.6532465"/>
 <node id="5567780272" visible="true" version="3" changeset="73514348" timestamp="2019-08-19T20:32:23Z" user="ynx" uid="357374" lat="55.7212558" lon="37.6528765"/>
 <node id="5567780280" visible="true" version="1" changeset="58278112" timestamp="2018-04-20T22:24:36Z" user="ynx" uid="357374" lat="55.7218092" lon="37.6534299"/>
 <node id="5567780281" visible="true" version="1" changeset="58278112" timestamp="2018-04-20T22:24:36Z" user="ynx" uid="357374" lat="55.7221860" lon="37.6528737"/>
 <node id="5567780282" visible="true" version="1" changeset="58278112" timestamp="2018-04-20T22:24:36Z" user="ynx" uid="357374" lat="55.7221375" lon="37.6530279"/>
 <node id="5567780283" visible="true" version="1" changeset="58278112" timestamp="2018-04-20T22:24:36Z" user="ynx" uid="357374" lat="55.7223178" lon="37.6530212"/>
 <node id="5567780284" visible="true" version="1" changeset="58278112" timestamp="2018-04-20T22:24:36Z" user="ynx" uid="357374" lat="55.7222665" lon="37.6531622"/>
 <node id="5567780286" visible="true" version="1" changeset="58278112" timestamp="2018-04-20T22:24:36Z" user="ynx" uid="357374" lat="55.7223928" lon="37.6534088"/>
 <node id="5567780287" visible="true" version="1" changeset="58278112" timestamp="2018-04-20T22:24:36Z" user="ynx" uid="357374" lat="55.7219114" lon="37.6545271"/>
 <node id="5567780288" visible="true" version="1" changeset="58278112" timestamp="2018-04-20T22:24:36Z" user="ynx" uid="357374" lat="55.7219818" lon="37.6546106"/>
 <node id="5567780289" visible="true" version="1" changeset="58278112" timestamp="2018-04-20T22:24:36Z" user="ynx" uid="357374" lat="55.7223796" lon="37.6535518"/>
 <node id="5567780290" visible="true" version="1" changeset="58278112" timestamp="2018-04-20T22:24:36Z" user="ynx" uid="357374" lat="55.7223092" lon="37.6534684"/>
 <node id="5567780291" visible="true" version="1" changeset="58278112" timestamp="2018-04-20T22:24:36Z" user="ynx" uid="357374" lat="55.7224394" lon="37.6532191"/>
 <node id="5729028485" visible="true" version="1" changeset="60288119" timestamp="2018-06-29T19:46:59Z" user="ynx" uid="357374" lat="55.7239896" lon="37.6561879"/>
 <node id="5734928156" visible="true" version="1" changeset="60357610" timestamp="2018-07-02T19:45:44Z" user="ynx" uid="357374" lat="55.7232441" lon="37.6561233"/>
 <node id="5741921790" visible="true" version="1" changeset="60444314" timestamp="2018-07-05T18:17:30Z" user="ynx" uid="357374" lat="55.7222889" lon="37.6491013"/>
 <node id="5741921791" visible="true" version="1" changeset="60444314" timestamp="2018-07-05T18:17:30Z" user="ynx" uid="357374" lat="55.7223131" lon="37.6490501"/>
 <node id="5741921792" visible="true" version="1" changeset="60444314" timestamp="2018-07-05T18:17:30Z" user="ynx" uid="357374" lat="55.7233056" lon="37.6518863"/>
 <node id="5741921793" visible="true" version="1" changeset="60444314" timestamp="2018-07-05T18:17:30Z" user="ynx" uid="357374" lat="55.7234252" lon="37.6515216"/>
 <node id="5759318918" visible="true" version="1" changeset="60699150" timestamp="2018-07-13T20:06:26Z" user="ynx" uid="357374" lat="55.7229507" lon="37.6558481"/>
 <node id="5759318919" visible="true" version="1" changeset="60699150" timestamp="2018-07-13T20:06:26Z" user="ynx" uid="357374" lat="55.7229437" lon="37.6558872"/>
 <node id="5759318920" visible="true" version="1" changeset="60699150" timestamp="2018-07-13T20:06:26Z" user="ynx" uid="357374" lat="55.7229238" lon="37.6558760"/>
 <node id="5759324221" visible="true" version="1" changeset="60699150" timestamp="2018-07-13T20:06:26Z" user="ynx" uid="357374" lat="55.7229308" lon="37.6558369"/>
 <node id="5759324222" visible="true" version="2" changeset="181252137" timestamp="2026-04-12T23:15:41Z" user="neo-plan" uid="363136" lat="55.7230197" lon="37.6559878"/>
 <node id="5759324223" visible="true" version="1" changeset="60699150" timestamp="2018-07-13T20:06:26Z" user="ynx" uid="357374" lat="55.7230255" lon="37.6559439"/>
 <node id="5759324224" visible="true" version="1" changeset="60699150" timestamp="2018-07-13T20:06:26Z" user="ynx" uid="357374" lat="55.7233945" lon="37.6559136"/>
 <node id="5759324225" visible="true" version="1" changeset="60699150" timestamp="2018-07-13T20:06:26Z" user="ynx" uid="357374" lat="55.7233949" lon="37.6561244"/>
 <node id="5759324226" visible="true" version="1" changeset="60699150" timestamp="2018-07-13T20:06:26Z" user="ynx" uid="357374" lat="55.7231827" lon="37.6560694"/>
 <node id="5759324227" visible="true" version="1" changeset="60699150" timestamp="2018-07-13T20:06:26Z" user="ynx" uid="357374" lat="55.7230897" lon="37.6560212"/>
 <node id="5759324228" visible="true" version="1" changeset="60699150" timestamp="2018-07-13T20:06:26Z" user="ynx" uid="357374" lat="55.7231006" lon="37.6559708"/>
 <node id="5759324229" visible="true" version="1" changeset="60699150" timestamp="2018-07-13T20:06:26Z" user="ynx" uid="357374" lat="55.7233960" lon="37.6559333"/>
 <node id="5759324230" visible="true" version="1" changeset="60699150" timestamp="2018-07-13T20:06:26Z" user="ynx" uid="357374" lat="55.7234071" lon="37.6559688"/>
 <node id="5759324231" visible="true" version="1" changeset="60699150" timestamp="2018-07-13T20:06:26Z" user="ynx" uid="357374" lat="55.7230471" lon="37.6558032"/>
 <node id="5773358060" visible="true" version="1" changeset="60909630" timestamp="2018-07-20T14:32:50Z" user="ynx" uid="357374" lat="55.7221063" lon="37.6485075"/>
 <node id="5773358063" visible="true" version="1" changeset="60909630" timestamp="2018-07-20T14:32:50Z" user="ynx" uid="357374" lat="55.7226931" lon="37.6488726"/>
 <node id="5790395367" visible="true" version="1" changeset="61128226" timestamp="2018-07-27T18:53:18Z" user="ynx" uid="357374" lat="55.7247933" lon="37.6501515"/>
 <node id="5790395368" visible="true" version="2" changeset="61242267" timestamp="2018-07-31T21:06:47Z" user="ynx" uid="357374" lat="55.7246576" lon="37.6505654">
  <tag k="highway" v="crossing"/>
 </node>
 <node id="5790395369" visible="true" version="1" changeset="61128226" timestamp="2018-07-27T18:53:18Z" user="ynx" uid="357374" lat="55.7240750" lon="37.6523249"/>
 <node id="5790395370" visible="true" version="2" changeset="123066498" timestamp="2022-07-01T03:32:56Z" user="Sergey Golyashov" uid="116283" lat="55.7231289" lon="37.6550303"/>
 <node id="5804777845" visible="true" version="7" changeset="141938746" timestamp="2023-09-30T07:11:45Z" user="augxcgrwxo" uid="371263" lat="55.7233358" lon="37.6363798">
  <tag k="button_operated" v="yes"/>
  <tag k="crossing" v="traffic_signals"/>
  <tag k="crossing:island" v="no"/>
  <tag k="highway" v="crossing"/>
  <tag k="tactile_paving" v="no"/>
  <tag k="traffic_signals" v="signal"/>
  <tag k="traffic_signals:direction" v="forward"/>
  <tag k="traffic_signals:sound" v="yes"/>
 </node>
 <node id="5876913517" visible="true" version="1" changeset="62230038" timestamp="2018-09-02T21:35:23Z" user="ynx" uid="357374" lat="55.7238461" lon="37.6562739"/>
 <node id="6010855147" visible="true" version="2" changeset="177965066" timestamp="2026-02-01T14:02:19Z" user="literan" uid="830106" lat="55.7207216" lon="37.6530280"/>
 <node id="6010855148" visible="true" version="2" changeset="177965066" timestamp="2026-02-01T14:02:19Z" user="literan" uid="830106" lat="55.7207849" lon="37.6531849"/>
 <node id="6010855149" visible="true" version="2" changeset="177965066" timestamp="2026-02-01T14:02:19Z" user="literan" uid="830106" lat="55.7209148" lon="37.6530197"/>
 <node id="6018895281" visible="true" version="2" changeset="74681056" timestamp="2019-09-19T15:43:17Z" user="Felis Pimeja" uid="260756" lat="55.7444894" lon="37.6013607"/>
 <node id="6018895282" visible="true" version="1" changeset="63943232" timestamp="2018-10-28T07:45:42Z" user="Антін Сартенченко" uid="571410" lat="55.7427552" lon="37.5963306"/>
 <node id="6018895283" visible="true" version="1" changeset="63943232" timestamp="2018-10-28T07:45:44Z" user="Антін Сартенченко" uid="571410" lat="55.7407259" lon="37.5915241"/>
 <node id="6018895284" visible="true" version="1" changeset="63943232" timestamp="2018-10-28T07:45:45Z" user="Антін Сартенченко" uid="571410" lat="55.7385999" lon="37.5861597"/>
 <node id="6018897052" visible="true" version="3" changeset="65421771" timestamp="2018-12-12T20:30:34Z" user="literan" uid="830106" lat="55.7578024" lon="37.5980258"/>
 <node id="6018897053" visible="true" version="1" changeset="63943232" timestamp="2018-10-28T07:45:38Z" user="Антін Сартенченко" uid="571410" lat="55.7540713" lon="37.6005578"/>
 <node id="6018897054" visible="true" version="1" changeset="63943232" timestamp="2018-10-28T07:45:39Z" user="Антін Сартенченко" uid="571410" lat="55.7486008" lon="37.5996566"/>
 <node id="6018897055" visible="true" version="1" changeset="63943232" timestamp="2018-10-28T07:45:40Z" user="Антін Сартенченко" uid="571410" lat="55.7454124" lon="37.6000428"/>
 <node id="6018897056" visible="true" version="1" changeset="63943232" timestamp="2018-10-28T07:45:41Z" user="Антін Сартенченко" uid="571410" lat="55.7441321" lon="37.6000213"/>
 <node id="6018897057" visible="true" version="1" changeset="63943232" timestamp="2018-10-28T07:45:43Z" user="Антін Сартенченко" uid="571410" lat="55.7418855" lon="37.5943780"/>
 <node id="6018897058" visible="true" version="1" changeset="63943232" timestamp="2018-10-28T07:45:44Z" user="Антін Сартенченко" uid="571410" lat="55.7402548" lon="37.5901508"/>
 <node id="6018897059" visible="true" version="1" changeset="63943232" timestamp="2018-10-28T07:45:45Z" user="Антін Сартенченко" uid="571410" lat="55.7373315" lon="37.5891423"/>
 <node id="6018897060" visible="true" version="1" changeset="63943232" timestamp="2018-10-28T07:45:47Z" user="Антін Сартенченко" uid="571410" lat="55.7317620" lon="37.5947642"/>
 <node id="6018897086" visible="true" version="1" changeset="63943232" timestamp="2018-10-28T07:46:14Z" user="Антін Сартенченко" uid="571410" lat="55.7222522" lon="37.6592874"/>
 <node id="6018897087" visible="true" version="1" changeset="63943232" timestamp="2018-10-28T07:46:19Z" user="Антін Сартенченко" uid="571410" lat="55.7374764" lon="37.6482153"/>
 <node id="6018897088" visible="true" version="1" changeset="63943232" timestamp="2018-10-28T07:46:20Z" user="Антін Сартенченко" uid="571410" lat="55.7420305" lon="37.6541805"/>
 <node id="6018897089" visible="true" version="1" changeset="63943232" timestamp="2018-10-28T07:46:21Z" user="Антін Сартенченко" uid="571410" lat="55.7431175" lon="37.6596308"/>
 <node id="6018897090" visible="true" version="1" changeset="63943232" timestamp="2018-10-28T07:46:22Z" user="Антін Сартенченко" uid="571410" lat="55.7454970" lon="37.6665401"/>
 <node id="6018897091" visible="true" version="1" changeset="63943232" timestamp="2018-10-28T07:46:25Z" user="Антін Сартенченко" uid="571410" lat="55.7471999" lon="37.6567554"/>
 <node id="6018897092" visible="true" version="1" changeset="63943232" timestamp="2018-10-28T07:46:26Z" user="Антін Сартенченко" uid="571410" lat="55.7500742" lon="37.6542878"/>
 <node id="6018901245" visible="true" version="1" changeset="63943232" timestamp="2018-10-28T07:45:36Z" user="Антін Сартенченко" uid="571410" lat="55.7597342" lon="37.5997424"/>
 <node id="6018901246" visible="true" version="1" changeset="63943232" timestamp="2018-10-28T07:45:37Z" user="Антін Сартенченко" uid="571410" lat="55.7554599" lon="37.5996995"/>
 <node id="6018901247" visible="true" version="1" changeset="63943232" timestamp="2018-10-28T07:45:38Z" user="Антін Сартенченко" uid="571410" lat="55.7511490" lon="37.6002359"/>
 <node id="6018901248" visible="true" version="1" changeset="63943232" timestamp="2018-10-28T07:45:40Z" user="Антін Сартенченко" uid="571410" lat="55.7466564" lon="37.5992274"/>
 <node id="6018902380" visible="true" version="1" changeset="63943232" timestamp="2018-10-28T07:46:25Z" user="Антін Сартенченко" uid="571410" lat="55.7470791" lon="37.6554894"/>
 <node id="6018902382" visible="true" version="1" changeset="63943232" timestamp="2018-10-28T07:46:26Z" user="Антін Сартенченко" uid="571410" lat="55.7499414" lon="37.6526141"/>
 <node id="6018902383" visible="true" version="2" changeset="67232721" timestamp="2019-02-15T16:58:24Z" user="samson" uid="490617" lat="55.7495187" lon="37.6478076"/>
 <node id="6018902403" visible="true" version="1" changeset="63943232" timestamp="2018-10-28T07:45:37Z" user="Антін Сартенченко" uid="571410" lat="55.7574401" lon="37.5981116"/>
 <node id="6018902404" visible="true" version="1" changeset="63943232" timestamp="2018-10-28T07:45:38Z" user="Антін Сартенченко" uid="571410" lat="55.7521151" lon="37.6006436"/>
 <node id="6018902405" visible="true" version="1" changeset="63943232" timestamp="2018-10-28T07:45:39Z" user="Антін Сартенченко" uid="571410" lat="55.7472603" lon="37.5993347"/>
 <node id="6018902406" visible="true" version="2" changeset="74681056" timestamp="2019-09-19T15:43:17Z" user="Felis Pimeja" uid="260756" lat="55.7446223" lon="37.6016182"/>
 <node id="6018902407" visible="true" version="1" changeset="63943232" timestamp="2018-10-28T07:45:42Z" user="Антін Сартенченко" uid="571410" lat="55.7434437" lon="37.5980472"/>
 <node id="6018902408" visible="true" version="1" changeset="63943232" timestamp="2018-10-28T07:45:43Z" user="Антін Сартенченко" uid="571410" lat="55.7411849" lon="37.5927901"/>
 <node id="6018902409" visible="true" version="1" changeset="63943232" timestamp="2018-10-28T07:45:45Z" user="Антін Сартенченко" uid="571410" lat="55.7396146" lon="37.5885844"/>
 <node id="6018902410" visible="true" version="1" changeset="63943232" timestamp="2018-10-28T07:45:46Z" user="Антін Сартенченко" uid="571410" lat="55.7358697" lon="37.5931334"/>
 <node id="6018902411" visible="true" version="1" changeset="63943232" timestamp="2018-10-28T07:45:47Z" user="Антін Сартенченко" uid="571410" lat="55.7271343" lon="37.5915026"/>
 <node id="6018902412" visible="true" version="1" changeset="63943232" timestamp="2018-10-28T07:45:48Z" user="Антін Сартенченко" uid="571410" lat="55.7232915" lon="37.5876832"/>
 <node id="6018902413" visible="true" version="1" changeset="63943232" timestamp="2018-10-28T07:45:49Z" user="Антін Сартенченко" uid="571410" lat="55.7188078" lon="37.5827265"/>
 <node id="6018902414" visible="true" version="1" changeset="63943232" timestamp="2018-10-28T07:45:50Z" user="Антін Сартенченко" uid="571410" lat="55.7147829" lon="37.5808811"/>
 <node id="6018902415" visible="true" version="1" changeset="63943232" timestamp="2018-10-28T07:45:52Z" user="Антін Сартенченко" uid="571410" lat="55.7161125" lon="37.5832200"/>
 <node id="6018902416" visible="true" version="1" changeset="63943232" timestamp="2018-10-28T07:45:52Z" user="Антін Сартенченко" uid="571410" lat="55.7187836" lon="37.5868678"/>
 <node id="6018902417" visible="true" version="1" changeset="63943232" timestamp="2018-10-28T07:45:53Z" user="Антін Сартенченко" uid="571410" lat="55.7196901" lon="37.5876832"/>
 <node id="6018902418" visible="true" version="1" changeset="63943232" timestamp="2018-10-28T07:45:55Z" user="Антін Сартенченко" uid="571410" lat="55.7216479" lon="37.5901937"/>
 <node id="6018902420" visible="true" version="1" changeset="63943232" timestamp="2018-10-28T07:45:58Z" user="Антін Сартенченко" uid="571410" lat="55.7292247" lon="37.5973391"/>
 <node id="6018902560" visible="true" version="1" changeset="63943232" timestamp="2018-10-28T07:45:47Z" user="Антін Сартенченко" uid="571410" lat="55.7261917" lon="37.5907302"/>
 <node id="6018902561" visible="true" version="1" changeset="63943232" timestamp="2018-10-28T07:45:48Z" user="Антін Сартенченко" uid="571410" lat="55.7219622" lon="37.5863099"/>
 <node id="6018902562" visible="true" version="1" changeset="63943232" timestamp="2018-10-28T07:45:49Z" user="Антін Сартенченко" uid="571410" lat="55.7171157" lon="37.5803232"/>
 <node id="6018902563" visible="true" version="1" changeset="63943232" timestamp="2018-10-28T07:45:51Z" user="Антін Сартенченко" uid="571410" lat="55.7150126" lon="37.5816107"/>
 <node id="6018902585" visible="true" version="1" changeset="63943232" timestamp="2018-10-28T07:45:46Z" user="Антін Сартенченко" uid="571410" lat="55.7344925" lon="37.5975752"/>
 <node id="6018902719" visible="true" version="1" changeset="63943232" timestamp="2018-10-28T07:45:50Z" user="Антін Сартенченко" uid="571410" lat="55.7150126" lon="37.5767827"/>
 <node id="6018902720" visible="true" version="1" changeset="63943232" timestamp="2018-10-28T07:45:50Z" user="Антін Сартенченко" uid="571410" lat="55.7137071" lon="37.5788212"/>
 <node id="6018902721" visible="true" version="1" changeset="63943232" timestamp="2018-10-28T07:45:51Z" user="Антін Сартенченко" uid="571410" lat="55.7154115" lon="37.5822544"/>
 <node id="6018902722" visible="true" version="1" changeset="63943232" timestamp="2018-10-28T07:45:52Z" user="Антін Сартенченко" uid="571410" lat="55.7177684" lon="37.5853658"/>
 <node id="6018902723" visible="true" version="1" changeset="63943232" timestamp="2018-10-28T07:45:53Z" user="Антін Сартенченко" uid="571410" lat="55.7192429" lon="37.5873184"/>
 <node id="6018902724" visible="true" version="1" changeset="63943232" timestamp="2018-10-28T07:45:55Z" user="Антін Сартенченко" uid="571410" lat="55.7208503" lon="37.5892925"/>
 <node id="6018902729" visible="true" version="1" changeset="63943232" timestamp="2018-10-28T07:45:55Z" user="Антін Сартенченко" uid="571410" lat="55.7224818" lon="37.5913310"/>
 <node id="6018902850" visible="true" version="1" changeset="63943232" timestamp="2018-10-28T07:45:56Z" user="Антін Сартенченко" uid="571410" lat="55.7231102" lon="37.5922966"/>
 <node id="6018902851" visible="true" version="1" changeset="63943232" timestamp="2018-10-28T07:45:56Z" user="Антін Сартенченко" uid="571410" lat="55.7239199" lon="37.5931549"/>
 <node id="6018902852" visible="true" version="1" changeset="63943232" timestamp="2018-10-28T07:45:57Z" user="Антін Сартенченко" uid="571410" lat="55.7252492" lon="37.5942921"/>
 <node id="6018902853" visible="true" version="1" changeset="63943232" timestamp="2018-10-28T07:45:58Z" user="Антін Сартенченко" uid="571410" lat="55.7288743" lon="37.5973391"/>
 <node id="6018902854" visible="true" version="1" changeset="63943232" timestamp="2018-10-28T07:45:58Z" user="Антін Сартенченко" uid="571410" lat="55.7309042" lon="37.5983906"/>
 <node id="6018902855" visible="true" version="1" changeset="63943232" timestamp="2018-10-28T07:46:01Z" user="Антін Сартенченко" uid="571410" lat="55.7299738" lon="37.6121449"/>
 <node id="6018902856" visible="true" version="1" changeset="63943232" timestamp="2018-10-28T07:46:02Z" user="Антін Сартенченко" uid="571410" lat="55.7346012" lon="37.6130461"/>
 <node id="6018902857" visible="true" version="1" changeset="63943232" timestamp="2018-10-28T07:46:03Z" user="Антін Сартенченко" uid="571410" lat="55.7349757" lon="37.6147413"/>
 <node id="6018902858" visible="true" version="1" changeset="63943232" timestamp="2018-10-28T07:46:04Z" user="Антін Сартенченко" uid="571410" lat="55.7349878" lon="37.6214361"/>
 <node id="6018902859" visible="true" version="1" changeset="63943232" timestamp="2018-10-28T07:46:06Z" user="Антін Сартенченко" uid="571410" lat="55.7344925" lon="37.6243114"/>
 <node id="6018902860" visible="true" version="1" changeset="63943232" timestamp="2018-10-28T07:46:07Z" user="Антін Сартенченко" uid="571410" lat="55.7358214" lon="37.6293754"/>
 <node id="6018902861" visible="true" version="1" changeset="63943232" timestamp="2018-10-28T07:46:07Z" user="Антін Сартенченко" uid="571410" lat="55.7377301" lon="37.6348471"/>
 <node id="6018902862" visible="true" version="1" changeset="63943232" timestamp="2018-10-28T07:46:09Z" user="Антін Сартенченко" uid="571410" lat="55.7337072" lon="37.6411771"/>
 <node id="6018902863" visible="true" version="1" changeset="63943232" timestamp="2018-10-28T07:46:10Z" user="Антін Сартенченко" uid="571410" lat="55.7317258" lon="37.6454258"/>
 <node id="6018902864" visible="true" version="1" changeset="63943232" timestamp="2018-10-28T07:46:11Z" user="Антін Сартенченко" uid="571410" lat="55.7309042" lon="37.6491165"/>
 <node id="6018902865" visible="true" version="1" changeset="63943232" timestamp="2018-10-28T07:46:12Z" user="Антін Сартенченко" uid="571410" lat="55.7277626" lon="37.6540947"/>
 <node id="6018902960" visible="true" version="1" changeset="63943232" timestamp="2018-10-28T07:46:13Z" user="Антін Сартенченко" uid="571410" lat="55.7244516" lon="37.6561975"/>
 <node id="6018902961" visible="true" version="1" changeset="63943232" timestamp="2018-10-28T07:46:16Z" user="Антін Сартенченко" uid="571410" lat="55.7270376" lon="37.6577425"/>
 <node id="6018902962" visible="true" version="1" changeset="63943232" timestamp="2018-10-28T07:46:17Z" user="Антін Сартенченко" uid="571410" lat="55.7310008" lon="37.6527643"/>
 <node id="6018902963" visible="true" version="1" changeset="63943232" timestamp="2018-10-28T07:46:18Z" user="Антін Сартенченко" uid="571410" lat="55.7359301" lon="37.6487732"/>
 <node id="6018902964" visible="true" version="1" changeset="63943232" timestamp="2018-10-28T07:46:19Z" user="Антін Сартенченко" uid="571410" lat="55.7411487" lon="37.6533651"/>
 <node id="6018902965" visible="true" version="1" changeset="63943232" timestamp="2018-10-28T07:46:21Z" user="Антін Сартенченко" uid="571410" lat="55.7426223" lon="37.6581716"/>
 <node id="6018902966" visible="true" version="1" changeset="63943232" timestamp="2018-10-28T07:46:22Z" user="Антін Сартенченко" uid="571410" lat="55.7449414" lon="37.6651454"/>
 <node id="6018902967" visible="true" version="1" changeset="63943232" timestamp="2018-10-28T07:46:24Z" user="Антін Сартенченко" uid="571410" lat="55.7472241" lon="37.6597595"/>
 <node id="6018902968" visible="true" version="2" changeset="64018747" timestamp="2018-10-30T17:17:13Z" user="literan" uid="830106" lat="55.7503882" lon="37.6559119"/>
 <node id="6018902969" visible="true" version="1" changeset="63943232" timestamp="2018-10-28T07:46:27Z" user="Антін Сартенченко" uid="571410" lat="55.7497602" lon="37.6504040"/>
 <node id="6018902970" visible="true" version="2" changeset="67232721" timestamp="2019-02-15T16:58:24Z" user="samson" uid="490617" lat="55.7491081" lon="37.6453614"/>
 <node id="6018902971" visible="true" version="1" changeset="63943232" timestamp="2018-10-28T07:46:29Z" user="Антін Сартенченко" uid="571410" lat="55.7498568" lon="37.6438164"/>
 <node id="6018902972" visible="true" version="1" changeset="63943232" timestamp="2018-10-28T07:46:31Z" user="Антін Сартенченко" uid="571410" lat="55.7509799" lon="37.6419496"/>
 <node id="6018902973" visible="true" version="1" changeset="63943232" timestamp="2018-10-28T07:46:32Z" user="Антін Сартенченко" uid="571410" lat="55.7541800" lon="37.6369715"/>
 <node id="6018902974" visible="true" version="1" changeset="63943232" timestamp="2018-10-28T07:46:33Z" user="Антін Сартенченко" uid="571410" lat="55.7538358" lon="37.6351797"/>
 <node id="6018902975" visible="true" version="1" changeset="63943232" timestamp="2018-10-28T07:46:34Z" user="Антін Сартенченко" uid="571410" lat="55.7548320" lon="37.6343214"/>
 <node id="6018902976" visible="true" version="1" changeset="63943232" timestamp="2018-10-28T07:46:36Z" user="Антін Сартенченко" uid="571410" lat="55.7566191" lon="37.6303518"/>
 <node id="6018902977" visible="true" version="1" changeset="63943232" timestamp="2018-10-28T07:46:49Z" user="Антін Сартенченко" uid="571410" lat="55.7662774" lon="37.6093769"/>
 <node id="6018903002" visible="true" version="2" changeset="150658713" timestamp="2024-04-29T11:34:43Z" user="literan" uid="830106" lat="55.7335562" lon="37.6002493"/>
 <node id="6018903003" visible="true" version="1" changeset="63943232" timestamp="2018-10-28T07:46:00Z" user="Антін Сартенченко" uid="571410" lat="55.7300705" lon="37.6113939"/>
 <node id="6018903004" visible="true" version="1" changeset="63943232" timestamp="2018-10-28T07:46:01Z" user="Антін Сартенченко" uid="571410" lat="55.7323178" lon="37.6122522"/>
 <node id="6018903005" visible="true" version="1" changeset="63943232" timestamp="2018-10-28T07:46:03Z" user="Антін Сартенченко" uid="571410" lat="55.7352415" lon="37.6133036"/>
 <node id="6018903006" visible="true" version="1" changeset="63943232" timestamp="2018-10-28T07:46:03Z" user="Антін Сартенченко" uid="571410" lat="55.7349636" lon="37.6169944"/>
 <node id="6018903007" visible="true" version="1" changeset="63943232" timestamp="2018-10-28T07:46:05Z" user="Антін Сартенченко" uid="571410" lat="55.7349999" lon="37.6230240"/>
 <node id="6018903008" visible="true" version="1" changeset="63943232" timestamp="2018-10-28T07:46:06Z" user="Антін Сартенченко" uid="571410" lat="55.7348066" lon="37.6277447"/>
 <node id="6018903009" visible="true" version="1" changeset="63943232" timestamp="2018-10-28T07:46:08Z" user="Антін Сартенченко" uid="571410" lat="55.7359422" lon="37.6363921"/>
 <node id="6018903010" visible="true" version="1" changeset="63943232" timestamp="2018-10-28T07:46:09Z" user="Антін Сартенченко" uid="571410" lat="55.7331998" lon="37.6416921"/>
 <node id="6018903061" visible="true" version="1" changeset="63943232" timestamp="2018-10-28T07:46:14Z" user="Антін Сартенченко" uid="571410" lat="55.7226631" lon="37.6592445"/>
 <node id="6018903062" visible="true" version="1" changeset="63943232" timestamp="2018-10-28T07:46:14Z" user="Антін Сартенченко" uid="571410" lat="55.7237991" lon="37.6591587"/>
 <node id="6018903063" visible="true" version="1" changeset="63943232" timestamp="2018-10-28T07:46:15Z" user="Антін Сартенченко" uid="571410" lat="55.7248867" lon="37.6589012"/>
 <node id="6018903085" visible="true" version="1" changeset="63943232" timestamp="2018-10-28T07:45:59Z" user="Антін Сартенченко" uid="571410" lat="55.7324869" lon="37.5997424"/>
 <node id="6018903086" visible="true" version="1" changeset="63943232" timestamp="2018-10-28T07:46:00Z" user="Антін Сартенченко" uid="571410" lat="55.7328131" lon="37.5995707"/>
 <node id="6018903087" visible="true" version="1" changeset="63943232" timestamp="2018-10-28T07:46:02Z" user="Антін Сартенченко" uid="571410" lat="55.7331393" lon="37.6124453"/>
 <node id="6018903089" visible="true" version="1" changeset="63943232" timestamp="2018-10-28T07:46:12Z" user="Антін Сартенченко" uid="571410" lat="55.7256842" lon="37.6557684"/>
 <node id="6018903090" visible="true" version="1" changeset="63943232" timestamp="2018-10-28T07:46:19Z" user="Антін Сартенченко" uid="571410" lat="55.7403152" lon="37.6522064"/>
 <node id="6018903091" visible="true" version="1" changeset="63943232" timestamp="2018-10-28T07:46:20Z" user="Антін Сартенченко" uid="571410" lat="55.7420063" lon="37.6554251"/>
 <node id="6018903092" visible="true" version="1" changeset="63943232" timestamp="2018-10-28T07:46:22Z" user="Антін Сартенченко" uid="571410" lat="55.7436732" lon="37.6618838"/>
 <node id="6018903093" visible="true" version="1" changeset="63943232" timestamp="2018-10-28T07:46:23Z" user="Антін Сартенченко" uid="571410" lat="55.7461129" lon="37.6680207"/>
 <node id="6018903094" visible="true" version="1" changeset="63943232" timestamp="2018-10-28T07:46:24Z" user="Антін Сартенченко" uid="571410" lat="55.7470670" lon="37.6625490"/>
 <node id="6018903095" visible="true" version="2" changeset="69400379" timestamp="2019-04-20T11:18:10Z" user="literan" uid="830106" lat="55.7538358" lon="37.6353353"/>
 <node id="6018903096" visible="true" version="1" changeset="63943232" timestamp="2018-10-28T07:46:34Z" user="Антін Сартенченко" uid="571410" lat="55.7543671" lon="37.6346326"/>
 <node id="6018903097" visible="true" version="1" changeset="63943232" timestamp="2018-10-28T07:46:35Z" user="Антін Сартенченко" uid="571410" lat="55.7563112" lon="37.6325083"/>
 <node id="6018903206" visible="true" version="1" changeset="63943232" timestamp="2018-10-28T07:46:04Z" user="Антін Сартенченко" uid="571410" lat="55.7349274" lon="37.6195264"/>
 <node id="6018903207" visible="true" version="2" changeset="142411795" timestamp="2023-10-10T21:04:50Z" user="literan" uid="830106" lat="55.7350082" lon="37.6243342"/>
 <node id="6018903208" visible="true" version="1" changeset="63943232" timestamp="2018-10-28T07:46:07Z" user="Антін Сартенченко" uid="571410" lat="55.7352898" lon="37.6277876"/>
 <node id="6018903209" visible="true" version="1" changeset="63943232" timestamp="2018-10-28T07:46:08Z" user="Антін Сартенченко" uid="571410" lat="55.7366550" lon="37.6392459"/>
 <node id="6018903210" visible="true" version="1" changeset="63943232" timestamp="2018-10-28T07:46:10Z" user="Антін Сартенченко" uid="571410" lat="55.7322815" lon="37.6435375"/>
 <node id="6018903211" visible="true" version="1" changeset="63943232" timestamp="2018-10-28T07:46:10Z" user="Антін Сартенченко" uid="571410" lat="55.7313633" lon="37.6476574"/>
 <node id="6018903212" visible="true" version="1" changeset="63943232" timestamp="2018-10-28T07:46:11Z" user="Антін Сартенченко" uid="571410" lat="55.7296476" lon="37.6512622"/>
 <node id="6018903213" visible="true" version="1" changeset="63943232" timestamp="2018-10-28T07:46:13Z" user="Антін Сартенченко" uid="571410" lat="55.7229048" lon="37.6562404"/>
 <node id="6018903214" visible="true" version="1" changeset="63943232" timestamp="2018-10-28T07:46:15Z" user="Антін Сартенченко" uid="571410" lat="55.7261192" lon="37.6584291"/>
 <node id="6018903215" visible="true" version="1" changeset="63943232" timestamp="2018-10-28T07:46:17Z" user="Антін Сартенченко" uid="571410" lat="55.7293093" lon="37.6555538"/>
 <node id="6018903216" visible="true" version="1" changeset="63943232" timestamp="2018-10-28T07:46:18Z" user="Антін Сартенченко" uid="571410" lat="55.7344079" lon="37.6495027"/>
 <node id="6018903505" visible="true" version="1" changeset="63943232" timestamp="2018-10-28T07:46:16Z" user="Антін Сартенченко" uid="571410" lat="55.7280043" lon="37.6571416"/>
 <node id="6018903506" visible="true" version="1" changeset="63943232" timestamp="2018-10-28T07:46:17Z" user="Антін Сартенченко" uid="571410" lat="55.7321124" lon="37.6512193"/>
 <node id="6018903507" visible="true" version="1" changeset="63943232" timestamp="2018-10-28T07:46:23Z" user="Антін Сартенченко" uid="571410" lat="55.7464511" lon="37.6679349"/>
 <node id="6018903508" visible="true" version="1" changeset="63943232" timestamp="2018-10-28T07:46:37Z" user="Антін Сартенченко" uid="571410" lat="55.7566614" lon="37.6300192"/>
 <node id="6018903509" visible="true" version="1" changeset="63943232" timestamp="2018-10-28T07:46:38Z" user="Антін Сартенченко" uid="571410" lat="55.7598549" lon="37.6280451"/>
 <node id="6018903510" visible="true" version="1" changeset="63943232" timestamp="2018-10-28T07:46:40Z" user="Антін Сартенченко" uid="571410" lat="55.7619586" lon="37.6278841"/>
 <node id="6018903511" visible="true" version="1" changeset="63943232" timestamp="2018-10-28T07:46:41Z" user="Антін Сартенченко" uid="571410" lat="55.7648651" lon="37.6299763"/>
 <node id="6018903512" visible="true" version="1" changeset="63943232" timestamp="2018-10-28T07:46:43Z" user="Антін Сартенченко" uid="571410" lat="55.7657433" lon="37.6309311"/>
 <node id="6018903513" visible="true" version="1" changeset="63943232" timestamp="2018-10-28T07:46:44Z" user="Антін Сартенченко" uid="571410" lat="55.7667754" lon="37.6312905"/>
 <node id="6018903514" visible="true" version="1" changeset="63943232" timestamp="2018-10-28T07:46:45Z" user="Антін Сартенченко" uid="571410" lat="55.7666124" lon="37.6270848"/>
 <node id="6018903515" visible="true" version="1" changeset="63943232" timestamp="2018-10-28T07:46:46Z" user="Антін Сартенченко" uid="571410" lat="55.7670923" lon="37.6227558"/>
 <node id="6018903516" visible="true" version="1" changeset="63943232" timestamp="2018-10-28T07:46:48Z" user="Антін Сартенченко" uid="571410" lat="55.7681726" lon="37.6155460"/>
 <node id="6018903517" visible="true" version="1" changeset="63943232" timestamp="2018-10-28T07:46:49Z" user="Антін Сартенченко" uid="571410" lat="55.7682571" lon="37.6133251"/>
 <node id="6018903518" visible="true" version="1" changeset="63943232" timestamp="2018-10-28T07:46:50Z" user="Антін Сартенченко" uid="571410" lat="55.7646538" lon="37.6056003"/>
 <node id="6018903831" visible="true" version="1" changeset="63943232" timestamp="2018-10-28T07:46:38Z" user="Антін Сартенченко" uid="571410" lat="55.7595350" lon="37.6278090"/>
 <node id="6018903832" visible="true" version="1" changeset="63943232" timestamp="2018-10-28T07:46:39Z" user="Антін Сартенченко" uid="571410" lat="55.7614214" lon="37.6272190"/>
 <node id="6018903833" visible="true" version="1" changeset="63943232" timestamp="2018-10-28T07:46:40Z" user="Антін Сартенченко" uid="571410" lat="55.7617896" lon="37.6277447"/>
 <node id="6018903834" visible="true" version="1" changeset="63943232" timestamp="2018-10-28T07:46:41Z" user="Антін Сартенченко" uid="571410" lat="55.7644184" lon="37.6296115"/>
 <node id="6018903835" visible="true" version="1" changeset="63943232" timestamp="2018-10-28T07:46:42Z" user="Антін Сартенченко" uid="571410" lat="55.7655169" lon="37.6307273"/>
 <node id="6018903836" visible="true" version="1" changeset="63943232" timestamp="2018-10-28T07:46:44Z" user="Антін Сартенченко" uid="571410" lat="55.7667935" lon="37.6314193"/>
 <node id="6018903837" visible="true" version="1" changeset="63943232" timestamp="2018-10-28T07:46:45Z" user="Антін Сартенченко" uid="571410" lat="55.7666305" lon="37.6286995"/>
 <node id="6018903838" visible="true" version="1" changeset="63943232" timestamp="2018-10-28T07:46:46Z" user="Антін Сартенченко" uid="571410" lat="55.7668327" lon="37.6245797"/>
 <node id="6018903839" visible="true" version="1" changeset="63943232" timestamp="2018-10-28T07:46:47Z" user="Антін Сартенченко" uid="571410" lat="55.7680579" lon="37.6163828"/>
 <node id="6018903840" visible="true" version="1" changeset="63943232" timestamp="2018-10-28T07:46:48Z" user="Антін Сартенченко" uid="571410" lat="55.7682631" lon="37.6141512"/>
 <node id="6018903841" visible="true" version="1" changeset="63943232" timestamp="2018-10-28T07:46:51Z" user="Антін Сартенченко" uid="571410" lat="55.7645874" lon="37.6048601"/>
 <node id="6018904485" visible="true" version="1" changeset="63943232" timestamp="2018-10-28T07:46:27Z" user="Антін Сартенченко" uid="571410" lat="55.7496394" lon="37.6486444"/>
 <node id="6018904486" visible="true" version="1" changeset="63943232" timestamp="2018-10-28T07:46:29Z" user="Антін Сартенченко" uid="571410" lat="55.7490839" lon="37.6448679"/>
 <node id="6018904487" visible="true" version="1" changeset="63943232" timestamp="2018-10-28T07:46:30Z" user="Антін Сартенченко" uid="571410" lat="55.7502795" lon="37.6428938"/>
 <node id="6018904488" visible="true" version="2" changeset="67194632" timestamp="2019-02-14T13:51:09Z" user="Vadiм" uid="326091" lat="55.7532064" lon="37.6389832"/>
 <node id="6018904490" visible="true" version="2" changeset="66968574" timestamp="2019-02-06T16:06:41Z" user="Vadiм" uid="326091" lat="55.7539052" lon="37.6349437"/>
 <node id="6018904491" visible="true" version="1" changeset="63943232" timestamp="2018-10-28T07:46:35Z" user="Антін Сартенченко" uid="571410" lat="55.7552969" lon="37.6337957"/>
 <node id="6018904492" visible="true" version="1" changeset="63943232" timestamp="2018-10-28T07:46:36Z" user="Антін Сартенченко" uid="571410" lat="55.7571323" lon="37.6314998"/>
 <node id="6018904690" visible="true" version="1" changeset="63943232" timestamp="2018-10-28T07:46:29Z" user="Антін Сартенченко" uid="571410" lat="55.7494341" lon="37.6445460"/>
 <node id="6018904691" visible="true" version="1" changeset="63943232" timestamp="2018-10-28T07:46:30Z" user="Антін Сартенченко" uid="571410" lat="55.7506780" lon="37.6423144"/>
 <node id="6018904692" visible="true" version="1" changeset="63943232" timestamp="2018-10-28T07:46:32Z" user="Антін Сартенченко" uid="571410" lat="55.7536366" lon="37.6376688"/>
 <node id="6018905102" visible="true" version="1" changeset="63943232" timestamp="2018-10-28T07:46:39Z" user="Антін Сартенченко" uid="571410" lat="55.7615723" lon="37.6275140"/>
 <node id="6018905103" visible="true" version="1" changeset="63943232" timestamp="2018-10-28T07:46:43Z" user="Антін Сартенченко" uid="571410" lat="55.7662805" lon="37.6312208"/>
 <node id="6018905416" visible="true" version="1" changeset="63943232" timestamp="2018-10-28T07:46:37Z" user="Антін Сартенченко" uid="571410" lat="55.7590792" lon="37.6267308"/>
 <node id="6018905417" visible="true" version="2" changeset="91915635" timestamp="2020-10-03T21:50:52Z" user="literan" uid="830106" lat="55.7605654" lon="37.6265008"/>
 <node id="6018905421" visible="true" version="1" changeset="63943232" timestamp="2018-10-28T07:46:41Z" user="Антін Сартенченко" uid="571410" lat="55.7630542" lon="37.6285332"/>
 <node id="6018905422" visible="true" version="1" changeset="63943232" timestamp="2018-10-28T07:46:42Z" user="Антін Сартенченко" uid="571410" lat="55.7651065" lon="37.6302659"/>
 <node id="6018905423" visible="true" version="1" changeset="63943232" timestamp="2018-10-28T07:46:44Z" user="Антін Сартенченко" uid="571410" lat="55.7666909" lon="37.6301479"/>
 <node id="6018905424" visible="true" version="1" changeset="63943232" timestamp="2018-10-28T07:46:46Z" user="Антін Сартенченко" uid="571410" lat="55.7666366" lon="37.6266128"/>
 <node id="6018905425" visible="true" version="1" changeset="63943232" timestamp="2018-10-28T07:46:47Z" user="Антін Сартенченко" uid="571410" lat="55.7674846" lon="37.6201165"/>
 <node id="6018905426" visible="true" version="1" changeset="63943232" timestamp="2018-10-28T07:46:49Z" user="Антін Сартенченко" uid="571410" lat="55.7680157" lon="37.6135075"/>
 <node id="6018905427" visible="true" version="1" changeset="63943232" timestamp="2018-10-28T07:46:50Z" user="Антін Сартенченко" uid="571410" lat="55.7647745" lon="37.6053321"/>
 <node id="6018905428" visible="true" version="1" changeset="63943232" timestamp="2018-10-28T07:46:51Z" user="Антін Сартенченко" uid="571410" lat="55.7622393" lon="37.6022529"/>
 <node id="6018905613" visible="true" version="1" changeset="63943232" timestamp="2018-10-28T07:46:51Z" user="Антін Сартенченко" uid="571410" lat="55.7635069" lon="37.6036155"/>
 <node id="6228068726" visible="true" version="2" changeset="177965066" timestamp="2026-02-01T14:02:19Z" user="literan" uid="830106" lat="55.7208702" lon="37.6529093">
  <tag k="barrier" v="gate"/>
 </node>
 <node id="6228068727" visible="true" version="1" changeset="66549490" timestamp="2019-01-22T20:06:14Z" user="ynx" uid="357374" lat="55.7209378" lon="37.6528188"/>
 <node id="6228068728" visible="true" version="1" changeset="66549490" timestamp="2019-01-22T20:06:14Z" user="ynx" uid="357374" lat="55.7207858" lon="37.6532898"/>
 <node id="6228068729" visible="true" version="1" changeset="66549490" timestamp="2019-01-22T20:06:14Z" user="ynx" uid="357374" lat="55.7209329" lon="37.6528428"/>
 <node id="6228068730" visible="true" version="1" changeset="66549490" timestamp="2019-01-22T20:06:14Z" user="ynx" uid="357374" lat="55.7209257" lon="37.6528243"/>
 <node id="6228068731" visible="true" version="2" changeset="177965066" timestamp="2026-02-01T14:02:19Z" user="literan" uid="830106" lat="55.7208514" lon="37.6528628"/>
 <node id="6228068732" visible="true" version="2" changeset="177965066" timestamp="2026-02-01T14:02:19Z" user="literan" uid="830106" lat="55.7208668" lon="37.6529010"/>
 <node id="6228068733" visible="true" version="2" changeset="177965066" timestamp="2026-02-01T14:02:19Z" user="literan" uid="830106" lat="55.7208742" lon="37.6529193"/>
 <node id="6228068734" visible="true" version="1" changeset="66549490" timestamp="2019-01-22T20:06:14Z" user="ynx" uid="357374" lat="55.7209011" lon="37.6536033"/>
 <node id="6280182850" visible="true" version="1" changeset="67216547" timestamp="2019-02-15T06:06:27Z" user="samson" uid="490617" lat="55.7498879" lon="37.6519614"/>
 <node id="6530525097" visible="true" version="1" changeset="71004735" timestamp="2019-06-06T21:59:00Z" user="ynx" uid="357374" lat="55.7231330" lon="37.6557123"/>
 <node id="6530525098" visible="true" version="1" changeset="71004735" timestamp="2019-06-06T21:59:00Z" user="ynx" uid="357374" lat="55.7231755" lon="37.6557720"/>
 <node id="6537758729" visible="true" version="1" changeset="71112487" timestamp="2019-06-10T17:47:24Z" user="ynx" uid="357374" lat="55.7226074" lon="37.6528373"/>
 <node id="6537758731" visible="true" version="1" changeset="71112487" timestamp="2019-06-10T17:47:24Z" user="ynx" uid="357374" lat="55.7225881" lon="37.6527911"/>
 <node id="6537758732" visible="true" version="1" changeset="71112487" timestamp="2019-06-10T17:47:24Z" user="ynx" uid="357374" lat="55.7225911" lon="37.6527554"/>
 <node id="6537758733" visible="true" version="1" changeset="71112487" timestamp="2019-06-10T17:47:24Z" user="ynx" uid="357374" lat="55.7226348" lon="37.6526479"/>
 <node id="6537758734" visible="true" version="1" changeset="71112487" timestamp="2019-06-10T17:47:24Z" user="ynx" uid="357374" lat="55.7226774" lon="37.6526381"/>
 <node id="6537758735" visible="true" version="1" changeset="71112487" timestamp="2019-06-10T17:47:24Z" user="ynx" uid="357374" lat="55.7227174" lon="37.6526845"/>
 <node id="6537758736" visible="true" version="1" changeset="71112487" timestamp="2019-06-10T17:47:24Z" user="ynx" uid="357374" lat="55.7227413" lon="37.6527354"/>
 <node id="6537758737" visible="true" version="1" changeset="71112487" timestamp="2019-06-10T17:47:24Z" user="ynx" uid="357374" lat="55.7227696" lon="37.6528241"/>
 <node id="6537758738" visible="true" version="1" changeset="71112487" timestamp="2019-06-10T17:47:24Z" user="ynx" uid="357374" lat="55.7228786" lon="37.6530360"/>
 <node id="6537758739" visible="true" version="1" changeset="71112487" timestamp="2019-06-10T17:47:24Z" user="ynx" uid="357374" lat="55.7230698" lon="37.6532413"/>
 <node id="6537758740" visible="true" version="1" changeset="71112487" timestamp="2019-06-10T17:47:24Z" user="ynx" uid="357374" lat="55.7230931" lon="37.6531685"/>
 <node id="6537764137" visible="true" version="1" changeset="71112330" timestamp="2019-06-10T17:43:16Z" user="ynx" uid="357374" lat="55.7224512" lon="37.6531283"/>
 <node id="6537764138" visible="true" version="1" changeset="71112330" timestamp="2019-06-10T17:43:16Z" user="ynx" uid="357374" lat="55.7224811" lon="37.6531673"/>
 <node id="6659076786" visible="true" version="33" changeset="142622707" timestamp="2023-10-15T15:24:26Z" user="b-jazz-bot" uid="9451067" lat="55.7220518" lon="37.6539591">
  <tag k="leisure" v="fitness_centre"/>
  <tag k="name" v="Зебра"/>
  <tag k="phone" v="+7 495 6691224"/>
  <tag k="sport" v="swimming;fitness"/>
  <tag k="website" v="https://fitnes.ru/"/>
 </node>
 <node id="6672724173" visible="true" version="1" changeset="72916539" timestamp="2019-08-01T22:09:05Z" user="ynx" uid="357374" lat="55.7209438" lon="37.6537182"/>
 <node id="6672724174" visible="true" version="1" changeset="72916539" timestamp="2019-08-01T22:09:05Z" user="ynx" uid="357374" lat="55.7211542" lon="37.6533205"/>
 <node id="6672724175" visible="true" version="2" changeset="177965066" timestamp="2026-02-01T14:02:19Z" user="literan" uid="830106" lat="55.7208638" lon="37.6526500"/>
 <node id="6672724177" visible="true" version="1" changeset="72916539" timestamp="2019-08-01T22:09:05Z" user="ynx" uid="357374" lat="55.7212335" lon="37.6528906"/>
 <node id="6672724178" visible="true" version="1" changeset="72916539" timestamp="2019-08-01T22:09:05Z" user="ynx" uid="357374" lat="55.7212116" lon="37.6529201"/>
 <node id="6672724179" visible="true" version="1" changeset="72916539" timestamp="2019-08-01T22:09:05Z" user="ynx" uid="357374" lat="55.7212033" lon="37.6529536"/>
 <node id="6672724180" visible="true" version="1" changeset="72916539" timestamp="2019-08-01T22:09:05Z" user="ynx" uid="357374" lat="55.7211995" lon="37.6530193"/>
 <node id="6672724181" visible="true" version="1" changeset="72916539" timestamp="2019-08-01T22:09:05Z" user="ynx" uid="357374" lat="55.7211129" lon="37.6531881"/>
 <node id="7039295249" visible="true" version="1" changeset="78070695" timestamp="2019-12-06T20:09:07Z" user="ynx" uid="357374" lat="55.7209378" lon="37.6541948"/>
 <node id="7039295250" visible="true" version="1" changeset="78070695" timestamp="2019-12-06T20:09:07Z" user="ynx" uid="357374" lat="55.7211665" lon="37.6545952"/>
 <node id="7039295251" visible="true" version="1" changeset="78070695" timestamp="2019-12-06T20:09:07Z" user="ynx" uid="357374" lat="55.7211401" lon="37.6546192"/>
 <node id="7039295252" visible="true" version="1" changeset="78070695" timestamp="2019-12-06T20:09:07Z" user="ynx" uid="357374" lat="55.7209162" lon="37.6542345"/>
 <node id="7039295253" visible="true" version="1" changeset="78070695" timestamp="2019-12-06T20:09:07Z" user="ynx" uid="357374" lat="55.7209013" lon="37.6541277"/>
 <node id="7039295254" visible="true" version="1" changeset="78070695" timestamp="2019-12-06T20:09:07Z" user="ynx" uid="357374" lat="55.7208739" lon="37.6541472"/>
 <node id="7924469625" visible="true" version="1" changeset="91163452" timestamp="2020-09-19T23:59:51Z" user="stargunru" uid="9133906" lat="55.7074758" lon="37.6486710"/>
 <node id="7924469626" visible="true" version="1" changeset="91163452" timestamp="2020-09-19T23:59:51Z" user="stargunru" uid="9133906" lat="55.7073609" lon="37.6488533"/>
 <node id="7924469627" visible="true" version="1" changeset="91163452" timestamp="2020-09-19T23:59:51Z" user="stargunru" uid="9133906" lat="55.7071841" lon="37.6490035"/>
 <node id="7924469628" visible="true" version="1" changeset="91163452" timestamp="2020-09-19T23:59:51Z" user="stargunru" uid="9133906" lat="55.7066658" lon="37.6495588"/>
 <node id="7924469629" visible="true" version="1" changeset="91163452" timestamp="2020-09-19T23:59:51Z" user="stargunru" uid="9133906" lat="55.7064648" lon="37.6498699"/>
 <node id="7924469630" visible="true" version="1" changeset="91163452" timestamp="2020-09-19T23:59:51Z" user="stargunru" uid="9133906" lat="55.7063393" lon="37.6501918"/>
 <node id="7924469631" visible="true" version="1" changeset="91163452" timestamp="2020-09-19T23:59:51Z" user="stargunru" uid="9133906" lat="55.7062472" lon="37.6505753"/>
 <node id="7924469632" visible="true" version="1" changeset="91163452" timestamp="2020-09-19T23:59:51Z" user="stargunru" uid="9133906" lat="55.7061383" lon="37.6511869"/>
 <node id="7924469633" visible="true" version="1" changeset="91163452" timestamp="2020-09-19T23:59:51Z" user="stargunru" uid="9133906" lat="55.7054280" lon="37.6519137"/>
 <node id="7924469634" visible="true" version="1" changeset="91163452" timestamp="2020-09-19T23:59:51Z" user="stargunru" uid="9133906" lat="55.7053963" lon="37.6519540"/>
 <node id="7924469635" visible="true" version="1" changeset="91163452" timestamp="2020-09-19T23:59:51Z" user="stargunru" uid="9133906" lat="55.7052754" lon="37.6519593"/>
 <node id="7924469636" visible="true" version="1" changeset="91163452" timestamp="2020-09-19T23:59:51Z" user="stargunru" uid="9133906" lat="55.7052225" lon="37.6522249"/>
 <node id="7924469637" visible="true" version="1" changeset="91163452" timestamp="2020-09-19T23:59:51Z" user="stargunru" uid="9133906" lat="55.7050124" lon="37.6522329"/>
 <node id="7924469638" visible="true" version="1" changeset="91163452" timestamp="2020-09-19T23:59:51Z" user="stargunru" uid="9133906" lat="55.7047177" lon="37.6526996"/>
 <node id="7924469639" visible="true" version="1" changeset="91163452" timestamp="2020-09-19T23:59:51Z" user="stargunru" uid="9133906" lat="55.7045213" lon="37.6531020"/>
 <node id="7924469640" visible="true" version="1" changeset="91163452" timestamp="2020-09-19T23:59:51Z" user="stargunru" uid="9133906" lat="55.7047283" lon="37.6534882"/>
 <node id="7924469641" visible="true" version="1" changeset="91163452" timestamp="2020-09-19T23:59:51Z" user="stargunru" uid="9133906" lat="55.7048054" lon="37.6535982"/>
 <node id="7924469642" visible="true" version="1" changeset="91163452" timestamp="2020-09-19T23:59:51Z" user="stargunru" uid="9133906" lat="55.7049142" lon="37.6538101"/>
 <node id="7924469643" visible="true" version="1" changeset="91163452" timestamp="2020-09-19T23:59:51Z" user="stargunru" uid="9133906" lat="55.7046875" lon="37.6541936"/>
 <node id="7924469644" visible="true" version="1" changeset="91163452" timestamp="2020-09-19T23:59:51Z" user="stargunru" uid="9133906" lat="55.7046407" lon="37.6542258"/>
 <node id="7924469645" visible="true" version="1" changeset="91163452" timestamp="2020-09-19T23:59:51Z" user="stargunru" uid="9133906" lat="55.7045107" lon="37.6544377"/>
 <node id="7924469646" visible="true" version="1" changeset="91163452" timestamp="2020-09-19T23:59:51Z" user="stargunru" uid="9133906" lat="55.7044805" lon="37.6546496"/>
 <node id="7924469647" visible="true" version="1" changeset="91163452" timestamp="2020-09-19T23:59:51Z" user="stargunru" uid="9133906" lat="55.7043142" lon="37.6549473"/>
 <node id="7924469648" visible="true" version="1" changeset="91163452" timestamp="2020-09-19T23:59:51Z" user="stargunru" uid="9133906" lat="55.7042764" lon="37.6549634"/>
 <node id="7924469649" visible="true" version="1" changeset="91163452" timestamp="2020-09-19T23:59:51Z" user="stargunru" uid="9133906" lat="55.7040528" lon="37.6546040"/>
 <node id="7924469650" visible="true" version="1" changeset="91163452" timestamp="2020-09-19T23:59:51Z" user="stargunru" uid="9133906" lat="55.7038412" lon="37.6540595"/>
 <node id="7924469651" visible="true" version="1" changeset="91163452" timestamp="2020-09-19T23:59:51Z" user="stargunru" uid="9133906" lat="55.7037596" lon="37.6539415"/>
 <node id="7924469652" visible="true" version="1" changeset="91163452" timestamp="2020-09-19T23:59:51Z" user="stargunru" uid="9133906" lat="55.7036719" lon="37.6540863"/>
 <node id="7924469653" visible="true" version="1" changeset="91163452" timestamp="2020-09-19T23:59:51Z" user="stargunru" uid="9133906" lat="55.7035706" lon="37.6542124"/>
 <node id="7924469654" visible="true" version="1" changeset="91163452" timestamp="2020-09-19T23:59:51Z" user="stargunru" uid="9133906" lat="55.7028512" lon="37.6541346"/>
 <node id="7926515635" visible="true" version="1" changeset="91191463" timestamp="2020-09-21T00:26:25Z" user="stargunru" uid="9133906" lat="55.7087266" lon="37.6469700"/>
 <node id="7926515636" visible="true" version="1" changeset="91191463" timestamp="2020-09-21T00:26:25Z" user="stargunru" uid="9133906" lat="55.7087931" lon="37.6471470"/>
 <node id="7926515637" visible="true" version="1" changeset="91191463" timestamp="2020-09-21T00:26:25Z" user="stargunru" uid="9133906" lat="55.7089472" lon="37.6474099"/>
 <node id="7926515638" visible="true" version="1" changeset="91191463" timestamp="2020-09-21T00:26:25Z" user="stargunru" uid="9133906" lat="55.7091316" lon="37.6476781"/>
 <node id="7926515639" visible="true" version="1" changeset="91191463" timestamp="2020-09-21T00:26:25Z" user="stargunru" uid="9133906" lat="55.7092525" lon="37.6478444"/>
 <node id="7926515640" visible="true" version="1" changeset="91191463" timestamp="2020-09-21T00:26:25Z" user="stargunru" uid="9133906" lat="55.7095396" lon="37.6481877"/>
 <node id="7926515641" visible="true" version="1" changeset="91191463" timestamp="2020-09-21T00:26:25Z" user="stargunru" uid="9133906" lat="55.7096877" lon="37.6483486"/>
 <node id="7926515642" visible="true" version="1" changeset="91191463" timestamp="2020-09-21T00:26:25Z" user="stargunru" uid="9133906" lat="55.7098599" lon="37.6484988"/>
 <node id="7926515643" visible="true" version="1" changeset="91191463" timestamp="2020-09-21T00:26:25Z" user="stargunru" uid="9133906" lat="55.7100292" lon="37.6486222"/>
 <node id="7926515644" visible="true" version="1" changeset="91191463" timestamp="2020-09-21T00:26:25Z" user="stargunru" uid="9133906" lat="55.7102105" lon="37.6487242"/>
 <node id="7926515645" visible="true" version="1" changeset="91191463" timestamp="2020-09-21T00:26:25Z" user="stargunru" uid="9133906" lat="55.7104009" lon="37.6487939"/>
 <node id="7926515646" visible="true" version="1" changeset="91191463" timestamp="2020-09-21T00:26:25Z" user="stargunru" uid="9133906" lat="55.7106910" lon="37.6488475"/>
 <node id="7926515647" visible="true" version="1" changeset="91191463" timestamp="2020-09-21T00:26:25Z" user="stargunru" uid="9133906" lat="55.7109237" lon="37.6488475"/>
 <node id="7926515648" visible="true" version="1" changeset="91191463" timestamp="2020-09-21T00:26:25Z" user="stargunru" uid="9133906" lat="55.7111292" lon="37.6488153"/>
 <node id="7926515649" visible="true" version="1" changeset="91191463" timestamp="2020-09-21T00:26:25Z" user="stargunru" uid="9133906" lat="55.7113257" lon="37.6487510"/>
 <node id="7926515650" visible="true" version="1" changeset="91191463" timestamp="2020-09-21T00:26:25Z" user="stargunru" uid="9133906" lat="55.7116007" lon="37.6486490"/>
 <node id="7926515651" visible="true" version="1" changeset="91191463" timestamp="2020-09-21T00:26:25Z" user="stargunru" uid="9133906" lat="55.7124408" lon="37.6481984"/>
 <node id="7926515652" visible="true" version="1" changeset="91191463" timestamp="2020-09-21T00:26:25Z" user="stargunru" uid="9133906" lat="55.7131238" lon="37.6478122"/>
 <node id="7926515653" visible="true" version="1" changeset="91191463" timestamp="2020-09-21T00:26:25Z" user="stargunru" uid="9133906" lat="55.7132326" lon="37.6476352"/>
 <node id="7926515654" visible="true" version="1" changeset="91191463" timestamp="2020-09-21T00:26:25Z" user="stargunru" uid="9133906" lat="55.7135650" lon="37.6474528"/>
 <node id="7926515655" visible="true" version="1" changeset="91191463" timestamp="2020-09-21T00:26:25Z" user="stargunru" uid="9133906" lat="55.7136043" lon="37.6473777"/>
 <node id="7926515656" visible="true" version="1" changeset="91191463" timestamp="2020-09-21T00:26:25Z" user="stargunru" uid="9133906" lat="55.7136889" lon="37.6473348"/>
 <node id="7926515657" visible="true" version="1" changeset="91191463" timestamp="2020-09-21T00:26:25Z" user="stargunru" uid="9133906" lat="55.7138340" lon="37.6473294"/>
 <node id="7926515658" visible="true" version="1" changeset="91191463" timestamp="2020-09-21T00:26:25Z" user="stargunru" uid="9133906" lat="55.7140092" lon="37.6472597"/>
 <node id="7926515659" visible="true" version="1" changeset="91191463" timestamp="2020-09-21T00:26:25Z" user="stargunru" uid="9133906" lat="55.7140394" lon="37.6471953"/>
 <node id="7926515660" visible="true" version="1" changeset="91191463" timestamp="2020-09-21T00:26:25Z" user="stargunru" uid="9133906" lat="55.7141482" lon="37.6472221"/>
 <node id="7926515661" visible="true" version="1" changeset="91191463" timestamp="2020-09-21T00:26:25Z" user="stargunru" uid="9133906" lat="55.7141603" lon="37.6473187"/>
 <node id="7926515662" visible="true" version="1" changeset="91191463" timestamp="2020-09-21T00:26:25Z" user="stargunru" uid="9133906" lat="55.7142570" lon="37.6472543"/>
 <node id="7926515663" visible="true" version="1" changeset="91191463" timestamp="2020-09-21T00:26:25Z" user="stargunru" uid="9133906" lat="55.7143265" lon="37.6472489"/>
 <node id="7926515664" visible="true" version="1" changeset="91191463" timestamp="2020-09-21T00:26:25Z" user="stargunru" uid="9133906" lat="55.7144897" lon="37.6472060"/>
 <node id="7926515665" visible="true" version="1" changeset="91191463" timestamp="2020-09-21T00:26:25Z" user="stargunru" uid="9133906" lat="55.7149249" lon="37.6470934"/>
 <node id="7926515666" visible="true" version="1" changeset="91191463" timestamp="2020-09-21T00:26:25Z" user="stargunru" uid="9133906" lat="55.7152029" lon="37.6470558"/>
 <node id="7926515667" visible="true" version="1" changeset="91191463" timestamp="2020-09-21T00:26:25Z" user="stargunru" uid="9133906" lat="55.7152693" lon="37.6469968"/>
 <node id="7926515668" visible="true" version="1" changeset="91191463" timestamp="2020-09-21T00:26:25Z" user="stargunru" uid="9133906" lat="55.7153570" lon="37.6469914"/>
 <node id="7926515669" visible="true" version="1" changeset="91191463" timestamp="2020-09-21T00:26:25Z" user="stargunru" uid="9133906" lat="55.7154295" lon="37.6470505"/>
 <node id="7926515670" visible="true" version="1" changeset="91191463" timestamp="2020-09-21T00:26:25Z" user="stargunru" uid="9133906" lat="55.7157015" lon="37.6470451"/>
 <node id="7926515671" visible="true" version="1" changeset="91191463" timestamp="2020-09-21T00:26:25Z" user="stargunru" uid="9133906" lat="55.7160218" lon="37.6470719"/>
 <node id="7926515672" visible="true" version="1" changeset="91191463" timestamp="2020-09-21T00:26:25Z" user="stargunru" uid="9133906" lat="55.7163239" lon="37.6471309"/>
 <node id="7926515673" visible="true" version="1" changeset="91191463" timestamp="2020-09-21T00:26:25Z" user="stargunru" uid="9133906" lat="55.7165989" lon="37.6472167"/>
 <node id="7926515674" visible="true" version="1" changeset="91191463" timestamp="2020-09-21T00:26:25Z" user="stargunru" uid="9133906" lat="55.7168799" lon="37.6473348"/>
 <node id="7926515675" visible="true" version="1" changeset="91191463" timestamp="2020-09-21T00:26:25Z" user="stargunru" uid="9133906" lat="55.7171640" lon="37.6474796"/>
 <node id="7926515676" visible="true" version="1" changeset="91191463" timestamp="2020-09-21T00:26:25Z" user="stargunru" uid="9133906" lat="55.7174601" lon="37.6476674"/>
 <node id="7926515677" visible="true" version="1" changeset="91191463" timestamp="2020-09-21T00:26:25Z" user="stargunru" uid="9133906" lat="55.7177653" lon="37.6479088"/>
 <node id="7926515678" visible="true" version="1" changeset="91191463" timestamp="2020-09-21T00:26:25Z" user="stargunru" uid="9133906" lat="55.7180493" lon="37.6481877"/>
 <node id="7926515679" visible="true" version="1" changeset="91191463" timestamp="2020-09-21T00:26:25Z" user="stargunru" uid="9133906" lat="55.7182971" lon="37.6484720"/>
 <node id="7926515680" visible="true" version="1" changeset="91191463" timestamp="2020-09-21T00:26:25Z" user="stargunru" uid="9133906" lat="55.7185328" lon="37.6487939"/>
 <node id="7926515681" visible="true" version="1" changeset="91191463" timestamp="2020-09-21T00:26:25Z" user="stargunru" uid="9133906" lat="55.7187564" lon="37.6491479"/>
 <node id="7926515682" visible="true" version="1" changeset="91191463" timestamp="2020-09-21T00:26:25Z" user="stargunru" uid="9133906" lat="55.7189830" lon="37.6495771"/>
 <node id="7926515683" visible="true" version="1" changeset="91191463" timestamp="2020-09-21T00:26:25Z" user="stargunru" uid="9133906" lat="55.7191733" lon="37.6500009"/>
 <node id="7926515684" visible="true" version="1" changeset="91191463" timestamp="2020-09-21T00:26:25Z" user="stargunru" uid="9133906" lat="55.7197746" lon="37.6514868"/>
 <node id="7926557585" visible="true" version="1" changeset="91191463" timestamp="2020-09-21T00:26:25Z" user="stargunru" uid="9133906" lat="55.7198162" lon="37.6514782"/>
 <node id="7926557586" visible="true" version="1" changeset="91191463" timestamp="2020-09-21T00:26:25Z" user="stargunru" uid="9133906" lat="55.7198539" lon="37.6515747"/>
 <node id="7926557587" visible="true" version="1" changeset="91191463" timestamp="2020-09-21T00:26:25Z" user="stargunru" uid="9133906" lat="55.7198373" lon="37.6516632"/>
 <node id="7926557588" visible="true" version="1" changeset="91191463" timestamp="2020-09-21T00:26:25Z" user="stargunru" uid="9133906" lat="55.7206138" lon="37.6535783"/>
 <node id="7926557589" visible="true" version="1" changeset="91191463" timestamp="2020-09-21T00:26:25Z" user="stargunru" uid="9133906" lat="55.7207890" lon="37.6539753"/>
 <node id="7926557590" visible="true" version="1" changeset="91191463" timestamp="2020-09-21T00:26:25Z" user="stargunru" uid="9133906" lat="55.7209522" lon="37.6543186"/>
 <node id="7926557591" visible="true" version="1" changeset="91191463" timestamp="2020-09-21T00:26:25Z" user="stargunru" uid="9133906" lat="55.7211123" lon="37.6546083"/>
 <node id="7926557592" visible="true" version="1" changeset="91191463" timestamp="2020-09-21T00:26:25Z" user="stargunru" uid="9133906" lat="55.7212966" lon="37.6549034"/>
 <node id="7926557593" visible="true" version="1" changeset="91191463" timestamp="2020-09-21T00:26:25Z" user="stargunru" uid="9133906" lat="55.7214900" lon="37.6551662"/>
 <node id="7926557594" visible="true" version="1" changeset="91191463" timestamp="2020-09-21T00:26:25Z" user="stargunru" uid="9133906" lat="55.7216909" lon="37.6554076"/>
 <node id="7926557595" visible="true" version="1" changeset="91191463" timestamp="2020-09-21T00:26:25Z" user="stargunru" uid="9133906" lat="55.7220248" lon="37.6557509"/>
 <node id="7926557596" visible="true" version="1" changeset="91191463" timestamp="2020-09-21T00:26:25Z" user="stargunru" uid="9133906" lat="55.7222801" lon="37.6559682"/>
 <node id="7926557597" visible="true" version="1" changeset="91191463" timestamp="2020-09-21T00:26:25Z" user="stargunru" uid="9133906" lat="55.7225339" lon="37.6561399"/>
 <node id="7926557598" visible="true" version="1" changeset="91191463" timestamp="2020-09-21T00:26:25Z" user="stargunru" uid="9133906" lat="55.7228012" lon="37.6562820"/>
 <node id="7926557599" visible="true" version="1" changeset="91191463" timestamp="2020-09-21T00:26:25Z" user="stargunru" uid="9133906" lat="55.7231441" lon="37.6564000"/>
 <node id="7926557600" visible="true" version="1" changeset="91191463" timestamp="2020-09-21T00:26:25Z" user="stargunru" uid="9133906" lat="55.7235324" lon="37.6564885"/>
 <node id="7926557601" visible="true" version="1" changeset="91191463" timestamp="2020-09-21T00:26:25Z" user="stargunru" uid="9133906" lat="55.7238526" lon="37.6564993"/>
 <node id="7926557602" visible="true" version="1" changeset="91191463" timestamp="2020-09-21T00:26:25Z" user="stargunru" uid="9133906" lat="55.7241034" lon="37.6564751"/>
 <node id="7926557603" visible="true" version="1" changeset="91191463" timestamp="2020-09-21T00:26:25Z" user="stargunru" uid="9133906" lat="55.7241608" lon="37.6564081"/>
 <node id="7926557604" visible="true" version="1" changeset="91191463" timestamp="2020-09-21T00:26:25Z" user="stargunru" uid="9133906" lat="55.7242680" lon="37.6563947"/>
 <node id="7926557605" visible="true" version="1" changeset="91191463" timestamp="2020-09-21T00:26:25Z" user="stargunru" uid="9133906" lat="55.7243315" lon="37.6564349"/>
 <node id="7926557606" visible="true" version="1" changeset="91191463" timestamp="2020-09-21T00:26:25Z" user="stargunru" uid="9133906" lat="55.7248481" lon="37.6563008"/>
 <node id="7926557607" visible="true" version="1" changeset="91191463" timestamp="2020-09-21T00:26:25Z" user="stargunru" uid="9133906" lat="55.7249115" lon="37.6562176"/>
 <node id="7926557608" visible="true" version="1" changeset="91191463" timestamp="2020-09-21T00:26:25Z" user="stargunru" uid="9133906" lat="55.7250308" lon="37.6561747"/>
 <node id="7926557609" visible="true" version="1" changeset="91191463" timestamp="2020-09-21T00:26:25Z" user="stargunru" uid="9133906" lat="55.7251079" lon="37.6562042"/>
 <node id="7926557610" visible="true" version="1" changeset="91191463" timestamp="2020-09-21T00:26:25Z" user="stargunru" uid="9133906" lat="55.7255761" lon="37.6559789"/>
 <node id="7926557611" visible="true" version="1" changeset="91191463" timestamp="2020-09-21T00:26:25Z" user="stargunru" uid="9133906" lat="55.7262287" lon="37.6555390"/>
 <node id="7926557612" visible="true" version="1" changeset="91191463" timestamp="2020-09-21T00:26:25Z" user="stargunru" uid="9133906" lat="55.7270186" lon="37.6549329"/>
 <node id="7926557613" visible="true" version="1" changeset="91191463" timestamp="2020-09-21T00:26:25Z" user="stargunru" uid="9133906" lat="55.7273615" lon="37.6546351"/>
 <node id="7926557614" visible="true" version="1" changeset="91191463" timestamp="2020-09-21T00:26:25Z" user="stargunru" uid="9133906" lat="55.7277557" lon="37.6542328"/>
 <node id="7926557615" visible="true" version="1" changeset="91191463" timestamp="2020-09-21T00:26:25Z" user="stargunru" uid="9133906" lat="55.7281137" lon="37.6537902"/>
 <node id="7926557616" visible="true" version="1" changeset="91191463" timestamp="2020-09-21T00:26:25Z" user="stargunru" uid="9133906" lat="55.7283055" lon="37.6532404"/>
 <node id="7926557617" visible="true" version="1" changeset="91191463" timestamp="2020-09-21T00:26:25Z" user="stargunru" uid="9133906" lat="55.7284611" lon="37.6530204"/>
 <node id="7926557618" visible="true" version="1" changeset="91191463" timestamp="2020-09-21T00:26:25Z" user="stargunru" uid="9133906" lat="55.7286106" lon="37.6528917"/>
 <node id="7926557619" visible="true" version="1" changeset="91191463" timestamp="2020-09-21T00:26:25Z" user="stargunru" uid="9133906" lat="55.7287058" lon="37.6528783"/>
 <node id="7926557620" visible="true" version="1" changeset="91191463" timestamp="2020-09-21T00:26:25Z" user="stargunru" uid="9133906" lat="55.7295138" lon="37.6515828"/>
 <node id="7926557621" visible="true" version="1" changeset="91191463" timestamp="2020-09-21T00:26:25Z" user="stargunru" uid="9133906" lat="55.7300696" lon="37.6507352"/>
 <node id="7926557622" visible="true" version="1" changeset="91191463" timestamp="2020-09-21T00:26:25Z" user="stargunru" uid="9133906" lat="55.7307553" lon="37.6496194"/>
 <node id="7926557623" visible="true" version="1" changeset="91191463" timestamp="2020-09-21T00:26:25Z" user="stargunru" uid="9133906" lat="55.7309652" lon="37.6492090"/>
 <node id="7926557624" visible="true" version="1" changeset="91191463" timestamp="2020-09-21T00:26:25Z" user="stargunru" uid="9133906" lat="55.7311389" lon="37.6486592"/>
 <node id="7926557625" visible="true" version="1" changeset="91191463" timestamp="2020-09-21T00:26:25Z" user="stargunru" uid="9133906" lat="55.7312718" lon="37.6478223"/>
 <node id="7926557626" visible="true" version="1" changeset="91191463" timestamp="2020-09-21T00:26:25Z" user="stargunru" uid="9133906" lat="55.7317959" lon="37.6480986"/>
 <node id="7926557627" visible="true" version="1" changeset="91191463" timestamp="2020-09-21T00:26:25Z" user="stargunru" uid="9133906" lat="55.7318125" lon="37.6481791"/>
 <node id="7926557628" visible="true" version="1" changeset="91191463" timestamp="2020-09-21T00:26:25Z" user="stargunru" uid="9133906" lat="55.7319530" lon="37.6483910"/>
 <node id="7926557629" visible="true" version="1" changeset="91191463" timestamp="2020-09-21T00:26:25Z" user="stargunru" uid="9133906" lat="55.7321674" lon="37.6486189"/>
 <node id="7926557630" visible="true" version="1" changeset="91191463" timestamp="2020-09-21T00:26:25Z" user="stargunru" uid="9133906" lat="55.7339449" lon="37.6475219"/>
 <node id="7926557631" visible="true" version="1" changeset="91191463" timestamp="2020-09-21T00:26:25Z" user="stargunru" uid="9133906" lat="55.7339691" lon="37.6474334"/>
 <node id="7926557632" visible="true" version="1" changeset="91191463" timestamp="2020-09-21T00:26:25Z" user="stargunru" uid="9133906" lat="55.7340069" lon="37.6474066"/>
 <node id="7926557633" visible="true" version="1" changeset="91191463" timestamp="2020-09-21T00:26:25Z" user="stargunru" uid="9133906" lat="55.7340627" lon="37.6474575"/>
 <node id="7926557634" visible="true" version="1" changeset="91191463" timestamp="2020-09-21T00:26:25Z" user="stargunru" uid="9133906" lat="55.7355971" lon="37.6464785"/>
 <node id="7926557635" visible="true" version="1" changeset="91191463" timestamp="2020-09-21T00:26:25Z" user="stargunru" uid="9133906" lat="55.7357556" lon="37.6462157"/>
 <node id="7926557636" visible="true" version="1" changeset="91191463" timestamp="2020-09-21T00:26:25Z" user="stargunru" uid="9133906" lat="55.7357677" lon="37.6460467"/>
 <node id="7926557637" visible="true" version="1" changeset="91191463" timestamp="2020-09-21T00:26:25Z" user="stargunru" uid="9133906" lat="55.7362268" lon="37.6458026"/>
 <node id="7926557638" visible="true" version="1" changeset="91191463" timestamp="2020-09-21T00:26:25Z" user="stargunru" uid="9133906" lat="55.7369033" lon="37.6458348"/>
 <node id="7926557639" visible="true" version="1" changeset="91191463" timestamp="2020-09-21T00:26:25Z" user="stargunru" uid="9133906" lat="55.7377398" lon="37.6454486"/>
 <node id="7926557640" visible="true" version="1" changeset="91191463" timestamp="2020-09-21T00:26:25Z" user="stargunru" uid="9133906" lat="55.7383333" lon="37.6451643"/>
 <node id="7926557641" visible="true" version="1" changeset="91191463" timestamp="2020-09-21T00:26:25Z" user="stargunru" uid="9133906" lat="55.7394884" lon="37.6445500"/>
 <node id="7926557642" visible="true" version="1" changeset="91191463" timestamp="2020-09-21T00:26:25Z" user="stargunru" uid="9133906" lat="55.7406118" lon="37.6439492"/>
 <node id="7926557643" visible="true" version="1" changeset="91191463" timestamp="2020-09-21T00:26:25Z" user="stargunru" uid="9133906" lat="55.7406873" lon="37.6438580"/>
 <node id="7926557644" visible="true" version="1" changeset="91191463" timestamp="2020-09-21T00:26:25Z" user="stargunru" uid="9133906" lat="55.7409863" lon="37.6436944"/>
 <node id="7926557645" visible="true" version="1" changeset="91191463" timestamp="2020-09-21T00:26:25Z" user="stargunru" uid="9133906" lat="55.7410844" lon="37.6437105"/>
 <node id="7926557646" visible="true" version="1" changeset="91191463" timestamp="2020-09-21T00:26:25Z" user="stargunru" uid="9133906" lat="55.7415691" lon="37.6433886"/>
 <node id="7926557647" visible="true" version="1" changeset="91191463" timestamp="2020-09-21T00:26:25Z" user="stargunru" uid="9133906" lat="55.7422938" lon="37.6427932"/>
 <node id="7926557648" visible="true" version="1" changeset="91191463" timestamp="2020-09-21T00:26:25Z" user="stargunru" uid="9133906" lat="55.7433387" lon="37.6418544"/>
 <node id="7926557649" visible="true" version="1" changeset="91191463" timestamp="2020-09-21T00:26:25Z" user="stargunru" uid="9133906" lat="55.7434111" lon="37.6417230"/>
 <node id="7926557650" visible="true" version="1" changeset="91191463" timestamp="2020-09-21T00:26:25Z" user="stargunru" uid="9133906" lat="55.7436663" lon="37.6414655"/>
 <node id="7926557651" visible="true" version="1" changeset="91191463" timestamp="2020-09-21T00:26:25Z" user="stargunru" uid="9133906" lat="55.7437508" lon="37.6414387"/>
 <node id="7926557652" visible="true" version="1" changeset="91191463" timestamp="2020-09-21T00:26:25Z" user="stargunru" uid="9133906" lat="55.7445374" lon="37.6406099"/>
 <node id="7926557653" visible="true" version="1" changeset="91191463" timestamp="2020-09-21T00:26:25Z" user="stargunru" uid="9133906" lat="55.7446250" lon="37.6406689"/>
 <node id="7926557654" visible="true" version="1" changeset="91191463" timestamp="2020-09-21T00:26:25Z" user="stargunru" uid="9133906" lat="55.7455052" lon="37.6394994"/>
 <node id="7926557655" visible="true" version="1" changeset="91191463" timestamp="2020-09-21T00:26:25Z" user="stargunru" uid="9133906" lat="55.7458328" lon="37.6389818"/>
 <node id="7926557656" visible="true" version="1" changeset="91191463" timestamp="2020-09-21T00:26:25Z" user="stargunru" uid="9133906" lat="55.7459038" lon="37.6387833"/>
 <node id="7926557657" visible="true" version="1" changeset="91191463" timestamp="2020-09-21T00:26:25Z" user="stargunru" uid="9133906" lat="55.7461227" lon="37.6384400"/>
 <node id="7926557658" visible="true" version="1" changeset="91191463" timestamp="2020-09-21T00:26:25Z" user="stargunru" uid="9133906" lat="55.7462404" lon="37.6383380"/>
 <node id="7926557659" visible="true" version="1" changeset="91191463" timestamp="2020-09-21T00:26:25Z" user="stargunru" uid="9133906" lat="55.7451157" lon="37.6364444"/>
 <node id="7926557660" visible="true" version="1" changeset="91191463" timestamp="2020-09-21T00:26:25Z" user="stargunru" uid="9133906" lat="55.7450870" lon="37.6363371"/>
 <node id="7926557661" visible="true" version="1" changeset="91191463" timestamp="2020-09-21T00:26:25Z" user="stargunru" uid="9133906" lat="55.7455203" lon="37.6355754"/>
 <node id="7926557662" visible="true" version="1" changeset="91191463" timestamp="2020-09-21T00:26:25Z" user="stargunru" uid="9133906" lat="55.7456969" lon="37.6353152"/>
 <node id="7926557663" visible="true" version="1" changeset="91191463" timestamp="2020-09-21T00:26:25Z" user="stargunru" uid="9133906" lat="55.7457030" lon="37.6352025"/>
 <node id="7926557664" visible="true" version="1" changeset="91191463" timestamp="2020-09-21T00:26:25Z" user="stargunru" uid="9133906" lat="55.7458102" lon="37.6349853"/>
 <node id="7926557665" visible="true" version="1" changeset="91191463" timestamp="2020-09-21T00:26:25Z" user="stargunru" uid="9133906" lat="55.7458328" lon="37.6348780"/>
 <node id="7926557666" visible="true" version="1" changeset="91191463" timestamp="2020-09-21T00:26:25Z" user="stargunru" uid="9133906" lat="55.7458992" lon="37.6348082"/>
 <node id="7926557667" visible="true" version="1" changeset="91191463" timestamp="2020-09-21T00:26:25Z" user="stargunru" uid="9133906" lat="55.7459068" lon="37.6347117"/>
 <node id="7926557668" visible="true" version="1" changeset="91191463" timestamp="2020-09-21T00:26:25Z" user="stargunru" uid="9133906" lat="55.7461936" lon="37.6337836"/>
 <node id="7926557669" visible="true" version="1" changeset="91191463" timestamp="2020-09-21T00:26:25Z" user="stargunru" uid="9133906" lat="55.7464291" lon="37.6328261"/>
 <node id="7926557670" visible="true" version="1" changeset="91191463" timestamp="2020-09-21T00:26:25Z" user="stargunru" uid="9133906" lat="55.7464306" lon="37.6327564"/>
 <node id="7926557671" visible="true" version="1" changeset="91191463" timestamp="2020-09-21T00:26:25Z" user="stargunru" uid="9133906" lat="55.7467205" lon="37.6315386"/>
 <node id="7926557672" visible="true" version="1" changeset="91191463" timestamp="2020-09-21T00:26:25Z" user="stargunru" uid="9133906" lat="55.7469137" lon="37.6306213"/>
 <node id="7926557673" visible="true" version="1" changeset="91191463" timestamp="2020-09-21T00:26:25Z" user="stargunru" uid="9133906" lat="55.7469681" lon="37.6305274"/>
 <node id="7926557674" visible="true" version="1" changeset="91191463" timestamp="2020-09-21T00:26:25Z" user="stargunru" uid="9133906" lat="55.7471417" lon="37.6298006"/>
 <node id="7926557675" visible="true" version="1" changeset="91191463" timestamp="2020-09-21T00:26:25Z" user="stargunru" uid="9133906" lat="55.7471477" lon="37.6296745"/>
 <node id="7926557676" visible="true" version="1" changeset="91191463" timestamp="2020-09-21T00:26:25Z" user="stargunru" uid="9133906" lat="55.7475282" lon="37.6280357"/>
 <node id="7926557677" visible="true" version="2" changeset="91596928" timestamp="2020-09-27T20:32:24Z" user="stargunru" uid="9133906" lat="55.7476444" lon="37.6273490"/>
 <node id="7926557678" visible="true" version="2" changeset="91596928" timestamp="2020-09-27T20:32:24Z" user="stargunru" uid="9133906" lat="55.7481667" lon="37.6275019"/>
 <node id="7926557679" visible="true" version="1" changeset="91191463" timestamp="2020-09-21T00:26:25Z" user="stargunru" uid="9133906" lat="55.7481652" lon="37.6276360"/>
 <node id="8608386468" visible="true" version="2" changeset="107777618" timestamp="2021-07-11T11:13:45Z" user="Enzet" uid="380996" lat="55.7443830" lon="37.6636829"/>
 <node id="9119662587" visible="true" version="1" changeset="111636853" timestamp="2021-09-24T09:19:22Z" user="literan" uid="830106" lat="55.7438749" lon="37.6413102"/>
 <node id="9288692068" visible="true" version="2" changeset="175777830" timestamp="2025-12-10T21:35:52Z" user="Александр Синявский" uid="3798127" lat="55.7331353" lon="37.6480215"/>
 <node id="9859395040" visible="true" version="1" changeset="123066498" timestamp="2022-07-01T03:32:56Z" user="Sergey Golyashov" uid="116283" lat="55.7240047" lon="37.6523366"/>
 <node id="9859395041" visible="true" version="1" changeset="123066498" timestamp="2022-07-01T03:32:56Z" user="Sergey Golyashov" uid="116283" lat="55.7229878" lon="37.6552943"/>
 <node id="9859395042" visible="true" version="1" changeset="123066498" timestamp="2022-07-01T03:32:56Z" user="Sergey Golyashov" uid="116283" lat="55.7228788" lon="37.6556253"/>
 <node id="9859395043" visible="true" version="1" changeset="123066498" timestamp="2022-07-01T03:32:56Z" user="Sergey Golyashov" uid="116283" lat="55.7227376" lon="37.6553906">
  <tag k="access" v="no"/>
  <tag k="barrier" v="lift_gate"/>
 </node>
 <node id="9859395044" visible="true" version="1" changeset="123066498" timestamp="2022-07-01T03:32:56Z" user="Sergey Golyashov" uid="116283" lat="55.7226133" lon="37.6554259"/>
 <node id="9859395045" visible="true" version="1" changeset="123066498" timestamp="2022-07-01T03:32:56Z" user="Sergey Golyashov" uid="116283" lat="55.7223347" lon="37.6551959"/>
 <node id="9859395046" visible="true" version="1" changeset="123066498" timestamp="2022-07-01T03:32:56Z" user="Sergey Golyashov" uid="116283" lat="55.7224058" lon="37.6552846"/>
 <node id="9859395047" visible="true" version="1" changeset="123066498" timestamp="2022-07-01T03:32:56Z" user="Sergey Golyashov" uid="116283" lat="55.7227488" lon="37.6542794"/>
 <node id="9859395048" visible="true" version="1" changeset="123066498" timestamp="2022-07-01T03:32:56Z" user="Sergey Golyashov" uid="116283" lat="55.7226748" lon="37.6541998"/>
 <node id="9859395049" visible="true" version="1" changeset="123066498" timestamp="2022-07-01T03:32:56Z" user="Sergey Golyashov" uid="116283" lat="55.7225627" lon="37.6554717"/>
 <node id="9859395050" visible="true" version="1" changeset="123066498" timestamp="2022-07-01T03:32:56Z" user="Sergey Golyashov" uid="116283" lat="55.7221032" lon="37.6549946"/>
 <node id="9859395051" visible="true" version="1" changeset="123066498" timestamp="2022-07-01T03:32:56Z" user="Sergey Golyashov" uid="116283" lat="55.7220537" lon="37.6550379"/>
 <node id="9859395052" visible="true" version="1" changeset="123066498" timestamp="2022-07-01T03:32:56Z" user="Sergey Golyashov" uid="116283" lat="55.7220838" lon="37.6550536"/>
 <node id="9859455314" visible="true" version="1" changeset="123066604" timestamp="2022-07-01T03:41:13Z" user="Sergey Golyashov" uid="116283" lat="55.7226871" lon="37.6556703"/>
 <node id="10629750217" visible="true" version="1" changeset="132298784" timestamp="2023-02-09T10:17:35Z" user="solenoid jam" uid="10129333" lat="55.7231541" lon="37.6532671">
  <tag k="entrance" v="yes"/>
 </node>
 <node id="10636811451" visible="true" version="3" changeset="135682505" timestamp="2023-05-04T03:54:59Z" user="Bobropiton" uid="2055718" lat="55.7118942" lon="37.6329662"/>
 <node id="10636811452" visible="true" version="3" changeset="135682505" timestamp="2023-05-04T03:54:59Z" user="Bobropiton" uid="2055718" lat="55.7122457" lon="37.6330304"/>
 <node id="10636811453" visible="true" version="2" changeset="132716508" timestamp="2023-02-18T14:17:08Z" user="TheXenon" uid="18395822" lat="55.7124533" lon="37.6330424"/>
 <node id="10636811454" visible="true" version="3" changeset="135682505" timestamp="2023-05-04T03:54:59Z" user="Bobropiton" uid="2055718" lat="55.7128873" lon="37.6330563"/>
 <node id="10636811457" visible="true" version="3" changeset="135682505" timestamp="2023-05-04T03:54:59Z" user="Bobropiton" uid="2055718" lat="55.7131214" lon="37.6330764"/>
 <node id="10636811458" visible="true" version="3" changeset="135682505" timestamp="2023-05-04T03:54:59Z" user="Bobropiton" uid="2055718" lat="55.7132617" lon="37.6330876"/>
 <node id="10636811459" visible="true" version="3" changeset="135682505" timestamp="2023-05-04T03:54:59Z" user="Bobropiton" uid="2055718" lat="55.7135100" lon="37.6331053"/>
 <node id="10636811462" visible="true" version="4" changeset="135707721" timestamp="2023-05-04T16:00:52Z" user="Bobropiton" uid="2055718" lat="55.7143253" lon="37.6332655"/>
 <node id="10636811463" visible="true" version="4" changeset="135707721" timestamp="2023-05-04T16:00:52Z" user="Bobropiton" uid="2055718" lat="55.7146366" lon="37.6332905"/>
 <node id="10636811464" visible="true" version="3" changeset="135682505" timestamp="2023-05-04T03:54:59Z" user="Bobropiton" uid="2055718" lat="55.7148347" lon="37.6332809"/>
 <node id="10636811465" visible="true" version="3" changeset="135682505" timestamp="2023-05-04T03:54:59Z" user="Bobropiton" uid="2055718" lat="55.7151553" lon="37.6332296"/>
 <node id="10636811466" visible="true" version="3" changeset="135682505" timestamp="2023-05-04T03:54:59Z" user="Bobropiton" uid="2055718" lat="55.7152037" lon="37.6332216"/>
 <node id="10636811467" visible="true" version="3" changeset="135682505" timestamp="2023-05-04T03:54:59Z" user="Bobropiton" uid="2055718" lat="55.7152767" lon="37.6332103"/>
 <node id="10636811468" visible="true" version="2" changeset="132716508" timestamp="2023-02-18T14:17:08Z" user="TheXenon" uid="18395822" lat="55.7154994" lon="37.6331712"/>
 <node id="10636811470" visible="true" version="2" changeset="132716508" timestamp="2023-02-18T14:17:08Z" user="TheXenon" uid="18395822" lat="55.7157218" lon="37.6331283"/>
 <node id="10636811471" visible="true" version="2" changeset="132716508" timestamp="2023-02-18T14:17:08Z" user="TheXenon" uid="18395822" lat="55.7160224" lon="37.6332088"/>
 <node id="10636811479" visible="true" version="2" changeset="132716508" timestamp="2023-02-18T14:17:08Z" user="TheXenon" uid="18395822" lat="55.7182007" lon="37.6341949"/>
 <node id="10636811480" visible="true" version="2" changeset="132716508" timestamp="2023-02-18T14:17:08Z" user="TheXenon" uid="18395822" lat="55.7182458" lon="37.6342153"/>
 <node id="10636811485" visible="true" version="3" changeset="135707721" timestamp="2023-05-04T16:00:52Z" user="Bobropiton" uid="2055718" lat="55.7203410" lon="37.6350623"/>
 <node id="10636811488" visible="true" version="3" changeset="135707721" timestamp="2023-05-04T16:00:52Z" user="Bobropiton" uid="2055718" lat="55.7208756" lon="37.6352810"/>
 <node id="10636811495" visible="true" version="2" changeset="132716508" timestamp="2023-02-18T14:17:08Z" user="TheXenon" uid="18395822" lat="55.7233918" lon="37.6364037"/>
 <node id="10636811496" visible="true" version="2" changeset="132716508" timestamp="2023-02-18T14:17:08Z" user="TheXenon" uid="18395822" lat="55.7233907" lon="37.6364521"/>
 <node id="10636811497" visible="true" version="2" changeset="132716508" timestamp="2023-02-18T14:17:08Z" user="TheXenon" uid="18395822" lat="55.7235438" lon="37.6364239"/>
 <node id="10636811498" visible="true" version="5" changeset="141938746" timestamp="2023-09-30T07:11:47Z" user="augxcgrwxo" uid="371263" lat="55.7235283" lon="37.6366029">
  <tag k="button_operated" v="yes"/>
  <tag k="crossing" v="traffic_signals"/>
  <tag k="crossing:island" v="no"/>
  <tag k="highway" v="crossing"/>
  <tag k="kerb" v="lowered"/>
  <tag k="tactile_paving" v="no"/>
  <tag k="traffic_signals:sound" v="yes"/>
 </node>
 <node id="10636811499" visible="true" version="2" changeset="132716508" timestamp="2023-02-18T14:17:08Z" user="TheXenon" uid="18395822" lat="55.7234312" lon="37.6372094"/>
 <node id="10636811500" visible="true" version="2" changeset="132716508" timestamp="2023-02-18T14:17:08Z" user="TheXenon" uid="18395822" lat="55.7233478" lon="37.6377181"/>
 <node id="10636811501" visible="true" version="2" changeset="132716508" timestamp="2023-02-18T14:17:08Z" user="TheXenon" uid="18395822" lat="55.7233181" lon="37.6379138"/>
 <node id="10636811502" visible="true" version="2" changeset="132716508" timestamp="2023-02-18T14:17:08Z" user="TheXenon" uid="18395822" lat="55.7232647" lon="37.6382281"/>
 <node id="10636811503" visible="true" version="2" changeset="132716508" timestamp="2023-02-18T14:17:08Z" user="TheXenon" uid="18395822" lat="55.7232400" lon="37.6383746"/>
 <node id="10636811504" visible="true" version="2" changeset="132716508" timestamp="2023-02-18T14:17:08Z" user="TheXenon" uid="18395822" lat="55.7230999" lon="37.6390909"/>
 <node id="10636832105" visible="true" version="2" changeset="132716508" timestamp="2023-02-18T14:17:08Z" user="TheXenon" uid="18395822" lat="55.7229505" lon="37.6398034"/>
 <node id="10636832106" visible="true" version="2" changeset="132716508" timestamp="2023-02-18T14:17:08Z" user="TheXenon" uid="18395822" lat="55.7229014" lon="37.6400068"/>
 <node id="10636832107" visible="true" version="2" changeset="132716508" timestamp="2023-02-18T14:17:08Z" user="TheXenon" uid="18395822" lat="55.7228806" lon="37.6400836"/>
 <node id="10636832108" visible="true" version="2" changeset="132716508" timestamp="2023-02-18T14:17:08Z" user="TheXenon" uid="18395822" lat="55.7225810" lon="37.6409973"/>
 <node id="10636832109" visible="true" version="2" changeset="132716508" timestamp="2023-02-18T14:17:08Z" user="TheXenon" uid="18395822" lat="55.7224970" lon="37.6411959"/>
 <node id="10636832110" visible="true" version="2" changeset="132716508" timestamp="2023-02-18T14:17:08Z" user="TheXenon" uid="18395822" lat="55.7224654" lon="37.6412623"/>
 <node id="10636832111" visible="true" version="2" changeset="132716508" timestamp="2023-02-18T14:17:08Z" user="TheXenon" uid="18395822" lat="55.7222512" lon="37.6416220"/>
 <node id="10636832112" visible="true" version="2" changeset="132716508" timestamp="2023-02-18T14:17:08Z" user="TheXenon" uid="18395822" lat="55.7222252" lon="37.6416903"/>
 <node id="10636832113" visible="true" version="2" changeset="132716508" timestamp="2023-02-18T14:17:08Z" user="TheXenon" uid="18395822" lat="55.7222114" lon="37.6417640"/>
 <node id="10636832114" visible="true" version="2" changeset="132716508" timestamp="2023-02-18T14:17:08Z" user="TheXenon" uid="18395822" lat="55.7221979" lon="37.6418816"/>
 <node id="10636832115" visible="true" version="2" changeset="132716508" timestamp="2023-02-18T14:17:08Z" user="TheXenon" uid="18395822" lat="55.7222079" lon="37.6420640"/>
 <node id="10636832116" visible="true" version="2" changeset="132716508" timestamp="2023-02-18T14:17:08Z" user="TheXenon" uid="18395822" lat="55.7223284" lon="37.6428855"/>
 <node id="10636832117" visible="true" version="2" changeset="132716508" timestamp="2023-02-18T14:17:08Z" user="TheXenon" uid="18395822" lat="55.7223928" lon="37.6434008"/>
 <node id="10636832118" visible="true" version="2" changeset="132716508" timestamp="2023-02-18T14:17:08Z" user="TheXenon" uid="18395822" lat="55.7226219" lon="37.6438081">
  <tag k="crossing" v="uncontrolled"/>
  <tag k="highway" v="crossing"/>
  <tag k="tactile_paving" v="no"/>
 </node>
 <node id="10636832119" visible="true" version="2" changeset="132716508" timestamp="2023-02-18T14:17:08Z" user="TheXenon" uid="18395822" lat="55.7237267" lon="37.6440459"/>
 <node id="10636832120" visible="true" version="2" changeset="132716508" timestamp="2023-02-18T14:17:08Z" user="TheXenon" uid="18395822" lat="55.7261346" lon="37.6444769"/>
 <node id="10636832121" visible="true" version="2" changeset="132716508" timestamp="2023-02-18T14:17:08Z" user="TheXenon" uid="18395822" lat="55.7279837" lon="37.6448776"/>
 <node id="10636832122" visible="true" version="2" changeset="132716508" timestamp="2023-02-18T14:17:08Z" user="TheXenon" uid="18395822" lat="55.7294820" lon="37.6460336"/>
 <node id="10636832123" visible="true" version="2" changeset="132716508" timestamp="2023-02-18T14:17:08Z" user="TheXenon" uid="18395822" lat="55.7281645" lon="37.6513063"/>
 <node id="10636832124" visible="true" version="2" changeset="132716508" timestamp="2023-02-18T14:17:08Z" user="TheXenon" uid="18395822" lat="55.7276333" lon="37.6513869"/>
 <node id="10636832125" visible="true" version="2" changeset="132716508" timestamp="2023-02-18T14:17:08Z" user="TheXenon" uid="18395822" lat="55.7287522" lon="37.6538707"/>
 <node id="10636832126" visible="true" version="2" changeset="132716508" timestamp="2023-02-18T14:17:08Z" user="TheXenon" uid="18395822" lat="55.7284472" lon="37.6542974"/>
 <node id="10636832127" visible="true" version="2" changeset="132716508" timestamp="2023-02-18T14:17:08Z" user="TheXenon" uid="18395822" lat="55.7271557" lon="37.6556925"/>
 <node id="10636832128" visible="true" version="2" changeset="132716508" timestamp="2023-02-18T14:17:08Z" user="TheXenon" uid="18395822" lat="55.7257034" lon="37.6567917"/>
 <node id="10636832129" visible="true" version="2" changeset="132716508" timestamp="2023-02-18T14:17:08Z" user="TheXenon" uid="18395822" lat="55.7235487" lon="37.6571722"/>
 <node id="10636832130" visible="true" version="2" changeset="132716508" timestamp="2023-02-18T14:17:08Z" user="TheXenon" uid="18395822" lat="55.7219058" lon="37.6569186"/>
 <node id="10636832131" visible="true" version="2" changeset="132716508" timestamp="2023-02-18T14:17:08Z" user="TheXenon" uid="18395822" lat="55.7205604" lon="37.6549738"/>
 <node id="10636832132" visible="true" version="2" changeset="132716508" timestamp="2023-02-18T14:17:08Z" user="TheXenon" uid="18395822" lat="55.7192984" lon="37.6520567"/>
 <node id="10636832133" visible="true" version="2" changeset="132716508" timestamp="2023-02-18T14:17:08Z" user="TheXenon" uid="18395822" lat="55.7176672" lon="37.6488648"/>
 <node id="10636832134" visible="true" version="2" changeset="132716508" timestamp="2023-02-18T14:17:08Z" user="TheXenon" uid="18395822" lat="55.7160479" lon="37.6479770"/>
 <node id="10636832135" visible="true" version="2" changeset="132716508" timestamp="2023-02-18T14:17:08Z" user="TheXenon" uid="18395822" lat="55.7146428" lon="37.6480616"/>
 <node id="10636832136" visible="true" version="2" changeset="132716508" timestamp="2023-02-18T14:17:08Z" user="TheXenon" uid="18395822" lat="55.7125470" lon="37.6490339"/>
 <node id="10636832137" visible="true" version="2" changeset="132716508" timestamp="2023-02-18T14:17:08Z" user="TheXenon" uid="18395822" lat="55.7107369" lon="37.6496892"/>
 <node id="10636832138" visible="true" version="2" changeset="132716508" timestamp="2023-02-18T14:17:08Z" user="TheXenon" uid="18395822" lat="55.7094269" lon="37.6492665"/>
 <node id="10636832139" visible="true" version="2" changeset="132716508" timestamp="2023-02-18T14:17:08Z" user="TheXenon" uid="18395822" lat="55.7080216" lon="37.6468355"/>
 <node id="10636832140" visible="true" version="2" changeset="132716508" timestamp="2023-02-18T14:17:08Z" user="TheXenon" uid="18395822" lat="55.7071760" lon="37.6427770"/>
 <node id="10636832141" visible="true" version="2" changeset="132716508" timestamp="2023-02-18T14:17:08Z" user="TheXenon" uid="18395822" lat="55.7073547" lon="37.6399867"/>
 <node id="10636832142" visible="true" version="2" changeset="132716508" timestamp="2023-02-18T14:17:08Z" user="TheXenon" uid="18395822" lat="55.7080812" lon="37.6358436"/>
 <node id="10636832143" visible="true" version="2" changeset="132716508" timestamp="2023-02-18T14:17:08Z" user="TheXenon" uid="18395822" lat="55.7080693" lon="37.6321655"/>
 <node id="10636832144" visible="true" version="2" changeset="132716508" timestamp="2023-02-18T14:17:08Z" user="TheXenon" uid="18395822" lat="55.7069259" lon="37.6287622"/>
 <node id="10636832145" visible="true" version="2" changeset="132716508" timestamp="2023-02-18T14:17:08Z" user="TheXenon" uid="18395822" lat="55.7050322" lon="37.6277264"/>
 <node id="10636832146" visible="true" version="2" changeset="132716508" timestamp="2023-02-18T14:17:08Z" user="TheXenon" uid="18395822" lat="55.7022212" lon="37.6272085"/>
 <node id="10636832147" visible="true" version="2" changeset="132716508" timestamp="2023-02-18T14:17:08Z" user="TheXenon" uid="18395822" lat="55.7012445" lon="37.6271028"/>
 <node id="10636832148" visible="true" version="2" changeset="132716508" timestamp="2023-02-18T14:17:08Z" user="TheXenon" uid="18395822" lat="55.7014946" lon="37.6250313"/>
 <node id="10636832149" visible="true" version="2" changeset="132716508" timestamp="2023-02-18T14:17:08Z" user="TheXenon" uid="18395822" lat="55.7016316" lon="37.6236665"/>
 <node id="10636832150" visible="true" version="2" changeset="132716508" timestamp="2023-02-18T14:17:08Z" user="TheXenon" uid="18395822" lat="55.7014522" lon="37.6216069"/>
 <node id="10636832151" visible="true" version="2" changeset="132716508" timestamp="2023-02-18T14:17:08Z" user="TheXenon" uid="18395822" lat="55.7025905" lon="37.6217760"/>
 <node id="10636832152" visible="true" version="2" changeset="132716508" timestamp="2023-02-18T14:17:08Z" user="TheXenon" uid="18395822" lat="55.7034868" lon="37.6218909"/>
 <node id="10636832153" visible="true" version="2" changeset="132716508" timestamp="2023-02-18T14:17:08Z" user="TheXenon" uid="18395822" lat="55.7042602" lon="37.6229055"/>
 <node id="10636832154" visible="true" version="2" changeset="132716508" timestamp="2023-02-18T14:17:08Z" user="TheXenon" uid="18395822" lat="55.7047687" lon="37.6237247"/>
 <node id="10636832155" visible="true" version="2" changeset="132716508" timestamp="2023-02-18T14:17:08Z" user="TheXenon" uid="18395822" lat="55.7053947" lon="37.6247076"/>
 <node id="10636832156" visible="true" version="2" changeset="132716508" timestamp="2023-02-18T14:17:08Z" user="TheXenon" uid="18395822" lat="55.7061593" lon="37.6258201"/>
 <node id="10636832157" visible="true" version="2" changeset="132716508" timestamp="2023-02-18T14:17:08Z" user="TheXenon" uid="18395822" lat="55.7071373" lon="37.6272297"/>
 <node id="10636832158" visible="true" version="2" changeset="132716508" timestamp="2023-02-18T14:17:08Z" user="TheXenon" uid="18395822" lat="55.7077283" lon="37.6279986"/>
 <node id="10636832159" visible="true" version="2" changeset="132716508" timestamp="2023-02-18T14:17:08Z" user="TheXenon" uid="18395822" lat="55.7082821" lon="37.6286803"/>
 <node id="10636832160" visible="true" version="2" changeset="132716508" timestamp="2023-02-18T14:17:08Z" user="TheXenon" uid="18395822" lat="55.7085843" lon="37.6291427"/>
 <node id="10636832161" visible="true" version="2" changeset="132716508" timestamp="2023-02-18T14:17:08Z" user="TheXenon" uid="18395822" lat="55.7089014" lon="37.6296870"/>
 <node id="10636832162" visible="true" version="2" changeset="132716508" timestamp="2023-02-18T14:17:08Z" user="TheXenon" uid="18395822" lat="55.7089773" lon="37.6297108"/>
 <node id="10636832163" visible="true" version="2" changeset="132716508" timestamp="2023-02-18T14:17:08Z" user="TheXenon" uid="18395822" lat="55.7093692" lon="37.6301481"/>
 <node id="10636832164" visible="true" version="2" changeset="132716508" timestamp="2023-02-18T14:17:08Z" user="TheXenon" uid="18395822" lat="55.7099048" lon="37.6308391"/>
 <node id="10636832165" visible="true" version="2" changeset="132716508" timestamp="2023-02-18T14:17:08Z" user="TheXenon" uid="18395822" lat="55.7102993" lon="37.6313649"/>
 <node id="10636832166" visible="true" version="2" changeset="132716508" timestamp="2023-02-18T14:17:08Z" user="TheXenon" uid="18395822" lat="55.7105962" lon="37.6316529"/>
 <node id="10636832167" visible="true" version="2" changeset="132716508" timestamp="2023-02-18T14:17:08Z" user="TheXenon" uid="18395822" lat="55.7109803" lon="37.6320876"/>
 <node id="10636832168" visible="true" version="2" changeset="132716508" timestamp="2023-02-18T14:17:08Z" user="TheXenon" uid="18395822" lat="55.7111306" lon="37.6323729"/>
 <node id="10636832169" visible="true" version="3" changeset="135682505" timestamp="2023-05-04T03:54:59Z" user="Bobropiton" uid="2055718" lat="55.7116303" lon="37.6327159"/>
 <node id="10695805767" visible="true" version="3" changeset="133251097" timestamp="2023-03-03T12:10:52Z" user="TheXenon" uid="18395822" lat="55.7230277" lon="37.6559182">
  <tag k="emergency" v="fire_hydrant"/>
  <tag k="fire_hydrant:city" v="Москва"/>
  <tag k="fire_hydrant:diameter" v="К-300"/>
  <tag k="fire_hydrant:housenumber" v="7с2"/>
  <tag k="fire_hydrant:pressure" v="5"/>
  <tag k="fire_hydrant:street" v="Дербеневская набережная"/>
  <tag k="fire_hydrant:type" v="underground"/>
  <tag k="fire_operator" v="RU-MSK-25-6"/>
  <tag k="name" v="К-300"/>
  <tag k="operator" v="Мосводоканал (РЭВС-8)"/>
  <tag k="ref" v="17684"/>
 </node>
 <node id="10695805772" visible="true" version="2" changeset="133357943" timestamp="2023-03-06T10:52:14Z" user="TheXenon" uid="18395822" lat="55.7231632" lon="37.6541311">
  <tag k="emergency" v="fire_hydrant"/>
  <tag k="fire_hydrant:city" v="Москва"/>
  <tag k="fire_hydrant:diameter" v="К-250"/>
  <tag k="fire_hydrant:housenumber" v="7"/>
  <tag k="fire_hydrant:pressure" v="5"/>
  <tag k="fire_hydrant:street" v="Дербеневская набережная"/>
  <tag k="fire_hydrant:type" v="underground"/>
  <tag k="fire_operator" v="RU-MSK-25-6"/>
  <tag k="name" v="К-250"/>
  <tag k="operator" v="ООО &quot;МСНФ&quot;"/>
  <tag k="ref" v="2"/>
 </node>
 <node id="10695805774" visible="true" version="2" changeset="133357943" timestamp="2023-03-06T10:52:14Z" user="TheXenon" uid="18395822" lat="55.7228369" lon="37.6533824">
  <tag k="emergency" v="fire_hydrant"/>
  <tag k="fire_hydrant:city" v="Москва"/>
  <tag k="fire_hydrant:diameter" v="К-250"/>
  <tag k="fire_hydrant:housenumber" v="7"/>
  <tag k="fire_hydrant:pressure" v="5"/>
  <tag k="fire_hydrant:street" v="Дербеневская набережная"/>
  <tag k="fire_hydrant:type" v="underground"/>
  <tag k="fire_operator" v="RU-MSK-25-6"/>
  <tag k="name" v="К-250"/>
  <tag k="operator" v="ООО &quot;МСНФ&quot;"/>
  <tag k="ref" v="7"/>
 </node>
 <node id="10695805782" visible="true" version="3" changeset="133251097" timestamp="2023-03-03T12:10:52Z" user="TheXenon" uid="18395822" lat="55.7209142" lon="37.6536141">
  <tag k="emergency" v="fire_hydrant"/>
  <tag k="fire_hydrant:city" v="Москва"/>
  <tag k="fire_hydrant:diameter" v="К-300"/>
  <tag k="fire_hydrant:housenumber" v="11А"/>
  <tag k="fire_hydrant:pressure" v="5"/>
  <tag k="fire_hydrant:street" v="Дербеневская набережная"/>
  <tag k="fire_hydrant:type" v="underground"/>
  <tag k="fire_operator" v="RU-MSK-25-6"/>
  <tag k="name" v="К-300"/>
  <tag k="operator" v="Мосводоканал (РЭВС-8)"/>
  <tag k="ref" v="17681"/>
 </node>
 <node id="10695805783" visible="true" version="4" changeset="141504302" timestamp="2023-09-20T09:41:07Z" user="TheXenon" uid="18395822" lat="55.7213896" lon="37.6546342">
  <tag k="emergency" v="fire_hydrant"/>
  <tag k="fire_hydrant:city" v="Москва"/>
  <tag k="fire_hydrant:diameter" v="К-300"/>
  <tag k="fire_hydrant:housenumber" v="11А"/>
  <tag k="fire_hydrant:pressure" v="5"/>
  <tag k="fire_hydrant:street" v="Дербеневская набережная"/>
  <tag k="fire_hydrant:type" v="underground"/>
  <tag k="fire_operator" v="RU-MSK-25-6"/>
  <tag k="name" v="К-300"/>
  <tag k="operator" v="Мосводоканал (РЭВС-8)"/>
  <tag k="ref" v="17682"/>
 </node>
 <node id="10695805784" visible="true" version="3" changeset="133251097" timestamp="2023-03-03T12:10:52Z" user="TheXenon" uid="18395822" lat="55.7221868" lon="37.6553389">
  <tag k="emergency" v="fire_hydrant"/>
  <tag k="fire_hydrant:city" v="Москва"/>
  <tag k="fire_hydrant:diameter" v="К-300"/>
  <tag k="fire_hydrant:housenumber" v="7"/>
  <tag k="fire_hydrant:pressure" v="5"/>
  <tag k="fire_hydrant:street" v="Дербеневская набережная"/>
  <tag k="fire_hydrant:type" v="underground"/>
  <tag k="fire_operator" v="RU-MSK-25-6"/>
  <tag k="name" v="К-300"/>
  <tag k="operator" v="Мосводоканал (РЭВС-8)"/>
  <tag k="ref" v="17683"/>
 </node>
 <node id="10711268150" visible="true" version="4" changeset="154607276" timestamp="2024-07-30T13:41:49Z" user="mavl" uid="564990" lat="55.7229399" lon="37.6562492">
  <tag k="bus" v="yes"/>
  <tag k="name" v="Дербеневская набережная, 7"/>
  <tag k="note" v="В названии &quot;Дербеневская&quot; нет буквы &quot;ё&quot;, а ударение падает на вторую букву &quot;е&quot; – Дербéневская."/>
  <tag k="public_transport" v="stop_position"/>
 </node>
 <node id="10711268151" visible="true" version="4" changeset="154606945" timestamp="2024-07-30T13:34:06Z" user="mavl" uid="564990" lat="55.7217039" lon="37.6551158">
  <tag k="bus" v="yes"/>
  <tag k="name" v="Дербеневская набережная, 7"/>
  <tag k="note" v="В названии &quot;Дербеневская&quot; нет буквы &quot;ё&quot;, а ударение падает на вторую букву &quot;е&quot; – Дербéневская."/>
  <tag k="public_transport" v="stop_position"/>
 </node>
 <node id="10711268152" visible="true" version="3" changeset="154607308" timestamp="2024-07-30T13:42:15Z" user="mavl" uid="564990" lat="55.7200018" lon="37.6518171">
  <tag k="bus" v="yes"/>
  <tag k="name" v="Детский сад"/>
  <tag k="public_transport" v="stop_position"/>
 </node>
 <node id="10866606006" visible="true" version="1" changeset="135682505" timestamp="2023-05-04T03:54:59Z" user="Bobropiton" uid="2055718" lat="55.7121221" lon="37.6330273"/>
 <node id="10866606019" visible="true" version="1" changeset="135682505" timestamp="2023-05-04T03:54:59Z" user="Bobropiton" uid="2055718" lat="55.7119615" lon="37.6329971"/>
 <node id="10866606027" visible="true" version="1" changeset="135682505" timestamp="2023-05-04T03:54:59Z" user="Bobropiton" uid="2055718" lat="55.7158828" lon="37.6331547"/>
 <node id="10867845742" visible="true" version="1" changeset="135707721" timestamp="2023-05-04T16:00:52Z" user="Bobropiton" uid="2055718" lat="55.7220865" lon="37.6358306">
  <tag k="crossing" v="uncontrolled"/>
  <tag k="crossing:island" v="no"/>
  <tag k="highway" v="crossing"/>
  <tag k="tactile_paving" v="no"/>
 </node>
 <node id="10867845748" visible="true" version="1" changeset="135707721" timestamp="2023-05-04T16:00:52Z" user="Bobropiton" uid="2055718" lat="55.7219386" lon="37.6357670">
  <tag k="crossing" v="uncontrolled"/>
  <tag k="crossing:island" v="no"/>
  <tag k="highway" v="crossing"/>
  <tag k="tactile_paving" v="no"/>
 </node>
 <node id="10867845755" visible="true" version="2" changeset="141667440" timestamp="2023-09-24T06:28:53Z" user="augxcgrwxo" uid="371263" lat="55.7200530" lon="37.6349429">
  <tag k="crossing" v="uncontrolled"/>
  <tag k="crossing:island" v="no"/>
  <tag k="highway" v="crossing"/>
  <tag k="tactile_paving" v="no"/>
 </node>
 <node id="10867922445" visible="true" version="1" changeset="135707721" timestamp="2023-05-04T16:00:52Z" user="Bobropiton" uid="2055718" lat="55.7169079" lon="37.6335905"/>
 <node id="10867922454" visible="true" version="5" changeset="141667853" timestamp="2023-09-24T06:17:42Z" user="augxcgrwxo" uid="371263" lat="55.7168204" lon="37.6335482">
  <tag k="crossing" v="uncontrolled"/>
  <tag k="crossing:island" v="no"/>
  <tag k="highway" v="crossing"/>
  <tag k="maxwidth" v="6.2"/>
  <tag k="source:maxwidth" v="ARCore"/>
  <tag k="tactile_paving" v="no"/>
  <tag k="traffic_calming" v="choker"/>
 </node>
 <node id="10867922508" visible="true" version="1" changeset="135707721" timestamp="2023-05-04T16:00:52Z" user="Bobropiton" uid="2055718" lat="55.7140977" lon="37.6332298"/>
 <node id="11217933427" visible="true" version="1" changeset="141732464" timestamp="2023-09-25T13:45:34Z" user="Ivanerr" uid="1726278" lat="55.7294421" lon="37.6530272"/>
 <node id="11229935224" visible="true" version="3" changeset="165842031" timestamp="2025-05-05T11:49:42Z" user="neo-plan" uid="363136" lat="55.7026876" lon="37.6272190"/>
 <node id="11229935226" visible="true" version="1" changeset="141967163" timestamp="2023-09-30T20:33:31Z" user="Bobropiton" uid="2055718" lat="55.7024276" lon="37.6275033"/>
 <node id="11229935228" visible="true" version="6" changeset="165842031" timestamp="2025-05-05T11:49:42Z" user="neo-plan" uid="363136" lat="55.7027834" lon="37.6270028">
  <tag k="amenity" v="ferry_terminal"/>
  <tag k="cargo" v="passengers"/>
  <tag k="ferry" v="yes"/>
  <tag k="name" v="Автозаводский мост"/>
  <tag k="public_transport" v="stop_position"/>
  <tag k="wheelchair" v="limited"/>
 </node>
 <node id="11229935229" visible="true" version="8" changeset="165792581" timestamp="2025-05-04T10:32:40Z" user="neo-plan" uid="363136" lat="55.7000330" lon="37.6284797">
  <tag k="amenity" v="ferry_terminal"/>
  <tag k="cargo" v="passengers"/>
  <tag k="check_date" v="2023-10-15"/>
  <tag k="ferry" v="yes"/>
  <tag k="name" v="ЗИЛ"/>
  <tag k="public_transport" v="stop_position"/>
  <tag k="source" v="survey"/>
  <tag k="wheelchair" v="yes"/>
 </node>
 <node id="11255159635" visible="true" version="1" changeset="142438533" timestamp="2023-10-11T13:59:30Z" user="literan" uid="830106" lat="55.7350067" lon="37.6238648"/>
 <node id="12246324975" visible="true" version="1" changeset="157797631" timestamp="2024-10-12T14:12:22Z" user="solenoid jam" uid="10129333" lat="55.6938453" lon="37.6268720"/>
 <node id="12894526745" visible="true" version="1" changeset="167302351" timestamp="2025-06-07T10:25:16Z" user="literan" uid="830106" lat="55.7055312" lon="37.6286762"/>
 <node id="12959355503" visible="true" version="1" changeset="168226663" timestamp="2025-06-28T13:07:01Z" user="Bobropiton" uid="2055718" lat="55.7006925" lon="37.6278198"/>
 <node id="12959355505" visible="true" version="1" changeset="168226663" timestamp="2025-06-28T13:07:01Z" user="Bobropiton" uid="2055718" lat="55.7034645" lon="37.6278841"/>
 <node id="12959355506" visible="true" version="1" changeset="168226663" timestamp="2025-06-28T13:07:01Z" user="Bobropiton" uid="2055718" lat="55.7050453" lon="37.6286727"/>
 <node id="12959355507" visible="true" version="1" changeset="168226663" timestamp="2025-06-28T13:07:01Z" user="Bobropiton" uid="2055718" lat="55.7060307" lon="37.6292145"/>
 <node id="12959355508" visible="true" version="1" changeset="168226663" timestamp="2025-06-28T13:07:01Z" user="Bobropiton" uid="2055718" lat="55.7066352" lon="37.6298153"/>
 <node id="12959355509" visible="true" version="1" changeset="168226663" timestamp="2025-06-28T13:07:01Z" user="Bobropiton" uid="2055718" lat="55.7070825" lon="37.6307085"/>
 <node id="12959355510" visible="true" version="1" changeset="168226663" timestamp="2025-06-28T13:07:01Z" user="Bobropiton" uid="2055718" lat="55.7074693" lon="37.6322025"/>
 <node id="12959355511" visible="true" version="1" changeset="168226663" timestamp="2025-06-28T13:07:01Z" user="Bobropiton" uid="2055718" lat="55.7076310" lon="37.6339567"/>
 <node id="12959355512" visible="true" version="1" changeset="168226663" timestamp="2025-06-28T13:07:01Z" user="Bobropiton" uid="2055718" lat="55.7075827" lon="37.6357940"/>
 <node id="12959355513" visible="true" version="1" changeset="168226663" timestamp="2025-06-28T13:07:01Z" user="Bobropiton" uid="2055718" lat="55.7073817" lon="37.6377198"/>
 <node id="12959355514" visible="true" version="1" changeset="168226663" timestamp="2025-06-28T13:07:01Z" user="Bobropiton" uid="2055718" lat="55.7068860" lon="37.6408446"/>
 <node id="12959355515" visible="true" version="1" changeset="168226663" timestamp="2025-06-28T13:07:01Z" user="Bobropiton" uid="2055718" lat="55.7069858" lon="37.6435482"/>
 <node id="12959355516" visible="true" version="1" changeset="168226663" timestamp="2025-06-28T13:07:01Z" user="Bobropiton" uid="2055718" lat="55.7075842" lon="37.6473141"/>
 <node id="12959355517" visible="true" version="1" changeset="168226663" timestamp="2025-06-28T13:07:01Z" user="Bobropiton" uid="2055718" lat="55.7083247" lon="37.6489341"/>
 <node id="12959355518" visible="true" version="1" changeset="168226663" timestamp="2025-06-28T13:07:01Z" user="Bobropiton" uid="2055718" lat="55.7091498" lon="37.6498300"/>
 <node id="12959355519" visible="true" version="1" changeset="168226663" timestamp="2025-06-28T13:07:01Z" user="Bobropiton" uid="2055718" lat="55.7105430" lon="37.6504093"/>
 <node id="12959355520" visible="true" version="1" changeset="168226663" timestamp="2025-06-28T13:07:01Z" user="Bobropiton" uid="2055718" lat="55.7117881" lon="37.6502055"/>
 <node id="12959355521" visible="true" version="1" changeset="168226663" timestamp="2025-06-28T13:07:01Z" user="Bobropiton" uid="2055718" lat="55.7135862" lon="37.6491755"/>
 <node id="12959355522" visible="true" version="1" changeset="168226663" timestamp="2025-06-28T13:07:01Z" user="Bobropiton" uid="2055718" lat="55.7152875" lon="37.6486123"/>
 <node id="12959355523" visible="true" version="1" changeset="168226663" timestamp="2025-06-28T13:07:01Z" user="Bobropiton" uid="2055718" lat="55.7167894" lon="37.6488537"/>
 <node id="12959355524" visible="true" version="1" changeset="168226663" timestamp="2025-06-28T13:07:01Z" user="Bobropiton" uid="2055718" lat="55.7177321" lon="37.6499426"/>
 <node id="12959355525" visible="true" version="1" changeset="168226663" timestamp="2025-06-28T13:07:01Z" user="Bobropiton" uid="2055718" lat="55.7188652" lon="37.6520240"/>
 <node id="12959355526" visible="true" version="1" changeset="168226663" timestamp="2025-06-28T13:07:01Z" user="Bobropiton" uid="2055718" lat="55.7199922" lon="37.6547867"/>
 <node id="12959355527" visible="true" version="1" changeset="168226663" timestamp="2025-06-28T13:07:01Z" user="Bobropiton" uid="2055718" lat="55.7210890" lon="37.6567501"/>
 <node id="12959355528" visible="true" version="1" changeset="168226663" timestamp="2025-06-28T13:07:01Z" user="Bobropiton" uid="2055718" lat="55.7220407" lon="37.6572007"/>
 <node id="12959355529" visible="true" version="1" changeset="168226663" timestamp="2025-06-28T13:07:01Z" user="Bobropiton" uid="2055718" lat="55.7233277" lon="37.6575065"/>
 <node id="12959355530" visible="true" version="1" changeset="168226663" timestamp="2025-06-28T13:07:01Z" user="Bobropiton" uid="2055718" lat="55.7263669" lon="37.6565087"/>
 <node id="12959355531" visible="true" version="1" changeset="168226663" timestamp="2025-06-28T13:07:01Z" user="Bobropiton" uid="2055718" lat="55.7275542" lon="37.6554787"/>
 <node id="12959355533" visible="true" version="1" changeset="168226663" timestamp="2025-06-28T13:07:01Z" user="Bobropiton" uid="2055718" lat="55.7249879" lon="37.6564027">
  <tag k="amenity" v="ferry_terminal"/>
  <tag k="cargo" v="passengers"/>
  <tag k="ferry" v="yes"/>
  <tag k="name" v="Дербеневская набережная"/>
  <tag k="public_transport" v="stop_position"/>
  <tag k="wheelchair" v="limited"/>
 </node>
 <node id="12959355534" visible="true" version="1" changeset="168226663" timestamp="2025-06-28T13:07:01Z" user="Bobropiton" uid="2055718" lat="55.7190465" lon="37.6537889">
  <tag k="amenity" v="ferry_terminal"/>
  <tag k="cargo" v="passengers"/>
  <tag k="ferry" v="yes"/>
  <tag k="name" v="Торпедо"/>
  <tag k="public_transport" v="stop_position"/>
  <tag k="wheelchair" v="limited"/>
 </node>
 <node id="12959355535" visible="true" version="1" changeset="168226663" timestamp="2025-06-28T13:07:01Z" user="Bobropiton" uid="2055718" lat="55.7063560" lon="37.6424626">
  <tag k="amenity" v="ferry_terminal"/>
  <tag k="cargo" v="passengers"/>
  <tag k="ferry" v="yes"/>
  <tag k="name" v="Симоновский"/>
  <tag k="public_transport" v="stop_position"/>
  <tag k="wheelchair" v="limited"/>
 </node>
 <node id="13123839758" visible="true" version="1" changeset="171556038" timestamp="2025-09-06T19:01:21Z" user="Felis Pimeja" uid="260756" lat="55.7600788" lon="37.6275725"/>
 <node id="13368219653" visible="true" version="1" changeset="175777830" timestamp="2025-12-10T21:35:52Z" user="Александр Синявский" uid="3798127" lat="55.7336338" lon="37.6477139"/>
 <node id="13503683402" visible="true" version="2" changeset="177778829" timestamp="2026-01-27T20:08:38Z" user="literan" uid="830106" lat="55.7226819" lon="37.6554612">
  <tag k="addr:housenumber" v="7 с3"/>
  <tag k="addr:street" v="Дербеневская набережная"/>
  <tag k="contact:telegram" v="https://t.me/Apex_project_bureau"/>
  <tag k="email" v="info@apex-project.ru"/>
  <tag k="name" v="Apex"/>
  <tag k="office" v="company"/>
  <tag k="opening_hours" v="Mo-Fr 09:00-19:00"/>
  <tag k="phone" v="+74951502575"/>
  <tag k="website" v="https://apex-project.ru/bureau"/>
 </node>
 <node id="13512584689" visible="true" version="1" changeset="177898803" timestamp="2026-01-30T17:07:58Z" user="empty_child" uid="13256444" lat="55.7232270" lon="37.6554383">
  <tag k="amenity" v="clinic"/>
  <tag k="check_date" v="2026-01-30"/>
  <tag k="healthcare" v="clinic"/>
  <tag k="name" v="Европейский диагностический центр"/>
 </node>
 <node id="13512584690" visible="true" version="1" changeset="177898803" timestamp="2026-01-30T17:07:58Z" user="empty_child" uid="13256444" lat="55.7231230" lon="37.6553349">
  <tag k="check_date" v="2026-01-30"/>
  <tag k="shop" v="tobacco"/>
 </node>
 <node id="13512584691" visible="true" version="2" changeset="179935132" timestamp="2026-03-16T08:08:59Z" user="kate_rocketdata" uid="12100948" lat="55.7231309" lon="37.6552958">
  <tag k="brand" v="Ozon"/>
  <tag k="brand:wikidata" v="Q2365235"/>
  <tag k="check_date" v="2026-01-30"/>
  <tag k="contact:phone" v="+7 495 2321000"/>
  <tag k="contact:website" v="https://www.ozon.ru"/>
  <tag k="name" v="Ozon"/>
  <tag k="opening_hours" v="Mo-Su 10:00-22:00"/>
  <tag k="shop" v="outpost"/>
 </node>
 <node id="13726488125" visible="true" version="1" changeset="181252137" timestamp="2026-04-12T23:15:41Z" user="neo-plan" uid="363136" lat="55.7240386" lon="37.6561627"/>
 <node id="13726488126" visible="true" version="1" changeset="181252137" timestamp="2026-04-12T23:15:41Z" user="neo-plan" uid="363136" lat="55.7240407" lon="37.6562598">
  <tag k="crossing" v="traffic_signals"/>
  <tag k="highway" v="crossing"/>
 </node>
 <node id="13726488127" visible="true" version="1" changeset="181252137" timestamp="2026-04-12T23:15:41Z" user="neo-plan" uid="363136" lat="55.7240436" lon="37.6563985">
  <tag k="crossing" v="traffic_signals"/>
  <tag k="highway" v="crossing"/>
 </node>
 <node id="13726488128" visible="true" version="1" changeset="181252137" timestamp="2026-04-12T23:15:41Z" user="neo-plan" uid="363136" lat="55.7240468" lon="37.6565542"/>
 <node id="13726488129" visible="true" version="1" changeset="181252137" timestamp="2026-04-12T23:15:41Z" user="neo-plan" uid="363136" lat="55.7240768" lon="37.6565506"/>
 <node id="13726488130" visible="true" version="1" changeset="181252137" timestamp="2026-04-12T23:15:41Z" user="neo-plan" uid="363136" lat="55.7240723" lon="37.6563965"/>
 <node id="13726488131" visible="true" version="1" changeset="181252137" timestamp="2026-04-12T23:15:41Z" user="neo-plan" uid="363136" lat="55.7240683" lon="37.6562578"/>
 <node id="13730844508" visible="true" version="1" changeset="181338540" timestamp="2026-04-14T19:21:37Z" user="neo-plan" uid="363136" lat="55.7090130" lon="37.6474548"/>
 <node id="13730844509" visible="true" version="1" changeset="181338540" timestamp="2026-04-14T19:21:37Z" user="neo-plan" uid="363136" lat="55.7094238" lon="37.6480493"/>
 <node id="13732133656" visible="true" version="1" changeset="181363940" timestamp="2026-04-15T12:13:09Z" user="neo-plan" uid="363136" lat="55.7200562" lon="37.6521719"/>
 <node id="13732189673" visible="true" version="1" changeset="181364835" timestamp="2026-04-15T12:33:30Z" user="neo-plan" uid="363136" lat="55.7430726" lon="37.6420935"/>
 <node id="14154364303" visible="true" version="1" changeset="188566449" timestamp="2026-09-05T11:19:13Z" user="literan" uid="830106" lat="55.7217081" lon="37.6592553"/>
 <node id="14154364304" visible="true" version="1" changeset="188566449" timestamp="2026-09-05T11:19:13Z" user="literan" uid="830106" lat="55.7217164" lon="37.6591912"/>
 <node id="14154364305" visible="true" version="1" changeset="188566449" timestamp="2026-09-05T11:19:13Z" user="literan" uid="830106" lat="55.7217658" lon="37.6589361"/>
 <node id="14154364306" visible="true" version="1" changeset="188566449" timestamp="2026-09-05T11:19:13Z" user="literan" uid="830106" lat="55.7217824" lon="37.6588181"/>
 <node id="14154364307" visible="true" version="1" changeset="188566449" timestamp="2026-09-05T11:19:13Z" user="literan" uid="830106" lat="55.7217763" lon="37.6587135"/>
 <node id="14154364308" visible="true" version="1" changeset="188566449" timestamp="2026-09-05T11:19:13Z" user="literan" uid="830106" lat="55.7217627" lon="37.6586518"/>
 <node id="14154364309" visible="true" version="1" changeset="188566449" timestamp="2026-09-05T11:19:13Z" user="literan" uid="830106" lat="55.7216766" lon="37.6585525"/>
 <node id="14154364310" visible="true" version="1" changeset="188566449" timestamp="2026-09-05T11:19:13Z" user="literan" uid="830106" lat="55.7214062" lon="37.6583245"/>
 <node id="14154364311" visible="true" version="1" changeset="188566449" timestamp="2026-09-05T11:19:13Z" user="literan" uid="830106" lat="55.7212416" lon="37.6581636"/>
 <node id="14154364312" visible="true" version="1" changeset="188566449" timestamp="2026-09-05T11:19:13Z" user="literan" uid="830106" lat="55.7210829" lon="37.6579276"/>
 <node id="14154364339" visible="true" version="1" changeset="188566449" timestamp="2026-09-05T11:19:13Z" user="literan" uid="830106" lat="55.7224803" lon="37.6587349"/>
 <node id="14154364340" visible="true" version="1" changeset="188566449" timestamp="2026-09-05T11:19:13Z" user="literan" uid="830106" lat="55.7206932" lon="37.6571792"/>
 <way id="43370792" visible="true" version="22" changeset="140372443" timestamp="2023-08-25T13:13:24Z" user="mappinglander" uid="11978982">
  <nd ref="546088229"/>
  <nd ref="546088250"/>
  <nd ref="3429743175"/>
  <nd ref="3429743178"/>
  <nd ref="3429743177"/>
  <nd ref="3429743179"/>
  <nd ref="546088254"/>
  <nd ref="3429789015"/>
  <nd ref="3429743176"/>
  <nd ref="729860328"/>
  <nd ref="546088259"/>
  <nd ref="708560773"/>
  <nd ref="546088273"/>
  <nd ref="546088146"/>
  <nd ref="546088129"/>
  <nd ref="546088125"/>
  <nd ref="1000903528"/>
  <nd ref="1000903519"/>
  <nd ref="546088114"/>
  <nd ref="866709225"/>
  <nd ref="866709202"/>
  <nd ref="546088106"/>
  <nd ref="707921345"/>
  <nd ref="614130829"/>
  <nd ref="614130830"/>
  <nd ref="546088100"/>
  <nd ref="5773358060"/>
  <nd ref="5773358063"/>
  <nd ref="4244590608"/>
  <nd ref="705472915"/>
  <nd ref="546088280"/>
  <nd ref="705473003"/>
  <nd ref="546088229"/>
  <tag k="landuse" v="commercial"/>
 </way>
 <way id="48346320" visible="true" version="8" changeset="118384072" timestamp="2022-03-12T00:40:58Z" user="Travieso" uid="5642897">
  <nd ref="614130834"/>
  <nd ref="3029452950"/>
  <nd ref="614130835"/>
  <nd ref="614130836"/>
  <nd ref="614130837"/>
  <nd ref="614130834"/>
  <tag k="addr:housenumber" v="7 с8"/>
  <tag k="addr:street" v="Дербеневская набережная"/>
  <tag k="building" v="yes"/>
  <tag k="building:levels" v="4"/>
  <tag k="roof:shape" v="mansard"/>
 </way>
 <way id="48346351" visible="true" version="9" changeset="123066498" timestamp="2022-07-01T03:32:56Z" user="Sergey Golyashov" uid="116283">
  <nd ref="614131340"/>
  <nd ref="614131341"/>
  <nd ref="614131344"/>
  <nd ref="614131345"/>
  <nd ref="614131346"/>
  <nd ref="9859395046"/>
  <nd ref="9859395047"/>
  <nd ref="9859395048"/>
  <nd ref="9859395045"/>
  <nd ref="729874574"/>
  <nd ref="614131340"/>
  <tag k="addr:housenumber" v="7 с14"/>
  <tag k="addr:street" v="Дербеневская набережная"/>
  <tag k="building" v="yes"/>
  <tag k="building:levels" v="4"/>
 </way>
 <way id="55626952" visible="true" version="7" changeset="118384072" timestamp="2022-03-12T00:42:02Z" user="Travieso" uid="5642897">
  <nd ref="699091463"/>
  <nd ref="699091472"/>
  <nd ref="699091478"/>
  <nd ref="699091483"/>
  <nd ref="699091463"/>
  <tag k="addr:housenumber" v="7 с18"/>
  <tag k="addr:street" v="Дербеневская набережная"/>
  <tag k="building" v="yes"/>
  <tag k="building:levels" v="3"/>
  <tag k="roof:shape" v="gambrel"/>
 </way>
 <way id="55626967" visible="true" version="6" changeset="55559994" timestamp="2018-01-18T20:15:58Z" user="ynx" uid="357374">
  <nd ref="699091570"/>
  <nd ref="699091617"/>
  <nd ref="705472960"/>
  <nd ref="705473042"/>
  <nd ref="699091621"/>
  <nd ref="699091623"/>
  <nd ref="3154249889"/>
  <nd ref="3154249888"/>
  <nd ref="699091624"/>
  <nd ref="5347790611"/>
  <nd ref="5347790613"/>
  <nd ref="699091625"/>
  <nd ref="5347790612"/>
  <nd ref="4326909195"/>
  <nd ref="3154246028"/>
  <nd ref="699091570"/>
  <tag k="access" v="private"/>
  <tag k="amenity" v="parking"/>
 </way>
 <way id="55627013" visible="true" version="20" changeset="71112487" timestamp="2019-06-10T17:47:24Z" user="ynx" uid="357374">
  <nd ref="699091762"/>
  <nd ref="3184341086"/>
  <nd ref="3184341093"/>
  <nd ref="3184341063"/>
  <nd ref="3184341061"/>
  <nd ref="3184341076"/>
  <nd ref="3184333556"/>
  <nd ref="3184333555"/>
  <nd ref="3184341065"/>
  <nd ref="3184333560"/>
  <nd ref="3184341081"/>
  <nd ref="3184341082"/>
  <nd ref="3184341068"/>
  <nd ref="5741921790"/>
  <nd ref="5741921791"/>
  <nd ref="3184341077"/>
  <nd ref="3184341079"/>
  <nd ref="3184341083"/>
  <nd ref="3184341084"/>
  <nd ref="3184341085"/>
  <nd ref="3215819855"/>
  <nd ref="3215819854"/>
  <nd ref="3215819856"/>
  <nd ref="699091683"/>
  <nd ref="3184341064"/>
  <nd ref="4326909196"/>
  <nd ref="3184341087"/>
  <nd ref="3184333558"/>
  <nd ref="3184341071"/>
  <nd ref="4326909197"/>
  <nd ref="4326909198"/>
  <nd ref="699091769"/>
  <nd ref="705472943"/>
  <nd ref="705473086"/>
  <nd ref="705472921"/>
  <nd ref="5741921792"/>
  <nd ref="5741921793"/>
  <nd ref="705473031"/>
  <nd ref="705473130"/>
  <nd ref="3154261364"/>
  <nd ref="3154261362"/>
  <nd ref="705473049"/>
  <nd ref="705473073"/>
  <nd ref="705472904"/>
  <nd ref="705473017"/>
  <nd ref="705472889"/>
  <nd ref="6537758738"/>
  <nd ref="6537758739"/>
  <nd ref="6537758740"/>
  <nd ref="705472968"/>
  <nd ref="3184333557"/>
  <nd ref="3184341075"/>
  <nd ref="3987852116"/>
  <nd ref="705473056"/>
  <nd ref="3971347607"/>
  <nd ref="3971347606"/>
  <nd ref="3143420320"/>
  <nd ref="3143420321"/>
  <nd ref="6537764137"/>
  <nd ref="6537764138"/>
  <nd ref="5567780286"/>
  <nd ref="699091779"/>
  <nd ref="3154246027"/>
  <nd ref="3154246024"/>
  <nd ref="5567780284"/>
  <nd ref="5567780283"/>
  <nd ref="5567780281"/>
  <nd ref="5567780282"/>
  <nd ref="5347790603"/>
  <nd ref="5347790604"/>
  <nd ref="5347790605"/>
  <nd ref="5347790602"/>
  <nd ref="699091785"/>
  <nd ref="5347790608"/>
  <nd ref="5347790610"/>
  <nd ref="5347790609"/>
  <nd ref="1000919044"/>
  <nd ref="705473118"/>
  <nd ref="699091762"/>
  <tag k="access" v="private"/>
  <tag k="amenity" v="parking"/>
 </way>
 <way id="55627034" visible="true" version="7" changeset="118384072" timestamp="2022-03-12T00:42:16Z" user="Travieso" uid="5642897">
  <nd ref="699091843"/>
  <nd ref="699091848"/>
  <nd ref="699091852"/>
  <nd ref="699091858"/>
  <nd ref="699091862"/>
  <nd ref="3143420322"/>
  <nd ref="699091867"/>
  <nd ref="699091843"/>
  <tag k="addr:housenumber" v="7 с6"/>
  <tag k="addr:street" v="Дербеневская набережная"/>
  <tag k="building" v="yes"/>
  <tag k="building:levels" v="3"/>
  <tag k="roof:shape" v="mansard"/>
 </way>
 <way id="55627038" visible="true" version="10" changeset="38996946" timestamp="2016-04-30T10:49:23Z" user="ynx" uid="357374">
  <nd ref="209916012"/>
  <nd ref="4157187694"/>
  <nd ref="3010120235"/>
  <nd ref="1000903494"/>
  <nd ref="702748463"/>
  <tag k="highway" v="service"/>
  <tag k="surface" v="asphalt"/>
 </way>
 <way id="55983925" visible="true" version="11" changeset="123066583" timestamp="2022-07-01T03:40:11Z" user="Sergey Golyashov" uid="116283">
  <nd ref="748202548"/>
  <nd ref="702748410"/>
  <nd ref="9859395044"/>
  <nd ref="729859464"/>
  <nd ref="9859395052"/>
  <nd ref="9859395050"/>
  <nd ref="9859395049"/>
  <nd ref="729859465"/>
  <nd ref="9859395042"/>
  <nd ref="9859395041"/>
  <nd ref="748202548"/>
  <tag k="addr:housenumber" v="7 с3"/>
  <tag k="addr:street" v="Дербеневская набережная"/>
  <tag k="building" v="yes"/>
  <tag k="layer" v="1"/>
 </way>
 <way id="55983926" visible="true" version="4" changeset="38996946" timestamp="2016-04-30T10:49:23Z" user="ynx" uid="357374">
  <nd ref="209916009"/>
  <nd ref="4157187692"/>
  <nd ref="702748460"/>
  <nd ref="703374696"/>
  <tag k="highway" v="service"/>
  <tag k="living_street" v="yes"/>
  <tag k="surface" v="asphalt"/>
 </way>
 <way id="55983927" visible="true" version="3" changeset="24687133" timestamp="2014-08-11T20:01:22Z" user="ynx" uid="357374">
  <nd ref="702748460"/>
  <nd ref="3011139233"/>
  <tag k="highway" v="service"/>
 </way>
 <way id="55983930" visible="true" version="4" changeset="40678329" timestamp="2016-07-12T11:23:58Z" user="ynx" uid="357374">
  <nd ref="702748470"/>
  <nd ref="4298098118"/>
  <nd ref="702748479"/>
  <nd ref="4298098123"/>
  <nd ref="702748481"/>
  <nd ref="3011139233"/>
  <nd ref="702748483"/>
  <nd ref="702748470"/>
  <tag k="amenity" v="parking"/>
  <tag k="surface" v="asphalt"/>
 </way>
 <way id="55983934" visible="true" version="8" changeset="123066498" timestamp="2022-07-01T03:32:56Z" user="Sergey Golyashov" uid="116283">
  <nd ref="702748511"/>
  <nd ref="9859395051"/>
  <nd ref="702748515"/>
  <nd ref="702748518"/>
  <nd ref="702748511"/>
  <tag k="addr:housenumber" v="7 с1"/>
  <tag k="addr:street" v="Дербеневская набережная"/>
  <tag k="building" v="yes"/>
  <tag k="building:levels" v="5"/>
  <tag k="roof:shape" v="flat"/>
 </way>
 <way id="55983936" visible="true" version="9" changeset="118384072" timestamp="2022-03-12T00:42:50Z" user="Travieso" uid="5642897">
  <nd ref="702748525"/>
  <nd ref="702748527"/>
  <nd ref="702748529"/>
  <nd ref="702748530"/>
  <nd ref="4298106405"/>
  <nd ref="4298106406"/>
  <nd ref="4298106407"/>
  <nd ref="702748525"/>
  <tag k="addr:housenumber" v="11А"/>
  <tag k="addr:street" v="Дербеневская набережная"/>
  <tag k="building" v="apartments"/>
  <tag k="building:flats" v="96"/>
  <tag k="building:levels" v="5"/>
  <tag k="design:ref" v="II-29-03/М"/>
  <tag k="roof:shape" v="flat"/>
  <tag k="start_date" v="1960"/>
 </way>
 <way id="55985025" visible="true" version="8" changeset="123066498" timestamp="2022-07-01T03:32:56Z" user="Sergey Golyashov" uid="116283">
  <nd ref="702761518"/>
  <nd ref="4298098115"/>
  <nd ref="705473121"/>
  <nd ref="702761614"/>
  <tag k="highway" v="service"/>
 </way>
 <way id="56215891" visible="true" version="4" changeset="80043414" timestamp="2020-01-24T16:15:32Z" user="ynx" uid="357374">
  <nd ref="705472959"/>
  <nd ref="702761462"/>
  <nd ref="702761464"/>
  <tag k="access" v="private"/>
  <tag k="bicycle" v="permissive"/>
  <tag k="foot" v="permissive"/>
  <tag k="highway" v="service"/>
  <tag k="maxspeed" v="5"/>
  <tag k="surface" v="asphalt"/>
 </way>
 <way id="56215894" visible="true" version="6" changeset="40678329" timestamp="2016-07-12T11:23:58Z" user="ynx" uid="357374">
  <nd ref="705473116"/>
  <nd ref="705473019"/>
  <nd ref="705473121"/>
  <nd ref="4298098118"/>
  <nd ref="702748462"/>
  <nd ref="3011139233"/>
  <tag k="highway" v="service"/>
  <tag k="service" v="parking_aisle"/>
  <tag k="surface" v="asphalt"/>
 </way>
 <way id="56215899" visible="true" version="4" changeset="38961910" timestamp="2016-04-28T18:47:39Z" user="ynx" uid="357374">
  <nd ref="702761462"/>
  <nd ref="3030517333"/>
  <nd ref="705472961"/>
  <tag k="highway" v="footway"/>
  <tag k="service" v="parking_aisle"/>
 </way>
 <way id="56215909" visible="true" version="7" changeset="69536951" timestamp="2019-04-24T18:23:38Z" user="kolyasik98" uid="9571744">
  <nd ref="705473014"/>
  <nd ref="705473107"/>
  <nd ref="705473043"/>
  <nd ref="705473085"/>
  <nd ref="705473008"/>
  <nd ref="705472959"/>
  <nd ref="3030517233"/>
  <nd ref="705473014"/>
  <tag k="addr:housenumber" v="7 с2"/>
  <tag k="addr:street" v="Дербеневская набережная"/>
  <tag k="building" v="yes"/>
  <tag k="building:levels" v="5"/>
 </way>
 <way id="56215927" visible="true" version="3" changeset="71004735" timestamp="2019-06-06T21:59:00Z" user="ynx" uid="357374">
  <nd ref="705473043"/>
  <nd ref="705473074"/>
  <nd ref="705472959"/>
  <tag k="highway" v="service"/>
  <tag k="motor_vehicle" v="private"/>
  <tag k="surface" v="asphalt"/>
  <tag k="tunnel" v="building_passage"/>
 </way>
 <way id="56215928" visible="true" version="5" changeset="80043414" timestamp="2020-01-24T16:15:32Z" user="ynx" uid="357374">
  <nd ref="699092004"/>
  <nd ref="705472963"/>
  <tag k="access" v="private"/>
  <tag k="bicycle" v="permissive"/>
  <tag k="foot" v="permissive"/>
  <tag k="highway" v="service"/>
  <tag k="maxspeed" v="5"/>
  <tag k="surface" v="asphalt"/>
 </way>
 <way id="56215935" visible="true" version="10" changeset="60699150" timestamp="2018-07-13T20:06:27Z" user="ynx" uid="357374">
  <nd ref="705473019"/>
  <nd ref="3011139333"/>
  <nd ref="3011139234"/>
  <nd ref="705472929"/>
  <nd ref="705473094"/>
  <nd ref="705472994"/>
  <nd ref="705472910"/>
  <nd ref="708560772"/>
  <nd ref="4298098120"/>
  <nd ref="705473061"/>
  <nd ref="705473019"/>
  <tag k="amenity" v="parking"/>
  <tag k="parking" v="surface"/>
  <tag k="surface" v="asphalt"/>
 </way>
 <way id="56215939" visible="true" version="6" changeset="123066498" timestamp="2022-07-01T03:32:56Z" user="Sergey Golyashov" uid="116283">
  <nd ref="729856156"/>
  <nd ref="209916005"/>
  <nd ref="4171918462"/>
  <nd ref="4298098120"/>
  <nd ref="705473116"/>
  <nd ref="4296605245"/>
  <nd ref="705472954"/>
  <nd ref="9859395043"/>
  <tag k="highway" v="service"/>
 </way>
 <way id="56435056" visible="true" version="5" changeset="72916539" timestamp="2019-08-01T22:09:05Z" user="ynx" uid="357374">
  <nd ref="702748463"/>
  <nd ref="6672724174"/>
  <nd ref="1000918972"/>
  <tag k="highway" v="service"/>
  <tag k="surface" v="asphalt"/>
 </way>
 <way id="56460844" visible="true" version="13" changeset="140372443" timestamp="2023-08-25T13:13:24Z" user="mappinglander" uid="11978982">
  <nd ref="707921806"/>
  <nd ref="707921635"/>
  <nd ref="3891822529"/>
  <nd ref="3891822528"/>
  <nd ref="3891822524"/>
  <nd ref="3891822525"/>
  <nd ref="546088114"/>
  <nd ref="1000903519"/>
  <nd ref="1000903528"/>
  <nd ref="868549858"/>
  <nd ref="6672724175"/>
  <nd ref="6228068727"/>
  <nd ref="948221248"/>
  <nd ref="707921222"/>
  <nd ref="707921662"/>
  <nd ref="707921408"/>
  <nd ref="707921478"/>
  <nd ref="707921192"/>
  <nd ref="707921640"/>
  <nd ref="707921372"/>
  <nd ref="707921153"/>
  <nd ref="707921594"/>
  <nd ref="707921322"/>
  <nd ref="707921782"/>
  <nd ref="707921806"/>
  <tag k="landuse" v="residential"/>
  <tag k="residential" v="urban"/>
 </way>
 <way id="58475009" visible="true" version="7" changeset="132298784" timestamp="2023-02-09T10:17:35Z" user="solenoid jam" uid="10129333">
  <nd ref="702748455"/>
  <nd ref="10629750217"/>
  <nd ref="702748456"/>
  <nd ref="702748457"/>
  <nd ref="702748458"/>
  <nd ref="702748455"/>
  <tag k="addr:housenumber" v="7 с15"/>
  <tag k="addr:street" v="Дербеневская набережная"/>
  <tag k="building" v="yes"/>
  <tag k="building:levels" v="3"/>
 </way>
 <way id="58906633" visible="true" version="2" changeset="123066498" timestamp="2022-07-01T03:32:56Z" user="Sergey Golyashov" uid="116283">
  <nd ref="9859395043"/>
  <nd ref="705472963"/>
  <tag k="access" v="private"/>
  <tag k="highway" v="service"/>
 </way>
 <way id="58908404" visible="true" version="9" changeset="123066498" timestamp="2022-07-01T03:32:56Z" user="Sergey Golyashov" uid="116283">
  <nd ref="702761614"/>
  <nd ref="702761618"/>
  <nd ref="702761621"/>
  <nd ref="3029452951"/>
  <nd ref="3043342733"/>
  <nd ref="4268665997"/>
  <nd ref="705473028"/>
  <nd ref="699091981"/>
  <nd ref="2999745437"/>
  <nd ref="3973264959"/>
  <nd ref="3154261363"/>
  <nd ref="699091978"/>
  <nd ref="705472884"/>
  <nd ref="3973143578"/>
  <tag k="access" v="private"/>
  <tag k="bicycle" v="permissive"/>
  <tag k="foot" v="permissive"/>
  <tag k="highway" v="service"/>
  <tag k="maxspeed" v="5"/>
  <tag k="surface" v="asphalt"/>
 </way>
 <way id="60227604" visible="true" version="7" changeset="57456876" timestamp="2018-03-23T12:56:15Z" user="parukhin" uid="519501">
  <nd ref="748202654"/>
  <nd ref="748202664"/>
  <nd ref="702748459"/>
  <nd ref="702748396"/>
  <nd ref="702748405"/>
  <nd ref="748202654"/>
  <tag k="addr:housenumber" v="7 с9"/>
  <tag k="addr:postcode" v="115114"/>
  <tag k="addr:street" v="Дербеневская набережная"/>
  <tag k="building" v="yes"/>
  <tag k="building:levels" v="3"/>
 </way>
 <way id="81370787" visible="true" version="5" changeset="72916539" timestamp="2019-08-01T22:09:05Z" user="ynx" uid="357374">
  <nd ref="868549858"/>
  <nd ref="6672724175"/>
  <nd ref="6228068727"/>
  <nd ref="948221248"/>
  <nd ref="6672724181"/>
  <nd ref="4268679224"/>
  <tag k="highway" v="footway"/>
 </way>
 <way id="85599667" visible="true" version="34" changeset="167302351" timestamp="2025-06-07T10:25:16Z" user="literan" uid="830106">
  <nd ref="992956312"/>
  <nd ref="255967798"/>
  <nd ref="4803595820"/>
  <nd ref="255967797"/>
  <nd ref="255967796"/>
  <nd ref="255967795"/>
  <nd ref="255967794"/>
  <nd ref="255967793"/>
  <nd ref="255967792"/>
  <nd ref="255967791"/>
  <nd ref="255967790"/>
  <nd ref="255967789"/>
  <nd ref="255967788"/>
  <nd ref="255967786"/>
  <nd ref="255967785"/>
  <nd ref="2947906413"/>
  <nd ref="255967784"/>
  <nd ref="255967783"/>
  <nd ref="3097514764"/>
  <nd ref="255967782"/>
  <nd ref="255967781"/>
  <nd ref="2947906412"/>
  <nd ref="255967780"/>
  <nd ref="2947906410"/>
  <nd ref="255967779"/>
  <nd ref="2947906411"/>
  <nd ref="255967778"/>
  <nd ref="12894526745"/>
  <tag k="boat" v="yes"/>
  <tag k="CEMT" v="III"/>
  <tag k="gvr:code" v="09010101012110000023004"/>
  <tag k="motorboat" v="yes"/>
  <tag k="name" v="Москва"/>
  <tag k="name:af" v="Moskwa"/>
  <tag k="name:ar" v="نهر موسكفا"/>
  <tag k="name:be" v="Масква"/>
  <tag k="name:bg" v="Москва"/>
  <tag k="name:bn" v="মস্কোভা নদী"/>
  <tag k="name:br" v="Moskva"/>
  <tag k="name:bs" v="Moskva"/>
  <tag k="name:ca" v="Riu Moskvà"/>
  <tag k="name:cs" v="Moskva"/>
  <tag k="name:cv" v="Мускав"/>
  <tag k="name:cy" v="Moscfa"/>
  <tag k="name:da" v="Moskva"/>
  <tag k="name:de" v="Moskwa"/>
  <tag k="name:el" v="Μόσχοβας"/>
  <tag k="name:en" v="Moskva River"/>
  <tag k="name:eo" v="Moskva"/>
  <tag k="name:es" v="Moscova"/>
  <tag k="name:et" v="Moskva"/>
  <tag k="name:eu" v="Moskova"/>
  <tag k="name:fa" v="رود موسکوا"/>
  <tag k="name:fi" v="Moskova"/>
  <tag k="name:fr" v="Moskova"/>
  <tag k="name:fy" v="Moskwa"/>
  <tag k="name:he" v="מוסקבה (נהר)"/>
  <tag k="name:hi" v="मोस्कवा नदी"/>
  <tag k="name:hr" v="Moskva"/>
  <tag k="name:hu" v="Moszkva"/>
  <tag k="name:hy" v="Մոսկվա"/>
  <tag k="name:id" v="Moskwa"/>
  <tag k="name:it" v="Moscova"/>
  <tag k="name:ja" v="モスクワ川"/>
  <tag k="name:ko" v="모스크바 강"/>
  <tag k="name:ky" v="Москва"/>
  <tag k="name:la" v="Moscus"/>
  <tag k="name:lt" v="Maskva"/>
  <tag k="name:lv" v="Maskava"/>
  <tag k="name:mk" v="Москва"/>
  <tag k="name:ml" v="മോസ്ക്വ നദി"/>
  <tag k="name:mn" v="Москва"/>
  <tag k="name:mr" v="मोस्कवा नदी"/>
  <tag k="name:ms" v="Sungai Moskva"/>
  <tag k="name:nl" v="Moskva"/>
  <tag k="name:nn" v="Moskvaelva"/>
  <tag k="name:no" v="Moskva"/>
  <tag k="name:pl" v="Moskwa"/>
  <tag k="name:pt" v="Moscou"/>
  <tag k="name:ro" v="Moscova"/>
  <tag k="name:ru" v="Москва"/>
  <tag k="name:sk" v="Moskva"/>
  <tag k="name:sr" v="Москва"/>
  <tag k="name:sv" v="Moskvafloden"/>
  <tag k="name:sw" v="Moskva"/>
  <tag k="name:ta" v="மசுகுவா ஆறு"/>
  <tag k="name:tr" v="Moskova"/>
  <tag k="name:uk" v="Москва"/>
  <tag k="name:uz" v="Moskva"/>
  <tag k="name:vi" v="Moskva"/>
  <tag k="name:zh" v="莫斯科河"/>
  <tag k="waterway" v="river"/>
 </way>
 <way id="86272825" visible="true" version="1" changeset="6443164" timestamp="2010-11-23T22:20:31Z" user="ynx" uid="357374">
  <nd ref="1001440214"/>
  <nd ref="948221248"/>
  <nd ref="1000903494"/>
  <tag k="highway" v="service"/>
 </way>
 <way id="131591147" visible="true" version="20" changeset="181252137" timestamp="2026-04-12T23:15:41Z" user="neo-plan" uid="363136">
  <nd ref="209915999"/>
  <nd ref="13726488131"/>
  <nd ref="13726488126"/>
  <nd ref="5876913517"/>
  <nd ref="729856130"/>
  <nd ref="3016427282"/>
  <nd ref="209916002"/>
  <nd ref="209916003"/>
  <nd ref="708557071"/>
  <nd ref="2173358271"/>
  <tag k="foot" v="no"/>
  <tag k="highway" v="secondary"/>
  <tag k="lanes" v="2"/>
  <tag k="lit" v="yes"/>
  <tag k="maxspeed" v="50"/>
  <tag k="name" v="Дербеневская набережная"/>
  <tag k="name:en" v="Derbenevskaya Embankment"/>
  <tag k="name:ru" v="Дербеневская набережная"/>
  <tag k="name:uk" v="Дербенівська набережна"/>
  <tag k="note" v="В названии &quot;Дербеневская&quot; нет буквы &quot;ё&quot;, а ударение падает на вторую букву &quot;е&quot; – Дербéневская."/>
  <tag k="oneway" v="yes"/>
  <tag k="postal_code" v="115114"/>
  <tag k="surface" v="asphalt"/>
  <tag k="wikipedia" v="ru:Дербеневская набережная"/>
 </way>
 <way id="164881262" visible="true" version="6" changeset="188566449" timestamp="2026-09-05T11:19:13Z" user="literan" uid="830106">
  <nd ref="14154364312"/>
  <nd ref="1470892596"/>
  <nd ref="1470892574"/>
  <nd ref="1470892571"/>
  <nd ref="5238653566"/>
  <nd ref="5238653574"/>
  <nd ref="5238653575"/>
  <nd ref="1470892562"/>
  <tag k="highway" v="unclassified"/>
  <tag k="name" v="Симоновская набережная"/>
  <tag k="source" v="https://stroi.mos.ru/road/road/80"/>
  <tag k="surface" v="asphalt"/>
 </way>
 <way id="207177774" visible="true" version="18" changeset="162588820" timestamp="2025-02-16T22:07:31Z" user="BodhidharmaI" uid="10255266">
  <nd ref="2173346192"/>
  <nd ref="10711268152"/>
  <nd ref="593876240"/>
  <nd ref="593876239"/>
  <nd ref="593876238"/>
  <nd ref="3029583533"/>
  <nd ref="593876245"/>
  <nd ref="593876244"/>
  <nd ref="729856156"/>
  <nd ref="593876242"/>
  <nd ref="3180321196"/>
  <nd ref="10711268150"/>
  <nd ref="2173358272"/>
  <tag k="foot" v="no"/>
  <tag k="highway" v="secondary"/>
  <tag k="lanes" v="2"/>
  <tag k="lit" v="yes"/>
  <tag k="maxspeed" v="RU:urban"/>
  <tag k="name" v="Дербеневская набережная"/>
  <tag k="name:en" v="Derbenevskaya Embankment"/>
  <tag k="name:ru" v="Дербеневская набережная"/>
  <tag k="name:uk" v="Дербенівська набережна"/>
  <tag k="note" v="В названии &quot;Дербеневская&quot; нет буквы &quot;ё&quot;, а ударение падает на вторую букву &quot;е&quot; – Дербéневская."/>
  <tag k="oneway" v="yes"/>
  <tag k="postal_code" v="115114"/>
  <tag k="surface" v="asphalt"/>
  <tag k="wikipedia" v="ru:Дербеневская набережная"/>
 </way>
 <way id="207179161" visible="true" version="15" changeset="162588820" timestamp="2025-02-16T22:07:31Z" user="BodhidharmaI" uid="10255266">
  <nd ref="2173358271"/>
  <nd ref="209916005"/>
  <nd ref="209916007"/>
  <nd ref="702761518"/>
  <nd ref="209916008"/>
  <nd ref="10711268151"/>
  <nd ref="209916009"/>
  <nd ref="209916011"/>
  <nd ref="209916012"/>
  <tag k="foot" v="no"/>
  <tag k="highway" v="secondary"/>
  <tag k="lanes" v="2"/>
  <tag k="lit" v="yes"/>
  <tag k="maxspeed" v="RU:urban"/>
  <tag k="name" v="Дербеневская набережная"/>
  <tag k="name:en" v="Derbenevskaya Embankment"/>
  <tag k="name:ru" v="Дербеневская набережная"/>
  <tag k="name:uk" v="Дербенівська набережна"/>
  <tag k="note" v="В названии &quot;Дербеневская&quot; нет буквы &quot;ё&quot;, а ударение падает на вторую букву &quot;е&quot; – Дербéневская."/>
  <tag k="oneway" v="yes"/>
  <tag k="postal_code" v="115114"/>
  <tag k="surface" v="asphalt"/>
  <tag k="wikipedia" v="ru:Дербеневская набережная"/>
 </way>
 <way id="207179162" visible="true" version="18" changeset="181252137" timestamp="2026-04-12T23:15:41Z" user="neo-plan" uid="363136">
  <nd ref="2173358272"/>
  <nd ref="593876247"/>
  <nd ref="593876246"/>
  <nd ref="4361662778"/>
  <nd ref="13726488127"/>
  <nd ref="13726488130"/>
  <nd ref="593876248"/>
  <tag k="foot" v="no"/>
  <tag k="highway" v="secondary"/>
  <tag k="lanes" v="2"/>
  <tag k="lit" v="yes"/>
  <tag k="maxspeed" v="50"/>
  <tag k="name" v="Дербеневская набережная"/>
  <tag k="name:en" v="Derbenevskaya Embankment"/>
  <tag k="name:ru" v="Дербеневская набережная"/>
  <tag k="name:uk" v="Дербенівська набережна"/>
  <tag k="note" v="В названии &quot;Дербеневская&quot; нет буквы &quot;ё&quot;, а ударение падает на вторую букву &quot;е&quot; – Дербéневская."/>
  <tag k="oneway" v="yes"/>
  <tag k="postal_code" v="115114"/>
  <tag k="surface" v="asphalt"/>
  <tag k="wikipedia" v="ru:Дербеневская набережная"/>
 </way>
 <way id="296170917" visible="true" version="3" changeset="38996946" timestamp="2016-04-30T10:49:23Z" user="ynx" uid="357374">
  <nd ref="593876239"/>
  <nd ref="209916012"/>
  <tag k="highway" v="residential"/>
  <tag k="surface" v="asphalt"/>
 </way>
 <way id="297163327" visible="true" version="5" changeset="71004735" timestamp="2019-06-06T21:59:00Z" user="ynx" uid="357374">
  <nd ref="1000918972"/>
  <nd ref="4298106408"/>
  <nd ref="4298106409"/>
  <nd ref="4298106410"/>
  <nd ref="702748465"/>
  <nd ref="703374696"/>
  <tag k="highway" v="service"/>
  <tag k="motor_vehicle" v="private"/>
  <tag k="surface" v="asphalt"/>
 </way>
 <way id="297163486" visible="true" version="5" changeset="66549490" timestamp="2019-01-22T20:06:15Z" user="ynx" uid="357374">
  <nd ref="3010118734"/>
  <nd ref="3010120234"/>
  <nd ref="3010120133"/>
  <nd ref="6228068728"/>
  <nd ref="3010120233"/>
  <nd ref="3010118734"/>
  <tag k="amenity" v="parking"/>
  <tag k="fee" v="no"/>
  <tag k="parking" v="surface"/>
  <tag k="park_ride" v="no"/>
  <tag k="surface" v="asphalt"/>
 </way>
 <way id="297163487" visible="true" version="1" changeset="24674969" timestamp="2014-08-11T11:04:04Z" user="ynx" uid="357374">
  <nd ref="3010120235"/>
  <nd ref="3010120234"/>
  <tag k="highway" v="service"/>
 </way>
 <way id="297163490" visible="true" version="2" changeset="38996946" timestamp="2016-04-30T10:49:23Z" user="ynx" uid="357374">
  <nd ref="3010120234"/>
  <nd ref="3010120333"/>
  <tag k="highway" v="service"/>
  <tag k="service" v="parking_aisle"/>
  <tag k="surface" v="asphalt"/>
 </way>
 <way id="297740415" visible="true" version="3" changeset="71004735" timestamp="2019-06-06T21:59:00Z" user="ynx" uid="357374">
  <nd ref="3016427286"/>
  <nd ref="3016427287"/>
  <nd ref="3016427288"/>
  <nd ref="6530525098"/>
  <nd ref="6530525097"/>
  <nd ref="3029728733"/>
  <nd ref="3016427289"/>
  <nd ref="3016427290"/>
  <nd ref="3016427286"/>
  <tag k="amenity" v="parking"/>
 </way>
 <way id="297740417" visible="true" version="3" changeset="71004735" timestamp="2019-06-06T21:59:00Z" user="ynx" uid="357374">
  <nd ref="3016427286"/>
  <nd ref="3029728733"/>
  <tag k="highway" v="service"/>
  <tag k="motor_vehicle" v="private"/>
  <tag k="service" v="parking_aisle"/>
 </way>
 <way id="299014828" visible="true" version="12" changeset="140372443" timestamp="2023-08-25T13:13:24Z" user="mappinglander" uid="11978982">
  <nd ref="3029458851"/>
  <nd ref="6537758729"/>
  <nd ref="6537758731"/>
  <nd ref="6537758732"/>
  <nd ref="6537758733"/>
  <nd ref="6537758734"/>
  <nd ref="6537758735"/>
  <nd ref="6537758736"/>
  <nd ref="6537758737"/>
  <nd ref="6537758740"/>
  <nd ref="705472968"/>
  <nd ref="3184333557"/>
  <nd ref="3184341075"/>
  <nd ref="3987852116"/>
  <nd ref="705473056"/>
  <nd ref="3971347607"/>
  <nd ref="3971347606"/>
  <nd ref="3143420320"/>
  <nd ref="3143420321"/>
  <nd ref="3029458851"/>
  <tag k="landuse" v="grass"/>
 </way>
 <way id="299015080" visible="true" version="2" changeset="80043414" timestamp="2020-01-24T16:15:32Z" user="ynx" uid="357374">
  <nd ref="3029452951"/>
  <nd ref="3029458553"/>
  <tag k="access" v="private"/>
  <tag k="bicycle" v="permissive"/>
  <tag k="foot" v="permissive"/>
  <tag k="highway" v="service"/>
  <tag k="maxspeed" v="5"/>
  <tag k="service" v="parking_aisle"/>
  <tag k="surface" v="asphalt"/>
 </way>
 <way id="299027147" visible="true" version="2" changeset="38996946" timestamp="2016-04-30T10:49:23Z" user="ynx" uid="357374">
  <nd ref="209916009"/>
  <nd ref="3029583533"/>
  <tag k="highway" v="residential"/>
  <tag k="surface" v="asphalt"/>
 </way>
 <way id="299040589" visible="true" version="1" changeset="24886032" timestamp="2014-08-20T14:10:58Z" user="ynx" uid="357374">
  <nd ref="3029728733"/>
  <nd ref="3029728633"/>
  <tag k="access" v="private"/>
  <tag k="highway" v="service"/>
 </way>
 <way id="299122349" visible="true" version="1" changeset="24895426" timestamp="2014-08-20T20:24:33Z" user="ynx" uid="357374">
  <nd ref="3030517233"/>
  <nd ref="3030517333"/>
  <nd ref="3030517334"/>
  <tag k="barrier" v="fence"/>
 </way>
 <way id="300230452" visible="true" version="2" changeset="80043414" timestamp="2020-01-24T16:15:32Z" user="ynx" uid="357374">
  <nd ref="3043342733"/>
  <nd ref="3043308088"/>
  <tag k="access" v="private"/>
  <tag k="bicycle" v="permissive"/>
  <tag k="foot" v="permissive"/>
  <tag k="highway" v="service"/>
  <tag k="maxspeed" v="5"/>
  <tag k="service" v="parking_aisle"/>
  <tag k="surface" v="asphalt"/>
 </way>
 <way id="310077604" visible="true" version="4" changeset="40329190" timestamp="2016-06-27T19:41:50Z" user="ynx" uid="357374">
  <nd ref="702748463"/>
  <nd ref="4268679224"/>
  <nd ref="3154246025"/>
  <tag k="highway" v="service"/>
 </way>
 <way id="310077746" visible="true" version="7" changeset="80043414" timestamp="2020-01-24T16:15:32Z" user="ynx" uid="357374">
  <nd ref="3154249887"/>
  <nd ref="4466051250"/>
  <nd ref="3154249885"/>
  <nd ref="3154249890"/>
  <nd ref="5567780280"/>
  <nd ref="3154249886"/>
  <nd ref="3224849245"/>
  <nd ref="3154249891"/>
  <nd ref="5347790606"/>
  <nd ref="3154249884"/>
  <tag k="access" v="private"/>
  <tag k="bicycle" v="permissive"/>
  <tag k="foot" v="permissive"/>
  <tag k="highway" v="service"/>
  <tag k="maxspeed" v="5"/>
  <tag k="service" v="parking_aisle"/>
  <tag k="surface" v="asphalt"/>
 </way>
 <way id="310208839" visible="true" version="4" changeset="71004735" timestamp="2019-06-06T21:59:00Z" user="ynx" uid="357374">
  <nd ref="3154246025"/>
  <nd ref="3154246030"/>
  <nd ref="2996365933"/>
  <tag k="highway" v="service"/>
  <tag k="motor_vehicle" v="private"/>
  <tag k="surface" v="asphalt"/>
 </way>
 <way id="316354938" visible="true" version="4" changeset="167908822" timestamp="2025-06-21T11:15:13Z" user="literan" uid="830106">
  <nd ref="3224636231"/>
  <nd ref="3180321196"/>
  <nd ref="2173358271"/>
  <nd ref="4171918463"/>
  <tag k="footway" v="crossing"/>
  <tag k="highway" v="footway"/>
  <tag k="surface" v="asphalt"/>
 </way>
 <way id="316354939" visible="true" version="9" changeset="181363940" timestamp="2026-04-15T12:13:09Z" user="neo-plan" uid="363136">
  <nd ref="13732133656"/>
  <nd ref="3224636244"/>
  <nd ref="3224636229"/>
  <nd ref="3224636223"/>
  <nd ref="3224636232"/>
  <nd ref="3224636222"/>
  <nd ref="3224636238"/>
  <nd ref="3224636221"/>
  <nd ref="3224636242"/>
  <nd ref="3224636241"/>
  <nd ref="3224636243"/>
  <nd ref="3224636227"/>
  <nd ref="3224636231"/>
  <tag k="bicycle" v="designated"/>
  <tag k="foot" v="designated"/>
  <tag k="highway" v="path"/>
  <tag k="segregated" v="yes"/>
  <tag k="surface" v="asphalt"/>
  <tag k="width" v="2"/>
 </way>
 <way id="316377712" visible="true" version="2" changeset="80043414" timestamp="2020-01-24T16:15:32Z" user="ynx" uid="357374">
  <nd ref="3154249886"/>
  <nd ref="3224849240"/>
  <tag k="access" v="private"/>
  <tag k="bicycle" v="permissive"/>
  <tag k="foot" v="permissive"/>
  <tag k="highway" v="service"/>
  <tag k="maxspeed" v="5"/>
  <tag k="service" v="parking_aisle"/>
  <tag k="surface" v="asphalt"/>
 </way>
 <way id="316377713" visible="true" version="4" changeset="80043414" timestamp="2020-01-24T16:15:32Z" user="ynx" uid="357374">
  <nd ref="3154246030"/>
  <nd ref="3967990271"/>
  <nd ref="3224849244"/>
  <nd ref="3154249885"/>
  <tag k="access" v="private"/>
  <tag k="bicycle" v="permissive"/>
  <tag k="foot" v="permissive"/>
  <tag k="highway" v="service"/>
  <tag k="maxspeed" v="5"/>
  <tag k="service" v="parking_aisle"/>
  <tag k="surface" v="asphalt"/>
 </way>
 <way id="316377716" visible="true" version="2" changeset="166658013" timestamp="2025-05-23T13:52:53Z" user="Elizen" uid="8923706">
  <nd ref="3154249890"/>
  <nd ref="3224849243"/>
  <tag k="access" v="private"/>
  <tag k="highway" v="service"/>
  <tag k="maxspeed" v="5"/>
  <tag k="service" v="parking_aisle"/>
 </way>
 <way id="323459899" visible="true" version="4" changeset="71112487" timestamp="2019-06-10T17:47:24Z" user="ynx" uid="357374">
  <nd ref="4268665997"/>
  <nd ref="3302535044"/>
  <tag k="highway" v="footway"/>
 </way>
 <way id="340126785" visible="true" version="3" changeset="188566449" timestamp="2026-09-05T11:19:13Z" user="literan" uid="830106">
  <nd ref="219025940"/>
  <nd ref="219025942"/>
  <nd ref="219025943"/>
  <nd ref="219025946"/>
  <nd ref="219025947"/>
  <nd ref="219025949"/>
  <nd ref="219025950"/>
  <nd ref="219034857"/>
  <nd ref="219034858"/>
  <nd ref="219034859"/>
  <nd ref="223440153"/>
  <nd ref="2854624546"/>
  <nd ref="5238636736"/>
  <nd ref="223440154"/>
  <nd ref="14154364339"/>
  <nd ref="223511440"/>
  <nd ref="223511441"/>
  <nd ref="223511444"/>
  <nd ref="223511445"/>
  <nd ref="14154364340"/>
  <nd ref="223738970"/>
  <nd ref="223738968"/>
  <nd ref="223738967"/>
  <nd ref="223738966"/>
  <nd ref="2176845116"/>
 </way>
 <way id="369896967" visible="true" version="12" changeset="157797631" timestamp="2024-10-12T14:12:22Z" user="solenoid jam" uid="10129333">
  <nd ref="223381457"/>
  <nd ref="223381456"/>
  <nd ref="223381454"/>
  <nd ref="223381451"/>
  <nd ref="1808643996"/>
  <nd ref="223381449"/>
  <nd ref="223381447"/>
  <nd ref="3306075510"/>
  <nd ref="223381446"/>
  <nd ref="223381444"/>
  <nd ref="4814227346"/>
  <nd ref="223381442"/>
  <nd ref="223381440"/>
  <nd ref="223381439"/>
  <nd ref="223381437"/>
  <nd ref="223381436"/>
  <nd ref="223381434"/>
  <nd ref="223181660"/>
  <nd ref="223181656"/>
  <nd ref="223181654"/>
  <nd ref="223181652"/>
  <nd ref="223181650"/>
  <nd ref="223181649"/>
  <nd ref="3225084798"/>
  <nd ref="223181646"/>
  <nd ref="3225084805"/>
  <nd ref="3987843497"/>
  <nd ref="3329807046"/>
  <nd ref="223181643"/>
  <nd ref="223181641"/>
  <nd ref="223181638"/>
  <nd ref="3225084804"/>
  <nd ref="3225084799"/>
  <nd ref="3225084810"/>
  <nd ref="3225084809"/>
  <nd ref="1611627739"/>
  <nd ref="219068206"/>
  <nd ref="219068205"/>
  <nd ref="12246324975"/>
  <nd ref="219068198"/>
  <nd ref="4280337789"/>
  <nd ref="219068194"/>
  <nd ref="219068193"/>
  <nd ref="219068191"/>
  <nd ref="219068188"/>
  <nd ref="219068187"/>
  <nd ref="3827549714"/>
  <nd ref="219068185"/>
  <nd ref="3827549730"/>
  <nd ref="219068184"/>
  <nd ref="219068183"/>
  <nd ref="219068182"/>
  <nd ref="219068181"/>
  <nd ref="219068180"/>
  <nd ref="219068179"/>
  <nd ref="3827549747"/>
  <nd ref="219068178"/>
  <nd ref="219068177"/>
  <nd ref="219068176"/>
  <nd ref="219068175"/>
  <nd ref="219068173"/>
  <nd ref="219068172"/>
  <nd ref="219068171"/>
  <nd ref="219068169"/>
  <nd ref="219068167"/>
  <nd ref="4811482136"/>
  <nd ref="3306090063"/>
  <nd ref="219068166"/>
  <nd ref="3306090069"/>
  <nd ref="219068164"/>
  <nd ref="219068162"/>
  <nd ref="3306090068"/>
  <nd ref="219068161"/>
  <nd ref="3306090065"/>
  <nd ref="219068159"/>
  <nd ref="3306090064"/>
  <nd ref="219068157"/>
  <nd ref="3306090067"/>
  <nd ref="219068156"/>
  <nd ref="3306090070"/>
  <nd ref="3306090071"/>
  <nd ref="219068155"/>
  <nd ref="219068151"/>
  <nd ref="3306090075"/>
  <nd ref="219068150"/>
  <nd ref="3224656567"/>
  <nd ref="219068149"/>
  <nd ref="3224656568"/>
  <nd ref="219046564"/>
  <nd ref="219046560"/>
  <nd ref="219046559"/>
  <nd ref="3224656574"/>
  <nd ref="219046558"/>
  <nd ref="3224656570"/>
  <nd ref="219046557"/>
  <nd ref="219046556"/>
  <nd ref="219046555"/>
  <nd ref="219046553"/>
  <nd ref="219046552"/>
  <nd ref="219046549"/>
  <nd ref="3224656566"/>
  <nd ref="219046546"/>
  <nd ref="219046544"/>
  <nd ref="219045969"/>
  <nd ref="219045968"/>
  <nd ref="219045967"/>
  <nd ref="219045966"/>
  <nd ref="219045965"/>
  <nd ref="219045964"/>
  <nd ref="219045963"/>
  <nd ref="219045962"/>
  <nd ref="219045961"/>
  <nd ref="219045960"/>
  <nd ref="219045959"/>
  <nd ref="219045958"/>
  <nd ref="219045957"/>
  <nd ref="3224637480"/>
  <nd ref="219045955"/>
  <nd ref="219045954"/>
  <nd ref="219045953"/>
  <nd ref="219045951"/>
  <nd ref="219045950"/>
  <nd ref="219045949"/>
  <nd ref="219045948"/>
  <nd ref="219045946"/>
  <nd ref="219045944"/>
  <nd ref="219039058"/>
  <nd ref="219039056"/>
  <nd ref="219039055"/>
  <nd ref="219039053"/>
  <nd ref="219039051"/>
  <nd ref="219039048"/>
  <nd ref="219039046"/>
  <nd ref="219037870"/>
  <nd ref="219037868"/>
  <nd ref="219037865"/>
  <nd ref="219037863"/>
  <nd ref="3224643102"/>
  <nd ref="219037861"/>
  <nd ref="219037858"/>
  <nd ref="3224643103"/>
  <nd ref="219037856"/>
  <nd ref="219037854"/>
  <nd ref="3224643104"/>
  <nd ref="219037853"/>
  <nd ref="219037852"/>
  <nd ref="4361662782"/>
  <nd ref="219037851"/>
  <nd ref="4361662783"/>
  <nd ref="219037850"/>
  <nd ref="219034082"/>
  <nd ref="219034080"/>
  <nd ref="4811855832"/>
  <nd ref="4251248894"/>
  <nd ref="219034079"/>
  <nd ref="4251248895"/>
  <nd ref="219034078"/>
  <nd ref="219034077"/>
  <nd ref="3182368572"/>
  <nd ref="219034076"/>
  <nd ref="219027648"/>
  <nd ref="219027645"/>
  <nd ref="900745004"/>
  <nd ref="900744886"/>
  <nd ref="3251936922"/>
  <nd ref="219027632"/>
 </way>
 <way id="395982326" visible="true" version="2" changeset="47884357" timestamp="2017-04-17T20:20:21Z" user="neo-plan" uid="363136">
  <nd ref="3987857958"/>
  <nd ref="3987857957"/>
  <nd ref="3987857959"/>
  <nd ref="3987857960"/>
  <nd ref="3987857958"/>
  <tag k="building" v="yes"/>
  <tag k="name" v="КПП"/>
 </way>
 <way id="414599862" visible="true" version="8" changeset="167884548" timestamp="2025-06-20T18:50:57Z" user="neo-plan" uid="363136">
  <nd ref="4157187692"/>
  <nd ref="4157187693"/>
  <nd ref="4298098124"/>
  <nd ref="6672724173"/>
  <nd ref="4157187694"/>
  <nd ref="4181637914"/>
  <nd ref="4181637915"/>
  <nd ref="4184379797"/>
  <nd ref="4181637916"/>
  <tag k="highway" v="footway"/>
  <tag k="surface" v="asphalt"/>
 </way>
 <way id="417973825" visible="true" version="1" changeset="39301923" timestamp="2016-05-13T21:57:31Z" user="ynx" uid="357374">
  <nd ref="3302535045"/>
  <nd ref="3302535048"/>
  <nd ref="2999363333"/>
  <tag k="highway" v="footway"/>
 </way>
 <way id="424971142" visible="true" version="15" changeset="162588820" timestamp="2025-02-16T22:07:31Z" user="BodhidharmaI" uid="10255266">
  <nd ref="209916012"/>
  <nd ref="868549880"/>
  <nd ref="594834732"/>
  <nd ref="991154275"/>
  <tag k="foot" v="no"/>
  <tag k="highway" v="secondary"/>
  <tag k="lanes" v="2"/>
  <tag k="lit" v="yes"/>
  <tag k="maxspeed" v="RU:urban"/>
  <tag k="name" v="Дербеневская набережная"/>
  <tag k="name:en" v="Derbenevskaya Embankment"/>
  <tag k="name:ru" v="Дербеневская набережная"/>
  <tag k="name:uk" v="Дербенівська набережна"/>
  <tag k="note" v="В названии &quot;Дербеневская&quot; нет буквы &quot;ё&quot;, а ударение падает на вторую букву &quot;е&quot; – Дербéневская."/>
  <tag k="oneway" v="yes"/>
  <tag k="postal_code" v="115114"/>
  <tag k="surface" v="asphalt"/>
  <tag k="wikipedia" v="ru:Дербеневская набережная"/>
 </way>
 <way id="425585286" visible="true" version="2" changeset="60699150" timestamp="2018-07-13T20:06:27Z" user="ynx" uid="357374">
  <nd ref="4248760029"/>
  <nd ref="4248760030"/>
  <nd ref="4248760031"/>
  <nd ref="5759324224"/>
  <nd ref="5759324223"/>
  <nd ref="705472910"/>
  <nd ref="4296605246"/>
  <tag k="highway" v="footway"/>
 </way>
 <way id="430375353" visible="true" version="2" changeset="123066604" timestamp="2022-07-01T03:41:13Z" user="Sergey Golyashov" uid="116283">
  <nd ref="4296605246"/>
  <nd ref="9859455314"/>
  <nd ref="705472954"/>
  <tag k="highway" v="service"/>
  <tag k="service" v="parking_aisle"/>
 </way>
 <way id="430543591" visible="true" version="1" changeset="40678329" timestamp="2016-07-12T11:23:56Z" user="ynx" uid="357374">
  <nd ref="4298098122"/>
  <nd ref="4298098123"/>
  <nd ref="702748462"/>
  <tag k="highway" v="footway"/>
 </way>
 <way id="430544129" visible="true" version="1" changeset="40678401" timestamp="2016-07-12T11:28:28Z" user="ynx" uid="357374">
  <nd ref="4298106405"/>
  <nd ref="4298106408"/>
  <tag k="highway" v="footway"/>
 </way>
 <way id="430544130" visible="true" version="1" changeset="40678401" timestamp="2016-07-12T11:28:28Z" user="ynx" uid="357374">
  <nd ref="4298106406"/>
  <nd ref="4298106409"/>
  <tag k="highway" v="footway"/>
 </way>
 <way id="430544131" visible="true" version="1" changeset="40678401" timestamp="2016-07-12T11:28:28Z" user="ynx" uid="357374">
  <nd ref="4298106407"/>
  <nd ref="4298106410"/>
  <tag k="highway" v="footway"/>
 </way>
 <way id="430544132" visible="true" version="2" changeset="66549490" timestamp="2019-01-22T20:06:15Z" user="ynx" uid="357374">
  <nd ref="3010118734"/>
  <nd ref="4298106411"/>
  <nd ref="4298106412"/>
  <nd ref="6228068729"/>
  <nd ref="6228068733"/>
  <nd ref="6010855149"/>
  <nd ref="6010855148"/>
  <nd ref="6010855147"/>
  <nd ref="6228068731"/>
  <nd ref="6228068732"/>
  <nd ref="6228068730"/>
  <nd ref="4298106413"/>
  <nd ref="4181637907"/>
  <nd ref="3010134534"/>
  <nd ref="6228068734"/>
  <nd ref="3010120133"/>
  <nd ref="6228068728"/>
  <nd ref="3010120233"/>
  <nd ref="3010118734"/>
  <tag k="landuse" v="grass"/>
 </way>
 <way id="466901485" visible="true" version="2" changeset="80043414" timestamp="2020-01-24T16:15:32Z" user="ynx" uid="357374">
  <nd ref="699091985"/>
  <nd ref="2999363333"/>
  <nd ref="2999363433"/>
  <nd ref="702748489"/>
  <tag k="access" v="private"/>
  <tag k="bicycle" v="permissive"/>
  <tag k="foot" v="permissive"/>
  <tag k="highway" v="service"/>
  <tag k="maxspeed" v="5"/>
  <tag k="service" v="parking_aisle"/>
  <tag k="surface" v="asphalt"/>
 </way>
 <way id="554099401" visible="true" version="1" changeset="55559994" timestamp="2018-01-18T20:15:58Z" user="ynx" uid="357374">
  <nd ref="5347790614"/>
  <nd ref="699091920"/>
  <tag k="barrier" v="wall"/>
 </way>
 <way id="582060095" visible="true" version="1" changeset="58278112" timestamp="2018-04-20T22:24:36Z" user="ynx" uid="357374">
  <nd ref="5567780287"/>
  <nd ref="5567780288"/>
  <nd ref="5567780289"/>
  <nd ref="5567780290"/>
  <nd ref="5567780287"/>
  <tag k="access" v="private"/>
  <tag k="amenity" v="parking"/>
  <tag k="parking" v="surface"/>
  <tag k="park_ride" v="no"/>
  <tag k="surface" v="asphalt"/>
 </way>
 <way id="582060096" visible="true" version="1" changeset="58278112" timestamp="2018-04-20T22:24:36Z" user="ynx" uid="357374">
  <nd ref="2999363333"/>
  <nd ref="5567780291"/>
  <tag k="access" v="private"/>
  <tag k="bicycle" v="permissive"/>
  <tag k="foot" v="permissive"/>
  <tag k="highway" v="service"/>
  <tag k="service" v="parking_aisle"/>
  <tag k="surface" v="asphalt"/>
 </way>
 <way id="607787181" visible="true" version="1" changeset="60699150" timestamp="2018-07-13T20:06:26Z" user="ynx" uid="357374">
  <nd ref="5759318918"/>
  <nd ref="5759318919"/>
  <nd ref="5759318920"/>
  <nd ref="5759324221"/>
  <nd ref="5759318918"/>
  <tag k="building" v="yes"/>
 </way>
 <way id="607787182" visible="true" version="2" changeset="71004735" timestamp="2019-06-06T21:59:00Z" user="ynx" uid="357374">
  <nd ref="705473043"/>
  <nd ref="3029728633"/>
  <nd ref="5759324231"/>
  <nd ref="5759324223"/>
  <nd ref="5759324222"/>
  <tag k="highway" v="service"/>
  <tag k="surface" v="asphalt"/>
 </way>
 <way id="607787183" visible="true" version="1" changeset="60699150" timestamp="2018-07-13T20:06:26Z" user="ynx" uid="357374">
  <nd ref="5759324222"/>
  <nd ref="4171918461"/>
  <nd ref="708557071"/>
  <tag k="highway" v="service"/>
 </way>
 <way id="607787184" visible="true" version="1" changeset="60699150" timestamp="2018-07-13T20:06:26Z" user="ynx" uid="357374">
  <nd ref="5759324225"/>
  <nd ref="5759324226"/>
  <nd ref="5759324227"/>
  <nd ref="5759324228"/>
  <nd ref="5759324229"/>
  <nd ref="5759324230"/>
  <nd ref="5759324225"/>
  <tag k="landuse" v="grass"/>
 </way>
 <way id="611650476" visible="true" version="2" changeset="123066498" timestamp="2022-07-01T03:32:56Z" user="Sergey Golyashov" uid="116283">
  <nd ref="5790395367"/>
  <nd ref="5790395368"/>
  <nd ref="5790395369"/>
  <nd ref="9859395040"/>
  <nd ref="5790395370"/>
  <tag k="highway" v="footway"/>
 </way>
 <way id="637612220" visible="true" version="2" changeset="66549490" timestamp="2019-01-22T20:06:14Z" user="ynx" uid="357374">
  <nd ref="6010855147"/>
  <nd ref="6010855148"/>
  <nd ref="6010855149"/>
  <nd ref="6228068733"/>
  <nd ref="6228068726"/>
  <nd ref="6228068732"/>
  <nd ref="6228068731"/>
  <nd ref="6010855147"/>
  <tag k="barrier" v="fence"/>
  <tag k="leisure" v="dog_park"/>
 </way>
 <way id="638670455" visible="true" version="23" changeset="171556038" timestamp="2025-09-06T19:01:21Z" user="Felis Pimeja" uid="260756">
  <nd ref="6018905428"/>
  <nd ref="6018905613"/>
  <nd ref="6018903841"/>
  <nd ref="6018905427"/>
  <nd ref="6018903518"/>
  <nd ref="6018902977"/>
  <nd ref="6018905426"/>
  <nd ref="6018903517"/>
  <nd ref="6018903840"/>
  <nd ref="6018903516"/>
  <nd ref="6018903839"/>
  <nd ref="6018905425"/>
  <nd ref="6018903515"/>
  <nd ref="6018903838"/>
  <nd ref="6018905424"/>
  <nd ref="6018903514"/>
  <nd ref="6018903837"/>
  <nd ref="6018905423"/>
  <nd ref="6018903513"/>
  <nd ref="6018903836"/>
  <nd ref="6018905103"/>
  <nd ref="6018903512"/>
  <nd ref="6018903835"/>
  <nd ref="6018905422"/>
  <nd ref="6018903511"/>
  <nd ref="6018903834"/>
  <nd ref="6018905421"/>
  <nd ref="6018903510"/>
  <nd ref="6018903833"/>
  <nd ref="6018905102"/>
  <nd ref="6018903832"/>
  <nd ref="6018905417"/>
  <nd ref="13123839758"/>
  <nd ref="6018903509"/>
  <nd ref="6018903831"/>
  <nd ref="6018905416"/>
  <nd ref="6018903508"/>
  <nd ref="6018902976"/>
  <nd ref="6018904492"/>
  <nd ref="6018903097"/>
  <nd ref="6018904491"/>
  <nd ref="6018902975"/>
  <nd ref="6018903096"/>
  <nd ref="6018904490"/>
  <nd ref="6018902974"/>
  <nd ref="6018903095"/>
  <nd ref="6018902973"/>
  <nd ref="6018904692"/>
  <nd ref="6018904488"/>
  <nd ref="6018902972"/>
  <nd ref="6018904691"/>
  <nd ref="6018904487"/>
  <nd ref="6018902971"/>
  <nd ref="6018904690"/>
  <nd ref="6018904486"/>
  <nd ref="6018902970"/>
  <nd ref="6018902383"/>
  <nd ref="6018904485"/>
  <nd ref="6018902969"/>
  <nd ref="6280182850"/>
  <nd ref="6018902382"/>
  <nd ref="6018897092"/>
  <nd ref="6018902968"/>
  <nd ref="6018902380"/>
  <nd ref="6018897091"/>
  <nd ref="6018902967"/>
  <nd ref="6018903094"/>
  <nd ref="6018903507"/>
  <nd ref="6018903093"/>
  <nd ref="6018897090"/>
  <nd ref="6018902966"/>
  <nd ref="8608386468"/>
  <nd ref="6018903092"/>
  <nd ref="6018897089"/>
  <nd ref="6018902965"/>
  <nd ref="6018903091"/>
  <nd ref="6018897088"/>
  <nd ref="6018902964"/>
  <nd ref="6018903090"/>
  <nd ref="6018897087"/>
  <nd ref="6018902963"/>
  <nd ref="6018903216"/>
  <nd ref="6018903506"/>
  <nd ref="6018902962"/>
  <nd ref="6018903215"/>
  <nd ref="6018903505"/>
  <nd ref="6018902961"/>
  <nd ref="6018903214"/>
  <nd ref="6018903063"/>
  <nd ref="6018903062"/>
  <nd ref="6018903061"/>
  <nd ref="6018897086"/>
  <nd ref="6018903213"/>
  <nd ref="6018902960"/>
  <nd ref="6018903089"/>
  <nd ref="6018902865"/>
  <nd ref="6018903212"/>
  <nd ref="6018902864"/>
  <nd ref="6018903211"/>
  <nd ref="6018902863"/>
  <nd ref="6018903210"/>
  <nd ref="6018903010"/>
  <nd ref="6018902862"/>
  <nd ref="6018903209"/>
  <nd ref="6018903009"/>
  <nd ref="6018902861"/>
  <nd ref="6018902860"/>
  <nd ref="6018903208"/>
  <nd ref="6018903008"/>
  <nd ref="6018902859"/>
  <nd ref="6018903207"/>
  <nd ref="11255159635"/>
  <nd ref="6018903007"/>
  <nd ref="6018902858"/>
  <nd ref="6018903206"/>
  <nd ref="6018903006"/>
  <nd ref="6018902857"/>
  <nd ref="6018903005"/>
  <nd ref="6018902856"/>
  <nd ref="6018903087"/>
  <nd ref="6018903004"/>
  <nd ref="6018902855"/>
  <nd ref="6018903003"/>
  <nd ref="6018903002"/>
  <nd ref="6018903086"/>
  <nd ref="6018903085"/>
  <nd ref="6018902854"/>
  <nd ref="6018902420"/>
  <nd ref="6018902853"/>
  <nd ref="6018902852"/>
  <nd ref="6018902851"/>
  <nd ref="6018902850"/>
  <nd ref="6018902729"/>
  <nd ref="6018902418"/>
  <nd ref="6018902724"/>
  <nd ref="6018902417"/>
  <nd ref="6018902723"/>
  <nd ref="6018902416"/>
  <nd ref="6018902722"/>
  <nd ref="6018902415"/>
  <nd ref="6018902721"/>
  <nd ref="6018902563"/>
  <nd ref="6018902414"/>
  <nd ref="6018902720"/>
  <nd ref="6018902719"/>
  <nd ref="6018902562"/>
  <nd ref="6018902413"/>
  <nd ref="6018902561"/>
  <nd ref="6018902412"/>
  <nd ref="6018902560"/>
  <nd ref="6018902411"/>
  <nd ref="6018897060"/>
  <nd ref="6018902585"/>
  <nd ref="6018902410"/>
  <nd ref="6018897059"/>
  <nd ref="6018895284"/>
  <nd ref="6018902409"/>
  <nd ref="6018897058"/>
  <nd ref="6018895283"/>
  <nd ref="6018902408"/>
  <nd ref="6018897057"/>
  <nd ref="6018895282"/>
  <nd ref="6018902407"/>
  <nd ref="6018897056"/>
  <nd ref="6018895281"/>
  <nd ref="6018902406"/>
  <nd ref="6018897055"/>
  <nd ref="6018901248"/>
  <nd ref="6018902405"/>
  <nd ref="6018897054"/>
  <nd ref="6018901247"/>
  <nd ref="6018902404"/>
  <nd ref="6018897053"/>
  <nd ref="6018901246"/>
  <nd ref="6018902403"/>
  <nd ref="6018897052"/>
  <nd ref="6018901245"/>
  <nd ref="6018905428"/>
  <tag k="boundary" v="protected_area"/>
  <tag k="fixme" v="подравнять границы"/>
  <tag k="heritage" v="1"/>
  <tag k="name" v="Московский Кремль и Красная Площадь. Буферная зона"/>
  <tag k="name:ar" v="الكرملين والساحة الحمراء، موسكو. المنطقة العازلة"/>
  <tag k="name:en" v="Kremlin and Red Square, Moscow. Buffer zone"/>
  <tag k="name:es" v="El kremlin y la Plaza Roja de Moscú. Zona de amortiguamiento"/>
  <tag k="name:fr" v="Le Kremlin et la place Rouge, Moscou. Zone tampon"/>
  <tag k="name:ru" v="Московский Кремль и Красная Площадь. Буферная зона"/>
  <tag k="name:uk" v="Московський Кремль та Червона Площа. Буферна зона"/>
  <tag k="name:zh" v="莫斯科克里姆林宫和红场 缓冲区"/>
  <tag k="name:zh-Hans" v="莫斯科克里姆林宫和红场 缓冲区"/>
  <tag k="name:zh-Hant" v="莫斯科克里姆林宮和紅場 緩衝區"/>
  <tag k="protect_class" v="22"/>
  <tag k="source:geometry" v="http://whc.unesco.org/document/140242"/>
 </way>
 <way id="709811593" visible="true" version="1" changeset="72916539" timestamp="2019-08-01T22:09:05Z" user="ynx" uid="357374">
  <nd ref="6672724173"/>
  <nd ref="6672724174"/>
  <tag k="highway" v="footway"/>
 </way>
 <way id="709811594" visible="true" version="1" changeset="72916539" timestamp="2019-08-01T22:09:05Z" user="ynx" uid="357374">
  <nd ref="5567780272"/>
  <nd ref="6672724177"/>
  <nd ref="6672724178"/>
  <nd ref="6672724179"/>
  <nd ref="6672724180"/>
  <nd ref="6672724181"/>
  <tag k="highway" v="footway"/>
 </way>
 <way id="753401907" visible="true" version="3" changeset="160672692" timestamp="2024-12-27T11:52:41Z" user="Felis Pimeja" uid="260756">
  <nd ref="7039295249"/>
  <nd ref="7039295250"/>
  <nd ref="7039295251"/>
  <nd ref="7039295252"/>
  <nd ref="7039295249"/>
  <tag k="access" v="yes"/>
  <tag k="amenity" v="parking"/>
  <tag k="capacity" v="5"/>
  <tag k="fee" v="yes"/>
  <tag k="orientation" v="parallel"/>
  <tag k="parking" v="street_side"/>
  <tag k="surface" v="asphalt"/>
 </way>
 <way id="753401908" visible="true" version="1" changeset="78070695" timestamp="2019-12-06T20:09:07Z" user="ynx" uid="357374">
  <nd ref="7039295253"/>
  <nd ref="7039295254"/>
  <nd ref="7039295252"/>
  <nd ref="7039295249"/>
  <nd ref="7039295253"/>
  <tag k="landuse" v="grass"/>
 </way>
 <way id="753401909" visible="true" version="1" changeset="78070695" timestamp="2019-12-06T20:09:07Z" user="ynx" uid="357374">
  <nd ref="7039295253"/>
  <nd ref="7039295249"/>
  <nd ref="7039295252"/>
  <nd ref="7039295251"/>
  <nd ref="7039295250"/>
  <tag k="barrier" v="kerb"/>
 </way>
 <way id="849363519" visible="true" version="6" changeset="181364835" timestamp="2026-04-15T12:33:30Z" user="neo-plan" uid="363136">
  <nd ref="7926557679"/>
  <nd ref="7926557678"/>
  <nd ref="7926557677"/>
  <nd ref="7926557676"/>
  <nd ref="7926557675"/>
  <nd ref="7926557674"/>
  <nd ref="7926557673"/>
  <nd ref="7926557672"/>
  <nd ref="7926557671"/>
  <nd ref="7926557670"/>
  <nd ref="7926557669"/>
  <nd ref="7926557668"/>
  <nd ref="7926557667"/>
  <nd ref="7926557666"/>
  <nd ref="7926557665"/>
  <nd ref="7926557664"/>
  <nd ref="7926557663"/>
  <nd ref="7926557662"/>
  <nd ref="7926557661"/>
  <nd ref="7926557660"/>
  <nd ref="7926557659"/>
  <nd ref="7926557658"/>
  <nd ref="7926557657"/>
  <nd ref="7926557656"/>
  <nd ref="7926557655"/>
  <nd ref="7926557654"/>
  <nd ref="7926557653"/>
  <nd ref="7926557652"/>
  <nd ref="9119662587"/>
  <nd ref="7926557651"/>
  <nd ref="7926557650"/>
  <nd ref="7926557649"/>
  <nd ref="7926557648"/>
  <nd ref="13732189673"/>
  <nd ref="7926557647"/>
  <nd ref="7926557646"/>
  <nd ref="7926557645"/>
  <nd ref="7926557644"/>
  <nd ref="7926557643"/>
  <nd ref="7926557642"/>
  <nd ref="7926557641"/>
  <nd ref="7926557640"/>
  <nd ref="7926557639"/>
  <nd ref="7926557638"/>
  <nd ref="7926557637"/>
  <nd ref="7926557636"/>
  <nd ref="7926557635"/>
  <nd ref="7926557634"/>
  <nd ref="7926557633"/>
  <nd ref="7926557632"/>
  <nd ref="7926557631"/>
  <nd ref="7926557630"/>
  <nd ref="13368219653"/>
  <nd ref="9288692068"/>
  <nd ref="7926557629"/>
  <nd ref="7926557628"/>
  <nd ref="7926557627"/>
  <nd ref="7926557626"/>
  <nd ref="7926557625"/>
  <nd ref="7926557624"/>
  <nd ref="7926557623"/>
  <nd ref="7926557622"/>
  <nd ref="7926557621"/>
  <nd ref="7926557620"/>
  <nd ref="7926557619"/>
  <nd ref="7926557618"/>
  <nd ref="7926557617"/>
  <nd ref="7926557616"/>
  <nd ref="7926557615"/>
  <nd ref="7926557614"/>
  <nd ref="7926557613"/>
  <nd ref="7926557612"/>
  <nd ref="7926557611"/>
  <nd ref="7926557610"/>
  <nd ref="7926557609"/>
  <nd ref="7926557608"/>
  <nd ref="7926557607"/>
  <nd ref="7926557606"/>
  <nd ref="7926557605"/>
  <nd ref="7926557604"/>
  <nd ref="7926557603"/>
  <nd ref="7926557602"/>
  <nd ref="7926557601"/>
  <nd ref="7926557600"/>
  <nd ref="7926557599"/>
  <nd ref="7926557598"/>
  <nd ref="7926557597"/>
  <nd ref="7926557596"/>
  <nd ref="7926557595"/>
  <nd ref="7926557594"/>
  <nd ref="7926557593"/>
  <nd ref="7926557592"/>
  <nd ref="7926557591"/>
  <nd ref="7926557590"/>
  <nd ref="7926557589"/>
  <nd ref="7926557588"/>
  <nd ref="7926557587"/>
  <nd ref="7926557586"/>
  <nd ref="7926557585"/>
  <nd ref="7926515684"/>
  <nd ref="7926515683"/>
  <nd ref="7926515682"/>
  <nd ref="7926515681"/>
  <nd ref="7926515680"/>
  <nd ref="7926515679"/>
  <nd ref="7926515678"/>
  <nd ref="7926515677"/>
  <nd ref="7926515676"/>
  <nd ref="7926515675"/>
  <nd ref="7926515674"/>
  <nd ref="7926515673"/>
  <nd ref="7926515672"/>
  <nd ref="7926515671"/>
  <nd ref="7926515670"/>
  <nd ref="7926515669"/>
  <nd ref="7926515668"/>
  <nd ref="7926515667"/>
  <nd ref="7926515666"/>
  <nd ref="7926515665"/>
  <nd ref="7926515664"/>
  <nd ref="7926515663"/>
  <nd ref="7926515662"/>
  <nd ref="7926515661"/>
  <nd ref="7926515660"/>
  <nd ref="7926515659"/>
  <nd ref="7926515658"/>
  <nd ref="7926515657"/>
  <nd ref="7926515656"/>
  <nd ref="7926515655"/>
  <nd ref="7926515654"/>
  <nd ref="7926515653"/>
  <nd ref="7926515652"/>
  <nd ref="7926515651"/>
  <nd ref="7926515650"/>
  <nd ref="7926515649"/>
  <nd ref="7926515648"/>
  <nd ref="7926515647"/>
  <nd ref="7926515646"/>
  <nd ref="7926515645"/>
  <nd ref="7926515644"/>
  <nd ref="7926515643"/>
  <nd ref="7926515642"/>
  <nd ref="7926515641"/>
  <nd ref="7926515640"/>
  <nd ref="13730844509"/>
  <nd ref="7926515639"/>
  <nd ref="7926515638"/>
  <nd ref="13730844508"/>
  <nd ref="7926515637"/>
  <nd ref="7926515636"/>
  <nd ref="7926515635"/>
  <nd ref="7924469625"/>
  <nd ref="7924469626"/>
  <nd ref="7924469627"/>
  <nd ref="7924469628"/>
  <nd ref="7924469629"/>
  <nd ref="7924469630"/>
  <nd ref="7924469631"/>
  <nd ref="7924469632"/>
  <nd ref="7924469633"/>
  <nd ref="7924469634"/>
  <nd ref="7924469635"/>
  <nd ref="7924469636"/>
  <nd ref="7924469637"/>
  <nd ref="7924469638"/>
  <nd ref="7924469639"/>
  <nd ref="7924469640"/>
  <nd ref="7924469641"/>
  <nd ref="7924469642"/>
  <nd ref="7924469643"/>
  <nd ref="7924469644"/>
  <nd ref="7924469645"/>
  <nd ref="7924469646"/>
  <nd ref="7924469647"/>
  <nd ref="7924469648"/>
  <nd ref="7924469649"/>
  <nd ref="7924469650"/>
  <nd ref="7924469651"/>
  <nd ref="7924469652"/>
  <nd ref="7924469653"/>
  <nd ref="7924469654"/>
  <tag k="circuits" v="2"/>
  <tag k="layer" v="-1"/>
  <tag k="location" v="underground"/>
  <tag k="power" v="cable"/>
  <tag k="source" v="ЗОУИТ"/>
  <tag k="voltage" v="110000"/>
 </way>
 <way id="1142035302" visible="true" version="4" changeset="135707721" timestamp="2023-05-04T16:00:52Z" user="Bobropiton" uid="2055718">
  <nd ref="10636832169"/>
  <nd ref="10636832168"/>
  <nd ref="10636832167"/>
  <nd ref="10636832166"/>
  <nd ref="10636832165"/>
  <nd ref="10636832164"/>
  <nd ref="10636832163"/>
  <nd ref="10636832162"/>
  <nd ref="10636832161"/>
  <nd ref="10636832160"/>
  <nd ref="10636832159"/>
  <nd ref="10636832158"/>
  <nd ref="10636832157"/>
  <nd ref="10636832156"/>
  <nd ref="10636832155"/>
  <nd ref="10636832154"/>
  <nd ref="10636832153"/>
  <nd ref="10636832152"/>
  <nd ref="10636832151"/>
  <nd ref="10636832150"/>
  <nd ref="10636832149"/>
  <nd ref="10636832148"/>
  <nd ref="10636832147"/>
  <nd ref="10636832146"/>
  <nd ref="10636832145"/>
  <nd ref="10636832144"/>
  <nd ref="10636832143"/>
  <nd ref="10636832142"/>
  <nd ref="10636832141"/>
  <nd ref="10636832140"/>
  <nd ref="10636832139"/>
  <nd ref="10636832138"/>
  <nd ref="10636832137"/>
  <nd ref="10636832136"/>
  <nd ref="10636832135"/>
  <nd ref="10636832134"/>
  <nd ref="10636832133"/>
  <nd ref="10636832132"/>
  <nd ref="10636832131"/>
  <nd ref="10636832130"/>
  <nd ref="10636832129"/>
  <nd ref="10636832128"/>
  <nd ref="10636832127"/>
  <nd ref="10636832126"/>
  <nd ref="10636832125"/>
  <nd ref="10636832124"/>
  <nd ref="10636832123"/>
  <nd ref="10636832122"/>
  <nd ref="10636832121"/>
  <nd ref="10636832120"/>
  <nd ref="10636832119"/>
  <nd ref="10636832118"/>
  <nd ref="10636832117"/>
  <nd ref="10636832116"/>
  <nd ref="10636832115"/>
  <nd ref="10636832114"/>
  <nd ref="10636832113"/>
  <nd ref="10636832112"/>
  <nd ref="10636832111"/>
  <nd ref="10636832110"/>
  <nd ref="10636832109"/>
  <nd ref="10636832108"/>
  <nd ref="10636832107"/>
  <nd ref="10636832106"/>
  <nd ref="10636832105"/>
  <nd ref="10636811504"/>
  <nd ref="10636811503"/>
  <nd ref="10636811502"/>
  <nd ref="10636811501"/>
  <nd ref="10636811500"/>
  <nd ref="10636811499"/>
  <nd ref="10636811498"/>
  <nd ref="10636811497"/>
  <nd ref="10636811496"/>
  <nd ref="10636811495"/>
  <nd ref="5804777845"/>
  <nd ref="10867845742"/>
  <nd ref="10867845748"/>
  <nd ref="10636811488"/>
  <nd ref="10636811485"/>
  <nd ref="10867845755"/>
  <nd ref="10636811480"/>
  <nd ref="10636811479"/>
  <nd ref="10867922445"/>
  <nd ref="10867922454"/>
  <nd ref="3006606134"/>
  <nd ref="10636811471"/>
  <nd ref="10866606027"/>
  <nd ref="10636811470"/>
  <nd ref="10636811468"/>
  <nd ref="10636811467"/>
  <nd ref="10636811466"/>
  <nd ref="10636811465"/>
  <nd ref="10636811464"/>
  <nd ref="10636811463"/>
  <nd ref="10636811462"/>
  <nd ref="10867922508"/>
  <nd ref="10636811459"/>
  <nd ref="10636811458"/>
  <nd ref="10636811457"/>
  <nd ref="10636811454"/>
  <nd ref="10636811453"/>
  <nd ref="10636811452"/>
  <nd ref="10866606006"/>
  <nd ref="10866606019"/>
  <nd ref="10636811451"/>
  <nd ref="10636832169"/>
  <tag k="description" v="Район выезда ПСЧ-6 (RU-MSK-25-6)"/>
  <tag k="fire_boundary" v="yes"/>
  <tag k="operator" v="RU-MSK-25-6"/>
 </way>
 <way id="1410350899" visible="true" version="1" changeset="168226663" timestamp="2025-06-28T13:07:01Z" user="Bobropiton" uid="2055718">
  <nd ref="11217933427"/>
  <nd ref="12959355531"/>
  <nd ref="12959355530"/>
  <nd ref="12959355533"/>
  <nd ref="12959355529"/>
  <nd ref="12959355528"/>
  <nd ref="12959355527"/>
  <nd ref="12959355526"/>
  <nd ref="12959355534"/>
  <nd ref="12959355525"/>
  <nd ref="12959355524"/>
  <nd ref="12959355523"/>
  <nd ref="12959355522"/>
  <nd ref="12959355521"/>
  <nd ref="12959355520"/>
  <nd ref="12959355519"/>
  <nd ref="12959355518"/>
  <nd ref="12959355517"/>
  <nd ref="12959355516"/>
  <nd ref="12959355515"/>
  <nd ref="12959355535"/>
  <nd ref="12959355514"/>
  <nd ref="12959355513"/>
  <nd ref="12959355512"/>
  <nd ref="12959355511"/>
  <nd ref="12959355510"/>
  <nd ref="12959355509"/>
  <nd ref="12959355508"/>
  <nd ref="12959355507"/>
  <nd ref="12959355506"/>
  <nd ref="12959355505"/>
  <nd ref="11229935228"/>
  <nd ref="11229935224"/>
  <nd ref="11229935226"/>
  <nd ref="12959355503"/>
  <nd ref="11229935229"/>
  <tag k="foot" v="yes"/>
  <tag k="motor_vehicle" v="no"/>
  <tag k="route" v="ferry"/>
 </way>
 <way id="1498912501" visible="true" version="1" changeset="181252137" timestamp="2026-04-12T23:15:41Z" user="neo-plan" uid="363136">
  <nd ref="4298098116"/>
  <nd ref="4298098122"/>
  <nd ref="4298098121"/>
  <nd ref="4298098115"/>
  <nd ref="4171918462"/>
  <nd ref="4171918463"/>
  <nd ref="4171918461"/>
  <nd ref="5734928156"/>
  <nd ref="4171918460"/>
  <nd ref="4171918459"/>
  <nd ref="5729028485"/>
  <nd ref="13726488125"/>
  <nd ref="4210981755"/>
  <tag k="highway" v="footway"/>
  <tag k="surface" v="asphalt"/>
 </way>
 <way id="1499593738" visible="true" version="1" changeset="181363940" timestamp="2026-04-15T12:13:09Z" user="neo-plan" uid="363136">
  <nd ref="3182368570"/>
  <nd ref="3224636224"/>
  <nd ref="3224636231"/>
  <tag k="bicycle" v="designated"/>
  <tag k="foot" v="designated"/>
  <tag k="highway" v="path"/>
  <tag k="segregated" v="no"/>
  <tag k="surface" v="asphalt"/>
  <tag k="width" v="2"/>
 </way>
 <way id="1499593739" visible="true" version="1" changeset="181363940" timestamp="2026-04-15T12:13:09Z" user="neo-plan" uid="363136">
  <nd ref="3182368575"/>
  <nd ref="3182368573"/>
  <nd ref="13726488129"/>
  <nd ref="13726488128"/>
  <nd ref="3182368574"/>
  <nd ref="4361662781"/>
  <nd ref="4361662780"/>
  <nd ref="3182368566"/>
  <nd ref="3182368570"/>
  <tag k="bicycle" v="designated"/>
  <tag k="foot" v="designated"/>
  <tag k="highway" v="path"/>
  <tag k="segregated" v="yes"/>
  <tag k="surface" v="asphalt"/>
  <tag k="width" v="2"/>
 </way>
 <way id="1556156651" visible="true" version="1" changeset="188566449" timestamp="2026-09-05T11:19:13Z" user="literan" uid="830106">
  <nd ref="1470892612"/>
  <nd ref="3881894477"/>
  <nd ref="3881894478"/>
  <nd ref="5238636749"/>
  <nd ref="1470892610"/>
  <nd ref="1470892607"/>
  <nd ref="14154364312"/>
  <tag k="highway" v="unclassified"/>
  <tag k="name" v="Симоновская набережная"/>
  <tag k="oneway" v="yes"/>
  <tag k="source" v="https://stroi.mos.ru/road/road/80"/>
  <tag k="surface" v="asphalt"/>
 </way>
 <way id="1556156652" visible="true" version="1" changeset="188566449" timestamp="2026-09-05T11:19:13Z" user="literan" uid="830106">
  <nd ref="14154364312"/>
  <nd ref="14154364311"/>
  <nd ref="14154364310"/>
  <nd ref="14154364309"/>
  <nd ref="14154364308"/>
  <nd ref="14154364307"/>
  <nd ref="14154364306"/>
  <nd ref="14154364305"/>
  <nd ref="14154364304"/>
  <nd ref="14154364303"/>
  <tag k="highway" v="unclassified"/>
  <tag k="oneway" v="yes"/>
  <tag k="surface" v="asphalt"/>
 </way>
 <relation id="389341" visible="true" version="147" changeset="183821828" timestamp="2026-06-08T10:42:17Z" user="Bobropiton" uid="2055718">
  <member type="way" ref="39667221" role="main_stream"/>
  <member type="way" ref="350108135" role="main_stream"/>
  <member type="way" ref="887570772" role="main_stream"/>
  <member type="way" ref="887570773" role="main_stream"/>
  <member type="way" ref="350108136" role="main_stream"/>
  <member type="way" ref="251977453" role="main_stream"/>
  <member type="way" ref="325387642" role="main_stream"/>
  <member type="way" ref="325387643" role="main_stream"/>
  <member type="way" ref="325387640" role="main_stream"/>
  <member type="way" ref="325387641" role="main_stream"/>
  <member type="way" ref="309180967" role="main_stream"/>
  <member type="way" ref="31361512" role="main_stream"/>
  <member type="way" ref="1006286104" role="main_stream"/>
  <member type="way" ref="1006286103" role="main_stream"/>
  <member type="way" ref="724612826" role="main_stream"/>
  <member type="way" ref="724612825" role="main_stream"/>
  <member type="way" ref="157324761" role="main_stream"/>
  <member type="way" ref="340109949" role="main_stream"/>
  <member type="way" ref="48579984" role="main_stream"/>
  <member type="way" ref="48579966" role="main_stream"/>
  <member type="way" ref="48579969" role="main_stream"/>
  <member type="way" ref="628034569" role="main_stream"/>
  <member type="way" ref="189387485" role="main_stream"/>
  <member type="way" ref="48583406" role="main_stream"/>
  <member type="way" ref="189387514" role="main_stream"/>
  <member type="way" ref="48583428" role="main_stream"/>
  <member type="way" ref="189387482" role="main_stream"/>
  <member type="way" ref="189387493" role="main_stream"/>
  <member type="way" ref="189387522" role="main_stream"/>
  <member type="way" ref="189387502" role="main_stream"/>
  <member type="way" ref="189387506" role="main_stream"/>
  <member type="way" ref="189387488" role="main_stream"/>
  <member type="way" ref="189387495" role="main_stream"/>
  <member type="way" ref="48549674" role="main_stream"/>
  <member type="way" ref="189387517" role="main_stream"/>
  <member type="way" ref="189387483" role="main_stream"/>
  <member type="way" ref="189387534" role="main_stream"/>
  <member type="way" ref="189387458" role="main_stream"/>
  <member type="way" ref="270840775" role="main_stream"/>
  <member type="way" ref="189387511" role="main_stream"/>
  <member type="way" ref="189387530" role="main_stream"/>
  <member type="way" ref="23428005" role="main_stream"/>
  <member type="way" ref="189387531" role="main_stream"/>
  <member type="way" ref="189387528" role="main_stream"/>
  <member type="way" ref="189387532" role="main_stream"/>
  <member type="way" ref="189387499" role="main_stream"/>
  <member type="way" ref="189387504" role="main_stream"/>
  <member type="way" ref="189387476" role="main_stream"/>
  <member type="way" ref="189387480" role="main_stream"/>
  <member type="way" ref="189387524" role="main_stream"/>
  <member type="way" ref="206543624" role="main_stream"/>
  <member type="way" ref="189387466" role="main_stream"/>
  <member type="way" ref="668462770" role="main_stream"/>
  <member type="way" ref="189387509" role="main_stream"/>
  <member type="way" ref="114694649" role="main_stream"/>
  <member type="way" ref="189387461" role="main_stream"/>
  <member type="way" ref="114681805" role="main_stream"/>
  <member type="way" ref="114694657" role="main_stream"/>
  <member type="way" ref="206530305" role="main_stream"/>
  <member type="way" ref="189387464" role="main_stream"/>
  <member type="way" ref="206521445" role="main_stream"/>
  <member type="way" ref="114681814" role="main_stream"/>
  <member type="way" ref="189387491" role="main_stream"/>
  <member type="way" ref="51724056" role="main_stream"/>
  <member type="way" ref="51731517" role="main_stream"/>
  <member type="way" ref="51723649" role="main_stream"/>
  <member type="way" ref="791432744" role="main_stream"/>
  <member type="way" ref="51723233" role="main_stream"/>
  <member type="way" ref="791432743" role="main_stream"/>
  <member type="way" ref="791432742" role="main_stream"/>
  <member type="way" ref="157471610" role="main_stream"/>
  <member type="way" ref="157471611" role="main_stream"/>
  <member type="way" ref="1171252601" role="main_stream"/>
  <member type="way" ref="791432741" role="main_stream"/>
  <member type="way" ref="1171252602" role="main_stream"/>
  <member type="way" ref="1290440320" role="main_stream"/>
  <member type="way" ref="51723234" role="main_stream"/>
  <member type="way" ref="39991331" role="main_stream"/>
  <member type="way" ref="52014312" role="main_stream"/>
  <member type="way" ref="1171252598" role="main_stream"/>
  <member type="way" ref="1213256296" role="main_stream"/>
  <member type="way" ref="1171252597" role="main_stream"/>
  <member type="way" ref="40026312" role="main_stream"/>
  <member type="way" ref="1171252595" role="main_stream"/>
  <member type="way" ref="1184513278" role="main_stream"/>
  <member type="way" ref="40026336" role="main_stream"/>
  <member type="way" ref="84056575" role="main_stream"/>
  <member type="way" ref="1490993986" role="main_stream"/>
  <member type="way" ref="1171252593" role="main_stream"/>
  <member type="way" ref="83946751" role="main_stream"/>
  <member type="way" ref="52014296" role="main_stream"/>
  <member type="way" ref="1527499873" role="main_stream"/>
  <member type="way" ref="40014961" role="main_stream"/>
  <member type="way" ref="85604085" role="main_stream"/>
  <member type="way" ref="83946762" role="main_stream"/>
  <member type="way" ref="83938858" role="main_stream"/>
  <member type="way" ref="84069227" role="main_stream"/>
  <member type="way" ref="1392971739" role="main_stream"/>
  <member type="way" ref="1392971740" role="main_stream"/>
  <member type="way" ref="83938833" role="main_stream"/>
  <member type="way" ref="85599667" role="main_stream"/>
  <member type="way" ref="1392971787" role="main_stream"/>
  <member type="way" ref="1392971788" role="main_stream"/>
  <member type="way" ref="51909348" role="main_stream"/>
  <member type="way" ref="51909327" role="main_stream"/>
  <member type="way" ref="85964464" role="main_stream"/>
  <member type="way" ref="85711721" role="main_stream"/>
  <member type="way" ref="85711720" role="main_stream"/>
  <member type="way" ref="85711719" role="main_stream"/>
  <member type="way" ref="85711722" role="main_stream"/>
  <member type="way" ref="85716774" role="main_stream"/>
  <member type="way" ref="85716772" role="main_stream"/>
  <member type="way" ref="285686335" role="main_stream"/>
  <member type="way" ref="85704547" role="main_stream"/>
  <member type="way" ref="85704540" role="main_stream"/>
  <member type="way" ref="32635328" role="main_stream"/>
  <member type="way" ref="434315839" role="main_stream"/>
  <member type="way" ref="35912179" role="main_stream"/>
  <member type="way" ref="35912180" role="main_stream"/>
  <member type="way" ref="32635332" role="main_stream"/>
  <member type="way" ref="192682006" role="side_stream"/>
  <member type="way" ref="192246712" role="side_stream"/>
  <member type="way" ref="35912181" role="side_stream"/>
  <member type="way" ref="284315990" role="side_stream"/>
  <member type="way" ref="128989151" role="side_stream"/>
  <member type="way" ref="128989150" role="side_stream"/>
  <member type="way" ref="128989152" role="side_stream"/>
  <member type="way" ref="35916871" role="side_stream"/>
  <member type="way" ref="128988496" role="side_stream"/>
  <member type="way" ref="128988497" role="side_stream"/>
  <member type="way" ref="30282059" role="side_stream"/>
  <member type="way" ref="128988495" role="side_stream"/>
  <member type="way" ref="128988498" role="side_stream"/>
  <member type="way" ref="32743420" role="side_stream"/>
  <member type="way" ref="32743419" role="side_stream"/>
  <member type="way" ref="32743423" role="side_stream"/>
  <member type="way" ref="128991244" role="side_stream"/>
  <member type="way" ref="128981877" role="side_stream"/>
  <member type="way" ref="128991246" role="side_stream"/>
  <member type="way" ref="32743519" role="side_stream"/>
  <member type="way" ref="32743520" role="side_stream"/>
  <member type="way" ref="28585900" role="side_stream"/>
  <member type="way" ref="32743516" role="side_stream"/>
  <member type="way" ref="32743496" role="side_stream"/>
  <member type="way" ref="32743530" role="side_stream"/>
  <member type="way" ref="32743527" role="side_stream"/>
  <member type="way" ref="28585975" role="side_stream"/>
  <member type="way" ref="32743505" role="side_stream"/>
  <member type="way" ref="157600547" role="side_stream"/>
  <member type="way" ref="157600571" role="side_stream"/>
  <member type="way" ref="157600548" role="side_stream"/>
  <member type="way" ref="23985851" role="side_stream"/>
  <member type="way" ref="35916872" role="side_stream"/>
  <member type="way" ref="24405598" role="side_stream"/>
  <member type="way" ref="23629379" role="side_stream"/>
  <member type="way" ref="1304906931" role="side_stream"/>
  <member type="way" ref="1304906928" role="side_stream"/>
  <member type="way" ref="487074288" role="side_stream"/>
  <tag k="alt_name:ca" v="Riu Moskova"/>
  <tag k="alt_name:de" v="Moskau"/>
  <tag k="destination" v="Ока"/>
  <tag k="gvr:code" v="09010101012110000023004"/>
  <tag k="int_name" v="Moskva"/>
  <tag k="name" v="Москва"/>
  <tag k="name:af" v="Moskwa"/>
  <tag k="name:ar" v="نهر موسكفا"/>
  <tag k="name:be" v="Масква"/>
  <tag k="name:bg" v="Москва"/>
  <tag k="name:bn" v="মস্কোভা নদী"/>
  <tag k="name:br" v="Moskva"/>
  <tag k="name:bs" v="Moskva"/>
  <tag k="name:ca" v="Riu Moskvà"/>
  <tag k="name:cs" v="Moskva"/>
  <tag k="name:cv" v="Мускав"/>
  <tag k="name:cy" v="Moscfa"/>
  <tag k="name:da" v="Moskva"/>
  <tag k="name:de" v="Moskwa"/>
  <tag k="name:el" v="Μόσχοβας"/>
  <tag k="name:en" v="Moskva River"/>
  <tag k="name:eo" v="Moskva"/>
  <tag k="name:es" v="Moscova"/>
  <tag k="name:et" v="Moskva"/>
  <tag k="name:eu" v="Moskova"/>
  <tag k="name:fa" v="رود موسکوا"/>
  <tag k="name:fi" v="Moskova"/>
  <tag k="name:fr" v="Moskova"/>
  <tag k="name:fy" v="Moskwa"/>
  <tag k="name:he" v="מוסקבה (נהר)"/>
  <tag k="name:hi" v="मोस्कवा नदी"/>
  <tag k="name:hr" v="Moskva"/>
  <tag k="name:hu" v="Moszkva"/>
  <tag k="name:hy" v="Մոսկվա"/>
  <tag k="name:id" v="Moskwa"/>
  <tag k="name:it" v="Moscova"/>
  <tag k="name:ja" v="モスクワ川"/>
  <tag k="name:ko" v="모스크바 강"/>
  <tag k="name:ky" v="Москва"/>
  <tag k="name:la" v="Moscus"/>
  <tag k="name:lt" v="Maskva"/>
  <tag k="name:lv" v="Maskava"/>
  <tag k="name:mk" v="Москва"/>
  <tag k="name:ml" v="മോസ്ക്വ നദി"/>
  <tag k="name:mn" v="Москва"/>
  <tag k="name:mr" v="मोस्कवा नदी"/>
  <tag k="name:ms" v="Sungai Moskva"/>
  <tag k="name:nl" v="Moskva"/>
  <tag k="name:nn" v="Moskvaelva"/>
  <tag k="name:no" v="Moskva"/>
  <tag k="name:pl" v="Moskwa"/>
  <tag k="name:pt" v="Moscou"/>
  <tag k="name:ro" v="Moscova"/>
  <tag k="name:ru" v="Москва"/>
  <tag k="name:sk" v="Moskva"/>
  <tag k="name:sr" v="Москва"/>
  <tag k="name:sv" v="Moskvafloden"/>
  <tag k="name:sw" v="Moskva"/>
  <tag k="name:ta" v="மசுகுவா ஆறு"/>
  <tag k="name:tr" v="Moskova"/>
  <tag k="name:uk" v="Москва"/>
  <tag k="name:uz" v="Moskva"/>
  <tag k="name:vi" v="Moskva"/>
  <tag k="name:zh" v="莫斯科河"/>
  <tag k="old_name:de" v="Moskau-Fluss"/>
  <tag k="type" v="waterway"/>
  <tag k="waterway" v="river"/>
  <tag k="wikidata" v="Q175117"/>
  <tag k="wikipedia" v="ru:Москва (река)"/>
 </relation>
 <relation id="579451" visible="true" version="6" changeset="140373675" timestamp="2023-08-25T13:43:31Z" user="mappinglander" uid="11978982">
  <member type="way" ref="55983926" role="from"/>
  <member type="way" ref="55983926" role="to"/>
  <member type="node" ref="209916009" role="via"/>
  <tag k="restriction" v="no_u_turn"/>
  <tag k="type" v="restriction"/>
 </relation>
 <relation id="581465" visible="true" version="8" changeset="140373675" timestamp="2023-08-25T13:43:31Z" user="mappinglander" uid="11978982">
  <member type="way" ref="55627038" role="from"/>
  <member type="way" ref="55627038" role="to"/>
  <member type="node" ref="209916012" role="via"/>
  <tag k="restriction" v="no_u_turn"/>
  <tag k="type" v="restriction"/>
 </relation>
 <relation id="1451187" visible="true" version="20" changeset="140387506" timestamp="2023-08-25T20:08:25Z" user="NorthCrab" uid="15215305">
  <member type="way" ref="102035533" role="outer"/>
  <member type="way" ref="23126291" role="outer"/>
  <member type="way" ref="110887912" role="outer"/>
  <member type="way" ref="102032782" role="outer"/>
  <member type="way" ref="102034209" role="outer"/>
  <member type="way" ref="340126772" role="outer"/>
  <member type="way" ref="340126789" role="outer"/>
  <member type="way" ref="340126788" role="outer"/>
  <member type="way" ref="340126785" role="outer"/>
  <member type="way" ref="207429774" role="outer"/>
  <member type="way" ref="1185950637" role="outer"/>
  <member type="way" ref="207429773" role="outer"/>
  <member type="way" ref="207429781" role="outer"/>
  <member type="way" ref="159079407" role="outer"/>
  <member type="way" ref="370775828" role="outer"/>
  <member type="way" ref="369896973" role="outer"/>
  <member type="way" ref="369896974" role="outer"/>
  <member type="way" ref="1198118416" role="outer"/>
  <member type="way" ref="369896968" role="outer"/>
  <member type="way" ref="369896967" role="outer"/>
  <tag k="boat" v="yes"/>
  <tag k="intermittent" v="no"/>
  <tag k="natural" v="water"/>
  <tag k="type" v="multipolygon"/>
  <tag k="water" v="river"/>
 </relation>
 <relation id="1768310" visible="true" version="98" changeset="178473203" timestamp="2026-02-12T19:46:20Z" user="Bobropiton" uid="2055718">
  <member type="node" ref="10539275628" role="stop_entry_only"/>
  <member type="node" ref="594912954" role="platform_entry_only"/>
  <member type="node" ref="10539275627" role="stop"/>
  <member type="node" ref="594912945" role="platform"/>
  <member type="node" ref="10539275626" role="stop"/>
  <member type="node" ref="597809016" role="platform"/>
  <member type="node" ref="10711268154" role="stop"/>
  <member type="node" ref="1780065545" role="platform"/>
  <member type="node" ref="10711268152" role="stop"/>
  <member type="node" ref="991154272" role="platform"/>
  <member type="node" ref="10711268150" role="stop"/>
  <member type="node" ref="991154289" role="platform"/>
  <member type="node" ref="10711268149" role="stop"/>
  <member type="node" ref="472946222" role="platform"/>
  <member type="node" ref="10711268148" role="stop"/>
  <member type="node" ref="1447992470" role="platform"/>
  <member type="node" ref="10711268147" role="stop"/>
  <member type="node" ref="10961182516" role="platform"/>
  <member type="node" ref="10711268021" role="stop"/>
  <member type="node" ref="10961182519" role="platform"/>
  <member type="node" ref="10711268005" role="stop"/>
  <member type="node" ref="10939867736" role="platform"/>
  <member type="node" ref="1187138845" role="stop"/>
  <member type="node" ref="292141171" role="platform"/>
  <member type="node" ref="10711268155" role="stop"/>
  <member type="node" ref="292141167" role="platform"/>
  <member type="way" ref="1130886273" role=""/>
  <member type="way" ref="557794360" role=""/>
  <member type="way" ref="557794359" role=""/>
  <member type="way" ref="46481008" role=""/>
  <member type="way" ref="23359812" role=""/>
  <member type="way" ref="131591153" role=""/>
  <member type="way" ref="166557196" role=""/>
  <member type="way" ref="577309115" role=""/>
  <member type="way" ref="207177774" role=""/>
  <member type="way" ref="207179162" role=""/>
  <member type="way" ref="131591146" role=""/>
  <member type="way" ref="58873083" role=""/>
  <member type="way" ref="86208572" role=""/>
  <member type="way" ref="1028117527" role=""/>
  <member type="way" ref="38673638" role=""/>
  <member type="way" ref="30694829" role=""/>
  <member type="way" ref="1028116777" role=""/>
  <member type="way" ref="46471046" role=""/>
  <member type="way" ref="30585064" role=""/>
  <member type="way" ref="131591145" role=""/>
  <member type="way" ref="166557201" role=""/>
  <member type="way" ref="46471052" role=""/>
  <member type="way" ref="28132326" role=""/>
  <member type="way" ref="28132338" role=""/>
  <member type="way" ref="1151372618" role=""/>
  <member type="way" ref="1151372636" role=""/>
  <member type="way" ref="1151372635" role=""/>
  <member type="way" ref="1151372632" role=""/>
  <member type="way" ref="27229048" role=""/>
  <member type="way" ref="38108134" role=""/>
  <member type="way" ref="102808134" role=""/>
  <member type="way" ref="685577855" role=""/>
  <member type="way" ref="531520516" role=""/>
  <member type="way" ref="594349050" role=""/>
  <tag k="air_conditioning" v="yes"/>
  <tag k="bicycle" v="yes"/>
  <tag k="blind" v="limited"/>
  <tag k="bus_class:length" v="4;5"/>
  <tag k="charge:all-in-one" v="90 RUB"/>
  <tag k="charge:cards" v="83 RUB"/>
  <tag k="charge:sbp" v="83 RUB"/>
  <tag k="charge:troika" v="75 RUB"/>
  <tag k="charge:troika_qr" v="75 RUB"/>
  <tag k="check_date" v="2023-03-05"/>
  <tag k="colour" v="#0973a7"/>
  <tag k="deaf" v="yes"/>
  <tag k="fee" v="yes"/>
  <tag k="fine:ticketless" v="5000 RUB"/>
  <tag k="from" v="3-й Павелецкий проезд"/>
  <tag k="name" v="Автобус 913: 3-й Павелецкий проезд =&gt; Павелецкий вокзал"/>
  <tag k="name:uk" v="Автобус 913: 3-й Павелецький проїзд =&gt; Павелецький вокзал"/>
  <tag k="network" v="Московский транспорт"/>
  <tag k="operator" v="ГУП «Мосгортранс»"/>
  <tag k="payment:cards" v="yes"/>
  <tag k="payment:cash" v="no"/>
  <tag k="payment:contactless" v="yes"/>
  <tag k="payment:maestro" v="no"/>
  <tag k="payment:mastercard" v="no"/>
  <tag k="payment:mir" v="yes"/>
  <tag k="payment:nfc" v="yes"/>
  <tag k="payment:podorozhnik" v="no"/>
  <tag k="payment:sbp" v="yes"/>
  <tag k="payment:social_cards" v="yes"/>
  <tag k="payment:strelka" v="no"/>
  <tag k="payment:troika" v="yes"/>
  <tag k="payment:visa" v="no"/>
  <tag k="public_transport:version" v="2"/>
  <tag k="ref" v="913"/>
  <tag k="route" v="bus"/>
  <tag k="source" v="Реестр маршрутов города Москвы"/>
  <tag k="to" v="Павелецкий вокзал"/>
  <tag k="type" v="route"/>
  <tag k="website" v="https://transport.mos.ru/transport/schedule/route/141502944"/>
  <tag k="wheelchair" v="yes"/>
 </relation>
 <relation id="1768317" visible="true" version="7" changeset="159893081" timestamp="2024-12-03T18:49:18Z" user="Bobropiton" uid="2055718">
  <member type="relation" ref="3017268" role=""/>
  <member type="relation" ref="1768310" role=""/>
  <tag k="bus_class:length" v="4;5"/>
  <tag k="colour" v="#0973a7"/>
  <tag k="name" v="Автобус 913: 3-й Павелецкий проезд &lt;=&gt; Павелецкий вокзал"/>
  <tag k="network" v="Московский транспорт"/>
  <tag k="operator" v="ГУП «Мосгортранс»"/>
  <tag k="ref" v="913"/>
  <tag k="route_master" v="bus"/>
  <tag k="source" v="Реестр маршрутов города Москвы"/>
  <tag k="type" v="route_master"/>
  <tag k="website" v="https://transport.mos.ru/transport/schedule/route/141502944"/>
 </relation>
 <relation id="1768343" visible="true" version="104" changeset="186963319" timestamp="2026-08-05T08:03:19Z" user="Vas111" uid="16951803">
  <member type="node" ref="10539275628" role="stop"/>
  <member type="node" ref="594912954" role="platform"/>
  <member type="node" ref="10539275627" role="stop"/>
  <member type="node" ref="594912945" role="platform"/>
  <member type="node" ref="10539275626" role="stop"/>
  <member type="node" ref="597809016" role="platform"/>
  <member type="node" ref="10711268154" role="stop"/>
  <member type="node" ref="1780065545" role="platform"/>
  <member type="node" ref="10711268152" role="stop"/>
  <member type="node" ref="991154272" role="platform"/>
  <member type="node" ref="10711268150" role="stop"/>
  <member type="node" ref="991154289" role="platform"/>
  <member type="node" ref="10711268149" role="stop"/>
  <member type="node" ref="472946222" role="platform"/>
  <member type="node" ref="10711268148" role="stop"/>
  <member type="node" ref="1447992470" role="platform"/>
  <member type="node" ref="10711268147" role="stop"/>
  <member type="node" ref="10961182516" role="platform"/>
  <member type="node" ref="10711268021" role="stop"/>
  <member type="node" ref="10961182519" role="platform"/>
  <member type="node" ref="10711268005" role="stop"/>
  <member type="node" ref="10939867736" role="platform"/>
  <member type="node" ref="1187138845" role="stop"/>
  <member type="node" ref="292141171" role="platform"/>
  <member type="node" ref="2407376722" role="stop"/>
  <member type="node" ref="1447992468" role="platform"/>
  <member type="node" ref="10537711790" role="stop"/>
  <member type="node" ref="2136444801" role="platform"/>
  <member type="node" ref="5226653681" role="stop"/>
  <member type="node" ref="5226653682" role="platform"/>
  <member type="node" ref="10711256695" role="stop"/>
  <member type="node" ref="1448030993" role="platform"/>
  <member type="node" ref="10740435903" role="stop"/>
  <member type="node" ref="433263511" role="platform"/>
  <member type="node" ref="10740435902" role="stop"/>
  <member type="node" ref="433263509" role="platform"/>
  <member type="node" ref="10740435901" role="stop"/>
  <member type="node" ref="331342664" role="platform"/>
  <member type="node" ref="10537711789" role="stop"/>
  <member type="node" ref="453233929" role="platform"/>
  <member type="node" ref="10537711788" role="stop"/>
  <member type="node" ref="327199625" role="platform"/>
  <member type="node" ref="10539275615" role="stop"/>
  <member type="node" ref="330475078" role="platform"/>
  <member type="way" ref="1130886273" role=""/>
  <member type="way" ref="557794360" role=""/>
  <member type="way" ref="557794359" role=""/>
  <member type="way" ref="46481008" role=""/>
  <member type="way" ref="23359812" role=""/>
  <member type="way" ref="131591153" role=""/>
  <member type="way" ref="166557196" role=""/>
  <member type="way" ref="577309115" role=""/>
  <member type="way" ref="207177774" role=""/>
  <member type="way" ref="207179162" role=""/>
  <member type="way" ref="131591146" role=""/>
  <member type="way" ref="58873083" role=""/>
  <member type="way" ref="86208572" role=""/>
  <member type="way" ref="1028117527" role=""/>
  <member type="way" ref="38673638" role=""/>
  <member type="way" ref="30694829" role=""/>
  <member type="way" ref="1028116777" role=""/>
  <member type="way" ref="46471046" role=""/>
  <member type="way" ref="30585064" role=""/>
  <member type="way" ref="131591145" role=""/>
  <member type="way" ref="166557201" role=""/>
  <member type="way" ref="46471052" role=""/>
  <member type="way" ref="28132326" role=""/>
  <member type="way" ref="28132338" role=""/>
  <member type="way" ref="1151372618" role=""/>
  <member type="way" ref="1151372636" role=""/>
  <member type="way" ref="1151372635" role=""/>
  <member type="way" ref="1151372632" role=""/>
  <member type="way" ref="27229048" role=""/>
  <member type="way" ref="38108134" role=""/>
  <member type="way" ref="102808134" role=""/>
  <member type="way" ref="685577855" role=""/>
  <member type="way" ref="8109484" role=""/>
  <member type="way" ref="156291355" role=""/>
  <member type="way" ref="156291387" role=""/>
  <member type="way" ref="210652654" role=""/>
  <member type="way" ref="531538860" role=""/>
  <member type="way" ref="639989601" role=""/>
  <member type="way" ref="25093269" role=""/>
  <member type="way" ref="300581653" role=""/>
  <member type="way" ref="154512446" role=""/>
  <member type="way" ref="424490523" role=""/>
  <member type="way" ref="1130718767" role=""/>
  <member type="way" ref="1231255055" role=""/>
  <member type="way" ref="1231255054" role=""/>
  <member type="way" ref="22874015" role=""/>
  <member type="way" ref="154512441" role=""/>
  <member type="way" ref="131593718" role=""/>
  <member type="way" ref="1042731887" role=""/>
  <member type="way" ref="1151265457" role=""/>
  <member type="way" ref="395373482" role=""/>
  <member type="way" ref="1151265456" role=""/>
  <member type="way" ref="390820816" role=""/>
  <member type="way" ref="23426440" role=""/>
  <member type="way" ref="157316200" role=""/>
  <member type="way" ref="464678814" role=""/>
  <member type="way" ref="51745749" role=""/>
  <member type="way" ref="1185203649" role=""/>
  <member type="way" ref="22874034" role=""/>
  <member type="way" ref="1125008630" role=""/>
  <tag k="air_conditioning" v="yes"/>
  <tag k="bicycle" v="yes"/>
  <tag k="blind" v="limited"/>
  <tag k="bus_class:length" v="4;5"/>
  <tag k="charge:all-in-one" v="90 RUB"/>
  <tag k="charge:cards" v="83 RUB"/>
  <tag k="charge:sbp" v="83 RUB"/>
  <tag k="charge:troika" v="75 RUB"/>
  <tag k="charge:troika_qr" v="75 RUB"/>
  <tag k="check_date" v="2023-03-05"/>
  <tag k="colour" v="#ff9ad2"/>
  <tag k="deaf" v="yes"/>
  <tag k="fee" v="yes"/>
  <tag k="fine:ticketless" v="5000 RUB"/>
  <tag k="from" v="3-й Павелецкий проезд"/>
  <tag k="name" v="Автобус с932: 3-й Павелецкий проезд =&gt; Метро «Тульская»"/>
  <tag k="network" v="Московский транспорт"/>
  <tag k="operator" v="ГУП «Мосгортранс»"/>
  <tag k="payment:cards" v="yes"/>
  <tag k="payment:cash" v="no"/>
  <tag k="payment:contactless" v="yes"/>
  <tag k="payment:maestro" v="no"/>
  <tag k="payment:mastercard" v="no"/>
  <tag k="payment:mir" v="yes"/>
  <tag k="payment:nfc" v="yes"/>
  <tag k="payment:podorozhnik" v="no"/>
  <tag k="payment:sbp" v="yes"/>
  <tag k="payment:social_cards" v="yes"/>
  <tag k="payment:strelka" v="no"/>
  <tag k="payment:troika" v="yes"/>
  <tag k="payment:visa" v="no"/>
  <tag k="public_transport:version" v="2"/>
  <tag k="ref" v="с932"/>
  <tag k="route" v="bus"/>
  <tag k="source" v="Реестр маршрутов города Москвы"/>
  <tag k="to" v="Метро «Тульская» (южный вход)"/>
  <tag k="type" v="route"/>
  <tag k="website" v="https://transport.mos.ru/transport/schedule/route/2139"/>
  <tag k="wheelchair" v="yes"/>
 </relation>
 <relation id="1768344" visible="true" version="114" changeset="186963319" timestamp="2026-08-05T08:03:19Z" user="Vas111" uid="16951803">
  <member type="node" ref="10539275615" role="stop"/>
  <member type="node" ref="330475078" role="platform"/>
  <member type="node" ref="10777003131" role="stop"/>
  <member type="node" ref="327199631" role="platform"/>
  <member type="node" ref="10777003130" role="stop"/>
  <member type="node" ref="327199617" role="platform"/>
  <member type="node" ref="10740471010" role="stop"/>
  <member type="node" ref="330025565" role="platform"/>
  <member type="node" ref="10740471009" role="stop"/>
  <member type="node" ref="472946184" role="platform"/>
  <member type="node" ref="10740471008" role="stop"/>
  <member type="node" ref="2173316098" role="platform"/>
  <member type="node" ref="10740471006" role="stop"/>
  <member type="node" ref="1448030992" role="platform"/>
  <member type="node" ref="10711256696" role="stop"/>
  <member type="node" ref="596386206" role="platform"/>
  <member type="node" ref="10711256697" role="stop"/>
  <member type="node" ref="479839323" role="platform"/>
  <member type="node" ref="2407376721" role="stop"/>
  <member type="node" ref="1780065544" role="platform"/>
  <member type="node" ref="2407376748" role="stop"/>
  <member type="node" ref="292141164" role="platform"/>
  <member type="node" ref="10711268155" role="stop"/>
  <member type="node" ref="292141167" role="platform"/>
  <member type="node" ref="10711268020" role="stop"/>
  <member type="node" ref="10961182518" role="platform"/>
  <member type="node" ref="10711268146" role="stop"/>
  <member type="node" ref="10961182517" role="platform"/>
  <member type="node" ref="10711268145" role="stop"/>
  <member type="node" ref="1447992469" role="platform"/>
  <member type="node" ref="10711268144" role="stop"/>
  <member type="node" ref="2967524510" role="platform"/>
  <member type="node" ref="10711268151" role="stop"/>
  <member type="node" ref="444765732" role="platform"/>
  <member type="node" ref="991154275" role="stop"/>
  <member type="node" ref="1447992472" role="platform"/>
  <member type="node" ref="10711268153" role="stop"/>
  <member type="node" ref="1447992477" role="platform"/>
  <member type="node" ref="10711268143" role="stop"/>
  <member type="node" ref="594912958" role="platform"/>
  <member type="node" ref="10539260002" role="stop"/>
  <member type="node" ref="597809010" role="platform"/>
  <member type="node" ref="10539260001" role="stop"/>
  <member type="node" ref="594912949" role="platform"/>
  <member type="node" ref="10539260000" role="stop_exit_only"/>
  <member type="node" ref="597809024" role="platform_exit_only"/>
  <member type="way" ref="1204404563" role=""/>
  <member type="way" ref="24209916" role=""/>
  <member type="way" ref="113625445" role=""/>
  <member type="way" ref="540157679" role=""/>
  <member type="way" ref="1169442090" role=""/>
  <member type="way" ref="22998811" role=""/>
  <member type="way" ref="945417076" role=""/>
  <member type="way" ref="945417075" role=""/>
  <member type="way" ref="822595825" role=""/>
  <member type="way" ref="822595826" role=""/>
  <member type="way" ref="22997626" role=""/>
  <member type="way" ref="365277173" role=""/>
  <member type="way" ref="157316230" role=""/>
  <member type="way" ref="464678815" role=""/>
  <member type="way" ref="464678813" role=""/>
  <member type="way" ref="464678819" role=""/>
  <member type="way" ref="157316189" role=""/>
  <member type="way" ref="1083278652" role=""/>
  <member type="way" ref="157316190" role=""/>
  <member type="way" ref="1168587832" role=""/>
  <member type="way" ref="1089608639" role=""/>
  <member type="way" ref="47499894" role=""/>
  <member type="way" ref="1428196779" role=""/>
  <member type="way" ref="1168587851" role=""/>
  <member type="way" ref="990981720" role=""/>
  <member type="way" ref="32603183" role=""/>
  <member type="way" ref="1547406828" role=""/>
  <member type="way" ref="1547406829" role=""/>
  <member type="way" ref="1428196780" role=""/>
  <member type="way" ref="1089608698" role=""/>
  <member type="way" ref="1089608710" role=""/>
  <member type="way" ref="1159919575" role=""/>
  <member type="way" ref="522543621" role=""/>
  <member type="way" ref="532427886" role=""/>
  <member type="way" ref="46350475" role=""/>
  <member type="way" ref="131593719" role=""/>
  <member type="way" ref="131590684" role=""/>
  <member type="way" ref="218541532" role=""/>
  <member type="way" ref="1089608746" role=""/>
  <member type="way" ref="38108129" role=""/>
  <member type="way" ref="131590683" role=""/>
  <member type="way" ref="594349050" role=""/>
  <member type="way" ref="1151372643" role=""/>
  <member type="way" ref="1151372636" role=""/>
  <member type="way" ref="1151372617" role=""/>
  <member type="way" ref="38673636" role=""/>
  <member type="way" ref="1030277512" role=""/>
  <member type="way" ref="38673639" role=""/>
  <member type="way" ref="38673638" role=""/>
  <member type="way" ref="1028117527" role=""/>
  <member type="way" ref="414239390" role=""/>
  <member type="way" ref="58873080" role=""/>
  <member type="way" ref="1498912553" role=""/>
  <member type="way" ref="131591147" role=""/>
  <member type="way" ref="207179161" role=""/>
  <member type="way" ref="424971142" role=""/>
  <member type="way" ref="207177772" role=""/>
  <member type="way" ref="577309114" role=""/>
  <member type="way" ref="81114429" role=""/>
  <member type="way" ref="23337293" role=""/>
  <member type="way" ref="46481008" role=""/>
  <member type="way" ref="557794359" role=""/>
  <member type="way" ref="557794360" role=""/>
  <tag k="air_conditioning" v="yes"/>
  <tag k="bicycle" v="yes"/>
  <tag k="blind" v="limited"/>
  <tag k="bus_class:length" v="4;5"/>
  <tag k="charge:all-in-one" v="90 RUB"/>
  <tag k="charge:cards" v="83 RUB"/>
  <tag k="charge:sbp" v="83 RUB"/>
  <tag k="charge:troika" v="75 RUB"/>
  <tag k="charge:troika_qr" v="75 RUB"/>
  <tag k="check_date" v="2023-03-05"/>
  <tag k="colour" v="#ff9ad2"/>
  <tag k="deaf" v="yes"/>
  <tag k="fee" v="yes"/>
  <tag k="fine:ticketless" v="5000 RUB"/>
  <tag k="from" v="Метро «Тульская» (южный вход)"/>
  <tag k="name" v="Автобус с932: Метро «Тульская» =&gt; 3-й Павелецкий проезд"/>
  <tag k="network" v="Московский транспорт"/>
  <tag k="operator" v="ГУП «Мосгортранс»"/>
  <tag k="payment:cards" v="yes"/>
  <tag k="payment:cash" v="no"/>
  <tag k="payment:contactless" v="yes"/>
  <tag k="payment:maestro" v="no"/>
  <tag k="payment:mastercard" v="no"/>
  <tag k="payment:mir" v="yes"/>
  <tag k="payment:nfc" v="yes"/>
  <tag k="payment:podorozhnik" v="no"/>
  <tag k="payment:sbp" v="yes"/>
  <tag k="payment:social_cards" v="yes"/>
  <tag k="payment:strelka" v="no"/>
  <tag k="payment:troika" v="yes"/>
  <tag k="payment:visa" v="no"/>
  <tag k="public_transport:version" v="2"/>
  <tag k="ref" v="с932"/>
  <tag k="route" v="bus"/>
  <tag k="source" v="Реестр маршрутов города Москвы"/>
  <tag k="to" v="3-й Павелецкий проезд"/>
  <tag k="type" v="route"/>
  <tag k="website" v="https://transport.mos.ru/transport/schedule/route/2139"/>
  <tag k="wheelchair" v="yes"/>
 </relation>
 <relation id="1768345" visible="true" version="5" changeset="140716528" timestamp="2023-09-02T12:22:59Z" user="Bobropiton" uid="2055718">
  <member type="relation" ref="1768343" role=""/>
  <member type="relation" ref="1768344" role=""/>
  <tag k="bus_class:length" v="4;5"/>
  <tag k="colour" v="#ff9ad2"/>
  <tag k="name" v="Автобус с932: 3-й Павелецкий проезд &lt;=&gt; Метро «Тульская»"/>
  <tag k="network" v="Московский транспорт"/>
  <tag k="operator" v="ГУП «Мосгортранс»"/>
  <tag k="ref" v="с932"/>
  <tag k="route_master" v="bus"/>
  <tag k="source" v="Реестр маршрутов города Москвы"/>
  <tag k="type" v="route_master"/>
  <tag k="website" v="https://transport.mos.ru/transport/schedule/route/2139"/>
 </relation>
 <relation id="3017268" visible="true" version="86" changeset="181252164" timestamp="2026-04-12T23:17:20Z" user="neo-plan" uid="363136">
  <member type="node" ref="10711268155" role="stop"/>
  <member type="node" ref="292141167" role="platform"/>
  <member type="node" ref="10711268020" role="stop"/>
  <member type="node" ref="10961182518" role="platform"/>
  <member type="node" ref="10711268146" role="stop"/>
  <member type="node" ref="10961182517" role="platform"/>
  <member type="node" ref="10711268145" role="stop"/>
  <member type="node" ref="1447992469" role="platform"/>
  <member type="node" ref="10711268144" role="stop"/>
  <member type="node" ref="2967524510" role="platform"/>
  <member type="node" ref="10711268151" role="stop"/>
  <member type="node" ref="444765732" role="platform"/>
  <member type="node" ref="991154275" role="stop"/>
  <member type="node" ref="1447992472" role="platform"/>
  <member type="node" ref="10711268153" role="stop"/>
  <member type="node" ref="1447992477" role="platform"/>
  <member type="node" ref="10711268143" role="stop"/>
  <member type="node" ref="594912958" role="platform"/>
  <member type="node" ref="10539260002" role="stop"/>
  <member type="node" ref="597809010" role="platform"/>
  <member type="node" ref="10539260001" role="stop"/>
  <member type="node" ref="594912949" role="platform"/>
  <member type="node" ref="10539260000" role="stop_exit_only"/>
  <member type="node" ref="597809024" role="platform_exit_only"/>
  <member type="way" ref="1151372643" role=""/>
  <member type="way" ref="1151372636" role=""/>
  <member type="way" ref="1151372617" role=""/>
  <member type="way" ref="38673636" role=""/>
  <member type="way" ref="1030277512" role=""/>
  <member type="way" ref="38673639" role=""/>
  <member type="way" ref="38673638" role=""/>
  <member type="way" ref="1028117527" role=""/>
  <member type="way" ref="414239390" role=""/>
  <member type="way" ref="58873080" role=""/>
  <member type="way" ref="1498912553" role=""/>
  <member type="way" ref="131591147" role=""/>
  <member type="way" ref="207179161" role=""/>
  <member type="way" ref="424971142" role=""/>
  <member type="way" ref="207177772" role=""/>
  <member type="way" ref="577309114" role=""/>
  <member type="way" ref="81114429" role=""/>
  <member type="way" ref="23337293" role=""/>
  <member type="way" ref="46481008" role=""/>
  <member type="way" ref="557794359" role=""/>
  <member type="way" ref="557794360" role=""/>
  <tag k="air_conditioning" v="yes"/>
  <tag k="bicycle" v="yes"/>
  <tag k="blind" v="limited"/>
  <tag k="bus_class:length" v="4;5"/>
  <tag k="charge:all-in-one" v="90 RUB"/>
  <tag k="charge:cards" v="83 RUB"/>
  <tag k="charge:sbp" v="83 RUB"/>
  <tag k="charge:troika" v="75 RUB"/>
  <tag k="charge:troika_qr" v="75 RUB"/>
  <tag k="check_date" v="2023-03-05"/>
  <tag k="colour" v="#0973a7"/>
  <tag k="deaf" v="yes"/>
  <tag k="fee" v="yes"/>
  <tag k="fine:ticketless" v="5000 RUB"/>
  <tag k="from" v="Павелецкий вокзал"/>
  <tag k="name" v="Автобус 913: Павелецкий вокзал =&gt; 3-й Павелецкий проезд"/>
  <tag k="name:uk" v="Автобус 913: Павелецький вокзал =&gt; 3-й Павелецький проїзд"/>
  <tag k="network" v="Московский транспорт"/>
  <tag k="operator" v="ГУП «Мосгортранс»"/>
  <tag k="payment:cards" v="yes"/>
  <tag k="payment:cash" v="no"/>
  <tag k="payment:contactless" v="yes"/>
  <tag k="payment:maestro" v="no"/>
  <tag k="payment:mastercard" v="no"/>
  <tag k="payment:mir" v="yes"/>
  <tag k="payment:nfc" v="yes"/>
  <tag k="payment:podorozhnik" v="no"/>
  <tag k="payment:sbp" v="yes"/>
  <tag k="payment:social_cards" v="yes"/>
  <tag k="payment:strelka" v="no"/>
  <tag k="payment:troika" v="yes"/>
  <tag k="payment:visa" v="no"/>
  <tag k="public_transport:version" v="2"/>
  <tag k="ref" v="913"/>
  <tag k="route" v="bus"/>
  <tag k="source" v="Реестр маршрутов города Москвы"/>
  <tag k="to" v="3-й Павелецкий проезд"/>
  <tag k="type" v="route"/>
  <tag k="website" v="https://transport.mos.ru/transport/schedule/route/141502944"/>
  <tag k="wheelchair" v="yes"/>
 </relation>
 <relation id="3187399" visible="true" version="5" changeset="156924966" timestamp="2024-09-21T18:54:52Z" user="Bobropiton" uid="2055718">
  <member type="relation" ref="3187420" role=""/>
  <member type="relation" ref="3187421" role=""/>
  <tag k="bus_class:length" v="4;5"/>
  <tag k="colour" v="#c2e6ff"/>
  <tag k="name" v="Автобус 984: 3-й Павелецкий проезд &lt;=&gt; Метро «Пролетарская»"/>
  <tag k="network" v="Московский транспорт"/>
  <tag k="operator" v="ГУП «Мосгортранс»"/>
  <tag k="ref" v="984"/>
  <tag k="route_master" v="bus"/>
  <tag k="source" v="Реестр маршрутов города Москвы"/>
  <tag k="type" v="route_master"/>
  <tag k="website" v="https://transport.mos.ru/transport/schedule/route/141502995"/>
 </relation>
 <relation id="3187420" visible="true" version="67" changeset="178473203" timestamp="2026-02-12T19:46:20Z" user="Bobropiton" uid="2055718">
  <member type="node" ref="10539275628" role="stop_entry_only"/>
  <member type="node" ref="594912954" role="platform_entry_only"/>
  <member type="node" ref="10539275627" role="stop"/>
  <member type="node" ref="594912945" role="platform"/>
  <member type="node" ref="10539275626" role="stop"/>
  <member type="node" ref="597809016" role="platform"/>
  <member type="node" ref="10711268154" role="stop"/>
  <member type="node" ref="1780065545" role="platform"/>
  <member type="node" ref="10711268152" role="stop"/>
  <member type="node" ref="991154272" role="platform"/>
  <member type="node" ref="10711268150" role="stop"/>
  <member type="node" ref="991154289" role="platform"/>
  <member type="node" ref="10711268149" role="stop"/>
  <member type="node" ref="472946222" role="platform"/>
  <member type="node" ref="10711268148" role="stop"/>
  <member type="node" ref="1447992470" role="platform"/>
  <member type="node" ref="12190361116" role="stop"/>
  <member type="node" ref="12190361112" role="platform"/>
  <member type="node" ref="10711256692" role="stop_exit_only"/>
  <member type="node" ref="1188771815" role="platform_exit_only"/>
  <member type="way" ref="1130886273" role=""/>
  <member type="way" ref="557794360" role=""/>
  <member type="way" ref="557794359" role=""/>
  <member type="way" ref="46481008" role=""/>
  <member type="way" ref="23359812" role=""/>
  <member type="way" ref="131591153" role=""/>
  <member type="way" ref="166557196" role=""/>
  <member type="way" ref="577309115" role=""/>
  <member type="way" ref="207177774" role=""/>
  <member type="way" ref="207179162" role=""/>
  <member type="way" ref="131591146" role=""/>
  <member type="way" ref="58873083" role=""/>
  <member type="way" ref="86208572" role=""/>
  <member type="way" ref="1028117527" role=""/>
  <member type="way" ref="38673638" role=""/>
  <member type="way" ref="160412259" role=""/>
  <member type="way" ref="1317177285" role=""/>
  <member type="way" ref="1317175706" role=""/>
  <member type="way" ref="1317175705" role=""/>
  <member type="way" ref="909096856" role=""/>
  <member type="way" ref="1119919701" role=""/>
  <member type="way" ref="1119919702" role=""/>
  <member type="way" ref="1151372615" role=""/>
  <tag k="air_conditioning" v="yes"/>
  <tag k="bicycle" v="yes"/>
  <tag k="blind" v="limited"/>
  <tag k="bus_class:length" v="4;5"/>
  <tag k="charge:all-in-one" v="90 RUB"/>
  <tag k="charge:cards" v="83 RUB"/>
  <tag k="charge:sbp" v="83 RUB"/>
  <tag k="charge:troika" v="75 RUB"/>
  <tag k="charge:troika_qr" v="75 RUB"/>
  <tag k="check_date" v="2023-03-05"/>
  <tag k="colour" v="#c2e6ff"/>
  <tag k="deaf" v="yes"/>
  <tag k="fee" v="yes"/>
  <tag k="fine:ticketless" v="5000 RUB"/>
  <tag k="from" v="3-й Павелецкий проезд"/>
  <tag k="name" v="Автобус 984: 3-й Павелецкий проезд =&gt; Метро «Пролетарская»"/>
  <tag k="name:uk" v="Автобус 984: 3-й Павелецький проїзд =&gt; Метро «Пролетарська»"/>
  <tag k="network" v="Московский транспорт"/>
  <tag k="operator" v="ГУП «Мосгортранс»"/>
  <tag k="payment:cards" v="yes"/>
  <tag k="payment:cash" v="no"/>
  <tag k="payment:contactless" v="yes"/>
  <tag k="payment:maestro" v="no"/>
  <tag k="payment:mastercard" v="no"/>
  <tag k="payment:mir" v="yes"/>
  <tag k="payment:nfc" v="yes"/>
  <tag k="payment:podorozhnik" v="no"/>
  <tag k="payment:sbp" v="yes"/>
  <tag k="payment:social_cards" v="yes"/>
  <tag k="payment:strelka" v="no"/>
  <tag k="payment:troika" v="yes"/>
  <tag k="payment:visa" v="no"/>
  <tag k="public_transport:version" v="2"/>
  <tag k="ref" v="984"/>
  <tag k="route" v="bus"/>
  <tag k="source" v="Реестр маршрутов города Москвы"/>
  <tag k="to" v="Метро «Пролетарская»"/>
  <tag k="type" v="route"/>
  <tag k="website" v="https://transport.mos.ru/transport/schedule/route/141502995"/>
  <tag k="wheelchair" v="yes"/>
 </relation>
 <relation id="3187421" visible="true" version="65" changeset="185406804" timestamp="2026-07-09T13:09:35Z" user="Максим Баранаускас" uid="23926472">
  <member type="node" ref="10711256691" role="stop"/>
  <member type="node" ref="5126752927" role="platform"/>
  <member type="node" ref="10711268156" role="stop"/>
  <member type="node" ref="5262183132" role="platform"/>
  <member type="node" ref="10711256693" role="stop"/>
  <member type="node" ref="3011903403" role="platform"/>
  <member type="node" ref="10711268151" role="stop"/>
  <member type="node" ref="444765732" role="platform"/>
  <member type="node" ref="991154275" role="stop"/>
  <member type="node" ref="1447992472" role="platform"/>
  <member type="node" ref="10711268153" role="stop"/>
  <member type="node" ref="1447992477" role="platform"/>
  <member type="node" ref="10711268143" role="stop"/>
  <member type="node" ref="594912958" role="platform"/>
  <member type="node" ref="10539260002" role="stop"/>
  <member type="node" ref="597809010" role="platform"/>
  <member type="node" ref="10539260001" role="stop"/>
  <member type="node" ref="594912949" role="platform"/>
  <member type="node" ref="10539260000" role="stop_exit_only"/>
  <member type="node" ref="597809024" role="platform_exit_only"/>
  <member type="way" ref="1119918910" role=""/>
  <member type="way" ref="598777062" role=""/>
  <member type="way" ref="298884668" role=""/>
  <member type="way" ref="199150542" role=""/>
  <member type="way" ref="598777061" role=""/>
  <member type="way" ref="1536848270" role=""/>
  <member type="way" ref="10781144" role=""/>
  <member type="way" ref="538433009" role=""/>
  <member type="way" ref="538433011" role=""/>
  <member type="way" ref="157320162" role=""/>
  <member type="way" ref="293442729" role=""/>
  <member type="way" ref="28132326" role=""/>
  <member type="way" ref="46471050" role=""/>
  <member type="way" ref="23337292" role=""/>
  <member type="way" ref="58873079" role=""/>
  <member type="way" ref="131591147" role=""/>
  <member type="way" ref="207179161" role=""/>
  <member type="way" ref="424971142" role=""/>
  <member type="way" ref="207177772" role=""/>
  <member type="way" ref="577309114" role=""/>
  <member type="way" ref="81114429" role=""/>
  <member type="way" ref="23337293" role=""/>
  <member type="way" ref="46481008" role=""/>
  <member type="way" ref="557794359" role=""/>
  <member type="way" ref="557794360" role=""/>
  <tag k="air_conditioning" v="yes"/>
  <tag k="bicycle" v="yes"/>
  <tag k="blind" v="limited"/>
  <tag k="bus_class:length" v="4;5"/>
  <tag k="charge:all-in-one" v="90 RUB"/>
  <tag k="charge:cards" v="83 RUB"/>
  <tag k="charge:sbp" v="83 RUB"/>
  <tag k="charge:troika" v="75 RUB"/>
  <tag k="charge:troika_qr" v="75 RUB"/>
  <tag k="check_date" v="2023-03-05"/>
  <tag k="colour" v="#c2e6ff"/>
  <tag k="deaf" v="yes"/>
  <tag k="fee" v="yes"/>
  <tag k="fine:ticketless" v="5000 RUB"/>
  <tag k="from" v="Метро «Пролетарская»"/>
  <tag k="name" v="Автобус 984: Метро «Пролетарская» =&gt; 3-й Павелецкий проезд"/>
  <tag k="name:uk" v="Автобус 984: Метро «Пролетарська» =&gt; 3-й Павелецький проїзд"/>
  <tag k="network" v="Московский транспорт"/>
  <tag k="operator" v="ГУП «Мосгортранс»"/>
  <tag k="payment:cards" v="yes"/>
  <tag k="payment:cash" v="no"/>
  <tag k="payment:contactless" v="yes"/>
  <tag k="payment:maestro" v="no"/>
  <tag k="payment:mastercard" v="no"/>
  <tag k="payment:mir" v="yes"/>
  <tag k="payment:nfc" v="yes"/>
  <tag k="payment:podorozhnik" v="no"/>
  <tag k="payment:sbp" v="yes"/>
  <tag k="payment:social_cards" v="yes"/>
  <tag k="payment:strelka" v="no"/>
  <tag k="payment:troika" v="yes"/>
  <tag k="payment:visa" v="no"/>
  <tag k="public_transport:version" v="2"/>
  <tag k="ref" v="984"/>
  <tag k="route" v="bus"/>
  <tag k="source" v="Реестр маршрутов города Москвы"/>
  <tag k="to" v="3-й Павелецкий проезд"/>
  <tag k="type" v="route"/>
  <tag k="website" v="https://transport.mos.ru/transport/schedule/route/141502995"/>
  <tag k="wheelchair" v="yes"/>
 </relation>
 <relation id="6211991" visible="true" version="1" changeset="39301837" timestamp="2016-05-13T21:50:47Z" user="ynx" uid="357374">
  <member type="way" ref="297258314" role="from"/>
  <member type="node" ref="868549880" role="via"/>
  <member type="way" ref="297258314" role="to"/>
  <tag k="restriction" v="no_u_turn"/>
  <tag k="type" v="restriction"/>
 </relation>
 <relation id="6315356" visible="true" version="1" changeset="40022930" timestamp="2016-06-14T18:00:44Z" user="ynx" uid="357374">
  <member type="way" ref="207179161" role="from"/>
  <member type="node" ref="209916012" role="via"/>
  <member type="way" ref="296170917" role="to"/>
  <tag k="restriction" v="no_left_turn"/>
  <tag k="type" v="restriction"/>
 </relation>
 <relation id="6315357" visible="true" version="1" changeset="40022930" timestamp="2016-06-14T18:00:44Z" user="ynx" uid="357374">
  <member type="way" ref="296170917" role="from"/>
  <member type="node" ref="209916012" role="via"/>
  <member type="way" ref="296170917" role="to"/>
  <tag k="restriction" v="no_u_turn"/>
  <tag k="type" v="restriction"/>
 </relation>
 <relation id="10992730" visible="true" version="78" changeset="183821828" timestamp="2026-06-08T10:42:17Z" user="Bobropiton" uid="2055718">
  <member type="way" ref="231975489" role=""/>
  <member type="way" ref="231975490" role=""/>
  <member type="way" ref="119563905" role=""/>
  <member type="way" ref="119563906" role=""/>
  <member type="way" ref="41380671" role=""/>
  <member type="way" ref="231975680" role=""/>
  <member type="way" ref="241232868" role=""/>
  <member type="way" ref="231960256" role=""/>
  <member type="way" ref="248313684" role=""/>
  <member type="way" ref="231960258" role=""/>
  <member type="way" ref="24535523" role=""/>
  <member type="way" ref="231975681" role=""/>
  <member type="way" ref="136325812" role=""/>
  <member type="way" ref="623753454" role=""/>
  <member type="way" ref="623753453" role=""/>
  <member type="way" ref="136259087" role=""/>
  <member type="way" ref="136259086" role=""/>
  <member type="way" ref="136259088" role=""/>
  <member type="way" ref="231975491" role=""/>
  <member type="way" ref="136333955" role=""/>
  <member type="way" ref="136333952" role=""/>
  <member type="way" ref="136333949" role=""/>
  <member type="way" ref="231975492" role=""/>
  <member type="way" ref="1308452326" role=""/>
  <member type="way" ref="1308453788" role=""/>
  <member type="way" ref="121644653" role=""/>
  <member type="way" ref="117109713" role=""/>
  <member type="way" ref="117109715" role=""/>
  <member type="way" ref="36931172" role=""/>
  <member type="way" ref="231975488" role=""/>
  <member type="way" ref="231975487" role=""/>
  <member type="way" ref="117107135" role=""/>
  <member type="way" ref="117107140" role=""/>
  <member type="way" ref="55552249" role=""/>
  <member type="way" ref="117106243" role=""/>
  <member type="way" ref="117106242" role=""/>
  <member type="way" ref="117067782" role=""/>
  <member type="way" ref="117067784" role=""/>
  <member type="way" ref="117065591" role=""/>
  <member type="way" ref="117065587" role=""/>
  <member type="way" ref="117065106" role=""/>
  <member type="way" ref="117065108" role=""/>
  <member type="way" ref="29569957" role=""/>
  <member type="way" ref="106893926" role=""/>
  <member type="way" ref="106893925" role=""/>
  <member type="way" ref="106893916" role=""/>
  <member type="way" ref="113945981" role=""/>
  <member type="way" ref="486524004" role=""/>
  <member type="way" ref="230316822" role=""/>
  <member type="way" ref="51954290" role=""/>
  <member type="way" ref="51948238" role=""/>
  <member type="way" ref="51948256" role=""/>
  <member type="way" ref="486524003" role=""/>
  <member type="way" ref="119561032" role=""/>
  <member type="way" ref="119561031" role=""/>
  <member type="way" ref="51723647" role=""/>
  <member type="way" ref="119561030" role=""/>
  <member type="way" ref="51723649" role=""/>
  <member type="way" ref="791432744" role=""/>
  <member type="way" ref="487074288" role=""/>
  <member type="way" ref="791432742" role=""/>
  <member type="way" ref="157600547" role=""/>
  <member type="way" ref="157600571" role=""/>
  <member type="way" ref="157600548" role=""/>
  <member type="way" ref="791432741" role=""/>
  <member type="way" ref="1171252602" role=""/>
  <member type="way" ref="1290440320" role=""/>
  <member type="way" ref="51723234" role=""/>
  <member type="way" ref="39991331" role=""/>
  <member type="way" ref="52014312" role=""/>
  <member type="way" ref="1171252598" role=""/>
  <member type="way" ref="1213256296" role=""/>
  <member type="way" ref="1171252597" role=""/>
  <member type="way" ref="40026312" role=""/>
  <member type="way" ref="1171252595" role=""/>
  <member type="way" ref="1184513278" role=""/>
  <member type="way" ref="40026336" role=""/>
  <member type="way" ref="84056575" role=""/>
  <member type="way" ref="1490993986" role=""/>
  <member type="way" ref="1171252593" role=""/>
  <member type="way" ref="83946751" role=""/>
  <member type="way" ref="52014296" role=""/>
  <member type="way" ref="1527499873" role=""/>
  <member type="way" ref="40014961" role=""/>
  <member type="way" ref="85604085" role=""/>
  <member type="way" ref="83946762" role=""/>
  <member type="way" ref="83938858" role=""/>
  <member type="way" ref="84069227" role=""/>
  <member type="way" ref="1392971739" role=""/>
  <member type="way" ref="1392971740" role=""/>
  <member type="way" ref="83938833" role=""/>
  <member type="way" ref="85599667" role=""/>
  <member type="way" ref="1392971787" role=""/>
  <member type="way" ref="1392971788" role=""/>
  <member type="way" ref="51909348" role=""/>
  <member type="way" ref="51909327" role=""/>
  <member type="way" ref="85964464" role=""/>
  <member type="way" ref="85711721" role=""/>
  <member type="way" ref="32743519" role=""/>
  <tag k="int_ref" v="E 50-02"/>
  <tag k="name" v="waterway E50-02"/>
  <tag k="name:uk" v="Waterway E50-02"/>
  <tag k="network" v="e-waterway"/>
  <tag k="ref:signed" v="no"/>
  <tag k="route" v="waterway"/>
  <tag k="type" v="route"/>
 </relation>
 <relation id="11649694" visible="true" version="22" changeset="141361414" timestamp="2023-09-16T23:04:43Z" user="traveleditor" uid="8726248">
  <member type="way" ref="849363519" role="line"/>
  <member type="way" ref="849614568" role="line"/>
  <member type="way" ref="849614570" role="line"/>
  <member type="way" ref="53854165" role="endpoint"/>
  <tag k="circuits" v="1"/>
  <tag k="name" v="ГЭС-1 - Кожухово"/>
  <tag k="name:uk" v="ГЕС-1 - Кожухове"/>
  <tag k="power" v="circuit"/>
  <tag k="type" v="power"/>
  <tag k="voltage" v="110000"/>
 </relation>
 <relation id="11649695" visible="true" version="22" changeset="141361414" timestamp="2023-09-16T23:04:43Z" user="traveleditor" uid="8726248">
  <member type="way" ref="849363519" role="line"/>
  <member type="way" ref="849614572" role="line"/>
  <member type="way" ref="849614571" role="line"/>
  <member type="way" ref="849363521" role="line"/>
  <member type="way" ref="849363524" role="line"/>
  <member type="way" ref="849363526" role="line"/>
  <member type="way" ref="53854165" role="endpoint"/>
  <member type="relation" ref="2913537" role="endpoint"/>
  <tag k="circuits" v="1"/>
  <tag k="name" v="ГЭС-1 - Автозаводская"/>
  <tag k="name:uk" v="ГЕС-1 - Автозаводська"/>
  <tag k="power" v="circuit"/>
  <tag k="type" v="power"/>
  <tag k="voltage" v="110000"/>
 </relation>
 <relation id="15567181" visible="true" version="2" changeset="136604779" timestamp="2023-05-26T20:45:46Z" user="J_Doe" uid="1925053">
  <member type="node" ref="10711268150" role="stop"/>
  <member type="node" ref="991154289" role="platform"/>
  <tag k="name" v="Дербеневская набережная, 7"/>
  <tag k="note" v="В названии &quot;Дербеневская&quot; нет буквы &quot;ё&quot;, а ударение падает на вторую букву &quot;е&quot; – Дербéневская."/>
  <tag k="public_transport" v="stop_area"/>
  <tag k="type" v="public_transport"/>
 </relation>
 <relation id="15567182" visible="true" version="2" changeset="136604779" timestamp="2023-05-26T20:45:46Z" user="J_Doe" uid="1925053">
  <member type="node" ref="10711268151" role="stop"/>
  <member type="node" ref="444765732" role="platform"/>
  <tag k="name" v="Дербеневская набережная, 7"/>
  <tag k="note" v="В названии &quot;Дербеневская&quot; нет буквы &quot;ё&quot;, а ударение падает на вторую букву &quot;е&quot; – Дербéневская."/>
  <tag k="public_transport" v="stop_area"/>
  <tag k="type" v="public_transport"/>
 </relation>
 <relation id="15567183" visible="true" version="1" changeset="133310752" timestamp="2023-03-05T01:20:05Z" user="Bobropiton" uid="2055718">
  <member type="node" ref="10711268152" role="stop"/>
  <member type="node" ref="991154272" role="platform"/>
  <tag k="name" v="Детский сад"/>
  <tag k="public_transport" v="stop_area"/>
  <tag k="type" v="public_transport"/>
 </relation>
 <relation id="15567184" visible="true" version="1" changeset="133310752" timestamp="2023-03-05T01:20:05Z" user="Bobropiton" uid="2055718">
  <member type="node" ref="991154275" role="stop"/>
  <member type="node" ref="1447992472" role="platform"/>
  <tag k="name" v="Детский сад"/>
  <tag k="public_transport" v="stop_area"/>
  <tag k="type" v="public_transport"/>
 </relation>
 <relation id="16404070" visible="true" version="10" changeset="184853684" timestamp="2026-06-30T13:05:49Z" user="augxcgrwxo" uid="371263">
  <member type="node" ref="11229935229" role="stop"/>
  <member type="node" ref="12153781757" role="stop"/>
  <member type="node" ref="12153801017" role="stop"/>
  <member type="node" ref="11228751527" role="stop"/>
  <member type="node" ref="249719606" role="stop"/>
  <member type="node" ref="11229935227" role="stop"/>
  <member type="node" ref="11224826141" role="stop"/>
  <member type="node" ref="11224806105" role="stop"/>
  <member type="way" ref="1313575391" role=""/>
  <member type="way" ref="1313499308" role=""/>
  <member type="way" ref="1313499308" role=""/>
  <member type="way" ref="1211573810" role=""/>
  <member type="way" ref="1212128205" role=""/>
  <member type="way" ref="1212128205" role=""/>
  <member type="way" ref="1212128206" role=""/>
  <tag k="bicycle" v="yes"/>
  <tag k="colour" v="#84398d"/>
  <tag k="foot" v="yes"/>
  <tag k="from" v="ЗИЛ"/>
  <tag k="hgv" v="no"/>
  <tag k="motor_vehicle" v="no"/>
  <tag k="name" v="2-й речной: ЗИЛ =&gt; Печатники"/>
  <tag k="network" v="Московский транспорт"/>
  <tag k="note" v="Проезд: В будние дни-330/380рублей(тройка с кошельком/банковская карта), в выходные-500/550рублей. При оплате биометрией-230/400рублей(будние/выходные). По безлимитным картам &quot;Тройка&quot; на 30/90/365 дней - бесплатно. Также бесплатно дети до 7 лет"/>
  <tag k="payment:cash" v="no"/>
  <tag k="payment:troika" v="yes"/>
  <tag k="public_transport:version" v="2"/>
  <tag k="ref" v="2Реч-й"/>
  <tag k="route" v="ferry"/>
  <tag k="to" v="Печатники"/>
  <tag k="type" v="route"/>
 </relation>
 <relation id="16404071" visible="true" version="8" changeset="183821828" timestamp="2026-06-08T10:42:17Z" user="Bobropiton" uid="2055718">
  <member type="node" ref="11224806105" role="stop"/>
  <member type="node" ref="11224826141" role="stop"/>
  <member type="node" ref="11229935227" role="stop"/>
  <member type="node" ref="249719606" role="stop"/>
  <member type="node" ref="11228751527" role="stop"/>
  <member type="node" ref="12153801017" role="stop"/>
  <member type="node" ref="12153781757" role="stop"/>
  <member type="node" ref="11229935229" role="stop"/>
  <member type="way" ref="1212128206" role=""/>
  <member type="way" ref="1212128205" role=""/>
  <member type="way" ref="1212128205" role=""/>
  <member type="way" ref="1211573810" role=""/>
  <member type="way" ref="1313499308" role=""/>
  <member type="way" ref="1313499308" role=""/>
  <member type="way" ref="1313575391" role=""/>
  <tag k="colour" v="#84398d"/>
  <tag k="foot" v="yes"/>
  <tag k="from" v="Печатники"/>
  <tag k="motor_vehicle" v="no"/>
  <tag k="name" v="2-й речной: Печатники =&gt; ЗИЛ"/>
  <tag k="network" v="Московский транспорт"/>
  <tag k="note" v="Проезд: В будние дни-330/380рублей(тройка с кошельком/банковская карта), в выходные-500/550рублей. При оплате биометрией-230/400рублей(будние/выходные). По безлимитным картам &quot;Тройка&quot; на 30/90/365 дней - бесплатно. Также бесплатно дети до 7 лет"/>
  <tag k="payment:cash" v="no"/>
  <tag k="payment:troika" v="yes"/>
  <tag k="public_transport:version" v="2"/>
  <tag k="ref" v="2Реч-й"/>
  <tag k="route" v="ferry"/>
  <tag k="to" v="ЗИЛ"/>
  <tag k="type" v="route"/>
 </relation>
 <relation id="16404072" visible="true" version="1" changeset="141967163" timestamp="2023-09-30T20:33:31Z" user="Bobropiton" uid="2055718">
  <member type="relation" ref="16404070" role=""/>
  <member type="relation" ref="16404071" role=""/>
  <tag k="name" v="2-й речной: Печатники &lt;=&gt; ЗИЛ"/>
  <tag k="route_master" v="ferry"/>
  <tag k="type" v="route_master"/>
 </relation>
 <relation id="19298309" visible="true" version="2" changeset="183821828" timestamp="2026-06-08T10:42:17Z" user="Bobropiton" uid="2055718">
  <member type="node" ref="444765730" role="stop"/>
  <member type="node" ref="12959355533" role="stop"/>
  <member type="node" ref="12959355534" role="stop"/>
  <member type="node" ref="12959355535" role="stop"/>
  <member type="node" ref="11229935228" role="stop"/>
  <member type="node" ref="11229935229" role="stop"/>
  <member type="way" ref="1410350900" role=""/>
  <member type="way" ref="1410350898" role=""/>
  <member type="way" ref="1410350899" role=""/>
  <tag k="colour" v="#84398d"/>
  <tag k="from" v="Новоспасский"/>
  <tag k="name" v="3-й речной: Новоспасский =&gt; ЗИЛ"/>
  <tag k="network" v="Московский транспорт"/>
  <tag k="note" v="Проезд: В будние дни-330/380рублей(тройка с кошельком/банковская карта), в выходные-500/550рублей. При оплате биометрией-230/400рублей(будние/выходные). По безлимитным картам &quot;Тройка&quot; на 30/90/365 дней - бесплатно. Также бесплатно дети до 7 лет"/>
  <tag k="payment:cash" v="no"/>
  <tag k="payment:troika" v="yes"/>
  <tag k="public_transport:version" v="2"/>
  <tag k="ref" v="3Реч-й"/>
  <tag k="route" v="ferry"/>
  <tag k="to" v="ЗИЛ"/>
  <tag k="type" v="route"/>
 </relation>
 <relation id="19298310" visible="true" version="2" changeset="183821828" timestamp="2026-06-08T10:42:17Z" user="Bobropiton" uid="2055718">
  <member type="node" ref="11229935229" role="stop"/>
  <member type="node" ref="11229935228" role="stop"/>
  <member type="node" ref="12959355535" role="stop"/>
  <member type="node" ref="12959355534" role="stop"/>
  <member type="node" ref="12959355533" role="stop"/>
  <member type="node" ref="444765730" role="stop"/>
  <member type="way" ref="1410350899" role=""/>
  <member type="way" ref="1410350897" role=""/>
  <tag k="colour" v="#84398d"/>
  <tag k="from" v="ЗИЛ"/>
  <tag k="name" v="3-й речной: ЗИЛ =&gt; Новоспасский"/>
  <tag k="network" v="Московский транспорт"/>
  <tag k="note" v="Проезд: В будние дни-330/380рублей(тройка с кошельком/банковская карта), в выходные-500/550рублей. При оплате биометрией-230/400рублей(будние/выходные). По безлимитным картам &quot;Тройка&quot; на 30/90/365 дней - бесплатно. Также бесплатно дети до 7 лет"/>
  <tag k="payment:cash" v="no"/>
  <tag k="payment:troika" v="yes"/>
  <tag k="public_transport:version" v="2"/>
  <tag k="ref" v="3Реч-й"/>
  <tag k="route" v="ferry"/>
  <tag k="to" v="Новоспасский"/>
  <tag k="type" v="route"/>
 </relation>
 <relation id="19298311" visible="true" version="1" changeset="168226663" timestamp="2025-06-28T13:07:01Z" user="Bobropiton" uid="2055718">
  <member type="relation" ref="19298310" role=""/>
  <member type="relation" ref="19298309" role=""/>
  <tag k="name" v="3-й речной: Новоспасский &lt;=&gt; ЗИЛ"/>
  <tag k="route_master" v="ferry"/>
  <tag k="type" v="route_master"/>
 </relation>
</osm>
