<?xml version="1.0" encoding="UTF-8"?>
<osm version="0.6" generator="openstreetmap-cgimap 2.1.0 (244688 spike-07.openstreetmap.org)" copyright="OpenStreetMap and contributors" attribution="http://www.openstreetmap.org/copyright" license="http://opendatacommons.org/licenses/odbl/1-0/">
 <bounds minlat="55.8522882" minlon="37.3994013" maxlat="55.8549831" maxlon="37.4042024"/>
 <node id="251485698" visible="true" version="23" changeset="111151527" timestamp="2021-09-13T15:20:11Z" user="literan" uid="830106" lat="55.8513147" lon="37.3985370"/>
 <node id="251485699" visible="true" version="8" changeset="113615662" timestamp="2021-11-10T16:20:34Z" user="Grass-snake" uid="11321493" lat="55.8517938" lon="37.3988408"/>
 <node id="251485700" visible="true" version="8" changeset="113615662" timestamp="2021-11-10T16:20:34Z" user="Grass-snake" uid="11321493" lat="55.8521455" lon="37.3991093"/>
 <node id="251485701" visible="true" version="7" changeset="113615662" timestamp="2021-11-10T16:20:34Z" user="Grass-snake" uid="11321493" lat="55.8539238" lon="37.4020075"/>
 <node id="421419536" visible="true" version="5" changeset="113615662" timestamp="2021-11-10T16:20:34Z" user="Grass-snake" uid="11321493" lat="55.8535127" lon="37.4051255"/>
 <node id="421419538" visible="true" version="5" changeset="8946811" timestamp="2011-08-07T12:56:15Z" user="Shiz0" uid="261170" lat="55.8525456" lon="37.4039548"/>
 <node id="421419539" visible="true" version="4" changeset="8945379" timestamp="2011-08-07T10:20:06Z" user="Shiz0" uid="261170" lat="55.8524289" lon="37.4035509"/>
 <node id="421419540" visible="true" version="4" changeset="8945379" timestamp="2011-08-07T10:20:06Z" user="Shiz0" uid="261170" lat="55.8527000" lon="37.4033064"/>
 <node id="421419541" visible="true" version="4" changeset="8945379" timestamp="2011-08-07T10:20:06Z" user="Shiz0" uid="261170" lat="55.8528507" lon="37.4029046"/>
 <node id="421419542" visible="true" version="3" changeset="8945379" timestamp="2011-08-07T10:20:06Z" user="Shiz0" uid="261170" lat="55.8526088" lon="37.4024814"/>
 <node id="421419544" visible="true" version="5" changeset="8945379" timestamp="2011-08-07T10:20:06Z" user="Shiz0" uid="261170" lat="55.8524588" lon="37.4014625"/>
 <node id="421419545" visible="true" version="6" changeset="8942088" timestamp="2011-08-06T21:16:11Z" user="Shiz0" uid="261170" lat="55.8521662" lon="37.4014372"/>
 <node id="421419550" visible="true" version="5" changeset="8942088" timestamp="2011-08-06T21:16:11Z" user="Shiz0" uid="261170" lat="55.8511194" lon="37.4013057"/>
 <node id="421419551" visible="true" version="6" changeset="8942088" timestamp="2011-08-06T21:16:11Z" user="Shiz0" uid="261170" lat="55.8524934" lon="37.4013710"/>
 <node id="442862402" visible="true" version="6" changeset="113615662" timestamp="2021-11-10T16:20:34Z" user="Grass-snake" uid="11321493" lat="55.8517963" lon="37.4014392"/>
 <node id="442862403" visible="true" version="5" changeset="8945379" timestamp="2011-08-07T10:20:06Z" user="Shiz0" uid="261170" lat="55.8514786" lon="37.4044156"/>
 <node id="442862404" visible="true" version="4" changeset="8945379" timestamp="2011-08-07T10:20:06Z" user="Shiz0" uid="261170" lat="55.8517533" lon="37.4048142"/>
 <node id="442862405" visible="true" version="2" changeset="8945379" timestamp="2011-08-07T10:20:06Z" user="Shiz0" uid="261170" lat="55.8527973" lon="37.4059246"/>
 <node id="442862406" visible="true" version="5" changeset="113615662" timestamp="2021-11-10T16:20:34Z" user="Grass-snake" uid="11321493" lat="55.8530905" lon="37.4062818"/>
 <node id="442862407" visible="true" version="3" changeset="8942088" timestamp="2011-08-06T21:16:11Z" user="Shiz0" uid="261170" lat="55.8548753" lon="37.4043465"/>
 <node id="617334839" visible="true" version="3" changeset="113615662" timestamp="2021-11-10T16:20:34Z" user="Grass-snake" uid="11321493" lat="55.8526228" lon="37.4020182"/>
 <node id="617334842" visible="true" version="3" changeset="113615662" timestamp="2021-11-10T16:20:34Z" user="Grass-snake" uid="11321493" lat="55.8525746" lon="37.4021469"/>
 <node id="617334847" visible="true" version="3" changeset="113615662" timestamp="2021-11-10T16:20:34Z" user="Grass-snake" uid="11321493" lat="55.8531257" lon="37.4027907"/>
 <node id="617334851" visible="true" version="3" changeset="113615662" timestamp="2021-11-10T16:20:34Z" user="Grass-snake" uid="11321493" lat="55.8531769" lon="37.4026619"/>
 <node id="617334891" visible="true" version="2" changeset="8945379" timestamp="2011-08-07T10:20:07Z" user="Shiz0" uid="261170" lat="55.8542430" lon="37.4058472"/>
 <node id="617334902" visible="true" version="1" changeset="3670487" timestamp="2010-01-20T21:12:13Z" user="Amigo" uid="206282" lat="55.8546966" lon="37.4045647"/>
 <node id="617335071" visible="true" version="2" changeset="8942088" timestamp="2011-08-06T21:16:13Z" user="Shiz0" uid="261170" lat="55.8533358" lon="37.4029621"/>
 <node id="617335083" visible="true" version="2" changeset="8942088" timestamp="2011-08-06T21:16:13Z" user="Shiz0" uid="261170" lat="55.8532575" lon="37.4028656"/>
 <node id="617335093" visible="true" version="2" changeset="8942088" timestamp="2011-08-06T21:16:13Z" user="Shiz0" uid="261170" lat="55.8531611" lon="37.4031016"/>
 <node id="617335099" visible="true" version="2" changeset="8942088" timestamp="2011-08-06T21:16:13Z" user="Shiz0" uid="261170" lat="55.8532379" lon="37.4032009"/>
 <node id="617335325" visible="true" version="4" changeset="8945379" timestamp="2011-08-07T10:20:07Z" user="Shiz0" uid="261170" lat="55.8524768" lon="37.4033138"/>
 <node id="617335328" visible="true" version="3" changeset="8945379" timestamp="2011-08-07T10:20:08Z" user="Shiz0" uid="261170" lat="55.8528433" lon="37.4030789"/>
 <node id="617335329" visible="true" version="2" changeset="8945379" timestamp="2011-08-07T10:20:08Z" user="Shiz0" uid="261170" lat="55.8528088" lon="37.4026494"/>
 <node id="617335354" visible="true" version="4" changeset="8946811" timestamp="2011-08-07T12:56:15Z" user="Shiz0" uid="261170" lat="55.8516167" lon="37.4031429"/>
 <node id="617335359" visible="true" version="6" changeset="8946811" timestamp="2011-08-07T12:56:15Z" user="Shiz0" uid="261170" lat="55.8523149" lon="37.4053110"/>
 <node id="617335363" visible="true" version="3" changeset="8946137" timestamp="2011-08-07T11:49:01Z" user="Shiz0" uid="261170" lat="55.8533099" lon="37.4037792"/>
 <node id="617335366" visible="true" version="3" changeset="8946137" timestamp="2011-08-07T11:49:01Z" user="Shiz0" uid="261170" lat="55.8532531" lon="37.4039258"/>
 <node id="617335368" visible="true" version="3" changeset="8946137" timestamp="2011-08-07T11:49:02Z" user="Shiz0" uid="261170" lat="55.8543149" lon="37.4052320"/>
 <node id="617335370" visible="true" version="3" changeset="8946137" timestamp="2011-08-07T11:49:02Z" user="Shiz0" uid="261170" lat="55.8543755" lon="37.4050757"/>
 <node id="617335372" visible="true" version="3" changeset="8946137" timestamp="2011-08-07T11:49:02Z" user="Shiz0" uid="261170" lat="55.8538630" lon="37.4044454"/>
 <node id="617335373" visible="true" version="3" changeset="8946137" timestamp="2011-08-07T11:49:02Z" user="Shiz0" uid="261170" lat="55.8539485" lon="37.4042248"/>
 <node id="617335374" visible="true" version="3" changeset="8946137" timestamp="2011-08-07T11:49:02Z" user="Shiz0" uid="261170" lat="55.8544709" lon="37.4048675"/>
 <node id="617335375" visible="true" version="3" changeset="8946137" timestamp="2011-08-07T11:49:02Z" user="Shiz0" uid="261170" lat="55.8545657" lon="37.4046228"/>
 <node id="617335376" visible="true" version="3" changeset="8946137" timestamp="2011-08-07T11:49:02Z" user="Shiz0" uid="261170" lat="55.8545352" lon="37.4045853"/>
 <node id="617335377" visible="true" version="3" changeset="8946137" timestamp="2011-08-07T11:49:02Z" user="Shiz0" uid="261170" lat="55.8546062" lon="37.4044023"/>
 <node id="617335379" visible="true" version="3" changeset="8946137" timestamp="2011-08-07T11:49:02Z" user="Shiz0" uid="261170" lat="55.8545039" lon="37.4042765"/>
 <node id="617335382" visible="true" version="3" changeset="8946137" timestamp="2011-08-07T11:49:02Z" user="Shiz0" uid="261170" lat="55.8544400" lon="37.4044412"/>
 <node id="617335384" visible="true" version="3" changeset="8946137" timestamp="2011-08-07T11:49:02Z" user="Shiz0" uid="261170" lat="55.8542669" lon="37.4042283"/>
 <node id="617335387" visible="true" version="3" changeset="8946137" timestamp="2011-08-07T11:49:02Z" user="Shiz0" uid="261170" lat="55.8542912" lon="37.4041655"/>
 <node id="617335390" visible="true" version="3" changeset="8946137" timestamp="2011-08-07T11:49:02Z" user="Shiz0" uid="261170" lat="55.8540475" lon="37.4038657"/>
 <node id="617335392" visible="true" version="3" changeset="8946137" timestamp="2011-08-07T11:49:02Z" user="Shiz0" uid="261170" lat="55.8540788" lon="37.4037849"/>
 <node id="617335394" visible="true" version="3" changeset="8946137" timestamp="2011-08-07T11:49:02Z" user="Shiz0" uid="261170" lat="55.8540162" lon="37.4037078"/>
 <node id="617335396" visible="true" version="3" changeset="8946137" timestamp="2011-08-07T11:49:02Z" user="Shiz0" uid="261170" lat="55.8539895" lon="37.4037765"/>
 <node id="617335397" visible="true" version="3" changeset="8946137" timestamp="2011-08-07T11:49:02Z" user="Shiz0" uid="261170" lat="55.8536714" lon="37.4033852"/>
 <node id="617335398" visible="true" version="3" changeset="8946137" timestamp="2011-08-07T11:49:02Z" user="Shiz0" uid="261170" lat="55.8537479" lon="37.4031878"/>
 <node id="617335399" visible="true" version="3" changeset="8946137" timestamp="2011-08-07T11:49:02Z" user="Shiz0" uid="261170" lat="55.8536591" lon="37.4030785"/>
 <node id="617335400" visible="true" version="3" changeset="8946137" timestamp="2011-08-07T11:49:02Z" user="Shiz0" uid="261170" lat="55.8535998" lon="37.4032316"/>
 <node id="617335401" visible="true" version="3" changeset="8946137" timestamp="2011-08-07T11:49:02Z" user="Shiz0" uid="261170" lat="55.8535215" lon="37.4031353"/>
 <node id="617335402" visible="true" version="3" changeset="8946137" timestamp="2011-08-07T11:49:02Z" user="Shiz0" uid="261170" lat="55.8534275" lon="37.4033777"/>
 <node id="617335403" visible="true" version="3" changeset="8946137" timestamp="2011-08-07T11:49:02Z" user="Shiz0" uid="261170" lat="55.8538602" lon="37.4039099"/>
 <node id="617335405" visible="true" version="3" changeset="8946137" timestamp="2011-08-07T11:49:02Z" user="Shiz0" uid="261170" lat="55.8538231" lon="37.4040057"/>
 <node id="617335406" visible="true" version="3" changeset="8946137" timestamp="2011-08-07T11:49:03Z" user="Shiz0" uid="261170" lat="55.8538622" lon="37.4040538"/>
 <node id="617335408" visible="true" version="3" changeset="8946137" timestamp="2011-08-07T11:49:03Z" user="Shiz0" uid="261170" lat="55.8537560" lon="37.4043280"/>
 <node id="617360377" visible="true" version="1" changeset="3670844" timestamp="2010-01-20T21:53:04Z" user="Amigo" uid="206282" lat="55.8521035" lon="37.3983806"/>
 <node id="617360378" visible="true" version="3" changeset="58200756" timestamp="2018-04-18T13:13:45Z" user="ghost_07" uid="396906" lat="55.8536645" lon="37.4004527"/>
 <node id="617360379" visible="true" version="3" changeset="58200756" timestamp="2018-04-18T13:13:45Z" user="ghost_07" uid="396906" lat="55.8540608" lon="37.4008302"/>
 <node id="1000838727" visible="true" version="4" changeset="182074392" timestamp="2026-05-01T13:25:39Z" user="literan" uid="830106" lat="55.8540134" lon="37.4029255"/>
 <node id="1000838728" visible="true" version="4" changeset="182074392" timestamp="2026-05-01T13:25:39Z" user="literan" uid="830106" lat="55.8541686" lon="37.4030491"/>
 <node id="1000838729" visible="true" version="4" changeset="182074392" timestamp="2026-05-01T13:25:39Z" user="literan" uid="830106" lat="55.8544090" lon="37.4020910"/>
 <node id="1000838731" visible="true" version="4" changeset="182074392" timestamp="2026-05-01T13:25:39Z" user="literan" uid="830106" lat="55.8543699" lon="37.4019335"/>
 <node id="1000838732" visible="true" version="4" changeset="182074392" timestamp="2026-05-01T13:25:39Z" user="literan" uid="830106" lat="55.8542803" lon="37.4018622"/>
 <node id="1000840224" visible="true" version="3" changeset="113615662" timestamp="2021-11-10T16:20:34Z" user="Grass-snake" uid="11321493" lat="55.8522192" lon="37.3994174"/>
 <node id="1000840225" visible="true" version="3" changeset="113615662" timestamp="2021-11-10T16:20:34Z" user="Grass-snake" uid="11321493" lat="55.8523177" lon="37.3996226"/>
 <node id="1000840226" visible="true" version="3" changeset="113615662" timestamp="2021-11-10T16:20:34Z" user="Grass-snake" uid="11321493" lat="55.8522251" lon="37.3997636"/>
 <node id="1000840230" visible="true" version="3" changeset="113615662" timestamp="2021-11-10T16:20:34Z" user="Grass-snake" uid="11321493" lat="55.8521266" lon="37.3995584"/>
 <node id="1000840233" visible="true" version="3" changeset="113615662" timestamp="2021-11-10T16:20:34Z" user="Grass-snake" uid="11321493" lat="55.8523768" lon="37.3998300"/>
 <node id="1000840235" visible="true" version="3" changeset="113615662" timestamp="2021-11-10T16:20:34Z" user="Grass-snake" uid="11321493" lat="55.8525213" lon="37.3999640"/>
 <node id="1000840236" visible="true" version="3" changeset="113615662" timestamp="2021-11-10T16:20:34Z" user="Grass-snake" uid="11321493" lat="55.8524255" lon="37.4001348"/>
 <node id="1000840237" visible="true" version="3" changeset="113615662" timestamp="2021-11-10T16:20:34Z" user="Grass-snake" uid="11321493" lat="55.8523156" lon="37.3999391"/>
 <node id="1000840240" visible="true" version="3" changeset="113615662" timestamp="2021-11-10T16:20:34Z" user="Grass-snake" uid="11321493" lat="55.8527991" lon="37.4008552"/>
 <node id="1000840241" visible="true" version="3" changeset="113615662" timestamp="2021-11-10T16:20:34Z" user="Grass-snake" uid="11321493" lat="55.8527043" lon="37.4010129"/>
 <node id="1000840242" visible="true" version="3" changeset="113615662" timestamp="2021-11-10T16:20:34Z" user="Grass-snake" uid="11321493" lat="55.8528197" lon="37.4012331"/>
 <node id="1000840244" visible="true" version="3" changeset="113615662" timestamp="2021-11-10T16:20:34Z" user="Grass-snake" uid="11321493" lat="55.8529144" lon="37.4010755"/>
 <node id="1000840247" visible="true" version="3" changeset="113615662" timestamp="2021-11-10T16:20:34Z" user="Grass-snake" uid="11321493" lat="55.8530319" lon="37.4012505"/>
 <node id="1000840248" visible="true" version="3" changeset="113615662" timestamp="2021-11-10T16:20:34Z" user="Grass-snake" uid="11321493" lat="55.8529441" lon="37.4014109"/>
 <node id="1000840249" visible="true" version="3" changeset="113615662" timestamp="2021-11-10T16:20:34Z" user="Grass-snake" uid="11321493" lat="55.8530679" lon="37.4016263"/>
 <node id="1000840252" visible="true" version="3" changeset="113615662" timestamp="2021-11-10T16:20:34Z" user="Grass-snake" uid="11321493" lat="55.8531557" lon="37.4014660"/>
 <node id="1000840260" visible="true" version="6" changeset="120349284" timestamp="2022-04-29T13:38:50Z" user="somix" uid="12176526" lat="55.8515557" lon="37.4008386"/>
 <node id="1000840262" visible="true" version="6" changeset="120349284" timestamp="2022-04-29T13:38:50Z" user="somix" uid="12176526" lat="55.8523147" lon="37.4011834"/>
 <node id="1000840263" visible="true" version="6" changeset="120349284" timestamp="2022-04-29T13:38:50Z" user="somix" uid="12176526" lat="55.8524434" lon="37.4011253"/>
 <node id="1000840265" visible="true" version="6" changeset="120349284" timestamp="2022-04-29T13:38:50Z" user="somix" uid="12176526" lat="55.8524051" lon="37.4008557"/>
 <node id="1103286203" visible="true" version="2" changeset="8946137" timestamp="2011-08-07T11:48:13Z" user="Shiz0" uid="261170" lat="55.8542607" lon="37.3990258"/>
 <node id="1103286364" visible="true" version="2" changeset="8946137" timestamp="2011-08-07T11:48:14Z" user="Shiz0" uid="261170" lat="55.8554911" lon="37.4042517"/>
 <node id="1103286546" visible="true" version="2" changeset="8946137" timestamp="2011-08-07T11:48:14Z" user="Shiz0" uid="261170" lat="55.8537793" lon="37.3992445"/>
 <node id="1103286705" visible="true" version="2" changeset="8946137" timestamp="2011-08-07T11:48:14Z" user="Shiz0" uid="261170" lat="55.8547317" lon="37.4011559"/>
 <node id="1103286830" visible="true" version="2" changeset="8946137" timestamp="2011-08-07T11:48:14Z" user="Shiz0" uid="261170" lat="55.8523576" lon="37.3982731"/>
 <node id="1103287047" visible="true" version="2" changeset="8946137" timestamp="2011-08-07T11:48:14Z" user="Shiz0" uid="261170" lat="55.8539353" lon="37.4005933"/>
 <node id="1103287302" visible="true" version="2" changeset="8946137" timestamp="2011-08-07T11:48:14Z" user="Shiz0" uid="261170" lat="55.8518945" lon="37.3978239"/>
 <node id="1103287601" visible="true" version="2" changeset="8946137" timestamp="2011-08-07T11:48:15Z" user="Shiz0" uid="261170" lat="55.8540103" lon="37.3993452"/>
 <node id="1103287897" visible="true" version="2" changeset="8946137" timestamp="2011-08-07T11:48:15Z" user="Shiz0" uid="261170" lat="55.8528269" lon="37.3954462"/>
 <node id="1103288275" visible="true" version="2" changeset="8946137" timestamp="2011-08-07T11:48:15Z" user="Shiz0" uid="261170" lat="55.8537115" lon="37.3983006"/>
 <node id="1103288665" visible="true" version="2" changeset="8946137" timestamp="2011-08-07T11:48:15Z" user="Shiz0" uid="261170" lat="55.8527232" lon="37.3983929"/>
 <node id="1103289612" visible="true" version="2" changeset="8946137" timestamp="2011-08-07T11:48:16Z" user="Shiz0" uid="261170" lat="55.8531826" lon="37.3994180"/>
 <node id="1103290126" visible="true" version="2" changeset="8946137" timestamp="2011-08-07T11:48:16Z" user="Shiz0" uid="261170" lat="55.8549722" lon="37.4023236"/>
 <node id="1103290446" visible="true" version="2" changeset="8946137" timestamp="2011-08-07T11:48:16Z" user="Shiz0" uid="261170" lat="55.8523430" lon="37.3983249"/>
 <node id="1103290512" visible="true" version="2" changeset="8946137" timestamp="2011-08-07T11:48:16Z" user="Shiz0" uid="261170" lat="55.8520807" lon="37.3960954"/>
 <node id="1103290798" visible="true" version="2" changeset="8946137" timestamp="2011-08-07T11:48:16Z" user="Shiz0" uid="261170" lat="55.8543856" lon="37.4000609"/>
 <node id="1103291067" visible="true" version="2" changeset="8946137" timestamp="2011-08-07T11:48:16Z" user="Shiz0" uid="261170" lat="55.8542074" lon="37.3995380"/>
 <node id="1103291540" visible="true" version="2" changeset="8946137" timestamp="2011-08-07T11:48:17Z" user="Shiz0" uid="261170" lat="55.8536695" lon="37.3982862"/>
 <node id="1103291667" visible="true" version="2" changeset="8946137" timestamp="2011-08-07T11:48:17Z" user="Shiz0" uid="261170" lat="55.8553882" lon="37.4039747"/>
 <node id="1103291907" visible="true" version="2" changeset="8946137" timestamp="2011-08-07T11:48:17Z" user="Shiz0" uid="261170" lat="55.8527469" lon="37.3980112"/>
 <node id="1103292384" visible="true" version="2" changeset="8946137" timestamp="2011-08-07T11:48:17Z" user="Shiz0" uid="261170" lat="55.8549702" lon="37.4022228"/>
 <node id="1103292554" visible="true" version="2" changeset="8946137" timestamp="2011-08-07T11:48:17Z" user="Shiz0" uid="261170" lat="55.8518920" lon="37.3971332"/>
 <node id="1103292616" visible="true" version="2" changeset="8946137" timestamp="2011-08-07T11:48:18Z" user="Shiz0" uid="261170" lat="55.8543230" lon="37.3999170"/>
 <node id="1103293025" visible="true" version="2" changeset="8946137" timestamp="2011-08-07T11:48:18Z" user="Shiz0" uid="261170" lat="55.8535416" lon="37.4000141"/>
 <node id="1103293245" visible="true" version="2" changeset="8946137" timestamp="2011-08-07T11:48:18Z" user="Shiz0" uid="261170" lat="55.8539974" lon="37.3988445"/>
 <node id="1103293322" visible="true" version="2" changeset="8946137" timestamp="2011-08-07T11:48:18Z" user="Shiz0" uid="261170" lat="55.8553236" lon="37.4034208"/>
 <node id="1103293359" visible="true" version="2" changeset="8946137" timestamp="2011-08-07T11:48:18Z" user="Shiz0" uid="261170" lat="55.8530453" lon="37.3991698"/>
 <node id="1103293404" visible="true" version="2" changeset="8946137" timestamp="2011-08-07T11:48:18Z" user="Shiz0" uid="261170" lat="55.8546307" lon="37.4010614"/>
 <node id="1103293467" visible="true" version="2" changeset="8946137" timestamp="2011-08-07T11:48:19Z" user="Shiz0" uid="261170" lat="55.8521932" lon="37.3959163"/>
 <node id="1103293502" visible="true" version="2" changeset="8946137" timestamp="2011-08-07T11:48:19Z" user="Shiz0" uid="261170" lat="55.8539091" lon="37.4001256"/>
 <node id="1103293563" visible="true" version="3" changeset="8946137" timestamp="2011-08-07T11:48:19Z" user="Shiz0" uid="261170" lat="55.8521438" lon="37.3969063"/>
 <node id="1103293601" visible="true" version="2" changeset="8946137" timestamp="2011-08-07T11:48:19Z" user="Shiz0" uid="261170" lat="55.8542801" lon="37.3994143"/>
 <node id="1103293737" visible="true" version="2" changeset="8946137" timestamp="2011-08-07T11:48:19Z" user="Shiz0" uid="261170" lat="55.8538650" lon="37.3988359"/>
 <node id="1103293828" visible="true" version="2" changeset="8946137" timestamp="2011-08-07T11:48:20Z" user="Shiz0" uid="261170" lat="55.8525918" lon="37.3979249"/>
 <node id="1103293998" visible="true" version="2" changeset="8946137" timestamp="2011-08-07T11:48:20Z" user="Shiz0" uid="261170" lat="55.8548326" lon="37.4013582"/>
 <node id="1103294163" visible="true" version="2" changeset="8946137" timestamp="2011-08-07T11:48:20Z" user="Shiz0" uid="261170" lat="55.8526061" lon="37.3959375"/>
 <node id="1103294241" visible="true" version="2" changeset="8946137" timestamp="2011-08-07T11:48:20Z" user="Shiz0" uid="261170" lat="55.8542826" lon="37.4003271"/>
 <node id="1103294426" visible="true" version="2" changeset="8946137" timestamp="2011-08-07T11:48:21Z" user="Shiz0" uid="261170" lat="55.8539373" lon="37.3996616"/>
 <node id="1103295000" visible="true" version="2" changeset="8946137" timestamp="2011-08-07T11:48:21Z" user="Shiz0" uid="261170" lat="55.8542914" lon="37.3992474"/>
 <node id="1103295100" visible="true" version="2" changeset="8946137" timestamp="2011-08-07T11:48:21Z" user="Shiz0" uid="261170" lat="55.8553962" lon="37.4031725"/>
 <node id="1103295172" visible="true" version="2" changeset="8946137" timestamp="2011-08-07T11:48:21Z" user="Shiz0" uid="261170" lat="55.8537939" lon="37.3991985"/>
 <node id="1103295302" visible="true" version="2" changeset="8946137" timestamp="2011-08-07T11:48:21Z" user="Shiz0" uid="261170" lat="55.8547721" lon="37.4011829"/>
 <node id="1103295383" visible="true" version="2" changeset="8946137" timestamp="2011-08-07T11:48:21Z" user="Shiz0" uid="261170" lat="55.8524609" lon="37.3978270"/>
 <node id="1103295488" visible="true" version="2" changeset="8946137" timestamp="2011-08-07T11:48:22Z" user="Shiz0" uid="261170" lat="55.8542019" lon="37.4005141"/>
 <node id="1103295634" visible="true" version="3" changeset="8946137" timestamp="2011-08-07T11:48:22Z" user="Shiz0" uid="261170" lat="55.8521513" lon="37.3967081"/>
 <node id="1103295719" visible="true" version="2" changeset="8946137" timestamp="2011-08-07T11:48:22Z" user="Shiz0" uid="261170" lat="55.8539522" lon="37.3993193"/>
 <node id="1103296019" visible="true" version="2" changeset="8946137" timestamp="2011-08-07T11:48:22Z" user="Shiz0" uid="261170" lat="55.8538827" lon="37.3985481"/>
 <node id="1103296400" visible="true" version="2" changeset="8946137" timestamp="2011-08-07T11:48:22Z" user="Shiz0" uid="261170" lat="55.8527329" lon="37.3984476"/>
 <node id="1103297118" visible="true" version="2" changeset="8946137" timestamp="2011-08-07T11:48:23Z" user="Shiz0" uid="261170" lat="55.8552731" lon="37.4027984"/>
 <node id="1103297232" visible="true" version="2" changeset="8946137" timestamp="2011-08-07T11:48:23Z" user="Shiz0" uid="261170" lat="55.8611803" lon="37.4078737"/>
 <node id="1103297278" visible="true" version="2" changeset="8946137" timestamp="2011-08-07T11:48:23Z" user="Shiz0" uid="261170" lat="55.8528054" lon="37.3957645"/>
 <node id="1103297376" visible="true" version="2" changeset="8946137" timestamp="2011-08-07T11:48:23Z" user="Shiz0" uid="261170" lat="55.8543452" lon="37.4002695"/>
 <node id="1103297631" visible="true" version="2" changeset="8946137" timestamp="2011-08-07T11:48:23Z" user="Shiz0" uid="261170" lat="55.8538162" lon="37.3994493"/>
 <node id="1103298015" visible="true" version="2" changeset="8946137" timestamp="2011-08-07T11:48:24Z" user="Shiz0" uid="261170" lat="55.8542446" lon="37.3988416"/>
 <node id="1103298152" visible="true" version="2" changeset="8946137" timestamp="2011-08-07T11:48:24Z" user="Shiz0" uid="261170" lat="55.8554548" lon="37.4040395"/>
 <node id="1103298332" visible="true" version="2" changeset="8946137" timestamp="2011-08-07T11:48:24Z" user="Shiz0" uid="261170" lat="55.8538020" lon="37.3994085"/>
 <node id="1103298566" visible="true" version="2" changeset="8946137" timestamp="2011-08-07T11:48:24Z" user="Shiz0" uid="261170" lat="55.8546989" lon="37.4013762"/>
 <node id="1103298864" visible="true" version="2" changeset="8946137" timestamp="2011-08-07T11:48:24Z" user="Shiz0" uid="261170" lat="55.8538323" lon="37.4005285"/>
 <node id="1103299069" visible="true" version="2" changeset="8946137" timestamp="2011-08-07T11:48:25Z" user="Shiz0" uid="261170" lat="55.8518532" lon="37.3974510"/>
 <node id="1103299150" visible="true" version="2" changeset="8946137" timestamp="2011-08-07T11:48:25Z" user="Shiz0" uid="261170" lat="55.8541347" lon="37.3993596"/>
 <node id="1103299391" visible="true" version="2" changeset="8946137" timestamp="2011-08-07T11:48:25Z" user="Shiz0" uid="261170" lat="55.8528931" lon="37.3953018"/>
 <node id="1103299472" visible="true" version="2" changeset="8946137" timestamp="2011-08-07T11:48:25Z" user="Shiz0" uid="261170" lat="55.8536627" lon="37.3999386"/>
 <node id="1103299750" visible="true" version="2" changeset="8946137" timestamp="2011-08-07T11:48:25Z" user="Shiz0" uid="261170" lat="55.8541977" lon="37.3988733"/>
 <node id="1103300005" visible="true" version="2" changeset="8946137" timestamp="2011-08-07T11:48:26Z" user="Shiz0" uid="261170" lat="55.8530695" lon="37.3992669"/>
 <node id="1103300134" visible="true" version="2" changeset="8946137" timestamp="2011-08-07T11:48:26Z" user="Shiz0" uid="261170" lat="55.8546206" lon="37.4011514"/>
 <node id="1103300199" visible="true" version="2" changeset="8946137" timestamp="2011-08-07T11:48:26Z" user="Shiz0" uid="261170" lat="55.8521245" lon="37.3981975"/>
 <node id="1103300233" visible="true" version="2" changeset="8946137" timestamp="2011-08-07T11:48:26Z" user="Shiz0" uid="261170" lat="55.8521482" lon="37.3959681"/>
 <node id="1103300283" visible="true" version="2" changeset="8946137" timestamp="2011-08-07T11:48:26Z" user="Shiz0" uid="261170" lat="55.8537011" lon="37.4004710"/>
 <node id="1103300440" visible="true" version="2" changeset="8946137" timestamp="2011-08-07T11:48:26Z" user="Shiz0" uid="261170" lat="55.8542849" lon="37.3994546"/>
 <node id="1103300551" visible="true" version="2" changeset="8946137" timestamp="2011-08-07T11:48:27Z" user="Shiz0" uid="261170" lat="55.8537438" lon="37.3984732"/>
 <node id="1103300647" visible="true" version="2" changeset="8946137" timestamp="2011-08-07T11:48:27Z" user="Shiz0" uid="261170" lat="55.8526596" lon="37.3978788"/>
 <node id="1103300858" visible="true" version="2" changeset="8946137" timestamp="2011-08-07T11:48:27Z" user="Shiz0" uid="261170" lat="55.8549460" lon="37.4020502"/>
 <node id="1103300983" visible="true" version="3" changeset="8946137" timestamp="2011-08-07T11:48:27Z" user="Shiz0" uid="261170" lat="55.8520258" lon="37.3967778"/>
 <node id="1103301093" visible="true" version="2" changeset="8946137" timestamp="2011-08-07T11:48:27Z" user="Shiz0" uid="261170" lat="55.8542766" lon="37.4002515"/>
 <node id="1103301392" visible="true" version="2" changeset="8946137" timestamp="2011-08-07T11:48:28Z" user="Shiz0" uid="261170" lat="55.8534588" lon="37.4000105"/>
 <node id="1103301828" visible="true" version="2" changeset="8946137" timestamp="2011-08-07T11:48:28Z" user="Shiz0" uid="261170" lat="55.8539506" lon="37.3987409"/>
 <node id="1103302230" visible="true" version="2" changeset="8946137" timestamp="2011-08-07T11:48:28Z" user="Shiz0" uid="261170" lat="55.8553660" lon="37.4032409"/>
 <node id="1103302411" visible="true" version="2" changeset="8946137" timestamp="2011-08-07T11:48:28Z" user="Shiz0" uid="261170" lat="55.8529887" lon="37.3990295"/>
 <node id="1103302592" visible="true" version="2" changeset="8946137" timestamp="2011-08-07T11:48:29Z" user="Shiz0" uid="261170" lat="55.8546383" lon="37.4008141"/>
 <node id="1103302708" visible="true" version="2" changeset="8946137" timestamp="2011-08-07T11:48:29Z" user="Shiz0" uid="261170" lat="55.8524949" lon="37.3978558"/>
 <node id="1103302940" visible="true" version="2" changeset="8946137" timestamp="2011-08-07T11:48:29Z" user="Shiz0" uid="261170" lat="55.8539777" lon="37.3999026"/>
 <node id="1103303158" visible="true" version="3" changeset="8946137" timestamp="2011-08-07T11:48:29Z" user="Shiz0" uid="261170" lat="55.8521834" lon="37.3968130"/>
 <node id="1103303247" visible="true" version="2" changeset="8946137" timestamp="2011-08-07T11:48:29Z" user="Shiz0" uid="261170" lat="55.8541993" lon="37.3993165"/>
 <node id="1103303509" visible="true" version="2" changeset="8946137" timestamp="2011-08-07T11:48:29Z" user="Shiz0" uid="261170" lat="55.8539021" lon="37.3986114"/>
 <node id="1103303707" visible="true" version="2" changeset="8946137" timestamp="2011-08-07T11:48:30Z" user="Shiz0" uid="261170" lat="55.8528977" lon="37.3987987"/>
 <node id="1103304211" visible="true" version="2" changeset="8946137" timestamp="2011-08-07T11:48:30Z" user="Shiz0" uid="261170" lat="55.8553337" lon="37.4028740"/>
 <node id="1103304449" visible="true" version="2" changeset="8946137" timestamp="2011-08-07T11:48:30Z" user="Shiz0" uid="261170" lat="55.8527569" lon="37.3958762"/>
 <node id="1103304577" visible="true" version="2" changeset="8946137" timestamp="2011-08-07T11:48:30Z" user="Shiz0" uid="261170" lat="55.8545424" lon="37.4005578"/>
 <node id="1103304935" visible="true" version="2" changeset="8946137" timestamp="2011-08-07T11:48:30Z" user="Shiz0" uid="261170" lat="55.8538626" lon="37.3995033"/>
 <node id="1103305320" visible="true" version="2" changeset="8946137" timestamp="2011-08-07T11:48:31Z" user="Shiz0" uid="261170" lat="55.8543156" lon="37.3991121"/>
 <node id="1103305502" visible="true" version="2" changeset="8946137" timestamp="2011-08-07T11:48:31Z" user="Shiz0" uid="261170" lat="55.8556668" lon="37.4045251"/>
 <node id="1103305626" visible="true" version="2" changeset="8946137" timestamp="2011-08-07T11:48:31Z" user="Shiz0" uid="261170" lat="55.8537680" lon="37.3993366"/>
 <node id="1103305800" visible="true" version="2" changeset="8946137" timestamp="2011-08-07T11:48:31Z" user="Shiz0" uid="261170" lat="55.8547014" lon="37.4012233"/>
 <node id="1103305997" visible="true" version="2" changeset="8946137" timestamp="2011-08-07T11:48:32Z" user="Shiz0" uid="261170" lat="55.8524803" lon="37.3980803"/>
 <node id="1103306196" visible="true" version="2" changeset="8946137" timestamp="2011-08-07T11:48:32Z" user="Shiz0" uid="261170" lat="55.8541191" lon="37.4007228"/>
 <node id="1103306407" visible="true" version="3" changeset="8946137" timestamp="2011-08-07T11:48:32Z" user="Shiz0" uid="261170" lat="55.8520744" lon="37.3966268"/>
 <node id="1103306474" visible="true" version="2" changeset="8946137" timestamp="2011-08-07T11:48:32Z" user="Shiz0" uid="261170" lat="55.8540685" lon="37.3993596"/>
 <node id="1103306578" visible="true" version="2" changeset="8946137" timestamp="2011-08-07T11:48:32Z" user="Shiz0" uid="261170" lat="55.8528484" lon="37.3953578"/>
 <node id="1103306647" visible="true" version="2" changeset="8946137" timestamp="2011-08-07T11:48:32Z" user="Shiz0" uid="261170" lat="55.8538197" lon="37.3984704"/>
 <node id="1103306798" visible="true" version="2" changeset="8946137" timestamp="2011-08-07T11:48:32Z" user="Shiz0" uid="261170" lat="55.8527226" lon="37.3983220"/>
 <node id="1103307040" visible="true" version="2" changeset="8946137" timestamp="2011-08-07T11:48:33Z" user="Shiz0" uid="261170" lat="55.8551297" lon="37.4025790"/>
 <node id="1103307092" visible="true" version="2" changeset="8946137" timestamp="2011-08-07T11:48:33Z" user="Shiz0" uid="261170" lat="55.8522770" lon="37.3984139"/>
 <node id="1103307121" visible="true" version="2" changeset="8946137" timestamp="2011-08-07T11:48:33Z" user="Shiz0" uid="261170" lat="55.8520648" lon="37.3964491"/>
 <node id="1103307164" visible="true" version="2" changeset="8946137" timestamp="2011-08-07T11:48:33Z" user="Shiz0" uid="261170" lat="55.8544058" lon="37.3999422"/>
 <node id="1103307350" visible="true" version="2" changeset="8946137" timestamp="2011-08-07T11:48:34Z" user="Shiz0" uid="261170" lat="55.8538344" lon="37.3996760"/>
 <node id="1103307458" visible="true" version="2" changeset="8946137" timestamp="2011-08-07T11:48:34Z" user="Shiz0" uid="261170" lat="55.8537277" lon="37.3984214"/>
 <node id="1103307513" visible="true" version="2" changeset="8946137" timestamp="2011-08-07T11:48:34Z" user="Shiz0" uid="261170" lat="55.8553397" lon="37.4039172"/>
 <node id="1103307573" visible="true" version="2" changeset="8946137" timestamp="2011-08-07T11:48:34Z" user="Shiz0" uid="261170" lat="55.8527323" lon="37.3982500"/>
 <node id="1103307671" visible="true" version="2" changeset="8946137" timestamp="2011-08-07T11:48:34Z" user="Shiz0" uid="261170" lat="55.8546661" lon="37.4015876"/>
 <node id="1103307745" visible="true" version="2" changeset="8946137" timestamp="2011-08-07T11:48:35Z" user="Shiz0" uid="261170" lat="55.8549480" lon="37.4021257"/>
 <node id="1103307798" visible="true" version="2" changeset="8946137" timestamp="2011-08-07T11:48:35Z" user="Shiz0" uid="261170" lat="55.8519307" lon="37.3968846"/>
 <node id="1103307831" visible="true" version="2" changeset="8946137" timestamp="2011-08-07T11:48:35Z" user="Shiz0" uid="261170" lat="55.8544664" lon="37.3998558"/>
 <node id="1103307903" visible="true" version="2" changeset="8946137" timestamp="2011-08-07T11:48:35Z" user="Shiz0" uid="261170" lat="55.8534891" lon="37.4000681"/>
 <node id="1103307994" visible="true" version="2" changeset="8946137" timestamp="2011-08-07T11:48:35Z" user="Shiz0" uid="261170" lat="55.8541153" lon="37.3989625"/>
 <node id="1103308074" visible="true" version="2" changeset="8946137" timestamp="2011-08-07T11:48:35Z" user="Shiz0" uid="261170" lat="55.8553175" lon="37.4038524"/>
 <node id="1103308227" visible="true" version="2" changeset="8946137" timestamp="2011-08-07T11:48:36Z" user="Shiz0" uid="261170" lat="55.8530130" lon="37.3990726"/>
 <node id="1103308306" visible="true" version="2" changeset="8946137" timestamp="2011-08-07T11:48:36Z" user="Shiz0" uid="261170" lat="55.8546358" lon="37.4008996"/>
 <node id="1103308371" visible="true" version="2" changeset="8946137" timestamp="2011-08-07T11:48:36Z" user="Shiz0" uid="261170" lat="55.8519849" lon="37.3980064"/>
 <node id="1103308506" visible="true" version="2" changeset="8946137" timestamp="2011-08-07T11:48:36Z" user="Shiz0" uid="261170" lat="55.8522845" lon="37.3958668"/>
 <node id="1103308575" visible="true" version="2" changeset="8946137" timestamp="2011-08-07T11:48:36Z" user="Shiz0" uid="261170" lat="55.8537496" lon="37.4002479"/>
 <node id="1103308851" visible="true" version="2" changeset="8946137" timestamp="2011-08-07T11:48:36Z" user="Shiz0" uid="261170" lat="55.8542155" lon="37.3993884"/>
 <node id="1103309078" visible="true" version="2" changeset="8946137" timestamp="2011-08-07T11:48:37Z" user="Shiz0" uid="261170" lat="55.8538003" lon="37.3986315"/>
 <node id="1103309305" visible="true" version="2" changeset="8946137" timestamp="2011-08-07T11:48:37Z" user="Shiz0" uid="261170" lat="55.8525611" lon="37.3979220"/>
 <node id="1103309415" visible="true" version="2" changeset="8946137" timestamp="2011-08-07T11:48:37Z" user="Shiz0" uid="261170" lat="55.8549437" lon="37.4017629"/>
 <node id="1103309436" visible="true" version="2" changeset="8946137" timestamp="2011-08-07T11:48:37Z" user="Shiz0" uid="261170" lat="55.8523546" lon="37.3958856"/>
 <node id="1103309441" visible="true" version="2" changeset="8946137" timestamp="2011-08-07T11:48:38Z" user="Shiz0" uid="261170" lat="55.8542705" lon="37.4004458"/>
 <node id="1103309480" visible="true" version="2" changeset="8946137" timestamp="2011-08-07T11:48:38Z" user="Shiz0" uid="261170" lat="55.8533498" lon="37.3998594"/>
 <node id="1103309557" visible="true" version="2" changeset="8946137" timestamp="2011-08-07T11:48:38Z" user="Shiz0" uid="261170" lat="55.8543108" lon="37.3991898"/>
 <node id="1103309632" visible="true" version="2" changeset="8946137" timestamp="2011-08-07T11:48:38Z" user="Shiz0" uid="261170" lat="55.8554225" lon="37.4030466"/>
 <node id="1103309746" visible="true" version="2" changeset="8946137" timestamp="2011-08-07T11:48:39Z" user="Shiz0" uid="261170" lat="55.8538747" lon="37.3989337"/>
 <node id="1103309951" visible="true" version="2" changeset="8946137" timestamp="2011-08-07T11:48:39Z" user="Shiz0" uid="261170" lat="55.8546509" lon="37.4006388"/>
 <node id="1103310155" visible="true" version="2" changeset="8946137" timestamp="2011-08-07T11:48:39Z" user="Shiz0" uid="261170" lat="55.8524626" lon="37.3979249"/>
 <node id="1103310289" visible="true" version="2" changeset="8946137" timestamp="2011-08-07T11:48:39Z" user="Shiz0" uid="261170" lat="55.8541534" lon="37.4005825"/>
 <node id="1103310459" visible="true" version="3" changeset="8946137" timestamp="2011-08-07T11:48:39Z" user="Shiz0" uid="261170" lat="55.8521134" lon="37.3966539"/>
 <node id="1103310533" visible="true" version="2" changeset="8946137" timestamp="2011-08-07T11:48:39Z" user="Shiz0" uid="261170" lat="55.8532993" lon="37.3996724"/>
 <node id="1103310918" visible="true" version="2" changeset="8946137" timestamp="2011-08-07T11:48:40Z" user="Shiz0" uid="261170" lat="55.8538537" lon="37.3985394"/>
 <node id="1103311299" visible="true" version="2" changeset="8946137" timestamp="2011-08-07T11:48:40Z" user="Shiz0" uid="261170" lat="55.8528072" lon="37.3986893"/>
 <node id="1103312076" visible="true" version="2" changeset="8946137" timestamp="2011-08-07T11:48:40Z" user="Shiz0" uid="261170" lat="55.8552125" lon="37.4027337"/>
 <node id="1103312222" visible="true" version="2" changeset="8946137" timestamp="2011-08-07T11:48:41Z" user="Shiz0" uid="261170" lat="55.8528137" lon="37.3956024"/>
 <node id="1103312351" visible="true" version="2" changeset="8946137" timestamp="2011-08-07T11:48:41Z" user="Shiz0" uid="261170" lat="55.8544288" lon="37.4004949"/>
 <node id="1103312555" visible="true" version="2" changeset="8946137" timestamp="2011-08-07T11:48:41Z" user="Shiz0" uid="261170" lat="55.8538182" lon="37.3995393"/>
 <node id="1103312674" visible="true" version="2" changeset="8946137" timestamp="2011-08-07T11:48:41Z" user="Shiz0" uid="261170" lat="55.8542995" lon="37.3990287"/>
 <node id="1103312743" visible="true" version="2" changeset="8946137" timestamp="2011-08-07T11:48:41Z" user="Shiz0" uid="261170" lat="55.8555416" lon="37.4043525"/>
 <node id="1103312832" visible="true" version="2" changeset="8946137" timestamp="2011-08-07T11:48:41Z" user="Shiz0" uid="261170" lat="55.8532795" lon="37.3995439"/>
 <node id="1103312853" visible="true" version="2" changeset="8946137" timestamp="2011-08-07T11:48:41Z" user="Shiz0" uid="261170" lat="55.8546964" lon="37.4015381"/>
 <node id="1103312919" visible="true" version="2" changeset="8946137" timestamp="2011-08-07T11:48:42Z" user="Shiz0" uid="261170" lat="55.8523979" lon="37.3982011"/>
 <node id="1103313048" visible="true" version="2" changeset="8946137" timestamp="2011-08-07T11:48:42Z" user="Shiz0" uid="261170" lat="55.8539898" lon="37.4007084"/>
 <node id="1103313131" visible="true" version="2" changeset="8946137" timestamp="2011-08-07T11:48:42Z" user="Shiz0" uid="261170" lat="55.8519359" lon="37.3979160"/>
 <node id="1103313177" visible="true" version="2" changeset="8946137" timestamp="2011-08-07T11:48:42Z" user="Shiz0" uid="261170" lat="55.8541686" lon="37.3993884"/>
 <node id="1103313236" visible="true" version="2" changeset="8946137" timestamp="2011-08-07T11:48:42Z" user="Shiz0" uid="261170" lat="55.8529460" lon="37.3952989"/>
 <node id="1103313357" visible="true" version="2" changeset="8946137" timestamp="2011-08-07T11:48:42Z" user="Shiz0" uid="261170" lat="55.8537503" lon="37.3983265"/>
 <node id="1103313474" visible="true" version="2" changeset="8946137" timestamp="2011-08-07T11:48:43Z" user="Shiz0" uid="261170" lat="55.8541444" lon="37.3989481"/>
 <node id="1103313588" visible="true" version="2" changeset="8946137" timestamp="2011-08-07T11:48:43Z" user="Shiz0" uid="261170" lat="55.8532553" lon="37.3995331"/>
 <node id="1103313654" visible="true" version="2" changeset="8946137" timestamp="2011-08-07T11:48:43Z" user="Shiz0" uid="261170" lat="55.8550025" lon="37.4023739"/>
 <node id="1103313734" visible="true" version="2" changeset="8946137" timestamp="2011-08-07T11:48:43Z" user="Shiz0" uid="261170" lat="55.8520444" lon="37.3981239"/>
 <node id="1103313761" visible="true" version="2" changeset="8946137" timestamp="2011-08-07T11:48:43Z" user="Shiz0" uid="261170" lat="55.8520529" lon="37.3961992"/>
 <node id="1103313830" visible="true" version="2" changeset="8946137" timestamp="2011-08-07T11:48:44Z" user="Shiz0" uid="261170" lat="55.8537132" lon="37.4003523"/>
 <node id="1103314095" visible="true" version="2" changeset="8946137" timestamp="2011-08-07T11:48:44Z" user="Shiz0" uid="261170" lat="55.8541832" lon="37.3994690"/>
 <node id="1103314211" visible="true" version="2" changeset="8946137" timestamp="2011-08-07T11:48:44Z" user="Shiz0" uid="261170" lat="55.8537535" lon="37.3985423"/>
 <node id="1103314425" visible="true" version="2" changeset="8946137" timestamp="2011-08-07T11:48:44Z" user="Shiz0" uid="261170" lat="55.8527501" lon="37.3981119"/>
 <node id="1103314934" visible="true" version="2" changeset="8946137" timestamp="2011-08-07T11:48:45Z" user="Shiz0" uid="261170" lat="55.8549561" lon="37.4019962"/>
 <node id="1103315023" visible="true" version="2" changeset="8946137" timestamp="2011-08-07T11:48:45Z" user="Shiz0" uid="261170" lat="55.8520860" lon="37.3967603"/>
 <node id="1103315128" visible="true" version="2" changeset="8946137" timestamp="2011-08-07T11:48:45Z" user="Shiz0" uid="261170" lat="55.8543674" lon="37.3998522"/>
 <node id="1103315248" visible="true" version="2" changeset="8946137" timestamp="2011-08-07T11:48:45Z" user="Shiz0" uid="261170" lat="55.8534023" lon="37.3998594"/>
 <node id="1103315363" visible="true" version="2" changeset="8946137" timestamp="2011-08-07T11:48:45Z" user="Shiz0" uid="261170" lat="55.8540378" lon="37.3989078"/>
 <node id="1103315477" visible="true" version="2" changeset="8946137" timestamp="2011-08-07T11:48:46Z" user="Shiz0" uid="261170" lat="55.8552993" lon="37.4035611"/>
 <node id="1103315530" visible="true" version="2" changeset="8946137" timestamp="2011-08-07T11:48:46Z" user="Shiz0" uid="261170" lat="55.8529526" lon="37.3989138"/>
 <node id="1103315586" visible="true" version="2" changeset="8946137" timestamp="2011-08-07T11:48:46Z" user="Shiz0" uid="261170" lat="55.8546762" lon="37.4006927"/>
 <node id="1103315693" visible="true" version="2" changeset="8946137" timestamp="2011-08-07T11:48:46Z" user="Shiz0" uid="261170" lat="55.8538465" lon="37.4001688"/>
 <node id="1103315761" visible="true" version="3" changeset="8946137" timestamp="2011-08-07T11:48:46Z" user="Shiz0" uid="261170" lat="55.8521191" lon="37.3968208"/>
 <node id="1103315811" visible="true" version="2" changeset="8946137" timestamp="2011-08-07T11:48:47Z" user="Shiz0" uid="261170" lat="55.8542268" lon="37.3992819"/>
 <node id="1103315931" visible="true" version="2" changeset="8946137" timestamp="2011-08-07T11:48:47Z" user="Shiz0" uid="261170" lat="55.8538537" lon="37.3987322"/>
 <node id="1103316091" visible="true" version="2" changeset="8946137" timestamp="2011-08-07T11:48:47Z" user="Shiz0" uid="261170" lat="55.8528541" lon="37.3987670"/>
 <node id="1103316324" visible="true" version="2" changeset="8946137" timestamp="2011-08-07T11:48:48Z" user="Shiz0" uid="261170" lat="55.8548301" lon="37.4014661"/>
 <node id="1103316412" visible="true" version="2" changeset="8946137" timestamp="2011-08-07T11:48:48Z" user="Shiz0" uid="261170" lat="55.8525095" lon="37.3959422"/>
 <node id="1103316488" visible="true" version="2" changeset="8946137" timestamp="2011-08-07T11:48:48Z" user="Shiz0" uid="261170" lat="55.8544919" lon="37.4004814"/>
 <node id="1103316719" visible="true" version="2" changeset="8946137" timestamp="2011-08-07T11:48:48Z" user="Shiz0" uid="261170" lat="55.8539495" lon="37.3998343"/>
 <node id="1103316821" visible="true" version="2" changeset="8946137" timestamp="2011-08-07T11:48:48Z" user="Shiz0" uid="261170" lat="55.8543528" lon="37.3989970"/>
 <node id="1103316882" visible="true" version="2" changeset="8946137" timestamp="2011-08-07T11:48:49Z" user="Shiz0" uid="261170" lat="55.8555881" lon="37.4044136"/>
 <node id="1103316958" visible="true" version="2" changeset="8946137" timestamp="2011-08-07T11:48:49Z" user="Shiz0" uid="261170" lat="55.8538440" lon="37.3991639"/>
 <node id="1103317090" visible="true" version="2" changeset="8946137" timestamp="2011-08-07T11:48:49Z" user="Shiz0" uid="261170" lat="55.8548074" lon="37.4012323"/>
 <node id="1103317162" visible="true" version="2" changeset="8946137" timestamp="2011-08-07T11:48:49Z" user="Shiz0" uid="261170" lat="55.8524545" lon="37.3981522"/>
 <node id="1103317243" visible="true" version="2" changeset="8946137" timestamp="2011-08-07T11:48:49Z" user="Shiz0" uid="261170" lat="55.8540565" lon="37.4007408"/>
 <node id="1103317298" visible="true" version="2" changeset="8946137" timestamp="2011-08-07T11:48:49Z" user="Shiz0" uid="261170" lat="55.8520648" lon="37.3965693"/>
 <node id="1103317349" visible="true" version="2" changeset="8946137" timestamp="2011-08-07T11:48:49Z" user="Shiz0" uid="261170" lat="55.8539037" lon="37.3993337"/>
 <node id="1103317485" visible="true" version="2" changeset="8946137" timestamp="2011-08-07T11:48:50Z" user="Shiz0" uid="261170" lat="55.8537810" lon="37.3983927"/>
 <node id="1103317593" visible="true" version="2" changeset="8946137" timestamp="2011-08-07T11:48:50Z" user="Shiz0" uid="261170" lat="55.8527523" lon="37.3985339"/>
 <node id="1103317858" visible="true" version="2" changeset="8946137" timestamp="2011-08-07T11:48:50Z" user="Shiz0" uid="261170" lat="55.8550429" lon="37.4024495"/>
 <node id="1103317928" visible="true" version="2" changeset="8946137" timestamp="2011-08-07T11:48:51Z" user="Shiz0" uid="261170" lat="55.8520516" lon="37.3963005"/>
 <node id="1103317990" visible="true" version="2" changeset="8946137" timestamp="2011-08-07T11:48:51Z" user="Shiz0" uid="261170" lat="55.8543632" lon="37.4004544"/>
 <node id="1103318221" visible="true" version="2" changeset="8946137" timestamp="2011-08-07T11:48:51Z" user="Shiz0" uid="261170" lat="55.8537738" lon="37.3998091"/>
 <node id="1103318378" visible="true" version="2" changeset="8946137" timestamp="2011-08-07T11:48:51Z" user="Shiz0" uid="261170" lat="55.8542623" lon="37.3989625"/>
 <node id="1103318549" visible="true" version="2" changeset="8946137" timestamp="2011-08-07T11:48:51Z" user="Shiz0" uid="261170" lat="55.8554730" lon="37.4041366"/>
 <node id="1103318676" visible="true" version="2" changeset="8946137" timestamp="2011-08-07T11:48:52Z" user="Shiz0" uid="261170" lat="55.8527517" lon="37.3981810"/>
 <node id="1103318814" visible="true" version="2" changeset="8946137" timestamp="2011-08-07T11:48:52Z" user="Shiz0" uid="261170" lat="55.8546131" lon="37.4015156"/>
 <node id="1103319053" visible="true" version="2" changeset="8946137" timestamp="2011-08-07T11:48:52Z" user="Shiz0" uid="261170" lat="55.8538748" lon="37.4005609"/>
 <node id="1103319161" visible="true" version="2" changeset="8946137" timestamp="2011-08-07T11:48:52Z" user="Shiz0" uid="261170" lat="55.8518661" lon="37.3976950"/>
 <node id="1103319198" visible="true" version="2" changeset="8946137" timestamp="2011-08-07T11:48:52Z" user="Shiz0" uid="261170" lat="55.8544522" lon="37.3997947"/>
 <node id="1103319600" visible="true" version="2" changeset="8946137" timestamp="2011-08-07T11:48:53Z" user="Shiz0" uid="261170" lat="55.8537072" lon="37.3998954"/>
 <node id="1103319854" visible="true" version="2" changeset="8946137" timestamp="2011-08-07T11:48:53Z" user="Shiz0" uid="261170" lat="55.8540814" lon="37.3988848"/>
 <node id="1103320040" visible="true" version="2" changeset="8946137" timestamp="2011-08-07T11:48:53Z" user="Shiz0" uid="261170" lat="55.8552973" lon="37.4037121"/>
 <node id="1103320185" visible="true" version="2" changeset="8946137" timestamp="2011-08-07T11:48:53Z" user="Shiz0" uid="261170" lat="55.8531281" lon="37.3993640"/>
 <node id="1103320379" visible="true" version="2" changeset="8946137" timestamp="2011-08-07T11:48:53Z" user="Shiz0" uid="261170" lat="55.8546105" lon="37.4012638"/>
 <node id="1103320497" visible="true" version="2" changeset="8946137" timestamp="2011-08-07T11:48:54Z" user="Shiz0" uid="261170" lat="55.8519423" lon="37.3979351"/>
 <node id="1103320564" visible="true" version="2" changeset="8946137" timestamp="2011-08-07T11:48:54Z" user="Shiz0" uid="261170" lat="55.8521164" lon="37.3960389"/>
 <node id="1103320709" visible="true" version="2" changeset="8946137" timestamp="2011-08-07T11:48:54Z" user="Shiz0" uid="261170" lat="55.8537859" lon="37.4001580"/>
 <node id="1103320969" visible="true" version="2" changeset="8946137" timestamp="2011-08-07T11:48:54Z" user="Shiz0" uid="261170" lat="55.8542333" lon="37.3995438"/>
 <node id="1103321186" visible="true" version="2" changeset="8946137" timestamp="2011-08-07T11:48:54Z" user="Shiz0" uid="261170" lat="55.8538407" lon="37.3986661"/>
 <node id="1103321374" visible="true" version="2" changeset="8946137" timestamp="2011-08-07T11:48:54Z" user="Shiz0" uid="261170" lat="55.8527178" lon="37.3979047"/>
 <node id="1103321815" visible="true" version="2" changeset="8946137" timestamp="2011-08-07T11:48:55Z" user="Shiz0" uid="261170" lat="55.8548629" lon="37.4016280"/>
 <node id="1103321935" visible="true" version="2" changeset="8946137" timestamp="2011-08-07T11:48:55Z" user="Shiz0" uid="261170" lat="55.8524221" lon="37.3959045"/>
 <node id="1103322026" visible="true" version="2" changeset="8946137" timestamp="2011-08-07T11:48:55Z" user="Shiz0" uid="261170" lat="55.8542887" lon="37.4001544"/>
 <node id="1103322283" visible="true" version="2" changeset="8946137" timestamp="2011-08-07T11:48:55Z" user="Shiz0" uid="261170" lat="55.8533174" lon="37.3997587"/>
 <node id="1103323032" visible="true" version="2" changeset="8946137" timestamp="2011-08-07T11:48:56Z" user="Shiz0" uid="261170" lat="55.8539893" lon="37.3988100"/>
 <node id="1103323170" visible="true" version="2" changeset="8946137" timestamp="2011-08-07T11:48:56Z" user="Shiz0" uid="261170" lat="55.8553478" lon="37.4033164"/>
 <node id="1103323345" visible="true" version="2" changeset="8946137" timestamp="2011-08-07T11:48:56Z" user="Shiz0" uid="261170" lat="55.8538779" lon="37.3990258"/>
 <node id="1103323581" visible="true" version="2" changeset="8946137" timestamp="2011-08-07T11:48:56Z" user="Shiz0" uid="261170" lat="55.8546105" lon="37.4006163"/>
 <node id="1103323762" visible="true" version="2" changeset="8946137" timestamp="2011-08-07T11:48:56Z" user="Shiz0" uid="261170" lat="55.8525336" lon="37.3979047"/>
 <node id="1103323855" visible="true" version="2" changeset="8946137" timestamp="2011-08-07T11:48:56Z" user="Shiz0" uid="261170" lat="55.8539515" lon="37.4000609"/>
 <node id="1103324090" visible="true" version="3" changeset="8946137" timestamp="2011-08-07T11:48:57Z" user="Shiz0" uid="261170" lat="55.8521690" lon="37.3968908"/>
 <node id="1103324221" visible="true" version="2" changeset="8946137" timestamp="2011-08-07T11:48:57Z" user="Shiz0" uid="261170" lat="55.8538730" lon="37.3993798"/>
 <node id="1103324464" visible="true" version="2" changeset="8946137" timestamp="2011-08-07T11:48:57Z" user="Shiz0" uid="261170" lat="55.8539263" lon="37.3986776"/>
 <node id="1103324764" visible="true" version="2" changeset="8946137" timestamp="2011-08-07T11:48:57Z" user="Shiz0" uid="261170" lat="55.8527668" lon="37.3985943"/>
 <node id="1103325246" visible="true" version="2" changeset="8946137" timestamp="2011-08-07T11:48:58Z" user="Shiz0" uid="261170" lat="55.8553882" lon="37.4029459"/>
 <node id="1103325520" visible="true" version="2" changeset="8946137" timestamp="2011-08-07T11:48:58Z" user="Shiz0" uid="261170" lat="55.8526643" lon="37.3959398"/>
 <node id="1103325599" visible="true" version="2" changeset="8946137" timestamp="2011-08-07T11:48:58Z" user="Shiz0" uid="261170" lat="55.8543910" lon="37.4004499"/>
 <node id="1103325887" visible="true" version="2" changeset="8946137" timestamp="2011-08-07T11:48:58Z" user="Shiz0" uid="261170" lat="55.8538869" lon="37.3996292"/>
 <node id="1191068514" visible="true" version="2" changeset="8942088" timestamp="2011-08-06T21:16:09Z" user="Shiz0" uid="261170" lat="55.8530100" lon="37.4034397"/>
 <node id="1191068522" visible="true" version="2" changeset="8942088" timestamp="2011-08-06T21:16:09Z" user="Shiz0" uid="261170" lat="55.8529370" lon="37.4036392"/>
 <node id="1191068550" visible="true" version="2" changeset="8942088" timestamp="2011-08-06T21:16:09Z" user="Shiz0" uid="261170" lat="55.8529892" lon="37.4036997"/>
 <node id="1191068555" visible="true" version="2" changeset="8942088" timestamp="2011-08-06T21:16:09Z" user="Shiz0" uid="261170" lat="55.8530621" lon="37.4035002"/>
 <node id="1230450660" visible="true" version="3" changeset="8945379" timestamp="2011-08-07T10:20:04Z" user="Shiz0" uid="261170" lat="55.8524327" lon="37.4034016"/>
 <node id="1230450909" visible="true" version="3" changeset="8946137" timestamp="2011-08-07T11:48:58Z" user="Shiz0" uid="261170" lat="55.8524294" lon="37.4024693"/>
 <node id="1230451547" visible="true" version="2" changeset="8946137" timestamp="2011-08-07T11:48:58Z" user="Shiz0" uid="261170" lat="55.8519650" lon="37.3968209"/>
 <node id="1230451795" visible="true" version="2" changeset="8942088" timestamp="2011-08-06T21:16:09Z" user="Shiz0" uid="261170" lat="55.8516822" lon="37.4013400"/>
 <node id="1230451920" visible="true" version="2" changeset="8942088" timestamp="2011-08-06T21:16:09Z" user="Shiz0" uid="261170" lat="55.8512513" lon="37.4013030"/>
 <node id="1334732472" visible="true" version="2" changeset="113615662" timestamp="2021-11-10T16:20:34Z" user="Grass-snake" uid="11321493" lat="55.8514566" lon="37.3986270"/>
 <node id="1334732567" visible="true" version="2" changeset="113615662" timestamp="2021-11-10T16:20:34Z" user="Grass-snake" uid="11321493" lat="55.8524362" lon="37.3995501"/>
 <node id="1388945582" visible="true" version="2" changeset="8945379" timestamp="2011-08-07T10:20:04Z" user="Shiz0" uid="261170" lat="55.8525548" lon="37.4032993"/>
 <node id="1388945584" visible="true" version="2" changeset="8946137" timestamp="2011-08-07T11:48:59Z" user="Shiz0" uid="261170" lat="55.8530823" lon="37.4037983"/>
 <node id="1388945585" visible="true" version="2" changeset="8946137" timestamp="2011-08-07T11:48:59Z" user="Shiz0" uid="261170" lat="55.8533786" lon="37.4041529"/>
 <node id="1388945586" visible="true" version="1" changeset="8942088" timestamp="2011-08-06T21:15:44Z" user="Shiz0" uid="261170" lat="55.8534289" lon="37.4028834"/>
 <node id="1388945587" visible="true" version="1" changeset="8942088" timestamp="2011-08-06T21:15:44Z" user="Shiz0" uid="261170" lat="55.8534592" lon="37.4028575"/>
 <node id="1388945588" visible="true" version="1" changeset="8942088" timestamp="2011-08-06T21:15:44Z" user="Shiz0" uid="261170" lat="55.8535013" lon="37.4028529"/>
 <node id="1388945589" visible="true" version="1" changeset="8942088" timestamp="2011-08-06T21:15:44Z" user="Shiz0" uid="261170" lat="55.8535816" lon="37.4029514"/>
 <node id="1388945590" visible="true" version="1" changeset="8942088" timestamp="2011-08-06T21:15:44Z" user="Shiz0" uid="261170" lat="55.8537607" lon="37.4031836"/>
 <node id="1388945591" visible="true" version="1" changeset="8942088" timestamp="2011-08-06T21:15:44Z" user="Shiz0" uid="261170" lat="55.8537831" lon="37.4033032"/>
 <node id="1388945592" visible="true" version="1" changeset="8942088" timestamp="2011-08-06T21:15:44Z" user="Shiz0" uid="261170" lat="55.8539950" lon="37.4048866"/>
 <node id="1388945593" visible="true" version="1" changeset="8942088" timestamp="2011-08-06T21:15:44Z" user="Shiz0" uid="261170" lat="55.8540253" lon="37.4036293"/>
 <node id="1388945594" visible="true" version="2" changeset="8945379" timestamp="2011-08-07T10:20:04Z" user="Shiz0" uid="261170" lat="55.8541341" lon="37.4057186"/>
 <node id="1388945595" visible="true" version="1" changeset="8942088" timestamp="2011-08-06T21:15:44Z" user="Shiz0" uid="261170" lat="55.8541820" lon="37.4055926"/>
 <node id="1388945596" visible="true" version="1" changeset="8942088" timestamp="2011-08-06T21:15:45Z" user="Shiz0" uid="261170" lat="55.8542544" lon="37.4053979"/>
 <node id="1388945597" visible="true" version="1" changeset="8942088" timestamp="2011-08-06T21:15:45Z" user="Shiz0" uid="261170" lat="55.8543005" lon="37.4052642"/>
 <node id="1388945598" visible="true" version="1" changeset="8942088" timestamp="2011-08-06T21:15:45Z" user="Shiz0" uid="261170" lat="55.8546494" lon="37.4043189"/>
 <node id="1388945599" visible="true" version="1" changeset="8942088" timestamp="2011-08-06T21:15:45Z" user="Shiz0" uid="261170" lat="55.8547205" lon="37.4044620"/>
 <node id="1389311392" visible="true" version="1" changeset="8945379" timestamp="2011-08-07T10:19:35Z" user="Shiz0" uid="261170" lat="55.8514734" lon="37.4044488"/>
 <node id="1389311394" visible="true" version="1" changeset="8945379" timestamp="2011-08-07T10:19:35Z" user="Shiz0" uid="261170" lat="55.8515341" lon="37.4043713"/>
 <node id="1389311409" visible="true" version="2" changeset="8946811" timestamp="2011-08-07T12:56:13Z" user="Shiz0" uid="261170" lat="55.8515460" lon="37.4041670"/>
 <node id="1389311415" visible="true" version="1" changeset="8945379" timestamp="2011-08-07T10:19:35Z" user="Shiz0" uid="261170" lat="55.8515574" lon="37.4047646"/>
 <node id="1389311424" visible="true" version="1" changeset="8945379" timestamp="2011-08-07T10:19:35Z" user="Shiz0" uid="261170" lat="55.8515706" lon="37.4047736"/>
 <node id="1389311450" visible="true" version="2" changeset="8946811" timestamp="2011-08-07T12:56:13Z" user="Shiz0" uid="261170" lat="55.8515871" lon="37.4035701"/>
 <node id="1389311489" visible="true" version="2" changeset="8946137" timestamp="2011-08-07T11:48:59Z" user="Shiz0" uid="261170" lat="55.8516416" lon="37.4030490"/>
 <node id="1389311500" visible="true" version="1" changeset="8945379" timestamp="2011-08-07T10:19:36Z" user="Shiz0" uid="261170" lat="55.8516526" lon="37.4047159"/>
 <node id="1389311511" visible="true" version="2" changeset="8946137" timestamp="2011-08-07T11:48:59Z" user="Shiz0" uid="261170" lat="55.8516710" lon="37.4029968"/>
 <node id="1389311520" visible="true" version="1" changeset="8945379" timestamp="2011-08-07T10:19:36Z" user="Shiz0" uid="261170" lat="55.8516698" lon="37.4047122"/>
 <node id="1389311537" visible="true" version="1" changeset="8945379" timestamp="2011-08-07T10:19:37Z" user="Shiz0" uid="261170" lat="55.8516931" lon="37.4047303"/>
 <node id="1389311660" visible="true" version="1" changeset="8945379" timestamp="2011-08-07T10:19:38Z" user="Shiz0" uid="261170" lat="55.8519517" lon="37.4038965"/>
 <node id="1389311671" visible="true" version="1" changeset="8945379" timestamp="2011-08-07T10:19:39Z" user="Shiz0" uid="261170" lat="55.8520476" lon="37.4052355"/>
 <node id="1389311682" visible="true" version="1" changeset="8945379" timestamp="2011-08-07T10:19:39Z" user="Shiz0" uid="261170" lat="55.8520856" lon="37.4044007"/>
 <node id="1389311684" visible="true" version="1" changeset="8945379" timestamp="2011-08-07T10:19:39Z" user="Shiz0" uid="261170" lat="55.8521063" lon="37.4052697"/>
 <node id="1389311709" visible="true" version="2" changeset="120349284" timestamp="2022-04-29T13:38:50Z" user="somix" uid="12176526" lat="55.8521500" lon="37.4035387"/>
 <node id="1389311714" visible="true" version="2" changeset="120349284" timestamp="2022-04-29T13:38:50Z" user="somix" uid="12176526" lat="55.8521671" lon="37.4035410"/>
 <node id="1389311716" visible="true" version="1" changeset="8945379" timestamp="2011-08-07T10:19:39Z" user="Shiz0" uid="261170" lat="55.8521691" lon="37.4052679"/>
 <node id="1389311718" visible="true" version="2" changeset="120349284" timestamp="2022-04-29T13:38:50Z" user="somix" uid="12176526" lat="55.8521749" lon="37.4029562"/>
 <node id="1389311723" visible="true" version="3" changeset="120349284" timestamp="2022-04-29T13:38:50Z" user="somix" uid="12176526" lat="55.8521851" lon="37.4027189"/>
 <node id="1389311725" visible="true" version="3" changeset="120349284" timestamp="2022-04-29T13:38:50Z" user="somix" uid="12176526" lat="55.8521864" lon="37.4026877"/>
 <node id="1389311734" visible="true" version="4" changeset="120349284" timestamp="2022-04-29T13:38:50Z" user="somix" uid="12176526" lat="55.8521960" lon="37.4024616"/>
 <node id="1389311739" visible="true" version="1" changeset="8945379" timestamp="2011-08-07T10:19:40Z" user="Shiz0" uid="261170" lat="55.8522052" lon="37.4036828"/>
 <node id="1389311748" visible="true" version="1" changeset="8945379" timestamp="2011-08-07T10:19:40Z" user="Shiz0" uid="261170" lat="55.8522431" lon="37.4052625"/>
 <node id="1389311750" visible="true" version="2" changeset="120349284" timestamp="2022-04-29T13:38:50Z" user="somix" uid="12176526" lat="55.8522221" lon="37.4018509"/>
 <node id="1389311759" visible="true" version="2" changeset="120349284" timestamp="2022-04-29T13:38:50Z" user="somix" uid="12176526" lat="55.8522929" lon="37.4027022"/>
 <node id="1389311761" visible="true" version="2" changeset="120349284" timestamp="2022-04-29T13:38:50Z" user="somix" uid="12176526" lat="55.8523153" lon="37.4021772"/>
 <node id="1389311773" visible="true" version="2" changeset="120349284" timestamp="2022-04-29T13:38:50Z" user="somix" uid="12176526" lat="55.8523225" lon="37.4020521"/>
 <node id="1389311775" visible="true" version="1" changeset="8945379" timestamp="2011-08-07T10:19:40Z" user="Shiz0" uid="261170" lat="55.8523391" lon="37.4041870"/>
 <node id="1389311778" visible="true" version="2" changeset="120349284" timestamp="2022-04-29T13:38:50Z" user="somix" uid="12176526" lat="55.8523305" lon="37.4018656"/>
 <node id="1389311780" visible="true" version="2" changeset="120349284" timestamp="2022-04-29T13:38:50Z" user="somix" uid="12176526" lat="55.8523400" lon="37.4021806"/>
 <node id="1389311783" visible="true" version="2" changeset="120349284" timestamp="2022-04-29T13:38:50Z" user="somix" uid="12176526" lat="55.8523454" lon="37.4020552"/>
 <node id="1389311785" visible="true" version="1" changeset="8945379" timestamp="2011-08-07T10:19:40Z" user="Shiz0" uid="261170" lat="55.8523667" lon="37.4043529"/>
 <node id="1389311787" visible="true" version="2" changeset="120349284" timestamp="2022-04-29T13:38:50Z" user="somix" uid="12176526" lat="55.8523715" lon="37.4035687"/>
 <node id="1389311789" visible="true" version="1" changeset="8945379" timestamp="2011-08-07T10:19:40Z" user="Shiz0" uid="261170" lat="55.8523765" lon="37.4043270"/>
 <node id="1389311791" visible="true" version="2" changeset="120349284" timestamp="2022-04-29T13:38:50Z" user="somix" uid="12176526" lat="55.8523960" lon="37.4029952"/>
 <node id="1389311793" visible="true" version="2" changeset="120349284" timestamp="2022-04-29T13:38:50Z" user="somix" uid="12176526" lat="55.8524078" lon="37.4027177"/>
 <node id="1389311795" visible="true" version="1" changeset="8945379" timestamp="2011-08-07T10:19:40Z" user="Shiz0" uid="261170" lat="55.8524223" lon="37.4034674"/>
 <node id="1389311810" visible="true" version="1" changeset="8945379" timestamp="2011-08-07T10:19:41Z" user="Shiz0" uid="261170" lat="55.8524320" lon="37.4030008"/>
 <node id="1389311814" visible="true" version="1" changeset="8945379" timestamp="2011-08-07T10:19:41Z" user="Shiz0" uid="261170" lat="55.8524345" lon="37.4014503"/>
 <node id="1389311820" visible="true" version="1" changeset="8945379" timestamp="2011-08-07T10:19:41Z" user="Shiz0" uid="261170" lat="55.8524455" lon="37.4027244"/>
 <node id="1389311825" visible="true" version="1" changeset="8945379" timestamp="2011-08-07T10:19:41Z" user="Shiz0" uid="261170" lat="55.8524709" lon="37.4015008"/>
 <node id="1389311827" visible="true" version="1" changeset="8945379" timestamp="2011-08-07T10:19:41Z" user="Shiz0" uid="261170" lat="55.8524861" lon="37.4037596"/>
 <node id="1389311828" visible="true" version="1" changeset="8945379" timestamp="2011-08-07T10:19:41Z" user="Shiz0" uid="261170" lat="55.8524861" lon="37.4040366"/>
 <node id="1389311831" visible="true" version="1" changeset="8945379" timestamp="2011-08-07T10:19:41Z" user="Shiz0" uid="261170" lat="55.8525321" lon="37.4031905"/>
 <node id="1389311849" visible="true" version="1" changeset="8945379" timestamp="2011-08-07T10:19:41Z" user="Shiz0" uid="261170" lat="55.8525599" lon="37.4025547"/>
 <node id="1389311856" visible="true" version="1" changeset="8945379" timestamp="2011-08-07T10:19:41Z" user="Shiz0" uid="261170" lat="55.8526401" lon="37.4033050"/>
 <node id="1389311857" visible="true" version="1" changeset="8945379" timestamp="2011-08-07T10:19:41Z" user="Shiz0" uid="261170" lat="55.8526445" lon="37.4046857"/>
 <node id="1389311860" visible="true" version="1" changeset="8945379" timestamp="2011-08-07T10:19:41Z" user="Shiz0" uid="261170" lat="55.8526828" lon="37.4032205"/>
 <node id="1389311862" visible="true" version="1" changeset="8945379" timestamp="2011-08-07T10:19:41Z" user="Shiz0" uid="261170" lat="55.8526958" lon="37.4024931"/>
 <node id="1389311863" visible="true" version="1" changeset="8945379" timestamp="2011-08-07T10:19:41Z" user="Shiz0" uid="261170" lat="55.8527154" lon="37.4025697"/>
 <node id="1389311865" visible="true" version="1" changeset="8945379" timestamp="2011-08-07T10:19:41Z" user="Shiz0" uid="261170" lat="55.8527246" lon="37.4047817"/>
 <node id="1389311866" visible="true" version="2" changeset="113615662" timestamp="2021-11-10T16:20:34Z" user="Grass-snake" uid="11321493" lat="55.8527572" lon="37.4020120"/>
 <node id="1389311881" visible="true" version="1" changeset="8945379" timestamp="2011-08-07T10:19:42Z" user="Shiz0" uid="261170" lat="55.8527525" lon="37.4025346"/>
 <node id="1389311886" visible="true" version="1" changeset="8945379" timestamp="2011-08-07T10:19:42Z" user="Shiz0" uid="261170" lat="55.8527677" lon="37.4032454"/>
 <node id="1389311887" visible="true" version="1" changeset="8945379" timestamp="2011-08-07T10:19:42Z" user="Shiz0" uid="261170" lat="55.8527693" lon="37.4048352"/>
 <node id="1389311890" visible="true" version="1" changeset="8945379" timestamp="2011-08-07T10:19:42Z" user="Shiz0" uid="261170" lat="55.8527962" lon="37.4030423"/>
 <node id="1389311896" visible="true" version="1" changeset="8945379" timestamp="2011-08-07T10:19:42Z" user="Shiz0" uid="261170" lat="55.8528058" lon="37.4027759"/>
 <node id="1389311901" visible="true" version="2" changeset="113615662" timestamp="2021-11-10T16:20:34Z" user="Grass-snake" uid="11321493" lat="55.8528365" lon="37.4018200"/>
 <node id="1389311905" visible="true" version="1" changeset="8945379" timestamp="2011-08-07T10:19:42Z" user="Shiz0" uid="261170" lat="55.8528223" lon="37.4031498"/>
 <node id="1389311906" visible="true" version="1" changeset="8945379" timestamp="2011-08-07T10:19:42Z" user="Shiz0" uid="261170" lat="55.8528267" lon="37.4046832"/>
 <node id="1389311908" visible="true" version="1" changeset="8945379" timestamp="2011-08-07T10:19:42Z" user="Shiz0" uid="261170" lat="55.8528487" lon="37.4027583"/>
 <node id="1389311912" visible="true" version="1" changeset="8945379" timestamp="2011-08-07T10:19:42Z" user="Shiz0" uid="261170" lat="55.8528887" lon="37.4045189"/>
 <node id="1389311915" visible="true" version="2" changeset="113615662" timestamp="2021-11-10T16:20:34Z" user="Grass-snake" uid="11321493" lat="55.8529768" lon="37.4022998"/>
 <node id="1389311920" visible="true" version="2" changeset="113615662" timestamp="2021-11-10T16:20:34Z" user="Grass-snake" uid="11321493" lat="55.8530561" lon="37.4021077"/>
 <node id="1389413470" visible="true" version="1" changeset="8946137" timestamp="2011-08-07T11:47:36Z" user="Shiz0" uid="261170" lat="55.8515102" lon="37.4045871"/>
 <node id="1389413473" visible="true" version="1" changeset="8946137" timestamp="2011-08-07T11:47:37Z" user="Shiz0" uid="261170" lat="55.8515412" lon="37.4006170"/>
 <node id="1389413478" visible="true" version="1" changeset="8946137" timestamp="2011-08-07T11:47:37Z" user="Shiz0" uid="261170" lat="55.8516298" lon="37.4030888"/>
 <node id="1389413482" visible="true" version="2" changeset="113615662" timestamp="2021-11-10T16:20:34Z" user="Grass-snake" uid="11321493" lat="55.8517005" lon="37.4029680"/>
 <node id="1389413483" visible="true" version="2" changeset="113615662" timestamp="2021-11-10T16:20:34Z" user="Grass-snake" uid="11321493" lat="55.8517045" lon="37.4006915"/>
 <node id="1389413487" visible="true" version="2" changeset="113615662" timestamp="2021-11-10T16:20:34Z" user="Grass-snake" uid="11321493" lat="55.8517830" lon="37.4016508"/>
 <node id="1389413488" visible="true" version="2" changeset="113615662" timestamp="2021-11-10T16:20:34Z" user="Grass-snake" uid="11321493" lat="55.8518500" lon="37.3988765"/>
 <node id="1389413501" visible="true" version="2" changeset="113615662" timestamp="2021-11-10T16:20:34Z" user="Grass-snake" uid="11321493" lat="55.8521946" lon="37.4006960"/>
 <node id="1389413503" visible="true" version="2" changeset="113615662" timestamp="2021-11-10T16:20:34Z" user="Grass-snake" uid="11321493" lat="55.8520381" lon="37.3990228"/>
 <node id="1389413526" visible="true" version="2" changeset="113615662" timestamp="2021-11-10T16:20:34Z" user="Grass-snake" uid="11321493" lat="55.8522732" lon="37.3992700"/>
 <node id="1389413533" visible="true" version="1" changeset="8946137" timestamp="2011-08-07T11:47:39Z" user="Shiz0" uid="261170" lat="55.8523949" lon="37.4021328"/>
 <node id="1389413534" visible="true" version="2" changeset="113615662" timestamp="2021-11-10T16:20:34Z" user="Grass-snake" uid="11321493" lat="55.8524053" lon="37.4007185"/>
 <node id="1389413535" visible="true" version="1" changeset="8946137" timestamp="2011-08-07T11:47:39Z" user="Shiz0" uid="261170" lat="55.8524206" lon="37.4026858"/>
 <node id="1389413536" visible="true" version="1" changeset="8946137" timestamp="2011-08-07T11:47:39Z" user="Shiz0" uid="261170" lat="55.8524452" lon="37.4021392"/>
 <node id="1389413537" visible="true" version="1" changeset="8946137" timestamp="2011-08-07T11:47:39Z" user="Shiz0" uid="261170" lat="55.8524467" lon="37.4033586"/>
 <node id="1389413538" visible="true" version="2" changeset="113615662" timestamp="2021-11-10T16:20:34Z" user="Grass-snake" uid="11321493" lat="55.8524861" lon="37.4007739"/>
 <node id="1389413541" visible="true" version="1" changeset="8946137" timestamp="2011-08-07T11:47:39Z" user="Shiz0" uid="261170" lat="55.8525089" lon="37.4033007"/>
 <node id="1389413542" visible="true" version="1" changeset="8946137" timestamp="2011-08-07T11:47:39Z" user="Shiz0" uid="261170" lat="55.8525315" lon="37.3984944"/>
 <node id="1389413544" visible="true" version="1" changeset="8946137" timestamp="2011-08-07T11:47:39Z" user="Shiz0" uid="261170" lat="55.8525959" lon="37.4011613"/>
 <node id="1389413546" visible="true" version="1" changeset="8946137" timestamp="2011-08-07T11:47:39Z" user="Shiz0" uid="261170" lat="55.8526568" lon="37.4012829"/>
 <node id="1389413547" visible="true" version="1" changeset="8946137" timestamp="2011-08-07T11:47:40Z" user="Shiz0" uid="261170" lat="55.8526648" lon="37.4035464"/>
 <node id="1389413548" visible="true" version="1" changeset="8946137" timestamp="2011-08-07T11:47:40Z" user="Shiz0" uid="261170" lat="55.8526685" lon="37.4035169"/>
 <node id="1389413549" visible="true" version="1" changeset="8946137" timestamp="2011-08-07T11:47:40Z" user="Shiz0" uid="261170" lat="55.8526686" lon="37.4035847"/>
 <node id="1389413550" visible="true" version="1" changeset="8946137" timestamp="2011-08-07T11:47:40Z" user="Shiz0" uid="261170" lat="55.8526729" lon="37.4035017"/>
 <node id="1389413551" visible="true" version="1" changeset="8946137" timestamp="2011-08-07T11:47:40Z" user="Shiz0" uid="261170" lat="55.8526822" lon="37.4036181"/>
 <node id="1389413552" visible="true" version="1" changeset="8946137" timestamp="2011-08-07T11:47:40Z" user="Shiz0" uid="261170" lat="55.8526893" lon="37.4034738"/>
 <node id="1389413553" visible="true" version="1" changeset="8946137" timestamp="2011-08-07T11:47:40Z" user="Shiz0" uid="261170" lat="55.8527022" lon="37.4036367"/>
 <node id="1389413554" visible="true" version="1" changeset="8946137" timestamp="2011-08-07T11:47:40Z" user="Shiz0" uid="261170" lat="55.8527111" lon="37.4034616"/>
 <node id="1389413555" visible="true" version="1" changeset="8946137" timestamp="2011-08-07T11:47:40Z" user="Shiz0" uid="261170" lat="55.8527115" lon="37.3986330"/>
 <node id="1389413556" visible="true" version="1" changeset="8946137" timestamp="2011-08-07T11:47:40Z" user="Shiz0" uid="261170" lat="55.8527139" lon="37.4036396"/>
 <node id="1389413557" visible="true" version="1" changeset="8946137" timestamp="2011-08-07T11:47:40Z" user="Shiz0" uid="261170" lat="55.8527200" lon="37.4032960"/>
 <node id="1389413558" visible="true" version="1" changeset="8946137" timestamp="2011-08-07T11:47:40Z" user="Shiz0" uid="261170" lat="55.8527255" lon="37.4034634"/>
 <node id="1389413559" visible="true" version="1" changeset="8946137" timestamp="2011-08-07T11:47:40Z" user="Shiz0" uid="261170" lat="55.8527256" lon="37.4036375"/>
 <node id="1389413560" visible="true" version="1" changeset="8946137" timestamp="2011-08-07T11:47:40Z" user="Shiz0" uid="261170" lat="55.8527267" lon="37.4025070"/>
 <node id="1389413561" visible="true" version="2" changeset="113615662" timestamp="2021-11-10T16:20:34Z" user="Grass-snake" uid="11321493" lat="55.8527513" lon="37.4014158"/>
 <node id="1389413562" visible="true" version="1" changeset="8946137" timestamp="2011-08-07T11:47:40Z" user="Shiz0" uid="261170" lat="55.8527369" lon="37.4034705"/>
 <node id="1389413563" visible="true" version="1" changeset="8946137" timestamp="2011-08-07T11:47:40Z" user="Shiz0" uid="261170" lat="55.8527378" lon="37.4032814"/>
 <node id="1389413564" visible="true" version="1" changeset="8946137" timestamp="2011-08-07T11:47:40Z" user="Shiz0" uid="261170" lat="55.8527461" lon="37.4036200"/>
 <node id="1389413565" visible="true" version="1" changeset="8946137" timestamp="2011-08-07T11:47:40Z" user="Shiz0" uid="261170" lat="55.8527479" lon="37.4034836"/>
 <node id="1389413567" visible="true" version="1" changeset="8946137" timestamp="2011-08-07T11:47:40Z" user="Shiz0" uid="261170" lat="55.8527537" lon="37.4036064"/>
 <node id="1389413568" visible="true" version="1" changeset="8946137" timestamp="2011-08-07T11:47:40Z" user="Shiz0" uid="261170" lat="55.8527580" lon="37.4035054"/>
 <node id="1389413570" visible="true" version="1" changeset="8946137" timestamp="2011-08-07T11:47:41Z" user="Shiz0" uid="261170" lat="55.8527622" lon="37.4035792"/>
 <node id="1389413571" visible="true" version="1" changeset="8946137" timestamp="2011-08-07T11:47:41Z" user="Shiz0" uid="261170" lat="55.8527646" lon="37.4035417"/>
 <node id="1389413574" visible="true" version="2" changeset="113615662" timestamp="2021-11-10T16:20:34Z" user="Grass-snake" uid="11321493" lat="55.8528492" lon="37.4012274"/>
 <node id="1389413575" visible="true" version="1" changeset="8946137" timestamp="2011-08-07T11:47:41Z" user="Shiz0" uid="261170" lat="55.8528390" lon="37.4027169"/>
 <node id="1389413578" visible="true" version="1" changeset="8946137" timestamp="2011-08-07T11:47:41Z" user="Shiz0" uid="261170" lat="55.8528686" lon="37.3989435"/>
 <node id="1389413579" visible="true" version="3" changeset="113615662" timestamp="2021-11-10T16:20:34Z" user="Grass-snake" uid="11321493" lat="55.8528670" lon="37.4043520"/>
 <node id="1389413580" visible="true" version="1" changeset="8946137" timestamp="2011-08-07T11:47:41Z" user="Shiz0" uid="261170" lat="55.8529057" lon="37.4029664"/>
 <node id="1389413582" visible="true" version="2" changeset="113615662" timestamp="2021-11-10T16:20:34Z" user="Grass-snake" uid="11321493" lat="55.8530069" lon="37.4017907"/>
 <node id="1389413583" visible="true" version="1" changeset="8946137" timestamp="2011-08-07T11:47:41Z" user="Shiz0" uid="261170" lat="55.8530227" lon="37.3994183"/>
 <node id="1389413584" visible="true" version="1" changeset="8946137" timestamp="2011-08-07T11:47:41Z" user="Shiz0" uid="261170" lat="55.8530293" lon="37.4039421"/>
 <node id="1389413586" visible="true" version="1" changeset="8946137" timestamp="2011-08-07T11:47:41Z" user="Shiz0" uid="261170" lat="55.8530437" lon="37.4039597"/>
 <node id="1389413588" visible="true" version="1" changeset="8946137" timestamp="2011-08-07T11:47:41Z" user="Shiz0" uid="261170" lat="55.8530543" lon="37.4006413"/>
 <node id="1389413590" visible="true" version="2" changeset="113615662" timestamp="2021-11-10T16:20:34Z" user="Grass-snake" uid="11321493" lat="55.8531013" lon="37.4015941"/>
 <node id="1389413591" visible="true" version="1" changeset="8946137" timestamp="2011-08-07T11:47:41Z" user="Shiz0" uid="261170" lat="55.8531052" lon="37.4032040"/>
 <node id="1389413594" visible="true" version="1" changeset="8946137" timestamp="2011-08-07T11:47:41Z" user="Shiz0" uid="261170" lat="55.8531756" lon="37.4020220"/>
 <node id="1389413595" visible="true" version="1" changeset="8946137" timestamp="2011-08-07T11:47:41Z" user="Shiz0" uid="261170" lat="55.8531957" lon="37.4041397"/>
 <node id="1389413596" visible="true" version="3" changeset="113615662" timestamp="2021-11-10T16:20:34Z" user="Grass-snake" uid="11321493" lat="55.8532174" lon="37.4047717"/>
 <node id="1389413597" visible="true" version="1" changeset="8946137" timestamp="2011-08-07T11:47:41Z" user="Shiz0" uid="261170" lat="55.8532292" lon="37.4033518"/>
 <node id="1389413601" visible="true" version="1" changeset="8946137" timestamp="2011-08-07T11:47:42Z" user="Shiz0" uid="261170" lat="55.8532510" lon="37.4039971"/>
 <node id="1389413603" visible="true" version="1" changeset="8946137" timestamp="2011-08-07T11:47:42Z" user="Shiz0" uid="261170" lat="55.8532579" lon="37.4033348"/>
 <node id="1389413605" visible="true" version="1" changeset="8946137" timestamp="2011-08-07T11:47:42Z" user="Shiz0" uid="261170" lat="55.8533261" lon="37.4042942"/>
 <node id="1389413606" visible="true" version="1" changeset="8946137" timestamp="2011-08-07T11:47:42Z" user="Shiz0" uid="261170" lat="55.8533279" lon="37.4032826"/>
 <node id="1389413607" visible="true" version="2" changeset="182074392" timestamp="2026-05-01T13:25:39Z" user="literan" uid="830106" lat="55.8533057" lon="37.4010468"/>
 <node id="1389413608" visible="true" version="1" changeset="8946137" timestamp="2011-08-07T11:47:42Z" user="Shiz0" uid="261170" lat="55.8534035" lon="37.4031984"/>
 <node id="1389413609" visible="true" version="3" changeset="113615662" timestamp="2021-11-10T16:20:34Z" user="Grass-snake" uid="11321493" lat="55.8534213" lon="37.4050161">
  <tag k="highway" v="crossing"/>
 </node>
 <node id="1389413611" visible="true" version="2" changeset="30716405" timestamp="2015-05-02T09:49:40Z" user="nikitagis" uid="233750" lat="55.8535087" lon="37.4023229"/>
 <node id="1389413612" visible="true" version="1" changeset="8946137" timestamp="2011-08-07T11:47:42Z" user="Shiz0" uid="261170" lat="55.8534697" lon="37.4031254"/>
 <node id="1389413614" visible="true" version="1" changeset="8946137" timestamp="2011-08-07T11:47:42Z" user="Shiz0" uid="261170" lat="55.8535054" lon="37.4031030"/>
 <node id="1389413619" visible="true" version="1" changeset="8946137" timestamp="2011-08-07T11:47:42Z" user="Shiz0" uid="261170" lat="55.8535495" lon="37.4030992"/>
 <node id="1389413620" visible="true" version="1" changeset="8946137" timestamp="2011-08-07T11:47:43Z" user="Shiz0" uid="261170" lat="55.8535504" lon="37.4045672"/>
 <node id="1389413626" visible="true" version="1" changeset="8946137" timestamp="2011-08-07T11:47:43Z" user="Shiz0" uid="261170" lat="55.8535684" lon="37.4031516"/>
 <node id="1389413634" visible="true" version="1" changeset="8946137" timestamp="2011-08-07T11:47:43Z" user="Shiz0" uid="261170" lat="55.8535913" lon="37.4030930"/>
 <node id="1389413640" visible="true" version="1" changeset="8946137" timestamp="2011-08-07T11:47:43Z" user="Shiz0" uid="261170" lat="55.8536221" lon="37.4044427"/>
 <node id="1389413641" visible="true" version="1" changeset="8946137" timestamp="2011-08-07T11:47:43Z" user="Shiz0" uid="261170" lat="55.8536248" lon="37.4030075"/>
 <node id="1389413642" visible="true" version="4" changeset="182074392" timestamp="2026-05-01T13:25:39Z" user="literan" uid="830106" lat="55.8536794" lon="37.4015326"/>
 <node id="1389413646" visible="true" version="3" changeset="113615662" timestamp="2021-11-10T16:20:34Z" user="Grass-snake" uid="11321493" lat="55.8537333" lon="37.4017465">
  <tag k="access" v="permissive"/>
  <tag k="barrier" v="gate"/>
 </node>
 <node id="1389413650" visible="true" version="3" changeset="113615662" timestamp="2021-11-10T16:20:34Z" user="Grass-snake" uid="11321493" lat="55.8537803" lon="37.4016348"/>
 <node id="1389413665" visible="true" version="3" changeset="182074392" timestamp="2026-05-01T13:25:39Z" user="literan" uid="830106" lat="55.8538700" lon="37.4015683"/>
 <node id="1389413668" visible="true" version="3" changeset="113615662" timestamp="2021-11-10T16:20:34Z" user="Grass-snake" uid="11321493" lat="55.8538448" lon="37.4023318"/>
 <node id="1389413669" visible="true" version="3" changeset="113615662" timestamp="2021-11-10T16:20:34Z" user="Grass-snake" uid="11321493" lat="55.8538491" lon="37.4024293"/>
 <node id="1389413670" visible="true" version="3" changeset="113615662" timestamp="2021-11-10T16:20:34Z" user="Grass-snake" uid="11321493" lat="55.8538649" lon="37.4022009"/>
 <node id="1389413671" visible="true" version="2" changeset="30716145" timestamp="2015-05-02T09:36:52Z" user="nikitagis" uid="233750" lat="55.8538500" lon="37.4028145"/>
 <node id="1389413672" visible="true" version="3" changeset="113615662" timestamp="2021-11-10T16:20:34Z" user="Grass-snake" uid="11321493" lat="55.8538721" lon="37.4025063"/>
 <node id="1389413673" visible="true" version="3" changeset="113615662" timestamp="2021-11-10T16:20:34Z" user="Grass-snake" uid="11321493" lat="55.8538909" lon="37.4020905"/>
 <node id="1389413675" visible="true" version="3" changeset="113615662" timestamp="2021-11-10T16:20:34Z" user="Grass-snake" uid="11321493" lat="55.8538981" lon="37.4025551"/>
 <node id="1389413676" visible="true" version="3" changeset="113615662" timestamp="2021-11-10T16:20:34Z" user="Grass-snake" uid="11321493" lat="55.8539370" lon="37.4025782"/>
 <node id="1389413677" visible="true" version="3" changeset="113615662" timestamp="2021-11-10T16:20:34Z" user="Grass-snake" uid="11321493" lat="55.8539398" lon="37.4019673"/>
 <node id="1389413680" visible="true" version="2" changeset="30716405" timestamp="2015-05-02T09:49:40Z" user="nikitagis" uid="233750" lat="55.8539875" lon="37.4015724"/>
 <node id="1389413681" visible="true" version="3" changeset="113615662" timestamp="2021-11-10T16:20:34Z" user="Grass-snake" uid="11321493" lat="55.8539787" lon="37.4019211"/>
 <node id="1389413682" visible="true" version="3" changeset="113615662" timestamp="2021-11-10T16:20:34Z" user="Grass-snake" uid="11321493" lat="55.8539802" lon="37.4025705"/>
 <node id="1389413684" visible="true" version="3" changeset="113615662" timestamp="2021-11-10T16:20:34Z" user="Grass-snake" uid="11321493" lat="55.8540147" lon="37.4025499"/>
 <node id="1389413688" visible="true" version="3" changeset="113615662" timestamp="2021-11-10T16:20:34Z" user="Grass-snake" uid="11321493" lat="55.8540378" lon="37.4019057"/>
 <node id="1389413690" visible="true" version="3" changeset="113615662" timestamp="2021-11-10T16:20:34Z" user="Grass-snake" uid="11321493" lat="55.8540565" lon="37.4025037"/>
 <node id="1389413691" visible="true" version="2" changeset="30716145" timestamp="2015-05-02T09:36:52Z" user="nikitagis" uid="233750" lat="55.8540548" lon="37.4030586"/>
 <node id="1389413692" visible="true" version="3" changeset="113615662" timestamp="2021-11-10T16:20:34Z" user="Grass-snake" uid="11321493" lat="55.8540925" lon="37.4019109"/>
 <node id="1389413693" visible="true" version="3" changeset="113615662" timestamp="2021-11-10T16:20:34Z" user="Grass-snake" uid="11321493" lat="55.8540940" lon="37.4024575"/>
 <node id="1389413695" visible="true" version="3" changeset="113615662" timestamp="2021-11-10T16:20:34Z" user="Grass-snake" uid="11321493" lat="55.8540976" lon="37.4016119"/>
 <node id="1389413696" visible="true" version="3" changeset="113615662" timestamp="2021-11-10T16:20:34Z" user="Grass-snake" uid="11321493" lat="55.8541314" lon="37.4023831"/>
 <node id="1389413697" visible="true" version="3" changeset="113615662" timestamp="2021-11-10T16:20:34Z" user="Grass-snake" uid="11321493" lat="55.8541386" lon="37.4019263"/>
 <node id="1389413698" visible="true" version="2" changeset="30716405" timestamp="2015-05-02T09:49:40Z" user="nikitagis" uid="233750" lat="55.8541456" lon="37.4015777"/>
 <node id="1389413701" visible="true" version="3" changeset="113615662" timestamp="2021-11-10T16:20:34Z" user="Grass-snake" uid="11321493" lat="55.8541761" lon="37.4019571"/>
 <node id="1389413702" visible="true" version="3" changeset="113615662" timestamp="2021-11-10T16:20:34Z" user="Grass-snake" uid="11321493" lat="55.8541775" lon="37.4021932"/>
 <node id="1389413704" visible="true" version="3" changeset="113615662" timestamp="2021-11-10T16:20:34Z" user="Grass-snake" uid="11321493" lat="55.8541905" lon="37.4020803"/>
 <node id="1389413705" visible="true" version="3" changeset="113615662" timestamp="2021-11-10T16:20:34Z" user="Grass-snake" uid="11321493" lat="55.8541948" lon="37.4020007"/>
 <node id="1389413706" visible="true" version="2" changeset="58200756" timestamp="2018-04-18T13:13:45Z" user="ghost_07" uid="396906" lat="55.8542301" lon="37.4011714"/>
 <node id="1389413708" visible="true" version="2" changeset="30716145" timestamp="2015-05-02T09:36:52Z" user="nikitagis" uid="233750" lat="55.8542008" lon="37.4031202"/>
 <node id="1389413711" visible="true" version="1" changeset="8946137" timestamp="2011-08-07T11:47:46Z" user="Shiz0" uid="261170" lat="55.8542458" lon="37.4054209"/>
 <node id="1389413714" visible="true" version="2" changeset="30716405" timestamp="2015-05-02T09:49:40Z" user="nikitagis" uid="233750" lat="55.8542434" lon="37.4016354"/>
 <node id="1389413716" visible="true" version="1" changeset="8946137" timestamp="2011-08-07T11:47:47Z" user="Shiz0" uid="261170" lat="55.8542615" lon="37.4052160"/>
 <node id="1389413717" visible="true" version="1" changeset="8946137" timestamp="2011-08-07T11:47:47Z" user="Shiz0" uid="261170" lat="55.8542689" lon="37.4029550"/>
 <node id="1389413720" visible="true" version="2" changeset="113615662" timestamp="2021-11-10T16:20:34Z" user="Grass-snake" uid="11321493" lat="55.8543305" lon="37.4031717"/>
 <node id="1389413721" visible="true" version="3" changeset="182074392" timestamp="2026-05-01T13:25:39Z" user="literan" uid="830106" lat="55.8543537" lon="37.4019979"/>
 <node id="1389413722" visible="true" version="2" changeset="113615662" timestamp="2021-11-10T16:20:34Z" user="Grass-snake" uid="11321493" lat="55.8543559" lon="37.4030845"/>
 <node id="1389413723" visible="true" version="2" changeset="58200756" timestamp="2018-04-18T13:13:45Z" user="ghost_07" uid="396906" lat="55.8543631" lon="37.4016177"/>
 <node id="1389413724" visible="true" version="3" changeset="182074392" timestamp="2026-05-01T13:25:39Z" user="literan" uid="830106" lat="55.8543831" lon="37.4020703"/>
 <node id="1389413725" visible="true" version="3" changeset="182074392" timestamp="2026-05-01T13:25:39Z" user="literan" uid="830106" lat="55.8543933" lon="37.4020295"/>
 <node id="1389413726" visible="true" version="2" changeset="113615662" timestamp="2021-11-10T16:20:34Z" user="Grass-snake" uid="11321493" lat="55.8544650" lon="37.4019355"/>
 <node id="1389413727" visible="true" version="1" changeset="8946137" timestamp="2011-08-07T11:47:47Z" user="Shiz0" uid="261170" lat="55.8544144" lon="37.4023493"/>
 <node id="1389413728" visible="true" version="2" changeset="30716405" timestamp="2015-05-02T09:49:40Z" user="nikitagis" uid="233750" lat="55.8544060" lon="37.4018057"/>
 <node id="1389413731" visible="true" version="2" changeset="113615662" timestamp="2021-11-10T16:20:34Z" user="Grass-snake" uid="11321493" lat="55.8545158" lon="37.4026696"/>
 <node id="1389413732" visible="true" version="2" changeset="113615662" timestamp="2021-11-10T16:20:34Z" user="Grass-snake" uid="11321493" lat="55.8545121" lon="37.4033395"/>
 <node id="1389413733" visible="true" version="3" changeset="113615662" timestamp="2021-11-10T16:20:34Z" user="Grass-snake" uid="11321493" lat="55.8545094" lon="37.4019272"/>
 <node id="1389413734" visible="true" version="2" changeset="113615662" timestamp="2021-11-10T16:20:34Z" user="Grass-snake" uid="11321493" lat="55.8545375" lon="37.4032524"/>
 <node id="1389413735" visible="true" version="2" changeset="113615662" timestamp="2021-11-10T16:20:34Z" user="Grass-snake" uid="11321493" lat="55.8545647" lon="37.4024785"/>
 <node id="1389413736" visible="true" version="3" changeset="113615662" timestamp="2021-11-10T16:20:34Z" user="Grass-snake" uid="11321493" lat="55.8545747" lon="37.4034280"/>
 <node id="1389413737" visible="true" version="2" changeset="58200756" timestamp="2018-04-18T13:13:45Z" user="ghost_07" uid="396906" lat="55.8545788" lon="37.4018653"/>
 <node id="1389413739" visible="true" version="2" changeset="113615662" timestamp="2021-11-10T16:20:34Z" user="Grass-snake" uid="11321493" lat="55.8546557" lon="37.4021226"/>
 <node id="1389413740" visible="true" version="2" changeset="113615662" timestamp="2021-11-10T16:20:34Z" user="Grass-snake" uid="11321493" lat="55.8546544" lon="37.4028465"/>
 <node id="1389413742" visible="true" version="3" changeset="113615662" timestamp="2021-11-10T16:20:34Z" user="Grass-snake" uid="11321493" lat="55.8546712" lon="37.4020621"/>
 <node id="1389413746" visible="true" version="3" changeset="113615662" timestamp="2021-11-10T16:20:34Z" user="Grass-snake" uid="11321493" lat="55.8547442" lon="37.4029420"/>
 <node id="1389413748" visible="true" version="3" changeset="113615662" timestamp="2021-11-10T16:20:34Z" user="Grass-snake" uid="11321493" lat="55.8547983" lon="37.4022626"/>
 <node id="1389413749" visible="true" version="2" changeset="58200756" timestamp="2018-04-18T13:13:45Z" user="ghost_07" uid="396906" lat="55.8548005" lon="37.4020685"/>
 <node id="1389413782" visible="true" version="1" changeset="8946137" timestamp="2011-08-07T11:47:49Z" user="Shiz0" uid="261170" lat="55.8557198" lon="37.4049962"/>
 <node id="1389505689" visible="true" version="1" changeset="8946811" timestamp="2011-08-07T12:55:43Z" user="Shiz0" uid="261170" lat="55.8515028" lon="37.4043963"/>
 <node id="1389505710" visible="true" version="1" changeset="8946811" timestamp="2011-08-07T12:55:44Z" user="Shiz0" uid="261170" lat="55.8515991" lon="37.4033631"/>
 <node id="1389505712" visible="true" version="1" changeset="8946811" timestamp="2011-08-07T12:55:44Z" user="Shiz0" uid="261170" lat="55.8516009" lon="37.4033328"/>
 <node id="1389505720" visible="true" version="2" changeset="113615662" timestamp="2021-11-10T16:20:34Z" user="Grass-snake" uid="11321493" lat="55.8516084" lon="37.4032247"/>
 <node id="1389505738" visible="true" version="1" changeset="8946811" timestamp="2011-08-07T12:55:45Z" user="Shiz0" uid="261170" lat="55.8517404" lon="37.4047964"/>
 <node id="1389505836" visible="true" version="1" changeset="8946811" timestamp="2011-08-07T12:55:47Z" user="Shiz0" uid="261170" lat="55.8525674" lon="37.4039930"/>
 <node id="1389505890" visible="true" version="1" changeset="8946811" timestamp="2011-08-07T12:55:48Z" user="Shiz0" uid="261170" lat="55.8528969" lon="37.4060460"/>
 <node id="1389505896" visible="true" version="1" changeset="8946811" timestamp="2011-08-07T12:55:48Z" user="Shiz0" uid="261170" lat="55.8530112" lon="37.4061818">
  <tag k="highway" v="crossing"/>
 </node>
 <node id="1606223054" visible="true" version="1" changeset="10501177" timestamp="2012-01-26T09:22:17Z" user="iWowik" uid="481934" lat="55.8529237" lon="37.3950206"/>
 <node id="1606223055" visible="true" version="2" changeset="12821703" timestamp="2012-08-22T14:34:47Z" user="Amigo" uid="206282" lat="55.8528025" lon="37.3962783"/>
 <node id="1606223056" visible="true" version="2" changeset="12821703" timestamp="2012-08-22T14:34:47Z" user="Amigo" uid="206282" lat="55.8534235" lon="37.3974406"/>
 <node id="1606223057" visible="true" version="2" changeset="12821703" timestamp="2012-08-22T14:34:47Z" user="Amigo" uid="206282" lat="55.8531980" lon="37.3966357"/>
 <node id="1606223058" visible="true" version="2" changeset="12821703" timestamp="2012-08-22T14:34:47Z" user="Amigo" uid="206282" lat="55.8532742" lon="37.3976973"/>
 <node id="1606223059" visible="true" version="2" changeset="12821703" timestamp="2012-08-22T14:34:47Z" user="Amigo" uid="206282" lat="55.8535951" lon="37.3982049"/>
 <node id="1606223060" visible="true" version="2" changeset="12821703" timestamp="2012-08-22T14:34:47Z" user="Amigo" uid="206282" lat="55.8541189" lon="37.3985762"/>
 <node id="1606223061" visible="true" version="2" changeset="12821703" timestamp="2012-08-22T14:34:47Z" user="Amigo" uid="206282" lat="55.8543880" lon="37.3989185"/>
 <node id="1606223062" visible="true" version="2" changeset="12821703" timestamp="2012-08-22T14:34:47Z" user="Amigo" uid="206282" lat="55.8547226" lon="37.3993538"/>
 <node id="1606223063" visible="true" version="2" changeset="12821703" timestamp="2012-08-22T14:34:48Z" user="Amigo" uid="206282" lat="55.8549476" lon="37.4009808"/>
 <node id="1606223064" visible="true" version="2" changeset="12821703" timestamp="2012-08-22T14:34:47Z" user="Amigo" uid="206282" lat="55.8551226" lon="37.3993848"/>
 <node id="1606223065" visible="true" version="2" changeset="12821703" timestamp="2012-08-22T14:34:47Z" user="Amigo" uid="206282" lat="55.8553178" lon="37.4016003"/>
 <node id="1606223066" visible="true" version="2" changeset="12821703" timestamp="2012-08-22T14:34:48Z" user="Amigo" uid="206282" lat="55.8551697" lon="37.3996297"/>
 <node id="1606223067" visible="true" version="2" changeset="12821703" timestamp="2012-08-22T14:34:47Z" user="Amigo" uid="206282" lat="55.8551689" lon="37.4001295"/>
 <node id="1606223068" visible="true" version="2" changeset="12821703" timestamp="2012-08-22T14:34:47Z" user="Amigo" uid="206282" lat="55.8556361" lon="37.4016757"/>
 <node id="1606223069" visible="true" version="2" changeset="12821703" timestamp="2012-08-22T14:34:47Z" user="Amigo" uid="206282" lat="55.8557191" lon="37.4019742"/>
 <node id="1606223070" visible="true" version="2" changeset="12821703" timestamp="2012-08-22T14:34:47Z" user="Amigo" uid="206282" lat="55.8560664" lon="37.4021197"/>
 <node id="1606223071" visible="true" version="2" changeset="12821703" timestamp="2012-08-22T14:34:47Z" user="Amigo" uid="206282" lat="55.8563852" lon="37.4018059"/>
 <node id="1606223072" visible="true" version="2" changeset="12821703" timestamp="2012-08-22T14:34:47Z" user="Amigo" uid="206282" lat="55.8566779" lon="37.4023914"/>
 <node id="1606223073" visible="true" version="2" changeset="12821703" timestamp="2012-08-22T14:34:47Z" user="Amigo" uid="206282" lat="55.8569764" lon="37.4025792"/>
 <node id="1606223074" visible="true" version="2" changeset="12821703" timestamp="2012-08-22T14:34:47Z" user="Amigo" uid="206282" lat="55.8570997" lon="37.4026953"/>
 <node id="1606223075" visible="true" version="2" changeset="12821703" timestamp="2012-08-22T14:34:47Z" user="Amigo" uid="206282" lat="55.8577233" lon="37.4033794"/>
 <node id="1606223076" visible="true" version="2" changeset="12821703" timestamp="2012-08-22T14:34:47Z" user="Amigo" uid="206282" lat="55.8593707" lon="37.4051572"/>
 <node id="1606223077" visible="true" version="2" changeset="12821703" timestamp="2012-08-22T14:34:47Z" user="Amigo" uid="206282" lat="55.8595443" lon="37.4050139"/>
 <node id="1606223078" visible="true" version="1" changeset="10501177" timestamp="2012-01-26T09:22:19Z" user="iWowik" uid="481934" lat="55.8599696" lon="37.4055227"/>
 <node id="1606223093" visible="true" version="1" changeset="10501177" timestamp="2012-01-26T09:22:21Z" user="iWowik" uid="481934" lat="55.8673266" lon="37.4068531"/>
 <node id="1877727443" visible="true" version="1" changeset="12821703" timestamp="2012-08-22T14:23:49Z" user="Amigo" uid="206282" lat="55.8528288" lon="37.3997621"/>
 <node id="1877727449" visible="true" version="1" changeset="12821703" timestamp="2012-08-22T14:23:49Z" user="Amigo" uid="206282" lat="55.8525720" lon="37.3989296"/>
 <node id="1877727453" visible="true" version="1" changeset="12821703" timestamp="2012-08-22T14:23:49Z" user="Amigo" uid="206282" lat="55.8525089" lon="37.3990633"/>
 <node id="1877727455" visible="true" version="1" changeset="12821703" timestamp="2012-08-22T14:23:49Z" user="Amigo" uid="206282" lat="55.8527752" lon="37.3995535"/>
 <node id="1877727458" visible="true" version="1" changeset="12821703" timestamp="2012-08-22T14:23:50Z" user="Amigo" uid="206282" lat="55.8524689" lon="37.3991324"/>
 <node id="1877727459" visible="true" version="1" changeset="12821703" timestamp="2012-08-22T14:23:50Z" user="Amigo" uid="206282" lat="55.8528534" lon="37.4000827"/>
 <node id="1877727462" visible="true" version="1" changeset="12821703" timestamp="2012-08-22T14:23:50Z" user="Amigo" uid="206282" lat="55.8524811" lon="37.3987622"/>
 <node id="1877727464" visible="true" version="1" changeset="12821703" timestamp="2012-08-22T14:23:50Z" user="Amigo" uid="206282" lat="55.8527443" lon="37.3996066"/>
 <node id="1877727472" visible="true" version="1" changeset="12821703" timestamp="2012-08-22T14:23:50Z" user="Amigo" uid="206282" lat="55.8530829" lon="37.4001217"/>
 <node id="1877727473" visible="true" version="1" changeset="12821703" timestamp="2012-08-22T14:23:50Z" user="Amigo" uid="206282" lat="55.8528969" lon="37.4000077"/>
 <node id="1877727475" visible="true" version="1" changeset="12821703" timestamp="2012-08-22T14:23:50Z" user="Amigo" uid="206282" lat="55.8529651" lon="37.3996373"/>
 <node id="1877727482" visible="true" version="1" changeset="12821703" timestamp="2012-08-22T14:23:50Z" user="Amigo" uid="206282" lat="55.8528583" lon="37.3994405"/>
 <node id="1877727483" visible="true" version="1" changeset="12821703" timestamp="2012-08-22T14:23:50Z" user="Amigo" uid="206282" lat="55.8529754" lon="37.4003072"/>
 <node id="1877727486" visible="true" version="2" changeset="49170272" timestamp="2017-06-01T16:33:56Z" user="SemYakimov" uid="529155" lat="55.8529336" lon="37.3996915"/>
 <node id="1877727488" visible="true" version="1" changeset="12821703" timestamp="2012-08-22T14:23:50Z" user="Amigo" uid="206282" lat="55.8528863" lon="37.3993921"/>
 <node id="1877727491" visible="true" version="1" changeset="12821703" timestamp="2012-08-22T14:23:50Z" user="Amigo" uid="206282" lat="55.8527951" lon="37.3998202"/>
 <node id="1877727494" visible="true" version="1" changeset="12821703" timestamp="2012-08-22T14:23:50Z" user="Amigo" uid="206282" lat="55.8530158" lon="37.3998427"/>
 <node id="1877727499" visible="true" version="1" changeset="12821703" timestamp="2012-08-22T14:23:51Z" user="Amigo" uid="206282" lat="55.8529722" lon="37.3999178"/>
 <node id="1877727502" visible="true" version="1" changeset="12821703" timestamp="2012-08-22T14:23:51Z" user="Amigo" uid="206282" lat="55.8523709" lon="37.3989521"/>
 <node id="1877727503" visible="true" version="1" changeset="12821703" timestamp="2012-08-22T14:23:51Z" user="Amigo" uid="206282" lat="55.8526046" lon="37.3988734"/>
 <node id="1877749976" visible="true" version="1" changeset="12821703" timestamp="2012-08-22T14:34:40Z" user="Amigo" uid="206282" lat="55.8579411" lon="37.4034283"/>
 <node id="1877749980" visible="true" version="1" changeset="12821703" timestamp="2012-08-22T14:34:40Z" user="Amigo" uid="206282" lat="55.8552947" lon="37.4013640"/>
 <node id="1877749983" visible="true" version="1" changeset="12821703" timestamp="2012-08-22T14:34:40Z" user="Amigo" uid="206282" lat="55.8566238" lon="37.4023283"/>
 <node id="1877749995" visible="true" version="1" changeset="12821703" timestamp="2012-08-22T14:34:40Z" user="Amigo" uid="206282" lat="55.8565681" lon="37.4020712"/>
 <node id="1877749997" visible="true" version="1" changeset="12821703" timestamp="2012-08-22T14:34:40Z" user="Amigo" uid="206282" lat="55.8552088" lon="37.4000063"/>
 <node id="1877749999" visible="true" version="1" changeset="12821703" timestamp="2012-08-22T14:34:40Z" user="Amigo" uid="206282" lat="55.8551373" lon="37.4013014"/>
 <node id="1877750002" visible="true" version="1" changeset="12821703" timestamp="2012-08-22T14:34:40Z" user="Amigo" uid="206282" lat="55.8531533" lon="37.3964793"/>
 <node id="1877750004" visible="true" version="1" changeset="12821703" timestamp="2012-08-22T14:34:40Z" user="Amigo" uid="206282" lat="55.8549555" lon="37.4007246"/>
 <node id="1877750007" visible="true" version="1" changeset="12821703" timestamp="2012-08-22T14:34:40Z" user="Amigo" uid="206282" lat="55.8548249" lon="37.3992735"/>
 <node id="1877750009" visible="true" version="1" changeset="12821703" timestamp="2012-08-22T14:34:40Z" user="Amigo" uid="206282" lat="55.8552872" lon="37.4013049"/>
 <node id="1877750011" visible="true" version="1" changeset="12821703" timestamp="2012-08-22T14:34:40Z" user="Amigo" uid="206282" lat="55.8550787" lon="37.3993121"/>
 <node id="1877750013" visible="true" version="1" changeset="12821703" timestamp="2012-08-22T14:34:40Z" user="Amigo" uid="206282" lat="55.8544622" lon="37.3992894"/>
 <node id="1877750015" visible="true" version="1" changeset="12821703" timestamp="2012-08-22T14:34:40Z" user="Amigo" uid="206282" lat="55.8586394" lon="37.4043294"/>
 <node id="1877750016" visible="true" version="1" changeset="12821703" timestamp="2012-08-22T14:34:40Z" user="Amigo" uid="206282" lat="55.8534451" lon="37.3968842"/>
 <node id="1877750018" visible="true" version="1" changeset="12821703" timestamp="2012-08-22T14:34:40Z" user="Amigo" uid="206282" lat="55.8533156" lon="37.3966460"/>
 <node id="1877750020" visible="true" version="1" changeset="12821703" timestamp="2012-08-22T14:34:40Z" user="Amigo" uid="206282" lat="55.8580016" lon="37.4035552"/>
 <node id="1877750022" visible="true" version="1" changeset="12821703" timestamp="2012-08-22T14:34:41Z" user="Amigo" uid="206282" lat="55.8528939" lon="37.3955597"/>
 <node id="1877750024" visible="true" version="1" changeset="12821703" timestamp="2012-08-22T14:34:41Z" user="Amigo" uid="206282" lat="55.8550201" lon="37.4007107"/>
 <node id="1877750026" visible="true" version="1" changeset="12821703" timestamp="2012-08-22T14:34:41Z" user="Amigo" uid="206282" lat="55.8581485" lon="37.4037065"/>
 <node id="1877750027" visible="true" version="1" changeset="12821703" timestamp="2012-08-22T14:34:41Z" user="Amigo" uid="206282" lat="55.8559766" lon="37.4020759"/>
 <node id="1877750029" visible="true" version="1" changeset="12821703" timestamp="2012-08-22T14:34:41Z" user="Amigo" uid="206282" lat="55.8594832" lon="37.4050431"/>
 <node id="1877750031" visible="true" version="1" changeset="12821703" timestamp="2012-08-22T14:34:41Z" user="Amigo" uid="206282" lat="55.8551448" lon="37.4001964"/>
 <node id="1877750039" visible="true" version="1" changeset="12821703" timestamp="2012-08-22T14:34:41Z" user="Amigo" uid="206282" lat="55.8532197" lon="37.3966296"/>
 <node id="1877750040" visible="true" version="1" changeset="12821703" timestamp="2012-08-22T14:34:41Z" user="Amigo" uid="206282" lat="55.8551085" lon="37.4005620"/>
 <node id="1877750042" visible="true" version="1" changeset="12821703" timestamp="2012-08-22T14:34:41Z" user="Amigo" uid="206282" lat="55.8528422" lon="37.3960079"/>
 <node id="1877750043" visible="true" version="1" changeset="12821703" timestamp="2012-08-22T14:34:41Z" user="Amigo" uid="206282" lat="55.8563484" lon="37.4018233"/>
 <node id="1877750046" visible="true" version="1" changeset="12821703" timestamp="2012-08-22T14:34:41Z" user="Amigo" uid="206282" lat="55.8577921" lon="37.4034113"/>
 <node id="1877750048" visible="true" version="1" changeset="12821703" timestamp="2012-08-22T14:34:41Z" user="Amigo" uid="206282" lat="55.8550623" lon="37.4012515"/>
 <node id="1877750050" visible="true" version="1" changeset="12821703" timestamp="2012-08-22T14:34:41Z" user="Amigo" uid="206282" lat="55.8551613" lon="37.4003450"/>
 <node id="1877750051" visible="true" version="1" changeset="12821703" timestamp="2012-08-22T14:34:41Z" user="Amigo" uid="206282" lat="55.8542796" lon="37.3985875"/>
 <node id="1877750053" visible="true" version="1" changeset="12821703" timestamp="2012-08-22T14:34:41Z" user="Amigo" uid="206282" lat="55.8533561" lon="37.3979234"/>
 <node id="1877750055" visible="true" version="1" changeset="12821703" timestamp="2012-08-22T14:34:41Z" user="Amigo" uid="206282" lat="55.8542519" lon="37.3985506"/>
 <node id="1877750057" visible="true" version="1" changeset="12821703" timestamp="2012-08-22T14:34:41Z" user="Amigo" uid="206282" lat="55.8559229" lon="37.4020865"/>
 <node id="1877750059" visible="true" version="1" changeset="12821703" timestamp="2012-08-22T14:34:41Z" user="Amigo" uid="206282" lat="55.8532843" lon="37.3976265"/>
 <node id="1877750060" visible="true" version="1" changeset="12821703" timestamp="2012-08-22T14:34:41Z" user="Amigo" uid="206282" lat="55.8536306" lon="37.3983324"/>
 <node id="1877750062" visible="true" version="1" changeset="12821703" timestamp="2012-08-22T14:34:41Z" user="Amigo" uid="206282" lat="55.8565733" lon="37.4021637"/>
 <node id="1877750065" visible="true" version="1" changeset="12821703" timestamp="2012-08-22T14:34:41Z" user="Amigo" uid="206282" lat="55.8549406" lon="37.3992408"/>
 <node id="1877750068" visible="true" version="1" changeset="12821703" timestamp="2012-08-22T14:34:41Z" user="Amigo" uid="206282" lat="55.8589914" lon="37.4048428"/>
 <node id="1877750072" visible="true" version="1" changeset="12821703" timestamp="2012-08-22T14:34:41Z" user="Amigo" uid="206282" lat="55.8529137" lon="37.3951499"/>
 <node id="1877750075" visible="true" version="1" changeset="12821703" timestamp="2012-08-22T14:34:41Z" user="Amigo" uid="206282" lat="55.8528627" lon="37.3957261"/>
 <node id="1877750078" visible="true" version="1" changeset="12821703" timestamp="2012-08-22T14:34:41Z" user="Amigo" uid="206282" lat="55.8536171" lon="37.3979718"/>
 <node id="1877750094" visible="true" version="1" changeset="12821703" timestamp="2012-08-22T14:34:41Z" user="Amigo" uid="206282" lat="55.8529132" lon="37.3964126"/>
 <node id="1877750096" visible="true" version="1" changeset="12821703" timestamp="2012-08-22T14:34:42Z" user="Amigo" uid="206282" lat="55.8570269" lon="37.4025824"/>
 <node id="1877750098" visible="true" version="1" changeset="12821703" timestamp="2012-08-22T14:34:42Z" user="Amigo" uid="206282" lat="55.8545957" lon="37.3993934"/>
 <node id="1877750100" visible="true" version="1" changeset="12821703" timestamp="2012-08-22T14:34:42Z" user="Amigo" uid="206282" lat="55.8584883" lon="37.4041741"/>
 <node id="1877750101" visible="true" version="1" changeset="12821703" timestamp="2012-08-22T14:34:42Z" user="Amigo" uid="206282" lat="55.8541684" lon="37.3986001"/>
 <node id="1877750103" visible="true" version="1" changeset="12821703" timestamp="2012-08-22T14:34:42Z" user="Amigo" uid="206282" lat="55.8554085" lon="37.4016365"/>
 <node id="1877750104" visible="true" version="1" changeset="12821703" timestamp="2012-08-22T14:34:42Z" user="Amigo" uid="206282" lat="55.8536447" lon="37.3981140"/>
 <node id="1877750105" visible="true" version="1" changeset="12821703" timestamp="2012-08-22T14:34:42Z" user="Amigo" uid="206282" lat="55.8531685" lon="37.3966162"/>
 <node id="1877750106" visible="true" version="1" changeset="12821703" timestamp="2012-08-22T14:34:42Z" user="Amigo" uid="206282" lat="55.8551619" lon="37.4004069"/>
 <node id="1877750107" visible="true" version="1" changeset="12821703" timestamp="2012-08-22T14:34:42Z" user="Amigo" uid="206282" lat="55.8528606" lon="37.3963685"/>
 <node id="1877750108" visible="true" version="1" changeset="12821703" timestamp="2012-08-22T14:34:42Z" user="Amigo" uid="206282" lat="55.8528985" lon="37.3952292"/>
 <node id="1877750109" visible="true" version="1" changeset="12821703" timestamp="2012-08-22T14:34:42Z" user="Amigo" uid="206282" lat="55.8596526" lon="37.4051920"/>
 <node id="1877750110" visible="true" version="1" changeset="12821703" timestamp="2012-08-22T14:34:42Z" user="Amigo" uid="206282" lat="55.8533922" lon="37.3975271"/>
 <node id="1877750111" visible="true" version="1" changeset="12821703" timestamp="2012-08-22T14:34:42Z" user="Amigo" uid="206282" lat="55.8556032" lon="37.4016035"/>
 <node id="1877750112" visible="true" version="1" changeset="12821703" timestamp="2012-08-22T14:34:42Z" user="Amigo" uid="206282" lat="55.8540260" lon="37.3982781"/>
 <node id="1877750113" visible="true" version="1" changeset="12821703" timestamp="2012-08-22T14:34:42Z" user="Amigo" uid="206282" lat="55.8576259" lon="37.4032956"/>
 <node id="1877750114" visible="true" version="1" changeset="12821703" timestamp="2012-08-22T14:34:42Z" user="Amigo" uid="206282" lat="55.8540674" lon="37.3983228"/>
 <node id="1877750117" visible="true" version="1" changeset="12821703" timestamp="2012-08-22T14:34:42Z" user="Amigo" uid="206282" lat="55.8578362" lon="37.4034557"/>
 <node id="1877750120" visible="true" version="1" changeset="12821703" timestamp="2012-08-22T14:34:42Z" user="Amigo" uid="206282" lat="55.8552797" lon="37.4014305"/>
 <node id="1877750136" visible="true" version="1" changeset="12821703" timestamp="2012-08-22T14:34:43Z" user="Amigo" uid="206282" lat="55.8588100" lon="37.4045597"/>
 <node id="1877750139" visible="true" version="1" changeset="12821703" timestamp="2012-08-22T14:34:43Z" user="Amigo" uid="206282" lat="55.8589460" lon="37.4046960"/>
 <node id="1877750142" visible="true" version="1" changeset="12821703" timestamp="2012-08-22T14:34:43Z" user="Amigo" uid="206282" lat="55.8528741" lon="37.3953068"/>
 <node id="1877750146" visible="true" version="1" changeset="12821703" timestamp="2012-08-22T14:34:43Z" user="Amigo" uid="206282" lat="55.8535218" lon="37.3978931"/>
 <node id="1877750149" visible="true" version="1" changeset="12821703" timestamp="2012-08-22T14:34:43Z" user="Amigo" uid="206282" lat="55.8531278" lon="37.3963318"/>
 <node id="1877750152" visible="true" version="1" changeset="12821703" timestamp="2012-08-22T14:34:43Z" user="Amigo" uid="206282" lat="55.8531457" lon="37.3965496"/>
 <node id="1877750154" visible="true" version="1" changeset="12821703" timestamp="2012-08-22T14:34:43Z" user="Amigo" uid="206282" lat="55.8529304" lon="37.3950800"/>
 <node id="1877750157" visible="true" version="1" changeset="12821703" timestamp="2012-08-22T14:34:43Z" user="Amigo" uid="206282" lat="55.8529840" lon="37.3963045"/>
 <node id="1877750160" visible="true" version="1" changeset="12821703" timestamp="2012-08-22T14:34:43Z" user="Amigo" uid="206282" lat="55.8529100" lon="37.3956170"/>
 <node id="1877750163" visible="true" version="1" changeset="12821703" timestamp="2012-08-22T14:34:43Z" user="Amigo" uid="206282" lat="55.8528805" lon="37.3953903"/>
 <node id="1877750166" visible="true" version="1" changeset="12821703" timestamp="2012-08-22T14:34:43Z" user="Amigo" uid="206282" lat="55.8552026" lon="37.4012524"/>
 <node id="1877750168" visible="true" version="1" changeset="12821703" timestamp="2012-08-22T14:34:43Z" user="Amigo" uid="206282" lat="55.8541122" lon="37.3985019"/>
 <node id="1877750170" visible="true" version="1" changeset="12821703" timestamp="2012-08-22T14:34:43Z" user="Amigo" uid="206282" lat="55.8568980" lon="37.4025751"/>
 <node id="1877750171" visible="true" version="1" changeset="12821703" timestamp="2012-08-22T14:34:43Z" user="Amigo" uid="206282" lat="55.8544018" lon="37.3990800"/>
 <node id="1877750173" visible="true" version="1" changeset="12821703" timestamp="2012-08-22T14:34:43Z" user="Amigo" uid="206282" lat="55.8529017" lon="37.3956803"/>
 <node id="1877750174" visible="true" version="1" changeset="12821703" timestamp="2012-08-22T14:34:43Z" user="Amigo" uid="206282" lat="55.8545292" lon="37.3993887"/>
 <node id="1877750175" visible="true" version="1" changeset="12821703" timestamp="2012-08-22T14:34:43Z" user="Amigo" uid="206282" lat="55.8564862" lon="37.4019663"/>
 <node id="1877750176" visible="true" version="1" changeset="12821703" timestamp="2012-08-22T14:34:43Z" user="Amigo" uid="206282" lat="55.8536773" lon="37.3983810"/>
 <node id="1877750177" visible="true" version="1" changeset="12821703" timestamp="2012-08-22T14:34:43Z" user="Amigo" uid="206282" lat="55.8553552" lon="37.4016428"/>
 <node id="1877750181" visible="true" version="1" changeset="12821703" timestamp="2012-08-22T14:34:43Z" user="Amigo" uid="206282" lat="55.8547591" lon="37.3993297"/>
 <node id="1877750184" visible="true" version="1" changeset="12821703" timestamp="2012-08-22T14:34:43Z" user="Amigo" uid="206282" lat="55.8588897" lon="37.4046358"/>
 <node id="1877750186" visible="true" version="1" changeset="12821703" timestamp="2012-08-22T14:34:43Z" user="Amigo" uid="206282" lat="55.8599210" lon="37.4055106"/>
 <node id="1877750188" visible="true" version="1" changeset="12821703" timestamp="2012-08-22T14:34:43Z" user="Amigo" uid="206282" lat="55.8552884" lon="37.4015127"/>
 <node id="1877750190" visible="true" version="1" changeset="12821703" timestamp="2012-08-22T14:34:43Z" user="Amigo" uid="206282" lat="55.8531006" lon="37.3962598"/>
 <node id="1877750192" visible="true" version="1" changeset="12821703" timestamp="2012-08-22T14:34:43Z" user="Amigo" uid="206282" lat="55.8563275" lon="37.4018768"/>
 <node id="1877750194" visible="true" version="1" changeset="12821703" timestamp="2012-08-22T14:34:43Z" user="Amigo" uid="206282" lat="55.8532680" lon="37.3976565"/>
 <node id="1877750196" visible="true" version="1" changeset="12821703" timestamp="2012-08-22T14:34:43Z" user="Amigo" uid="206282" lat="55.8582729" lon="37.4038808"/>
 <node id="1877750198" visible="true" version="1" changeset="12821703" timestamp="2012-08-22T14:34:44Z" user="Amigo" uid="206282" lat="55.8543020" lon="37.3986551"/>
 <node id="1877750200" visible="true" version="1" changeset="12821703" timestamp="2012-08-22T14:34:44Z" user="Amigo" uid="206282" lat="55.8550737" lon="37.4006232"/>
 <node id="1877750203" visible="true" version="1" changeset="12821703" timestamp="2012-08-22T14:34:44Z" user="Amigo" uid="206282" lat="55.8597143" lon="37.4052682"/>
 <node id="1877750206" visible="true" version="1" changeset="12821703" timestamp="2012-08-22T14:34:44Z" user="Amigo" uid="206282" lat="55.8550996" lon="37.4012885"/>
 <node id="1877750207" visible="true" version="1" changeset="12821703" timestamp="2012-08-22T14:34:44Z" user="Amigo" uid="206282" lat="55.8550143" lon="37.3992692"/>
 <node id="1877750211" visible="true" version="1" changeset="12821703" timestamp="2012-08-22T14:34:44Z" user="Amigo" uid="206282" lat="55.8583108" lon="37.4039661"/>
 <node id="1877750214" visible="true" version="1" changeset="12821703" timestamp="2012-08-22T14:34:44Z" user="Amigo" uid="206282" lat="55.8528141" lon="37.3958340"/>
 <node id="1877750216" visible="true" version="1" changeset="12821703" timestamp="2012-08-22T14:34:44Z" user="Amigo" uid="206282" lat="55.8590761" lon="37.4048971"/>
 <node id="1877750218" visible="true" version="1" changeset="12821703" timestamp="2012-08-22T14:34:44Z" user="Amigo" uid="206282" lat="55.8580632" lon="37.4036621"/>
 <node id="1877750221" visible="true" version="1" changeset="12821703" timestamp="2012-08-22T14:34:44Z" user="Amigo" uid="206282" lat="55.8584410" lon="37.4040724"/>
 <node id="1877750223" visible="true" version="1" changeset="12821703" timestamp="2012-08-22T14:34:44Z" user="Amigo" uid="206282" lat="55.8565616" lon="37.4022274"/>
 <node id="1877750224" visible="true" version="1" changeset="12821703" timestamp="2012-08-22T14:34:44Z" user="Amigo" uid="206282" lat="55.8533493" lon="37.3976035"/>
 <node id="1877750235" visible="true" version="1" changeset="12821703" timestamp="2012-08-22T14:34:44Z" user="Amigo" uid="206282" lat="55.8534314" lon="37.3979646"/>
 <node id="1877750236" visible="true" version="1" changeset="12821703" timestamp="2012-08-22T14:34:44Z" user="Amigo" uid="206282" lat="55.8534750" lon="37.3979046"/>
 <node id="1877750238" visible="true" version="1" changeset="12821703" timestamp="2012-08-22T14:34:44Z" user="Amigo" uid="206282" lat="55.8564439" lon="37.4018763"/>
 <node id="1877750241" visible="true" version="1" changeset="12821703" timestamp="2012-08-22T14:34:44Z" user="Amigo" uid="206282" lat="55.8536481" lon="37.3980450"/>
 <node id="1877750243" visible="true" version="1" changeset="12821703" timestamp="2012-08-22T14:34:44Z" user="Amigo" uid="206282" lat="55.8530185" lon="37.3962681"/>
 <node id="1877750245" visible="true" version="1" changeset="12821703" timestamp="2012-08-22T14:34:44Z" user="Amigo" uid="206282" lat="55.8532855" lon="37.3966090"/>
 <node id="1877750247" visible="true" version="1" changeset="12821703" timestamp="2012-08-22T14:34:44Z" user="Amigo" uid="206282" lat="55.8533282" lon="37.3978377"/>
 <node id="1877750249" visible="true" version="1" changeset="12821703" timestamp="2012-08-22T14:34:44Z" user="Amigo" uid="206282" lat="55.8548841" lon="37.3992437"/>
 <node id="1877750250" visible="true" version="1" changeset="12821703" timestamp="2012-08-22T14:34:44Z" user="Amigo" uid="206282" lat="55.8530561" lon="37.3962462"/>
 <node id="1877750252" visible="true" version="1" changeset="12821703" timestamp="2012-08-22T14:34:44Z" user="Amigo" uid="206282" lat="55.8556882" lon="37.4019035"/>
 <node id="1877750254" visible="true" version="1" changeset="12821703" timestamp="2012-08-22T14:34:44Z" user="Amigo" uid="206282" lat="55.8582062" lon="37.4038025"/>
 <node id="1877750256" visible="true" version="1" changeset="12821703" timestamp="2012-08-22T14:34:44Z" user="Amigo" uid="206282" lat="55.8528414" lon="37.3959597"/>
 <node id="1877750258" visible="true" version="1" changeset="12821703" timestamp="2012-08-22T14:34:44Z" user="Amigo" uid="206282" lat="55.8578782" lon="37.4034406"/>
 <node id="1877750260" visible="true" version="1" changeset="12821703" timestamp="2012-08-22T14:34:44Z" user="Amigo" uid="206282" lat="55.8570629" lon="37.4026147"/>
 <node id="1877750261" visible="true" version="1" changeset="12821703" timestamp="2012-08-22T14:34:44Z" user="Amigo" uid="206282" lat="55.8598817" lon="37.4054737"/>
 <node id="1877750263" visible="true" version="1" changeset="12821703" timestamp="2012-08-22T14:34:44Z" user="Amigo" uid="206282" lat="55.8534889" lon="37.3972865"/>
 <node id="1877750265" visible="true" version="1" changeset="12821703" timestamp="2012-08-22T14:34:44Z" user="Amigo" uid="206282" lat="55.8555166" lon="37.4015963"/>
 <node id="1877750267" visible="true" version="1" changeset="12821703" timestamp="2012-08-22T14:34:44Z" user="Amigo" uid="206282" lat="55.8583866" lon="37.4040260"/>
 <node id="1877750269" visible="true" version="1" changeset="12821703" timestamp="2012-08-22T14:34:45Z" user="Amigo" uid="206282" lat="55.8528862" lon="37.3963987"/>
 <node id="1877750278" visible="true" version="1" changeset="12821703" timestamp="2012-08-22T14:34:45Z" user="Amigo" uid="206282" lat="55.8527860" lon="37.3961770"/>
 <node id="1877750280" visible="true" version="1" changeset="12821703" timestamp="2012-08-22T14:34:45Z" user="Amigo" uid="206282" lat="55.8533971" lon="37.3979741"/>
 <node id="1877750282" visible="true" version="1" changeset="12821703" timestamp="2012-08-22T14:34:45Z" user="Amigo" uid="206282" lat="55.8549150" lon="37.4008750"/>
 <node id="1877750285" visible="true" version="1" changeset="12821703" timestamp="2012-08-22T14:34:45Z" user="Amigo" uid="206282" lat="55.8552513" lon="37.4012668"/>
 <node id="1877750287" visible="true" version="1" changeset="12821703" timestamp="2012-08-22T14:34:45Z" user="Amigo" uid="206282" lat="55.8535732" lon="37.3979125"/>
 <node id="1877750288" visible="true" version="1" changeset="12821703" timestamp="2012-08-22T14:34:45Z" user="Amigo" uid="206282" lat="55.8596183" lon="37.4050958"/>
 <node id="1877750290" visible="true" version="1" changeset="12821703" timestamp="2012-08-22T14:34:45Z" user="Amigo" uid="206282" lat="55.8534657" lon="37.3973273"/>
 <node id="1877750292" visible="true" version="1" changeset="12821703" timestamp="2012-08-22T14:34:45Z" user="Amigo" uid="206282" lat="55.8546453" lon="37.3993282"/>
 <node id="1877750294" visible="true" version="1" changeset="12821703" timestamp="2012-08-22T14:34:45Z" user="Amigo" uid="206282" lat="55.8537313" lon="37.3983664"/>
 <node id="1877750296" visible="true" version="1" changeset="12821703" timestamp="2012-08-22T14:34:45Z" user="Amigo" uid="206282" lat="55.8575248" lon="37.4032407"/>
 <node id="1877750297" visible="true" version="1" changeset="12821703" timestamp="2012-08-22T14:34:45Z" user="Amigo" uid="206282" lat="55.8558584" lon="37.4020974"/>
 <node id="1877750299" visible="true" version="1" changeset="12821703" timestamp="2012-08-22T14:34:45Z" user="Amigo" uid="206282" lat="55.8593064" lon="37.4051300"/>
 <node id="1877750301" visible="true" version="1" changeset="12821703" timestamp="2012-08-22T14:34:45Z" user="Amigo" uid="206282" lat="55.8565826" lon="37.4022814"/>
 <node id="1877750303" visible="true" version="1" changeset="12821703" timestamp="2012-08-22T14:34:45Z" user="Amigo" uid="206282" lat="55.8529064" lon="37.3954794"/>
 <node id="1877750305" visible="true" version="1" changeset="12821703" timestamp="2012-08-22T14:34:45Z" user="Amigo" uid="206282" lat="55.8536058" lon="37.3982644"/>
 <node id="1877750307" visible="true" version="1" changeset="12821703" timestamp="2012-08-22T14:34:45Z" user="Amigo" uid="206282" lat="55.8562624" lon="37.4019071"/>
 <node id="1877750310" visible="true" version="1" changeset="12821703" timestamp="2012-08-22T14:34:45Z" user="Amigo" uid="206282" lat="55.8534895" lon="37.3972138"/>
 <node id="1877750313" visible="true" version="1" changeset="12821703" timestamp="2012-08-22T14:34:45Z" user="Amigo" uid="206282" lat="55.8559495" lon="37.4020453"/>
 <node id="1877750315" visible="true" version="1" changeset="12821703" timestamp="2012-08-22T14:34:45Z" user="Amigo" uid="206282" lat="55.8534513" lon="37.3969475"/>
 <node id="1877750318" visible="true" version="1" changeset="12821703" timestamp="2012-08-22T14:34:45Z" user="Amigo" uid="206282" lat="55.8539797" lon="37.3982821"/>
 <node id="1877750332" visible="true" version="1" changeset="12821703" timestamp="2012-08-22T14:34:46Z" user="Amigo" uid="206282" lat="55.8595894" lon="37.4050374"/>
 <node id="1877750334" visible="true" version="1" changeset="12821703" timestamp="2012-08-22T14:34:46Z" user="Amigo" uid="206282" lat="55.8532522" lon="37.3965996"/>
 <node id="1877750336" visible="true" version="1" changeset="12821703" timestamp="2012-08-22T14:34:46Z" user="Amigo" uid="206282" lat="55.8551574" lon="37.4004665"/>
 <node id="1877750338" visible="true" version="1" changeset="12821703" timestamp="2012-08-22T14:34:46Z" user="Amigo" uid="206282" lat="55.8555628" lon="37.4015831"/>
 <node id="1877750341" visible="true" version="1" changeset="12821703" timestamp="2012-08-22T14:34:46Z" user="Amigo" uid="206282" lat="55.8579097" lon="37.4034082"/>
 <node id="1877750342" visible="true" version="1" changeset="12821703" timestamp="2012-08-22T14:34:46Z" user="Amigo" uid="206282" lat="55.8579685" lon="37.4034585"/>
 <node id="1877750343" visible="true" version="1" changeset="12821703" timestamp="2012-08-22T14:34:46Z" user="Amigo" uid="206282" lat="55.8552009" lon="37.3998460"/>
 <node id="1877750344" visible="true" version="1" changeset="12821703" timestamp="2012-08-22T14:34:46Z" user="Amigo" uid="206282" lat="55.8529394" lon="37.3963889"/>
 <node id="1877750345" visible="true" version="1" changeset="12821703" timestamp="2012-08-22T14:34:46Z" user="Amigo" uid="206282" lat="55.8552136" lon="37.3999302"/>
 <node id="1877750346" visible="true" version="1" changeset="12821703" timestamp="2012-08-22T14:34:46Z" user="Amigo" uid="206282" lat="55.8560081" lon="37.4021125"/>
 <node id="1877750347" visible="true" version="1" changeset="12821703" timestamp="2012-08-22T14:34:46Z" user="Amigo" uid="206282" lat="55.8557604" lon="37.4020311"/>
 <node id="1877750348" visible="true" version="1" changeset="12821703" timestamp="2012-08-22T14:34:46Z" user="Amigo" uid="206282" lat="55.8551376" lon="37.4002698"/>
 <node id="1877750349" visible="true" version="1" changeset="12821703" timestamp="2012-08-22T14:34:46Z" user="Amigo" uid="206282" lat="55.8542190" lon="37.3985504"/>
 <node id="1877750350" visible="true" version="1" changeset="12821703" timestamp="2012-08-22T14:34:46Z" user="Amigo" uid="206282" lat="55.8589608" lon="37.4047839"/>
 <node id="1877750351" visible="true" version="1" changeset="12821703" timestamp="2012-08-22T14:34:46Z" user="Amigo" uid="206282" lat="55.8549312" lon="37.4007840"/>
 <node id="1877750352" visible="true" version="1" changeset="12821703" timestamp="2012-08-22T14:34:46Z" user="Amigo" uid="206282" lat="55.8546785" lon="37.3993240"/>
 <node id="1877750353" visible="true" version="1" changeset="12821703" timestamp="2012-08-22T14:34:46Z" user="Amigo" uid="206282" lat="55.8544231" lon="37.3991771"/>
 <node id="1877750354" visible="true" version="1" changeset="12821703" timestamp="2012-08-22T14:34:46Z" user="Amigo" uid="206282" lat="55.8568236" lon="37.4025423"/>
 <node id="1877750357" visible="true" version="1" changeset="12821703" timestamp="2012-08-22T14:34:46Z" user="Amigo" uid="206282" lat="55.8561099" lon="37.4020299"/>
 <node id="1877750370" visible="true" version="1" changeset="12821703" timestamp="2012-08-22T14:34:46Z" user="Amigo" uid="206282" lat="55.8528213" lon="37.3960562"/>
 <node id="1877750373" visible="true" version="1" changeset="12821703" timestamp="2012-08-22T14:34:46Z" user="Amigo" uid="206282" lat="55.8528280" lon="37.3957778"/>
 <node id="1877750376" visible="true" version="1" changeset="12821703" timestamp="2012-08-22T14:34:46Z" user="Amigo" uid="206282" lat="55.8533999" lon="37.3968177"/>
 <node id="1877750379" visible="true" version="1" changeset="12821703" timestamp="2012-08-22T14:34:46Z" user="Amigo" uid="206282" lat="55.8533647" lon="37.3967226"/>
 <node id="1877750382" visible="true" version="1" changeset="12821703" timestamp="2012-08-22T14:34:46Z" user="Amigo" uid="206282" lat="55.8528184" lon="37.3958796"/>
 <node id="1877750385" visible="true" version="1" changeset="12821703" timestamp="2012-08-22T14:34:46Z" user="Amigo" uid="206282" lat="55.8565350" lon="37.4020131"/>
 <node id="1877750388" visible="true" version="1" changeset="12821703" timestamp="2012-08-22T14:34:46Z" user="Amigo" uid="206282" lat="55.8527900" lon="37.3961130"/>
 <node id="1877750391" visible="true" version="1" changeset="12821703" timestamp="2012-08-22T14:34:46Z" user="Amigo" uid="206282" lat="55.8585519" lon="37.4042702"/>
 <node id="1953812114" visible="true" version="1" changeset="13420377" timestamp="2012-10-08T23:57:16Z" user="Autmn" uid="947413" lat="55.8627735" lon="37.4089317"/>
 <node id="1953812118" visible="true" version="1" changeset="13420377" timestamp="2012-10-08T23:57:16Z" user="Autmn" uid="947413" lat="55.8627073" lon="37.4089317"/>
 <node id="1953812129" visible="true" version="1" changeset="13420377" timestamp="2012-10-08T23:57:16Z" user="Autmn" uid="947413" lat="55.8616085" lon="37.4085884"/>
 <node id="1953812131" visible="true" version="1" changeset="13420377" timestamp="2012-10-08T23:57:16Z" user="Autmn" uid="947413" lat="55.8637308" lon="37.4085723"/>
 <node id="1953812140" visible="true" version="1" changeset="13420377" timestamp="2012-10-08T23:57:17Z" user="Autmn" uid="947413" lat="55.8670059" lon="37.4068342"/>
 <node id="1953812142" visible="true" version="1" changeset="13420377" timestamp="2012-10-08T23:57:17Z" user="Autmn" uid="947413" lat="55.8630174" lon="37.4090336"/>
 <node id="1953812149" visible="true" version="1" changeset="13420377" timestamp="2012-10-08T23:57:17Z" user="Autmn" uid="947413" lat="55.8667711" lon="37.4068610"/>
 <node id="1953812153" visible="true" version="1" changeset="13420377" timestamp="2012-10-08T23:57:17Z" user="Autmn" uid="947413" lat="55.8626260" lon="37.4090014"/>
 <node id="1953812155" visible="true" version="1" changeset="13420377" timestamp="2012-10-08T23:57:17Z" user="Autmn" uid="947413" lat="55.8609895" lon="37.4071649"/>
 <node id="1953812173" visible="true" version="1" changeset="13420377" timestamp="2012-10-08T23:57:17Z" user="Autmn" uid="947413" lat="55.8608559" lon="37.4067967"/>
 <node id="1953812176" visible="true" version="1" changeset="13420377" timestamp="2012-10-08T23:57:17Z" user="Autmn" uid="947413" lat="55.8621985" lon="37.4089049"/>
 <node id="1953812181" visible="true" version="1" changeset="13420377" timestamp="2012-10-08T23:57:17Z" user="Autmn" uid="947413" lat="55.8601165" lon="37.4056471"/>
 <node id="1953812212" visible="true" version="1" changeset="13420377" timestamp="2012-10-08T23:57:18Z" user="Autmn" uid="947413" lat="55.8600532" lon="37.4055451"/>
 <node id="1953812219" visible="true" version="1" changeset="13420377" timestamp="2012-10-08T23:57:18Z" user="Autmn" uid="947413" lat="55.8657416" lon="37.4073599"/>
 <node id="1953812222" visible="true" version="1" changeset="13420377" timestamp="2012-10-08T23:57:18Z" user="Autmn" uid="947413" lat="55.8621142" lon="37.4088781"/>
 <node id="1953812224" visible="true" version="1" changeset="13420377" timestamp="2012-10-08T23:57:18Z" user="Autmn" uid="947413" lat="55.8656604" lon="37.4074189"/>
 <node id="1953812226" visible="true" version="1" changeset="13420377" timestamp="2012-10-08T23:57:18Z" user="Autmn" uid="947413" lat="55.8613255" lon="37.4081056"/>
 <node id="1953812259" visible="true" version="1" changeset="13420377" timestamp="2012-10-08T23:57:18Z" user="Autmn" uid="947413" lat="55.8611852" lon="37.4076585"/>
 <node id="1953812266" visible="true" version="1" changeset="13420377" timestamp="2012-10-08T23:57:18Z" user="Autmn" uid="947413" lat="55.8606030" lon="37.4067108"/>
 <node id="1953812272" visible="true" version="1" changeset="13420377" timestamp="2012-10-08T23:57:18Z" user="Autmn" uid="947413" lat="55.8604916" lon="37.4064963"/>
 <node id="1953812275" visible="true" version="1" changeset="13420377" timestamp="2012-10-08T23:57:18Z" user="Autmn" uid="947413" lat="55.8623280" lon="37.4088781"/>
 <node id="1953812277" visible="true" version="1" changeset="13420377" timestamp="2012-10-08T23:57:18Z" user="Autmn" uid="947413" lat="55.8628819" lon="37.4090283"/>
 <node id="1953812280" visible="true" version="1" changeset="13420377" timestamp="2012-10-08T23:57:18Z" user="Autmn" uid="947413" lat="55.8639084" lon="37.4084167"/>
 <node id="1953812286" visible="true" version="2" changeset="60154239" timestamp="2018-06-25T15:08:11Z" user="SemYakimov" uid="529155" lat="55.8614131" lon="37.4083480"/>
 <node id="1953812292" visible="true" version="1" changeset="13420377" timestamp="2012-10-08T23:57:19Z" user="Autmn" uid="947413" lat="55.8616476" lon="37.4086206"/>
 <node id="1953812297" visible="true" version="1" changeset="13420377" timestamp="2012-10-08T23:57:19Z" user="Autmn" uid="947413" lat="55.8645406" lon="37.4083255"/>
 <node id="1953812328" visible="true" version="1" changeset="13420377" timestamp="2012-10-08T23:57:19Z" user="Autmn" uid="947413" lat="55.8651276" lon="37.4077462"/>
 <node id="1953812336" visible="true" version="1" changeset="13420377" timestamp="2012-10-08T23:57:19Z" user="Autmn" uid="947413" lat="55.8651005" lon="37.4076657"/>
 <node id="1953812339" visible="true" version="1" changeset="13420377" timestamp="2012-10-08T23:57:19Z" user="Autmn" uid="947413" lat="55.8655219" lon="37.4074136"/>
 <node id="1953812343" visible="true" version="1" changeset="13420377" timestamp="2012-10-08T23:57:19Z" user="Autmn" uid="947413" lat="55.8608781" lon="37.4068970"/>
 <node id="1953812344" visible="true" version="1" changeset="13420377" timestamp="2012-10-08T23:57:19Z" user="Autmn" uid="947413" lat="55.8658380" lon="37.4073867"/>
 <node id="1953812357" visible="true" version="1" changeset="13420377" timestamp="2012-10-08T23:57:19Z" user="Autmn" uid="947413" lat="55.8605048" lon="37.4066019"/>
 <node id="1953812365" visible="true" version="1" changeset="13420377" timestamp="2012-10-08T23:57:19Z" user="Autmn" uid="947413" lat="55.8651366" lon="37.4076121"/>
 <node id="1953812407" visible="true" version="1" changeset="13420377" timestamp="2012-10-08T23:57:20Z" user="Autmn" uid="947413" lat="55.8654226" lon="37.4074618"/>
 <node id="1953812414" visible="true" version="1" changeset="13420377" timestamp="2012-10-08T23:57:20Z" user="Autmn" uid="947413" lat="55.8615513" lon="37.4084704"/>
 <node id="1953812435" visible="true" version="1" changeset="13420377" timestamp="2012-10-08T23:57:20Z" user="Autmn" uid="947413" lat="55.8635321" lon="37.4088244"/>
 <node id="1953812438" visible="true" version="1" changeset="13420377" timestamp="2012-10-08T23:57:20Z" user="Autmn" uid="947413" lat="55.8623792" lon="37.4090122"/>
 <node id="1953812442" visible="true" version="1" changeset="13420377" timestamp="2012-10-08T23:57:20Z" user="Autmn" uid="947413" lat="55.8609143" lon="37.4070579"/>
 <node id="1953812447" visible="true" version="1" changeset="13420377" timestamp="2012-10-08T23:57:20Z" user="Autmn" uid="947413" lat="55.8638000" lon="37.4085347"/>
 <node id="1953812449" visible="true" version="1" changeset="13420377" timestamp="2012-10-08T23:57:20Z" user="Autmn" uid="947413" lat="55.8607716" lon="37.4067698"/>
 <node id="1953812494" visible="true" version="1" changeset="13420377" timestamp="2012-10-08T23:57:20Z" user="Autmn" uid="947413" lat="55.8666357" lon="37.4069308"/>
 <node id="1953812497" visible="true" version="1" changeset="13420377" timestamp="2012-10-08T23:57:20Z" user="Autmn" uid="947413" lat="55.8610907" lon="37.4074189"/>
 <node id="1953812499" visible="true" version="1" changeset="13420377" timestamp="2012-10-08T23:57:20Z" user="Autmn" uid="947413" lat="55.8632763" lon="37.4090497"/>
 <node id="1953812516" visible="true" version="1" changeset="13420377" timestamp="2012-10-08T23:57:20Z" user="Autmn" uid="947413" lat="55.8619095" lon="37.4088512"/>
 <node id="1953812517" visible="true" version="1" changeset="13420377" timestamp="2012-10-08T23:57:20Z" user="Autmn" uid="947413" lat="55.8629523" lon="37.4090317"/>
 <node id="1953812533" visible="true" version="1" changeset="13420377" timestamp="2012-10-08T23:57:21Z" user="Autmn" uid="947413" lat="55.8604266" lon="37.4062586"/>
 <node id="1953812571" visible="true" version="2" changeset="60154239" timestamp="2018-06-25T15:08:11Z" user="SemYakimov" uid="529155" lat="55.8614590" lon="37.4085022"/>
 <node id="1953812574" visible="true" version="1" changeset="13420377" timestamp="2012-10-08T23:57:21Z" user="Autmn" uid="947413" lat="55.8638723" lon="37.4084489"/>
 <node id="1953812580" visible="true" version="1" changeset="13420377" timestamp="2012-10-08T23:57:21Z" user="Autmn" uid="947413" lat="55.8652480" lon="37.4076335"/>
 <node id="1953812581" visible="true" version="1" changeset="13420377" timestamp="2012-10-08T23:57:21Z" user="Autmn" uid="947413" lat="55.8662805" lon="37.4071561"/>
 <node id="1953812589" visible="true" version="1" changeset="13420377" timestamp="2012-10-08T23:57:21Z" user="Autmn" uid="947413" lat="55.8602266" lon="37.4056862"/>
 <node id="1953812598" visible="true" version="1" changeset="13420377" timestamp="2012-10-08T23:57:21Z" user="Autmn" uid="947413" lat="55.8641131" lon="37.4084328"/>
 <node id="1953812600" visible="true" version="1" changeset="13420377" timestamp="2012-10-08T23:57:21Z" user="Autmn" uid="947413" lat="55.8625086" lon="37.4090551"/>
 <node id="1953812613" visible="true" version="1" changeset="13420377" timestamp="2012-10-08T23:57:21Z" user="Autmn" uid="947413" lat="55.8640288" lon="37.4084113"/>
 <node id="1953812624" visible="true" version="1" changeset="13420377" timestamp="2012-10-08T23:57:21Z" user="Autmn" uid="947413" lat="55.8648025" lon="37.4081002"/>
 <node id="1953812659" visible="true" version="1" changeset="13420377" timestamp="2012-10-08T23:57:22Z" user="Autmn" uid="947413" lat="55.8603392" lon="37.4059850"/>
 <node id="1953812672" visible="true" version="1" changeset="13420377" timestamp="2012-10-08T23:57:22Z" user="Autmn" uid="947413" lat="55.8639716" lon="37.4084382"/>
 <node id="1953812682" visible="true" version="1" changeset="13420377" timestamp="2012-10-08T23:57:22Z" user="Autmn" uid="947413" lat="55.8622768" lon="37.4088781"/>
 <node id="1953812743" visible="true" version="1" changeset="13420377" timestamp="2012-10-08T23:57:23Z" user="Autmn" uid="947413" lat="55.8616717" lon="37.4087064"/>
 <node id="1953812756" visible="true" version="1" changeset="13420377" timestamp="2012-10-08T23:57:23Z" user="Autmn" uid="947413" lat="55.8664189" lon="37.4069844"/>
 <node id="1953812766" visible="true" version="1" changeset="13420377" timestamp="2012-10-08T23:57:23Z" user="Autmn" uid="947413" lat="55.8650463" lon="37.4078213"/>
 <node id="1953812768" visible="true" version="1" changeset="13420377" timestamp="2012-10-08T23:57:23Z" user="Autmn" uid="947413" lat="55.8631107" lon="37.4091087"/>
 <node id="1953812799" visible="true" version="1" changeset="13420377" timestamp="2012-10-08T23:57:23Z" user="Autmn" uid="947413" lat="55.8643961" lon="37.4084221"/>
 <node id="1953812805" visible="true" version="1" changeset="13420377" timestamp="2012-10-08T23:57:23Z" user="Autmn" uid="947413" lat="55.8659885" lon="37.4072741"/>
 <node id="1954551326" visible="true" version="1" changeset="13423974" timestamp="2012-10-09T09:31:09Z" user="Autmn" uid="947413" lat="55.8588621" lon="37.4046094"/>
 <node id="2025128624" visible="true" version="2" changeset="120349284" timestamp="2022-04-29T13:38:50Z" user="somix" uid="12176526" lat="55.8523392" lon="37.4020543">
  <tag k="entrance" v="main"/>
  <tag k="name" v="Центр восстановительного лечения"/>
 </node>
 <node id="3103354831" visible="true" version="3" changeset="113615662" timestamp="2021-11-10T16:20:34Z" user="Grass-snake" uid="11321493" lat="55.8541070" lon="37.4019157"/>
 <node id="3103354832" visible="true" version="4" changeset="182074392" timestamp="2026-05-01T13:25:39Z" user="literan" uid="830106" lat="55.8539380" lon="37.4022883"/>
 <node id="3103354833" visible="true" version="4" changeset="182074392" timestamp="2026-05-01T13:25:39Z" user="literan" uid="830106" lat="55.8539410" lon="37.4023821"/>
 <node id="3103354834" visible="true" version="4" changeset="182074392" timestamp="2026-05-01T13:25:39Z" user="literan" uid="830106" lat="55.8539806" lon="37.4024137"/>
 <node id="3103354835" visible="true" version="4" changeset="182074392" timestamp="2026-05-01T13:25:39Z" user="literan" uid="830106" lat="55.8540125" lon="37.4023615"/>
 <node id="3103354836" visible="true" version="4" changeset="182074392" timestamp="2026-05-01T13:25:39Z" user="literan" uid="830106" lat="55.8540232" lon="37.4023178"/>
 <node id="3103354837" visible="true" version="4" changeset="182074392" timestamp="2026-05-01T13:25:39Z" user="literan" uid="830106" lat="55.8540738" lon="37.4023595"/>
 <node id="3103354839" visible="true" version="4" changeset="182074392" timestamp="2026-05-01T13:25:39Z" user="literan" uid="830106" lat="55.8541504" lon="37.4020649"/>
 <node id="3103354840" visible="true" version="4" changeset="182074392" timestamp="2026-05-01T13:25:39Z" user="literan" uid="830106" lat="55.8540822" lon="37.4020098"/>
 <node id="3103354841" visible="true" version="4" changeset="182074392" timestamp="2026-05-01T13:25:39Z" user="literan" uid="830106" lat="55.8540642" lon="37.4020806"/>
 <node id="3103354842" visible="true" version="4" changeset="182074392" timestamp="2026-05-01T13:25:39Z" user="literan" uid="830106" lat="55.8540000" lon="37.4020288"/>
 <node id="3191321533" visible="true" version="1" changeset="26840760" timestamp="2014-11-17T10:37:28Z" user="VikDD" uid="198482" lat="55.8514887" lon="37.4045063"/>
 <node id="3492916450" visible="true" version="2" changeset="182074392" timestamp="2026-05-01T13:25:39Z" user="literan" uid="830106" lat="55.8540201" lon="37.4027935"/>
 <node id="3492916451" visible="true" version="2" changeset="182074392" timestamp="2026-05-01T13:25:39Z" user="literan" uid="830106" lat="55.8539540" lon="37.4027052"/>
 <node id="3492916452" visible="true" version="2" changeset="182074392" timestamp="2026-05-01T13:25:39Z" user="literan" uid="830106" lat="55.8539070" lon="37.4028170"/>
 <node id="3492916453" visible="true" version="2" changeset="182074392" timestamp="2026-05-01T13:25:39Z" user="literan" uid="830106" lat="55.8539729" lon="37.4029052"/>
 <node id="3492916454" visible="true" version="2" changeset="182074392" timestamp="2026-05-01T13:25:39Z" user="literan" uid="830106" lat="55.8537133" lon="37.4021361"/>
 <node id="3492916455" visible="true" version="2" changeset="182074392" timestamp="2026-05-01T13:25:39Z" user="literan" uid="830106" lat="55.8537593" lon="37.4020116"/>
 <node id="3492916456" visible="true" version="2" changeset="182074392" timestamp="2026-05-01T13:25:39Z" user="literan" uid="830106" lat="55.8536765" lon="37.4019143"/>
 <node id="3492916457" visible="true" version="2" changeset="182074392" timestamp="2026-05-01T13:25:39Z" user="literan" uid="830106" lat="55.8536305" lon="37.4020389"/>
 <node id="3492916458" visible="true" version="2" changeset="182074392" timestamp="2026-05-01T13:25:39Z" user="literan" uid="830106" lat="55.8542613" lon="37.4018701">
  <tag k="access" v="permissive"/>
  <tag k="amenity" v="toilets"/>
 </node>
 <node id="3492934179" visible="true" version="2" changeset="182074392" timestamp="2026-05-01T13:25:39Z" user="literan" uid="830106" lat="55.8537764" lon="37.4019313">
  <tag k="leisure" v="playground"/>
 </node>
 <node id="3492934181" visible="true" version="2" changeset="49170272" timestamp="2017-06-01T16:33:57Z" user="SemYakimov" uid="529155" lat="55.8532263" lon="37.4007882"/>
 <node id="3492934182" visible="true" version="2" changeset="49170272" timestamp="2017-06-01T16:33:57Z" user="SemYakimov" uid="529155" lat="55.8531173" lon="37.4005682"/>
 <node id="3492934183" visible="true" version="2" changeset="49170272" timestamp="2017-06-01T16:33:57Z" user="SemYakimov" uid="529155" lat="55.8532369" lon="37.4003800"/>
 <node id="3492934184" visible="true" version="2" changeset="49170272" timestamp="2017-06-01T16:33:57Z" user="SemYakimov" uid="529155" lat="55.8533577" lon="37.4006237"/>
 <node id="3492934185" visible="true" version="2" changeset="49170272" timestamp="2017-06-01T16:33:57Z" user="SemYakimov" uid="529155" lat="55.8534247" lon="37.4005182"/>
 <node id="3492934186" visible="true" version="2" changeset="49170272" timestamp="2017-06-01T16:33:57Z" user="SemYakimov" uid="529155" lat="55.8535036" lon="37.4006773"/>
 <node id="3492934187" visible="true" version="2" changeset="49170272" timestamp="2017-06-01T16:33:57Z" user="SemYakimov" uid="529155" lat="55.8535228" lon="37.4006471"/>
 <node id="3492934188" visible="true" version="2" changeset="49170272" timestamp="2017-06-01T16:33:57Z" user="SemYakimov" uid="529155" lat="55.8536139" lon="37.4008310"/>
 <node id="3492934189" visible="true" version="2" changeset="49170272" timestamp="2017-06-01T16:33:57Z" user="SemYakimov" uid="529155" lat="55.8536538" lon="37.4007682"/>
 <node id="3492934190" visible="true" version="2" changeset="49170272" timestamp="2017-06-01T16:33:57Z" user="SemYakimov" uid="529155" lat="55.8537360" lon="37.4009340"/>
 <node id="3492934191" visible="true" version="2" changeset="49170272" timestamp="2017-06-01T16:33:57Z" user="SemYakimov" uid="529155" lat="55.8537663" lon="37.4008863"/>
 <node id="3492934192" visible="true" version="2" changeset="49170272" timestamp="2017-06-01T16:33:57Z" user="SemYakimov" uid="529155" lat="55.8538556" lon="37.4010667"/>
 <node id="3492934793" visible="true" version="2" changeset="49170272" timestamp="2017-06-01T16:33:57Z" user="SemYakimov" uid="529155" lat="55.8538838" lon="37.4010223"/>
 <node id="3492934794" visible="true" version="2" changeset="49170272" timestamp="2017-06-01T16:33:57Z" user="SemYakimov" uid="529155" lat="55.8539739" lon="37.4012040"/>
 <node id="3492934795" visible="true" version="2" changeset="49170272" timestamp="2017-06-01T16:33:57Z" user="SemYakimov" uid="529155" lat="55.8538549" lon="37.4013913"/>
 <node id="3492934797" visible="true" version="2" changeset="49170272" timestamp="2017-06-01T16:33:57Z" user="SemYakimov" uid="529155" lat="55.8536905" lon="37.4010596"/>
 <node id="3492934798" visible="true" version="2" changeset="49170272" timestamp="2017-06-01T16:33:57Z" user="SemYakimov" uid="529155" lat="55.8536375" lon="37.4011429"/>
 <node id="3492934799" visible="true" version="2" changeset="49170272" timestamp="2017-06-01T16:33:57Z" user="SemYakimov" uid="529155" lat="55.8535531" lon="37.4009727"/>
 <node id="3492934800" visible="true" version="2" changeset="49170272" timestamp="2017-06-01T16:33:57Z" user="SemYakimov" uid="529155" lat="55.8535169" lon="37.4010298"/>
 <node id="3492934801" visible="true" version="2" changeset="49170272" timestamp="2017-06-01T16:33:57Z" user="SemYakimov" uid="529155" lat="55.8534237" lon="37.4008419"/>
 <node id="3492934802" visible="true" version="2" changeset="49170272" timestamp="2017-06-01T16:33:57Z" user="SemYakimov" uid="529155" lat="55.8533811" lon="37.4009089"/>
 <node id="3492934803" visible="true" version="2" changeset="49170272" timestamp="2017-06-01T16:33:57Z" user="SemYakimov" uid="529155" lat="55.8532964" lon="37.4007379"/>
 <node id="3492934804" visible="true" version="2" changeset="49170272" timestamp="2017-06-01T16:33:57Z" user="SemYakimov" uid="529155" lat="55.8532797" lon="37.4007043"/>
 <node id="4031278947" visible="true" version="33" changeset="182031282" timestamp="2026-04-30T12:22:07Z" user="literan" uid="830106" lat="55.8542592" lon="37.4025133">
  <tag k="check_date" v="2026-04-30"/>
  <tag k="name" v="АТЦ &quot;Статус-Авто&quot;"/>
  <tag k="shop" v="car_repair"/>
 </node>
 <node id="4121575036" visible="true" version="2" changeset="113615662" timestamp="2021-11-10T16:20:34Z" user="Grass-snake" uid="11321493" lat="55.8548019" lon="37.4022127"/>
 <node id="4121575037" visible="true" version="1" changeset="38561911" timestamp="2016-04-14T17:13:26Z" user="SemYakimov" uid="529155" lat="55.8549633" lon="37.4024425"/>
 <node id="4121575038" visible="true" version="1" changeset="38561911" timestamp="2016-04-14T17:13:26Z" user="SemYakimov" uid="529155" lat="55.8551304" lon="37.4028081"/>
 <node id="4121575039" visible="true" version="1" changeset="38561911" timestamp="2016-04-14T17:13:26Z" user="SemYakimov" uid="529155" lat="55.8552271" lon="37.4033410"/>
 <node id="4121575040" visible="true" version="1" changeset="38561911" timestamp="2016-04-14T17:13:26Z" user="SemYakimov" uid="529155" lat="55.8553268" lon="37.4040305"/>
 <node id="4121575041" visible="true" version="1" changeset="38561911" timestamp="2016-04-14T17:13:26Z" user="SemYakimov" uid="529155" lat="55.8554441" lon="37.4042395"/>
 <node id="4121575042" visible="true" version="1" changeset="38561911" timestamp="2016-04-14T17:13:26Z" user="SemYakimov" uid="529155" lat="55.8556376" lon="37.4045216"/>
 <node id="4121575043" visible="true" version="1" changeset="38561911" timestamp="2016-04-14T17:13:26Z" user="SemYakimov" uid="529155" lat="55.8557373" lon="37.4048716"/>
 <node id="5561978642" visible="true" version="1" changeset="58200756" timestamp="2018-04-18T13:13:40Z" user="ghost_07" uid="396906" lat="55.8540346" lon="37.4030346"/>
 <node id="5561978643" visible="true" version="3" changeset="182074392" timestamp="2026-05-01T13:25:39Z" user="literan" uid="830106" lat="55.8543025" lon="37.4017924"/>
 <node id="5561978644" visible="true" version="1" changeset="58200756" timestamp="2018-04-18T13:13:40Z" user="ghost_07" uid="396906" lat="55.8534138" lon="37.4025208"/>
 <node id="5561978645" visible="true" version="1" changeset="58200756" timestamp="2018-04-18T13:13:40Z" user="ghost_07" uid="396906" lat="55.8514918" lon="37.3987629"/>
 <node id="5561978647" visible="true" version="1" changeset="58200756" timestamp="2018-04-18T13:13:40Z" user="ghost_07" uid="396906" lat="55.8542143" lon="37.4016182"/>
 <node id="5561978648" visible="true" version="1" changeset="58200756" timestamp="2018-04-18T13:13:40Z" user="ghost_07" uid="396906" lat="55.8542612" lon="37.4015868"/>
 <node id="5561978649" visible="true" version="1" changeset="58200756" timestamp="2018-04-18T13:13:40Z" user="ghost_07" uid="396906" lat="55.8542771" lon="37.4015444"/>
 <node id="5561978650" visible="true" version="1" changeset="58200756" timestamp="2018-04-18T13:13:40Z" user="ghost_07" uid="396906" lat="55.8542771" lon="37.4014523"/>
 <node id="5561978651" visible="true" version="1" changeset="58200756" timestamp="2018-04-18T13:13:40Z" user="ghost_07" uid="396906" lat="55.8542513" lon="37.4013603"/>
 <node id="5561978652" visible="true" version="1" changeset="58200756" timestamp="2018-04-18T13:13:40Z" user="ghost_07" uid="396906" lat="55.8542017" lon="37.4012011"/>
 <node id="5561978653" visible="true" version="1" changeset="58200756" timestamp="2018-04-18T13:13:40Z" user="ghost_07" uid="396906" lat="55.8540825" lon="37.4009887"/>
 <node id="5561978654" visible="true" version="1" changeset="58200756" timestamp="2018-04-18T13:13:40Z" user="ghost_07" uid="396906" lat="55.8539931" lon="37.4008117"/>
 <node id="5561978655" visible="true" version="1" changeset="58200756" timestamp="2018-04-18T13:13:40Z" user="ghost_07" uid="396906" lat="55.8534686" lon="37.4002844"/>
 <node id="5561978656" visible="true" version="1" changeset="58200756" timestamp="2018-04-18T13:13:40Z" user="ghost_07" uid="396906" lat="55.8534050" lon="37.4001818"/>
 <node id="5561978657" visible="true" version="2" changeset="113615662" timestamp="2021-11-10T16:20:34Z" user="Grass-snake" uid="11321493" lat="55.8544423" lon="37.4038067"/>
 <node id="5718064586" visible="true" version="1" changeset="60154239" timestamp="2018-06-25T15:08:09Z" user="SemYakimov" uid="529155" lat="55.8614289" lon="37.4084365"/>
 <node id="9146138551" visible="true" version="3" changeset="182074392" timestamp="2026-05-01T13:25:39Z" user="literan" uid="830106" lat="55.8515539" lon="37.3986884"/>
 <node id="9241071947" visible="true" version="1" changeset="113615662" timestamp="2021-11-10T16:20:34Z" user="Grass-snake" uid="11321493" lat="55.8524062" lon="37.3998823"/>
 <node id="9241071948" visible="true" version="1" changeset="113615662" timestamp="2021-11-10T16:20:34Z" user="Grass-snake" uid="11321493" lat="55.8524408" lon="37.3998206"/>
 <node id="9327304079" visible="true" version="1" changeset="114786353" timestamp="2021-12-10T13:49:39Z" user="dmitrу" uid="14503628" lat="55.8517615" lon="37.4019947"/>
 <node id="9327304081" visible="true" version="1" changeset="114786353" timestamp="2021-12-10T13:49:39Z" user="dmitrу" uid="14503628" lat="55.8520087" lon="37.4014381"/>
 <node id="9327304084" visible="true" version="1" changeset="114786353" timestamp="2021-12-10T13:49:39Z" user="dmitrу" uid="14503628" lat="55.8517717" lon="37.4018312"/>
 <node id="9703029845" visible="true" version="1" changeset="120349284" timestamp="2022-04-29T13:38:50Z" user="somix" uid="12176526" lat="55.8517842" lon="37.4008260"/>
 <node id="9703029846" visible="true" version="1" changeset="120349284" timestamp="2022-04-29T13:38:50Z" user="somix" uid="12176526" lat="55.8517884" lon="37.4008560"/>
 <node id="9703029847" visible="true" version="1" changeset="120349284" timestamp="2022-04-29T13:38:50Z" user="somix" uid="12176526" lat="55.8518375" lon="37.4008019"/>
 <node id="9703029848" visible="true" version="1" changeset="120349284" timestamp="2022-04-29T13:38:50Z" user="somix" uid="12176526" lat="55.8518514" lon="37.4008993"/>
 <node id="9703029849" visible="true" version="1" changeset="120349284" timestamp="2022-04-29T13:38:50Z" user="somix" uid="12176526" lat="55.8515806" lon="37.4008006"/>
 <node id="9703029850" visible="true" version="1" changeset="120349284" timestamp="2022-04-29T13:38:50Z" user="somix" uid="12176526" lat="55.8515841" lon="37.4008258"/>
 <node id="9703029851" visible="true" version="1" changeset="120349284" timestamp="2022-04-29T13:38:50Z" user="somix" uid="12176526" lat="55.8516251" lon="37.4007805"/>
 <node id="9703029852" visible="true" version="1" changeset="120349284" timestamp="2022-04-29T13:38:50Z" user="somix" uid="12176526" lat="55.8516373" lon="37.4008668"/>
 <node id="9703029853" visible="true" version="1" changeset="120349284" timestamp="2022-04-29T13:38:50Z" user="somix" uid="12176526" lat="55.8517056" lon="37.4008361"/>
 <node id="9703029854" visible="true" version="1" changeset="120349284" timestamp="2022-04-29T13:38:50Z" user="somix" uid="12176526" lat="55.8516023" lon="37.4011662"/>
 <node id="9703029855" visible="true" version="1" changeset="120349284" timestamp="2022-04-29T13:38:50Z" user="somix" uid="12176526" lat="55.8516976" lon="37.4011232"/>
 <node id="9703029856" visible="true" version="1" changeset="120349284" timestamp="2022-04-29T13:38:50Z" user="somix" uid="12176526" lat="55.8517038" lon="37.4011669"/>
 <node id="9703029857" visible="true" version="1" changeset="120349284" timestamp="2022-04-29T13:38:50Z" user="somix" uid="12176526" lat="55.8517382" lon="37.4011514"/>
 <node id="9703029858" visible="true" version="1" changeset="120349284" timestamp="2022-04-29T13:38:50Z" user="somix" uid="12176526" lat="55.8517132" lon="37.4008899"/>
 <node id="9703029859" visible="true" version="1" changeset="120349284" timestamp="2022-04-29T13:38:50Z" user="somix" uid="12176526" lat="55.8518876" lon="37.4008829"/>
 <node id="9703029860" visible="true" version="1" changeset="120349284" timestamp="2022-04-29T13:38:50Z" user="somix" uid="12176526" lat="55.8518886" lon="37.4008895"/>
 <node id="9703029861" visible="true" version="1" changeset="120349284" timestamp="2022-04-29T13:38:50Z" user="somix" uid="12176526" lat="55.8517484" lon="37.4012228"/>
 <node id="9703029862" visible="true" version="1" changeset="120349284" timestamp="2022-04-29T13:38:50Z" user="somix" uid="12176526" lat="55.8518842" lon="37.4011615"/>
 <node id="9703029863" visible="true" version="1" changeset="120349284" timestamp="2022-04-29T13:38:50Z" user="somix" uid="12176526" lat="55.8518960" lon="37.4012448"/>
 <node id="9703029864" visible="true" version="1" changeset="120349284" timestamp="2022-04-29T13:38:50Z" user="somix" uid="12176526" lat="55.8520219" lon="37.4011880"/>
 <node id="9703029865" visible="true" version="1" changeset="120349284" timestamp="2022-04-29T13:38:50Z" user="somix" uid="12176526" lat="55.8521108" lon="37.4007893"/>
 <node id="9703029866" visible="true" version="1" changeset="120349284" timestamp="2022-04-29T13:38:50Z" user="somix" uid="12176526" lat="55.8521183" lon="37.4008423"/>
 <node id="9703029867" visible="true" version="1" changeset="120349284" timestamp="2022-04-29T13:38:50Z" user="somix" uid="12176526" lat="55.8521285" lon="37.4008378"/>
 <node id="9703029868" visible="true" version="1" changeset="120349284" timestamp="2022-04-29T13:38:50Z" user="somix" uid="12176526" lat="55.8521372" lon="37.4008989"/>
 <node id="9703029869" visible="true" version="1" changeset="120349284" timestamp="2022-04-29T13:38:50Z" user="somix" uid="12176526" lat="55.8522316" lon="37.4008563"/>
 <node id="9703029870" visible="true" version="1" changeset="120349284" timestamp="2022-04-29T13:38:50Z" user="somix" uid="12176526" lat="55.8522419" lon="37.4009293"/>
 <node id="9703029871" visible="true" version="1" changeset="120349284" timestamp="2022-04-29T13:38:50Z" user="somix" uid="12176526" lat="55.8520285" lon="37.4012345"/>
 <node id="9703029872" visible="true" version="1" changeset="120349284" timestamp="2022-04-29T13:38:50Z" user="somix" uid="12176526" lat="55.8523043" lon="37.4011101"/>
 <node id="13784776986" visible="true" version="1" changeset="182074392" timestamp="2026-05-01T13:25:39Z" user="literan" uid="830106" lat="55.8525659" lon="37.4001872"/>
 <node id="13784776987" visible="true" version="1" changeset="182074392" timestamp="2026-05-01T13:25:39Z" user="literan" uid="830106" lat="55.8525336" lon="37.4001255"/>
 <node id="13784776988" visible="true" version="1" changeset="182074392" timestamp="2026-05-01T13:25:39Z" user="literan" uid="830106" lat="55.8525673" lon="37.4000694"/>
 <node id="13784776989" visible="true" version="1" changeset="182074392" timestamp="2026-05-01T13:25:39Z" user="literan" uid="830106" lat="55.8525997" lon="37.4001311"/>
 <node id="13784776990" visible="true" version="1" changeset="182074392" timestamp="2026-05-01T13:25:39Z" user="literan" uid="830106" lat="55.8525742" lon="37.3999071"/>
 <node id="13784776991" visible="true" version="1" changeset="182074392" timestamp="2026-05-01T13:25:39Z" user="literan" uid="830106" lat="55.8526720" lon="37.4000842"/>
 <node id="13784776992" visible="true" version="1" changeset="182074392" timestamp="2026-05-01T13:25:39Z" user="literan" uid="830106" lat="55.8542224" lon="37.4020929">
  <tag k="denomination" v="russian_orthodox"/>
  <tag k="historic" v="wayside_shrine"/>
  <tag k="religion" v="christian"/>
 </node>
 <node id="13784776993" visible="true" version="1" changeset="182074392" timestamp="2026-05-01T13:25:39Z" user="literan" uid="830106" lat="55.8542513" lon="37.4020421">
  <tag k="level" v="0"/>
  <tag k="shop" v="religion"/>
  <tag k="wheelchair" v="no"/>
 </node>
 <node id="13784776994" visible="true" version="1" changeset="182074392" timestamp="2026-05-01T13:25:39Z" user="literan" uid="830106" lat="55.8539065" lon="37.4024498">
  <tag k="man_made" v="cross"/>
 </node>
 <node id="13784776995" visible="true" version="1" changeset="182074392" timestamp="2026-05-01T13:25:39Z" user="literan" uid="830106" lat="55.8539366" lon="37.4024954">
  <tag k="man_made" v="cross"/>
 </node>
 <node id="13784776996" visible="true" version="1" changeset="182074392" timestamp="2026-05-01T13:25:39Z" user="literan" uid="830106" lat="55.8536265" lon="37.4016787">
  <tag k="leisure" v="playground"/>
 </node>
 <node id="13784776997" visible="true" version="1" changeset="182074392" timestamp="2026-05-01T13:25:39Z" user="literan" uid="830106" lat="55.8535467" lon="37.4015459">
  <tag k="communication:mobile_phone" v="yes"/>
  <tag k="man_made" v="mast"/>
  <tag k="material" v="steel"/>
  <tag k="tower:construction" v="freestanding"/>
  <tag k="tower:type" v="communication"/>
 </node>
 <node id="13784776998" visible="true" version="1" changeset="182074392" timestamp="2026-05-01T13:25:39Z" user="literan" uid="830106" lat="55.8539667" lon="37.4014668">
  <tag k="man_made" v="cross"/>
 </node>
 <node id="13784776999" visible="true" version="1" changeset="182074392" timestamp="2026-05-01T13:25:39Z" user="literan" uid="830106" lat="55.8541880" lon="37.4018008">
  <tag k="amenity" v="place_of_worship"/>
  <tag k="building" v="chapel"/>
  <tag k="denomination" v="russian_orthodox"/>
  <tag k="religion" v="christian"/>
 </node>
 <node id="13784777000" visible="true" version="1" changeset="182074392" timestamp="2026-05-01T13:25:39Z" user="literan" uid="830106" lat="55.8539050" lon="37.4017578">
  <tag k="natural" v="stone"/>
 </node>
 <node id="13784787401" visible="true" version="1" changeset="182074392" timestamp="2026-05-01T13:25:39Z" user="literan" uid="830106" lat="55.8535233" lon="37.4012633"/>
 <node id="13784787402" visible="true" version="1" changeset="182074392" timestamp="2026-05-01T13:25:39Z" user="literan" uid="830106" lat="55.8537499" lon="37.4014966"/>
 <node id="13784787403" visible="true" version="1" changeset="182074392" timestamp="2026-05-01T13:25:39Z" user="literan" uid="830106" lat="55.8535452" lon="37.4011959"/>
 <node id="13784787404" visible="true" version="1" changeset="182074392" timestamp="2026-05-01T13:25:39Z" user="literan" uid="830106" lat="55.8537717" lon="37.4014293"/>
 <node id="13784787405" visible="true" version="1" changeset="182074392" timestamp="2026-05-01T13:25:39Z" user="literan" uid="830106" lat="55.8537032" lon="37.4016452"/>
 <node id="13784787406" visible="true" version="1" changeset="182074392" timestamp="2026-05-01T13:25:39Z" user="literan" uid="830106" lat="55.8529113" lon="37.3990220"/>
 <node id="13784787407" visible="true" version="1" changeset="182074392" timestamp="2026-05-01T13:25:39Z" user="literan" uid="830106" lat="55.8530724" lon="37.3994565"/>
 <node id="13784787408" visible="true" version="1" changeset="182074392" timestamp="2026-05-01T13:25:39Z" user="literan" uid="830106" lat="55.8532711" lon="37.3999259"/>
 <node id="13784787409" visible="true" version="1" changeset="182074392" timestamp="2026-05-01T13:25:39Z" user="literan" uid="830106" lat="55.8526042" lon="37.3986545"/>
 <node id="13784787410" visible="true" version="1" changeset="182074392" timestamp="2026-05-01T13:25:39Z" user="literan" uid="830106" lat="55.8528330" lon="37.3990166"/>
 <node id="13784787411" visible="true" version="1" changeset="182074392" timestamp="2026-05-01T13:25:39Z" user="literan" uid="830106" lat="55.8531898" lon="37.3999152"/>
 <node id="13784787412" visible="true" version="1" changeset="182074392" timestamp="2026-05-01T13:25:39Z" user="literan" uid="830106" lat="55.8533705" lon="37.4002451"/>
 <node id="13784787413" visible="true" version="1" changeset="182074392" timestamp="2026-05-01T13:25:39Z" user="literan" uid="830106" lat="55.8535843" lon="37.4004650"/>
 <node id="13784787414" visible="true" version="1" changeset="182074392" timestamp="2026-05-01T13:25:39Z" user="literan" uid="830106" lat="55.8538764" lon="37.4007681"/>
 <node id="13784787415" visible="true" version="1" changeset="182074392" timestamp="2026-05-01T13:25:39Z" user="literan" uid="830106" lat="55.8540691" lon="37.4010739"/>
 <node id="13784787416" visible="true" version="1" changeset="182074392" timestamp="2026-05-01T13:25:39Z" user="literan" uid="830106" lat="55.8538613" lon="37.4014655"/>
 <node id="13784787417" visible="true" version="1" changeset="182074392" timestamp="2026-05-01T13:25:39Z" user="literan" uid="830106" lat="55.8533795" lon="37.4010015"/>
 <node id="13784787418" visible="true" version="1" changeset="182074392" timestamp="2026-05-01T13:25:39Z" user="literan" uid="830106" lat="55.8532260" lon="37.4008271"/>
 <node id="13784787419" visible="true" version="1" changeset="182074392" timestamp="2026-05-01T13:25:39Z" user="literan" uid="830106" lat="55.8523753" lon="37.3993117"/>
 <node id="13784787420" visible="true" version="1" changeset="182074392" timestamp="2026-05-01T13:25:39Z" user="literan" uid="830106" lat="55.8521179" lon="37.3989603"/>
 <node id="13784787421" visible="true" version="1" changeset="182074392" timestamp="2026-05-01T13:25:39Z" user="literan" uid="830106" lat="55.8520611" lon="37.3983188"/>
 <node id="13784787422" visible="true" version="1" changeset="182074392" timestamp="2026-05-01T13:25:39Z" user="literan" uid="830106" lat="55.8519643" lon="37.3988450"/>
 <node id="13784787423" visible="true" version="1" changeset="182074392" timestamp="2026-05-01T13:25:39Z" user="literan" uid="830106" lat="55.8531750" lon="37.4022225"/>
 <node id="13784787424" visible="true" version="1" changeset="182074392" timestamp="2026-05-01T13:25:39Z" user="literan" uid="830106" lat="55.8534834" lon="37.4014413"/>
 <node id="13784787425" visible="true" version="1" changeset="182074392" timestamp="2026-05-01T13:25:39Z" user="literan" uid="830106" lat="55.8533509" lon="37.4012455"/>
 <node id="13784787426" visible="true" version="1" changeset="182074392" timestamp="2026-05-01T13:25:39Z" user="literan" uid="830106" lat="55.8530242" lon="37.4007225"/>
 <node id="13784787427" visible="true" version="1" changeset="182074392" timestamp="2026-05-01T13:25:39Z" user="literan" uid="830106" lat="55.8524115" lon="37.3996121"/>
 <node id="13784787428" visible="true" version="1" changeset="182074392" timestamp="2026-05-01T13:25:39Z" user="literan" uid="830106" lat="55.8523091" lon="37.3994216"/>
 <node id="13784787429" visible="true" version="1" changeset="182074392" timestamp="2026-05-01T13:25:39Z" user="literan" uid="830106" lat="55.8521781" lon="37.3992392"/>
 <node id="13784787430" visible="true" version="1" changeset="182074392" timestamp="2026-05-01T13:25:39Z" user="literan" uid="830106" lat="55.8520471" lon="37.3991239"/>
 <node id="13784787431" visible="true" version="1" changeset="182074392" timestamp="2026-05-01T13:25:39Z" user="literan" uid="830106" lat="55.8517761" lon="37.3989308"/>
 <way id="36072232" visible="true" version="17" changeset="182074392" timestamp="2026-05-01T13:25:39Z" user="literan" uid="830106">
  <nd ref="421419550"/>
  <nd ref="1230451920"/>
  <nd ref="1230451795"/>
  <nd ref="421419551"/>
  <nd ref="13784787423"/>
 </way>
 <way id="48608691" visible="true" version="3" changeset="6439610" timestamp="2010-11-23T13:59:15Z" user="Amigo" uid="206282">
  <nd ref="617334839"/>
  <nd ref="617334842"/>
  <nd ref="617334847"/>
  <nd ref="617334851"/>
  <nd ref="617334839"/>
  <tag k="addr:city" v="Москва"/>
  <tag k="addr:country" v="RU"/>
  <tag k="addr:housenumber" v="28 с7"/>
  <tag k="addr:street" v="улица Героев Панфиловцев"/>
  <tag k="building" v="yes"/>
 </way>
 <way id="48608699" visible="true" version="2" changeset="5543243" timestamp="2010-08-20T11:55:57Z" user="zss" uid="193855">
  <nd ref="617335071"/>
  <nd ref="617335083"/>
  <nd ref="617335093"/>
  <nd ref="617335099"/>
  <nd ref="617335071"/>
  <tag k="addr:city" v="Москва"/>
  <tag k="addr:country" v="RU"/>
  <tag k="building" v="yes"/>
  <tag k="name" v="Архив рентгенпленки"/>
 </way>
 <way id="48608776" visible="true" version="6" changeset="8948235" timestamp="2011-08-07T15:16:48Z" user="Shiz0" uid="261170">
  <nd ref="617335363"/>
  <nd ref="617335366"/>
  <nd ref="617335368"/>
  <nd ref="617335370"/>
  <nd ref="617335372"/>
  <nd ref="617335373"/>
  <nd ref="617335374"/>
  <nd ref="617335375"/>
  <nd ref="617335376"/>
  <nd ref="617335377"/>
  <nd ref="617335379"/>
  <nd ref="617335382"/>
  <nd ref="617335384"/>
  <nd ref="617335387"/>
  <nd ref="617335390"/>
  <nd ref="617335392"/>
  <nd ref="617335394"/>
  <nd ref="617335396"/>
  <nd ref="617335397"/>
  <nd ref="617335398"/>
  <nd ref="617335399"/>
  <nd ref="617335400"/>
  <nd ref="617335401"/>
  <nd ref="617335402"/>
  <nd ref="617335403"/>
  <nd ref="617335405"/>
  <nd ref="617335406"/>
  <nd ref="617335408"/>
  <nd ref="617335363"/>
  <tag k="addr:city" v="Москва"/>
  <tag k="addr:country" v="RU"/>
  <tag k="addr:housenumber" v="28 с2"/>
  <tag k="addr:street" v="улица Героев Панфиловцев"/>
  <tag k="building" v="yes"/>
  <tag k="name" v="Инфекционное отделение - Корпус 2"/>
  <tag k="source" v="http://tdgb-mos.ru/information/plan/"/>
 </way>
 <way id="86219641" visible="true" version="5" changeset="145802021" timestamp="2024-01-02T15:03:11Z" user="ig4map" uid="599809">
  <nd ref="1000840224"/>
  <nd ref="1000840225"/>
  <nd ref="1000840226"/>
  <nd ref="1000840230"/>
  <nd ref="1000840224"/>
  <tag k="addr:city" v="Москва"/>
  <tag k="addr:country" v="RU"/>
  <tag k="addr:housenumber" v="2 к2"/>
  <tag k="addr:street" v="улица Саломеи Нерис"/>
  <tag k="building" v="detached"/>
  <tag k="building:levels" v="3"/>
 </way>
 <way id="86219642" visible="true" version="5" changeset="145144231" timestamp="2023-12-15T10:11:04Z" user="ig4map" uid="599809">
  <nd ref="1000840233"/>
  <nd ref="9241071947"/>
  <nd ref="9241071948"/>
  <nd ref="1000840235"/>
  <nd ref="1000840236"/>
  <nd ref="1000840237"/>
  <nd ref="1000840233"/>
  <tag k="addr:city" v="Москва"/>
  <tag k="addr:country" v="RU"/>
  <tag k="addr:housenumber" v="2 к3"/>
  <tag k="addr:street" v="улица Саломеи Нерис"/>
  <tag k="building" v="detached"/>
 </way>
 <way id="86219643" visible="true" version="5" changeset="145802021" timestamp="2024-01-02T15:03:11Z" user="ig4map" uid="599809">
  <nd ref="1000840240"/>
  <nd ref="1000840241"/>
  <nd ref="1000840242"/>
  <nd ref="1000840244"/>
  <nd ref="1000840240"/>
  <tag k="addr:city" v="Москва"/>
  <tag k="addr:country" v="RU"/>
  <tag k="addr:housenumber" v="4"/>
  <tag k="addr:street" v="улица Саломеи Нерис"/>
  <tag k="building" v="detached"/>
  <tag k="building:levels" v="3"/>
 </way>
 <way id="86219644" visible="true" version="5" changeset="145802021" timestamp="2024-01-02T15:03:11Z" user="ig4map" uid="599809">
  <nd ref="1000840247"/>
  <nd ref="1000840248"/>
  <nd ref="1000840249"/>
  <nd ref="1000840252"/>
  <nd ref="1000840247"/>
  <tag k="addr:city" v="Москва"/>
  <tag k="addr:country" v="RU"/>
  <tag k="addr:housenumber" v="4 к1"/>
  <tag k="addr:street" v="улица Саломеи Нерис"/>
  <tag k="building" v="detached"/>
  <tag k="building:levels" v="3"/>
  <tag k="fixme" v="нужно проверить адреса у домов вокруг"/>
 </way>
 <way id="86219645" visible="true" version="4" changeset="145144231" timestamp="2023-12-15T10:11:04Z" user="ig4map" uid="599809">
  <nd ref="1000840260"/>
  <nd ref="9703029854"/>
  <nd ref="9703029855"/>
  <nd ref="9703029856"/>
  <nd ref="9703029857"/>
  <nd ref="9703029861"/>
  <nd ref="9703029862"/>
  <nd ref="9703029863"/>
  <nd ref="9703029864"/>
  <nd ref="9703029871"/>
  <nd ref="9703029872"/>
  <nd ref="1000840262"/>
  <nd ref="1000840263"/>
  <nd ref="1000840265"/>
  <nd ref="9703029870"/>
  <nd ref="9703029869"/>
  <nd ref="9703029868"/>
  <nd ref="9703029867"/>
  <nd ref="9703029866"/>
  <nd ref="9703029865"/>
  <nd ref="9703029860"/>
  <nd ref="9703029859"/>
  <nd ref="9703029848"/>
  <nd ref="9703029847"/>
  <nd ref="9703029845"/>
  <nd ref="9703029846"/>
  <nd ref="9703029858"/>
  <nd ref="9703029853"/>
  <nd ref="9703029852"/>
  <nd ref="9703029851"/>
  <nd ref="9703029849"/>
  <nd ref="9703029850"/>
  <nd ref="1000840260"/>
  <tag k="addr:city" v="Москва"/>
  <tag k="addr:country" v="RU"/>
  <tag k="addr:housenumber" v="2 к7"/>
  <tag k="addr:street" v="улица Саломеи Нерис"/>
  <tag k="building" v="terrace"/>
 </way>
 <way id="103152191" visible="true" version="2" changeset="11123401" timestamp="2012-03-28T06:15:30Z" user="iWowik" uid="481934">
  <nd ref="1191068514"/>
  <nd ref="1191068522"/>
  <nd ref="1191068550"/>
  <nd ref="1191068555"/>
  <nd ref="1191068514"/>
  <tag k="addr:city" v="Москва"/>
  <tag k="addr:country" v="RU"/>
  <tag k="addr:housenumber" v="28 с8"/>
  <tag k="addr:street" v="улица Героев Панфиловцев"/>
  <tag k="building" v="yes"/>
 </way>
 <way id="124978055" visible="true" version="3" changeset="120349284" timestamp="2022-04-29T13:38:50Z" user="somix" uid="12176526">
  <nd ref="1389311793"/>
  <nd ref="1389311759"/>
  <nd ref="1389311725"/>
  <nd ref="1389311723"/>
  <nd ref="1389311718"/>
  <nd ref="1389311709"/>
  <nd ref="1389311714"/>
  <nd ref="1389311787"/>
  <nd ref="1389311791"/>
  <nd ref="1389311793"/>
  <tag k="addr:city" v="Москва"/>
  <tag k="addr:country" v="RU"/>
  <tag k="addr:postcode" v="125480"/>
  <tag k="addr:street" v="улица Героев Панфиловцев"/>
  <tag k="building" v="yes"/>
  <tag k="name" v="Корпус 2А"/>
  <tag k="source" v="http://tdgb-mos.ru/information/plan/"/>
 </way>
 <way id="124978056" visible="true" version="2" changeset="8948235" timestamp="2011-08-07T15:16:51Z" user="Shiz0" uid="261170">
  <nd ref="1389311787"/>
  <nd ref="1389311714"/>
  <nd ref="1389311739"/>
  <nd ref="1389311775"/>
  <nd ref="1389311789"/>
  <nd ref="1389311828"/>
  <nd ref="1389311787"/>
  <tag k="addr:city" v="Москва"/>
  <tag k="addr:country" v="RU"/>
  <tag k="addr:postcode" v="125480"/>
  <tag k="addr:street" v="улица Героев Панфиловцев"/>
  <tag k="building" v="yes"/>
  <tag k="name" v="Корпус 2Б"/>
  <tag k="source" v="http://tdgb-mos.ru/information/plan/"/>
 </way>
 <way id="124978057" visible="true" version="2" changeset="8948235" timestamp="2011-08-07T15:16:52Z" user="Shiz0" uid="261170">
  <nd ref="1389311912"/>
  <nd ref="1389311828"/>
  <nd ref="1389311789"/>
  <nd ref="1389311785"/>
  <nd ref="1389311857"/>
  <nd ref="1389311865"/>
  <nd ref="1389311887"/>
  <nd ref="1389311906"/>
  <nd ref="1389311912"/>
  <tag k="addr:city" v="Москва"/>
  <tag k="addr:country" v="RU"/>
  <tag k="addr:postcode" v="125480"/>
  <tag k="addr:street" v="улица Героев Панфиловцев"/>
  <tag k="building" v="yes"/>
  <tag k="name" v="Корпус 2В"/>
  <tag k="source" v="http://tdgb-mos.ru/information/plan/"/>
 </way>
 <way id="124978059" visible="true" version="5" changeset="120349284" timestamp="2022-04-29T13:38:50Z" user="somix" uid="12176526">
  <nd ref="1389311759"/>
  <nd ref="1389311725"/>
  <nd ref="1389311734"/>
  <nd ref="1389311750"/>
  <nd ref="1389311778"/>
  <nd ref="1389311773"/>
  <nd ref="2025128624"/>
  <nd ref="1389311783"/>
  <nd ref="1389311780"/>
  <nd ref="1389311761"/>
  <nd ref="1389311759"/>
  <tag k="addr:city" v="Москва"/>
  <tag k="addr:country" v="RU"/>
  <tag k="addr:postcode" v="125480"/>
  <tag k="addr:street" v="улица Героев Панфиловцев"/>
  <tag k="building" v="yes"/>
  <tag k="name" v="Корпус 3Б"/>
  <tag k="source" v="http://tdgb-mos.ru/information/plan/"/>
 </way>
 <way id="124978062" visible="true" version="2" changeset="8948235" timestamp="2011-08-07T15:16:54Z" user="Shiz0" uid="261170">
  <nd ref="1389311863"/>
  <nd ref="1389311849"/>
  <nd ref="1389311820"/>
  <nd ref="1389311810"/>
  <nd ref="1389311831"/>
  <nd ref="1389311860"/>
  <nd ref="1389311890"/>
  <nd ref="1389311896"/>
  <nd ref="1389311863"/>
  <tag k="addr:city" v="Москва"/>
  <tag k="addr:country" v="RU"/>
  <tag k="addr:postcode" v="125480"/>
  <tag k="addr:street" v="улица Героев Панфиловцев"/>
  <tag k="building" v="yes"/>
  <tag k="name" v="Отделение общей реанимации и интенсивной терапии - Корпус 2Г"/>
  <tag k="source" v="http://tdgb-mos.ru/information/plan/"/>
 </way>
 <way id="124978069" visible="true" version="2" changeset="8946137" timestamp="2011-08-07T11:48:04Z" user="Shiz0" uid="261170">
  <nd ref="617334891"/>
  <nd ref="617334902"/>
  <nd ref="1388945599"/>
  <nd ref="1388945598"/>
  <nd ref="1388945593"/>
  <nd ref="1388945591"/>
  <nd ref="1388945590"/>
  <nd ref="1389413641"/>
  <nd ref="1388945589"/>
  <nd ref="1388945588"/>
  <nd ref="1388945587"/>
  <nd ref="1388945586"/>
  <nd ref="1389413603"/>
  <nd ref="1388945584"/>
  <nd ref="1389413601"/>
  <nd ref="1388945585"/>
  <nd ref="1389413640"/>
  <nd ref="1388945592"/>
  <nd ref="1389413716"/>
  <nd ref="1388945597"/>
  <nd ref="1388945596"/>
  <nd ref="1389413711"/>
  <nd ref="1388945595"/>
  <nd ref="1388945594"/>
  <tag k="highway" v="service"/>
 </way>
 <way id="124978072" visible="true" version="5" changeset="114786353" timestamp="2021-12-10T13:49:39Z" user="dmitrу" uid="14503628">
  <nd ref="421419536"/>
  <nd ref="1389413609"/>
  <nd ref="1389413596"/>
  <nd ref="1389413579"/>
  <nd ref="1389505836"/>
  <nd ref="421419538"/>
  <nd ref="1389311827"/>
  <nd ref="421419539"/>
  <nd ref="1389311795"/>
  <nd ref="1230450660"/>
  <nd ref="1389413537"/>
  <nd ref="617335325"/>
  <nd ref="1389413541"/>
  <nd ref="1388945582"/>
  <nd ref="1389311856"/>
  <nd ref="421419540"/>
  <nd ref="1389413557"/>
  <nd ref="1389413563"/>
  <nd ref="1389311886"/>
  <nd ref="1389311905"/>
  <nd ref="617335328"/>
  <nd ref="421419541"/>
  <nd ref="1389311908"/>
  <nd ref="1389413575"/>
  <nd ref="617335329"/>
  <nd ref="1389311881"/>
  <nd ref="1389413560"/>
  <nd ref="1389311862"/>
  <nd ref="421419542"/>
  <nd ref="1230450909"/>
  <nd ref="1389413536"/>
  <nd ref="1389311825"/>
  <nd ref="421419544"/>
  <nd ref="1389311814"/>
  <nd ref="421419545"/>
  <nd ref="9327304081"/>
  <nd ref="442862402"/>
  <nd ref="1389413487"/>
  <nd ref="9327304084"/>
  <nd ref="9327304079"/>
  <nd ref="1389413482"/>
  <nd ref="1389311511"/>
  <nd ref="1389311489"/>
  <nd ref="1389413478"/>
  <nd ref="617335354"/>
  <nd ref="1389505720"/>
  <nd ref="1389505712"/>
  <nd ref="1389505710"/>
  <nd ref="1389311450"/>
  <nd ref="1389311409"/>
  <nd ref="1389311394"/>
  <nd ref="1389505689"/>
  <nd ref="442862403"/>
  <nd ref="1389311392"/>
  <nd ref="3191321533"/>
  <nd ref="1389413470"/>
  <nd ref="1389311415"/>
  <nd ref="1389311424"/>
  <nd ref="1389311500"/>
  <nd ref="1389311520"/>
  <nd ref="1389311537"/>
  <nd ref="1389505738"/>
  <nd ref="442862404"/>
  <nd ref="1389311671"/>
  <nd ref="1389311684"/>
  <nd ref="1389311716"/>
  <nd ref="1389311748"/>
  <nd ref="617335359"/>
  <nd ref="442862405"/>
  <nd ref="1389505890"/>
  <nd ref="1389505896"/>
  <nd ref="442862406"/>
  <tag k="highway" v="service"/>
 </way>
 <way id="124978073" visible="true" version="2" changeset="58439361" timestamp="2018-04-26T11:01:46Z" user="Zverik_imports" uid="6718609">
  <nd ref="1389311739"/>
  <nd ref="1389311660"/>
  <nd ref="1389311682"/>
  <nd ref="1389311775"/>
  <nd ref="1389311739"/>
  <tag k="addr:city" v="Москва"/>
  <tag k="addr:country" v="RU"/>
  <tag k="addr:housenumber" v="28"/>
  <tag k="addr:postcode" v="125480"/>
  <tag k="addr:street" v="улица Героев Панфиловцев"/>
  <tag k="building" v="yes"/>
 </way>
 <way id="124978074" visible="true" version="2" changeset="11123401" timestamp="2012-03-28T06:23:01Z" user="iWowik" uid="481934">
  <nd ref="1389311920"/>
  <nd ref="1389311901"/>
  <nd ref="1389311866"/>
  <nd ref="1389311915"/>
  <nd ref="1389311920"/>
  <tag k="addr:city" v="Москва"/>
  <tag k="addr:country" v="RU"/>
  <tag k="building" v="yes"/>
 </way>
 <way id="124978075" visible="true" version="1" changeset="8945379" timestamp="2011-08-07T10:19:52Z" user="Shiz0" uid="261170">
  <nd ref="1389311820"/>
  <nd ref="1389311793"/>
  <nd ref="1389311791"/>
  <nd ref="1389311810"/>
  <nd ref="1389311820"/>
  <tag k="addr:city" v="Москва"/>
  <tag k="addr:country" v="RU"/>
  <tag k="addr:postcode" v="125480"/>
  <tag k="addr:street" v="улица Героев Панфиловцев"/>
  <tag k="building" v="yes"/>
 </way>
 <way id="124988610" visible="true" version="1" changeset="8946137" timestamp="2011-08-07T11:47:50Z" user="Shiz0" uid="261170">
  <nd ref="1389413473"/>
  <nd ref="1389413483"/>
  <nd ref="1389413501"/>
  <nd ref="1389413534"/>
  <nd ref="1389413538"/>
  <nd ref="1389413544"/>
  <nd ref="1389413546"/>
  <nd ref="1389413561"/>
  <nd ref="1389413582"/>
  <nd ref="1389413594"/>
  <tag k="highway" v="service"/>
 </way>
 <way id="124988612" visible="true" version="2" changeset="58200756" timestamp="2018-04-18T13:13:45Z" user="ghost_07" uid="396906">
  <nd ref="1389413642"/>
  <nd ref="1389413665"/>
  <nd ref="1389413680"/>
  <nd ref="1389413698"/>
  <nd ref="5561978647"/>
  <nd ref="1389413714"/>
  <nd ref="1389413728"/>
  <nd ref="1389413733"/>
  <nd ref="1389413742"/>
  <nd ref="1389413739"/>
  <nd ref="1389413735"/>
  <nd ref="1389413731"/>
  <tag k="highway" v="service"/>
 </way>
 <way id="124988613" visible="true" version="1" changeset="8946137" timestamp="2011-08-07T11:47:51Z" user="Shiz0" uid="261170">
  <nd ref="421419541"/>
  <nd ref="1389413580"/>
  <nd ref="1389413591"/>
  <nd ref="1389413597"/>
  <nd ref="1389413603"/>
  <nd ref="1389413606"/>
  <nd ref="1389413608"/>
  <nd ref="1389413612"/>
  <nd ref="1389413614"/>
  <nd ref="1389413619"/>
  <nd ref="1389413634"/>
  <tag k="highway" v="footway"/>
 </way>
 <way id="124988618" visible="true" version="1" changeset="8946137" timestamp="2011-08-07T11:47:52Z" user="Shiz0" uid="261170">
  <nd ref="1389413568"/>
  <nd ref="1389413571"/>
  <nd ref="1389413570"/>
  <nd ref="1389413567"/>
  <nd ref="1389413564"/>
  <nd ref="1389413559"/>
  <nd ref="1389413556"/>
  <nd ref="1389413553"/>
  <nd ref="1389413551"/>
  <nd ref="1389413549"/>
  <nd ref="1389413547"/>
  <nd ref="1389413548"/>
  <nd ref="1389413550"/>
  <nd ref="1389413552"/>
  <nd ref="1389413554"/>
  <nd ref="1389413558"/>
  <nd ref="1389413562"/>
  <nd ref="1389413565"/>
  <nd ref="1389413568"/>
  <tag k="highway" v="footway"/>
  <tag k="surface" v="asphalt"/>
 </way>
 <way id="124988622" visible="true" version="1" changeset="8946137" timestamp="2011-08-07T11:47:52Z" user="Shiz0" uid="261170">
  <nd ref="1388945585"/>
  <nd ref="1389413605"/>
  <tag k="highway" v="footway"/>
  <tag k="surface" v="asphalt"/>
 </way>
 <way id="124988624" visible="true" version="1" changeset="8946137" timestamp="2011-08-07T11:47:52Z" user="Shiz0" uid="261170">
  <nd ref="1230450909"/>
  <nd ref="1389413535"/>
  <tag k="highway" v="service"/>
 </way>
 <way id="124988625" visible="true" version="1" changeset="8946137" timestamp="2011-08-07T11:47:52Z" user="Shiz0" uid="261170">
  <nd ref="1389413601"/>
  <nd ref="1389413595"/>
  <tag k="highway" v="footway"/>
  <tag k="surface" v="asphalt"/>
 </way>
 <way id="124988629" visible="true" version="2" changeset="113615662" timestamp="2021-11-10T16:20:34Z" user="Grass-snake" uid="11321493">
  <nd ref="1389413561"/>
  <nd ref="1389413574"/>
  <tag k="highway" v="service"/>
  <tag k="service" v="driveway"/>
 </way>
 <way id="124988632" visible="true" version="1" changeset="8946137" timestamp="2011-08-07T11:47:53Z" user="Shiz0" uid="261170">
  <nd ref="1389413536"/>
  <nd ref="1389413533"/>
  <tag k="highway" v="service"/>
 </way>
 <way id="124988635" visible="true" version="2" changeset="113615662" timestamp="2021-11-10T16:20:34Z" user="Grass-snake" uid="11321493">
  <nd ref="1389413582"/>
  <nd ref="1389413590"/>
  <tag k="highway" v="service"/>
  <tag k="service" v="driveway"/>
 </way>
 <way id="124988638" visible="true" version="1" changeset="8946137" timestamp="2011-08-07T11:47:54Z" user="Shiz0" uid="261170">
  <nd ref="1389413563"/>
  <nd ref="1389413558"/>
  <tag k="highway" v="footway"/>
  <tag k="surface" v="asphalt"/>
 </way>
 <way id="124988641" visible="true" version="1" changeset="8946137" timestamp="2011-08-07T11:47:54Z" user="Shiz0" uid="261170">
  <nd ref="1389413548"/>
  <nd ref="1389413541"/>
  <tag k="highway" v="footway"/>
  <tag k="surface" v="asphalt"/>
 </way>
 <way id="124988642" visible="true" version="2" changeset="182074392" timestamp="2026-05-01T13:25:39Z" user="literan" uid="830106">
  <nd ref="1389413642"/>
  <nd ref="13784787405"/>
  <nd ref="1389413646"/>
  <nd ref="251485701"/>
  <tag k="highway" v="service"/>
 </way>
 <way id="124988644" visible="true" version="3" changeset="182074392" timestamp="2026-05-01T13:25:39Z" user="literan" uid="830106">
  <nd ref="1389413701"/>
  <nd ref="1389413697"/>
  <nd ref="3103354831"/>
  <nd ref="1389413692"/>
  <nd ref="1389413688"/>
  <nd ref="1389413681"/>
  <nd ref="1389413677"/>
  <nd ref="251485701"/>
  <nd ref="1389413673"/>
  <nd ref="1389413670"/>
  <nd ref="1389413668"/>
  <nd ref="1389413669"/>
  <nd ref="1389413672"/>
  <nd ref="1389413675"/>
  <nd ref="1389413676"/>
  <nd ref="1389413682"/>
  <nd ref="1389413684"/>
  <nd ref="1389413690"/>
  <nd ref="1389413693"/>
  <nd ref="1389413696"/>
  <nd ref="1389413702"/>
  <nd ref="1389413704"/>
  <nd ref="1389413705"/>
  <nd ref="1389413701"/>
  <tag k="highway" v="service"/>
 </way>
 <way id="124988645" visible="true" version="1" changeset="8946137" timestamp="2011-08-07T11:47:54Z" user="Shiz0" uid="261170">
  <nd ref="1389413641"/>
  <nd ref="1389413634"/>
  <nd ref="1389413626"/>
  <tag k="highway" v="service"/>
 </way>
 <way id="124988646" visible="true" version="1" changeset="8946137" timestamp="2011-08-07T11:47:54Z" user="Shiz0" uid="261170">
  <nd ref="1389413735"/>
  <nd ref="1389413727"/>
  <nd ref="1389413717"/>
  <tag k="highway" v="service"/>
 </way>
 <way id="124988652" visible="true" version="1" changeset="8946137" timestamp="2011-08-07T11:47:55Z" user="Shiz0" uid="261170">
  <nd ref="1388945584"/>
  <nd ref="1389413584"/>
  <nd ref="1389413579"/>
  <tag k="highway" v="service"/>
 </way>
 <way id="124988658" visible="true" version="1" changeset="8946137" timestamp="2011-08-07T11:47:56Z" user="Shiz0" uid="261170">
  <nd ref="1389413567"/>
  <nd ref="1389413584"/>
  <nd ref="1389413586"/>
  <nd ref="1389413595"/>
  <nd ref="1389413605"/>
  <nd ref="1389413620"/>
  <tag k="highway" v="footway"/>
  <tag k="surface" v="asphalt"/>
 </way>
 <way id="124988668" visible="true" version="2" changeset="58200756" timestamp="2018-04-18T13:13:45Z" user="ghost_07" uid="396906">
  <nd ref="5561978642"/>
  <nd ref="1389413691"/>
  <nd ref="1389413708"/>
  <nd ref="1389413736"/>
  <tag k="barrier" v="fence"/>
 </way>
 <way id="124988669" visible="true" version="3" changeset="113615662" timestamp="2021-11-10T16:20:34Z" user="Grass-snake" uid="11321493">
  <nd ref="1389413722"/>
  <nd ref="1389413720"/>
  <nd ref="1389413732"/>
  <nd ref="1389413734"/>
  <nd ref="1389413722"/>
  <tag k="addr:city" v="Москва"/>
  <tag k="addr:country" v="RU"/>
  <tag k="building" v="service"/>
 </way>
 <way id="147398008" visible="true" version="36" changeset="141362347" timestamp="2023-09-17T00:04:22Z" user="Fizzie-DWG" uid="461130">
  <nd ref="1606223093"/>
  <nd ref="1953812140"/>
  <nd ref="1953812149"/>
  <nd ref="1953812494"/>
  <nd ref="1953812756"/>
  <nd ref="1953812581"/>
  <nd ref="1953812805"/>
  <nd ref="1953812344"/>
  <nd ref="1953812219"/>
  <nd ref="1953812224"/>
  <nd ref="1953812339"/>
  <nd ref="1953812407"/>
  <nd ref="1953812580"/>
  <nd ref="1953812365"/>
  <nd ref="1953812336"/>
  <nd ref="1953812328"/>
  <nd ref="1953812766"/>
  <nd ref="1953812624"/>
  <nd ref="1953812297"/>
  <nd ref="1953812799"/>
  <nd ref="1953812598"/>
  <nd ref="1953812613"/>
  <nd ref="1953812672"/>
  <nd ref="1953812280"/>
  <nd ref="1953812574"/>
  <nd ref="1953812447"/>
  <nd ref="1953812131"/>
  <nd ref="1953812435"/>
  <nd ref="1953812499"/>
  <nd ref="1953812768"/>
  <nd ref="1953812142"/>
  <nd ref="1953812517"/>
  <nd ref="1953812277"/>
  <nd ref="1953812114"/>
  <nd ref="1953812118"/>
  <nd ref="1953812153"/>
  <nd ref="1953812600"/>
  <nd ref="1953812438"/>
  <nd ref="1953812275"/>
  <nd ref="1953812682"/>
  <nd ref="1953812176"/>
  <nd ref="1953812222"/>
  <nd ref="1953812516"/>
  <nd ref="1953812743"/>
  <nd ref="1953812292"/>
  <nd ref="1953812129"/>
  <nd ref="1953812414"/>
  <nd ref="1953812571"/>
  <nd ref="5718064586"/>
  <nd ref="1953812286"/>
  <nd ref="1953812226"/>
  <nd ref="1103297232"/>
  <nd ref="1953812259"/>
  <nd ref="1953812497"/>
  <nd ref="1953812155"/>
  <nd ref="1953812442"/>
  <nd ref="1953812343"/>
  <nd ref="1953812173"/>
  <nd ref="1953812449"/>
  <nd ref="1953812266"/>
  <nd ref="1953812357"/>
  <nd ref="1953812272"/>
  <nd ref="1953812533"/>
  <nd ref="1953812659"/>
  <nd ref="1953812589"/>
  <nd ref="1953812181"/>
  <nd ref="1953812212"/>
  <nd ref="1606223078"/>
  <nd ref="1877750186"/>
  <nd ref="1877750261"/>
  <nd ref="1877750203"/>
  <nd ref="1877750109"/>
  <nd ref="1877750288"/>
  <nd ref="1877750332"/>
  <nd ref="1606223077"/>
  <nd ref="1877750029"/>
  <nd ref="1606223076"/>
  <nd ref="1877750299"/>
  <nd ref="1877750216"/>
  <nd ref="1877750068"/>
  <nd ref="1877750350"/>
  <nd ref="1877750139"/>
  <nd ref="1877750184"/>
  <nd ref="1954551326"/>
  <nd ref="1877750136"/>
  <nd ref="1877750015"/>
  <nd ref="1877750391"/>
  <nd ref="1877750100"/>
  <nd ref="1877750221"/>
  <nd ref="1877750267"/>
  <nd ref="1877750211"/>
  <nd ref="1877750196"/>
  <nd ref="1877750254"/>
  <nd ref="1877750026"/>
  <nd ref="1877750218"/>
  <nd ref="1877750020"/>
  <nd ref="1877750342"/>
  <nd ref="1877749976"/>
  <nd ref="1877750341"/>
  <nd ref="1877750258"/>
  <nd ref="1877750117"/>
  <nd ref="1877750046"/>
  <nd ref="1606223075"/>
  <nd ref="1877750113"/>
  <nd ref="1877750296"/>
  <nd ref="1606223074"/>
  <nd ref="1877750260"/>
  <nd ref="1877750096"/>
  <nd ref="1606223073"/>
  <nd ref="1877750170"/>
  <nd ref="1877750354"/>
  <nd ref="1606223072"/>
  <nd ref="1877749983"/>
  <nd ref="1877750301"/>
  <nd ref="1877750223"/>
  <nd ref="1877750062"/>
  <nd ref="1877749995"/>
  <nd ref="1877750385"/>
  <nd ref="1877750175"/>
  <nd ref="1877750238"/>
  <nd ref="1606223071"/>
  <nd ref="1877750043"/>
  <nd ref="1877750192"/>
  <nd ref="1877750307"/>
  <nd ref="1877750357"/>
  <nd ref="1606223070"/>
  <nd ref="1877750346"/>
  <nd ref="1877750027"/>
  <nd ref="1877750313"/>
  <nd ref="1877750057"/>
  <nd ref="1877750297"/>
  <nd ref="1877750347"/>
  <nd ref="1606223069"/>
  <nd ref="1877750252"/>
  <nd ref="1606223068"/>
  <nd ref="1877750111"/>
  <nd ref="1877750338"/>
  <nd ref="1877750265"/>
  <nd ref="1877750103"/>
  <nd ref="1877750177"/>
  <nd ref="1606223065"/>
  <nd ref="1877750188"/>
  <nd ref="1877750120"/>
  <nd ref="1877749980"/>
  <nd ref="1877750009"/>
  <nd ref="1877750285"/>
  <nd ref="1877750166"/>
  <nd ref="1877749999"/>
  <nd ref="1877750206"/>
  <nd ref="1877750048"/>
  <nd ref="1606223063"/>
  <nd ref="1877750282"/>
  <nd ref="1877750351"/>
  <nd ref="1877750004"/>
  <nd ref="1877750024"/>
  <nd ref="1877750200"/>
  <nd ref="1877750040"/>
  <nd ref="1877750336"/>
  <nd ref="1877750106"/>
  <nd ref="1877750050"/>
  <nd ref="1877750348"/>
  <nd ref="1877750031"/>
  <nd ref="1606223067"/>
  <nd ref="1877749997"/>
  <nd ref="1877750345"/>
  <nd ref="1877750343"/>
  <nd ref="1606223066"/>
  <nd ref="1606223064"/>
  <nd ref="1877750011"/>
  <nd ref="1877750207"/>
  <nd ref="1877750065"/>
  <nd ref="1877750249"/>
  <nd ref="1877750007"/>
  <nd ref="1877750181"/>
  <nd ref="1606223062"/>
  <nd ref="1877750352"/>
  <nd ref="1877750292"/>
  <nd ref="1877750098"/>
  <nd ref="1877750174"/>
  <nd ref="1877750013"/>
  <nd ref="1877750353"/>
  <nd ref="1877750171"/>
  <nd ref="1606223061"/>
  <nd ref="1877750198"/>
  <nd ref="1877750051"/>
  <nd ref="1877750055"/>
  <nd ref="1877750349"/>
  <nd ref="1877750101"/>
  <nd ref="1606223060"/>
  <nd ref="1877750168"/>
  <nd ref="1877750114"/>
  <nd ref="1877750112"/>
  <nd ref="1877750318"/>
  <nd ref="1877750294"/>
  <nd ref="1877750176"/>
  <nd ref="1877750060"/>
  <nd ref="1877750305"/>
  <nd ref="1606223059"/>
  <nd ref="1877750104"/>
  <nd ref="1877750241"/>
  <nd ref="1877750078"/>
  <nd ref="1877750287"/>
  <nd ref="1877750146"/>
  <nd ref="1877750236"/>
  <nd ref="1877750235"/>
  <nd ref="1877750280"/>
  <nd ref="1877750053"/>
  <nd ref="1877750247"/>
  <nd ref="1606223058"/>
  <nd ref="1877750194"/>
  <nd ref="1877750059"/>
  <nd ref="1877750224"/>
  <nd ref="1877750110"/>
  <nd ref="1606223056"/>
  <nd ref="1877750290"/>
  <nd ref="1877750263"/>
  <nd ref="1877750310"/>
  <nd ref="1877750315"/>
  <nd ref="1877750016"/>
  <nd ref="1877750376"/>
  <nd ref="1877750379"/>
  <nd ref="1877750018"/>
  <nd ref="1877750245"/>
  <nd ref="1877750334"/>
  <nd ref="1877750039"/>
  <nd ref="1606223057"/>
  <nd ref="1877750105"/>
  <nd ref="1877750152"/>
  <nd ref="1877750002"/>
  <nd ref="1877750149"/>
  <nd ref="1877750190"/>
  <nd ref="1877750250"/>
  <nd ref="1877750243"/>
  <nd ref="1877750157"/>
  <nd ref="1877750344"/>
  <nd ref="1877750094"/>
  <nd ref="1877750269"/>
  <nd ref="1877750107"/>
  <nd ref="1606223055"/>
  <nd ref="1877750278"/>
  <nd ref="1877750388"/>
  <nd ref="1877750370"/>
  <nd ref="1877750042"/>
  <nd ref="1877750256"/>
  <nd ref="1877750382"/>
  <nd ref="1877750214"/>
  <nd ref="1877750373"/>
  <nd ref="1877750075"/>
  <nd ref="1877750173"/>
  <nd ref="1877750160"/>
  <nd ref="1877750022"/>
  <nd ref="1877750303"/>
  <nd ref="1877750163"/>
  <nd ref="1877750142"/>
  <nd ref="1877750108"/>
  <nd ref="1877750072"/>
  <nd ref="1877750154"/>
  <nd ref="1606223054"/>
  <tag k="name" v="Братовка"/>
  <tag k="waterway" v="river"/>
 </way>
 <way id="177321675" visible="true" version="4" changeset="182074392" timestamp="2026-05-01T13:25:39Z" user="literan" uid="830106">
  <nd ref="1877727462"/>
  <nd ref="1877727502"/>
  <nd ref="1877727458"/>
  <nd ref="1877727453"/>
  <nd ref="1877727455"/>
  <nd ref="1877727464"/>
  <nd ref="1877727443"/>
  <nd ref="1877727491"/>
  <nd ref="1877727473"/>
  <nd ref="1877727459"/>
  <nd ref="1877727483"/>
  <nd ref="1877727472"/>
  <nd ref="1877727499"/>
  <nd ref="1877727494"/>
  <nd ref="1877727486"/>
  <nd ref="1877727475"/>
  <nd ref="1877727482"/>
  <nd ref="1877727488"/>
  <nd ref="1877727503"/>
  <nd ref="1877727449"/>
  <nd ref="1877727462"/>
  <tag k="building" v="construction"/>
  <tag k="building:levels" v="2"/>
  <tag k="condo" v="yes"/>
  <tag k="construction" v="apartments"/>
 </way>
 <way id="193627923" visible="true" version="38" changeset="182074392" timestamp="2026-05-01T13:25:39Z" user="literan" uid="830106">
  <nd ref="251485698"/>
  <nd ref="1334732472"/>
  <nd ref="9146138551"/>
  <nd ref="251485699"/>
  <nd ref="1389413488"/>
  <nd ref="1389413503"/>
  <nd ref="251485700"/>
  <nd ref="1389413526"/>
  <nd ref="1334732567"/>
  <nd ref="1389413588"/>
  <nd ref="1389413607"/>
  <nd ref="1389413642"/>
  <tag k="highway" v="residential"/>
  <tag k="lanes" v="1"/>
  <tag k="maxspeed" v="RU:urban"/>
  <tag k="name" v="Братцевская улица"/>
  <tag k="name:uk" v="Братцівська вулиця"/>
  <tag k="oneway" v="no"/>
  <tag k="postal_code" v="125373"/>
  <tag k="surface" v="asphalt"/>
 </way>
 <way id="305669973" visible="true" version="36" changeset="182031282" timestamp="2026-04-30T12:22:07Z" user="literan" uid="830106">
  <nd ref="3103354832"/>
  <nd ref="3103354842"/>
  <nd ref="3103354841"/>
  <nd ref="3103354840"/>
  <nd ref="3103354839"/>
  <nd ref="3103354837"/>
  <nd ref="3103354836"/>
  <nd ref="3103354835"/>
  <nd ref="3103354834"/>
  <nd ref="3103354833"/>
  <nd ref="3103354832"/>
  <tag k="addr:city" v="Москва"/>
  <tag k="addr:housenumber" v="4 к2"/>
  <tag k="addr:street" v="улица Саломеи Нерис"/>
  <tag k="amenity" v="place_of_worship"/>
  <tag k="building" v="church"/>
  <tag k="check_date" v="2026-04-30"/>
  <tag k="contact:website" v="https://hram-bratcevo.ru"/>
  <tag k="denomination" v="russian_orthodox"/>
  <tag k="name" v="Церковь Покрова Пресвятой Богородицы"/>
  <tag k="name:ru" v="Церковь Покрова Пресвятой Богородицы"/>
  <tag k="ref:sobory.ru" v="03263"/>
  <tag k="religion" v="christian"/>
 </way>
 <way id="342269554" visible="true" version="1" changeset="30716145" timestamp="2015-05-02T09:36:51Z" user="nikitagis" uid="233750">
  <nd ref="3492916450"/>
  <nd ref="3492916451"/>
  <nd ref="3492916452"/>
  <nd ref="3492916453"/>
  <nd ref="3492916450"/>
  <tag k="building" v="house"/>
 </way>
 <way id="342269555" visible="true" version="2" changeset="182074392" timestamp="2026-05-01T13:25:39Z" user="literan" uid="830106">
  <nd ref="3492916454"/>
  <nd ref="3492916455"/>
  <nd ref="3492916456"/>
  <nd ref="3492916457"/>
  <nd ref="3492916454"/>
  <tag k="building" v="yes"/>
 </way>
 <way id="342271345" visible="true" version="3" changeset="182074392" timestamp="2026-05-01T13:25:39Z" user="literan" uid="830106">
  <nd ref="3492934181"/>
  <nd ref="3492934182"/>
  <nd ref="3492934183"/>
  <nd ref="3492934184"/>
  <nd ref="3492934185"/>
  <nd ref="3492934186"/>
  <nd ref="3492934187"/>
  <nd ref="3492934188"/>
  <nd ref="3492934189"/>
  <nd ref="3492934190"/>
  <nd ref="3492934191"/>
  <nd ref="3492934192"/>
  <nd ref="3492934793"/>
  <nd ref="3492934794"/>
  <nd ref="3492934795"/>
  <nd ref="3492934797"/>
  <nd ref="3492934798"/>
  <nd ref="3492934799"/>
  <nd ref="3492934800"/>
  <nd ref="3492934801"/>
  <nd ref="3492934802"/>
  <nd ref="3492934803"/>
  <nd ref="3492934804"/>
  <nd ref="3492934181"/>
  <tag k="building" v="construction"/>
  <tag k="construction" v="apartments"/>
 </way>
 <way id="410325456" visible="true" version="2" changeset="181706188" timestamp="2026-04-23T08:43:39Z" user="DRiveR39" uid="13852369">
  <nd ref="1389413742"/>
  <nd ref="4121575036"/>
  <nd ref="4121575037"/>
  <tag k="highway" v="path"/>
 </way>
 <way id="581246351" visible="true" version="2" changeset="182074392" timestamp="2026-05-01T13:25:39Z" user="literan" uid="830106">
  <nd ref="1000838727"/>
  <nd ref="1000838728"/>
  <nd ref="1000838729"/>
  <nd ref="1389413724"/>
  <nd ref="1389413725"/>
  <nd ref="1389413721"/>
  <nd ref="1000838731"/>
  <nd ref="1000838732"/>
 </way>
 <way id="581246352" visible="true" version="2" changeset="182074392" timestamp="2026-05-01T13:25:39Z" user="literan" uid="830106">
  <nd ref="1000838732"/>
  <nd ref="13784776992"/>
  <nd ref="1000838727"/>
 </way>
 <way id="581246353" visible="true" version="1" changeset="58200756" timestamp="2018-04-18T13:13:40Z" user="ghost_07" uid="396906">
  <nd ref="1000838727"/>
  <nd ref="5561978642"/>
  <tag k="barrier" v="fence"/>
 </way>
 <way id="581246354" visible="true" version="1" changeset="58200756" timestamp="2018-04-18T13:13:40Z" user="ghost_07" uid="396906">
  <nd ref="1000838732"/>
  <nd ref="5561978643"/>
  <tag k="barrier" v="fence"/>
 </way>
 <way id="581246355" visible="true" version="3" changeset="182074392" timestamp="2026-05-01T13:25:39Z" user="literan" uid="830106">
  <nd ref="5561978643"/>
  <nd ref="1389413695"/>
  <nd ref="1389413650"/>
  <nd ref="1389413646"/>
  <nd ref="1389413611"/>
  <tag k="barrier" v="fence"/>
 </way>
 <way id="581246357" visible="true" version="1" changeset="58200756" timestamp="2018-04-18T13:13:41Z" user="ghost_07" uid="396906">
  <nd ref="5561978644"/>
  <nd ref="1389413611"/>
 </way>
 <way id="581246364" visible="true" version="1" changeset="58200756" timestamp="2018-04-18T13:13:41Z" user="ghost_07" uid="396906">
  <nd ref="5561978644"/>
  <nd ref="5561978657"/>
 </way>
 <way id="581246368" visible="true" version="1" changeset="58200756" timestamp="2018-04-18T13:13:41Z" user="ghost_07" uid="396906">
  <nd ref="1389413611"/>
  <nd ref="1389413671"/>
  <nd ref="5561978642"/>
  <tag k="barrier" v="fence"/>
 </way>
 <way id="581246370" visible="true" version="2" changeset="182074392" timestamp="2026-05-01T13:25:39Z" user="literan" uid="830106">
  <nd ref="13784787421"/>
  <nd ref="617360377"/>
  <nd ref="1389413542"/>
  <nd ref="1389413555"/>
  <nd ref="1389413578"/>
  <nd ref="1389413583"/>
  <nd ref="617360378"/>
  <nd ref="617360379"/>
  <nd ref="1389413706"/>
  <nd ref="1389413723"/>
  <nd ref="1389413737"/>
  <nd ref="1389413749"/>
  <nd ref="1389413748"/>
 </way>
 <way id="581246373" visible="true" version="2" changeset="182074392" timestamp="2026-05-01T13:25:39Z" user="literan" uid="830106">
  <nd ref="5561978647"/>
  <nd ref="5561978648"/>
  <nd ref="5561978649"/>
  <nd ref="5561978650"/>
  <nd ref="5561978651"/>
  <nd ref="5561978652"/>
  <nd ref="5561978653"/>
  <nd ref="5561978654"/>
  <nd ref="5561978655"/>
  <nd ref="5561978656"/>
  <nd ref="13784787408"/>
  <nd ref="13784787407"/>
  <nd ref="13784787406"/>
  <tag k="highway" v="service"/>
 </way>
 <way id="581246376" visible="true" version="2" changeset="113615662" timestamp="2021-11-10T16:20:34Z" user="Grass-snake" uid="11321493">
  <nd ref="1389413736"/>
  <nd ref="1389413746"/>
  <nd ref="1389413740"/>
  <nd ref="1389413748"/>
  <tag k="barrier" v="fence"/>
 </way>
 <way id="581246377" visible="true" version="1" changeset="58200756" timestamp="2018-04-18T13:13:41Z" user="ghost_07" uid="396906">
  <nd ref="1389413736"/>
  <nd ref="5561978657"/>
 </way>
 <way id="581246378" visible="true" version="1" changeset="58200756" timestamp="2018-04-18T13:13:41Z" user="ghost_07" uid="396906">
  <nd ref="5561978657"/>
  <nd ref="442862407"/>
 </way>
 <way id="581246380" visible="true" version="2" changeset="113615662" timestamp="2021-11-10T16:20:34Z" user="Grass-snake" uid="11321493">
  <nd ref="1389413748"/>
  <nd ref="1389413739"/>
  <nd ref="1389413726"/>
  <nd ref="5561978643"/>
  <tag k="barrier" v="fence"/>
 </way>
 <way id="870798714" visible="true" version="1" changeset="93999174" timestamp="2020-11-12T13:30:16Z" user="literan" uid="830106">
  <nd ref="1389413782"/>
  <nd ref="1103305502"/>
  <nd ref="1103316882"/>
  <nd ref="1103312743"/>
  <nd ref="1103286364"/>
  <nd ref="1103318549"/>
  <nd ref="1103298152"/>
  <nd ref="1103291667"/>
  <nd ref="1103307513"/>
  <nd ref="1103308074"/>
  <nd ref="1103320040"/>
  <nd ref="1103315477"/>
  <nd ref="1103293322"/>
  <nd ref="1103323170"/>
  <nd ref="1103302230"/>
  <nd ref="1103295100"/>
  <nd ref="1103309632"/>
  <nd ref="1103325246"/>
  <nd ref="1103304211"/>
  <nd ref="1103297118"/>
  <nd ref="1103312076"/>
  <nd ref="1103307040"/>
  <nd ref="1103317858"/>
  <nd ref="1103313654"/>
  <nd ref="1103290126"/>
  <nd ref="1103292384"/>
  <nd ref="1103307745"/>
  <nd ref="1103300858"/>
  <nd ref="1103314934"/>
  <nd ref="1103309415"/>
  <nd ref="1103321815"/>
  <nd ref="1103316324"/>
  <nd ref="1103293998"/>
  <nd ref="1103317090"/>
  <nd ref="1103295302"/>
  <nd ref="1103286705"/>
  <nd ref="1103305800"/>
  <nd ref="1103298566"/>
  <nd ref="1103312853"/>
  <nd ref="1103307671"/>
  <nd ref="1103318814"/>
  <nd ref="1103320379"/>
  <nd ref="1103300134"/>
  <nd ref="1103293404"/>
  <nd ref="1103308306"/>
  <nd ref="1103302592"/>
  <nd ref="1103315586"/>
  <nd ref="1103309951"/>
  <nd ref="1103323581"/>
  <nd ref="1103304577"/>
  <nd ref="1103316488"/>
  <nd ref="1103312351"/>
  <nd ref="1103325599"/>
  <nd ref="1103317990"/>
  <nd ref="1103297376"/>
  <nd ref="1103290798"/>
  <nd ref="1103307164"/>
  <nd ref="1103307831"/>
  <nd ref="1103319198"/>
  <nd ref="1103315128"/>
  <nd ref="1103292616"/>
  <nd ref="1103322026"/>
  <nd ref="1103301093"/>
  <nd ref="1103294241"/>
  <nd ref="1103309441"/>
  <nd ref="1103295488"/>
  <nd ref="1103310289"/>
  <nd ref="1103306196"/>
  <nd ref="1103317243"/>
  <nd ref="1103313048"/>
  <nd ref="1103287047"/>
  <nd ref="1103319053"/>
  <nd ref="1103298864"/>
  <nd ref="1103300283"/>
  <nd ref="1103313830"/>
  <nd ref="1103308575"/>
  <nd ref="1103320709"/>
  <nd ref="1103315693"/>
  <nd ref="1103293502"/>
  <nd ref="1103323855"/>
  <nd ref="1103302940"/>
  <nd ref="1103316719"/>
  <nd ref="1103294426"/>
  <nd ref="1103325887"/>
  <nd ref="1103304935"/>
  <nd ref="1103324221"/>
  <nd ref="1103317349"/>
  <nd ref="1103295719"/>
  <nd ref="1103287601"/>
  <nd ref="1103306474"/>
  <nd ref="1103299150"/>
  <nd ref="1103313177"/>
  <nd ref="1103314095"/>
  <nd ref="1103291067"/>
  <nd ref="1103320969"/>
  <nd ref="1103300440"/>
  <nd ref="1103293601"/>
  <nd ref="1103308851"/>
  <nd ref="1103303247"/>
  <nd ref="1103315811"/>
  <nd ref="1103295000"/>
  <nd ref="1103309557"/>
  <nd ref="1103305320"/>
  <nd ref="1103316821"/>
  <nd ref="1103312674"/>
  <nd ref="1103286203"/>
  <nd ref="1103318378"/>
  <nd ref="1103298015"/>
  <nd ref="1103299750"/>
  <nd ref="1103313474"/>
  <nd ref="1103307994"/>
  <nd ref="1103319854"/>
  <nd ref="1103315363"/>
  <nd ref="1103293245"/>
  <nd ref="1103323032"/>
  <nd ref="1103301828"/>
  <nd ref="1103324464"/>
  <nd ref="1103303509"/>
  <nd ref="1103296019"/>
  <nd ref="1103310918"/>
  <nd ref="1103306647"/>
  <nd ref="1103317485"/>
  <nd ref="1103313357"/>
  <nd ref="1103288275"/>
  <nd ref="1103291540"/>
  <nd ref="1103307458"/>
  <nd ref="1103300551"/>
  <nd ref="1103314211"/>
  <nd ref="1103309078"/>
  <nd ref="1103321186"/>
  <nd ref="1103315931"/>
  <nd ref="1103293737"/>
  <nd ref="1103309746"/>
  <nd ref="1103323345"/>
  <nd ref="1103316958"/>
  <nd ref="1103295172"/>
  <nd ref="1103286546"/>
  <nd ref="1103305626"/>
  <nd ref="1103298332"/>
  <nd ref="1103297631"/>
  <nd ref="1103312555"/>
  <nd ref="1103307350"/>
  <nd ref="1103318221"/>
  <nd ref="1103319600"/>
  <nd ref="1103299472"/>
  <nd ref="1103293025"/>
  <nd ref="1103307903"/>
  <nd ref="1103301392"/>
  <nd ref="1103315248"/>
  <nd ref="1103309480"/>
  <nd ref="1103322283"/>
  <nd ref="1103310533"/>
  <nd ref="1103312832"/>
  <nd ref="1103313588"/>
  <nd ref="1103289612"/>
  <nd ref="1103320185"/>
  <nd ref="1103300005"/>
  <nd ref="1103293359"/>
  <nd ref="1103308227"/>
  <nd ref="1103302411"/>
  <nd ref="1103315530"/>
  <nd ref="1103303707"/>
  <nd ref="1103316091"/>
  <nd ref="1103311299"/>
  <nd ref="1103324764"/>
  <nd ref="1103317593"/>
  <nd ref="1103296400"/>
  <nd ref="1103288665"/>
  <nd ref="1103306798"/>
  <nd ref="1103307573"/>
  <nd ref="1103318676"/>
  <nd ref="1103314425"/>
  <nd ref="1103291907"/>
  <nd ref="1103321374"/>
  <nd ref="1103300647"/>
  <nd ref="1103293828"/>
  <nd ref="1103309305"/>
  <nd ref="1103323762"/>
  <nd ref="1103302708"/>
  <nd ref="1103295383"/>
  <nd ref="1103310155"/>
  <nd ref="1103305997"/>
  <nd ref="1103317162"/>
  <nd ref="1103312919"/>
  <nd ref="1103286830"/>
  <nd ref="1103290446"/>
  <nd ref="1103307092"/>
  <nd ref="1103300199"/>
  <nd ref="1103313734"/>
  <nd ref="1103308371"/>
  <nd ref="1103320497"/>
  <nd ref="1103313131"/>
  <nd ref="1103287302"/>
  <nd ref="1103319161"/>
  <nd ref="1103299069"/>
  <nd ref="1103292554"/>
  <nd ref="1103307798"/>
  <nd ref="1230451547"/>
  <nd ref="1103300983"/>
  <nd ref="1103315023"/>
  <nd ref="1103315761"/>
  <nd ref="1103293563"/>
  <nd ref="1103324090"/>
  <nd ref="1103303158"/>
  <nd ref="1103295634"/>
  <nd ref="1103310459"/>
  <nd ref="1103306407"/>
  <nd ref="1103317298"/>
  <nd ref="1103307121"/>
  <nd ref="1103317928"/>
  <nd ref="1103313761"/>
  <nd ref="1103290512"/>
  <nd ref="1103320564"/>
  <nd ref="1103300233"/>
  <nd ref="1103293467"/>
  <nd ref="1103308506"/>
  <nd ref="1103309436"/>
  <nd ref="1103321935"/>
  <nd ref="1103316412"/>
  <nd ref="1103294163"/>
  <nd ref="1103325520"/>
  <nd ref="1103304449"/>
  <nd ref="1103297278"/>
  <nd ref="1103312222"/>
  <nd ref="1103287897"/>
  <nd ref="1103306578"/>
  <nd ref="1103299391"/>
  <nd ref="1103313236"/>
 </way>
 <way id="1502779561" visible="true" version="1" changeset="181706188" timestamp="2026-04-23T08:43:39Z" user="DRiveR39" uid="13852369">
  <nd ref="4121575037"/>
  <nd ref="4121575038"/>
  <nd ref="4121575039"/>
  <nd ref="4121575040"/>
  <nd ref="4121575041"/>
  <nd ref="4121575042"/>
  <nd ref="4121575043"/>
  <tag k="highway" v="path"/>
  <tag k="smoothness" v="bad"/>
  <tag k="surface" v="dirt"/>
 </way>
 <way id="1507463650" visible="true" version="1" changeset="182074392" timestamp="2026-05-01T13:25:39Z" user="literan" uid="830106">
  <nd ref="13784776989"/>
  <nd ref="13784776986"/>
  <nd ref="13784776987"/>
  <nd ref="13784776988"/>
  <nd ref="13784776989"/>
  <tag k="addr:housenumber" v="2 к3 с1"/>
  <tag k="addr:street" v="улица Саломеи Нерис"/>
  <tag k="building" v="service"/>
  <tag k="building:levels" v="1"/>
  <tag k="location" v="indoor"/>
  <tag k="power" v="substation"/>
  <tag k="substation" v="minor_distribution"/>
 </way>
 <way id="1507463651" visible="true" version="1" changeset="182074392" timestamp="2026-05-01T13:25:39Z" user="literan" uid="830106">
  <nd ref="13784787404"/>
  <nd ref="13784787402"/>
  <nd ref="13784787401"/>
  <nd ref="13784787403"/>
  <nd ref="13784787404"/>
  <tag k="amenity" v="parking"/>
  <tag k="capacity" v="10"/>
  <tag k="orientation" v="perpendicular"/>
  <tag k="parking" v="street_side"/>
 </way>
 <way id="1507463653" visible="true" version="1" changeset="182074392" timestamp="2026-05-01T13:25:39Z" user="literan" uid="830106">
  <nd ref="13784787422"/>
  <nd ref="13784787420"/>
  <nd ref="13784787419"/>
  <nd ref="13784787418"/>
  <nd ref="13784787417"/>
  <nd ref="13784787416"/>
  <nd ref="13784787415"/>
  <nd ref="13784787414"/>
  <nd ref="13784787413"/>
  <nd ref="13784787412"/>
  <nd ref="13784787411"/>
  <nd ref="13784787410"/>
  <nd ref="13784787409"/>
  <nd ref="13784787421"/>
 </way>
 <way id="1507463656" visible="true" version="1" changeset="182074392" timestamp="2026-05-01T13:25:39Z" user="literan" uid="830106">
  <nd ref="13784787423"/>
  <nd ref="5561978644"/>
 </way>
 <way id="1507463657" visible="true" version="1" changeset="182074392" timestamp="2026-05-01T13:25:39Z" user="literan" uid="830106">
  <nd ref="5561978645"/>
  <nd ref="13784787431"/>
  <nd ref="13784787430"/>
  <nd ref="13784787429"/>
  <nd ref="13784787428"/>
  <nd ref="13784787427"/>
  <nd ref="13784776990"/>
  <nd ref="13784776991"/>
  <nd ref="13784787426"/>
  <nd ref="13784787425"/>
  <nd ref="13784787424"/>
  <nd ref="13784787423"/>
 </way>
 <relation id="1375854" visible="true" version="36" changeset="182074392" timestamp="2026-05-01T13:25:39Z" user="literan" uid="830106">
  <member type="way" ref="583692985" role="outer"/>
  <member type="way" ref="583692988" role="outer"/>
  <member type="way" ref="43028959" role="outer"/>
  <member type="way" ref="583692990" role="outer"/>
  <member type="way" ref="583692993" role="outer"/>
  <member type="way" ref="583692992" role="outer"/>
  <member type="way" ref="583692984" role="outer"/>
  <member type="way" ref="583692977" role="outer"/>
  <member type="way" ref="583692980" role="outer"/>
  <member type="way" ref="583692979" role="outer"/>
  <member type="way" ref="353644963" role="outer"/>
  <member type="way" ref="583692981" role="outer"/>
  <member type="way" ref="583692975" role="outer"/>
  <member type="way" ref="583692969" role="outer"/>
  <member type="way" ref="583692953" role="outer"/>
  <member type="way" ref="207312439" role="outer"/>
  <member type="way" ref="583692946" role="outer"/>
  <member type="way" ref="48610612" role="outer"/>
  <member type="way" ref="95106184" role="outer"/>
  <member type="way" ref="1190903187" role="outer"/>
  <member type="way" ref="124988667" role="outer"/>
  <member type="way" ref="581246378" role="outer"/>
  <member type="way" ref="581246377" role="outer"/>
  <member type="way" ref="581246376" role="outer"/>
  <member type="way" ref="581246370" role="outer"/>
  <member type="way" ref="1507463654" role="outer"/>
  <member type="way" ref="197215204" role="outer"/>
  <member type="way" ref="497458706" role="outer"/>
  <member type="way" ref="46621629" role="outer"/>
  <member type="way" ref="197215208" role="outer"/>
  <member type="way" ref="581246371" role="outer"/>
  <member type="way" ref="144246942" role="outer"/>
  <tag k="boundary" v="protected_area"/>
  <tag k="name" v="Природно-исторический парк «Тушинский»"/>
  <tag k="name:uk" v="Природно-історичний парк &quot;Тушинський&quot;"/>
  <tag k="protect_class" v="7"/>
  <tag k="type" v="boundary"/>
 </relation>
 <relation id="1375857" visible="true" version="9" changeset="140387506" timestamp="2023-08-25T20:08:25Z" user="NorthCrab" uid="15215305">
  <member type="way" ref="870798716" role="outer"/>
  <member type="way" ref="870798708" role="outer"/>
  <member type="way" ref="870798713" role="outer"/>
  <member type="way" ref="95106038" role="outer"/>
  <member type="way" ref="870798714" role="outer"/>
  <member type="way" ref="1190903187" role="outer"/>
  <member type="way" ref="95106184" role="outer"/>
  <tag k="natural" v="wood"/>
  <tag k="type" v="multipolygon"/>
 </relation>
 <relation id="8220597" visible="true" version="3" changeset="182074392" timestamp="2026-05-01T13:25:39Z" user="literan" uid="830106">
  <member type="way" ref="581246351" role="outer"/>
  <member type="way" ref="581246352" role="outer"/>
  <tag k="addr:city" v="Москва"/>
  <tag k="addr:country" v="RU"/>
  <tag k="addr:housenumber" v="4 к3"/>
  <tag k="addr:street" v="улица Саломеи Нерис"/>
  <tag k="building" v="retail"/>
  <tag k="type" v="multipolygon"/>
 </relation>
 <relation id="8220598" visible="true" version="3" changeset="182074392" timestamp="2026-05-01T13:25:39Z" user="literan" uid="830106">
  <member type="way" ref="581246355" role="outer"/>
  <member type="way" ref="581246368" role="outer"/>
  <member type="way" ref="581246353" role="outer"/>
  <member type="way" ref="581246352" role="outer"/>
  <member type="way" ref="581246354" role="outer"/>
  <tag k="denomination" v="russian_orthodox"/>
  <tag k="landuse" v="religious"/>
  <tag k="religion" v="christian"/>
  <tag k="type" v="multipolygon"/>
 </relation>
 <relation id="8220599" visible="true" version="1" changeset="58200756" timestamp="2018-04-18T13:13:43Z" user="ghost_07" uid="396906">
  <member type="way" ref="581246354" role="outer"/>
  <member type="way" ref="581246352" role="outer"/>
  <member type="way" ref="581246353" role="outer"/>
  <member type="way" ref="124988668" role="outer"/>
  <member type="way" ref="581246376" role="outer"/>
  <member type="way" ref="581246380" role="outer"/>
  <tag k="landuse" v="retail"/>
  <tag k="type" v="multipolygon"/>
 </relation>
 <relation id="8220600" visible="true" version="2" changeset="182074392" timestamp="2026-05-01T13:25:39Z" user="literan" uid="830106">
  <member type="way" ref="36072232" role="outer"/>
  <member type="way" ref="581246362" role="outer"/>
  <member type="way" ref="1507463657" role="outer"/>
  <tag k="alt_name" v="КП «Вишнёвый сад»"/>
  <tag k="full_name" v="Коттеджный посёлок «Вишнёвый сад»"/>
  <tag k="landuse" v="residential"/>
  <tag k="name" v="Вишнёвый сад"/>
  <tag k="residential" v="rural"/>
  <tag k="type" v="multipolygon"/>
 </relation>
 <relation id="8220601" visible="true" version="44" changeset="182074392" timestamp="2026-05-01T13:25:39Z" user="literan" uid="830106">
  <member type="way" ref="36072232" role="outer"/>
  <member type="way" ref="1507463656" role="outer"/>
  <member type="way" ref="581246364" role="outer"/>
  <member type="way" ref="581246378" role="outer"/>
  <member type="way" ref="581246374" role="outer"/>
  <member type="way" ref="581246375" role="outer"/>
  <member type="way" ref="581246398" role="outer"/>
  <member type="way" ref="581246388" role="outer"/>
  <member type="way" ref="581246390" role="outer"/>
  <member type="way" ref="581279333" role="outer"/>
  <member type="way" ref="581246359" role="outer"/>
  <member type="way" ref="581279335" role="outer"/>
  <tag k="addr:city" v="Москва"/>
  <tag k="addr:country" v="RU"/>
  <tag k="addr:housenumber" v="28"/>
  <tag k="addr:postcode" v="125480"/>
  <tag k="addr:street" v="улица Героев Панфиловцев"/>
  <tag k="amenity" v="hospital"/>
  <tag k="barrier" v="fence"/>
  <tag k="healthcare" v="hospital"/>
  <tag k="health_facility:type" v="hospital"/>
  <tag k="medical_system:western" v="yes"/>
  <tag k="name" v="Детская городская клиническая больница имени З.А. Башляевой"/>
  <tag k="name:uk" v="Дитяча міська клінічна лікарня імені З.О. Башляєвої"/>
  <tag k="official_name" v="Государственное бюджетное учреждение здравоохранения города Москвы &quot;Детская городская клиническая больница имени З.А. Башляевой Департамента здравоохранения города Москвы&quot;"/>
  <tag k="old_name" v="Тушинская детская городская больница"/>
  <tag k="phone" v="+7 495 4967490"/>
  <tag k="type" v="multipolygon"/>
  <tag k="website" v="https://www.tdgb-mos.ru/"/>
  <tag k="wikidata" v="Q4466782"/>
  <tag k="wikipedia" v="ru:Тушинская детская городская больница"/>
 </relation>
 <relation id="8220603" visible="true" version="1" changeset="58200756" timestamp="2018-04-18T13:13:44Z" user="ghost_07" uid="396906">
  <member type="way" ref="581246377" role="outer"/>
  <member type="way" ref="124988668" role="outer"/>
  <member type="way" ref="581246368" role="outer"/>
  <member type="way" ref="581246357" role="outer"/>
  <member type="way" ref="581246364" role="outer"/>
  <tag k="natural" v="wood"/>
  <tag k="type" v="multipolygon"/>
 </relation>
 <relation id="15886294" visible="true" version="42" changeset="188154118" timestamp="2026-08-28T15:31:43Z" user="literan" uid="830106">
  <member type="way" ref="177322494" role="main_stream"/>
  <member type="way" ref="147398007" role="main_stream"/>
  <member type="way" ref="147398008" role="main_stream"/>
  <member type="way" ref="147398006" role="main_stream"/>
  <member type="way" ref="147398145" role="main_stream"/>
  <member type="way" ref="147398717" role="main_stream"/>
  <member type="way" ref="147398718" role="main_stream"/>
  <member type="way" ref="147398146" role="main_stream"/>
  <member type="way" ref="707175781" role="main_stream"/>
  <member type="way" ref="707175782" role="main_stream"/>
  <member type="way" ref="1553224516" role="main_stream"/>
  <member type="way" ref="147398009" role="main_stream"/>
  <tag k="name" v="Братовка"/>
  <tag k="type" v="waterway"/>
  <tag k="waterway" v="river"/>
  <tag k="wikidata" v="Q19907826"/>
  <tag k="wikipedia" v="ru:Братовка (река)"/>
 </relation>
 <relation id="20610706" visible="true" version="1" changeset="182074392" timestamp="2026-05-01T13:25:39Z" user="literan" uid="830106">
  <member type="way" ref="1507463653" role="outer"/>
  <member type="way" ref="1507463652" role="outer"/>
  <tag k="abandoned" v="yes"/>
  <tag k="landuse" v="construction"/>
  <tag k="type" v="multipolygon"/>
 </relation>
</osm>
