<?xml version="1.0" encoding="UTF-8"?>
<osm version="0.6" generator="openstreetmap-cgimap 2.1.0 (244698 spike-07.openstreetmap.org)" copyright="OpenStreetMap and contributors" attribution="http://www.openstreetmap.org/copyright" license="http://opendatacommons.org/licenses/odbl/1-0/">
 <bounds minlat="55.7773595" minlon="37.6420423" maxlat="55.7800544" maxlon="37.6468342"/>
 <node id="100319900" visible="true" version="21" changeset="111648627" timestamp="2021-09-24T13:39:25Z" user="literan" uid="830106" lat="55.7772230" lon="37.6484473"/>
 <node id="100321064" visible="true" version="5" changeset="112261663" timestamp="2021-10-08T11:56:13Z" user="literan" uid="830106" lat="55.7799115" lon="37.6440858"/>
 <node id="100336730" visible="true" version="6" changeset="121868566" timestamp="2022-06-02T20:59:49Z" user="literan" uid="830106" lat="55.7784810" lon="37.6406794"/>
 <node id="100339075" visible="true" version="11" changeset="121868566" timestamp="2022-06-02T20:59:49Z" user="literan" uid="830106" lat="55.7771841" lon="37.6405357"/>
 <node id="100341409" visible="true" version="8" changeset="94457148" timestamp="2020-11-19T19:20:23Z" user="literan" uid="830106" lat="55.7772474" lon="37.6463636"/>
 <node id="105173728" visible="true" version="16" changeset="142712210" timestamp="2023-10-17T12:56:36Z" user="literan" uid="830106" lat="55.7797681" lon="37.6445998"/>
 <node id="268903213" visible="true" version="9" changeset="142712210" timestamp="2023-10-17T12:56:36Z" user="literan" uid="830106" lat="55.7797075" lon="37.6412894"/>
 <node id="324211707" visible="true" version="11" changeset="142712210" timestamp="2023-10-17T12:56:36Z" user="literan" uid="830106" lat="55.7783960" lon="37.6467763"/>
 <node id="335385487" visible="true" version="3" changeset="147256491" timestamp="2024-02-09T13:09:09Z" user="Fantomas" uid="478018" lat="55.7794759" lon="37.6459849"/>
 <node id="335385490" visible="true" version="3" changeset="142712210" timestamp="2023-10-17T12:56:36Z" user="literan" uid="830106" lat="55.7797030" lon="37.6459230"/>
 <node id="335385494" visible="true" version="2" changeset="147256491" timestamp="2024-02-09T13:09:09Z" user="Fantomas" uid="478018" lat="55.7809142" lon="37.6455879"/>
 <node id="412509446" visible="true" version="3" changeset="183616295" timestamp="2026-06-03T22:41:46Z" user="Grass-snake" uid="11321493" lat="55.7785262" lon="37.6424476"/>
 <node id="412509448" visible="true" version="3" changeset="183616295" timestamp="2026-06-03T22:41:46Z" user="Grass-snake" uid="11321493" lat="55.7786272" lon="37.6424512"/>
 <node id="412509450" visible="true" version="3" changeset="183616295" timestamp="2026-06-03T22:41:46Z" user="Grass-snake" uid="11321493" lat="55.7786218" lon="37.6428942"/>
 <node id="412509452" visible="true" version="3" changeset="183616295" timestamp="2026-06-03T22:41:46Z" user="Grass-snake" uid="11321493" lat="55.7790069" lon="37.6434853"/>
 <node id="412509454" visible="true" version="3" changeset="183616295" timestamp="2026-06-03T22:41:46Z" user="Grass-snake" uid="11321493" lat="55.7790573" lon="37.6433930"/>
 <node id="412509456" visible="true" version="3" changeset="183616295" timestamp="2026-06-03T22:41:46Z" user="Grass-snake" uid="11321493" lat="55.7791886" lon="37.6436007"/>
 <node id="412509458" visible="true" version="3" changeset="183616295" timestamp="2026-06-03T22:41:46Z" user="Grass-snake" uid="11321493" lat="55.7791256" lon="37.6437216"/>
 <node id="412509460" visible="true" version="3" changeset="183616295" timestamp="2026-06-03T22:41:46Z" user="Grass-snake" uid="11321493" lat="55.7790157" lon="37.6435809"/>
 <node id="412509462" visible="true" version="3" changeset="183616295" timestamp="2026-06-03T22:41:46Z" user="Grass-snake" uid="11321493" lat="55.7789617" lon="37.6436827"/>
 <node id="412509464" visible="true" version="3" changeset="183616295" timestamp="2026-06-03T22:41:46Z" user="Grass-snake" uid="11321493" lat="55.7786273" lon="37.6431715"/>
 <node id="412509465" visible="true" version="3" changeset="183616295" timestamp="2026-06-03T22:41:46Z" user="Grass-snake" uid="11321493" lat="55.7786363" lon="37.6431524"/>
 <node id="412509467" visible="true" version="3" changeset="183616295" timestamp="2026-06-03T22:41:46Z" user="Grass-snake" uid="11321493" lat="55.7785391" lon="37.6429736"/>
 <node id="412509469" visible="true" version="4" changeset="146443731" timestamp="2024-01-19T13:16:20Z" user="literan" uid="830106" lat="55.7797895" lon="37.6430291"/>
 <node id="412509471" visible="true" version="4" changeset="146443731" timestamp="2024-01-19T13:16:20Z" user="literan" uid="830106" lat="55.7797871" lon="37.6421677"/>
 <node id="442888326" visible="true" version="3" changeset="51630809" timestamp="2017-09-01T00:29:23Z" user="Alexander-II" uid="3580412" lat="55.7780222" lon="37.6411840"/>
 <node id="442888330" visible="true" version="3" changeset="51630809" timestamp="2017-09-01T00:29:23Z" user="Alexander-II" uid="3580412" lat="55.7778851" lon="37.6411850"/>
 <node id="442888333" visible="true" version="4" changeset="130088536" timestamp="2022-12-14T20:07:47Z" user="solenoid jam" uid="10129333" lat="55.7778852" lon="37.6418846"/>
 <node id="442888341" visible="true" version="4" changeset="130088536" timestamp="2022-12-14T20:07:47Z" user="solenoid jam" uid="10129333" lat="55.7778059" lon="37.6416317"/>
 <node id="442888345" visible="true" version="3" changeset="51630809" timestamp="2017-09-01T00:29:23Z" user="Alexander-II" uid="3580412" lat="55.7778048" lon="37.6411376"/>
 <node id="442888351" visible="true" version="3" changeset="51630809" timestamp="2017-09-01T00:29:23Z" user="Alexander-II" uid="3580412" lat="55.7776505" lon="37.6411388"/>
 <node id="442888355" visible="true" version="3" changeset="51630809" timestamp="2017-09-01T00:29:23Z" user="Alexander-II" uid="3580412" lat="55.7776537" lon="37.6424874"/>
 <node id="442888358" visible="true" version="3" changeset="51630809" timestamp="2017-09-01T00:29:23Z" user="Alexander-II" uid="3580412" lat="55.7780252" lon="37.6424847"/>
 <node id="442888370" visible="true" version="7" changeset="130088536" timestamp="2022-12-14T20:07:47Z" user="solenoid jam" uid="10129333" lat="55.7779732" lon="37.6447272"/>
 <node id="442888374" visible="true" version="7" changeset="130088536" timestamp="2022-12-14T20:07:47Z" user="solenoid jam" uid="10129333" lat="55.7779166" lon="37.6444322"/>
 <node id="442888378" visible="true" version="7" changeset="130088536" timestamp="2022-12-14T20:07:47Z" user="solenoid jam" uid="10129333" lat="55.7777720" lon="37.6444606"/>
 <node id="442888384" visible="true" version="7" changeset="130088536" timestamp="2022-12-14T20:07:47Z" user="solenoid jam" uid="10129333" lat="55.7777466" lon="37.6447791"/>
 <node id="442888388" visible="true" version="7" changeset="130088536" timestamp="2022-12-14T20:07:47Z" user="solenoid jam" uid="10129333" lat="55.7778004" lon="37.6455059"/>
 <node id="442888396" visible="true" version="7" changeset="130088536" timestamp="2022-12-14T20:07:47Z" user="solenoid jam" uid="10129333" lat="55.7778368" lon="37.6456958"/>
 <node id="442888401" visible="true" version="7" changeset="130088536" timestamp="2022-12-14T20:07:47Z" user="solenoid jam" uid="10129333" lat="55.7779867" lon="37.6456701"/>
 <node id="442888406" visible="true" version="8" changeset="170747292" timestamp="2025-08-20T20:59:38Z" user="literan" uid="830106" lat="55.7780141" lon="37.6453528"/>
 <node id="442888425" visible="true" version="1" changeset="1851926" timestamp="2009-07-17T09:24:27Z" user="dars-dm" uid="62980" lat="55.7794900" lon="37.6449681"/>
 <node id="442888429" visible="true" version="1" changeset="1851926" timestamp="2009-07-17T09:24:28Z" user="dars-dm" uid="62980" lat="55.7794417" lon="37.6448308"/>
 <node id="442888431" visible="true" version="1" changeset="1851926" timestamp="2009-07-17T09:24:28Z" user="dars-dm" uid="62980" lat="55.7790942" lon="37.6447621"/>
 <node id="442888440" visible="true" version="2" changeset="170747292" timestamp="2025-08-20T20:59:38Z" user="literan" uid="830106" lat="55.7790178" lon="37.6449573"/>
 <node id="442888443" visible="true" version="2" changeset="147265531" timestamp="2024-02-09T17:06:20Z" user="literan" uid="830106" lat="55.7792052" lon="37.6453937"/>
 <node id="442888453" visible="true" version="4" changeset="112261663" timestamp="2021-10-08T11:56:13Z" user="literan" uid="830106" lat="55.7790723" lon="37.6452911"/>
 <node id="442888454" visible="true" version="3" changeset="112261663" timestamp="2021-10-08T11:56:13Z" user="literan" uid="830106" lat="55.7789445" lon="37.6450211"/>
 <node id="442888457" visible="true" version="3" changeset="112261663" timestamp="2021-10-08T11:56:13Z" user="literan" uid="830106" lat="55.7788715" lon="37.6451304"/>
 <node id="442888462" visible="true" version="4" changeset="112261663" timestamp="2021-10-08T11:56:13Z" user="literan" uid="830106" lat="55.7790002" lon="37.6454024"/>
 <node id="442888466" visible="true" version="5" changeset="112261663" timestamp="2021-10-08T11:56:13Z" user="literan" uid="830106" lat="55.7786627" lon="37.6459075"/>
 <node id="442888468" visible="true" version="6" changeset="112261663" timestamp="2021-10-08T11:56:13Z" user="literan" uid="830106" lat="55.7786139" lon="37.6455474"/>
 <node id="442888470" visible="true" version="6" changeset="112261663" timestamp="2021-10-08T11:56:13Z" user="literan" uid="830106" lat="55.7785156" lon="37.6455461"/>
 <node id="442888471" visible="true" version="6" changeset="112261663" timestamp="2021-10-08T11:56:13Z" user="literan" uid="830106" lat="55.7785192" lon="37.6459254"/>
 <node id="442888472" visible="true" version="5" changeset="112261663" timestamp="2021-10-08T11:56:13Z" user="literan" uid="830106" lat="55.7785746" lon="37.6460766"/>
 <node id="442888473" visible="true" version="5" changeset="112261663" timestamp="2021-10-08T11:56:13Z" user="literan" uid="830106" lat="55.7786330" lon="37.6460951"/>
 <node id="442888474" visible="true" version="5" changeset="112261663" timestamp="2021-10-08T11:56:13Z" user="literan" uid="830106" lat="55.7787087" lon="37.6460628"/>
 <node id="442888476" visible="true" version="4" changeset="112261663" timestamp="2021-10-08T11:56:13Z" user="literan" uid="830106" lat="55.7790978" lon="37.6454811"/>
 <node id="442888478" visible="true" version="4" changeset="112261663" timestamp="2021-10-08T11:56:13Z" user="literan" uid="830106" lat="55.7790346" lon="37.6453475"/>
 <node id="442888482" visible="true" version="5" changeset="183616295" timestamp="2026-06-03T22:41:46Z" user="Grass-snake" uid="11321493" lat="55.7791928" lon="37.6443123"/>
 <node id="442888484" visible="true" version="4" changeset="183616295" timestamp="2026-06-03T22:41:46Z" user="Grass-snake" uid="11321493" lat="55.7790601" lon="37.6445246"/>
 <node id="442888485" visible="true" version="4" changeset="183616295" timestamp="2026-06-03T22:41:46Z" user="Grass-snake" uid="11321493" lat="55.7790068" lon="37.6444064"/>
 <node id="442888486" visible="true" version="4" changeset="183616295" timestamp="2026-06-03T22:41:46Z" user="Grass-snake" uid="11321493" lat="55.7786136" lon="37.6449755"/>
 <node id="442888487" visible="true" version="5" changeset="183616295" timestamp="2026-06-03T22:41:46Z" user="Grass-snake" uid="11321493" lat="55.7786046" lon="37.6454130"/>
 <node id="442888488" visible="true" version="4" changeset="112261663" timestamp="2021-10-08T11:56:13Z" user="literan" uid="830106" lat="55.7785163" lon="37.6454146"/>
 <node id="442888489" visible="true" version="5" changeset="183616295" timestamp="2026-06-03T22:41:46Z" user="Grass-snake" uid="11321493" lat="55.7785144" lon="37.6449082"/>
 <node id="442888491" visible="true" version="5" changeset="183616295" timestamp="2026-06-03T22:41:46Z" user="Grass-snake" uid="11321493" lat="55.7789594" lon="37.6442214"/>
 <node id="442888492" visible="true" version="5" changeset="183616295" timestamp="2026-06-03T22:41:46Z" user="Grass-snake" uid="11321493" lat="55.7790261" lon="37.6443523"/>
 <node id="442888494" visible="true" version="5" changeset="183616295" timestamp="2026-06-03T22:41:46Z" user="Grass-snake" uid="11321493" lat="55.7791215" lon="37.6442061"/>
 <node id="442888496" visible="true" version="4" changeset="183616295" timestamp="2026-06-03T22:41:46Z" user="Grass-snake" uid="11321493" lat="55.7787652" lon="37.6436470"/>
 <node id="442888498" visible="true" version="4" changeset="183616295" timestamp="2026-06-03T22:41:46Z" user="Grass-snake" uid="11321493" lat="55.7786301" lon="37.6439142"/>
 <node id="442888499" visible="true" version="4" changeset="183616295" timestamp="2026-06-03T22:41:46Z" user="Grass-snake" uid="11321493" lat="55.7787667" lon="37.6442271"/>
 <node id="442888500" visible="true" version="4" changeset="183616295" timestamp="2026-06-03T22:41:46Z" user="Grass-snake" uid="11321493" lat="55.7786929" lon="37.6443479"/>
 <node id="442888501" visible="true" version="5" changeset="183616295" timestamp="2026-06-03T22:41:46Z" user="Grass-snake" uid="11321493" lat="55.7785385" lon="37.6440316"/>
 <node id="442888503" visible="true" version="4" changeset="183616295" timestamp="2026-06-03T22:41:46Z" user="Grass-snake" uid="11321493" lat="55.7785278" lon="37.6438501"/>
 <node id="442888505" visible="true" version="5" changeset="183616295" timestamp="2026-06-03T22:41:46Z" user="Grass-snake" uid="11321493" lat="55.7786952" lon="37.6435288"/>
 <node id="442888509" visible="true" version="7" changeset="171151501" timestamp="2025-08-28T19:14:51Z" user="Felis Pimeja" uid="260756" lat="55.7792255" lon="37.6424031"/>
 <node id="442888528" visible="true" version="5" changeset="171142452" timestamp="2025-08-28T17:53:18Z" user="Felis Pimeja" uid="260756" lat="55.7794161" lon="37.6423704"/>
 <node id="442888538" visible="true" version="7" changeset="112261663" timestamp="2021-10-08T11:56:13Z" user="literan" uid="830106" lat="55.7795681" lon="37.6433841"/>
 <node id="442888540" visible="true" version="7" changeset="112261663" timestamp="2021-10-08T11:56:13Z" user="literan" uid="830106" lat="55.7795688" lon="37.6436031"/>
 <node id="442888542" visible="true" version="7" changeset="112261663" timestamp="2021-10-08T11:56:13Z" user="literan" uid="830106" lat="55.7793399" lon="37.6436053"/>
 <node id="442888544" visible="true" version="7" changeset="112261663" timestamp="2021-10-08T11:56:13Z" user="literan" uid="830106" lat="55.7793392" lon="37.6433863"/>
 <node id="442888546" visible="true" version="6" changeset="183616295" timestamp="2026-06-03T22:41:46Z" user="Grass-snake" uid="11321493" lat="55.7790789" lon="37.6429692"/>
 <node id="442888547" visible="true" version="6" changeset="183616295" timestamp="2026-06-03T22:41:46Z" user="Grass-snake" uid="11321493" lat="55.7790123" lon="37.6430932"/>
 <node id="442888548" visible="true" version="6" changeset="183616295" timestamp="2026-06-03T22:41:46Z" user="Grass-snake" uid="11321493" lat="55.7787747" lon="37.6427067"/>
 <node id="442888549" visible="true" version="6" changeset="183616295" timestamp="2026-06-03T22:41:46Z" user="Grass-snake" uid="11321493" lat="55.7788449" lon="37.6425763"/>
 <node id="442888551" visible="true" version="5" changeset="183616295" timestamp="2026-06-03T22:41:46Z" user="Grass-snake" uid="11321493" lat="55.7786159" lon="37.6422536"/>
 <node id="442888553" visible="true" version="5" changeset="183616295" timestamp="2026-06-03T22:41:46Z" user="Grass-snake" uid="11321493" lat="55.7785274" lon="37.6422692"/>
 <node id="442888555" visible="true" version="5" changeset="183616295" timestamp="2026-06-03T22:41:46Z" user="Grass-snake" uid="11321493" lat="55.7785072" lon="37.6418356"/>
 <node id="442888556" visible="true" version="5" changeset="183616295" timestamp="2026-06-03T22:41:46Z" user="Grass-snake" uid="11321493" lat="55.7786208" lon="37.6418392"/>
 <node id="442888558" visible="true" version="3" changeset="69312409" timestamp="2019-04-17T14:42:21Z" user="Vadiм" uid="326091" lat="55.7781584" lon="37.6468950"/>
 <node id="442888559" visible="true" version="3" changeset="69312409" timestamp="2019-04-17T14:42:21Z" user="Vadiм" uid="326091" lat="55.7777741" lon="37.6474768"/>
 <node id="442888560" visible="true" version="3" changeset="69312409" timestamp="2019-04-17T14:42:21Z" user="Vadiм" uid="326091" lat="55.7775864" lon="37.6462229"/>
 <node id="442888561" visible="true" version="3" changeset="69312409" timestamp="2019-04-17T14:42:21Z" user="Vadiм" uid="326091" lat="55.7777425" lon="37.6461842"/>
 <node id="442888562" visible="true" version="3" changeset="69312409" timestamp="2019-04-17T14:42:21Z" user="Vadiм" uid="326091" lat="55.7777974" lon="37.6468647"/>
 <node id="442888563" visible="true" version="3" changeset="69312409" timestamp="2019-04-17T14:42:21Z" user="Vadiм" uid="326091" lat="55.7780635" lon="37.6466815"/>
 <node id="442888564" visible="true" version="2" changeset="51571520" timestamp="2017-08-30T10:25:40Z" user="literan" uid="830106" lat="55.7782768" lon="37.6467657"/>
 <node id="442888565" visible="true" version="2" changeset="51571520" timestamp="2017-08-30T10:25:40Z" user="literan" uid="830106" lat="55.7782091" lon="37.6468478"/>
 <node id="442888566" visible="true" version="2" changeset="51571520" timestamp="2017-08-30T10:25:40Z" user="literan" uid="830106" lat="55.7781350" lon="37.6466676"/>
 <node id="442888567" visible="true" version="2" changeset="51571520" timestamp="2017-08-30T10:25:40Z" user="literan" uid="830106" lat="55.7781810" lon="37.6466018"/>
 <node id="442888568" visible="true" version="4" changeset="69337354" timestamp="2019-04-18T09:41:29Z" user="Vadiм" uid="326091" lat="55.7781788" lon="37.6462800"/>
 <node id="442888569" visible="true" version="4" changeset="69337354" timestamp="2019-04-18T09:41:29Z" user="Vadiм" uid="326091" lat="55.7778011" lon="37.6462109"/>
 <node id="442888570" visible="true" version="5" changeset="69337354" timestamp="2019-04-18T09:41:29Z" user="Vadiм" uid="326091" lat="55.7778058" lon="37.6461063"/>
 <node id="442888571" visible="true" version="4" changeset="69337354" timestamp="2019-04-18T09:41:29Z" user="Vadiм" uid="326091" lat="55.7782657" lon="37.6461760"/>
 <node id="442888572" visible="true" version="6" changeset="183616295" timestamp="2026-06-03T22:41:46Z" user="Grass-snake" uid="11321493" lat="55.7781158" lon="37.6443043"/>
 <node id="442888574" visible="true" version="5" changeset="183616295" timestamp="2026-06-03T22:41:46Z" user="Grass-snake" uid="11321493" lat="55.7782493" lon="37.6434634"/>
 <node id="442888575" visible="true" version="5" changeset="183616295" timestamp="2026-06-03T22:41:46Z" user="Grass-snake" uid="11321493" lat="55.7781195" lon="37.6434725"/>
 <node id="442888576" visible="true" version="7" changeset="183616295" timestamp="2026-06-03T22:41:46Z" user="Grass-snake" uid="11321493" lat="55.7780084" lon="37.6439312"/>
 <node id="442888577" visible="true" version="6" changeset="170747292" timestamp="2025-08-20T20:59:38Z" user="literan" uid="830106" lat="55.7777218" lon="37.6440245"/>
 <node id="442888578" visible="true" version="6" changeset="170747292" timestamp="2025-08-20T20:59:38Z" user="literan" uid="830106" lat="55.7777143" lon="37.6439477"/>
 <node id="442888579" visible="true" version="7" changeset="170747292" timestamp="2025-08-20T20:59:38Z" user="literan" uid="830106" lat="55.7775345" lon="37.6439860"/>
 <node id="442888580" visible="true" version="5" changeset="165592955" timestamp="2025-04-29T13:32:41Z" user="literan" uid="830106" lat="55.7774431" lon="37.6430230"/>
 <node id="442888581" visible="true" version="4" changeset="39506701" timestamp="2016-05-23T11:12:52Z" user="literan" uid="830106" lat="55.7779587" lon="37.6429906"/>
 <node id="473120404" visible="true" version="22" changeset="154594614" timestamp="2024-07-30T08:50:27Z" user="Zenfiric" uid="182327" lat="55.7793525" lon="37.6454248">
  <tag k="name" v="Пантелеевская улица"/>
  <tag k="public_transport" v="stop_position"/>
  <tag k="railway" v="tram_stop"/>
  <tag k="tram" v="yes"/>
 </node>
 <node id="529020856" visible="true" version="5" changeset="165592955" timestamp="2025-04-29T13:32:41Z" user="literan" uid="830106" lat="55.7774511" lon="37.6429209"/>
 <node id="529020864" visible="true" version="4" changeset="165592955" timestamp="2025-04-29T13:32:41Z" user="literan" uid="830106" lat="55.7775450" lon="37.6444562"/>
 <node id="529020865" visible="true" version="3" changeset="165592955" timestamp="2025-04-29T13:32:41Z" user="literan" uid="830106" lat="55.7773326" lon="37.6476145"/>
 <node id="529020868" visible="true" version="4" changeset="183616295" timestamp="2026-06-03T22:41:46Z" user="Grass-snake" uid="11321493" lat="55.7783438" lon="37.6430361"/>
 <node id="529020870" visible="true" version="3" changeset="112261663" timestamp="2021-10-08T11:56:13Z" user="literan" uid="830106" lat="55.7785443" lon="37.6407967"/>
 <node id="529020871" visible="true" version="3" changeset="112261663" timestamp="2021-10-08T11:56:13Z" user="literan" uid="830106" lat="55.7785093" lon="37.6408358"/>
 <node id="529020880" visible="true" version="4" changeset="112261663" timestamp="2021-10-08T11:56:13Z" user="literan" uid="830106" lat="55.7796641" lon="37.6413696"/>
 <node id="529020881" visible="true" version="4" changeset="121868566" timestamp="2022-06-02T20:59:49Z" user="literan" uid="830106" lat="55.7796430" lon="37.6413288"/>
 <node id="529020888" visible="true" version="3" changeset="142712210" timestamp="2023-10-17T12:56:36Z" user="literan" uid="830106" lat="55.7796828" lon="37.6436810"/>
 <node id="529020909" visible="true" version="2" changeset="111648627" timestamp="2021-09-24T13:39:25Z" user="literan" uid="830106" lat="55.7783075" lon="37.6468341"/>
 <node id="529020910" visible="true" version="1" changeset="2818559" timestamp="2009-10-11T19:31:00Z" user="KekcuHa" uid="30590" lat="55.7783259" lon="37.6467527"/>
 <node id="529020911" visible="true" version="2" changeset="112261663" timestamp="2021-10-08T11:56:13Z" user="literan" uid="830106" lat="55.7784032" lon="37.6464475"/>
 <node id="529020912" visible="true" version="2" changeset="112261663" timestamp="2021-10-08T11:56:13Z" user="literan" uid="830106" lat="55.7785065" lon="37.6465668"/>
 <node id="529020913" visible="true" version="4" changeset="142712210" timestamp="2023-10-17T12:56:36Z" user="literan" uid="830106" lat="55.7796661" lon="37.6448575"/>
 <node id="529020914" visible="true" version="4" changeset="142712210" timestamp="2023-10-17T12:56:36Z" user="literan" uid="830106" lat="55.7796844" lon="37.6447814"/>
 <node id="583309509" visible="true" version="5" changeset="112261663" timestamp="2021-10-08T11:56:13Z" user="literan" uid="830106" lat="55.7790540" lon="37.6420440"/>
 <node id="583309510" visible="true" version="5" changeset="112261663" timestamp="2021-10-08T11:56:13Z" user="literan" uid="830106" lat="55.7788535" lon="37.6420358"/>
 <node id="583309512" visible="true" version="5" changeset="112261663" timestamp="2021-10-08T11:56:13Z" user="literan" uid="830106" lat="55.7790513" lon="37.6422550"/>
 <node id="583315744" visible="true" version="5" changeset="121805647" timestamp="2022-06-01T10:38:01Z" user="literan" uid="830106" lat="55.7801912" lon="37.6443482"/>
 <node id="583315746" visible="true" version="5" changeset="121805647" timestamp="2022-06-01T10:38:01Z" user="literan" uid="830106" lat="55.7801142" lon="37.6442384"/>
 <node id="583315748" visible="true" version="5" changeset="121805647" timestamp="2022-06-01T10:38:01Z" user="literan" uid="830106" lat="55.7800247" lon="37.6444370"/>
 <node id="583315750" visible="true" version="5" changeset="121805647" timestamp="2022-06-01T10:38:01Z" user="literan" uid="830106" lat="55.7801018" lon="37.6445468"/>
 <node id="583315762" visible="true" version="4" changeset="46854257" timestamp="2017-03-14T21:56:58Z" user="literan" uid="830106" lat="55.7796808" lon="37.6452268"/>
 <node id="583315764" visible="true" version="4" changeset="46854257" timestamp="2017-03-14T21:56:58Z" user="literan" uid="830106" lat="55.7797860" lon="37.6454566"/>
 <node id="583315766" visible="true" version="4" changeset="46854257" timestamp="2017-03-14T21:56:58Z" user="literan" uid="830106" lat="55.7794754" lon="37.6459081"/>
 <node id="583315768" visible="true" version="4" changeset="46854257" timestamp="2017-03-14T21:56:58Z" user="literan" uid="830106" lat="55.7793697" lon="37.6456771"/>
 <node id="697485006" visible="true" version="21" changeset="171985399" timestamp="2025-09-15T20:42:14Z" user="Bobropiton" uid="2055718" lat="55.7795661" lon="37.6451873">
  <tag k="name" v="Пантелеевская улица"/>
  <tag k="public_transport" v="stop_position"/>
  <tag k="railway" v="tram_stop"/>
  <tag k="tram" v="yes"/>
 </node>
 <node id="901001129" visible="true" version="7" changeset="130088536" timestamp="2022-12-14T20:07:47Z" user="solenoid jam" uid="10129333" lat="55.7775463" lon="37.6455388"/>
 <node id="901001132" visible="true" version="5" changeset="69337354" timestamp="2019-04-18T09:41:29Z" user="Vadiм" uid="326091" lat="55.7775642" lon="37.6450867"/>
 <node id="901001140" visible="true" version="5" changeset="69337354" timestamp="2019-04-18T09:41:29Z" user="Vadiм" uid="326091" lat="55.7777837" lon="37.6453571"/>
 <node id="901001141" visible="true" version="7" changeset="130088536" timestamp="2022-12-14T20:07:47Z" user="solenoid jam" uid="10129333" lat="55.7775988" lon="37.6456268"/>
 <node id="901001143" visible="true" version="6" changeset="130088536" timestamp="2022-12-14T20:07:47Z" user="solenoid jam" uid="10129333" lat="55.7777371" lon="37.6453663"/>
 <node id="901001151" visible="true" version="7" changeset="130088536" timestamp="2022-12-14T20:07:47Z" user="solenoid jam" uid="10129333" lat="55.7776716" lon="37.6456352"/>
 <node id="901001158" visible="true" version="7" changeset="130088536" timestamp="2022-12-14T20:07:47Z" user="solenoid jam" uid="10129333" lat="55.7776661" lon="37.6452671"/>
 <node id="901001161" visible="true" version="7" changeset="130088536" timestamp="2022-12-14T20:07:47Z" user="solenoid jam" uid="10129333" lat="55.7777430" lon="37.6455140"/>
 <node id="901001163" visible="true" version="7" changeset="130088536" timestamp="2022-12-14T20:07:47Z" user="solenoid jam" uid="10129333" lat="55.7775362" lon="37.6454192"/>
 <node id="922417098" visible="true" version="2" changeset="142712210" timestamp="2023-10-17T12:56:36Z" user="literan" uid="830106" lat="55.7795539" lon="37.6459379"/>
 <node id="1027185267" visible="true" version="6" changeset="112261663" timestamp="2021-10-08T11:56:13Z" user="literan" uid="830106" lat="55.7793139" lon="37.6440539"/>
 <node id="1027185272" visible="true" version="6" changeset="112261663" timestamp="2021-10-08T11:56:13Z" user="literan" uid="830106" lat="55.7792581" lon="37.6440537"/>
 <node id="1027185293" visible="true" version="4" changeset="142712210" timestamp="2023-10-17T12:56:36Z" user="literan" uid="830106" lat="55.7793772" lon="37.6467811"/>
 <node id="1027185301" visible="true" version="6" changeset="112261663" timestamp="2021-10-08T11:56:13Z" user="literan" uid="830106" lat="55.7792582" lon="37.6439173"/>
 <node id="1027185312" visible="true" version="4" changeset="111648627" timestamp="2021-09-24T13:39:25Z" user="literan" uid="830106" lat="55.7789513" lon="37.6466540"/>
 <node id="1027185314" visible="true" version="4" changeset="142712210" timestamp="2023-10-17T12:56:36Z" user="literan" uid="830106" lat="55.7796622" lon="37.6461035"/>
 <node id="1027185321" visible="true" version="6" changeset="147275971" timestamp="2024-02-09T22:43:32Z" user="Fantomas" uid="478018" lat="55.7786975" lon="37.6466574"/>
 <node id="1027185324" visible="true" version="4" changeset="111648627" timestamp="2021-09-24T13:39:25Z" user="literan" uid="830106" lat="55.7791173" lon="37.6463063"/>
 <node id="1027185328" visible="true" version="6" changeset="147275971" timestamp="2024-02-09T22:43:32Z" user="Fantomas" uid="478018" lat="55.7787057" lon="37.6469701"/>
 <node id="1027185330" visible="true" version="6" changeset="112261663" timestamp="2021-10-08T11:56:13Z" user="literan" uid="830106" lat="55.7793141" lon="37.6439175"/>
 <node id="1027185338" visible="true" version="4" changeset="111648627" timestamp="2021-09-24T13:39:25Z" user="literan" uid="830106" lat="55.7791454" lon="37.6463668"/>
 <node id="1027185353" visible="true" version="4" changeset="142712210" timestamp="2023-10-17T12:56:36Z" user="literan" uid="830106" lat="55.7797328" lon="37.6462542"/>
 <node id="1027185358" visible="true" version="6" changeset="147275971" timestamp="2024-02-09T22:43:32Z" user="Fantomas" uid="478018" lat="55.7786157" lon="37.6467795"/>
 <node id="1027185372" visible="true" version="6" changeset="147275971" timestamp="2024-02-09T22:43:32Z" user="Fantomas" uid="478018" lat="55.7788079" lon="37.6468174"/>
 <node id="1027185381" visible="true" version="4" changeset="111648627" timestamp="2021-09-24T13:39:25Z" user="literan" uid="830106" lat="55.7791343" lon="37.6460377"/>
 <node id="1027185384" visible="true" version="4" changeset="142712210" timestamp="2023-10-17T12:56:36Z" user="literan" uid="830106" lat="55.7793066" lon="37.6466304"/>
 <node id="1027185385" visible="true" version="4" changeset="111648627" timestamp="2021-09-24T13:39:25Z" user="literan" uid="830106" lat="55.7792297" lon="37.6462431"/>
 <node id="1027185413" visible="true" version="5" changeset="142712210" timestamp="2023-10-17T12:56:36Z" user="literan" uid="830106" lat="55.7785214" lon="37.6469897"/>
 <node id="1027185418" visible="true" version="6" changeset="147275971" timestamp="2024-02-09T22:43:32Z" user="Fantomas" uid="478018" lat="55.7787668" lon="37.6467303"/>
 <node id="1027185420" visible="true" version="4" changeset="111648627" timestamp="2021-09-24T13:39:25Z" user="literan" uid="830106" lat="55.7790396" lon="37.6465245"/>
 <node id="1027185425" visible="true" version="4" changeset="111648627" timestamp="2021-09-24T13:39:25Z" user="literan" uid="830106" lat="55.7788553" lon="37.6464470"/>
 <node id="1027185428" visible="true" version="6" changeset="147275971" timestamp="2024-02-09T22:43:32Z" user="Fantomas" uid="478018" lat="55.7787463" lon="37.6467608"/>
 <node id="1027185434" visible="true" version="4" changeset="111648627" timestamp="2021-09-24T13:39:25Z" user="literan" uid="830106" lat="55.7790109" lon="37.6464625"/>
 <node id="1172627802" visible="true" version="3" changeset="121805647" timestamp="2022-06-01T10:38:01Z" user="literan" uid="830106" lat="55.7803580" lon="37.6431102"/>
 <node id="1172627820" visible="true" version="10" changeset="170758215" timestamp="2025-08-21T06:12:17Z" user="literan" uid="830106" lat="55.7797230" lon="37.6438804">
  <tag k="crossing" v="uncontrolled"/>
  <tag k="crossing:island" v="no"/>
  <tag k="highway" v="crossing"/>
  <tag k="tactile_paving" v="no"/>
 </node>
 <node id="1172627827" visible="true" version="2" changeset="121805647" timestamp="2022-06-01T10:38:01Z" user="literan" uid="830106" lat="55.7798519" lon="37.6438304"/>
 <node id="1172627830" visible="true" version="6" changeset="165939484" timestamp="2025-05-07T14:23:46Z" user="Travieso" uid="5642897" lat="55.7783709" lon="37.6466994">
  <tag k="crossing" v="uncontrolled"/>
  <tag k="crossing:island" v="no"/>
  <tag k="highway" v="crossing"/>
  <tag k="tactile_paving" v="no"/>
 </node>
 <node id="1172627835" visible="true" version="4" changeset="142712210" timestamp="2023-10-17T12:56:36Z" user="literan" uid="830106" lat="55.7798236" lon="37.6438411"/>
 <node id="1172627848" visible="true" version="7" changeset="170758215" timestamp="2025-08-21T06:12:17Z" user="literan" uid="830106" lat="55.7796583" lon="37.6438810"/>
 <node id="1172627860" visible="true" version="1" changeset="7392454" timestamp="2011-02-25T17:34:00Z" user="trolleway" uid="397326" lat="55.7813591" lon="37.6427110"/>
 <node id="1172627865" visible="true" version="2" changeset="165592955" timestamp="2025-04-29T13:32:41Z" user="literan" uid="830106" lat="55.7774178" lon="37.6481360"/>
 <node id="1172627871" visible="true" version="3" changeset="142712210" timestamp="2023-10-17T12:56:36Z" user="literan" uid="830106" lat="55.7797497" lon="37.6414601"/>
 <node id="1172627873" visible="true" version="3" changeset="65804480" timestamp="2018-12-27T08:02:07Z" user="Vadiм" uid="326091" lat="55.7796657" lon="37.6448299"/>
 <node id="1172937411" visible="true" version="3" changeset="142712210" timestamp="2023-10-17T12:56:36Z" user="literan" uid="830106" lat="55.7797983" lon="37.6437666"/>
 <node id="1172937414" visible="true" version="3" changeset="146443731" timestamp="2024-01-19T13:16:20Z" user="literan" uid="830106" lat="55.7813849" lon="37.6421898"/>
 <node id="1172937425" visible="true" version="2" changeset="69312636" timestamp="2019-04-17T14:49:13Z" user="Vadiм" uid="326091" lat="55.7777101" lon="37.6477173"/>
 <node id="1172937428" visible="true" version="2" changeset="114113443" timestamp="2021-11-22T20:30:31Z" user="literan" uid="830106" lat="55.7813165" lon="37.6427132"/>
 <node id="1172937435" visible="true" version="2" changeset="121805647" timestamp="2022-06-01T10:38:01Z" user="literan" uid="830106" lat="55.7798358" lon="37.6438159"/>
 <node id="1172937437" visible="true" version="7" changeset="166030710" timestamp="2025-05-09T14:20:27Z" user="literan" uid="830106" lat="55.7796417" lon="37.6442418">
  <tag k="amenity" v="pharmacy"/>
  <tag k="contact:phone" v="+7 495 6804879"/>
  <tag k="inscription" v="Аптека"/>
  <tag k="noname" v="yes"/>
  <tag k="opening_hours" v="24/7"/>
  <tag k="operator" v="ООО &quot;Альбион&quot;"/>
  <tag k="wheelchair" v="no"/>
 </node>
 <node id="1172937443" visible="true" version="5" changeset="111648627" timestamp="2021-09-24T13:39:25Z" user="literan" uid="830106" lat="55.7777619" lon="37.6477411"/>
 <node id="1172937452" visible="true" version="2" changeset="146443731" timestamp="2024-01-19T13:16:20Z" user="literan" uid="830106" lat="55.7813477" lon="37.6426750"/>
 <node id="1172937459" visible="true" version="1" changeset="7394432" timestamp="2011-02-25T20:58:06Z" user="trolleway" uid="397326" lat="55.7803563" lon="37.6430788"/>
 <node id="1172937467" visible="true" version="2" changeset="142712210" timestamp="2023-10-17T12:56:36Z" user="literan" uid="830106" lat="55.7797846" lon="37.6414826"/>
 <node id="1172937474" visible="true" version="2" changeset="114113443" timestamp="2021-11-22T20:30:31Z" user="literan" uid="830106" lat="55.7814080" lon="37.6422561"/>
 <node id="1265329342" visible="true" version="5" changeset="165592955" timestamp="2025-04-29T13:32:41Z" user="literan" uid="830106" lat="55.7774915" lon="37.6437695"/>
 <node id="1265329343" visible="true" version="41" changeset="141400391" timestamp="2023-09-17T22:47:20Z" user="Bloodmage" uid="149719" lat="55.7778660" lon="37.6451910">
  <tag k="amenity" v="clinic"/>
  <tag k="healthcare" v="clinic"/>
  <tag k="health_facility:type" v="clinic"/>
  <tag k="name" v="Поликлиника №3 Управления делами Президента РФ"/>
  <tag k="name:uk" v="Поліклініка №3 Управління справами Президента РФ"/>
 </node>
 <node id="1265329345" visible="true" version="4" changeset="165592955" timestamp="2025-04-29T13:32:41Z" user="literan" uid="830106" lat="55.7775181" lon="37.6432816"/>
 <node id="1265329359" visible="true" version="3" changeset="39506701" timestamp="2016-05-23T11:12:50Z" user="literan" uid="830106" lat="55.7774621" lon="37.6432916"/>
 <node id="1265329362" visible="true" version="5" changeset="165592955" timestamp="2025-04-29T13:32:41Z" user="literan" uid="830106" lat="55.7775510" lon="37.6437562"/>
 <node id="1456074379" visible="true" version="5" changeset="171151501" timestamp="2025-08-28T19:14:51Z" user="Felis Pimeja" uid="260756" lat="55.7794143" lon="37.6425467"/>
 <node id="1456074380" visible="true" version="5" changeset="171151501" timestamp="2025-08-28T19:14:51Z" user="Felis Pimeja" uid="260756" lat="55.7795655" lon="37.6425556"/>
 <node id="1812345952" visible="true" version="2" changeset="142712210" timestamp="2023-10-17T12:56:36Z" user="literan" uid="830106" lat="55.7782298" lon="37.6479166"/>
 <node id="1812346052" visible="true" version="2" changeset="142712210" timestamp="2023-10-17T12:56:36Z" user="literan" uid="830106" lat="55.7790730" lon="37.6467957"/>
 <node id="1812346057" visible="true" version="3" changeset="142712210" timestamp="2023-10-17T12:56:36Z" user="literan" uid="830106" lat="55.7794891" lon="37.6476434"/>
 <node id="1896895900" visible="true" version="3" changeset="69337806" timestamp="2019-04-18T09:56:48Z" user="Vadiм" uid="326091" lat="55.7774901" lon="37.6449893"/>
 <node id="1896895901" visible="true" version="3" changeset="69337806" timestamp="2019-04-18T09:56:48Z" user="Vadiм" uid="326091" lat="55.7775038" lon="37.6448540"/>
 <node id="1896895902" visible="true" version="3" changeset="69337354" timestamp="2019-04-18T09:41:29Z" user="Vadiм" uid="326091" lat="55.7775148" lon="37.6451014"/>
 <node id="1896895903" visible="true" version="5" changeset="130088536" timestamp="2022-12-14T20:07:47Z" user="solenoid jam" uid="10129333" lat="55.7775355" lon="37.6454769"/>
 <node id="1896895904" visible="true" version="3" changeset="69337806" timestamp="2019-04-18T09:56:48Z" user="Vadiм" uid="326091" lat="55.7775428" lon="37.6450061"/>
 <node id="1896895905" visible="true" version="3" changeset="69337806" timestamp="2019-04-18T09:56:48Z" user="Vadiм" uid="326091" lat="55.7775565" lon="37.6448708"/>
 <node id="1896895907" visible="true" version="5" changeset="130088536" timestamp="2022-12-14T20:07:47Z" user="solenoid jam" uid="10129333" lat="55.7775681" lon="37.6455908"/>
 <node id="1896895910" visible="true" version="5" changeset="130088536" timestamp="2022-12-14T20:07:47Z" user="solenoid jam" uid="10129333" lat="55.7776155" lon="37.6452678"/>
 <node id="1896895912" visible="true" version="5" changeset="130088536" timestamp="2022-12-14T20:07:47Z" user="solenoid jam" uid="10129333" lat="55.7776346" lon="37.6456424"/>
 <node id="1896895914" visible="true" version="5" changeset="130088536" timestamp="2022-12-14T20:07:47Z" user="solenoid jam" uid="10129333" lat="55.7776338" lon="37.6452625"/>
 <node id="1896895929" visible="true" version="5" changeset="130088536" timestamp="2022-12-14T20:07:47Z" user="solenoid jam" uid="10129333" lat="55.7776962" lon="37.6452886"/>
 <node id="1896895931" visible="true" version="5" changeset="130088536" timestamp="2022-12-14T20:07:47Z" user="solenoid jam" uid="10129333" lat="55.7777308" lon="37.6455579"/>
 <node id="1896895932" visible="true" version="3" changeset="69337354" timestamp="2019-04-18T09:41:29Z" user="Vadiм" uid="326091" lat="55.7779848" lon="37.6449248"/>
 <node id="1896895933" visible="true" version="4" changeset="130202886" timestamp="2022-12-18T05:49:33Z" user="solenoid jam" uid="10129333" lat="55.7780461" lon="37.6449229"/>
 <node id="1896895934" visible="true" version="5" changeset="170747292" timestamp="2025-08-20T20:59:38Z" user="literan" uid="830106" lat="55.7780465" lon="37.6447478"/>
 <node id="1896895935" visible="true" version="6" changeset="170747292" timestamp="2025-08-20T20:59:38Z" user="literan" uid="830106" lat="55.7780521" lon="37.6453512"/>
 <node id="1896895936" visible="true" version="5" changeset="170747292" timestamp="2025-08-20T20:59:38Z" user="literan" uid="830106" lat="55.7780484" lon="37.6455630"/>
 <node id="1896895937" visible="true" version="5" changeset="170747292" timestamp="2025-08-20T20:59:38Z" user="literan" uid="830106" lat="55.7780992" lon="37.6458393"/>
 <node id="1896895938" visible="true" version="5" changeset="170747292" timestamp="2025-08-20T20:59:38Z" user="literan" uid="830106" lat="55.7780971" lon="37.6459975"/>
 <node id="1896895940" visible="true" version="5" changeset="170747292" timestamp="2025-08-20T20:59:38Z" user="literan" uid="830106" lat="55.7781391" lon="37.6457991"/>
 <node id="1896895941" visible="true" version="5" changeset="170747292" timestamp="2025-08-20T20:59:38Z" user="literan" uid="830106" lat="55.7781385" lon="37.6458409"/>
 <node id="1896895943" visible="true" version="5" changeset="170747292" timestamp="2025-08-20T20:59:38Z" user="literan" uid="830106" lat="55.7782554" lon="37.6460040"/>
 <node id="1896895944" visible="true" version="4" changeset="69337577" timestamp="2019-04-18T09:49:00Z" user="Vadiм" uid="326091" lat="55.7782802" lon="37.6458048"/>
 <node id="1896895946" visible="true" version="5" changeset="170747292" timestamp="2025-08-20T20:59:38Z" user="literan" uid="830106" lat="55.7782793" lon="37.6455645"/>
 <node id="1896895948" visible="true" version="5" changeset="170747292" timestamp="2025-08-20T20:59:38Z" user="literan" uid="830106" lat="55.7782825" lon="37.6447493"/>
 <node id="1896895950" visible="true" version="4" changeset="170747292" timestamp="2025-08-20T20:59:38Z" user="literan" uid="830106" lat="55.7782821" lon="37.6449563"/>
 <node id="1896895952" visible="true" version="4" changeset="170747292" timestamp="2025-08-20T20:59:38Z" user="literan" uid="830106" lat="55.7782824" lon="37.6447994"/>
 <node id="1896895954" visible="true" version="3" changeset="170747292" timestamp="2025-08-20T20:59:38Z" user="literan" uid="830106" lat="55.7783208" lon="37.6449565"/>
 <node id="1896895966" visible="true" version="3" changeset="170747292" timestamp="2025-08-20T20:59:38Z" user="literan" uid="830106" lat="55.7783211" lon="37.6447996"/>
 <node id="1901201376" visible="true" version="2" changeset="93383951" timestamp="2020-11-01T22:13:53Z" user="literan" uid="830106" lat="55.7771236" lon="37.6407361"/>
 <node id="1901201382" visible="true" version="5" changeset="98092951" timestamp="2021-01-25T06:12:28Z" user="UNR34L" uid="12542459" lat="55.7771994" lon="37.6407292">
  <tag k="crossing" v="uncontrolled"/>
  <tag k="crossing:island" v="no"/>
  <tag k="highway" v="crossing"/>
 </node>
 <node id="1901201392" visible="true" version="2" changeset="93383951" timestamp="2020-11-01T22:13:53Z" user="literan" uid="830106" lat="55.7772634" lon="37.6407142"/>
 <node id="1901201402" visible="true" version="2" changeset="93383951" timestamp="2020-11-01T22:13:53Z" user="literan" uid="830106" lat="55.7772684" lon="37.6415683"/>
 <node id="1901201408" visible="true" version="2" changeset="93383951" timestamp="2020-11-01T22:13:53Z" user="literan" uid="830106" lat="55.7772901" lon="37.6418346"/>
 <node id="1901201415" visible="true" version="2" changeset="165592955" timestamp="2025-04-29T13:32:41Z" user="literan" uid="830106" lat="55.7773750" lon="37.6429871"/>
 <node id="1901201421" visible="true" version="2" changeset="93383951" timestamp="2020-11-01T22:13:53Z" user="literan" uid="830106" lat="55.7773851" lon="37.6420084"/>
 <node id="1901201423" visible="true" version="2" changeset="93383951" timestamp="2020-11-01T22:13:53Z" user="literan" uid="830106" lat="55.7773916" lon="37.6417429"/>
 <node id="1901201425" visible="true" version="2" changeset="93383951" timestamp="2020-11-01T22:13:53Z" user="literan" uid="830106" lat="55.7773959" lon="37.6417978">
  <tag k="access" v="private"/>
  <tag k="barrier" v="gate"/>
 </node>
 <node id="1901201439" visible="true" version="2" changeset="93383951" timestamp="2020-11-01T22:13:53Z" user="literan" uid="830106" lat="55.7774064" lon="37.6419349"/>
 <node id="1901201442" visible="true" version="2" changeset="165592955" timestamp="2025-04-29T13:32:41Z" user="literan" uid="830106" lat="55.7774560" lon="37.6429838">
  <tag k="access" v="private"/>
  <tag k="barrier" v="gate"/>
 </node>
 <node id="1901201452" visible="true" version="2" changeset="110228197" timestamp="2021-08-25T12:00:04Z" user="bolserslon" uid="1895851" lat="55.7774756" lon="37.6424650">
  <tag k="access" v="private"/>
  <tag k="amenity" v="parking"/>
  <tag k="parking" v="surface"/>
 </node>
 <node id="1901201455" visible="true" version="2" changeset="93383951" timestamp="2020-11-01T22:13:53Z" user="literan" uid="830106" lat="55.7775038" lon="37.6417697"/>
 <node id="1901201457" visible="true" version="1" changeset="13001902" timestamp="2012-09-05T20:45:36Z" user="Fantomas" uid="478018" lat="55.7775565" lon="37.6427509"/>
 <node id="1901201508" visible="true" version="1" changeset="13001902" timestamp="2012-09-05T20:45:36Z" user="Fantomas" uid="478018" lat="55.7779721" lon="37.6429791"/>
 <node id="1901201509" visible="true" version="2" changeset="69337354" timestamp="2019-04-18T09:41:29Z" user="Vadiм" uid="326091" lat="55.7779954" lon="37.6432720"/>
 <node id="1901201520" visible="true" version="2" changeset="183616295" timestamp="2026-06-03T22:41:46Z" user="Grass-snake" uid="11321493" lat="55.7779745" lon="37.6429275"/>
 <node id="1901201522" visible="true" version="2" changeset="183616295" timestamp="2026-06-03T22:41:46Z" user="Grass-snake" uid="11321493" lat="55.7779828" lon="37.6430469"/>
 <node id="1901201534" visible="true" version="2" changeset="51630809" timestamp="2017-09-01T00:29:26Z" user="Alexander-II" uid="3580412" lat="55.7782324" lon="37.6423298"/>
 <node id="1901201537" visible="true" version="2" changeset="51630809" timestamp="2017-09-01T00:29:26Z" user="Alexander-II" uid="3580412" lat="55.7782385" lon="37.6416678"/>
 <node id="1901201539" visible="true" version="2" changeset="183616295" timestamp="2026-06-03T22:41:46Z" user="Grass-snake" uid="11321493" lat="55.7782576" lon="37.6430390"/>
 <node id="1901201541" visible="true" version="2" changeset="183616295" timestamp="2026-06-03T22:41:46Z" user="Grass-snake" uid="11321493" lat="55.7782567" lon="37.6432498">
  <tag k="access" v="private"/>
  <tag k="barrier" v="gate"/>
 </node>
 <node id="1901201542" visible="true" version="3" changeset="183616295" timestamp="2026-06-03T22:41:46Z" user="Grass-snake" uid="11321493" lat="55.7782557" lon="37.6434621"/>
 <node id="1901201544" visible="true" version="2" changeset="51630809" timestamp="2017-09-01T00:29:26Z" user="Alexander-II" uid="3580412" lat="55.7782892" lon="37.6423315"/>
 <node id="1901201545" visible="true" version="2" changeset="51630809" timestamp="2017-09-01T00:29:26Z" user="Alexander-II" uid="3580412" lat="55.7782953" lon="37.6416694"/>
 <node id="1901201547" visible="true" version="1" changeset="13001902" timestamp="2012-09-05T20:45:37Z" user="Fantomas" uid="478018" lat="55.7783514" lon="37.6427703">
  <tag k="access" v="private"/>
  <tag k="barrier" v="gate"/>
 </node>
 <node id="1901201557" visible="true" version="3" changeset="170747292" timestamp="2025-08-20T20:59:38Z" user="literan" uid="830106" lat="55.7783661" lon="37.6420559"/>
 <node id="1901201558" visible="true" version="2" changeset="69338934" timestamp="2019-04-18T10:27:52Z" user="Vadiм" uid="326091" lat="55.7783984" lon="37.6432473"/>
 <node id="1901201560" visible="true" version="1" changeset="13001902" timestamp="2012-09-05T20:45:38Z" user="Fantomas" uid="478018" lat="55.7783996" lon="37.6413329"/>
 <node id="1901201564" visible="true" version="4" changeset="170747292" timestamp="2025-08-20T20:59:38Z" user="literan" uid="830106" lat="55.7784061" lon="37.6427725"/>
 <node id="2214943626" visible="true" version="4" changeset="171603446" timestamp="2025-09-07T20:03:47Z" user="solenoid jam" uid="10129333" lat="55.7765304" lon="37.6492607"/>
 <node id="2491879023" visible="true" version="3" changeset="93383951" timestamp="2020-11-01T22:13:53Z" user="literan" uid="830106" lat="55.7773770" lon="37.6440010"/>
 <node id="2491879024" visible="true" version="5" changeset="110224483" timestamp="2021-08-25T11:57:29Z" user="bolserslon" uid="1895851" lat="55.7771849" lon="37.6463592">
  <tag k="crossing" v="marked"/>
  <tag k="crossing:island" v="no"/>
  <tag k="highway" v="crossing"/>
 </node>
 <node id="2491879025" visible="true" version="4" changeset="165592955" timestamp="2025-04-29T13:32:41Z" user="literan" uid="830106" lat="55.7771508" lon="37.6469016"/>
 <node id="2491879027" visible="true" version="3" changeset="165592955" timestamp="2025-04-29T13:32:41Z" user="literan" uid="830106" lat="55.7771624" lon="37.6484019"/>
 <node id="2491880754" visible="true" version="2" changeset="69337354" timestamp="2019-04-18T09:41:29Z" user="Vadiм" uid="326091" lat="55.7775154" lon="37.6444496"/>
 <node id="2491880755" visible="true" version="4" changeset="165592955" timestamp="2025-04-29T13:32:41Z" user="literan" uid="830106" lat="55.7773100" lon="37.6463658"/>
 <node id="2491880756" visible="true" version="4" changeset="165592955" timestamp="2025-04-29T13:32:41Z" user="literan" uid="830106" lat="55.7773005" lon="37.6465926"/>
 <node id="2491880757" visible="true" version="2" changeset="111648627" timestamp="2021-09-24T13:39:25Z" user="literan" uid="830106" lat="55.7772762" lon="37.6479592">
  <tag k="crossing" v="uncontrolled"/>
  <tag k="highway" v="crossing"/>
 </node>
 <node id="2491880758" visible="true" version="2" changeset="69312636" timestamp="2019-04-17T14:49:13Z" user="Vadiм" uid="326091" lat="55.7772875" lon="37.6482840"/>
 <node id="2505598703" visible="true" version="3" changeset="111648627" timestamp="2021-09-24T13:39:25Z" user="literan" uid="830106" lat="55.7773948" lon="37.6485678"/>
 <node id="2505598704" visible="true" version="2" changeset="142712210" timestamp="2023-10-17T12:56:36Z" user="literan" uid="830106" lat="55.7793309" lon="37.6456782"/>
 <node id="2505598706" visible="true" version="2" changeset="142712210" timestamp="2023-10-17T12:56:36Z" user="literan" uid="830106" lat="55.7797680" lon="37.6450096"/>
 <node id="2508400988" visible="true" version="2" changeset="93383951" timestamp="2020-11-01T22:13:53Z" user="literan" uid="830106" lat="55.7773225" lon="37.6415571"/>
 <node id="2508400990" visible="true" version="2" changeset="93383951" timestamp="2020-11-01T22:13:53Z" user="literan" uid="830106" lat="55.7773393" lon="37.6418173"/>
 <node id="2508400996" visible="true" version="2" changeset="165592955" timestamp="2025-04-29T13:32:41Z" user="literan" uid="830106" lat="55.7774284" lon="37.6429846"/>
 <node id="2691323990" visible="true" version="4" changeset="112261663" timestamp="2021-10-08T11:56:13Z" user="literan" uid="830106" lat="55.7795317" lon="37.6432576"/>
 <node id="2691323993" visible="true" version="4" changeset="112261663" timestamp="2021-10-08T11:56:13Z" user="literan" uid="830106" lat="55.7795296" lon="37.6436035"/>
 <node id="2691323995" visible="true" version="4" changeset="112261663" timestamp="2021-10-08T11:56:13Z" user="literan" uid="830106" lat="55.7795321" lon="37.6433845"/>
 <node id="2691323997" visible="true" version="4" changeset="112261663" timestamp="2021-10-08T11:56:13Z" user="literan" uid="830106" lat="55.7795299" lon="37.6437059"/>
 <node id="2691323999" visible="true" version="4" changeset="112261663" timestamp="2021-10-08T11:56:13Z" user="literan" uid="830106" lat="55.7796430" lon="37.6432565"/>
 <node id="2691324001" visible="true" version="4" changeset="112261663" timestamp="2021-10-08T11:56:13Z" user="literan" uid="830106" lat="55.7796444" lon="37.6437048"/>
 <node id="2691327716" visible="true" version="5" changeset="112261663" timestamp="2021-10-08T11:56:13Z" user="literan" uid="830106" lat="55.7793518" lon="37.6442854"/>
 <node id="2691327717" visible="true" version="5" changeset="112261663" timestamp="2021-10-08T11:56:13Z" user="literan" uid="830106" lat="55.7793537" lon="37.6445043"/>
 <node id="2691327718" visible="true" version="5" changeset="112261663" timestamp="2021-10-08T11:56:13Z" user="literan" uid="830106" lat="55.7795265" lon="37.6444996"/>
 <node id="2691327719" visible="true" version="5" changeset="112261663" timestamp="2021-10-08T11:56:13Z" user="literan" uid="830106" lat="55.7795271" lon="37.6445953"/>
 <node id="2691327720" visible="true" version="5" changeset="112261663" timestamp="2021-10-08T11:56:13Z" user="literan" uid="830106" lat="55.7795282" lon="37.6441508"/>
 <node id="2691327721" visible="true" version="5" changeset="112261663" timestamp="2021-10-08T11:56:13Z" user="literan" uid="830106" lat="55.7795290" lon="37.6442806"/>
 <node id="2691327722" visible="true" version="5" changeset="112261663" timestamp="2021-10-08T11:56:13Z" user="literan" uid="830106" lat="55.7795777" lon="37.6442792"/>
 <node id="2691327723" visible="true" version="5" changeset="112261663" timestamp="2021-10-08T11:56:13Z" user="literan" uid="830106" lat="55.7795796" lon="37.6444982"/>
 <node id="2691327724" visible="true" version="5" changeset="112261663" timestamp="2021-10-08T11:56:13Z" user="literan" uid="830106" lat="55.7796556" lon="37.6441485"/>
 <node id="2691327725" visible="true" version="5" changeset="112261663" timestamp="2021-10-08T11:56:13Z" user="literan" uid="830106" lat="55.7796581" lon="37.6445930"/>
 <node id="2940203885" visible="true" version="2" changeset="27694491" timestamp="2014-12-25T19:08:22Z" user="Scondo" uid="421524" lat="55.7780883" lon="37.6475599"/>
 <node id="2940203886" visible="true" version="3" changeset="98655058" timestamp="2021-02-03T16:08:32Z" user="solenoid jam" uid="10129333" lat="55.7782433" lon="37.6478167"/>
 <node id="2940203887" visible="true" version="2" changeset="142712210" timestamp="2023-10-17T12:56:36Z" user="literan" uid="830106" lat="55.7790106" lon="37.6466986"/>
 <node id="2940203888" visible="true" version="2" changeset="142712210" timestamp="2023-10-17T12:56:36Z" user="literan" uid="830106" lat="55.7793413" lon="37.6469584"/>
 <node id="2940207242" visible="true" version="4" changeset="142712210" timestamp="2023-10-17T12:56:36Z" user="literan" uid="830106" lat="55.7798133" lon="37.6464317"/>
 <node id="2940207243" visible="true" version="4" changeset="142712210" timestamp="2023-10-17T12:56:36Z" user="literan" uid="830106" lat="55.7799368" lon="37.6464519"/>
 <node id="2942393188" visible="true" version="7" changeset="165939484" timestamp="2025-05-07T14:11:48Z" user="Travieso" uid="5642897" lat="55.7798433" lon="37.6448401">
  <tag k="crossing" v="uncontrolled"/>
  <tag k="crossing:island" v="no"/>
  <tag k="highway" v="crossing"/>
  <tag k="tactile_paving" v="no"/>
 </node>
 <node id="3016105374" visible="true" version="4" changeset="170758215" timestamp="2025-08-21T06:12:17Z" user="literan" uid="830106" lat="55.7797425" lon="37.6438802">
  <tag k="crossing" v="uncontrolled"/>
  <tag k="railway" v="tram_level_crossing"/>
 </node>
 <node id="3016151160" visible="true" version="2" changeset="71852328" timestamp="2019-07-03T10:04:40Z" user="Vadiм" uid="326091" lat="55.7774783" lon="37.6483241"/>
 <node id="3016151163" visible="true" version="2" changeset="71852328" timestamp="2019-07-03T10:04:40Z" user="Vadiм" uid="326091" lat="55.7786804" lon="37.6464971"/>
 <node id="3016151167" visible="true" version="3" changeset="142712210" timestamp="2023-10-17T12:56:36Z" user="literan" uid="830106" lat="55.7796808" lon="37.6450185"/>
 <node id="3016151169" visible="true" version="3" changeset="142712210" timestamp="2023-10-17T12:56:36Z" user="literan" uid="830106" lat="55.7797543" lon="37.6448851"/>
 <node id="3016151175" visible="true" version="2" changeset="71852328" timestamp="2019-07-03T10:04:40Z" user="Vadiм" uid="326091" lat="55.7774643" lon="37.6482815"/>
 <node id="3016151183" visible="true" version="2" changeset="142712210" timestamp="2023-10-17T12:56:36Z" user="literan" uid="830106" lat="55.7796553" lon="37.6449746"/>
 <node id="3016151184" visible="true" version="3" changeset="142712210" timestamp="2023-10-17T12:56:36Z" user="literan" uid="830106" lat="55.7797249" lon="37.6448531"/>
 <node id="3016196788" visible="true" version="5" changeset="170758215" timestamp="2025-08-21T06:12:17Z" user="literan" uid="830106" lat="55.7797029" lon="37.6438806">
  <tag k="crossing" v="uncontrolled"/>
  <tag k="railway" v="tram_level_crossing"/>
 </node>
 <node id="3183474946" visible="true" version="2" changeset="27694491" timestamp="2014-12-25T19:08:22Z" user="Scondo" uid="421524" lat="55.7780740" lon="37.6475499"/>
 <node id="3183474948" visible="true" version="2" changeset="112261663" timestamp="2021-10-08T11:56:13Z" user="literan" uid="830106" lat="55.7787866" lon="37.6460882"/>
 <node id="3183474949" visible="true" version="6" changeset="165939484" timestamp="2025-05-07T14:18:05Z" user="Travieso" uid="5642897" lat="55.7788216" lon="37.6461645">
  <tag k="crossing" v="uncontrolled"/>
  <tag k="highway" v="crossing"/>
  <tag k="tactile_paving" v="no"/>
 </node>
 <node id="3183474950" visible="true" version="2" changeset="112261663" timestamp="2021-10-08T11:56:13Z" user="literan" uid="830106" lat="55.7788959" lon="37.6463266"/>
 <node id="3183474951" visible="true" version="1" changeset="26743506" timestamp="2014-11-12T20:22:16Z" user="trolleway" uid="397326" lat="55.7789125" lon="37.6462673"/>
 <node id="3183474952" visible="true" version="2" changeset="142712210" timestamp="2023-10-17T12:56:36Z" user="literan" uid="830106" lat="55.7797743" lon="37.6449756"/>
 <node id="3183474953" visible="true" version="1" changeset="26743506" timestamp="2014-11-12T20:22:16Z" user="trolleway" uid="397326" lat="55.7798222" lon="37.6449737"/>
 <node id="3183474954" visible="true" version="2" changeset="112261663" timestamp="2021-10-08T11:56:13Z" user="literan" uid="830106" lat="55.7798585" lon="37.6447091"/>
 <node id="3183474955" visible="true" version="1" changeset="26743506" timestamp="2014-11-12T20:22:17Z" user="trolleway" uid="397326" lat="55.7798487" lon="37.6449245"/>
 <node id="3183474956" visible="true" version="3" changeset="112261663" timestamp="2021-10-08T11:56:13Z" user="literan" uid="830106" lat="55.7801290" lon="37.6439426"/>
 <node id="3183474957" visible="true" version="2" changeset="112261663" timestamp="2021-10-08T11:56:13Z" user="literan" uid="830106" lat="55.7804124" lon="37.6434660"/>
 <node id="3183474958" visible="true" version="4" changeset="121805647" timestamp="2022-06-01T10:38:01Z" user="literan" uid="830106" lat="55.7804889" lon="37.6430132"/>
 <node id="3183474959" visible="true" version="3" changeset="147265531" timestamp="2024-02-09T17:06:20Z" user="literan" uid="830106" lat="55.7805504" lon="37.6433824"/>
 <node id="3252521596" visible="true" version="2" changeset="62071255" timestamp="2018-08-28T13:13:07Z" user="literan" uid="830106" lat="55.7799892" lon="37.6466401"/>
 <node id="3252521597" visible="true" version="2" changeset="62071255" timestamp="2018-08-28T13:13:07Z" user="literan" uid="830106" lat="55.7800755" lon="37.6468756"/>
 <node id="3252521598" visible="true" version="2" changeset="62071255" timestamp="2018-08-28T13:13:07Z" user="literan" uid="830106" lat="55.7805216" lon="37.6460234"/>
 <node id="3252521599" visible="true" version="2" changeset="62071255" timestamp="2018-08-28T13:13:07Z" user="literan" uid="830106" lat="55.7806079" lon="37.6462589"/>
 <node id="3279123204" visible="true" version="36" changeset="171985399" timestamp="2025-09-15T20:42:14Z" user="Bobropiton" uid="2055718" lat="55.7795756" lon="37.6452084">
  <tag k="bench" v="no"/>
  <tag k="bin" v="no"/>
  <tag k="bus" v="yes"/>
  <tag k="highway" v="bus_stop"/>
  <tag k="lit" v="yes"/>
  <tag k="name" v="Пантелеевская улица"/>
  <tag k="public_transport" v="platform"/>
  <tag k="shelter" v="no"/>
  <tag k="tactile_paving" v="no"/>
 </node>
 <node id="3323035779" visible="true" version="3" changeset="46854257" timestamp="2017-03-14T21:56:58Z" user="literan" uid="830106" lat="55.7794924" lon="37.6455664">
  <tag k="addr:city" v="Москва"/>
  <tag k="addr:housenumber" v="32"/>
  <tag k="addr:street" v="Каланчёвская улица"/>
  <tag k="name" v="Славянка"/>
  <tag k="tourism" v="hostel"/>
 </node>
 <node id="3612346990" visible="true" version="2" changeset="71852328" timestamp="2019-07-03T10:04:40Z" user="Vadiм" uid="326091" lat="55.7774613" lon="37.6485093"/>
 <node id="4202039511" visible="true" version="3" changeset="170747292" timestamp="2025-08-20T20:59:38Z" user="literan" uid="830106" lat="55.7775474" lon="37.6439829"/>
 <node id="4202039512" visible="true" version="1" changeset="39506701" timestamp="2016-05-23T11:12:41Z" user="literan" uid="830106" lat="55.7775641" lon="37.6445540"/>
 <node id="4202039513" visible="true" version="1" changeset="39506701" timestamp="2016-05-23T11:12:41Z" user="literan" uid="830106" lat="55.7777784" lon="37.6443811"/>
 <node id="4202039514" visible="true" version="1" changeset="39506701" timestamp="2016-05-23T11:12:41Z" user="literan" uid="830106" lat="55.7777818" lon="37.6444956"/>
 <node id="4202039515" visible="true" version="4" changeset="170747292" timestamp="2025-08-20T20:59:38Z" user="literan" uid="830106" lat="55.7778181" lon="37.6439982"/>
 <node id="4202039516" visible="true" version="2" changeset="69338934" timestamp="2019-04-18T10:27:52Z" user="Vadiм" uid="326091" lat="55.7778330" lon="37.6443605"/>
 <node id="4206956318" visible="true" version="3" changeset="93383951" timestamp="2020-11-01T22:13:53Z" user="literan" uid="830106" lat="55.7773609" lon="37.6446126"/>
 <node id="4208976602" visible="true" version="4" changeset="93383951" timestamp="2020-11-01T22:13:53Z" user="literan" uid="830106" lat="55.7771909" lon="37.6416102"/>
 <node id="4208976604" visible="true" version="4" changeset="165592955" timestamp="2025-04-29T13:32:41Z" user="literan" uid="830106" lat="55.7772909" lon="37.6428204"/>
 <node id="4261845444" visible="true" version="32" changeset="171985399" timestamp="2025-09-15T20:42:14Z" user="Bobropiton" uid="2055718" lat="55.7793462" lon="37.6454115">
  <tag k="bench" v="no"/>
  <tag k="bin" v="no"/>
  <tag k="highway" v="bus_stop"/>
  <tag k="lit" v="yes"/>
  <tag k="name" v="Пантелеевская улица"/>
  <tag k="public_transport" v="platform"/>
  <tag k="shelter" v="no"/>
  <tag k="tactile_paving" v="no"/>
 </node>
 <node id="4261845445" visible="true" version="6" changeset="171985399" timestamp="2025-09-15T20:42:14Z" user="Bobropiton" uid="2055718" lat="55.7793605" lon="37.6454552">
  <tag k="bus" v="yes"/>
  <tag k="name" v="Пантелеевская улица"/>
  <tag k="public_transport" v="stop_position"/>
 </node>
 <node id="4261845454" visible="true" version="13" changeset="171985399" timestamp="2025-09-15T20:42:14Z" user="Bobropiton" uid="2055718" lat="55.7758091" lon="37.6503359">
  <tag k="bus" v="yes"/>
  <tag k="name" v="Каланчёвская улица"/>
  <tag k="public_transport" v="stop_position"/>
 </node>
 <node id="4291989484" visible="true" version="8" changeset="154606945" timestamp="2024-07-30T13:33:53Z" user="mavl" uid="564990" lat="55.7796845" lon="37.6420429">
  <tag k="name" v="Астраханский переулок"/>
  <tag k="public_transport" v="stop_position"/>
  <tag k="railway" v="tram_stop"/>
  <tag k="tram" v="yes"/>
 </node>
 <node id="4457908222" visible="true" version="38" changeset="165939691" timestamp="2025-05-07T14:15:52Z" user="Travieso" uid="5642897" lat="55.7796428" lon="37.6445057">
  <tag k="air_conditioning" v="yes"/>
  <tag k="amenity" v="pub"/>
  <tag k="contact:phone" v="+7 495 6807855"/>
  <tag k="contact:website" v="https://schwarzkaiser.ru"/>
  <tag k="delivery" v="yes"/>
  <tag k="inscription" v="Пивной ресторан Шварцкайзер"/>
  <tag k="name" v="Schwarzkaiser"/>
  <tag k="opening_hours" v="Mo-Fr 11:00-23:00; Sa,Su 12:00-23:00"/>
  <tag k="payment:credit_cards" v="yes"/>
  <tag k="payment:debit_cards" v="yes"/>
  <tag k="wheelchair" v="no"/>
 </node>
 <node id="4457908236" visible="true" version="3" changeset="147265531" timestamp="2024-02-09T17:06:20Z" user="literan" uid="830106" lat="55.7796684" lon="37.6441383"/>
 <node id="4586379889" visible="true" version="32" changeset="165592955" timestamp="2025-04-29T13:32:41Z" user="literan" uid="830106" lat="55.7775553" lon="37.6432192">
  <tag k="addr:city" v="Москва"/>
  <tag k="addr:housenumber" v="29/1"/>
  <tag k="addr:postcode" v="129090"/>
  <tag k="addr:street" v="Грохольский переулок"/>
  <tag k="amenity" v="bank"/>
  <tag k="atm" v="yes"/>
  <tag k="brand" v="Авангард"/>
  <tag k="brand:wikidata" v="Q62122617"/>
  <tag k="drive_through" v="no"/>
  <tag k="name" v="Авангард"/>
  <tag k="name:en" v="Avangard"/>
  <tag k="opening_hours" v="Mo-Fr 09:30-14:00,14:40-20:00; Sa-Su 10:00-14:00,14:40-18:00"/>
  <tag k="operator" v="ПАО АКБ Авангард"/>
 </node>
 <node id="4618795388" visible="true" version="2" changeset="98655058" timestamp="2021-02-03T16:08:32Z" user="solenoid jam" uid="10129333" lat="55.7794576" lon="37.6469165"/>
 <node id="4735150125" visible="true" version="1" changeset="46854257" timestamp="2017-03-14T21:56:56Z" user="literan" uid="830106" lat="55.7795330" lon="37.6454173"/>
 <node id="4735150126" visible="true" version="1" changeset="46854257" timestamp="2017-03-14T21:56:56Z" user="literan" uid="830106" lat="55.7794943" lon="37.6454734"/>
 <node id="4735150127" visible="true" version="1" changeset="46854257" timestamp="2017-03-14T21:56:56Z" user="literan" uid="830106" lat="55.7795007" lon="37.6454874"/>
 <node id="4735150128" visible="true" version="1" changeset="46854257" timestamp="2017-03-14T21:56:56Z" user="literan" uid="830106" lat="55.7795395" lon="37.6454314"/>
 <node id="4735150129" visible="true" version="1" changeset="46854257" timestamp="2017-03-14T21:56:56Z" user="literan" uid="830106" lat="55.7797568" lon="37.6454989"/>
 <node id="4735150130" visible="true" version="1" changeset="46854257" timestamp="2017-03-14T21:56:56Z" user="literan" uid="830106" lat="55.7795049" lon="37.6458654"/>
 <node id="4735150131" visible="true" version="1" changeset="46854257" timestamp="2017-03-14T21:56:56Z" user="literan" uid="830106" lat="55.7794827" lon="37.6458169"/>
 <node id="4735150132" visible="true" version="1" changeset="46854257" timestamp="2017-03-14T21:56:56Z" user="literan" uid="830106" lat="55.7797351" lon="37.6454516"/>
 <node id="4735150133" visible="true" version="3" changeset="121805647" timestamp="2022-06-01T10:38:01Z" user="literan" uid="830106" lat="55.7800316" lon="37.6443880"/>
 <node id="4735150134" visible="true" version="3" changeset="121805647" timestamp="2022-06-01T10:38:01Z" user="literan" uid="830106" lat="55.7800422" lon="37.6443643"/>
 <node id="4735150135" visible="true" version="3" changeset="121805647" timestamp="2022-06-01T10:38:01Z" user="literan" uid="830106" lat="55.7800409" lon="37.6444012"/>
 <node id="4735150136" visible="true" version="3" changeset="121805647" timestamp="2022-06-01T10:38:01Z" user="literan" uid="830106" lat="55.7800515" lon="37.6443775"/>
 <node id="5068763017" visible="true" version="2" changeset="165592955" timestamp="2025-04-29T13:32:41Z" user="literan" uid="830106" lat="55.7771538" lon="37.6471911"/>
 <node id="5068763352" visible="true" version="2" changeset="69312409" timestamp="2019-04-17T14:42:21Z" user="Vadiм" uid="326091" lat="55.7778885" lon="37.6469276"/>
 <node id="5068763353" visible="true" version="2" changeset="69312409" timestamp="2019-04-17T14:42:21Z" user="Vadiм" uid="326091" lat="55.7776810" lon="37.6474012"/>
 <node id="5068763357" visible="true" version="3" changeset="93383951" timestamp="2020-11-01T22:13:53Z" user="literan" uid="830106" lat="55.7774547" lon="37.6441115"/>
 <node id="5072440783" visible="true" version="2" changeset="112261663" timestamp="2021-10-08T11:56:13Z" user="literan" uid="830106" lat="55.7784583" lon="37.6411267"/>
 <node id="5072440786" visible="true" version="6" changeset="121868566" timestamp="2022-06-02T20:59:49Z" user="literan" uid="830106" lat="55.7784746" lon="37.6408188">
  <tag k="crossing" v="uncontrolled"/>
  <tag k="highway" v="crossing"/>
 </node>
 <node id="5072444920" visible="true" version="3" changeset="112261663" timestamp="2021-10-08T11:56:13Z" user="literan" uid="830106" lat="55.7788118" lon="37.6419282"/>
 <node id="5072445021" visible="true" version="4" changeset="112261663" timestamp="2021-10-08T11:56:13Z" user="literan" uid="830106" lat="55.7788508" lon="37.6422468"/>
 <node id="5072445022" visible="true" version="3" changeset="112261663" timestamp="2021-10-08T11:56:13Z" user="literan" uid="830106" lat="55.7787112" lon="37.6421713"/>
 <node id="5072445023" visible="true" version="3" changeset="112261663" timestamp="2021-10-08T11:56:13Z" user="literan" uid="830106" lat="55.7787144" lon="37.6419242"/>
 <node id="5072508661" visible="true" version="2" changeset="112261663" timestamp="2021-10-08T11:56:13Z" user="literan" uid="830106" lat="55.7788086" lon="37.6421752"/>
 <node id="5081954938" visible="true" version="1" changeset="51755620" timestamp="2017-09-05T16:28:26Z" user="lerbel" uid="4537864" lat="55.7792131" lon="37.6450382">
  <tag k="admin_level" v="4"/>
  <tag k="name" v="Московская административная дорожная инспекция"/>
  <tag k="office" v="government"/>
 </node>
 <node id="5352775008" visible="true" version="9" changeset="170747292" timestamp="2025-08-20T20:59:38Z" user="literan" uid="830106" lat="55.7785446" lon="37.6459019">
  <tag k="name" v="Продукты"/>
  <tag k="shop" v="convenience"/>
 </node>
 <node id="5352775009" visible="true" version="3" changeset="112261663" timestamp="2021-10-08T11:56:13Z" user="literan" uid="830106" lat="55.7785530" lon="37.6460467"/>
 <node id="5352779630" visible="true" version="4" changeset="112261663" timestamp="2021-10-08T11:56:13Z" user="literan" uid="830106" lat="55.7786121" lon="37.6458763"/>
 <node id="5812951426" visible="true" version="3" changeset="130088536" timestamp="2022-12-14T20:07:47Z" user="solenoid jam" uid="10129333" lat="55.7777214" lon="37.6453253"/>
 <node id="5812951427" visible="true" version="3" changeset="130088536" timestamp="2022-12-14T20:07:47Z" user="solenoid jam" uid="10129333" lat="55.7777049" lon="37.6456060"/>
 <node id="5863435125" visible="true" version="2" changeset="98655058" timestamp="2021-02-03T16:08:32Z" user="solenoid jam" uid="10129333" lat="55.7805870" lon="37.6458429"/>
 <node id="5863435126" visible="true" version="1" changeset="62071255" timestamp="2018-08-28T13:12:58Z" user="literan" uid="830106" lat="55.7801149" lon="37.6464048"/>
 <node id="5863435127" visible="true" version="1" changeset="62071255" timestamp="2018-08-28T13:12:58Z" user="literan" uid="830106" lat="55.7805940" lon="37.6461773"/>
 <node id="5863435128" visible="true" version="1" changeset="62071255" timestamp="2018-08-28T13:12:58Z" user="literan" uid="830106" lat="55.7805643" lon="37.6460967"/>
 <node id="5863435129" visible="true" version="1" changeset="62071255" timestamp="2018-08-28T13:12:58Z" user="literan" uid="830106" lat="55.7805816" lon="37.6459327"/>
 <node id="5863435130" visible="true" version="2" changeset="98655058" timestamp="2021-02-03T16:08:32Z" user="solenoid jam" uid="10129333" lat="55.7806046" lon="37.6458966">
  <tag k="amenity" v="parking_entrance"/>
 </node>
 <node id="5863435131" visible="true" version="1" changeset="62071255" timestamp="2018-08-28T13:12:58Z" user="literan" uid="830106" lat="55.7806328" lon="37.6458749"/>
 <node id="5863435132" visible="true" version="1" changeset="62071255" timestamp="2018-08-28T13:12:58Z" user="literan" uid="830106" lat="55.7806634" lon="37.6458698"/>
 <node id="5863435133" visible="true" version="1" changeset="62071255" timestamp="2018-08-28T13:12:58Z" user="literan" uid="830106" lat="55.7806934" lon="37.6458818"/>
 <node id="5863435134" visible="true" version="1" changeset="62071255" timestamp="2018-08-28T13:12:58Z" user="literan" uid="830106" lat="55.7807198" lon="37.6459096"/>
 <node id="5863435135" visible="true" version="1" changeset="62071255" timestamp="2018-08-28T13:12:58Z" user="literan" uid="830106" lat="55.7807401" lon="37.6459506"/>
 <node id="5863435136" visible="true" version="1" changeset="62071255" timestamp="2018-08-28T13:12:58Z" user="literan" uid="830106" lat="55.7807523" lon="37.6460007"/>
 <node id="5863435137" visible="true" version="1" changeset="62071255" timestamp="2018-08-28T13:12:58Z" user="literan" uid="830106" lat="55.7807551" lon="37.6460551"/>
 <node id="5863435138" visible="true" version="1" changeset="62071255" timestamp="2018-08-28T13:12:58Z" user="literan" uid="830106" lat="55.7807328" lon="37.6461554"/>
 <node id="5863435139" visible="true" version="1" changeset="62071255" timestamp="2018-08-28T13:12:58Z" user="literan" uid="830106" lat="55.7807097" lon="37.6461915"/>
 <node id="5863435140" visible="true" version="1" changeset="62071255" timestamp="2018-08-28T13:12:58Z" user="literan" uid="830106" lat="55.7806815" lon="37.6462132"/>
 <node id="5863435141" visible="true" version="1" changeset="62071255" timestamp="2018-08-28T13:12:58Z" user="literan" uid="830106" lat="55.7806509" lon="37.6462183"/>
 <node id="5863435142" visible="true" version="1" changeset="62071255" timestamp="2018-08-28T13:12:58Z" user="literan" uid="830106" lat="55.7806210" lon="37.6462063"/>
 <node id="5863435143" visible="true" version="1" changeset="62071255" timestamp="2018-08-28T13:12:58Z" user="literan" uid="830106" lat="55.7805945" lon="37.6461785"/>
 <node id="5863435144" visible="true" version="1" changeset="62071255" timestamp="2018-08-28T13:12:58Z" user="literan" uid="830106" lat="55.7805620" lon="37.6460873"/>
 <node id="5863435145" visible="true" version="1" changeset="62071255" timestamp="2018-08-28T13:12:58Z" user="literan" uid="830106" lat="55.7805592" lon="37.6460330"/>
 <node id="5863435146" visible="true" version="1" changeset="62071255" timestamp="2018-08-28T13:12:58Z" user="literan" uid="830106" lat="55.7807484" lon="37.6461084"/>
 <node id="5863435147" visible="true" version="1" changeset="62071255" timestamp="2018-08-28T13:12:59Z" user="literan" uid="830106" lat="55.7805659" lon="37.6459797"/>
 <node id="5863435148" visible="true" version="1" changeset="62071255" timestamp="2018-08-28T13:12:59Z" user="literan" uid="830106" lat="55.7805828" lon="37.6461903"/>
 <node id="5863435149" visible="true" version="1" changeset="62071255" timestamp="2018-08-28T13:12:59Z" user="literan" uid="830106" lat="55.7805532" lon="37.6461096"/>
 <node id="6147200404" visible="true" version="10" changeset="185904111" timestamp="2026-07-17T12:54:35Z" user="TrickyFoxy" uid="11528195" lat="55.7796205" lon="37.6435357">
  <tag k="alt_name" v="Пятерочка"/>
  <tag k="brand" v="Пятёрочка"/>
  <tag k="brand:wikidata" v="Q1768969"/>
  <tag k="brand:wikipedia" v="ru:Пятёрочка"/>
  <tag k="contact:email" v="vopros@5ka.ru"/>
  <tag k="contact:facebook" v="https://www.facebook.com/pyaterochka"/>
  <tag k="contact:ok" v="https://ok.ru/pyaterochka"/>
  <tag k="contact:phone" v="+7 800 5555505"/>
  <tag k="contact:vk" v="https://vk.com/pyaterochka"/>
  <tag k="contact:website" v="https://5ka.ru"/>
  <tag k="name" v="Пятёрочка"/>
  <tag k="name:en" v="Pyatyorochka"/>
  <tag k="name:ru" v="Пятёрочка"/>
  <tag k="opening_hours" v="09:00-22:00"/>
  <tag k="shop" v="supermarket"/>
 </node>
 <node id="6165331938" visible="true" version="3" changeset="112002488" timestamp="2021-10-02T14:06:50Z" user="solenoid jam" uid="10129333" lat="55.7794130" lon="37.6427680">
  <tag k="barrier" v="gate"/>
 </node>
 <node id="6165331939" visible="true" version="2" changeset="112261663" timestamp="2021-10-08T11:56:13Z" user="literan" uid="830106" lat="55.7785261" lon="37.6417135">
  <tag k="barrier" v="gate"/>
 </node>
 <node id="6165331940" visible="true" version="5" changeset="170758215" timestamp="2025-08-21T06:12:17Z" user="literan" uid="830106" lat="55.7794942" lon="37.6438542"/>
 <node id="6165331942" visible="true" version="3" changeset="142712210" timestamp="2023-10-17T12:56:36Z" user="literan" uid="830106" lat="55.7796924" lon="37.6432031">
  <tag k="railway" v="tram_level_crossing"/>
 </node>
 <node id="6165331943" visible="true" version="5" changeset="142712210" timestamp="2023-10-17T12:56:36Z" user="literan" uid="830106" lat="55.7796891" lon="37.6427682">
  <tag k="railway" v="tram_level_crossing"/>
 </node>
 <node id="6165331944" visible="true" version="4" changeset="142712210" timestamp="2023-10-17T12:56:36Z" user="literan" uid="830106" lat="55.7792276" lon="37.6455597"/>
 <node id="6165331946" visible="true" version="2" changeset="112261663" timestamp="2021-10-08T11:56:13Z" user="literan" uid="830106" lat="55.7791984" lon="37.6454992"/>
 <node id="6165331947" visible="true" version="3" changeset="170747292" timestamp="2025-08-20T20:59:38Z" user="literan" uid="830106" lat="55.7789458" lon="37.6449435"/>
 <node id="6165331948" visible="true" version="4" changeset="170747292" timestamp="2025-08-20T20:59:38Z" user="literan" uid="830106" lat="55.7788171" lon="37.6451312"/>
 <node id="6165331949" visible="true" version="3" changeset="112261663" timestamp="2021-10-08T11:56:13Z" user="literan" uid="830106" lat="55.7787234" lon="37.6449310"/>
 <node id="6165331950" visible="true" version="2" changeset="112261663" timestamp="2021-10-08T11:56:13Z" user="literan" uid="830106" lat="55.7786494" lon="37.6450369"/>
 <node id="6165331951" visible="true" version="3" changeset="112261663" timestamp="2021-10-08T11:56:13Z" user="literan" uid="830106" lat="55.7789278" lon="37.6453843"/>
 <node id="6165331952" visible="true" version="3" changeset="112261663" timestamp="2021-10-08T11:56:13Z" user="literan" uid="830106" lat="55.7786887" lon="37.6457516"/>
 <node id="6165331953" visible="true" version="3" changeset="112261663" timestamp="2021-10-08T11:56:13Z" user="literan" uid="830106" lat="55.7786449" lon="37.6457168"/>
 <node id="6165331954" visible="true" version="3" changeset="112261663" timestamp="2021-10-08T11:56:13Z" user="literan" uid="830106" lat="55.7786449" lon="37.6454942"/>
 <node id="6165331955" visible="true" version="2" changeset="112261663" timestamp="2021-10-08T11:56:13Z" user="literan" uid="830106" lat="55.7783690" lon="37.6454849"/>
 <node id="6165331956" visible="true" version="2" changeset="65804453" timestamp="2018-12-27T07:59:22Z" user="Vadiм" uid="326091" lat="55.7793637" lon="37.6432076"/>
 <node id="6165331957" visible="true" version="1" changeset="65804215" timestamp="2018-12-27T07:42:37Z" user="Vadiм" uid="326091" lat="55.7796553" lon="37.6432046"/>
 <node id="6165331958" visible="true" version="3" changeset="142712210" timestamp="2023-10-17T12:56:36Z" user="literan" uid="830106" lat="55.7797134" lon="37.6432023"/>
 <node id="6165331959" visible="true" version="1" changeset="65804215" timestamp="2018-12-27T07:42:37Z" user="Vadiм" uid="326091" lat="55.7791374" lon="37.6426336"/>
 <node id="6165331960" visible="true" version="2" changeset="112261663" timestamp="2021-10-08T11:56:13Z" user="literan" uid="830106" lat="55.7788599" lon="37.6417659"/>
 <node id="6165331961" visible="true" version="2" changeset="112261663" timestamp="2021-10-08T11:56:13Z" user="literan" uid="830106" lat="55.7784323" lon="37.6416987"/>
 <node id="6165331962" visible="true" version="2" changeset="112261663" timestamp="2021-10-08T11:56:13Z" user="literan" uid="830106" lat="55.7790552" lon="37.6418786"/>
 <node id="6165331963" visible="true" version="1" changeset="65804215" timestamp="2018-12-27T07:42:37Z" user="Vadiм" uid="326091" lat="55.7791405" lon="37.6420838"/>
 <node id="6165331964" visible="true" version="2" changeset="112002488" timestamp="2021-10-02T14:06:50Z" user="solenoid jam" uid="10129333" lat="55.7792098" lon="37.6427717"/>
 <node id="6165331965" visible="true" version="3" changeset="112002488" timestamp="2021-10-02T14:06:50Z" user="solenoid jam" uid="10129333" lat="55.7796545" lon="37.6427683"/>
 <node id="6165331966" visible="true" version="5" changeset="142712210" timestamp="2023-10-17T12:56:36Z" user="literan" uid="830106" lat="55.7797090" lon="37.6427681"/>
 <node id="6165331967" visible="true" version="3" changeset="112261663" timestamp="2021-10-08T11:56:13Z" user="literan" uid="830106" lat="55.7783759" lon="37.6448641"/>
 <node id="6165331968" visible="true" version="3" changeset="112261663" timestamp="2021-10-08T11:56:13Z" user="literan" uid="830106" lat="55.7784390" lon="37.6448684"/>
 <node id="6165331969" visible="true" version="3" changeset="170747292" timestamp="2025-08-20T20:59:38Z" user="literan" uid="830106" lat="55.7789075" lon="37.6441762"/>
 <node id="6165331970" visible="true" version="2" changeset="112261663" timestamp="2021-10-08T11:56:13Z" user="literan" uid="830106" lat="55.7791182" lon="37.6433733"/>
 <node id="6165331971" visible="true" version="2" changeset="65804453" timestamp="2018-12-27T07:59:22Z" user="Vadiм" uid="326091" lat="55.7791178" lon="37.6432130"/>
 <node id="6165331972" visible="true" version="3" changeset="112261663" timestamp="2021-10-08T11:56:13Z" user="literan" uid="830106" lat="55.7790960" lon="37.6428684"/>
 <node id="6165331973" visible="true" version="3" changeset="112261663" timestamp="2021-10-08T11:56:13Z" user="literan" uid="830106" lat="55.7788644" lon="37.6424821"/>
 <node id="6165331974" visible="true" version="2" changeset="112261663" timestamp="2021-10-08T11:56:13Z" user="literan" uid="830106" lat="55.7792107" lon="37.6435349"/>
 <node id="6165331977" visible="true" version="2" changeset="112261663" timestamp="2021-10-08T11:56:13Z" user="literan" uid="830106" lat="55.7786645" lon="37.6428522"/>
 <node id="6165331978" visible="true" version="2" changeset="112261663" timestamp="2021-10-08T11:56:13Z" user="literan" uid="830106" lat="55.7786690" lon="37.6424190"/>
 <node id="6165331979" visible="true" version="2" changeset="112261663" timestamp="2021-10-08T11:56:13Z" user="literan" uid="830106" lat="55.7784114" lon="37.6424082"/>
 <node id="6165331982" visible="true" version="2" changeset="112261663" timestamp="2021-10-08T11:56:13Z" user="literan" uid="830106" lat="55.7792136" lon="37.6440170"/>
 <node id="6165331983" visible="true" version="2" changeset="65804453" timestamp="2018-12-27T07:59:22Z" user="Vadiм" uid="326091" lat="55.7790605" lon="37.6440257"/>
 <node id="6165331984" visible="true" version="3" changeset="112261663" timestamp="2021-10-08T11:56:13Z" user="literan" uid="830106" lat="55.7784028" lon="37.6429929"/>
 <node id="6165345829" visible="true" version="2" changeset="112261663" timestamp="2021-10-08T11:56:13Z" user="literan" uid="830106" lat="55.7791183" lon="37.6433057"/>
 <node id="6165345830" visible="true" version="2" changeset="112261663" timestamp="2021-10-08T11:56:13Z" user="literan" uid="830106" lat="55.7789927" lon="37.6433685"/>
 <node id="6165345831" visible="true" version="2" changeset="73513029" timestamp="2019-08-19T19:41:23Z" user="literan" uid="830106" lat="55.7791178" lon="37.6430225"/>
 <node id="6165345833" visible="true" version="1" changeset="65804453" timestamp="2018-12-27T07:59:21Z" user="Vadiм" uid="326091" lat="55.7792015" lon="37.6441249"/>
 <node id="6165345835" visible="true" version="3" changeset="112261663" timestamp="2021-10-08T11:56:13Z" user="literan" uid="830106" lat="55.7785159" lon="37.6454898">
  <tag k="barrier" v="gate"/>
 </node>
 <node id="6165345836" visible="true" version="3" changeset="170747292" timestamp="2025-08-20T20:59:38Z" user="literan" uid="830106" lat="55.7790248" lon="37.6450634"/>
 <node id="6165345837" visible="true" version="3" changeset="170747292" timestamp="2025-08-20T20:59:38Z" user="literan" uid="830106" lat="55.7789825" lon="37.6449728"/>
 <node id="6165345838" visible="true" version="3" changeset="170747292" timestamp="2025-08-20T20:59:38Z" user="literan" uid="830106" lat="55.7789764" lon="37.6448920"/>
 <node id="6165345839" visible="true" version="1" changeset="65804453" timestamp="2018-12-27T07:59:21Z" user="Vadiм" uid="326091" lat="55.7789806" lon="37.6448585"/>
 <node id="6165345840" visible="true" version="1" changeset="65804453" timestamp="2018-12-27T07:59:21Z" user="Vadiм" uid="326091" lat="55.7790115" lon="37.6448035"/>
 <node id="6165345841" visible="true" version="1" changeset="65804453" timestamp="2018-12-27T07:59:21Z" user="Vadiм" uid="326091" lat="55.7790454" lon="37.6447767"/>
 <node id="6165345842" visible="true" version="3" changeset="170747292" timestamp="2025-08-20T20:59:38Z" user="literan" uid="830106" lat="55.7790086" lon="37.6450817">
  <tag k="barrier" v="lift_gate"/>
  <tag k="bicycle" v="yes"/>
  <tag k="foot" v="yes"/>
 </node>
 <node id="6165345843" visible="true" version="2" changeset="147275971" timestamp="2024-02-09T22:43:32Z" user="Fantomas" uid="478018" lat="55.7794663" lon="37.6445473"/>
 <node id="6165345844" visible="true" version="2" changeset="147275971" timestamp="2024-02-09T22:43:32Z" user="Fantomas" uid="478018" lat="55.7794693" lon="37.6447230"/>
 <node id="6165345846" visible="true" version="1" changeset="65804453" timestamp="2018-12-27T07:59:21Z" user="Vadiм" uid="326091" lat="55.7795750" lon="37.6449724"/>
 <node id="6165345848" visible="true" version="3" changeset="142712210" timestamp="2023-10-17T12:56:36Z" user="literan" uid="830106" lat="55.7795935" lon="37.6450133"/>
 <node id="6165345849" visible="true" version="3" changeset="112261663" timestamp="2021-10-08T11:56:13Z" user="literan" uid="830106" lat="55.7792123" lon="37.6438326"/>
 <node id="6165345853" visible="true" version="4" changeset="170758215" timestamp="2025-08-21T06:12:17Z" user="literan" uid="830106" lat="55.7796335" lon="37.6438529">
  <tag k="barrier" v="lift_gate"/>
  <tag k="bicycle" v="yes"/>
  <tag k="foot" v="yes"/>
  <tag k="motor_vehicle" v="private"/>
 </node>
 <node id="6175266790" visible="true" version="7" changeset="165939691" timestamp="2025-05-07T14:14:38Z" user="Travieso" uid="5642897" lat="55.7796421" lon="37.6443327">
  <tag k="check_date:opening_hours" v="2025-05-07"/>
  <tag k="contact:instagram" v="https://www.instagram.com/architectura_beauty"/>
  <tag k="contact:phone" v="+7 915 1318686"/>
  <tag k="contact:vk" v="https://vk.com/architectura_beauty"/>
  <tag k="name" v="Архитектура"/>
  <tag k="opening_hours" v="Mo-Su 10:00-22:00"/>
  <tag k="payment:credit_cards" v="yes"/>
  <tag k="payment:debit_cards" v="yes"/>
  <tag k="shop" v="beauty"/>
  <tag k="wheelchair" v="no"/>
 </node>
 <node id="6315670280" visible="true" version="1" changeset="67759215" timestamp="2019-03-04T09:05:52Z" user="Vadiм" uid="326091" lat="55.7766084" lon="37.6492721"/>
 <node id="6412099076" visible="true" version="3" changeset="98046155" timestamp="2021-01-24T08:31:11Z" user="solenoid jam" uid="10129333" lat="55.7775566" lon="37.6473355">
  <tag k="access" v="private"/>
  <tag k="barrier" v="gate"/>
 </node>
 <node id="6412099077" visible="true" version="1" changeset="69312409" timestamp="2019-04-17T14:42:21Z" user="Vadiм" uid="326091" lat="55.7776741" lon="37.6473149"/>
 <node id="6412099078" visible="true" version="1" changeset="69312409" timestamp="2019-04-17T14:42:21Z" user="Vadiм" uid="326091" lat="55.7775173" lon="37.6473489"/>
 <node id="6412099079" visible="true" version="3" changeset="165592955" timestamp="2025-04-29T13:32:41Z" user="literan" uid="830106" lat="55.7774577" lon="37.6461652"/>
 <node id="6412099080" visible="true" version="2" changeset="69337354" timestamp="2019-04-18T09:41:30Z" user="Vadiм" uid="326091" lat="55.7777790" lon="37.6461151"/>
 <node id="6412099081" visible="true" version="2" changeset="147275971" timestamp="2024-02-09T22:43:32Z" user="Fantomas" uid="478018" lat="55.7781798" lon="37.6468617">
  <tag k="barrier" v="gate"/>
 </node>
 <node id="6412099082" visible="true" version="1" changeset="69312409" timestamp="2019-04-17T14:42:21Z" user="Vadiм" uid="326091" lat="55.7782011" lon="37.6468283"/>
 <node id="6412099083" visible="true" version="1" changeset="69312409" timestamp="2019-04-17T14:42:21Z" user="Vadiм" uid="326091" lat="55.7776961" lon="37.6474549"/>
 <node id="6412099084" visible="true" version="1" changeset="69312409" timestamp="2019-04-17T14:42:21Z" user="Vadiм" uid="326091" lat="55.7777346" lon="37.6474938"/>
 <node id="6412099885" visible="true" version="2" changeset="69337354" timestamp="2019-04-18T09:41:30Z" user="Vadiм" uid="326091" lat="55.7782637" lon="37.6462915"/>
 <node id="6412114861" visible="true" version="2" changeset="98046155" timestamp="2021-01-24T08:31:11Z" user="solenoid jam" uid="10129333" lat="55.7773717" lon="37.6463941"/>
 <node id="6412114862" visible="true" version="3" changeset="165592955" timestamp="2025-04-29T13:32:41Z" user="literan" uid="830106" lat="55.7774101" lon="37.6476578"/>
 <node id="6412114863" visible="true" version="2" changeset="129492615" timestamp="2022-11-28T21:16:29Z" user="parukhin" uid="519501" lat="55.7776124" lon="37.6475287"/>
 <node id="6413725245" visible="true" version="1" changeset="69337354" timestamp="2019-04-18T09:41:27Z" user="Vadiм" uid="326091" lat="55.7777497" lon="37.6430413"/>
 <node id="6413725246" visible="true" version="2" changeset="183616295" timestamp="2026-06-03T22:41:46Z" user="Grass-snake" uid="11321493" lat="55.7779853" lon="37.6436831"/>
 <node id="6413725247" visible="true" version="2" changeset="183616295" timestamp="2026-06-03T22:41:46Z" user="Grass-snake" uid="11321493" lat="55.7780232" lon="37.6436713"/>
 <node id="6413725248" visible="true" version="2" changeset="183616295" timestamp="2026-06-03T22:41:46Z" user="Grass-snake" uid="11321493" lat="55.7780177" lon="37.6443680"/>
 <node id="6413725249" visible="true" version="2" changeset="183616295" timestamp="2026-06-03T22:41:46Z" user="Grass-snake" uid="11321493" lat="55.7780398" lon="37.6444378"/>
 <node id="6413725250" visible="true" version="3" changeset="170747292" timestamp="2025-08-20T20:59:38Z" user="literan" uid="830106" lat="55.7775091" lon="37.6439920"/>
 <node id="6413725251" visible="true" version="1" changeset="69337354" timestamp="2019-04-18T09:41:27Z" user="Vadiм" uid="326091" lat="55.7783800" lon="37.6445367"/>
 <node id="6413725252" visible="true" version="3" changeset="183652902" timestamp="2026-06-04T15:34:29Z" user="Grass-snake" uid="11321493" lat="55.7782389" lon="37.6444767">
  <tag k="access" v="private"/>
  <tag k="barrier" v="gate"/>
 </node>
 <node id="6413725253" visible="true" version="3" changeset="183616295" timestamp="2026-06-03T22:41:46Z" user="Grass-snake" uid="11321493" lat="55.7782519" lon="37.6443265"/>
 <node id="6413725254" visible="true" version="3" changeset="183616295" timestamp="2026-06-03T22:41:46Z" user="Grass-snake" uid="11321493" lat="55.7782428" lon="37.6443263"/>
 <node id="6413725255" visible="true" version="2" changeset="183616295" timestamp="2026-06-03T22:41:46Z" user="Grass-snake" uid="11321493" lat="55.7782440" lon="37.6444176"/>
 <node id="6413725256" visible="true" version="2" changeset="183616295" timestamp="2026-06-03T22:41:46Z" user="Grass-snake" uid="11321493" lat="55.7782694" lon="37.6446346">
  <tag k="barrier" v="lift_gate"/>
 </node>
 <node id="6413725257" visible="true" version="2" changeset="183616295" timestamp="2026-06-03T22:41:46Z" user="Grass-snake" uid="11321493" lat="55.7783787" lon="37.6446414"/>
 <node id="6413725258" visible="true" version="3" changeset="183652902" timestamp="2026-06-04T15:34:29Z" user="Grass-snake" uid="11321493" lat="55.7782849" lon="37.6446359">
  <tag k="access" v="private"/>
  <tag k="barrier" v="gate"/>
 </node>
 <node id="6413725259" visible="true" version="2" changeset="183616295" timestamp="2026-06-03T22:41:46Z" user="Grass-snake" uid="11321493" lat="55.7782338" lon="37.6445357"/>
 <node id="6413725260" visible="true" version="2" changeset="183616295" timestamp="2026-06-03T22:41:46Z" user="Grass-snake" uid="11321493" lat="55.7782859" lon="37.6445889"/>
 <node id="6413725261" visible="true" version="1" changeset="69337354" timestamp="2019-04-18T09:41:27Z" user="Vadiм" uid="326091" lat="55.7780936" lon="37.6465604"/>
 <node id="6413725262" visible="true" version="1" changeset="69337354" timestamp="2019-04-18T09:41:27Z" user="Vadiм" uid="326091" lat="55.7778651" lon="37.6468554"/>
 <node id="6413725263" visible="true" version="1" changeset="69337354" timestamp="2019-04-18T09:41:27Z" user="Vadiм" uid="326091" lat="55.7778462" lon="37.6467924"/>
 <node id="6413725264" visible="true" version="1" changeset="69337354" timestamp="2019-04-18T09:41:27Z" user="Vadiм" uid="326091" lat="55.7778824" lon="37.6467924"/>
 <node id="6413725265" visible="true" version="1" changeset="69337354" timestamp="2019-04-18T09:41:27Z" user="Vadiм" uid="326091" lat="55.7780857" lon="37.6462630"/>
 <node id="6413725266" visible="true" version="1" changeset="69337354" timestamp="2019-04-18T09:41:27Z" user="Vadiм" uid="326091" lat="55.7780860" lon="37.6463498"/>
 <node id="6413725267" visible="true" version="1" changeset="69337354" timestamp="2019-04-18T09:41:27Z" user="Vadiм" uid="326091" lat="55.7778726" lon="37.6466610"/>
 <node id="6413725268" visible="true" version="1" changeset="69337354" timestamp="2019-04-18T09:41:27Z" user="Vadiм" uid="326091" lat="55.7778341" lon="37.6466610"/>
 <node id="6413725269" visible="true" version="1" changeset="69337354" timestamp="2019-04-18T09:41:27Z" user="Vadiм" uid="326091" lat="55.7777889" lon="37.6462090"/>
 <node id="6413725270" visible="true" version="1" changeset="69337354" timestamp="2019-04-18T09:41:27Z" user="Vadiм" uid="326091" lat="55.7783661" lon="37.6457223"/>
 <node id="6413725271" visible="true" version="3" changeset="183652902" timestamp="2026-06-04T15:34:29Z" user="Grass-snake" uid="11321493" lat="55.7782799" lon="37.6457182">
  <tag k="access" v="private"/>
  <tag k="barrier" v="gate"/>
 </node>
 <node id="6413725272" visible="true" version="3" changeset="170747292" timestamp="2025-08-20T20:59:38Z" user="literan" uid="830106" lat="55.7782567" lon="37.6458988"/>
 <node id="6413725273" visible="true" version="2" changeset="69337577" timestamp="2019-04-18T09:49:00Z" user="Vadiм" uid="326091" lat="55.7782790" lon="37.6458997"/>
 <node id="6413725274" visible="true" version="1" changeset="69337354" timestamp="2019-04-18T09:41:27Z" user="Vadiм" uid="326091" lat="55.7782735" lon="37.6462921"/>
 <node id="6413725275" visible="true" version="3" changeset="183652902" timestamp="2026-06-04T15:34:29Z" user="Grass-snake" uid="11321493" lat="55.7775325" lon="37.6445771">
  <tag k="access" v="private"/>
  <tag k="barrier" v="gate"/>
 </node>
 <node id="6413725276" visible="true" version="2" changeset="165592955" timestamp="2025-04-29T13:32:41Z" user="literan" uid="830106" lat="55.7775041" lon="37.6445660"/>
 <node id="6413725277" visible="true" version="2" changeset="165592955" timestamp="2025-04-29T13:32:41Z" user="literan" uid="830106" lat="55.7774463" lon="37.6445421"/>
 <node id="6413725278" visible="true" version="2" changeset="165592955" timestamp="2025-04-29T13:32:41Z" user="literan" uid="830106" lat="55.7772903" lon="37.6452999"/>
 <node id="6413725279" visible="true" version="2" changeset="110224483" timestamp="2021-08-25T11:57:58Z" user="bolserslon" uid="1895851" lat="55.7773631" lon="37.6453229">
  <tag k="crossing" v="uncontrolled"/>
  <tag k="crossing:island" v="no"/>
  <tag k="highway" v="crossing"/>
 </node>
 <node id="6413725280" visible="true" version="2" changeset="165592955" timestamp="2025-04-29T13:32:41Z" user="literan" uid="830106" lat="55.7774189" lon="37.6453406"/>
 <node id="6413725281" visible="true" version="2" changeset="183652902" timestamp="2026-06-04T15:34:29Z" user="Grass-snake" uid="11321493" lat="55.7774773" lon="37.6451036">
  <tag k="access" v="private"/>
  <tag k="barrier" v="gate"/>
 </node>
 <node id="6413725282" visible="true" version="2" changeset="165592955" timestamp="2025-04-29T13:32:41Z" user="literan" uid="830106" lat="55.7774460" lon="37.6450925"/>
 <node id="6413725283" visible="true" version="1" changeset="69337354" timestamp="2019-04-18T09:41:28Z" user="Vadiм" uid="326091" lat="55.7773909" lon="37.6450727"/>
 <node id="6413725284" visible="true" version="2" changeset="130088536" timestamp="2022-12-14T20:07:47Z" user="solenoid jam" uid="10129333" lat="55.7775472" lon="37.6453629"/>
 <node id="6413725785" visible="true" version="2" changeset="130088536" timestamp="2022-12-14T20:07:47Z" user="solenoid jam" uid="10129333" lat="55.7775895" lon="37.6452861"/>
 <node id="6413725786" visible="true" version="2" changeset="130088536" timestamp="2022-12-14T20:07:47Z" user="solenoid jam" uid="10129333" lat="55.7775672" lon="37.6453157"/>
 <node id="6413725787" visible="true" version="2" changeset="69337806" timestamp="2019-04-18T09:56:48Z" user="Vadiм" uid="326091" lat="55.7775015" lon="37.6448768"/>
 <node id="6413725788" visible="true" version="2" changeset="165592955" timestamp="2025-04-29T13:32:41Z" user="literan" uid="830106" lat="55.7774715" lon="37.6448687"/>
 <node id="6413725789" visible="true" version="1" changeset="69337354" timestamp="2019-04-18T09:41:28Z" user="Vadiм" uid="326091" lat="55.7773484" lon="37.6461822"/>
 <node id="6413743402" visible="true" version="2" changeset="170747292" timestamp="2025-08-20T20:59:38Z" user="literan" uid="830106" lat="55.7782580" lon="37.6458039"/>
 <node id="6413756251" visible="true" version="1" changeset="69337806" timestamp="2019-04-18T09:56:47Z" user="Vadiм" uid="326091" lat="55.7779246" lon="37.6466918"/>
 <node id="6413756252" visible="true" version="1" changeset="69337806" timestamp="2019-04-18T09:56:47Z" user="Vadiм" uid="326091" lat="55.7781554" lon="37.6463354"/>
 <node id="6413756253" visible="true" version="1" changeset="69337806" timestamp="2019-04-18T09:56:47Z" user="Vadiм" uid="326091" lat="55.7781792" lon="37.6463353"/>
 <node id="6413756254" visible="true" version="1" changeset="69337806" timestamp="2019-04-18T09:56:47Z" user="Vadiм" uid="326091" lat="55.7782739" lon="37.6463424"/>
 <node id="6413756255" visible="true" version="2" changeset="142712210" timestamp="2023-10-17T12:56:36Z" user="literan" uid="830106" lat="55.7783613" lon="37.6463490"/>
 <node id="6413756256" visible="true" version="1" changeset="69337806" timestamp="2019-04-18T09:56:47Z" user="Vadiм" uid="326091" lat="55.7775030" lon="37.6450577"/>
 <node id="6413756257" visible="true" version="1" changeset="69337806" timestamp="2019-04-18T09:56:47Z" user="Vadiм" uid="326091" lat="55.7775747" lon="37.6450510"/>
 <node id="6413756258" visible="true" version="1" changeset="69337806" timestamp="2019-04-18T09:56:47Z" user="Vadiм" uid="326091" lat="55.7775000" lon="37.6451100"/>
 <node id="6413756259" visible="true" version="1" changeset="69337806" timestamp="2019-04-18T09:56:47Z" user="Vadiм" uid="326091" lat="55.7774721" lon="37.6455384"/>
 <node id="6413756260" visible="true" version="1" changeset="69337806" timestamp="2019-04-18T09:56:47Z" user="Vadiм" uid="326091" lat="55.7777542" lon="37.6460052"/>
 <node id="6413756261" visible="true" version="1" changeset="69337806" timestamp="2019-04-18T09:56:47Z" user="Vadiм" uid="326091" lat="55.7780649" lon="37.6459810"/>
 <node id="6413756262" visible="true" version="1" changeset="69337806" timestamp="2019-04-18T09:56:47Z" user="Vadiм" uid="326091" lat="55.7780679" lon="37.6457182"/>
 <node id="6413756263" visible="true" version="1" changeset="69337806" timestamp="2019-04-18T09:56:47Z" user="Vadiм" uid="326091" lat="55.7776089" lon="37.6445389"/>
 <node id="6413756264" visible="true" version="1" changeset="69337806" timestamp="2019-04-18T09:56:47Z" user="Vadiм" uid="326091" lat="55.7776052" lon="37.6446003"/>
 <node id="6413756265" visible="true" version="1" changeset="69337806" timestamp="2019-04-18T09:56:47Z" user="Vadiм" uid="326091" lat="55.7776135" lon="37.6444468"/>
 <node id="6413756266" visible="true" version="1" changeset="69337806" timestamp="2019-04-18T09:56:47Z" user="Vadiм" uid="326091" lat="55.7777795" lon="37.6444170"/>
 <node id="6413756267" visible="true" version="1" changeset="69337806" timestamp="2019-04-18T09:56:47Z" user="Vadiм" uid="326091" lat="55.7779669" lon="37.6443905"/>
 <node id="6413756268" visible="true" version="1" changeset="69337806" timestamp="2019-04-18T09:56:48Z" user="Vadiм" uid="326091" lat="55.7780061" lon="37.6446694"/>
 <node id="6413818638" visible="true" version="1" changeset="69338934" timestamp="2019-04-18T10:27:51Z" user="Vadiм" uid="326091" lat="55.7784247" lon="37.6411076"/>
 <node id="6413818639" visible="true" version="1" changeset="69338934" timestamp="2019-04-18T10:27:51Z" user="Vadiм" uid="326091" lat="55.7783794" lon="37.6420502"/>
 <node id="6413818640" visible="true" version="1" changeset="69338934" timestamp="2019-04-18T10:27:51Z" user="Vadiм" uid="326091" lat="55.7783646" lon="37.6427717"/>
 <node id="6413818641" visible="true" version="1" changeset="69338934" timestamp="2019-04-18T10:27:51Z" user="Vadiм" uid="326091" lat="55.7783545" lon="37.6432455"/>
 <node id="6413818642" visible="true" version="1" changeset="69338934" timestamp="2019-04-18T10:27:51Z" user="Vadiм" uid="326091" lat="55.7783024" lon="37.6468089"/>
 <node id="6413818643" visible="true" version="1" changeset="69338934" timestamp="2019-04-18T10:27:51Z" user="Vadiм" uid="326091" lat="55.7783065" lon="37.6463449"/>
 <node id="6413818644" visible="true" version="2" changeset="170747292" timestamp="2025-08-20T20:59:38Z" user="literan" uid="830106" lat="55.7782309" lon="37.6443049"/>
 <node id="6413818645" visible="true" version="2" changeset="170747292" timestamp="2025-08-20T20:59:38Z" user="literan" uid="830106" lat="55.7782316" lon="37.6443610"/>
 <node id="6413818646" visible="true" version="2" changeset="183616295" timestamp="2026-06-03T22:41:46Z" user="Grass-snake" uid="11321493" lat="55.7782876" lon="37.6445061"/>
 <node id="6413818647" visible="true" version="4" changeset="183652902" timestamp="2026-06-04T15:34:29Z" user="Grass-snake" uid="11321493" lat="55.7782434" lon="37.6443720">
  <tag k="access" v="private"/>
  <tag k="barrier" v="gate"/>
 </node>
 <node id="6413818648" visible="true" version="2" changeset="183616295" timestamp="2026-06-03T22:41:46Z" user="Grass-snake" uid="11321493" lat="55.7781000" lon="37.6444000"/>
 <node id="6413818649" visible="true" version="2" changeset="183616517" timestamp="2026-06-03T22:53:45Z" user="Grass-snake" uid="11321493" lat="55.7780932" lon="37.6430658"/>
 <node id="6413818650" visible="true" version="2" changeset="183616517" timestamp="2026-06-03T22:53:45Z" user="Grass-snake" uid="11321493" lat="55.7780935" lon="37.6431603"/>
 <node id="6413818651" visible="true" version="2" changeset="183616517" timestamp="2026-06-03T22:53:45Z" user="Grass-snake" uid="11321493" lat="55.7780426" lon="37.6431610"/>
 <node id="6413818652" visible="true" version="2" changeset="183616517" timestamp="2026-06-03T22:53:45Z" user="Grass-snake" uid="11321493" lat="55.7780422" lon="37.6430664"/>
 <node id="6413818653" visible="true" version="2" changeset="170747292" timestamp="2025-08-20T20:59:38Z" user="literan" uid="830106" lat="55.7779698" lon="37.6440516"/>
 <node id="6413818654" visible="true" version="2" changeset="170747292" timestamp="2025-08-20T20:59:38Z" user="literan" uid="830106" lat="55.7779737" lon="37.6442397"/>
 <node id="6413818655" visible="true" version="2" changeset="170747292" timestamp="2025-08-20T20:59:38Z" user="literan" uid="830106" lat="55.7778285" lon="37.6442493"/>
 <node id="6413818656" visible="true" version="2" changeset="170747292" timestamp="2025-08-20T20:59:38Z" user="literan" uid="830106" lat="55.7778245" lon="37.6440613"/>
 <node id="6413836987" visible="true" version="2" changeset="98819055" timestamp="2021-02-06T15:49:49Z" user="parukhin" uid="519501" lat="55.7779261" lon="37.6463954">
  <tag k="amenity" v="car_wash"/>
  <tag k="name" v="Core12"/>
  <tag k="phone" v="+7 966 0819181"/>
  <tag k="website" v="https://core12.moscow/"/>
 </node>
 <node id="6586137669" visible="true" version="11" changeset="171985399" timestamp="2025-09-15T20:42:14Z" user="Bobropiton" uid="2055718" lat="55.7762038" lon="37.6496776">
  <tag k="bus" v="yes"/>
  <tag k="name" v="Каланчёвская улица"/>
  <tag k="public_transport" v="stop_position"/>
 </node>
 <node id="6586137670" visible="true" version="12" changeset="171985399" timestamp="2025-09-15T20:42:14Z" user="Bobropiton" uid="2055718" lat="55.7795572" lon="37.6451623">
  <tag k="bus" v="yes"/>
  <tag k="name" v="Пантелеевская улица"/>
  <tag k="public_transport" v="stop_position"/>
 </node>
 <node id="6586137674" visible="true" version="1" changeset="71852328" timestamp="2019-07-03T10:04:40Z" user="Vadiм" uid="326091" lat="55.7774962" lon="37.6483655"/>
 <node id="6586137675" visible="true" version="2" changeset="111648627" timestamp="2021-09-24T13:39:25Z" user="literan" uid="830106" lat="55.7773035" lon="37.6482664"/>
 <node id="6586137676" visible="true" version="3" changeset="165939484" timestamp="2025-05-07T14:29:25Z" user="Travieso" uid="5642897" lat="55.7773286" lon="37.6483491">
  <tag k="crossing" v="uncontrolled"/>
  <tag k="highway" v="crossing"/>
  <tag k="tactile_paving" v="no"/>
 </node>
 <node id="6586137679" visible="true" version="3" changeset="165939484" timestamp="2025-05-07T14:29:30Z" user="Travieso" uid="5642897" lat="55.7773755" lon="37.6485041">
  <tag k="crossing" v="uncontrolled"/>
  <tag k="highway" v="crossing"/>
  <tag k="tactile_paving" v="no"/>
 </node>
 <node id="6586137680" visible="true" version="3" changeset="112261663" timestamp="2021-10-08T11:56:13Z" user="literan" uid="830106" lat="55.7788576" lon="37.6462431">
  <tag k="railway" v="tram_crossing"/>
 </node>
 <node id="6586137681" visible="true" version="3" changeset="112261663" timestamp="2021-10-08T11:56:13Z" user="literan" uid="830106" lat="55.7788392" lon="37.6462029">
  <tag k="railway" v="tram_crossing"/>
 </node>
 <node id="6586164385" visible="true" version="3" changeset="142712210" timestamp="2023-10-17T12:56:36Z" user="literan" uid="830106" lat="55.7797562" lon="37.6446469">
  <tag k="railway" v="tram_level_crossing"/>
 </node>
 <node id="6586164391" visible="true" version="2" changeset="111648627" timestamp="2021-09-24T13:39:25Z" user="literan" uid="830106" lat="55.7774473" lon="37.6482134"/>
 <node id="6586164392" visible="true" version="1" changeset="71852328" timestamp="2019-07-03T10:04:40Z" user="Vadiм" uid="326091" lat="55.7780046" lon="37.6474561"/>
 <node id="6586164393" visible="true" version="1" changeset="71852328" timestamp="2019-07-03T10:04:40Z" user="Vadiм" uid="326091" lat="55.7780240" lon="37.6474848"/>
 <node id="6586164394" visible="true" version="2" changeset="142712210" timestamp="2023-10-17T12:56:36Z" user="literan" uid="830106" lat="55.7784560" lon="37.6469027"/>
 <node id="6586164395" visible="true" version="3" changeset="142712210" timestamp="2023-10-17T12:56:36Z" user="literan" uid="830106" lat="55.7784386" lon="37.6468675">
  <tag k="railway" v="tram_level_crossing"/>
 </node>
 <node id="6586164396" visible="true" version="3" changeset="142712210" timestamp="2023-10-17T12:56:36Z" user="literan" uid="830106" lat="55.7784159" lon="37.6468192">
  <tag k="railway" v="tram_level_crossing"/>
 </node>
 <node id="6586164397" visible="true" version="2" changeset="142712210" timestamp="2023-10-17T12:56:36Z" user="literan" uid="830106" lat="55.7796821" lon="37.6448757"/>
 <node id="6586164399" visible="true" version="3" changeset="142712210" timestamp="2023-10-17T12:56:36Z" user="literan" uid="830106" lat="55.7797853" lon="37.6447696">
  <tag k="railway" v="tram_level_crossing"/>
 </node>
 <node id="6586164400" visible="true" version="3" changeset="142712210" timestamp="2023-10-17T12:56:36Z" user="literan" uid="830106" lat="55.7797830" lon="37.6445431">
  <tag k="railway" v="tram_level_crossing"/>
 </node>
 <node id="6586164401" visible="true" version="1" changeset="71852328" timestamp="2019-07-03T10:04:40Z" user="Vadiм" uid="326091" lat="55.7797565" lon="37.6449388"/>
 <node id="6586164402" visible="true" version="3" changeset="142712210" timestamp="2023-10-17T12:56:36Z" user="literan" uid="830106" lat="55.7798675" lon="37.6442295"/>
 <node id="6586164403" visible="true" version="2" changeset="142712210" timestamp="2023-10-17T12:56:36Z" user="literan" uid="830106" lat="55.7797977" lon="37.6448035"/>
 <node id="6586164404" visible="true" version="1" changeset="71852328" timestamp="2019-07-03T10:04:40Z" user="Vadiм" uid="326091" lat="55.7797288" lon="37.6450003"/>
 <node id="6586164406" visible="true" version="2" changeset="142712210" timestamp="2023-10-17T12:56:36Z" user="literan" uid="830106" lat="55.7793132" lon="37.6456404"/>
 <node id="6586164407" visible="true" version="4" changeset="165939484" timestamp="2025-05-07T14:18:09Z" user="Travieso" uid="5642897" lat="55.7788773" lon="37.6462861">
  <tag k="crossing" v="uncontrolled"/>
  <tag k="highway" v="crossing"/>
  <tag k="tactile_paving" v="no"/>
 </node>
 <node id="6586164408" visible="true" version="2" changeset="111648627" timestamp="2021-09-24T13:39:25Z" user="literan" uid="830106" lat="55.7780616" lon="37.6474991"/>
 <node id="6586164409" visible="true" version="1" changeset="71852328" timestamp="2019-07-03T10:04:40Z" user="Vadiм" uid="326091" lat="55.7774394" lon="37.6484368"/>
 <node id="6586164410" visible="true" version="1" changeset="71852328" timestamp="2019-07-03T10:04:40Z" user="Vadiм" uid="326091" lat="55.7767583" lon="37.6490028"/>
 <node id="6586164411" visible="true" version="2" changeset="111648627" timestamp="2021-09-24T13:39:25Z" user="literan" uid="830106" lat="55.7766204" lon="37.6491414"/>
 <node id="6722440985" visible="true" version="2" changeset="73513029" timestamp="2019-08-19T19:41:23Z" user="literan" uid="830106" lat="55.7789569" lon="37.6429076">
  <tag k="contact:facebook" v="https://www.facebook.com/PensionFondRF"/>
  <tag k="contact:livejournal" v="https://pensionnij-fond.livejournal.com"/>
  <tag k="contact:ok" v="https://ok.ru/pensionfond"/>
  <tag k="contact:twitter" v="https://twitter.com/pension_fond"/>
  <tag k="contact:vk" v="https://vk.com/pension_fond"/>
  <tag k="contact:website" v="https://www.pfrf.ru"/>
  <tag k="contact:youtube" v="https://www.youtube.com/user/pensionnijfond"/>
  <tag k="government" v="pension_fund"/>
  <tag k="name" v="Пенсионный фонд России, клиентская служба Красносельский"/>
  <tag k="office" v="government"/>
  <tag k="opening_hours" v="Mo-Th 09:00-18:00; Fr 09:00-16:45"/>
  <tag k="website" v="http://pfrf.ru"/>
 </node>
 <node id="7069227705" visible="true" version="2" changeset="93383951" timestamp="2020-11-01T22:13:53Z" user="literan" uid="830106" lat="55.7771103" lon="37.6446352"/>
 <node id="7132121161" visible="true" version="2" changeset="111648627" timestamp="2021-09-24T13:39:25Z" user="literan" uid="830106" lat="55.7772259" lon="37.6486305"/>
 <node id="7631424606" visible="true" version="3" changeset="165592955" timestamp="2025-04-29T13:32:41Z" user="literan" uid="830106" lat="55.7773223" lon="37.6432570"/>
 <node id="7643330409" visible="true" version="3" changeset="142712210" timestamp="2023-10-17T12:56:36Z" user="literan" uid="830106" lat="55.7782648" lon="37.6478685">
  <tag k="access" v="customers"/>
  <tag k="barrier" v="gate"/>
  <tag k="motor_vehicle" v="private"/>
 </node>
 <node id="7713961162" visible="true" version="2" changeset="112261663" timestamp="2021-10-08T11:56:13Z" user="literan" uid="830106" lat="55.7784388" lon="37.6408012"/>
 <node id="7897102890" visible="true" version="4" changeset="170758215" timestamp="2025-08-21T06:12:17Z" user="literan" uid="830106" lat="55.7796578" lon="37.6438527"/>
 <node id="7897102891" visible="true" version="2" changeset="112261663" timestamp="2021-10-08T11:56:13Z" user="literan" uid="830106" lat="55.7794444" lon="37.6438182"/>
 <node id="7897102892" visible="true" version="2" changeset="112261663" timestamp="2021-10-08T11:56:13Z" user="literan" uid="830106" lat="55.7794434" lon="37.6436043">
  <tag k="entrance" v="staircase"/>
 </node>
 <node id="7897102893" visible="true" version="1" changeset="90765385" timestamp="2020-09-11T14:57:58Z" user="osmer120311" uid="624271" lat="55.7795123" lon="37.6440606">
  <tag k="access" v="private"/>
  <tag k="amenity" v="parking"/>
 </node>
 <node id="7897102894" visible="true" version="4" changeset="170758215" timestamp="2025-08-21T06:12:17Z" user="literan" uid="830106" lat="55.7797003" lon="37.6438522">
  <tag k="railway" v="tram_level_crossing"/>
 </node>
 <node id="7897102895" visible="true" version="4" changeset="170758215" timestamp="2025-08-21T06:12:17Z" user="literan" uid="830106" lat="55.7797219" lon="37.6438520"/>
 <node id="7897102896" visible="true" version="2" changeset="170758215" timestamp="2025-08-21T06:12:17Z" user="literan" uid="830106" lat="55.7793595" lon="37.6439303"/>
 <node id="7897102897" visible="true" version="2" changeset="170758215" timestamp="2025-08-21T06:12:17Z" user="literan" uid="830106" lat="55.7793618" lon="37.6442029"/>
 <node id="7897102898" visible="true" version="2" changeset="170758215" timestamp="2025-08-21T06:12:17Z" user="literan" uid="830106" lat="55.7794597" lon="37.6442002"/>
 <node id="7897102899" visible="true" version="2" changeset="170758215" timestamp="2025-08-21T06:12:17Z" user="literan" uid="830106" lat="55.7794574" lon="37.6439276"/>
 <node id="7903619810" visible="true" version="2" changeset="92006749" timestamp="2020-10-05T20:34:20Z" user="literan" uid="830106" lat="55.7774703" lon="37.6748428"/>
 <node id="7903619811" visible="true" version="1" changeset="90834570" timestamp="2020-09-14T00:34:20Z" user="stargunru" uid="9133906" lat="55.7774226" lon="37.6747581"/>
 <node id="7903619812" visible="true" version="1" changeset="90834570" timestamp="2020-09-14T00:34:20Z" user="stargunru" uid="9133906" lat="55.7773396" lon="37.6748653"/>
 <node id="7903619813" visible="true" version="1" changeset="90834570" timestamp="2020-09-14T00:34:20Z" user="stargunru" uid="9133906" lat="55.7772385" lon="37.6746695"/>
 <node id="7903619814" visible="true" version="2" changeset="137940181" timestamp="2023-06-30T04:10:55Z" user="solenoid jam" uid="10129333" lat="55.7772566" lon="37.6734974"/>
 <node id="7903619815" visible="true" version="1" changeset="90834570" timestamp="2020-09-14T00:34:20Z" user="stargunru" uid="9133906" lat="55.7763710" lon="37.6715795"/>
 <node id="7903619816" visible="true" version="1" changeset="90834570" timestamp="2020-09-14T00:34:20Z" user="stargunru" uid="9133906" lat="55.7763222" lon="37.6714556"/>
 <node id="7903619817" visible="true" version="1" changeset="90834570" timestamp="2020-09-14T00:34:20Z" user="stargunru" uid="9133906" lat="55.7759440" lon="37.6712609"/>
 <node id="7903619818" visible="true" version="1" changeset="90834570" timestamp="2020-09-14T00:34:20Z" user="stargunru" uid="9133906" lat="55.7758534" lon="37.6712733"/>
 <node id="7903619819" visible="true" version="1" changeset="90834570" timestamp="2020-09-14T00:34:20Z" user="stargunru" uid="9133906" lat="55.7749616" lon="37.6725899"/>
 <node id="7903619820" visible="true" version="1" changeset="90834570" timestamp="2020-09-14T00:34:20Z" user="stargunru" uid="9133906" lat="55.7747894" lon="37.6728960"/>
 <node id="7903619821" visible="true" version="1" changeset="90834570" timestamp="2020-09-14T00:34:20Z" user="stargunru" uid="9133906" lat="55.7742848" lon="37.6726766"/>
 <node id="7903619822" visible="true" version="1" changeset="90834570" timestamp="2020-09-14T00:34:20Z" user="stargunru" uid="9133906" lat="55.7740350" lon="37.6723528"/>
 <node id="7903619823" visible="true" version="1" changeset="90834570" timestamp="2020-09-14T00:34:20Z" user="stargunru" uid="9133906" lat="55.7736059" lon="37.6714611"/>
 <node id="7903619824" visible="true" version="1" changeset="90834570" timestamp="2020-09-14T00:34:20Z" user="stargunru" uid="9133906" lat="55.7733237" lon="37.6711070"/>
 <node id="7903619825" visible="true" version="1" changeset="90834570" timestamp="2020-09-14T00:34:20Z" user="stargunru" uid="9133906" lat="55.7732408" lon="37.6709300"/>
 <node id="7903619826" visible="true" version="1" changeset="90834570" timestamp="2020-09-14T00:34:20Z" user="stargunru" uid="9133906" lat="55.7730944" lon="37.6707476"/>
 <node id="7903619827" visible="true" version="1" changeset="90834570" timestamp="2020-09-14T00:34:20Z" user="stargunru" uid="9133906" lat="55.7729722" lon="37.6703668"/>
 <node id="7903619828" visible="true" version="1" changeset="90834570" timestamp="2020-09-14T00:34:20Z" user="stargunru" uid="9133906" lat="55.7728560" lon="37.6697552"/>
 <node id="7903619829" visible="true" version="1" changeset="90834570" timestamp="2020-09-14T00:34:20Z" user="stargunru" uid="9133906" lat="55.7728259" lon="37.6697123"/>
 <node id="7903619830" visible="true" version="1" changeset="90834570" timestamp="2020-09-14T00:34:20Z" user="stargunru" uid="9133906" lat="55.7725890" lon="37.6698169"/>
 <node id="7903619831" visible="true" version="1" changeset="90834570" timestamp="2020-09-14T00:34:20Z" user="stargunru" uid="9133906" lat="55.7717034" lon="37.6696694"/>
 <node id="7903619832" visible="true" version="1" changeset="90834570" timestamp="2020-09-14T00:34:20Z" user="stargunru" uid="9133906" lat="55.7716491" lon="37.6695353"/>
 <node id="7903619833" visible="true" version="1" changeset="90834570" timestamp="2020-09-14T00:34:20Z" user="stargunru" uid="9133906" lat="55.7715872" lon="37.6691705"/>
 <node id="7903619834" visible="true" version="1" changeset="90834570" timestamp="2020-09-14T00:34:20Z" user="stargunru" uid="9133906" lat="55.7716431" lon="37.6675692"/>
 <node id="7903619835" visible="true" version="1" changeset="90834570" timestamp="2020-09-14T00:34:20Z" user="stargunru" uid="9133906" lat="55.7718663" lon="37.6650292"/>
 <node id="7903619836" visible="true" version="1" changeset="90834570" timestamp="2020-09-14T00:34:20Z" user="stargunru" uid="9133906" lat="55.7719116" lon="37.6647395"/>
 <node id="7903619837" visible="true" version="1" changeset="90834570" timestamp="2020-09-14T00:34:20Z" user="stargunru" uid="9133906" lat="55.7720278" lon="37.6640904"/>
 <node id="7903619838" visible="true" version="1" changeset="90834570" timestamp="2020-09-14T00:34:20Z" user="stargunru" uid="9133906" lat="55.7722661" lon="37.6625267"/>
 <node id="7903619839" visible="true" version="1" changeset="90834570" timestamp="2020-09-14T00:34:20Z" user="stargunru" uid="9133906" lat="55.7723491" lon="37.6618266"/>
 <node id="7903619840" visible="true" version="1" changeset="90834570" timestamp="2020-09-14T00:34:20Z" user="stargunru" uid="9133906" lat="55.7724125" lon="37.6609978"/>
 <node id="7903619841" visible="true" version="1" changeset="90834570" timestamp="2020-09-14T00:34:20Z" user="stargunru" uid="9133906" lat="55.7724336" lon="37.6602092"/>
 <node id="7903619842" visible="true" version="1" changeset="90834570" timestamp="2020-09-14T00:34:20Z" user="stargunru" uid="9133906" lat="55.7724321" lon="37.6593697"/>
 <node id="7903619843" visible="true" version="1" changeset="90834570" timestamp="2020-09-14T00:34:20Z" user="stargunru" uid="9133906" lat="55.7725181" lon="37.6592517"/>
 <node id="7903619844" visible="true" version="1" changeset="90834570" timestamp="2020-09-14T00:34:20Z" user="stargunru" uid="9133906" lat="55.7724532" lon="37.6580581"/>
 <node id="7903619845" visible="true" version="1" changeset="90834570" timestamp="2020-09-14T00:34:20Z" user="stargunru" uid="9133906" lat="55.7724909" lon="37.6576987"/>
 <node id="7903619846" visible="true" version="1" changeset="90834570" timestamp="2020-09-14T00:34:20Z" user="stargunru" uid="9133906" lat="55.7724125" lon="37.6573849"/>
 <node id="7903619847" visible="true" version="1" changeset="90834570" timestamp="2020-09-14T00:34:20Z" user="stargunru" uid="9133906" lat="55.7723552" lon="37.6570710"/>
 <node id="7903619848" visible="true" version="1" changeset="90834570" timestamp="2020-09-14T00:34:20Z" user="stargunru" uid="9133906" lat="55.7723159" lon="37.6567090"/>
 <node id="7903619849" visible="true" version="1" changeset="90834570" timestamp="2020-09-14T00:34:20Z" user="stargunru" uid="9133906" lat="55.7722892" lon="37.6563682"/>
 <node id="7903619850" visible="true" version="1" changeset="90834570" timestamp="2020-09-14T00:34:20Z" user="stargunru" uid="9133906" lat="55.7722770" lon="37.6559661"/>
 <node id="7903619851" visible="true" version="1" changeset="90834570" timestamp="2020-09-14T00:34:20Z" user="stargunru" uid="9133906" lat="55.7722866" lon="37.6555902"/>
 <node id="7903619852" visible="true" version="1" changeset="90834570" timestamp="2020-09-14T00:34:20Z" user="stargunru" uid="9133906" lat="55.7723117" lon="37.6551635"/>
 <node id="7903619853" visible="true" version="1" changeset="90834570" timestamp="2020-09-14T00:34:20Z" user="stargunru" uid="9133906" lat="55.7723056" lon="37.6550033"/>
 <node id="7903619854" visible="true" version="1" changeset="90834570" timestamp="2020-09-14T00:34:20Z" user="stargunru" uid="9133906" lat="55.7729936" lon="37.6546073"/>
 <node id="7903619855" visible="true" version="1" changeset="90834570" timestamp="2020-09-14T00:34:20Z" user="stargunru" uid="9133906" lat="55.7730040" lon="37.6530868"/>
 <node id="7903619856" visible="true" version="1" changeset="90834570" timestamp="2020-09-14T00:34:20Z" user="stargunru" uid="9133906" lat="55.7730118" lon="37.6530406"/>
 <node id="7903619857" visible="true" version="1" changeset="90834570" timestamp="2020-09-14T00:34:20Z" user="stargunru" uid="9133906" lat="55.7730309" lon="37.6529990"/>
 <node id="7903619858" visible="true" version="1" changeset="90834570" timestamp="2020-09-14T00:34:20Z" user="stargunru" uid="9133906" lat="55.7755376" lon="37.6513491"/>
 <node id="7903619859" visible="true" version="1" changeset="90834570" timestamp="2020-09-14T00:34:20Z" user="stargunru" uid="9133906" lat="55.7756485" lon="37.6511812"/>
 <node id="7903619860" visible="true" version="1" changeset="90834570" timestamp="2020-09-14T00:34:20Z" user="stargunru" uid="9133906" lat="55.7758660" lon="37.6509455"/>
 <node id="7903619861" visible="true" version="1" changeset="90834570" timestamp="2020-09-14T00:34:20Z" user="stargunru" uid="9133906" lat="55.7759483" lon="37.6510703"/>
 <node id="7903619862" visible="true" version="1" changeset="90834570" timestamp="2020-09-14T00:34:20Z" user="stargunru" uid="9133906" lat="55.7760167" lon="37.6511134"/>
 <node id="7903619863" visible="true" version="1" changeset="90834570" timestamp="2020-09-14T00:34:20Z" user="stargunru" uid="9133906" lat="55.7761025" lon="37.6510749"/>
 <node id="7903619864" visible="true" version="1" changeset="90834570" timestamp="2020-09-14T00:34:20Z" user="stargunru" uid="9133906" lat="55.7762143" lon="37.6509548"/>
 <node id="7903619865" visible="true" version="1" changeset="90834570" timestamp="2020-09-14T00:34:20Z" user="stargunru" uid="9133906" lat="55.7773640" lon="37.6475918"/>
 <node id="7903619866" visible="true" version="1" changeset="90834570" timestamp="2020-09-14T00:34:20Z" user="stargunru" uid="9133906" lat="55.7774108" lon="37.6475148"/>
 <node id="7903619867" visible="true" version="1" changeset="90834570" timestamp="2020-09-14T00:34:20Z" user="stargunru" uid="9133906" lat="55.7774801" lon="37.6474716"/>
 <node id="7903619868" visible="true" version="1" changeset="90834570" timestamp="2020-09-14T00:34:20Z" user="stargunru" uid="9133906" lat="55.7775382" lon="37.6474593"/>
 <node id="7903619869" visible="true" version="1" changeset="90834570" timestamp="2020-09-14T00:34:20Z" user="stargunru" uid="9133906" lat="55.7775824" lon="37.6474778"/>
 <node id="7903619870" visible="true" version="1" changeset="90834570" timestamp="2020-09-14T00:34:20Z" user="stargunru" uid="9133906" lat="55.7776343" lon="37.6475471"/>
 <node id="7903619871" visible="true" version="1" changeset="90834570" timestamp="2020-09-14T00:34:20Z" user="stargunru" uid="9133906" lat="55.7777426" lon="37.6475255"/>
 <node id="7903619872" visible="true" version="1" changeset="90834570" timestamp="2020-09-14T00:34:20Z" user="stargunru" uid="9133906" lat="55.7781178" lon="37.6469802"/>
 <node id="7903619873" visible="true" version="1" changeset="90834570" timestamp="2020-09-14T00:34:20Z" user="stargunru" uid="9133906" lat="55.7785666" lon="37.6469294"/>
 <node id="7903619874" visible="true" version="1" changeset="90834570" timestamp="2020-09-14T00:34:20Z" user="stargunru" uid="9133906" lat="55.7786168" lon="37.6470757"/>
 <node id="7903619875" visible="true" version="1" changeset="90834570" timestamp="2020-09-14T00:34:20Z" user="stargunru" uid="9133906" lat="55.7788230" lon="37.6469201"/>
 <node id="7903619876" visible="true" version="1" changeset="90834570" timestamp="2020-09-14T00:34:20Z" user="stargunru" uid="9133906" lat="55.7788447" lon="37.6466875"/>
 <node id="7903619877" visible="true" version="1" changeset="90834570" timestamp="2020-09-14T00:34:20Z" user="stargunru" uid="9133906" lat="55.7790985" lon="37.6465535"/>
 <node id="7903619878" visible="true" version="1" changeset="90834570" timestamp="2020-09-14T00:34:20Z" user="stargunru" uid="9133906" lat="55.7793186" lon="37.6462407"/>
 <node id="7903619879" visible="true" version="1" changeset="90834570" timestamp="2020-09-14T00:34:20Z" user="stargunru" uid="9133906" lat="55.7796184" lon="37.6458988"/>
 <node id="7903619880" visible="true" version="1" changeset="90834570" timestamp="2020-09-14T00:34:20Z" user="stargunru" uid="9133906" lat="55.7801330" lon="37.6456954"/>
 <node id="7903619881" visible="true" version="1" changeset="90834570" timestamp="2020-09-14T00:34:20Z" user="stargunru" uid="9133906" lat="55.7801356" lon="37.6455044"/>
 <node id="7903619882" visible="true" version="1" changeset="90834570" timestamp="2020-09-14T00:34:20Z" user="stargunru" uid="9133906" lat="55.7801901" lon="37.6454813"/>
 <node id="7903619883" visible="true" version="1" changeset="90834570" timestamp="2020-09-14T00:34:20Z" user="stargunru" uid="9133906" lat="55.7804085" lon="37.6456045"/>
 <node id="7903619884" visible="true" version="1" changeset="90834570" timestamp="2020-09-14T00:34:20Z" user="stargunru" uid="9133906" lat="55.7805142" lon="37.6455182"/>
 <node id="7903619885" visible="true" version="1" changeset="90834570" timestamp="2020-09-14T00:34:20Z" user="stargunru" uid="9133906" lat="55.7805809" lon="37.6455521"/>
 <node id="7903619886" visible="true" version="1" changeset="90834570" timestamp="2020-09-14T00:34:20Z" user="stargunru" uid="9133906" lat="55.7808460" lon="37.6453565"/>
 <node id="7903619887" visible="true" version="1" changeset="90834570" timestamp="2020-09-14T00:34:20Z" user="stargunru" uid="9133906" lat="55.7808772" lon="37.6451716"/>
 <node id="7903619888" visible="true" version="1" changeset="90834570" timestamp="2020-09-14T00:34:20Z" user="stargunru" uid="9133906" lat="55.7810279" lon="37.6452564"/>
 <node id="7903619889" visible="true" version="1" changeset="90834570" timestamp="2020-09-14T00:34:20Z" user="stargunru" uid="9133906" lat="55.7816257" lon="37.6448574"/>
 <node id="7903619890" visible="true" version="1" changeset="90834570" timestamp="2020-09-14T00:34:20Z" user="stargunru" uid="9133906" lat="55.7815971" lon="37.6446140"/>
 <node id="7903619891" visible="true" version="1" changeset="90834570" timestamp="2020-09-14T00:34:20Z" user="stargunru" uid="9133906" lat="55.7816716" lon="37.6445801"/>
 <node id="7903619892" visible="true" version="1" changeset="90834570" timestamp="2020-09-14T00:34:20Z" user="stargunru" uid="9133906" lat="55.7816594" lon="37.6444722"/>
 <node id="7903619893" visible="true" version="1" changeset="90834570" timestamp="2020-09-14T00:34:20Z" user="stargunru" uid="9133906" lat="55.7817677" lon="37.6443397"/>
 <node id="7903619894" visible="true" version="1" changeset="90834570" timestamp="2020-09-14T00:34:20Z" user="stargunru" uid="9133906" lat="55.7820562" lon="37.6442119"/>
 <node id="7903619895" visible="true" version="1" changeset="90834570" timestamp="2020-09-14T00:34:20Z" user="stargunru" uid="9133906" lat="55.7823932" lon="37.6433107"/>
 <node id="7903619896" visible="true" version="1" changeset="90834570" timestamp="2020-09-14T00:34:20Z" user="stargunru" uid="9133906" lat="55.7823161" lon="37.6427438"/>
 <node id="7903619897" visible="true" version="1" changeset="90834570" timestamp="2020-09-14T00:34:20Z" user="stargunru" uid="9133906" lat="55.7834119" lon="37.6422955"/>
 <node id="7903619898" visible="true" version="1" changeset="90834570" timestamp="2020-09-14T00:34:20Z" user="stargunru" uid="9133906" lat="55.7836779" lon="37.6413018"/>
 <node id="7903619899" visible="true" version="1" changeset="90834570" timestamp="2020-09-14T00:34:20Z" user="stargunru" uid="9133906" lat="55.7837342" lon="37.6411986"/>
 <node id="7903619900" visible="true" version="1" changeset="90834570" timestamp="2020-09-14T00:34:20Z" user="stargunru" uid="9133906" lat="55.7840010" lon="37.6408350"/>
 <node id="7903619901" visible="true" version="1" changeset="90834570" timestamp="2020-09-14T00:34:20Z" user="stargunru" uid="9133906" lat="55.7841136" lon="37.6407811"/>
 <node id="7903619902" visible="true" version="1" changeset="90834570" timestamp="2020-09-14T00:34:20Z" user="stargunru" uid="9133906" lat="55.7841959" lon="37.6405470"/>
 <node id="7903619903" visible="true" version="1" changeset="90834570" timestamp="2020-09-14T00:34:20Z" user="stargunru" uid="9133906" lat="55.7842921" lon="37.6405162"/>
 <node id="7903619904" visible="true" version="1" changeset="90834570" timestamp="2020-09-14T00:34:20Z" user="stargunru" uid="9133906" lat="55.7843336" lon="37.6403375"/>
 <node id="7903619905" visible="true" version="1" changeset="90834570" timestamp="2020-09-14T00:34:20Z" user="stargunru" uid="9133906" lat="55.7847096" lon="37.6402435"/>
 <node id="7903619906" visible="true" version="1" changeset="90834570" timestamp="2020-09-14T00:34:20Z" user="stargunru" uid="9133906" lat="55.7847954" lon="37.6404145"/>
 <node id="7903619907" visible="true" version="1" changeset="90834570" timestamp="2020-09-14T00:34:20Z" user="stargunru" uid="9133906" lat="55.7850717" lon="37.6403482"/>
 <node id="7903619908" visible="true" version="1" changeset="90834570" timestamp="2020-09-14T00:34:20Z" user="stargunru" uid="9133906" lat="55.7851704" lon="37.6401726"/>
 <node id="7903619909" visible="true" version="1" changeset="90834570" timestamp="2020-09-14T00:34:20Z" user="stargunru" uid="9133906" lat="55.7852571" lon="37.6401788"/>
 <node id="7903619910" visible="true" version="1" changeset="90834570" timestamp="2020-09-14T00:34:20Z" user="stargunru" uid="9133906" lat="55.7860393" lon="37.6398198"/>
 <node id="7903619911" visible="true" version="1" changeset="90834570" timestamp="2020-09-14T00:34:20Z" user="stargunru" uid="9133906" lat="55.7861371" lon="37.6398044"/>
 <node id="7903619912" visible="true" version="1" changeset="90834570" timestamp="2020-09-14T00:34:20Z" user="stargunru" uid="9133906" lat="55.7861761" lon="37.6397659"/>
 <node id="7903619913" visible="true" version="1" changeset="90834570" timestamp="2020-09-14T00:34:20Z" user="stargunru" uid="9133906" lat="55.7863935" lon="37.6397967"/>
 <node id="7903619914" visible="true" version="1" changeset="90834570" timestamp="2020-09-14T00:34:20Z" user="stargunru" uid="9133906" lat="55.7864377" lon="37.6397628"/>
 <node id="7903619915" visible="true" version="1" changeset="90834570" timestamp="2020-09-14T00:34:20Z" user="stargunru" uid="9133906" lat="55.7864516" lon="37.6395148"/>
 <node id="7903619916" visible="true" version="1" changeset="90834570" timestamp="2020-09-14T00:34:20Z" user="stargunru" uid="9133906" lat="55.7869366" lon="37.6394640"/>
 <node id="7903619917" visible="true" version="1" changeset="90834570" timestamp="2020-09-14T00:34:20Z" user="stargunru" uid="9133906" lat="55.7873741" lon="37.6392529"/>
 <node id="7903619918" visible="true" version="1" changeset="90834570" timestamp="2020-09-14T00:34:20Z" user="stargunru" uid="9133906" lat="55.7874165" lon="37.6390819"/>
 <node id="7903619919" visible="true" version="1" changeset="90834570" timestamp="2020-09-14T00:34:20Z" user="stargunru" uid="9133906" lat="55.7874295" lon="37.6389987"/>
 <node id="7903619920" visible="true" version="1" changeset="90834570" timestamp="2020-09-14T00:34:20Z" user="stargunru" uid="9133906" lat="55.7874529" lon="37.6389417"/>
 <node id="7903619921" visible="true" version="1" changeset="90834570" timestamp="2020-09-14T00:34:20Z" user="stargunru" uid="9133906" lat="55.7874893" lon="37.6389248"/>
 <node id="7903619922" visible="true" version="1" changeset="90834570" timestamp="2020-09-14T00:34:20Z" user="stargunru" uid="9133906" lat="55.7875083" lon="37.6389387"/>
 <node id="7903619923" visible="true" version="1" changeset="90834570" timestamp="2020-09-14T00:34:20Z" user="stargunru" uid="9133906" lat="55.7875958" lon="37.6390742"/>
 <node id="7903619924" visible="true" version="1" changeset="90834570" timestamp="2020-09-14T00:34:20Z" user="stargunru" uid="9133906" lat="55.7878938" lon="37.6391143"/>
 <node id="7903619925" visible="true" version="1" changeset="90834570" timestamp="2020-09-14T00:34:20Z" user="stargunru" uid="9133906" lat="55.7879899" lon="37.6389756"/>
 <node id="7903619926" visible="true" version="1" changeset="90834570" timestamp="2020-09-14T00:34:20Z" user="stargunru" uid="9133906" lat="55.7886378" lon="37.6393284"/>
 <node id="7903619927" visible="true" version="1" changeset="90834570" timestamp="2020-09-14T00:34:20Z" user="stargunru" uid="9133906" lat="55.7894884" lon="37.6394054"/>
 <node id="7903619928" visible="true" version="1" changeset="90834570" timestamp="2020-09-14T00:34:20Z" user="stargunru" uid="9133906" lat="55.7895256" lon="37.6393839"/>
 <node id="7903619929" visible="true" version="1" changeset="90834570" timestamp="2020-09-14T00:34:20Z" user="stargunru" uid="9133906" lat="55.7895698" lon="37.6391851"/>
 <node id="7903619930" visible="true" version="1" changeset="90834570" timestamp="2020-09-14T00:34:20Z" user="stargunru" uid="9133906" lat="55.7895689" lon="37.6390527"/>
 <node id="7903619931" visible="true" version="1" changeset="90834570" timestamp="2020-09-14T00:34:20Z" user="stargunru" uid="9133906" lat="55.7896833" lon="37.6380220"/>
 <node id="7903619932" visible="true" version="1" changeset="90834570" timestamp="2020-09-14T00:34:20Z" user="stargunru" uid="9133906" lat="55.7897716" lon="37.6377540"/>
 <node id="7903619933" visible="true" version="1" changeset="90834570" timestamp="2020-09-14T00:34:20Z" user="stargunru" uid="9133906" lat="55.7903545" lon="37.6370099"/>
 <node id="7903619934" visible="true" version="1" changeset="90834570" timestamp="2020-09-14T00:34:20Z" user="stargunru" uid="9133906" lat="55.7903519" lon="37.6361734"/>
 <node id="7903619935" visible="true" version="1" changeset="90834570" timestamp="2020-09-14T00:34:20Z" user="stargunru" uid="9133906" lat="55.7902332" lon="37.6359115"/>
 <node id="7903619936" visible="true" version="1" changeset="90834570" timestamp="2020-09-14T00:34:20Z" user="stargunru" uid="9133906" lat="55.7901111" lon="37.6358669"/>
 <node id="7903619937" visible="true" version="1" changeset="90834570" timestamp="2020-09-14T00:34:20Z" user="stargunru" uid="9133906" lat="55.7900921" lon="37.6328305"/>
 <node id="7903619938" visible="true" version="1" changeset="90834570" timestamp="2020-09-14T00:34:20Z" user="stargunru" uid="9133906" lat="55.7900609" lon="37.6325070"/>
 <node id="7903619939" visible="true" version="1" changeset="90834570" timestamp="2020-09-14T00:34:20Z" user="stargunru" uid="9133906" lat="55.7896296" lon="37.6311282"/>
 <node id="7903619940" visible="true" version="1" changeset="90834570" timestamp="2020-09-14T00:34:20Z" user="stargunru" uid="9133906" lat="55.7895923" lon="37.6308602"/>
 <node id="7903619941" visible="true" version="2" changeset="94396277" timestamp="2020-11-18T21:27:20Z" user="literan" uid="830106" lat="55.7898114" lon="37.6305676"/>
 <node id="7903619942" visible="true" version="1" changeset="90834570" timestamp="2020-09-14T00:34:20Z" user="stargunru" uid="9133906" lat="55.7897300" lon="37.6302932"/>
 <node id="7903619943" visible="true" version="1" changeset="90834570" timestamp="2020-09-14T00:34:20Z" user="stargunru" uid="9133906" lat="55.7897413" lon="37.6301731"/>
 <node id="7903619944" visible="true" version="1" changeset="90834570" timestamp="2020-09-14T00:34:20Z" user="stargunru" uid="9133906" lat="55.7897214" lon="37.6300976"/>
 <node id="7903619945" visible="true" version="1" changeset="90834570" timestamp="2020-09-14T00:34:20Z" user="stargunru" uid="9133906" lat="55.7896503" lon="37.6300190"/>
 <node id="7903619946" visible="true" version="1" changeset="90834570" timestamp="2020-09-14T00:34:20Z" user="stargunru" uid="9133906" lat="55.7894875" lon="37.6296354"/>
 <node id="7903619947" visible="true" version="1" changeset="90834570" timestamp="2020-09-14T00:34:20Z" user="stargunru" uid="9133906" lat="55.7894563" lon="37.6295338"/>
 <node id="7903619948" visible="true" version="1" changeset="90834570" timestamp="2020-09-14T00:34:20Z" user="stargunru" uid="9133906" lat="55.7896391" lon="37.6288528"/>
 <node id="7903619949" visible="true" version="1" changeset="90834570" timestamp="2020-09-14T00:34:20Z" user="stargunru" uid="9133906" lat="55.7904697" lon="37.6288190"/>
 <node id="7903619950" visible="true" version="1" changeset="90834570" timestamp="2020-09-14T00:34:20Z" user="stargunru" uid="9133906" lat="55.7905069" lon="37.6286834"/>
 <node id="7903619951" visible="true" version="1" changeset="90834570" timestamp="2020-09-14T00:34:20Z" user="stargunru" uid="9133906" lat="55.7906178" lon="37.6286618"/>
 <node id="7903619952" visible="true" version="1" changeset="90834570" timestamp="2020-09-14T00:34:20Z" user="stargunru" uid="9133906" lat="55.7907131" lon="37.6287204"/>
 <node id="7903619953" visible="true" version="1" changeset="90834570" timestamp="2020-09-14T00:34:20Z" user="stargunru" uid="9133906" lat="55.7909894" lon="37.6287188"/>
 <node id="7903619954" visible="true" version="1" changeset="90834570" timestamp="2020-09-14T00:34:20Z" user="stargunru" uid="9133906" lat="55.7910751" lon="37.6289484"/>
 <node id="7903619955" visible="true" version="1" changeset="90834570" timestamp="2020-09-14T00:34:20Z" user="stargunru" uid="9133906" lat="55.7916666" lon="37.6289391"/>
 <node id="7903619956" visible="true" version="1" changeset="90834570" timestamp="2020-09-14T00:34:20Z" user="stargunru" uid="9133906" lat="55.7916883" lon="37.6287003"/>
 <node id="7903619957" visible="true" version="1" changeset="90834570" timestamp="2020-09-14T00:34:20Z" user="stargunru" uid="9133906" lat="55.7916883" lon="37.6284523"/>
 <node id="7903619958" visible="true" version="1" changeset="90834570" timestamp="2020-09-14T00:34:20Z" user="stargunru" uid="9133906" lat="55.7916744" lon="37.6282674"/>
 <node id="7903619959" visible="true" version="1" changeset="90834570" timestamp="2020-09-14T00:34:20Z" user="stargunru" uid="9133906" lat="55.7919005" lon="37.6281334"/>
 <node id="7903619960" visible="true" version="1" changeset="90834570" timestamp="2020-09-14T00:34:20Z" user="stargunru" uid="9133906" lat="55.7919412" lon="37.6276805"/>
 <node id="7903619961" visible="true" version="1" changeset="90834570" timestamp="2020-09-14T00:34:20Z" user="stargunru" uid="9133906" lat="55.7919551" lon="37.6272661"/>
 <node id="7903619962" visible="true" version="1" changeset="90834570" timestamp="2020-09-14T00:34:20Z" user="stargunru" uid="9133906" lat="55.7919932" lon="37.6267392"/>
 <node id="7903619963" visible="true" version="1" changeset="90834570" timestamp="2020-09-14T00:34:20Z" user="stargunru" uid="9133906" lat="55.7920604" lon="37.6265183"/>
 <node id="7903619964" visible="true" version="1" changeset="90834570" timestamp="2020-09-14T00:34:20Z" user="stargunru" uid="9133906" lat="55.7922127" lon="37.6264861"/>
 <node id="7903619965" visible="true" version="1" changeset="90834570" timestamp="2020-09-14T00:34:20Z" user="stargunru" uid="9133906" lat="55.7923424" lon="37.6262608"/>
 <node id="7903619966" visible="true" version="1" changeset="90834570" timestamp="2020-09-14T00:34:20Z" user="stargunru" uid="9133906" lat="55.7923937" lon="37.6257512"/>
 <node id="7903619967" visible="true" version="1" changeset="90834570" timestamp="2020-09-14T00:34:20Z" user="stargunru" uid="9133906" lat="55.7924600" lon="37.6245817"/>
 <node id="7903619968" visible="true" version="1" changeset="90834570" timestamp="2020-09-14T00:34:20Z" user="stargunru" uid="9133906" lat="55.7929064" lon="37.6246675"/>
 <node id="7903619969" visible="true" version="1" changeset="90834570" timestamp="2020-09-14T00:34:20Z" user="stargunru" uid="9133906" lat="55.7929380" lon="37.6241097"/>
 <node id="7903619970" visible="true" version="1" changeset="90834570" timestamp="2020-09-14T00:34:20Z" user="stargunru" uid="9133906" lat="55.7929757" lon="37.6238924"/>
 <node id="7903619971" visible="true" version="1" changeset="90834570" timestamp="2020-09-14T00:34:20Z" user="stargunru" uid="9133906" lat="55.7936045" lon="37.6238897"/>
 <node id="7903619972" visible="true" version="1" changeset="90834570" timestamp="2020-09-14T00:34:20Z" user="stargunru" uid="9133906" lat="55.7936452" lon="37.6238253"/>
 <node id="7903619973" visible="true" version="1" changeset="90834570" timestamp="2020-09-14T00:34:20Z" user="stargunru" uid="9133906" lat="55.7938624" lon="37.6237610"/>
 <node id="7903619974" visible="true" version="1" changeset="90834570" timestamp="2020-09-14T00:34:20Z" user="stargunru" uid="9133906" lat="55.7942167" lon="37.6237931"/>
 <node id="7903619975" visible="true" version="1" changeset="90834570" timestamp="2020-09-14T00:34:20Z" user="stargunru" uid="9133906" lat="55.7948530" lon="37.6238173"/>
 <node id="7903619976" visible="true" version="1" changeset="90834570" timestamp="2020-09-14T00:34:20Z" user="stargunru" uid="9133906" lat="55.7948922" lon="37.6239326"/>
 <node id="7903619977" visible="true" version="1" changeset="90834570" timestamp="2020-09-14T00:34:20Z" user="stargunru" uid="9133906" lat="55.7951591" lon="37.6239434"/>
 <node id="7903619978" visible="true" version="1" changeset="90834570" timestamp="2020-09-14T00:34:20Z" user="stargunru" uid="9133906" lat="55.7952436" lon="37.6237744"/>
 <node id="7903619979" visible="true" version="1" changeset="90834570" timestamp="2020-09-14T00:34:20Z" user="stargunru" uid="9133906" lat="55.7954607" lon="37.6237610"/>
 <node id="7903619980" visible="true" version="1" changeset="90834570" timestamp="2020-09-14T00:34:20Z" user="stargunru" uid="9133906" lat="55.7955361" lon="37.6239085"/>
 <node id="7903619981" visible="true" version="1" changeset="90834570" timestamp="2020-09-14T00:34:20Z" user="stargunru" uid="9133906" lat="55.7956461" lon="37.6239031"/>
 <node id="7903619982" visible="true" version="1" changeset="90834570" timestamp="2020-09-14T00:34:20Z" user="stargunru" uid="9133906" lat="55.7956974" lon="37.6237958"/>
 <node id="7903619983" visible="true" version="1" changeset="90834570" timestamp="2020-09-14T00:34:20Z" user="stargunru" uid="9133906" lat="55.7962432" lon="37.6238146"/>
 <node id="7903619984" visible="true" version="1" changeset="90834570" timestamp="2020-09-14T00:34:20Z" user="stargunru" uid="9133906" lat="55.7963246" lon="37.6238495"/>
 <node id="7903619985" visible="true" version="1" changeset="90834570" timestamp="2020-09-14T00:34:20Z" user="stargunru" uid="9133906" lat="55.7964980" lon="37.6238495"/>
 <node id="7903619986" visible="true" version="1" changeset="90834570" timestamp="2020-09-14T00:34:20Z" user="stargunru" uid="9133906" lat="55.7965206" lon="37.6234471"/>
 <node id="7903619987" visible="true" version="1" changeset="90834570" timestamp="2020-09-14T00:34:20Z" user="stargunru" uid="9133906" lat="55.7967182" lon="37.6231172"/>
 <node id="7903619988" visible="true" version="1" changeset="90834570" timestamp="2020-09-14T00:34:20Z" user="stargunru" uid="9133906" lat="55.7969368" lon="37.6229778"/>
 <node id="7903619989" visible="true" version="1" changeset="90834570" timestamp="2020-09-14T00:34:20Z" user="stargunru" uid="9133906" lat="55.7970001" lon="37.6229751"/>
 <node id="7903619990" visible="true" version="1" changeset="90834570" timestamp="2020-09-14T00:34:20Z" user="stargunru" uid="9133906" lat="55.7970951" lon="37.6230073"/>
 <node id="7903619991" visible="true" version="1" changeset="90834570" timestamp="2020-09-14T00:34:20Z" user="stargunru" uid="9133906" lat="55.7972579" lon="37.6230019"/>
 <node id="7903619992" visible="true" version="1" changeset="90834570" timestamp="2020-09-14T00:34:20Z" user="stargunru" uid="9133906" lat="55.7973077" lon="37.6226452"/>
 <node id="7903619993" visible="true" version="1" changeset="90834570" timestamp="2020-09-14T00:34:20Z" user="stargunru" uid="9133906" lat="55.7972911" lon="37.6223689"/>
 <node id="7903619994" visible="true" version="1" changeset="90834570" timestamp="2020-09-14T00:34:20Z" user="stargunru" uid="9133906" lat="55.7972745" lon="37.6218700"/>
 <node id="7903619995" visible="true" version="1" changeset="90834570" timestamp="2020-09-14T00:34:20Z" user="stargunru" uid="9133906" lat="55.7976907" lon="37.6218593"/>
 <node id="7903619996" visible="true" version="1" changeset="90834570" timestamp="2020-09-14T00:34:20Z" user="stargunru" uid="9133906" lat="55.7977178" lon="37.6218432"/>
 <node id="7903619997" visible="true" version="1" changeset="90834570" timestamp="2020-09-14T00:34:20Z" user="stargunru" uid="9133906" lat="55.7977299" lon="37.6218056"/>
 <node id="7903619998" visible="true" version="1" changeset="90834570" timestamp="2020-09-14T00:34:20Z" user="stargunru" uid="9133906" lat="55.7977268" lon="37.6217574"/>
 <node id="7903619999" visible="true" version="1" changeset="90834570" timestamp="2020-09-14T00:34:20Z" user="stargunru" uid="9133906" lat="55.7976816" lon="37.6216071"/>
 <node id="7903620000" visible="true" version="1" changeset="90834570" timestamp="2020-09-14T00:34:20Z" user="stargunru" uid="9133906" lat="55.7976017" lon="37.6214811"/>
 <node id="7903620001" visible="true" version="1" changeset="90834570" timestamp="2020-09-14T00:34:20Z" user="stargunru" uid="9133906" lat="55.7975188" lon="37.6192870"/>
 <node id="7903620002" visible="true" version="1" changeset="90834570" timestamp="2020-09-14T00:34:20Z" user="stargunru" uid="9133906" lat="55.7976047" lon="37.6189276"/>
 <node id="7903620003" visible="true" version="1" changeset="90834570" timestamp="2020-09-14T00:34:20Z" user="stargunru" uid="9133906" lat="55.7985877" lon="37.6188901"/>
 <node id="7903620004" visible="true" version="1" changeset="90834570" timestamp="2020-09-14T00:34:20Z" user="stargunru" uid="9133906" lat="55.7986390" lon="37.6188740"/>
 <node id="7903620005" visible="true" version="1" changeset="90834570" timestamp="2020-09-14T00:34:20Z" user="stargunru" uid="9133906" lat="55.7986495" lon="37.6188498"/>
 <node id="7903620006" visible="true" version="1" changeset="90834570" timestamp="2020-09-14T00:34:20Z" user="stargunru" uid="9133906" lat="55.7986480" lon="37.6188177"/>
 <node id="7903620007" visible="true" version="1" changeset="90834570" timestamp="2020-09-14T00:34:20Z" user="stargunru" uid="9133906" lat="55.7985817" lon="37.6186889"/>
 <node id="7903620008" visible="true" version="1" changeset="90834570" timestamp="2020-09-14T00:34:20Z" user="stargunru" uid="9133906" lat="55.7985757" lon="37.6184287"/>
 <node id="7903620009" visible="true" version="1" changeset="90834570" timestamp="2020-09-14T00:34:20Z" user="stargunru" uid="9133906" lat="55.7985410" lon="37.6183268"/>
 <node id="7903620010" visible="true" version="1" changeset="90834570" timestamp="2020-09-14T00:34:20Z" user="stargunru" uid="9133906" lat="55.7985139" lon="37.6168891"/>
 <node id="7903620011" visible="true" version="1" changeset="90834570" timestamp="2020-09-14T00:34:20Z" user="stargunru" uid="9133906" lat="55.7984551" lon="37.6154381"/>
 <node id="7903620012" visible="true" version="1" changeset="90834570" timestamp="2020-09-14T00:34:20Z" user="stargunru" uid="9133906" lat="55.7984551" lon="37.6148694"/>
 <node id="7903620013" visible="true" version="1" changeset="90834570" timestamp="2020-09-14T00:34:20Z" user="stargunru" uid="9133906" lat="55.7983842" lon="37.6128444"/>
 <node id="7903620014" visible="true" version="1" changeset="90834570" timestamp="2020-09-14T00:34:20Z" user="stargunru" uid="9133906" lat="55.7984023" lon="37.6118332"/>
 <node id="7903620015" visible="true" version="1" changeset="90834570" timestamp="2020-09-14T00:34:20Z" user="stargunru" uid="9133906" lat="55.7983963" lon="37.6116749"/>
 <node id="7903620016" visible="true" version="1" changeset="90834570" timestamp="2020-09-14T00:34:20Z" user="stargunru" uid="9133906" lat="55.7984264" lon="37.6112029"/>
 <node id="7903620017" visible="true" version="1" changeset="90834570" timestamp="2020-09-14T00:34:20Z" user="stargunru" uid="9133906" lat="55.7983450" lon="37.6110205"/>
 <node id="7903620018" visible="true" version="1" changeset="90834570" timestamp="2020-09-14T00:34:20Z" user="stargunru" uid="9133906" lat="55.7983375" lon="37.6105699"/>
 <node id="7903620019" visible="true" version="1" changeset="90834570" timestamp="2020-09-14T00:34:20Z" user="stargunru" uid="9133906" lat="55.7984641" lon="37.6102695"/>
 <node id="7903620020" visible="true" version="1" changeset="90834570" timestamp="2020-09-14T00:34:20Z" user="stargunru" uid="9133906" lat="55.7987008" lon="37.6102614"/>
 <node id="7903620021" visible="true" version="1" changeset="90834570" timestamp="2020-09-14T00:34:20Z" user="stargunru" uid="9133906" lat="55.7987852" lon="37.6099798"/>
 <node id="7903620022" visible="true" version="1" changeset="90834570" timestamp="2020-09-14T00:34:20Z" user="stargunru" uid="9133906" lat="55.7987807" lon="37.6098242"/>
 <node id="7903620023" visible="true" version="1" changeset="90834570" timestamp="2020-09-14T00:34:20Z" user="stargunru" uid="9133906" lat="55.7988018" lon="37.6096257"/>
 <node id="7903620024" visible="true" version="1" changeset="90834570" timestamp="2020-09-14T00:34:20Z" user="stargunru" uid="9133906" lat="55.7988953" lon="37.6095801"/>
 <node id="7903620025" visible="true" version="1" changeset="90834570" timestamp="2020-09-14T00:34:20Z" user="stargunru" uid="9133906" lat="55.7988667" lon="37.6083678"/>
 <node id="7903620026" visible="true" version="1" changeset="90834570" timestamp="2020-09-14T00:34:20Z" user="stargunru" uid="9133906" lat="55.7991260" lon="37.6083544"/>
 <node id="7903620027" visible="true" version="1" changeset="90834570" timestamp="2020-09-14T00:34:20Z" user="stargunru" uid="9133906" lat="55.7994034" lon="37.6080298"/>
 <node id="7903620028" visible="true" version="1" changeset="90834570" timestamp="2020-09-14T00:34:20Z" user="stargunru" uid="9133906" lat="55.7998255" lon="37.6080191"/>
 <node id="7903620029" visible="true" version="1" changeset="90834570" timestamp="2020-09-14T00:34:20Z" user="stargunru" uid="9133906" lat="55.8009366" lon="37.6079064"/>
 <node id="7903620030" visible="true" version="1" changeset="90834570" timestamp="2020-09-14T00:34:20Z" user="stargunru" uid="9133906" lat="55.8009562" lon="37.6078125"/>
 <node id="7903620031" visible="true" version="1" changeset="90834570" timestamp="2020-09-14T00:34:20Z" user="stargunru" uid="9133906" lat="55.8010075" lon="37.6078447"/>
 <node id="7903620032" visible="true" version="1" changeset="90834570" timestamp="2020-09-14T00:34:20Z" user="stargunru" uid="9133906" lat="55.8010618" lon="37.6090678"/>
 <node id="7903620033" visible="true" version="1" changeset="90834570" timestamp="2020-09-14T00:34:20Z" user="stargunru" uid="9133906" lat="55.8010708" lon="37.6095989"/>
 <node id="7903620034" visible="true" version="1" changeset="90834570" timestamp="2020-09-14T00:34:20Z" user="stargunru" uid="9133906" lat="55.8018321" lon="37.6095909"/>
 <node id="7903620035" visible="true" version="1" changeset="90834570" timestamp="2020-09-14T00:34:20Z" user="stargunru" uid="9133906" lat="55.8019045" lon="37.6095533"/>
 <node id="7903620036" visible="true" version="1" changeset="90834570" timestamp="2020-09-14T00:34:20Z" user="stargunru" uid="9133906" lat="55.8019874" lon="37.6095453"/>
 <node id="7903620037" visible="true" version="1" changeset="90834570" timestamp="2020-09-14T00:34:20Z" user="stargunru" uid="9133906" lat="55.8020447" lon="37.6094836"/>
 <node id="7903620038" visible="true" version="1" changeset="90834570" timestamp="2020-09-14T00:34:20Z" user="stargunru" uid="9133906" lat="55.8021005" lon="37.6094728"/>
 <node id="7903620039" visible="true" version="1" changeset="90834570" timestamp="2020-09-14T00:34:20Z" user="stargunru" uid="9133906" lat="55.8021608" lon="37.6093977"/>
 <node id="7903620040" visible="true" version="1" changeset="90834570" timestamp="2020-09-14T00:34:20Z" user="stargunru" uid="9133906" lat="55.8030924" lon="37.6093897"/>
 <node id="7903620041" visible="true" version="1" changeset="90834570" timestamp="2020-09-14T00:34:20Z" user="stargunru" uid="9133906" lat="55.8031482" lon="37.6094755"/>
 <node id="7903620042" visible="true" version="1" changeset="90834570" timestamp="2020-09-14T00:34:20Z" user="stargunru" uid="9133906" lat="55.8033201" lon="37.6095506"/>
 <node id="7903620043" visible="true" version="1" changeset="90834570" timestamp="2020-09-14T00:34:20Z" user="stargunru" uid="9133906" lat="55.8034693" lon="37.6095104"/>
 <node id="7903620044" visible="true" version="1" changeset="90834570" timestamp="2020-09-14T00:34:20Z" user="stargunru" uid="9133906" lat="55.8041115" lon="37.6103687"/>
 <node id="7903620045" visible="true" version="1" changeset="90834570" timestamp="2020-09-14T00:34:20Z" user="stargunru" uid="9133906" lat="55.8041416" lon="37.6106181"/>
 <node id="7903620046" visible="true" version="1" changeset="90834570" timestamp="2020-09-14T00:34:20Z" user="stargunru" uid="9133906" lat="55.8039924" lon="37.6114577"/>
 <node id="7903620047" visible="true" version="1" changeset="90834570" timestamp="2020-09-14T00:34:20Z" user="stargunru" uid="9133906" lat="55.8043843" lon="37.6127934"/>
 <node id="7903620048" visible="true" version="1" changeset="90834570" timestamp="2020-09-14T00:34:20Z" user="stargunru" uid="9133906" lat="55.8044265" lon="37.6128202"/>
 <node id="7903620049" visible="true" version="1" changeset="90834570" timestamp="2020-09-14T00:34:20Z" user="stargunru" uid="9133906" lat="55.8044929" lon="37.6127559"/>
 <node id="7903620050" visible="true" version="1" changeset="90834570" timestamp="2020-09-14T00:34:20Z" user="stargunru" uid="9133906" lat="55.8045034" lon="37.6125574"/>
 <node id="7903620051" visible="true" version="1" changeset="90834570" timestamp="2020-09-14T00:34:20Z" user="stargunru" uid="9133906" lat="55.8060425" lon="37.6128256"/>
 <node id="7903620052" visible="true" version="1" changeset="90834570" timestamp="2020-09-14T00:34:20Z" user="stargunru" uid="9133906" lat="55.8072635" lon="37.6123884"/>
 <node id="7903620053" visible="true" version="1" changeset="90834570" timestamp="2020-09-14T00:34:20Z" user="stargunru" uid="9133906" lat="55.8079779" lon="37.6112619"/>
 <node id="7903620054" visible="true" version="1" changeset="90834570" timestamp="2020-09-14T00:34:20Z" user="stargunru" uid="9133906" lat="55.8084965" lon="37.6103982"/>
 <node id="7903620055" visible="true" version="1" changeset="90834570" timestamp="2020-09-14T00:34:20Z" user="stargunru" uid="9133906" lat="55.8099389" lon="37.6087460"/>
 <node id="7903620056" visible="true" version="1" changeset="90834570" timestamp="2020-09-14T00:34:20Z" user="stargunru" uid="9133906" lat="55.8100324" lon="37.6085797"/>
 <node id="7903620057" visible="true" version="1" changeset="90834570" timestamp="2020-09-14T00:34:20Z" user="stargunru" uid="9133906" lat="55.8100896" lon="37.6083544"/>
 <node id="7903620058" visible="true" version="1" changeset="90834570" timestamp="2020-09-14T00:34:20Z" user="stargunru" uid="9133906" lat="55.8101755" lon="37.6082873"/>
 <node id="7903620059" visible="true" version="1" changeset="90834570" timestamp="2020-09-14T00:34:20Z" user="stargunru" uid="9133906" lat="55.8104031" lon="37.6080110"/>
 <node id="7903620060" visible="true" version="1" changeset="90834570" timestamp="2020-09-14T00:34:20Z" user="stargunru" uid="9133906" lat="55.8105435" lon="37.6079972"/>
 <node id="7903620061" visible="true" version="1" changeset="90834570" timestamp="2020-09-14T00:34:20Z" user="stargunru" uid="9133906" lat="55.8106380" lon="37.6082450"/>
 <node id="7903620062" visible="true" version="1" changeset="90834570" timestamp="2020-09-14T00:34:20Z" user="stargunru" uid="9133906" lat="55.8107369" lon="37.6085811"/>
 <node id="7948862759" visible="true" version="1" changeset="91596928" timestamp="2020-09-27T20:32:24Z" user="stargunru" uid="9133906" lat="55.7777841" lon="37.6662200"/>
 <node id="7948862760" visible="true" version="1" changeset="91596928" timestamp="2020-09-27T20:32:24Z" user="stargunru" uid="9133906" lat="55.7777451" lon="37.6662561"/>
 <node id="7948862761" visible="true" version="1" changeset="91596928" timestamp="2020-09-27T20:32:24Z" user="stargunru" uid="9133906" lat="55.7776533" lon="37.6660589"/>
 <node id="7948862762" visible="true" version="1" changeset="91596928" timestamp="2020-09-27T20:32:24Z" user="stargunru" uid="9133906" lat="55.7776047" lon="37.6658525"/>
 <node id="7948862763" visible="true" version="1" changeset="91596928" timestamp="2020-09-27T20:32:24Z" user="stargunru" uid="9133906" lat="55.7776203" lon="37.6657816"/>
 <node id="7948862764" visible="true" version="1" changeset="91596928" timestamp="2020-09-27T20:32:24Z" user="stargunru" uid="9133906" lat="55.7777815" lon="37.6655845"/>
 <node id="7948862765" visible="true" version="1" changeset="91596928" timestamp="2020-09-27T20:32:24Z" user="stargunru" uid="9133906" lat="55.7778110" lon="37.6655074"/>
 <node id="7948862766" visible="true" version="1" changeset="91596928" timestamp="2020-09-27T20:32:24Z" user="stargunru" uid="9133906" lat="55.7776083" lon="37.6650380"/>
 <node id="7948862767" visible="true" version="1" changeset="91596928" timestamp="2020-09-27T20:32:24Z" user="stargunru" uid="9133906" lat="55.7775902" lon="37.6648127"/>
 <node id="7948862768" visible="true" version="1" changeset="91596928" timestamp="2020-09-27T20:32:24Z" user="stargunru" uid="9133906" lat="55.7775962" lon="37.6647054"/>
 <node id="7948862769" visible="true" version="1" changeset="91596928" timestamp="2020-09-27T20:32:24Z" user="stargunru" uid="9133906" lat="55.7776746" lon="37.6644693"/>
 <node id="7948862770" visible="true" version="1" changeset="91596928" timestamp="2020-09-27T20:32:24Z" user="stargunru" uid="9133906" lat="55.7778617" lon="37.6642601"/>
 <node id="7948862771" visible="true" version="1" changeset="91596928" timestamp="2020-09-27T20:32:24Z" user="stargunru" uid="9133906" lat="55.7780095" lon="37.6642172"/>
 <node id="7948862772" visible="true" version="1" changeset="91596928" timestamp="2020-09-27T20:32:24Z" user="stargunru" uid="9133906" lat="55.7781061" lon="37.6641636"/>
 <node id="7948862773" visible="true" version="1" changeset="91596928" timestamp="2020-09-27T20:32:24Z" user="stargunru" uid="9133906" lat="55.7782991" lon="37.6639758"/>
 <node id="7948862774" visible="true" version="1" changeset="91596928" timestamp="2020-09-27T20:32:24Z" user="stargunru" uid="9133906" lat="55.7786431" lon="37.6634662"/>
 <node id="7948862775" visible="true" version="1" changeset="91596928" timestamp="2020-09-27T20:32:24Z" user="stargunru" uid="9133906" lat="55.7781483" lon="37.6622860"/>
 <node id="7948862776" visible="true" version="1" changeset="91596928" timestamp="2020-09-27T20:32:24Z" user="stargunru" uid="9133906" lat="55.7780668" lon="37.6623558"/>
 <node id="7948862777" visible="true" version="1" changeset="91596928" timestamp="2020-09-27T20:32:24Z" user="stargunru" uid="9133906" lat="55.7776203" lon="37.6613526"/>
 <node id="7948862778" visible="true" version="1" changeset="91596928" timestamp="2020-09-27T20:32:24Z" user="stargunru" uid="9133906" lat="55.7775298" lon="37.6612775"/>
 <node id="7948862779" visible="true" version="1" changeset="91596928" timestamp="2020-09-27T20:32:24Z" user="stargunru" uid="9133906" lat="55.7771135" lon="37.6603548"/>
 <node id="7948862780" visible="true" version="1" changeset="91596928" timestamp="2020-09-27T20:32:24Z" user="stargunru" uid="9133906" lat="55.7769626" lon="37.6601027"/>
 <node id="7948862781" visible="true" version="1" changeset="91596928" timestamp="2020-09-27T20:32:24Z" user="stargunru" uid="9133906" lat="55.7769445" lon="37.6599471"/>
 <node id="7948862782" visible="true" version="1" changeset="91596928" timestamp="2020-09-27T20:32:24Z" user="stargunru" uid="9133906" lat="55.7766850" lon="37.6593731"/>
 <node id="7948862783" visible="true" version="1" changeset="91596928" timestamp="2020-09-27T20:32:24Z" user="stargunru" uid="9133906" lat="55.7767424" lon="37.6592229"/>
 <node id="7948862784" visible="true" version="1" changeset="91596928" timestamp="2020-09-27T20:32:24Z" user="stargunru" uid="9133906" lat="55.7767756" lon="37.6590459"/>
 <node id="7948862785" visible="true" version="1" changeset="91596928" timestamp="2020-09-27T20:32:24Z" user="stargunru" uid="9133906" lat="55.7767122" lon="37.6588903"/>
 <node id="7948862786" visible="true" version="1" changeset="91596928" timestamp="2020-09-27T20:32:24Z" user="stargunru" uid="9133906" lat="55.7764256" lon="37.6583861"/>
 <node id="7948862787" visible="true" version="1" changeset="91596928" timestamp="2020-09-27T20:32:24Z" user="stargunru" uid="9133906" lat="55.7763803" lon="37.6582359"/>
 <node id="7948862788" visible="true" version="1" changeset="91596928" timestamp="2020-09-27T20:32:24Z" user="stargunru" uid="9133906" lat="55.7763441" lon="37.6580535"/>
 <node id="7948862789" visible="true" version="1" changeset="91596928" timestamp="2020-09-27T20:32:24Z" user="stargunru" uid="9133906" lat="55.7762536" lon="37.6579408"/>
 <node id="7948862790" visible="true" version="1" changeset="91596928" timestamp="2020-09-27T20:32:24Z" user="stargunru" uid="9133906" lat="55.7761209" lon="37.6570933"/>
 <node id="7948862791" visible="true" version="1" changeset="91596928" timestamp="2020-09-27T20:32:24Z" user="stargunru" uid="9133906" lat="55.7757769" lon="37.6555161"/>
 <node id="7948862792" visible="true" version="1" changeset="91596928" timestamp="2020-09-27T20:32:24Z" user="stargunru" uid="9133906" lat="55.7757558" lon="37.6552855"/>
 <node id="7948862793" visible="true" version="1" changeset="91596928" timestamp="2020-09-27T20:32:24Z" user="stargunru" uid="9133906" lat="55.7756864" lon="37.6547705"/>
 <node id="7948862794" visible="true" version="1" changeset="91596928" timestamp="2020-09-27T20:32:24Z" user="stargunru" uid="9133906" lat="55.7756472" lon="37.6546793"/>
 <node id="7948862795" visible="true" version="1" changeset="91596928" timestamp="2020-09-27T20:32:24Z" user="stargunru" uid="9133906" lat="55.7755144" lon="37.6539658"/>
 <node id="7948862796" visible="true" version="1" changeset="91596928" timestamp="2020-09-27T20:32:24Z" user="stargunru" uid="9133906" lat="55.7752851" lon="37.6528929"/>
 <node id="7948862797" visible="true" version="1" changeset="91596928" timestamp="2020-09-27T20:32:24Z" user="stargunru" uid="9133906" lat="55.7753515" lon="37.6528017"/>
 <node id="7948862798" visible="true" version="1" changeset="91596928" timestamp="2020-09-27T20:32:24Z" user="stargunru" uid="9133906" lat="55.7757437" lon="37.6525442"/>
 <node id="7948862799" visible="true" version="1" changeset="91596928" timestamp="2020-09-27T20:32:24Z" user="stargunru" uid="9133906" lat="55.7757226" lon="37.6524155"/>
 <node id="7948862800" visible="true" version="1" changeset="91596928" timestamp="2020-09-27T20:32:24Z" user="stargunru" uid="9133906" lat="55.7755235" lon="37.6514553"/>
 <node id="7948862801" visible="true" version="1" changeset="91596928" timestamp="2020-09-27T20:32:24Z" user="stargunru" uid="9133906" lat="55.7755536" lon="37.6514284"/>
 <node id="7948862802" visible="true" version="1" changeset="91596928" timestamp="2020-09-27T20:32:24Z" user="stargunru" uid="9133906" lat="55.7756592" lon="37.6512246"/>
 <node id="7948862803" visible="true" version="1" changeset="91596928" timestamp="2020-09-27T20:32:24Z" user="stargunru" uid="9133906" lat="55.7758674" lon="37.6510422"/>
 <node id="7948862804" visible="true" version="1" changeset="91596928" timestamp="2020-09-27T20:32:24Z" user="stargunru" uid="9133906" lat="55.7760877" lon="37.6508759"/>
 <node id="7948862805" visible="true" version="1" changeset="91596928" timestamp="2020-09-27T20:32:24Z" user="stargunru" uid="9133906" lat="55.7761842" lon="37.6507203"/>
 <node id="7948862806" visible="true" version="1" changeset="91596928" timestamp="2020-09-27T20:32:24Z" user="stargunru" uid="9133906" lat="55.7763441" lon="37.6499747"/>
 <node id="7948862807" visible="true" version="1" changeset="91596928" timestamp="2020-09-27T20:32:24Z" user="stargunru" uid="9133906" lat="55.7763351" lon="37.6496421"/>
 <node id="7948862808" visible="true" version="1" changeset="91596928" timestamp="2020-09-27T20:32:24Z" user="stargunru" uid="9133906" lat="55.7763592" lon="37.6495563"/>
 <node id="7948862809" visible="true" version="1" changeset="91596928" timestamp="2020-09-27T20:32:24Z" user="stargunru" uid="9133906" lat="55.7765704" lon="37.6492398"/>
 <node id="7948862810" visible="true" version="1" changeset="91596928" timestamp="2020-09-27T20:32:24Z" user="stargunru" uid="9133906" lat="55.7767424" lon="37.6490949"/>
 <node id="7948862811" visible="true" version="1" changeset="91596928" timestamp="2020-09-27T20:32:24Z" user="stargunru" uid="9133906" lat="55.7767846" lon="37.6489984"/>
 <node id="7948862812" visible="true" version="1" changeset="91596928" timestamp="2020-09-27T20:32:24Z" user="stargunru" uid="9133906" lat="55.7769928" lon="37.6488106"/>
 <node id="7948862813" visible="true" version="1" changeset="91596928" timestamp="2020-09-27T20:32:24Z" user="stargunru" uid="9133906" lat="55.7770893" lon="37.6487623"/>
 <node id="7948862814" visible="true" version="1" changeset="91596928" timestamp="2020-09-27T20:32:24Z" user="stargunru" uid="9133906" lat="55.7773337" lon="37.6485799"/>
 <node id="7948862816" visible="true" version="1" changeset="91596928" timestamp="2020-09-27T20:32:24Z" user="stargunru" uid="9133906" lat="55.7779612" lon="37.6476358"/>
 <node id="7948862817" visible="true" version="1" changeset="91596928" timestamp="2020-09-27T20:32:24Z" user="stargunru" uid="9133906" lat="55.7780306" lon="37.6475768"/>
 <node id="7948862818" visible="true" version="1" changeset="91596928" timestamp="2020-09-27T20:32:24Z" user="stargunru" uid="9133906" lat="55.7781664" lon="37.6478128"/>
 <node id="7948862819" visible="true" version="1" changeset="91596928" timestamp="2020-09-27T20:32:24Z" user="stargunru" uid="9133906" lat="55.7782056" lon="37.6478611"/>
 <node id="7948862820" visible="true" version="1" changeset="91596928" timestamp="2020-09-27T20:32:24Z" user="stargunru" uid="9133906" lat="55.7783896" lon="37.6475500"/>
 <node id="7948862821" visible="true" version="1" changeset="91596928" timestamp="2020-09-27T20:32:24Z" user="stargunru" uid="9133906" lat="55.7784530" lon="37.6475821"/>
 <node id="7948862822" visible="true" version="1" changeset="91596928" timestamp="2020-09-27T20:32:24Z" user="stargunru" uid="9133906" lat="55.7785013" lon="37.6474159"/>
 <node id="7948862824" visible="true" version="1" changeset="91596928" timestamp="2020-09-27T20:32:24Z" user="stargunru" uid="9133906" lat="55.7786038" lon="37.6472496"/>
 <node id="7948862825" visible="true" version="1" changeset="91596928" timestamp="2020-09-27T20:32:24Z" user="stargunru" uid="9133906" lat="55.7790775" lon="37.6466058"/>
 <node id="7948862826" visible="true" version="1" changeset="91596928" timestamp="2020-09-27T20:32:24Z" user="stargunru" uid="9133906" lat="55.7791891" lon="37.6465522"/>
 <node id="7948862827" visible="true" version="1" changeset="91596928" timestamp="2020-09-27T20:32:24Z" user="stargunru" uid="9133906" lat="55.7793128" lon="37.6463483"/>
 <node id="7948862828" visible="true" version="1" changeset="91596928" timestamp="2020-09-27T20:32:24Z" user="stargunru" uid="9133906" lat="55.7793339" lon="37.6461713"/>
 <node id="7948862829" visible="true" version="1" changeset="91596928" timestamp="2020-09-27T20:32:24Z" user="stargunru" uid="9133906" lat="55.7792645" lon="37.6457314"/>
 <node id="7948862830" visible="true" version="1" changeset="91596928" timestamp="2020-09-27T20:32:24Z" user="stargunru" uid="9133906" lat="55.7792947" lon="37.6456295"/>
 <node id="7948862831" visible="true" version="1" changeset="91596928" timestamp="2020-09-27T20:32:24Z" user="stargunru" uid="9133906" lat="55.7796628" lon="37.6450823"/>
 <node id="7948862832" visible="true" version="1" changeset="91596928" timestamp="2020-09-27T20:32:24Z" user="stargunru" uid="9133906" lat="55.7797261" lon="37.6450448"/>
 <node id="7948862833" visible="true" version="1" changeset="91596928" timestamp="2020-09-27T20:32:24Z" user="stargunru" uid="9133906" lat="55.7800731" lon="37.6449268"/>
 <node id="7948862834" visible="true" version="1" changeset="91596928" timestamp="2020-09-27T20:32:24Z" user="stargunru" uid="9133906" lat="55.7803687" lon="37.6447873"/>
 <node id="7948862835" visible="true" version="1" changeset="91596928" timestamp="2020-09-27T20:32:24Z" user="stargunru" uid="9133906" lat="55.7803446" lon="37.6444332"/>
 <node id="7948862836" visible="true" version="1" changeset="91596928" timestamp="2020-09-27T20:32:24Z" user="stargunru" uid="9133906" lat="55.7804320" lon="37.6442508"/>
 <node id="7948862837" visible="true" version="1" changeset="91596928" timestamp="2020-09-27T20:32:24Z" user="stargunru" uid="9133906" lat="55.7804381" lon="37.6441328"/>
 <node id="7948862838" visible="true" version="1" changeset="91596928" timestamp="2020-09-27T20:32:24Z" user="stargunru" uid="9133906" lat="55.7805738" lon="37.6438700"/>
 <node id="7948862839" visible="true" version="1" changeset="91596928" timestamp="2020-09-27T20:32:24Z" user="stargunru" uid="9133906" lat="55.7808061" lon="37.6436018"/>
 <node id="7948862840" visible="true" version="1" changeset="91596928" timestamp="2020-09-27T20:32:24Z" user="stargunru" uid="9133906" lat="55.7811711" lon="37.6431350"/>
 <node id="7948862841" visible="true" version="1" changeset="91596928" timestamp="2020-09-27T20:32:24Z" user="stargunru" uid="9133906" lat="55.7812224" lon="37.6430385"/>
 <node id="7948862842" visible="true" version="1" changeset="91596928" timestamp="2020-09-27T20:32:24Z" user="stargunru" uid="9133906" lat="55.7813341" lon="37.6426362"/>
 <node id="7948862843" visible="true" version="1" changeset="91596928" timestamp="2020-09-27T20:32:24Z" user="stargunru" uid="9133906" lat="55.7817262" lon="37.6425074"/>
 <node id="7948862844" visible="true" version="1" changeset="91596928" timestamp="2020-09-27T20:32:24Z" user="stargunru" uid="9133906" lat="55.7819495" lon="37.6423840"/>
 <node id="7948862845" visible="true" version="1" changeset="91596928" timestamp="2020-09-27T20:32:24Z" user="stargunru" uid="9133906" lat="55.7819947" lon="37.6423948"/>
 <node id="7948862846" visible="true" version="1" changeset="91596928" timestamp="2020-09-27T20:32:24Z" user="stargunru" uid="9133906" lat="55.7821576" lon="37.6423304"/>
 <node id="7948862847" visible="true" version="1" changeset="91596928" timestamp="2020-09-27T20:32:24Z" user="stargunru" uid="9133906" lat="55.7822481" lon="37.6422285"/>
 <node id="7948862848" visible="true" version="1" changeset="91596928" timestamp="2020-09-27T20:32:24Z" user="stargunru" uid="9133906" lat="55.7828514" lon="37.6420192"/>
 <node id="7948862849" visible="true" version="1" changeset="91596928" timestamp="2020-09-27T20:32:24Z" user="stargunru" uid="9133906" lat="55.7829570" lon="37.6419334"/>
 <node id="7948862850" visible="true" version="1" changeset="91596928" timestamp="2020-09-27T20:32:24Z" user="stargunru" uid="9133906" lat="55.7830234" lon="37.6419173"/>
 <node id="7948862851" visible="true" version="1" changeset="91596928" timestamp="2020-09-27T20:32:24Z" user="stargunru" uid="9133906" lat="55.7831048" lon="37.6418315"/>
 <node id="7948862852" visible="true" version="1" changeset="91596928" timestamp="2020-09-27T20:32:24Z" user="stargunru" uid="9133906" lat="55.7833974" lon="37.6417349"/>
 <node id="7948862853" visible="true" version="1" changeset="91596928" timestamp="2020-09-27T20:32:24Z" user="stargunru" uid="9133906" lat="55.7834366" lon="37.6417939"/>
 <node id="7948862854" visible="true" version="1" changeset="91596928" timestamp="2020-09-27T20:32:24Z" user="stargunru" uid="9133906" lat="55.7834939" lon="37.6423197"/>
 <node id="7948862855" visible="true" version="1" changeset="91596928" timestamp="2020-09-27T20:32:24Z" user="stargunru" uid="9133906" lat="55.7837315" lon="37.6422211"/>
 <node id="7948862856" visible="true" version="1" changeset="91596928" timestamp="2020-09-27T20:32:24Z" user="stargunru" uid="9133906" lat="55.7837932" lon="37.6422496"/>
 <node id="7948862857" visible="true" version="1" changeset="91596928" timestamp="2020-09-27T20:32:24Z" user="stargunru" uid="9133906" lat="55.7840093" lon="37.6422557"/>
 <node id="7948862858" visible="true" version="1" changeset="91596928" timestamp="2020-09-27T20:32:24Z" user="stargunru" uid="9133906" lat="55.7844882" lon="37.6423370"/>
 <node id="7948862859" visible="true" version="2" changeset="121805647" timestamp="2022-06-01T10:38:01Z" user="literan" uid="830106" lat="55.7844885" lon="37.6424861"/>
 <node id="7948862860" visible="true" version="1" changeset="91596928" timestamp="2020-09-27T20:32:24Z" user="stargunru" uid="9133906" lat="55.7777200" lon="37.6652969"/>
 <node id="8072666091" visible="true" version="2" changeset="112261663" timestamp="2021-10-08T11:56:13Z" user="literan" uid="830106" lat="55.7785309" lon="37.6407946"/>
 <node id="8072666092" visible="true" version="2" changeset="112261663" timestamp="2021-10-08T11:56:13Z" user="literan" uid="830106" lat="55.7785226" lon="37.6407986"/>
 <node id="8072666093" visible="true" version="2" changeset="112261663" timestamp="2021-10-08T11:56:13Z" user="literan" uid="830106" lat="55.7785135" lon="37.6408131"/>
 <node id="8072666094" visible="true" version="2" changeset="112261663" timestamp="2021-10-08T11:56:13Z" user="literan" uid="830106" lat="55.7796597" lon="37.6413432"/>
 <node id="8072666095" visible="true" version="2" changeset="112261663" timestamp="2021-10-08T11:56:13Z" user="literan" uid="830106" lat="55.7796624" lon="37.6413544"/>
 <node id="8072666096" visible="true" version="2" changeset="112261663" timestamp="2021-10-08T11:56:13Z" user="literan" uid="830106" lat="55.7796534" lon="37.6413354"/>
 <node id="8072666102" visible="true" version="2" changeset="142712210" timestamp="2023-10-17T12:56:36Z" user="literan" uid="830106" lat="55.7796983" lon="37.6414777"/>
 <node id="8072671843" visible="true" version="1" changeset="93383951" timestamp="2020-11-01T22:13:53Z" user="literan" uid="830106" lat="55.7770271" lon="37.6446383"/>
 <node id="8072671856" visible="true" version="1" changeset="93383951" timestamp="2020-11-01T22:13:53Z" user="literan" uid="830106" lat="55.7773838" lon="37.6441933"/>
 <node id="8072671857" visible="true" version="1" changeset="93383951" timestamp="2020-11-01T22:13:53Z" user="literan" uid="830106" lat="55.7774585" lon="37.6443261"/>
 <node id="8072671858" visible="true" version="1" changeset="93383951" timestamp="2020-11-01T22:13:53Z" user="literan" uid="830106" lat="55.7773793" lon="37.6443771"/>
 <node id="8130230307" visible="true" version="3" changeset="165592955" timestamp="2025-04-29T13:32:41Z" user="literan" uid="830106" lat="55.7771883" lon="37.6462974"/>
 <node id="8158241754" visible="true" version="1" changeset="94710044" timestamp="2020-11-24T13:37:56Z" user="RFuser11" uid="421938" lat="55.7788197" lon="37.6464427"/>
 <node id="8158241755" visible="true" version="1" changeset="94710044" timestamp="2020-11-24T13:37:56Z" user="RFuser11" uid="421938" lat="55.7788095" lon="37.6464249"/>
 <node id="8158241756" visible="true" version="1" changeset="94710044" timestamp="2020-11-24T13:37:56Z" user="RFuser11" uid="421938" lat="55.7788005" lon="37.6463989"/>
 <node id="8158241757" visible="true" version="2" changeset="147275971" timestamp="2024-02-09T22:43:32Z" user="Fantomas" uid="478018" lat="55.7787138" lon="37.6466308"/>
 <node id="8158241758" visible="true" version="2" changeset="147275971" timestamp="2024-02-09T22:43:32Z" user="Fantomas" uid="478018" lat="55.7788091" lon="37.6464865"/>
 <node id="8158241759" visible="true" version="2" changeset="147275971" timestamp="2024-02-09T22:43:32Z" user="Fantomas" uid="478018" lat="55.7788983" lon="37.6466729"/>
 <node id="8170784713" visible="true" version="1" changeset="94902661" timestamp="2020-11-27T14:58:29Z" user="ratrun" uid="474183" lat="55.7789610" lon="37.6467689"/>
 <node id="8255866893" visible="true" version="4" changeset="165939577" timestamp="2025-05-07T13:35:18Z" user="Travieso" uid="5642897" lat="55.7813815" lon="37.6427054">
  <tag k="barrier" v="kerb"/>
  <tag k="kerb" v="lowered"/>
  <tag k="tactile_paving" v="no"/>
 </node>
 <node id="8356704087" visible="true" version="1" changeset="98046155" timestamp="2021-01-24T08:31:11Z" user="solenoid jam" uid="10129333" lat="55.7773363" lon="37.6463673">
  <tag k="barrier" v="lift_gate"/>
 </node>
 <node id="8356704088" visible="true" version="1" changeset="98046155" timestamp="2021-01-24T08:31:11Z" user="solenoid jam" uid="10129333" lat="55.7773507" lon="37.6463673"/>
 <node id="8356704089" visible="true" version="1" changeset="98046155" timestamp="2021-01-24T08:31:11Z" user="solenoid jam" uid="10129333" lat="55.7773566" lon="37.6462086">
  <tag k="barrier" v="lift_gate"/>
 </node>
 <node id="8356704090" visible="true" version="1" changeset="98046155" timestamp="2021-01-24T08:31:11Z" user="solenoid jam" uid="10129333" lat="55.7775038" lon="37.6462224"/>
 <node id="8356704091" visible="true" version="1" changeset="98046155" timestamp="2021-01-24T08:31:11Z" user="solenoid jam" uid="10129333" lat="55.7774759" lon="37.6461887"/>
 <node id="8356704092" visible="true" version="2" changeset="165592955" timestamp="2025-04-29T13:32:41Z" user="literan" uid="830106" lat="55.7774592" lon="37.6461913">
  <tag k="access" v="private"/>
  <tag k="barrier" v="gate"/>
 </node>
 <node id="8356704093" visible="true" version="2" changeset="165592955" timestamp="2025-04-29T13:32:41Z" user="literan" uid="830106" lat="55.7773234" lon="37.6462142"/>
 <node id="8356704094" visible="true" version="1" changeset="98046155" timestamp="2021-01-24T08:31:11Z" user="solenoid jam" uid="10129333" lat="55.7772629" lon="37.6462243"/>
 <node id="8390966806" visible="true" version="2" changeset="142712210" timestamp="2023-10-17T12:56:36Z" user="literan" uid="830106" lat="55.7793231" lon="37.6456616"/>
 <node id="8390966808" visible="true" version="1" changeset="98655058" timestamp="2021-02-03T16:08:32Z" user="solenoid jam" uid="10129333" lat="55.7780791" lon="37.6475400"/>
 <node id="8390966809" visible="true" version="3" changeset="165939577" timestamp="2025-05-07T14:11:46Z" user="Travieso" uid="5642897" lat="55.7798294" lon="37.6449343">
  <tag k="barrier" v="kerb"/>
  <tag k="kerb" v="lowered"/>
  <tag k="tactile_paving" v="no"/>
 </node>
 <node id="8390966811" visible="true" version="2" changeset="147256491" timestamp="2024-02-09T13:09:09Z" user="Fantomas" uid="478018" lat="55.7810679" lon="37.6444736"/>
 <node id="8390987221" visible="true" version="1" changeset="98655058" timestamp="2021-02-03T16:08:32Z" user="solenoid jam" uid="10129333" lat="55.7818506" lon="37.6442162"/>
 <node id="8390987224" visible="true" version="1" changeset="98655058" timestamp="2021-02-03T16:08:32Z" user="solenoid jam" uid="10129333" lat="55.7811260" lon="37.6444522"/>
 <node id="8390987243" visible="true" version="1" changeset="98655058" timestamp="2021-02-03T16:08:32Z" user="solenoid jam" uid="10129333" lat="55.7805283" lon="37.6459148"/>
 <node id="8390987244" visible="true" version="1" changeset="98655058" timestamp="2021-02-03T16:08:32Z" user="solenoid jam" uid="10129333" lat="55.7807034" lon="37.6457601"/>
 <node id="8390987247" visible="true" version="2" changeset="111648627" timestamp="2021-09-24T13:39:25Z" user="literan" uid="830106" lat="55.7791073" lon="37.6460773">
  <tag k="addr:flats" v="1-9"/>
  <tag k="entrance" v="staircase"/>
  <tag k="ref" v="1"/>
 </node>
 <node id="8390987248" visible="true" version="2" changeset="111648627" timestamp="2021-09-24T13:39:25Z" user="literan" uid="830106" lat="55.7788870" lon="37.6464005">
  <tag k="addr:flats" v="10-18"/>
  <tag k="entrance" v="staircase"/>
  <tag k="ref" v="2"/>
 </node>
 <node id="8390987249" visible="true" version="8" changeset="157025850" timestamp="2024-09-24T07:40:40Z" user="dpolovinkin" uid="6710042" lat="55.7787995" lon="37.6458644">
  <tag k="name" v="Крепмаркет"/>
  <tag k="shop" v="doityourself"/>
 </node>
 <node id="8390987252" visible="true" version="2" changeset="98687157" timestamp="2021-02-04T07:30:15Z" user="solenoid jam" uid="10129333" lat="55.7804430" lon="37.6454915">
  <tag k="fixme" v="Уточнить куда подходит пешеходка и лестница. Нарисовано приблизительно"/>
 </node>
 <node id="8390987258" visible="true" version="1" changeset="98655058" timestamp="2021-02-03T16:08:32Z" user="solenoid jam" uid="10129333" lat="55.7804376" lon="37.6447461"/>
 <node id="8390987259" visible="true" version="1" changeset="98655058" timestamp="2021-02-03T16:08:32Z" user="solenoid jam" uid="10129333" lat="55.7804312" lon="37.6447091"/>
 <node id="8390987262" visible="true" version="2" changeset="142712210" timestamp="2023-10-17T12:56:36Z" user="literan" uid="830106" lat="55.7796747" lon="37.6458486">
  <tag k="barrier" v="lift_gate"/>
 </node>
 <node id="8390987263" visible="true" version="2" changeset="142712210" timestamp="2023-10-17T12:56:36Z" user="literan" uid="830106" lat="55.7796058" lon="37.6456900"/>
 <node id="8390987264" visible="true" version="1" changeset="98655058" timestamp="2021-02-03T16:08:32Z" user="solenoid jam" uid="10129333" lat="55.7797420" lon="37.6454665">
  <tag k="addr:flats" v="26-33"/>
  <tag k="entrance" v="staircase"/>
  <tag k="ref" v="3"/>
 </node>
 <node id="8390987265" visible="true" version="1" changeset="98655058" timestamp="2021-02-03T16:08:32Z" user="solenoid jam" uid="10129333" lat="55.7796092" lon="37.6456338">
  <tag k="addr:flats" v="10-25"/>
  <tag k="entrance" v="staircase"/>
  <tag k="ref" v="2"/>
 </node>
 <node id="8390987266" visible="true" version="1" changeset="98655058" timestamp="2021-02-03T16:08:32Z" user="solenoid jam" uid="10129333" lat="55.7794888" lon="37.6458303">
  <tag k="addr:flats" v="1-9"/>
  <tag k="entrance" v="staircase"/>
  <tag k="ref" v="1"/>
 </node>
 <node id="8390987268" visible="true" version="2" changeset="142712210" timestamp="2023-10-17T12:56:36Z" user="literan" uid="830106" lat="55.7803173" lon="37.6459503"/>
 <node id="8390987269" visible="true" version="2" changeset="142712210" timestamp="2023-10-17T12:56:36Z" user="literan" uid="830106" lat="55.7800865" lon="37.6462051"/>
 <node id="8390987270" visible="true" version="2" changeset="142712210" timestamp="2023-10-17T12:56:36Z" user="literan" uid="830106" lat="55.7800139" lon="37.6459971"/>
 <node id="8390987271" visible="true" version="2" changeset="142712210" timestamp="2023-10-17T12:56:36Z" user="literan" uid="830106" lat="55.7802446" lon="37.6457423"/>
 <node id="8390987272" visible="true" version="2" changeset="142712210" timestamp="2023-10-17T12:56:36Z" user="literan" uid="830106" lat="55.7800188" lon="37.6455892"/>
 <node id="8390987273" visible="true" version="2" changeset="142712210" timestamp="2023-10-17T12:56:36Z" user="literan" uid="830106" lat="55.7800303" lon="37.6456731"/>
 <node id="8390987274" visible="true" version="2" changeset="142712210" timestamp="2023-10-17T12:56:36Z" user="literan" uid="830106" lat="55.7800902" lon="37.6456471"/>
 <node id="8390987275" visible="true" version="2" changeset="142712210" timestamp="2023-10-17T12:56:36Z" user="literan" uid="830106" lat="55.7800787" lon="37.6455633"/>
 <node id="8390987276" visible="true" version="2" changeset="142712210" timestamp="2023-10-17T12:56:36Z" user="literan" uid="830106" lat="55.7798955" lon="37.6455114"/>
 <node id="8390987277" visible="true" version="1" changeset="98655058" timestamp="2021-02-03T16:08:32Z" user="solenoid jam" uid="10129333" lat="55.7801737" lon="37.6453936"/>
 <node id="8390987278" visible="true" version="2" changeset="142712210" timestamp="2023-10-17T12:56:36Z" user="literan" uid="830106" lat="55.7799794" lon="37.6452601"/>
 <node id="8390987279" visible="true" version="2" changeset="142712210" timestamp="2023-10-17T12:56:36Z" user="literan" uid="830106" lat="55.7797318" lon="37.6450604"/>
 <node id="8390987280" visible="true" version="4" changeset="185082653" timestamp="2026-07-04T09:46:37Z" user="solenoid jam" uid="10129333" lat="55.7822206" lon="37.6440638"/>
 <node id="8390987281" visible="true" version="1" changeset="98655058" timestamp="2021-02-03T16:08:32Z" user="solenoid jam" uid="10129333" lat="55.7811827" lon="37.6444650"/>
 <node id="8390987282" visible="true" version="2" changeset="147256491" timestamp="2024-02-09T13:09:09Z" user="Fantomas" uid="478018" lat="55.7810724" lon="37.6445067"/>
 <node id="8390987283" visible="true" version="1" changeset="98655058" timestamp="2021-02-03T16:08:32Z" user="solenoid jam" uid="10129333" lat="55.7801285" lon="37.6448625"/>
 <node id="8390987284" visible="true" version="1" changeset="98655058" timestamp="2021-02-03T16:08:32Z" user="solenoid jam" uid="10129333" lat="55.7797966" lon="37.6458254"/>
 <node id="8390987286" visible="true" version="2" changeset="142712210" timestamp="2023-10-17T12:56:36Z" user="literan" uid="830106" lat="55.7795591" lon="37.6465116">
  <tag k="addr:flats" v="21-40"/>
  <tag k="entrance" v="staircase"/>
  <tag k="ref" v="2"/>
 </node>
 <node id="8390987287" visible="true" version="2" changeset="142712210" timestamp="2023-10-17T12:56:36Z" user="literan" uid="830106" lat="55.7796881" lon="37.6463205">
  <tag k="addr:flats" v="41-60"/>
  <tag k="entrance" v="staircase"/>
  <tag k="ref" v="3"/>
 </node>
 <node id="8390987288" visible="true" version="2" changeset="142712210" timestamp="2023-10-17T12:56:36Z" user="literan" uid="830106" lat="55.7794331" lon="37.6466983">
  <tag k="addr:flats" v="1-20"/>
  <tag k="entrance" v="staircase"/>
  <tag k="ref" v="1"/>
 </node>
 <node id="8390987290" visible="true" version="2" changeset="142712210" timestamp="2023-10-17T12:56:36Z" user="literan" uid="830106" lat="55.7792445" lon="37.6470821"/>
 <node id="8390987291" visible="true" version="2" changeset="142712210" timestamp="2023-10-17T12:56:36Z" user="literan" uid="830106" lat="55.7793162" lon="37.6463834"/>
 <node id="8390987292" visible="true" version="2" changeset="142712210" timestamp="2023-10-17T12:56:36Z" user="literan" uid="830106" lat="55.7790799" lon="37.6467626"/>
 <node id="8390987293" visible="true" version="2" changeset="142712210" timestamp="2023-10-17T12:56:36Z" user="literan" uid="830106" lat="55.7790184" lon="37.6466508">
  <tag k="barrier" v="lift_gate"/>
  <tag k="bicycle" v="yes"/>
  <tag k="foot" v="yes"/>
  <tag k="motor_vehicle" v="private"/>
 </node>
 <node id="8390987297" visible="true" version="3" changeset="142712210" timestamp="2023-10-17T12:56:36Z" user="literan" uid="830106" lat="55.7785928" lon="37.6471422"/>
 <node id="8390987307" visible="true" version="1" changeset="98655058" timestamp="2021-02-03T16:08:32Z" user="solenoid jam" uid="10129333" lat="55.7782014" lon="37.6478103"/>
 <node id="8390987310" visible="true" version="2" changeset="111648627" timestamp="2021-09-24T13:39:25Z" user="literan" uid="830106" lat="55.7776266" lon="37.6481665"/>
 <node id="8390987314" visible="true" version="2" changeset="111648627" timestamp="2021-09-24T13:39:25Z" user="literan" uid="830106" lat="55.7776521" lon="37.6482192"/>
 <node id="8392053669" visible="true" version="2" changeset="112261663" timestamp="2021-10-08T11:56:13Z" user="literan" uid="830106" lat="55.7798713" lon="37.6446412"/>
 <node id="8392053670" visible="true" version="1" changeset="98665237" timestamp="2021-02-03T20:31:51Z" user="solenoid jam" uid="10129333" lat="55.7798781" lon="37.6447190"/>
 <node id="8499187296" visible="true" version="3" changeset="165593397" timestamp="2025-04-29T13:43:27Z" user="literan" uid="830106" lat="55.7771561" lon="37.6473396"/>
 <node id="9077880556" visible="true" version="2" changeset="142712210" timestamp="2023-10-17T12:56:36Z" user="literan" uid="830106" lat="55.7797603" lon="37.6414722"/>
 <node id="9120223419" visible="true" version="1" changeset="111648627" timestamp="2021-09-24T13:39:25Z" user="literan" uid="830106" lat="55.7790582" lon="37.6461196"/>
 <node id="9120223420" visible="true" version="1" changeset="111648627" timestamp="2021-09-24T13:39:25Z" user="literan" uid="830106" lat="55.7789177" lon="37.6463257"/>
 <node id="9120223421" visible="true" version="1" changeset="111648627" timestamp="2021-09-24T13:39:25Z" user="literan" uid="830106" lat="55.7789259" lon="37.6463434"/>
 <node id="9120223422" visible="true" version="1" changeset="111648627" timestamp="2021-09-24T13:39:25Z" user="literan" uid="830106" lat="55.7790664" lon="37.6461373"/>
 <node id="9120223424" visible="true" version="2" changeset="147275971" timestamp="2024-02-09T22:43:32Z" user="Fantomas" uid="478018" lat="55.7786209" lon="37.6467906"/>
 <node id="9120223425" visible="true" version="1" changeset="111648627" timestamp="2021-09-24T13:39:25Z" user="literan" uid="830106" lat="55.7785090" lon="37.6469633"/>
 <node id="9120223426" visible="true" version="1" changeset="111648627" timestamp="2021-09-24T13:39:25Z" user="literan" uid="830106" lat="55.7785178" lon="37.6469840"/>
 <node id="9120223427" visible="true" version="1" changeset="111648627" timestamp="2021-09-24T13:39:25Z" user="literan" uid="830106" lat="55.7785039" lon="37.6469553"/>
 <node id="9120223428" visible="true" version="2" changeset="147275971" timestamp="2024-02-09T22:43:32Z" user="Fantomas" uid="478018" lat="55.7786171" lon="37.6467825"/>
 <node id="9120223436" visible="true" version="1" changeset="111648627" timestamp="2021-09-24T13:39:25Z" user="literan" uid="830106" lat="55.7779241" lon="37.6477101"/>
 <node id="9120223437" visible="true" version="1" changeset="111648627" timestamp="2021-09-24T13:39:25Z" user="literan" uid="830106" lat="55.7779508" lon="37.6477677"/>
 <node id="9120223448" visible="true" version="2" changeset="165592955" timestamp="2025-04-29T13:32:41Z" user="literan" uid="830106" lat="55.7773242" lon="37.6475086"/>
 <node id="9120223449" visible="true" version="1" changeset="111648627" timestamp="2021-09-24T13:39:25Z" user="literan" uid="830106" lat="55.7772798" lon="37.6482408"/>
 <node id="9120223485" visible="true" version="1" changeset="111648627" timestamp="2021-09-24T13:39:25Z" user="literan" uid="830106" lat="55.7770511" lon="37.6487665"/>
 <node id="9120223486" visible="true" version="1" changeset="111648627" timestamp="2021-09-24T13:39:25Z" user="literan" uid="830106" lat="55.7770712" lon="37.6488156"/>
 <node id="9120223501" visible="true" version="2" changeset="171603446" timestamp="2025-09-07T20:03:47Z" user="solenoid jam" uid="10129333" lat="55.7768504" lon="37.6489889"/>
 <node id="9120223502" visible="true" version="1" changeset="111648627" timestamp="2021-09-24T13:39:25Z" user="literan" uid="830106" lat="55.7768326" lon="37.6489428"/>
 <node id="9139834469" visible="true" version="2" changeset="112261663" timestamp="2021-10-08T11:56:13Z" user="literan" uid="830106" lat="55.7789928" lon="37.6425488"/>
 <node id="9139834470" visible="true" version="2" changeset="112261663" timestamp="2021-10-08T11:56:13Z" user="literan" uid="830106" lat="55.7789401" lon="37.6425466"/>
 <node id="9139834471" visible="true" version="2" changeset="112261663" timestamp="2021-10-08T11:56:13Z" user="literan" uid="830106" lat="55.7789412" lon="37.6424602"/>
 <node id="9139834472" visible="true" version="2" changeset="112261663" timestamp="2021-10-08T11:56:13Z" user="literan" uid="830106" lat="55.7789939" lon="37.6424623"/>
 <node id="9139834473" visible="true" version="2" changeset="112261663" timestamp="2021-10-08T11:56:13Z" user="literan" uid="830106" lat="55.7794121" lon="37.6428835"/>
 <node id="9139834474" visible="true" version="2" changeset="112261663" timestamp="2021-10-08T11:56:13Z" user="literan" uid="830106" lat="55.7796251" lon="37.6431641"/>
 <node id="9139834475" visible="true" version="2" changeset="112261663" timestamp="2021-10-08T11:56:13Z" user="literan" uid="830106" lat="55.7791907" lon="37.6431680"/>
 <node id="9139834476" visible="true" version="2" changeset="112261663" timestamp="2021-10-08T11:56:13Z" user="literan" uid="830106" lat="55.7791899" lon="37.6428855"/>
 <node id="9139834477" visible="true" version="2" changeset="112261663" timestamp="2021-10-08T11:56:13Z" user="literan" uid="830106" lat="55.7796243" lon="37.6428816"/>
 <node id="9139834478" visible="true" version="2" changeset="170747292" timestamp="2025-08-20T20:59:38Z" user="literan" uid="830106" lat="55.7791070" lon="37.6441774">
  <tag k="barrier" v="lift_gate"/>
  <tag k="bicycle" v="yes"/>
  <tag k="foot" v="yes"/>
  <tag k="motor_vehicle" v="no"/>
 </node>
 <node id="9139834479" visible="true" version="3" changeset="171142452" timestamp="2025-08-28T17:53:18Z" user="Felis Pimeja" uid="260756" lat="55.7792252" lon="37.6422394">
  <tag k="addr:flats" v="99-122"/>
  <tag k="entrance" v="staircase"/>
  <tag k="ref" v="4"/>
 </node>
 <node id="9139834484" visible="true" version="4" changeset="183652902" timestamp="2026-06-04T15:34:29Z" user="Grass-snake" uid="11321493" lat="55.7786434" lon="37.6439849">
  <tag k="addr:flats" v="128-137"/>
  <tag k="entrance" v="staircase"/>
  <tag k="ref" v="14"/>
 </node>
 <node id="9139834485" visible="true" version="29" changeset="172608845" timestamp="2025-09-29T11:48:54Z" user="literan" uid="830106" lat="55.7785281" lon="37.6420883">
  <tag k="addr:floor" v="1"/>
  <tag k="check_date" v="2025-08-15"/>
  <tag k="contact:instagram" v="https://www.instagram.com/salon_pafos_pm/"/>
  <tag k="contact:website" v="https://www.salon-pafos.com/"/>
  <tag k="level" v="0"/>
  <tag k="name" v="Пафос"/>
  <tag k="opening_hours" v="Mo-Sa 10:00-21:00; Su 11:00-20:00"/>
  <tag k="shop" v="beauty"/>
 </node>
 <node id="9139834486" visible="true" version="2" changeset="112261663" timestamp="2021-10-08T11:56:13Z" user="literan" uid="830106" lat="55.7786240" lon="37.6422376"/>
 <node id="9139834487" visible="true" version="3" changeset="183616295" timestamp="2026-06-03T22:41:46Z" user="Grass-snake" uid="11321493" lat="55.7785235" lon="37.6426373">
  <tag k="addr:flats" v="47-56"/>
  <tag k="entrance" v="staircase"/>
  <tag k="ref" v="6"/>
 </node>
 <node id="9139834488" visible="true" version="4" changeset="183652902" timestamp="2026-06-04T15:34:29Z" user="Grass-snake" uid="11321493" lat="55.7785389" lon="37.6428637">
  <tag k="addr:flats" v="38-46"/>
  <tag k="entrance" v="staircase"/>
  <tag k="ref" v="5"/>
 </node>
 <node id="9139834489" visible="true" version="4" changeset="183652902" timestamp="2026-06-04T15:34:29Z" user="Grass-snake" uid="11321493" lat="55.7787591" lon="37.6433840">
  <tag k="addr:flats" v="18-27"/>
  <tag k="entrance" v="staircase"/>
  <tag k="ref" v="3"/>
 </node>
 <node id="9139834490" visible="true" version="4" changeset="183652902" timestamp="2026-06-04T15:34:29Z" user="Grass-snake" uid="11321493" lat="55.7786439" lon="37.6431979">
  <tag k="addr:flats" v="28-37"/>
  <tag k="entrance" v="staircase"/>
  <tag k="ref" v="4"/>
 </node>
 <node id="9139834491" visible="true" version="4" changeset="183652902" timestamp="2026-06-04T15:34:29Z" user="Grass-snake" uid="11321493" lat="55.7790273" lon="37.6436000">
  <tag k="addr:flats" v="1-16"/>
  <tag k="entrance" v="staircase"/>
  <tag k="ref" v="1"/>
 </node>
 <node id="9139834492" visible="true" version="4" changeset="183652902" timestamp="2026-06-04T15:34:29Z" user="Grass-snake" uid="11321493" lat="55.7788765" lon="37.6435733">
  <tag k="addr:flats" v="10-17"/>
  <tag k="entrance" v="staircase"/>
  <tag k="ref" v="2"/>
 </node>
 <node id="9139834493" visible="true" version="3" changeset="183616295" timestamp="2026-06-03T22:41:46Z" user="Grass-snake" uid="11321493" lat="55.7786958" lon="37.6437843">
  <tag k="addr:flats" v="138-146"/>
  <tag k="entrance" v="staircase"/>
  <tag k="ref" v="15"/>
 </node>
 <node id="9139834495" visible="true" version="2" changeset="112261663" timestamp="2021-10-08T11:56:13Z" user="literan" uid="830106" lat="55.7785861" lon="37.6455867">
  <tag k="amenity" v="police"/>
  <tag k="name" v="Участковый пункт полиции №17"/>
  <tag k="ref" v="17"/>
 </node>
 <node id="9139834496" visible="true" version="2" changeset="112261663" timestamp="2021-10-08T11:56:13Z" user="literan" uid="830106" lat="55.7786924" lon="37.6459864">
  <tag k="name" v="Наше вино"/>
  <tag k="shop" v="alcohol"/>
 </node>
 <node id="9158086838" visible="true" version="2" changeset="121805647" timestamp="2022-06-01T10:38:01Z" user="literan" uid="830106" lat="55.7804350" lon="37.6434392"/>
 <node id="9158086839" visible="true" version="1" changeset="112261663" timestamp="2021-10-08T11:56:13Z" user="literan" uid="830106" lat="55.7803645" lon="37.6435362"/>
 <node id="9158086840" visible="true" version="1" changeset="112261663" timestamp="2021-10-08T11:56:13Z" user="literan" uid="830106" lat="55.7800085" lon="37.6442108"/>
 <node id="9158086841" visible="true" version="1" changeset="112261663" timestamp="2021-10-08T11:56:13Z" user="literan" uid="830106" lat="55.7784835" lon="37.6465912"/>
 <node id="9158086842" visible="true" version="1" changeset="112261663" timestamp="2021-10-08T11:56:13Z" user="literan" uid="830106" lat="55.7784586" lon="37.6465885"/>
 <node id="9158086843" visible="true" version="4" changeset="165939577" timestamp="2025-05-07T14:23:44Z" user="Travieso" uid="5642897" lat="55.7784426" lon="37.6465816">
  <tag k="barrier" v="kerb"/>
  <tag k="kerb" v="lowered"/>
  <tag k="tactile_paving" v="no"/>
 </node>
 <node id="9158086844" visible="true" version="1" changeset="112261663" timestamp="2021-10-08T11:56:13Z" user="literan" uid="830106" lat="55.7784224" lon="37.6465537"/>
 <node id="9158086845" visible="true" version="1" changeset="112261663" timestamp="2021-10-08T11:56:13Z" user="literan" uid="830106" lat="55.7784096" lon="37.6465067"/>
 <node id="9158086846" visible="true" version="1" changeset="112261663" timestamp="2021-10-08T11:56:13Z" user="literan" uid="830106" lat="55.7784003" lon="37.6463122"/>
 <node id="9158086847" visible="true" version="1" changeset="112261663" timestamp="2021-10-08T11:56:13Z" user="literan" uid="830106" lat="55.7786966" lon="37.6460387"/>
 <node id="9158086848" visible="true" version="1" changeset="112261663" timestamp="2021-10-08T11:56:13Z" user="literan" uid="830106" lat="55.7786796" lon="37.6460709"/>
 <node id="9158086849" visible="true" version="1" changeset="112261663" timestamp="2021-10-08T11:56:13Z" user="literan" uid="830106" lat="55.7786570" lon="37.6460910"/>
 <node id="9158086850" visible="true" version="1" changeset="112261663" timestamp="2021-10-08T11:56:13Z" user="literan" uid="830106" lat="55.7786053" lon="37.6460917"/>
 <node id="9158086851" visible="true" version="1" changeset="112261663" timestamp="2021-10-08T11:56:13Z" user="literan" uid="830106" lat="55.7785307" lon="37.6460092"/>
 <node id="9158086852" visible="true" version="1" changeset="112261663" timestamp="2021-10-08T11:56:13Z" user="literan" uid="830106" lat="55.7785224" lon="37.6459683"/>
 <node id="9158086853" visible="true" version="1" changeset="112261663" timestamp="2021-10-08T11:56:13Z" user="literan" uid="830106" lat="55.7785118" lon="37.6459260"/>
 <node id="9158086854" visible="true" version="1" changeset="112261663" timestamp="2021-10-08T11:56:13Z" user="literan" uid="830106" lat="55.7784836" lon="37.6448289">
  <tag k="barrier" v="lift_gate"/>
  <tag k="bicycle" v="yes"/>
  <tag k="foot" v="yes"/>
  <tag k="motor_vehicle" v="private"/>
 </node>
 <node id="9158086855" visible="true" version="1" changeset="112261663" timestamp="2021-10-08T11:56:13Z" user="literan" uid="830106" lat="55.7785076" lon="37.6424124">
  <tag k="barrier" v="lift_gate"/>
  <tag k="bicycle" v="yes"/>
  <tag k="foot" v="yes"/>
  <tag k="motor_vehicle" v="private"/>
 </node>
 <node id="9158086856" visible="true" version="1" changeset="112261663" timestamp="2021-10-08T11:56:13Z" user="literan" uid="830106" lat="55.7787250" lon="37.6460391"/>
 <node id="9158086857" visible="true" version="1" changeset="112261663" timestamp="2021-10-08T11:56:13Z" user="literan" uid="830106" lat="55.7785072" lon="37.6443574"/>
 <node id="9158086858" visible="true" version="1" changeset="112261663" timestamp="2021-10-08T11:56:13Z" user="literan" uid="830106" lat="55.7785422" lon="37.6445205"/>
 <node id="9158086859" visible="true" version="1" changeset="112261663" timestamp="2021-10-08T11:56:13Z" user="literan" uid="830106" lat="55.7785058" lon="37.6444555"/>
 <node id="9158086860" visible="true" version="1" changeset="112261663" timestamp="2021-10-08T11:56:13Z" user="literan" uid="830106" lat="55.7785424" lon="37.6442950"/>
 <node id="9158086861" visible="true" version="1" changeset="112261663" timestamp="2021-10-08T11:56:13Z" user="literan" uid="830106" lat="55.7786057" lon="37.6444080"/>
 <node id="9158086862" visible="true" version="1" changeset="112261663" timestamp="2021-10-08T11:56:13Z" user="literan" uid="830106" lat="55.7789439" lon="37.6422506"/>
 <node id="9158086864" visible="true" version="1" changeset="112261663" timestamp="2021-10-08T11:56:13Z" user="literan" uid="830106" lat="55.7799708" lon="37.6439559"/>
 <node id="9158086867" visible="true" version="1" changeset="112261663" timestamp="2021-10-08T11:56:13Z" user="literan" uid="830106" lat="55.7784690" lon="37.6409389"/>
 <node id="9158086868" visible="true" version="1" changeset="112261663" timestamp="2021-10-08T11:56:13Z" user="literan" uid="830106" lat="55.7785573" lon="37.6409825"/>
 <node id="9158086879" visible="true" version="1" changeset="112261663" timestamp="2021-10-08T11:56:13Z" user="literan" uid="830106" lat="55.7784675" lon="37.6448538"/>
 <node id="9158086880" visible="true" version="1" changeset="112261663" timestamp="2021-10-08T11:56:13Z" user="literan" uid="830106" lat="55.7784896" lon="37.6432545"/>
 <node id="9158086881" visible="true" version="2" changeset="183652902" timestamp="2026-06-04T15:34:29Z" user="Grass-snake" uid="11321493" lat="55.7784741" lon="37.6431081"/>
 <node id="9158086882" visible="true" version="1" changeset="112261663" timestamp="2021-10-08T11:56:13Z" user="literan" uid="830106" lat="55.7784910" lon="37.6424117"/>
 <node id="9158086883" visible="true" version="2" changeset="183616295" timestamp="2026-06-03T22:41:46Z" user="Grass-snake" uid="11321493" lat="55.7785016" lon="37.6417098"/>
 <node id="9158086884" visible="true" version="1" changeset="112261663" timestamp="2021-10-08T11:56:13Z" user="literan" uid="830106" lat="55.7785612" lon="37.6409237"/>
 <node id="9158086885" visible="true" version="1" changeset="112261663" timestamp="2021-10-08T11:56:13Z" user="literan" uid="830106" lat="55.7786188" lon="37.6408660"/>
 <node id="9158086889" visible="true" version="2" changeset="183616295" timestamp="2026-06-03T22:41:46Z" user="Grass-snake" uid="11321493" lat="55.7786301" lon="37.6439588"/>
 <node id="9158086890" visible="true" version="2" changeset="183616295" timestamp="2026-06-03T22:41:46Z" user="Grass-snake" uid="11321493" lat="55.7785403" lon="37.6438725"/>
 <node id="9158086891" visible="true" version="2" changeset="183616295" timestamp="2026-06-03T22:41:46Z" user="Grass-snake" uid="11321493" lat="55.7785076" lon="37.6439350"/>
 <node id="9158086892" visible="true" version="2" changeset="183616295" timestamp="2026-06-03T22:41:46Z" user="Grass-snake" uid="11321493" lat="55.7785510" lon="37.6440095"/>
 <node id="9158086896" visible="true" version="2" changeset="171142452" timestamp="2025-08-28T17:53:18Z" user="Felis Pimeja" uid="260756" lat="55.7792735" lon="37.6422023"/>
 <node id="9158086897" visible="true" version="2" changeset="171142452" timestamp="2025-08-28T17:53:18Z" user="Felis Pimeja" uid="260756" lat="55.7792251" lon="37.6422026"/>
 <node id="9158086904" visible="true" version="1" changeset="112261663" timestamp="2021-10-08T11:56:13Z" user="literan" uid="830106" lat="55.7784451" lon="37.6428160"/>
 <node id="9158086905" visible="true" version="1" changeset="112261663" timestamp="2021-10-08T11:56:13Z" user="literan" uid="830106" lat="55.7784669" lon="37.6418142"/>
 <node id="9158089319" visible="true" version="1" changeset="112261884" timestamp="2021-10-08T12:00:38Z" user="literan" uid="830106" lat="55.7787342" lon="37.6461625"/>
 <node id="9158089320" visible="true" version="1" changeset="112261884" timestamp="2021-10-08T12:00:38Z" user="literan" uid="830106" lat="55.7787106" lon="37.6461098"/>
 <node id="9158089321" visible="true" version="1" changeset="112261884" timestamp="2021-10-08T12:00:38Z" user="literan" uid="830106" lat="55.7786668" lon="37.6461419"/>
 <node id="9158089322" visible="true" version="1" changeset="112261884" timestamp="2021-10-08T12:00:38Z" user="literan" uid="830106" lat="55.7786208" lon="37.6461460"/>
 <node id="9158089323" visible="true" version="1" changeset="112261884" timestamp="2021-10-08T12:00:38Z" user="literan" uid="830106" lat="55.7785672" lon="37.6461259"/>
 <node id="9158089324" visible="true" version="1" changeset="112261884" timestamp="2021-10-08T12:00:38Z" user="literan" uid="830106" lat="55.7785273" lon="37.6460896"/>
 <node id="9158089325" visible="true" version="1" changeset="112261884" timestamp="2021-10-08T12:00:38Z" user="literan" uid="830106" lat="55.7784948" lon="37.6460306"/>
 <node id="9158089326" visible="true" version="1" changeset="112261884" timestamp="2021-10-08T12:00:38Z" user="literan" uid="830106" lat="55.7784501" lon="37.6465692"/>
 <node id="9158089327" visible="true" version="1" changeset="112261884" timestamp="2021-10-08T12:00:38Z" user="literan" uid="830106" lat="55.7784300" lon="37.6465335"/>
 <node id="9158089328" visible="true" version="1" changeset="112261884" timestamp="2021-10-08T12:00:38Z" user="literan" uid="830106" lat="55.7784194" lon="37.6464826"/>
 <node id="9158089329" visible="true" version="1" changeset="112261884" timestamp="2021-10-08T12:00:38Z" user="literan" uid="830106" lat="55.7784134" lon="37.6463713"/>
 <node id="9158089330" visible="true" version="1" changeset="112261884" timestamp="2021-10-08T12:00:38Z" user="literan" uid="830106" lat="55.7784127" lon="37.6462680"/>
 <node id="9158089331" visible="true" version="1" changeset="112261884" timestamp="2021-10-08T12:00:38Z" user="literan" uid="830106" lat="55.7784541" lon="37.6461969"/>
 <node id="9158089332" visible="true" version="1" changeset="112261884" timestamp="2021-10-08T12:00:38Z" user="literan" uid="830106" lat="55.7784739" lon="37.6459326"/>
 <node id="9158089333" visible="true" version="1" changeset="112261884" timestamp="2021-10-08T12:00:38Z" user="literan" uid="830106" lat="55.7784775" lon="37.6455720"/>
 <node id="9158089334" visible="true" version="1" changeset="112261884" timestamp="2021-10-08T12:00:38Z" user="literan" uid="830106" lat="55.7784640" lon="37.6454881"/>
 <node id="9276126803" visible="true" version="1" changeset="114113443" timestamp="2021-11-22T20:30:31Z" user="literan" uid="830106" lat="55.7804769" lon="37.6429903"/>
 <node id="9276126804" visible="true" version="3" changeset="146443731" timestamp="2024-01-19T13:16:20Z" user="literan" uid="830106" lat="55.7807665" lon="37.6428777"/>
 <node id="9276126805" visible="true" version="2" changeset="146443731" timestamp="2024-01-19T13:16:20Z" user="literan" uid="830106" lat="55.7812909" lon="37.6427534"/>
 <node id="9276126806" visible="true" version="1" changeset="114113443" timestamp="2021-11-22T20:30:31Z" user="literan" uid="830106" lat="55.7807605" lon="37.6428536"/>
 <node id="9787831119" visible="true" version="1" changeset="121805647" timestamp="2022-06-01T10:38:01Z" user="literan" uid="830106" lat="55.7801134" lon="37.6434463"/>
 <node id="9787831120" visible="true" version="1" changeset="121805647" timestamp="2022-06-01T10:38:01Z" user="literan" uid="830106" lat="55.7801104" lon="37.6434128"/>
 <node id="9787831139" visible="true" version="1" changeset="121805647" timestamp="2022-06-01T10:38:01Z" user="literan" uid="830106" lat="55.7805128" lon="37.6446789"/>
 <node id="9787831140" visible="true" version="1" changeset="121805647" timestamp="2022-06-01T10:38:01Z" user="literan" uid="830106" lat="55.7805172" lon="37.6447161"/>
 <node id="9787831165" visible="true" version="1" changeset="121805647" timestamp="2022-06-01T10:38:01Z" user="literan" uid="830106" lat="55.7804766" lon="37.6444989"/>
 <node id="9787831166" visible="true" version="1" changeset="121805647" timestamp="2022-06-01T10:38:01Z" user="literan" uid="830106" lat="55.7800822" lon="37.6441547"/>
 <node id="9787831167" visible="true" version="1" changeset="121805647" timestamp="2022-06-01T10:38:01Z" user="literan" uid="830106" lat="55.7802681" lon="37.6445761"/>
 <node id="9787831168" visible="true" version="1" changeset="121805647" timestamp="2022-06-01T10:38:01Z" user="literan" uid="830106" lat="55.7801956" lon="37.6443162"/>
 <node id="9787831169" visible="true" version="1" changeset="121805647" timestamp="2022-06-01T10:38:01Z" user="literan" uid="830106" lat="55.7800526" lon="37.6441125"/>
 <node id="10263279524" visible="true" version="1" changeset="130088536" timestamp="2022-12-14T20:07:47Z" user="solenoid jam" uid="10129333" lat="55.7776523" lon="37.6418853"/>
 <node id="10263279525" visible="true" version="1" changeset="130088536" timestamp="2022-12-14T20:07:47Z" user="solenoid jam" uid="10129333" lat="55.7776514" lon="37.6415084"/>
 <node id="10263279526" visible="true" version="1" changeset="130088536" timestamp="2022-12-14T20:07:47Z" user="solenoid jam" uid="10129333" lat="55.7777497" lon="37.6418839"/>
 <node id="10263279527" visible="true" version="1" changeset="130088536" timestamp="2022-12-14T20:07:47Z" user="solenoid jam" uid="10129333" lat="55.7777519" lon="37.6415889"/>
 <node id="10263279528" visible="true" version="1" changeset="130088536" timestamp="2022-12-14T20:07:47Z" user="solenoid jam" uid="10129333" lat="55.7778454" lon="37.6444723"/>
 <node id="10263279529" visible="true" version="1" changeset="130088536" timestamp="2022-12-14T20:07:47Z" user="solenoid jam" uid="10129333" lat="55.7779088" lon="37.6456551"/>
 <node id="10263279530" visible="true" version="1" changeset="130088536" timestamp="2022-12-14T20:07:47Z" user="solenoid jam" uid="10129333" lat="55.7777879" lon="37.6454294"/>
 <node id="10880621006" visible="true" version="2" changeset="142712210" timestamp="2023-10-17T12:56:36Z" user="literan" uid="830106" lat="55.7796296" lon="37.6414359"/>
 <node id="10880621007" visible="true" version="2" changeset="142712210" timestamp="2023-10-17T12:56:36Z" user="literan" uid="830106" lat="55.7796402" lon="37.6414346"/>
 <node id="11155985432" visible="true" version="1" changeset="140586720" timestamp="2023-08-30T12:39:20Z" user="kate_rocketdata" uid="12100948" lat="55.7788403" lon="37.6457717">
  <tag k="contact:phone" v="+7 991 1037156"/>
  <tag k="contact:website" v="https://www.monopolshop.com"/>
  <tag k="name" v="Ladoga Wine"/>
  <tag k="opening_hours" v="Mo-Su 10:00-23:00"/>
  <tag k="shop" v="alcohol"/>
 </node>
 <node id="11269165437" visible="true" version="1" changeset="142712210" timestamp="2023-10-17T12:56:36Z" user="literan" uid="830106" lat="55.7797465" lon="37.6418062"/>
 <node id="11269165440" visible="true" version="1" changeset="142712210" timestamp="2023-10-17T12:56:36Z" user="literan" uid="830106" lat="55.7797012" lon="37.6413824"/>
 <node id="11269165441" visible="true" version="1" changeset="142712210" timestamp="2023-10-17T12:56:36Z" user="literan" uid="830106" lat="55.7796350" lon="37.6421188"/>
 <node id="11269165442" visible="true" version="1" changeset="142712210" timestamp="2023-10-17T12:56:36Z" user="literan" uid="830106" lat="55.7797610" lon="37.6421289"/>
 <node id="11269165443" visible="true" version="1" changeset="142712210" timestamp="2023-10-17T12:56:36Z" user="literan" uid="830106" lat="55.7799822" lon="37.6464678"/>
 <node id="11269165444" visible="true" version="1" changeset="142712210" timestamp="2023-10-17T12:56:36Z" user="literan" uid="830106" lat="55.7800609" lon="37.6464420"/>
 <node id="11269165445" visible="true" version="1" changeset="142712210" timestamp="2023-10-17T12:56:36Z" user="literan" uid="830106" lat="55.7799732" lon="37.6457787"/>
 <node id="11269165446" visible="true" version="1" changeset="142712210" timestamp="2023-10-17T12:56:36Z" user="literan" uid="830106" lat="55.7802627" lon="37.6457021"/>
 <node id="11269165447" visible="true" version="1" changeset="142712210" timestamp="2023-10-17T12:56:36Z" user="literan" uid="830106" lat="55.7797996" lon="37.6458952"/>
 <node id="11269165448" visible="true" version="1" changeset="142712210" timestamp="2023-10-17T12:56:36Z" user="literan" uid="830106" lat="55.7799007" lon="37.6458684"/>
 <node id="11269165449" visible="true" version="1" changeset="142712210" timestamp="2023-10-17T12:56:36Z" user="literan" uid="830106" lat="55.7799490" lon="37.6459220"/>
 <node id="11269165450" visible="true" version="1" changeset="142712210" timestamp="2023-10-17T12:56:36Z" user="literan" uid="830106" lat="55.7799882" lon="37.6460829"/>
 <node id="11269165451" visible="true" version="1" changeset="142712210" timestamp="2023-10-17T12:56:36Z" user="literan" uid="830106" lat="55.7799852" lon="37.6462251"/>
 <node id="11269165452" visible="true" version="1" changeset="142712210" timestamp="2023-10-17T12:56:36Z" user="literan" uid="830106" lat="55.7799218" lon="37.6463109"/>
 <node id="11269165453" visible="true" version="1" changeset="142712210" timestamp="2023-10-17T12:56:36Z" user="literan" uid="830106" lat="55.7797778" lon="37.6459609"/>
 <node id="11269165454" visible="true" version="1" changeset="142712210" timestamp="2023-10-17T12:56:36Z" user="literan" uid="830106" lat="55.7797447" lon="37.6450116"/>
 <node id="11269165455" visible="true" version="1" changeset="142712210" timestamp="2023-10-17T12:56:36Z" user="literan" uid="830106" lat="55.7801119" lon="37.6453775"/>
 <node id="11269165456" visible="true" version="1" changeset="142712210" timestamp="2023-10-17T12:56:36Z" user="literan" uid="830106" lat="55.7796801" lon="37.6448223"/>
 <node id="11269165457" visible="true" version="1" changeset="142712210" timestamp="2023-10-17T12:56:36Z" user="literan" uid="830106" lat="55.7796910" lon="37.6445420"/>
 <node id="11269165458" visible="true" version="1" changeset="142712210" timestamp="2023-10-17T12:56:36Z" user="literan" uid="830106" lat="55.7796910" lon="37.6442510"/>
 <node id="11269165459" visible="true" version="1" changeset="142712210" timestamp="2023-10-17T12:56:36Z" user="literan" uid="830106" lat="55.7798181" lon="37.6448270"/>
 <node id="11269165460" visible="true" version="1" changeset="142712210" timestamp="2023-10-17T12:56:36Z" user="literan" uid="830106" lat="55.7797197" lon="37.6447794"/>
 <node id="11269165461" visible="true" version="1" changeset="142712210" timestamp="2023-10-17T12:56:36Z" user="literan" uid="830106" lat="55.7797548" lon="37.6447184"/>
 <node id="11269165462" visible="true" version="1" changeset="142712210" timestamp="2023-10-17T12:56:36Z" user="literan" uid="830106" lat="55.7797446" lon="37.6447868"/>
 <node id="11269165463" visible="true" version="1" changeset="142712210" timestamp="2023-10-17T12:56:36Z" user="literan" uid="830106" lat="55.7797721" lon="37.6448330"/>
 <node id="11269165464" visible="true" version="1" changeset="142712210" timestamp="2023-10-17T12:56:36Z" user="literan" uid="830106" lat="55.7797879" lon="37.6446587"/>
 <node id="11269165465" visible="true" version="1" changeset="142712210" timestamp="2023-10-17T12:56:36Z" user="literan" uid="830106" lat="55.7797649" lon="37.6442872"/>
 <node id="11269165466" visible="true" version="1" changeset="142712210" timestamp="2023-10-17T12:56:36Z" user="literan" uid="830106" lat="55.7797476" lon="37.6442926"/>
 <node id="11269165467" visible="true" version="1" changeset="142712210" timestamp="2023-10-17T12:56:36Z" user="literan" uid="830106" lat="55.7797257" lon="37.6442966"/>
 <node id="11269165468" visible="true" version="1" changeset="142712210" timestamp="2023-10-17T12:56:36Z" user="literan" uid="830106" lat="55.7798396" lon="37.6444937"/>
 <node id="11269170369" visible="true" version="1" changeset="142712210" timestamp="2023-10-17T12:56:36Z" user="literan" uid="830106" lat="55.7796967" lon="37.6436736"/>
 <node id="11269170370" visible="true" version="1" changeset="142712210" timestamp="2023-10-17T12:56:36Z" user="literan" uid="830106" lat="55.7797182" lon="37.6436756"/>
 <node id="11269170371" visible="true" version="1" changeset="142712210" timestamp="2023-10-17T12:56:36Z" user="literan" uid="830106" lat="55.7797378" lon="37.6436750"/>
 <node id="11269170372" visible="true" version="2" changeset="170758215" timestamp="2025-08-21T06:12:17Z" user="literan" uid="830106" lat="55.7798064" lon="37.6438796"/>
 <node id="11269170373" visible="true" version="1" changeset="142712210" timestamp="2023-10-17T12:56:36Z" user="literan" uid="830106" lat="55.7797700" lon="37.6437642"/>
 <node id="11269170374" visible="true" version="1" changeset="142712210" timestamp="2023-10-17T12:56:36Z" user="literan" uid="830106" lat="55.7792098" lon="37.6463619"/>
 <node id="11269170375" visible="true" version="1" changeset="142712210" timestamp="2023-10-17T12:56:36Z" user="literan" uid="830106" lat="55.7791696" lon="37.6468298">
  <tag k="barrier" v="lift_gate"/>
  <tag k="bicycle" v="yes"/>
  <tag k="foot" v="yes"/>
  <tag k="motor_vehicle" v="private"/>
 </node>
 <node id="11269170376" visible="true" version="1" changeset="142712210" timestamp="2023-10-17T12:56:36Z" user="literan" uid="830106" lat="55.7789842" lon="37.6468224">
  <tag k="traffic_calming" v="bump"/>
 </node>
 <node id="11269170378" visible="true" version="1" changeset="142712210" timestamp="2023-10-17T12:56:36Z" user="literan" uid="830106" lat="55.7789973" lon="37.6468526">
  <tag k="access" v="private"/>
  <tag k="barrier" v="gate"/>
 </node>
 <node id="11269170385" visible="true" version="3" changeset="165939577" timestamp="2025-05-07T14:23:42Z" user="Travieso" uid="5642897" lat="55.7783193" lon="37.6467819">
  <tag k="barrier" v="kerb"/>
  <tag k="kerb" v="lowered"/>
  <tag k="tactile_paving" v="no"/>
 </node>
 <node id="11269170386" visible="true" version="1" changeset="142712210" timestamp="2023-10-17T12:56:36Z" user="literan" uid="830106" lat="55.7783647" lon="37.6466606"/>
 <node id="11269170387" visible="true" version="1" changeset="142712210" timestamp="2023-10-17T12:56:36Z" user="literan" uid="830106" lat="55.7783596" lon="37.6466059"/>
 <node id="11269170403" visible="true" version="1" changeset="142712210" timestamp="2023-10-17T12:56:36Z" user="literan" uid="830106" lat="55.7790378" lon="37.6467963"/>
 <node id="11530718744" visible="true" version="1" changeset="146443731" timestamp="2024-01-19T13:16:20Z" user="literan" uid="830106" lat="55.7806692" lon="37.6429139"/>
 <node id="11530718745" visible="true" version="1" changeset="146443731" timestamp="2024-01-19T13:16:20Z" user="literan" uid="830106" lat="55.7806670" lon="37.6428924"/>
 <node id="11534910276" visible="true" version="1" changeset="146491319" timestamp="2024-01-20T19:56:07Z" user="Fantomas" uid="478018" lat="55.7800700" lon="37.6437902"/>
 <node id="11534910279" visible="true" version="1" changeset="146491319" timestamp="2024-01-20T19:56:07Z" user="Fantomas" uid="478018" lat="55.7800629" lon="37.6442926"/>
 <node id="11572947754" visible="true" version="1" changeset="146903008" timestamp="2024-01-31T12:45:28Z" user="kate_rocketdata" uid="12100948" lat="55.7790536" lon="37.6454859">
  <tag k="brand" v="Ozon"/>
  <tag k="brand:wikidata" v="Q2365235"/>
  <tag k="brand:wikipedia" v="ru:Ozon.ru"/>
  <tag k="contact:facebook" v="https://www.facebook.com/ozon.ru"/>
  <tag k="contact:instagram" v="https://www.instagram.com/ozonru"/>
  <tag k="contact:phone" v="+7 495 2321000"/>
  <tag k="contact:twitter" v="https://twitter.com/Ozon_ru"/>
  <tag k="contact:vk" v="https://vk.com/ozon"/>
  <tag k="contact:website" v="https://www.ozon.ru"/>
  <tag k="name" v="Ozon"/>
  <tag k="opening_hours" v="Mo-Su 10:00-22:00"/>
  <tag k="shop" v="outpost"/>
 </node>
 <node id="11599711948" visible="true" version="1" changeset="147235899" timestamp="2024-02-08T22:51:31Z" user="Fantomas" uid="478018" lat="55.7802238" lon="37.6445923"/>
 <node id="11599711955" visible="true" version="1" changeset="147235899" timestamp="2024-02-08T22:51:31Z" user="Fantomas" uid="478018" lat="55.7802378" lon="37.6446937"/>
 <node id="11599711963" visible="true" version="1" changeset="147235899" timestamp="2024-02-08T22:51:31Z" user="Fantomas" uid="478018" lat="55.7816181" lon="37.6443028"/>
 <node id="11602273623" visible="true" version="1" changeset="147256491" timestamp="2024-02-09T13:09:09Z" user="Fantomas" uid="478018" lat="55.7793682" lon="37.6457933"/>
 <node id="11602273624" visible="true" version="1" changeset="147256491" timestamp="2024-02-09T13:09:09Z" user="Fantomas" uid="478018" lat="55.7793054" lon="37.6457151"/>
 <node id="11602273625" visible="true" version="1" changeset="147256491" timestamp="2024-02-09T13:09:09Z" user="Fantomas" uid="478018" lat="55.7794610" lon="37.6459958"/>
 <node id="11602273626" visible="true" version="1" changeset="147256491" timestamp="2024-02-09T13:09:09Z" user="Fantomas" uid="478018" lat="55.7794700" lon="37.6460119"/>
 <node id="11602273627" visible="true" version="1" changeset="147256491" timestamp="2024-02-09T13:09:09Z" user="Fantomas" uid="478018" lat="55.7795455" lon="37.6459676"/>
 <node id="11602273628" visible="true" version="1" changeset="147256491" timestamp="2024-02-09T13:09:09Z" user="Fantomas" uid="478018" lat="55.7797099" lon="37.6459562"/>
 <node id="11602273629" visible="true" version="1" changeset="147256491" timestamp="2024-02-09T13:09:09Z" user="Fantomas" uid="478018" lat="55.7799015" lon="37.6463894"/>
 <node id="11602273630" visible="true" version="1" changeset="147256491" timestamp="2024-02-09T13:09:09Z" user="Fantomas" uid="478018" lat="55.7796925" lon="37.6459528"/>
 <node id="11602273631" visible="true" version="1" changeset="147256491" timestamp="2024-02-09T13:09:09Z" user="Fantomas" uid="478018" lat="55.7798954" lon="37.6463994"/>
 <node id="11602273632" visible="true" version="1" changeset="147256491" timestamp="2024-02-09T13:09:09Z" user="Fantomas" uid="478018" lat="55.7799090" lon="37.6464464">
  <tag k="barrier" v="sliding_beam"/>
  <tag k="motor_vehicle" v="private"/>
 </node>
 <node id="11602273643" visible="true" version="1" changeset="147256491" timestamp="2024-02-09T13:09:09Z" user="Fantomas" uid="478018" lat="55.7810894" lon="37.6445003"/>
 <node id="11602499753" visible="true" version="1" changeset="147260518" timestamp="2024-02-09T14:57:11Z" user="Fantomas" uid="478018" lat="55.7801283" lon="37.6453818">
  <tag k="barrier" v="entrance"/>
 </node>
 <node id="11602499754" visible="true" version="1" changeset="147260518" timestamp="2024-02-09T14:57:11Z" user="Fantomas" uid="478018" lat="55.7797544" lon="37.6450510"/>
 <node id="11602499755" visible="true" version="1" changeset="147260518" timestamp="2024-02-09T14:57:11Z" user="Fantomas" uid="478018" lat="55.7797717" lon="37.6450221"/>
 <node id="11602499756" visible="true" version="2" changeset="147262321" timestamp="2024-02-09T15:41:22Z" user="Fantomas" uid="478018" lat="55.7797461" lon="37.6451301"/>
 <node id="11602499757" visible="true" version="1" changeset="147260518" timestamp="2024-02-09T14:57:11Z" user="Fantomas" uid="478018" lat="55.7798238" lon="37.6449926"/>
 <node id="11602499760" visible="true" version="1" changeset="147260518" timestamp="2024-02-09T14:57:11Z" user="Fantomas" uid="478018" lat="55.7801111" lon="37.6448826"/>
 <node id="11602499761" visible="true" version="1" changeset="147260518" timestamp="2024-02-09T14:57:11Z" user="Fantomas" uid="478018" lat="55.7802009" lon="37.6447943"/>
 <node id="11602499762" visible="true" version="1" changeset="147260518" timestamp="2024-02-09T14:57:11Z" user="Fantomas" uid="478018" lat="55.7802053" lon="37.6448336"/>
 <node id="11602499763" visible="true" version="1" changeset="147260518" timestamp="2024-02-09T14:57:11Z" user="Fantomas" uid="478018" lat="55.7801916" lon="37.6447109"/>
 <node id="11602499764" visible="true" version="1" changeset="147260518" timestamp="2024-02-09T14:57:11Z" user="Fantomas" uid="478018" lat="55.7799934" lon="37.6446546">
  <tag k="access" v="private"/>
  <tag k="barrier" v="rope"/>
 </node>
 <node id="11602499765" visible="true" version="1" changeset="147260518" timestamp="2024-02-09T14:57:11Z" user="Fantomas" uid="478018" lat="55.7800082" lon="37.6447789"/>
 <node id="11602499766" visible="true" version="1" changeset="147260518" timestamp="2024-02-09T14:57:11Z" user="Fantomas" uid="478018" lat="55.7799833" lon="37.6445695"/>
 <node id="11602499767" visible="true" version="1" changeset="147260518" timestamp="2024-02-09T14:57:11Z" user="Fantomas" uid="478018" lat="55.7800026" lon="37.6445107"/>
 <node id="11602499768" visible="true" version="1" changeset="147260518" timestamp="2024-02-09T14:57:11Z" user="Fantomas" uid="478018" lat="55.7799517" lon="37.6445321"/>
 <node id="11602510769" visible="true" version="1" changeset="147260518" timestamp="2024-02-09T14:57:11Z" user="Fantomas" uid="478018" lat="55.7799693" lon="37.6446647"/>
 <node id="11602510770" visible="true" version="1" changeset="147260518" timestamp="2024-02-09T14:57:11Z" user="Fantomas" uid="478018" lat="55.7800202" lon="37.6446433"/>
 <node id="11602510771" visible="true" version="1" changeset="147260518" timestamp="2024-02-09T14:57:11Z" user="Fantomas" uid="478018" lat="55.7800059" lon="37.6446614"/>
 <node id="11602510772" visible="true" version="1" changeset="147260518" timestamp="2024-02-09T14:57:11Z" user="Fantomas" uid="478018" lat="55.7801786" lon="37.6445943"/>
 <node id="11602510773" visible="true" version="1" changeset="147260518" timestamp="2024-02-09T14:57:11Z" user="Fantomas" uid="478018" lat="55.7801605" lon="37.6444595"/>
 <node id="11602510778" visible="true" version="1" changeset="147260518" timestamp="2024-02-09T14:57:11Z" user="Fantomas" uid="478018" lat="55.7807534" lon="37.6446270"/>
 <node id="11602620362" visible="true" version="2" changeset="147265531" timestamp="2024-02-09T17:06:20Z" user="literan" uid="830106" lat="55.7792988" lon="37.6450691">
  <tag k="amenity" v="training"/>
  <tag k="contact:phone" v="+7 499 2640638"/>
  <tag k="contact:website" v="https://sokolniki.music.mos.ru"/>
  <tag k="education" v="facultative_school"/>
  <tag k="education_form:parttime" v="yes"/>
  <tag k="education_level:primary" v="yes"/>
  <tag k="education_profile:visual_art" v="yes"/>
  <tag k="education_system:ru_standard" v="yes"/>
  <tag k="name" v="Детская школа искусств &quot;Сокольники&quot;"/>
  <tag k="note" v="Школа находится здесь временно, как указано на сайте"/>
  <tag k="official_name" v="ГБУДО г. Москвы МГОДШИ &quot;Сокольники&quot; СП ДМШ им. П.И.Юргенсона"/>
  <tag k="opening_hours" v="Mo-Sa 08:00-21:00"/>
  <tag k="operator" v="Департамент культуры г. Москвы"/>
  <tag k="training" v="art"/>
 </node>
 <node id="11602620363" visible="true" version="2" changeset="147265531" timestamp="2024-02-09T17:06:20Z" user="literan" uid="830106" lat="55.7793459" lon="37.6451834">
  <tag k="entrance" v="main"/>
 </node>
 <node id="11602620364" visible="true" version="1" changeset="147262321" timestamp="2024-02-09T15:41:22Z" user="Fantomas" uid="478018" lat="55.7796296" lon="37.6441719">
  <tag k="amenity" v="dancing_school"/>
  <tag k="contact:phone" v="+ 916 3362501"/>
  <tag k="name" v="FM Dance"/>
  <tag k="opening_hours" v="Mo-Su 12:00-22:00"/>
 </node>
 <node id="11602620365" visible="true" version="1" changeset="147262321" timestamp="2024-02-09T15:41:22Z" user="Fantomas" uid="478018" lat="55.7796552" lon="37.6448263"/>
 <node id="11602620366" visible="true" version="1" changeset="147262321" timestamp="2024-02-09T15:41:22Z" user="Fantomas" uid="478018" lat="55.7795892" lon="37.6449256"/>
 <node id="11602620367" visible="true" version="1" changeset="147262321" timestamp="2024-02-09T15:41:22Z" user="Fantomas" uid="478018" lat="55.7795613" lon="37.6448652"/>
 <node id="11602620368" visible="true" version="1" changeset="147262321" timestamp="2024-02-09T15:41:22Z" user="Fantomas" uid="478018" lat="55.7794663" lon="37.6448451"/>
 <node id="11602690669" visible="true" version="1" changeset="147262321" timestamp="2024-02-09T15:41:22Z" user="Fantomas" uid="478018" lat="55.7794927" lon="37.6449202"/>
 <node id="11602690670" visible="true" version="1" changeset="147262321" timestamp="2024-02-09T15:41:22Z" user="Fantomas" uid="478018" lat="55.7794821" lon="37.6448733"/>
 <node id="11603081499" visible="true" version="1" changeset="147265531" timestamp="2024-02-09T17:06:20Z" user="literan" uid="830106" lat="55.7796692" lon="37.6447633"/>
 <node id="11606168524" visible="true" version="1" changeset="147275971" timestamp="2024-02-09T22:43:32Z" user="Fantomas" uid="478018" lat="55.7782152" lon="37.6469435"/>
 <node id="11606168539" visible="true" version="1" changeset="147275971" timestamp="2024-02-09T22:43:32Z" user="Fantomas" uid="478018" lat="55.7772705" lon="37.6476819"/>
 <node id="11606168545" visible="true" version="1" changeset="147275971" timestamp="2024-02-09T22:43:32Z" user="Fantomas" uid="478018" lat="55.7780432" lon="37.6472092"/>
 <node id="11606168546" visible="true" version="1" changeset="147275971" timestamp="2024-02-09T22:43:32Z" user="Fantomas" uid="478018" lat="55.7780056" lon="37.6471263">
  <tag k="amenity" v="parking_entrance"/>
  <tag k="parking" v="underground"/>
 </node>
 <node id="11606168547" visible="true" version="1" changeset="147275971" timestamp="2024-02-09T22:43:32Z" user="Fantomas" uid="478018" lat="55.7780710" lon="37.6472706"/>
 <node id="11606168549" visible="true" version="1" changeset="147275971" timestamp="2024-02-09T22:43:32Z" user="Fantomas" uid="478018" lat="55.7777761" lon="37.6463304"/>
 <node id="11606168550" visible="true" version="1" changeset="147275971" timestamp="2024-02-09T22:43:32Z" user="Fantomas" uid="478018" lat="55.7778202" lon="37.6468413"/>
 <node id="11606168551" visible="true" version="1" changeset="147275971" timestamp="2024-02-09T22:43:32Z" user="Fantomas" uid="478018" lat="55.7778477" lon="37.6468749"/>
 <node id="11606168552" visible="true" version="1" changeset="147275971" timestamp="2024-02-09T22:43:32Z" user="Fantomas" uid="478018" lat="55.7778873" lon="37.6468789"/>
 <node id="11606168553" visible="true" version="1" changeset="147275971" timestamp="2024-02-09T22:43:32Z" user="Fantomas" uid="478018" lat="55.7780759" lon="37.6466167"/>
 <node id="11606168554" visible="true" version="1" changeset="147275971" timestamp="2024-02-09T22:43:32Z" user="Fantomas" uid="478018" lat="55.7782434" lon="37.6470084"/>
 <node id="11606168555" visible="true" version="1" changeset="147275971" timestamp="2024-02-09T22:43:32Z" user="Fantomas" uid="478018" lat="55.7788603" lon="37.6469159"/>
 <node id="11606168556" visible="true" version="1" changeset="147275971" timestamp="2024-02-09T22:43:32Z" user="Fantomas" uid="478018" lat="55.7787656" lon="37.6467166"/>
 <node id="11606168557" visible="true" version="1" changeset="147275971" timestamp="2024-02-09T22:43:32Z" user="Fantomas" uid="478018" lat="55.7787513" lon="37.6467367"/>
 <node id="11606168558" visible="true" version="1" changeset="147275971" timestamp="2024-02-09T22:43:32Z" user="Fantomas" uid="478018" lat="55.7786978" lon="37.6466289"/>
 <node id="11606168559" visible="true" version="1" changeset="147275971" timestamp="2024-02-09T22:43:32Z" user="Fantomas" uid="478018" lat="55.7787557" lon="37.6467184"/>
 <node id="11606168560" visible="true" version="1" changeset="147275971" timestamp="2024-02-09T22:43:32Z" user="Fantomas" uid="478018" lat="55.7787663" lon="37.6467023"/>
 <node id="11606168561" visible="true" version="1" changeset="147275971" timestamp="2024-02-09T22:43:32Z" user="Fantomas" uid="478018" lat="55.7788136" lon="37.6468011"/>
 <node id="11606168562" visible="true" version="1" changeset="147275971" timestamp="2024-02-09T22:43:32Z" user="Fantomas" uid="478018" lat="55.7787566" lon="37.6467456">
  <tag k="entrance" v="yes"/>
 </node>
 <node id="11606168563" visible="true" version="1" changeset="147275971" timestamp="2024-02-09T22:43:32Z" user="Fantomas" uid="478018" lat="55.7793127" lon="37.6457241">
  <tag k="barrier" v="entrance"/>
 </node>
 <node id="11606168564" visible="true" version="1" changeset="147275971" timestamp="2024-02-09T22:43:32Z" user="Fantomas" uid="478018" lat="55.7791227" lon="37.6460098"/>
 <node id="11606168565" visible="true" version="1" changeset="147275971" timestamp="2024-02-09T22:43:32Z" user="Fantomas" uid="478018" lat="55.7793309" lon="37.6456967"/>
 <node id="11606168566" visible="true" version="1" changeset="147275971" timestamp="2024-02-09T22:43:32Z" user="Fantomas" uid="478018" lat="55.7793641" lon="37.6457711"/>
 <node id="11606168567" visible="true" version="1" changeset="147275971" timestamp="2024-02-09T22:43:32Z" user="Fantomas" uid="478018" lat="55.7790637" lon="37.6454090">
  <tag k="entrance" v="shop"/>
 </node>
 <node id="11606168568" visible="true" version="1" changeset="147275971" timestamp="2024-02-09T22:43:32Z" user="Fantomas" uid="478018" lat="55.7794401" lon="37.6445020">
  <tag k="addr:flats" v="1-68"/>
  <tag k="entrance" v="staircase"/>
  <tag k="ref" v="1"/>
 </node>
 <node id="11606172269" visible="true" version="1" changeset="147275971" timestamp="2024-02-09T22:43:32Z" user="Fantomas" uid="478018" lat="55.7795360" lon="37.6451301"/>
 <node id="11606172270" visible="true" version="1" changeset="147275971" timestamp="2024-02-09T22:43:32Z" user="Fantomas" uid="478018" lat="55.7796284" lon="37.6449893"/>
 <node id="11606172271" visible="true" version="1" changeset="147275971" timestamp="2024-02-09T22:43:32Z" user="Fantomas" uid="478018" lat="55.7795137" lon="37.6454454">
  <tag k="entrance" v="yes"/>
 </node>
 <node id="11606172272" visible="true" version="1" changeset="147275971" timestamp="2024-02-09T22:43:32Z" user="Fantomas" uid="478018" lat="55.7788391" lon="37.6461768"/>
 <node id="11606172273" visible="true" version="2" changeset="171985399" timestamp="2025-09-15T20:42:14Z" user="Bobropiton" uid="2055718" lat="55.7792903" lon="37.6454950"/>
 <node id="11606172274" visible="true" version="1" changeset="147275971" timestamp="2024-02-09T22:43:32Z" user="Fantomas" uid="478018" lat="55.7794840" lon="37.6453333"/>
 <node id="11606172275" visible="true" version="1" changeset="147275971" timestamp="2024-02-09T22:43:32Z" user="Fantomas" uid="478018" lat="55.7788742" lon="37.6462445"/>
 <node id="11606172276" visible="true" version="1" changeset="147275971" timestamp="2024-02-09T22:43:32Z" user="Fantomas" uid="478018" lat="55.7785129" lon="37.6466455"/>
 <node id="11606172277" visible="true" version="1" changeset="147275971" timestamp="2024-02-09T22:43:32Z" user="Fantomas" uid="478018" lat="55.7788244" lon="37.6461996"/>
 <node id="11606172278" visible="true" version="1" changeset="147275971" timestamp="2024-02-09T22:43:32Z" user="Fantomas" uid="478018" lat="55.7788542" lon="37.6462734"/>
 <node id="11606172279" visible="true" version="1" changeset="147275971" timestamp="2024-02-09T22:43:32Z" user="Fantomas" uid="478018" lat="55.7785450" lon="37.6467327"/>
 <node id="11606172280" visible="true" version="1" changeset="147275971" timestamp="2024-02-09T22:43:32Z" user="Fantomas" uid="478018" lat="55.7784379" lon="37.6464397">
  <tag k="amenity" v="waste_disposal"/>
  <tag k="waste" v="trash"/>
 </node>
 <node id="11987758671" visible="true" version="1" changeset="152808551" timestamp="2024-06-17T15:30:23Z" user="Spjasshka" uid="7714489" lat="55.7795658" lon="37.6451089"/>
 <node id="11987758672" visible="true" version="1" changeset="152808551" timestamp="2024-06-17T15:30:23Z" user="Spjasshka" uid="7714489" lat="55.7796879" lon="37.6425735"/>
 <node id="11987758673" visible="true" version="1" changeset="152808551" timestamp="2024-06-17T15:30:23Z" user="Spjasshka" uid="7714489" lat="55.7797258" lon="37.6425770"/>
 <node id="11987758674" visible="true" version="1" changeset="152808551" timestamp="2024-06-17T15:30:23Z" user="Spjasshka" uid="7714489" lat="55.7797150" lon="37.6415935"/>
 <node id="11987758675" visible="true" version="1" changeset="152808551" timestamp="2024-06-17T15:30:23Z" user="Spjasshka" uid="7714489" lat="55.7796816" lon="37.6415937"/>
 <node id="12000706499" visible="true" version="1" changeset="153029928" timestamp="2024-06-22T13:31:19Z" user="alx_the_new_guy" uid="21087364" lat="55.8004886" lon="37.6079518"/>
 <node id="12033296603" visible="true" version="2" changeset="165592955" timestamp="2025-04-29T13:32:41Z" user="literan" uid="830106" lat="55.7771626" lon="37.6476985"/>
 <node id="12033296610" visible="true" version="2" changeset="165592955" timestamp="2025-04-29T13:32:41Z" user="literan" uid="830106" lat="55.7771499" lon="37.6470655"/>
 <node id="12520359428" visible="true" version="1" changeset="161595585" timestamp="2025-01-21T10:58:41Z" user="Fantomas" uid="478018" lat="55.7796020" lon="37.6434839">
  <tag k="amenity" v="parcel_locker"/>
  <tag k="brand" v="5post"/>
  <tag k="check_date" v="2025-01-21"/>
  <tag k="contact:phone" v="+7 800 5118800"/>
  <tag k="contact:website" v="https://fivepost.ru"/>
  <tag k="name" v="5post"/>
  <tag k="opening_hours" v="Mo-Su 08:00-23:00"/>
  <tag k="operator" v="5post"/>
 </node>
 <node id="12797906185" visible="true" version="1" changeset="165592955" timestamp="2025-04-29T13:32:41Z" user="literan" uid="830106" lat="55.7775468" lon="37.6443583"/>
 <node id="12797906187" visible="true" version="1" changeset="165592955" timestamp="2025-04-29T13:32:41Z" user="literan" uid="830106" lat="55.7774593" lon="37.6430240"/>
 <node id="12797906188" visible="true" version="1" changeset="165592955" timestamp="2025-04-29T13:32:41Z" user="literan" uid="830106" lat="55.7775852" lon="37.6437896">
  <tag k="contact:website" v="http://www.avangard-garant.ru/"/>
  <tag k="name" v="Авангард-Гарант"/>
  <tag k="office" v="insurance"/>
 </node>
 <node id="12797906189" visible="true" version="1" changeset="165592955" timestamp="2025-04-29T13:32:41Z" user="literan" uid="830106" lat="55.7775136" lon="37.6442288"/>
 <node id="12797931766" visible="true" version="1" changeset="165592955" timestamp="2025-04-29T13:32:41Z" user="literan" uid="830106" lat="55.7774676" lon="37.6480651"/>
 <node id="12797931767" visible="true" version="1" changeset="165592955" timestamp="2025-04-29T13:32:41Z" user="literan" uid="830106" lat="55.7777768" lon="37.6476574"/>
 <node id="12797931768" visible="true" version="1" changeset="165592955" timestamp="2025-04-29T13:32:41Z" user="literan" uid="830106" lat="55.7776682" lon="37.6474026"/>
 <node id="12797931769" visible="true" version="1" changeset="165592955" timestamp="2025-04-29T13:32:41Z" user="literan" uid="830106" lat="55.7775219" lon="37.6475233"/>
 <node id="12797931770" visible="true" version="1" changeset="165592955" timestamp="2025-04-29T13:32:41Z" user="literan" uid="830106" lat="55.7773906" lon="37.6476078"/>
 <node id="12797931771" visible="true" version="1" changeset="165592955" timestamp="2025-04-29T13:32:41Z" user="literan" uid="830106" lat="55.7772681" lon="37.6475676"/>
 <node id="12797931772" visible="true" version="1" changeset="165592955" timestamp="2025-04-29T13:32:41Z" user="literan" uid="830106" lat="55.7773401" lon="37.6462720"/>
 <node id="12797931773" visible="true" version="1" changeset="165592955" timestamp="2025-04-29T13:32:41Z" user="literan" uid="830106" lat="55.7773129" lon="37.6465939"/>
 <node id="12797931774" visible="true" version="1" changeset="165592955" timestamp="2025-04-29T13:32:41Z" user="literan" uid="830106" lat="55.7773387" lon="37.6476112"/>
 <node id="12797931775" visible="true" version="1" changeset="165592955" timestamp="2025-04-29T13:32:41Z" user="literan" uid="830106" lat="55.7773855" lon="37.6476041"/>
 <node id="12797931776" visible="true" version="1" changeset="165592955" timestamp="2025-04-29T13:32:41Z" user="literan" uid="830106" lat="55.7775149" lon="37.6475215"/>
 <node id="12797931777" visible="true" version="1" changeset="165592955" timestamp="2025-04-29T13:32:41Z" user="literan" uid="830106" lat="55.7775101" lon="37.6474265"/>
 <node id="12797931778" visible="true" version="1" changeset="165592955" timestamp="2025-04-29T13:32:41Z" user="literan" uid="830106" lat="55.7774510" lon="37.6462492"/>
 <node id="12797931779" visible="true" version="1" changeset="165592955" timestamp="2025-04-29T13:32:41Z" user="literan" uid="830106" lat="55.7773062" lon="37.6465912"/>
 <node id="12797931780" visible="true" version="1" changeset="165592955" timestamp="2025-04-29T13:32:41Z" user="literan" uid="830106" lat="55.7773356" lon="37.6462680"/>
 <node id="13085249131" visible="true" version="1" changeset="170747292" timestamp="2025-08-20T20:59:38Z" user="literan" uid="830106" lat="55.7794681" lon="37.6446533"/>
 <node id="13085249132" visible="true" version="1" changeset="170747292" timestamp="2025-08-20T20:59:38Z" user="literan" uid="830106" lat="55.7793275" lon="37.6445943"/>
 <node id="13085249133" visible="true" version="1" changeset="170747292" timestamp="2025-08-20T20:59:38Z" user="literan" uid="830106" lat="55.7791899" lon="37.6444403"/>
 <node id="13085249134" visible="true" version="1" changeset="170747292" timestamp="2025-08-20T20:59:38Z" user="literan" uid="830106" lat="55.7789014" lon="37.6440217">
  <tag k="leisure" v="fitness_station"/>
 </node>
 <node id="13085249135" visible="true" version="1" changeset="170747292" timestamp="2025-08-20T20:59:38Z" user="literan" uid="830106" lat="55.7788659" lon="37.6442402"/>
 <node id="13085249136" visible="true" version="1" changeset="170747292" timestamp="2025-08-20T20:59:38Z" user="literan" uid="830106" lat="55.7787146" lon="37.6439694"/>
 <node id="13085249137" visible="true" version="1" changeset="170747292" timestamp="2025-08-20T20:59:38Z" user="literan" uid="830106" lat="55.7787147" lon="37.6439070"/>
 <node id="13085249138" visible="true" version="1" changeset="170747292" timestamp="2025-08-20T20:59:38Z" user="literan" uid="830106" lat="55.7788417" lon="37.6436821"/>
 <node id="13085249139" visible="true" version="1" changeset="170747292" timestamp="2025-08-20T20:59:38Z" user="literan" uid="830106" lat="55.7788522" lon="37.6447376"/>
 <node id="13085249140" visible="true" version="1" changeset="170747292" timestamp="2025-08-20T20:59:38Z" user="literan" uid="830106" lat="55.7790583" lon="37.6451908"/>
 <node id="13085249141" visible="true" version="1" changeset="170747292" timestamp="2025-08-20T20:59:38Z" user="literan" uid="830106" lat="55.7790575" lon="37.6450966"/>
 <node id="13085249142" visible="true" version="1" changeset="170747292" timestamp="2025-08-20T20:59:38Z" user="literan" uid="830106" lat="55.7790111" lon="37.6449906"/>
 <node id="13085249143" visible="true" version="1" changeset="170747292" timestamp="2025-08-20T20:59:38Z" user="literan" uid="830106" lat="55.7790017" lon="37.6449450"/>
 <node id="13085249144" visible="true" version="1" changeset="170747292" timestamp="2025-08-20T20:59:38Z" user="literan" uid="830106" lat="55.7790028" lon="37.6449054"/>
 <node id="13085249145" visible="true" version="1" changeset="170747292" timestamp="2025-08-20T20:59:38Z" user="literan" uid="830106" lat="55.7790149" lon="37.6448558"/>
 <node id="13085249146" visible="true" version="1" changeset="170747292" timestamp="2025-08-20T20:59:38Z" user="literan" uid="830106" lat="55.7790375" lon="37.6448283"/>
 <node id="13085249147" visible="true" version="1" changeset="170747292" timestamp="2025-08-20T20:59:38Z" user="literan" uid="830106" lat="55.7790654" lon="37.6448116"/>
 <node id="13085249148" visible="true" version="1" changeset="170747292" timestamp="2025-08-20T20:59:38Z" user="literan" uid="830106" lat="55.7790926" lon="37.6448099">
  <tag k="amenity" v="parking_entrance"/>
  <tag k="parking" v="underground"/>
 </node>
 <node id="13085249149" visible="true" version="1" changeset="170747292" timestamp="2025-08-20T20:59:38Z" user="literan" uid="830106" lat="55.7790959" lon="37.6447624"/>
 <node id="13085249150" visible="true" version="1" changeset="170747292" timestamp="2025-08-20T20:59:38Z" user="literan" uid="830106" lat="55.7790919" lon="37.6448336"/>
 <node id="13085249151" visible="true" version="1" changeset="170747292" timestamp="2025-08-20T20:59:38Z" user="literan" uid="830106" lat="55.7789772" lon="37.6449262"/>
 <node id="13085249152" visible="true" version="1" changeset="170747292" timestamp="2025-08-20T20:59:38Z" user="literan" uid="830106" lat="55.7791738" lon="37.6441778"/>
 <node id="13085249153" visible="true" version="1" changeset="170747292" timestamp="2025-08-20T20:59:38Z" user="literan" uid="830106" lat="55.7792349" lon="37.6443077"/>
 <node id="13085249154" visible="true" version="1" changeset="170747292" timestamp="2025-08-20T20:59:38Z" user="literan" uid="830106" lat="55.7792316" lon="37.6443777"/>
 <node id="13085249155" visible="true" version="1" changeset="170747292" timestamp="2025-08-20T20:59:38Z" user="literan" uid="830106" lat="55.7790955" lon="37.6445821"/>
 <node id="13085249156" visible="true" version="1" changeset="170747292" timestamp="2025-08-20T20:59:38Z" user="literan" uid="830106" lat="55.7789684" lon="37.6445631"/>
 <node id="13085249157" visible="true" version="1" changeset="170747292" timestamp="2025-08-20T20:59:38Z" user="literan" uid="830106" lat="55.7787920" lon="37.6452474"/>
 <node id="13085249158" visible="true" version="1" changeset="170747292" timestamp="2025-08-20T20:59:38Z" user="literan" uid="830106" lat="55.7787362" lon="37.6452743"/>
 <node id="13085249159" visible="true" version="1" changeset="170747292" timestamp="2025-08-20T20:59:38Z" user="literan" uid="830106" lat="55.7787405" lon="37.6453975"/>
 <node id="13085249160" visible="true" version="1" changeset="170747292" timestamp="2025-08-20T20:59:38Z" user="literan" uid="830106" lat="55.7788350" lon="37.6453252"/>
 <node id="13085249161" visible="true" version="1" changeset="170747292" timestamp="2025-08-20T20:59:38Z" user="literan" uid="830106" lat="55.7788926" lon="37.6453048"/>
 <node id="13085249162" visible="true" version="1" changeset="170747292" timestamp="2025-08-20T20:59:38Z" user="literan" uid="830106" lat="55.7782527" lon="37.6464356">
  <tag k="amenity" v="hospital"/>
  <tag k="contact:website" v="https://www.gmsclinic.ru/"/>
  <tag k="healthcare" v="hospital"/>
  <tag k="health_facility:type" v="hospital"/>
  <tag k="medical_system:western" v="yes"/>
  <tag k="name" v="GMS"/>
 </node>
 <node id="13085249163" visible="true" version="3" changeset="185561897" timestamp="2026-07-11T21:45:58Z" user="TrickyFoxy" uid="11528195" lat="55.7786140" lon="37.6460400">
  <tag k="brand" v="Wildberries"/>
  <tag k="brand:wikidata" v="Q24933714"/>
  <tag k="brand:wikipedia" v="ru:Wildberries"/>
  <tag k="contact:email" v="sales@wildberries.ru"/>
  <tag k="contact:facebook" v="https://www.facebook.com/wbbot"/>
  <tag k="contact:instagram" v="https://www.instagram.com/wildberriesru"/>
  <tag k="contact:ok" v="https://ok.ru/wildberries"/>
  <tag k="contact:phone" v="+7 800 1007505"/>
  <tag k="contact:telegram" v="wbshop_bot"/>
  <tag k="contact:twitter" v="https://twitter.com/wildberries_ru"/>
  <tag k="contact:viber" v="wildberries"/>
  <tag k="contact:vk" v="https://vk.com/wbbot"/>
  <tag k="contact:website" v="https://www.wildberries.ru"/>
  <tag k="contact:whatsapp" v="+7 926 5373137"/>
  <tag k="name" v="Wildberries"/>
  <tag k="name:en" v="Wildberries"/>
  <tag k="name:ru" v="Вайлдберриз"/>
  <tag k="shop" v="outpost"/>
 </node>
 <node id="13085249164" visible="true" version="1" changeset="170747292" timestamp="2025-08-20T20:59:38Z" user="literan" uid="830106" lat="55.7784742" lon="37.6459029"/>
 <node id="13085249165" visible="true" version="1" changeset="170747292" timestamp="2025-08-20T20:59:38Z" user="literan" uid="830106" lat="55.7783647" lon="37.6459015">
  <tag k="crossing" v="uncontrolled"/>
  <tag k="highway" v="crossing"/>
 </node>
 <node id="13085249166" visible="true" version="1" changeset="170747292" timestamp="2025-08-20T20:59:38Z" user="literan" uid="830106" lat="55.7784056" lon="37.6459020"/>
 <node id="13085249167" visible="true" version="1" changeset="170747292" timestamp="2025-08-20T20:59:38Z" user="literan" uid="830106" lat="55.7783091" lon="37.6459008"/>
 <node id="13085249168" visible="true" version="1" changeset="170747292" timestamp="2025-08-20T20:59:38Z" user="literan" uid="830106" lat="55.7783372" lon="37.6459012"/>
 <node id="13085249169" visible="true" version="1" changeset="170747292" timestamp="2025-08-20T20:59:38Z" user="literan" uid="830106" lat="55.7783742" lon="37.6429552"/>
 <node id="13085249170" visible="true" version="1" changeset="170747292" timestamp="2025-08-20T20:59:38Z" user="literan" uid="830106" lat="55.7784433" lon="37.6429590"/>
 <node id="13085249171" visible="true" version="1" changeset="170747292" timestamp="2025-08-20T20:59:38Z" user="literan" uid="830106" lat="55.7784034" lon="37.6429568">
  <tag k="crossing" v="uncontrolled"/>
  <tag k="highway" v="crossing"/>
 </node>
 <node id="13085249172" visible="true" version="1" changeset="170747292" timestamp="2025-08-20T20:59:38Z" user="literan" uid="830106" lat="55.7783607" lon="37.6429544"/>
 <node id="13085249173" visible="true" version="1" changeset="170747292" timestamp="2025-08-20T20:59:38Z" user="literan" uid="830106" lat="55.7784783" lon="37.6429610"/>
 <node id="13085249175" visible="true" version="1" changeset="170747292" timestamp="2025-08-20T20:59:38Z" user="literan" uid="830106" lat="55.7783320" lon="37.6449902"/>
 <node id="13085249176" visible="true" version="1" changeset="170747292" timestamp="2025-08-20T20:59:38Z" user="literan" uid="830106" lat="55.7783141" lon="37.6450395"/>
 <node id="13085249177" visible="true" version="1" changeset="170747292" timestamp="2025-08-20T20:59:38Z" user="literan" uid="830106" lat="55.7783363" lon="37.6445355"/>
 <node id="13085249178" visible="true" version="2" changeset="183616295" timestamp="2026-06-03T22:41:46Z" user="Grass-snake" uid="11321493" lat="55.7783353" lon="37.6446389"/>
 <node id="13085249179" visible="true" version="1" changeset="170747292" timestamp="2025-08-20T20:59:38Z" user="literan" uid="830106" lat="55.7783101" lon="37.6457196"/>
 <node id="13104148872" visible="true" version="2" changeset="171151501" timestamp="2025-08-28T19:14:51Z" user="Felis Pimeja" uid="260756" lat="55.7794223" lon="37.6425470"/>
 <node id="13104148873" visible="true" version="2" changeset="171151501" timestamp="2025-08-28T19:14:51Z" user="Felis Pimeja" uid="260756" lat="55.7794220" lon="37.6423703"/>
 <node id="13104196614" visible="true" version="1" changeset="171142452" timestamp="2025-08-28T17:53:18Z" user="Felis Pimeja" uid="260756" lat="55.7792885" lon="37.6422022"/>
 <node id="13104196615" visible="true" version="2" changeset="171151501" timestamp="2025-08-28T19:14:51Z" user="Felis Pimeja" uid="260756" lat="55.7792887" lon="37.6422764"/>
 <node id="13104196616" visible="true" version="2" changeset="171151501" timestamp="2025-08-28T19:14:51Z" user="Felis Pimeja" uid="260756" lat="55.7793410" lon="37.6422761"/>
 <node id="13104196617" visible="true" version="1" changeset="171142452" timestamp="2025-08-28T17:53:18Z" user="Felis Pimeja" uid="260756" lat="55.7793407" lon="37.6421384"/>
 <node id="13104196618" visible="true" version="1" changeset="171142452" timestamp="2025-08-28T17:53:18Z" user="Felis Pimeja" uid="260756" lat="55.7792734" lon="37.6421388"/>
 <node id="13104196635" visible="true" version="1" changeset="171142452" timestamp="2025-08-28T17:53:18Z" user="Felis Pimeja" uid="260756" lat="55.7792731" lon="37.6419980"/>
 <node id="13104196636" visible="true" version="1" changeset="171142452" timestamp="2025-08-28T17:53:18Z" user="Felis Pimeja" uid="260756" lat="55.7794030" lon="37.6421422"/>
 <node id="13104196637" visible="true" version="2" changeset="171151501" timestamp="2025-08-28T19:14:51Z" user="Felis Pimeja" uid="260756" lat="55.7794029" lon="37.6420817"/>
 <node id="13104196638" visible="true" version="1" changeset="171142452" timestamp="2025-08-28T17:53:18Z" user="Felis Pimeja" uid="260756" lat="55.7794157" lon="37.6421421"/>
 <node id="13104196639" visible="true" version="2" changeset="171151501" timestamp="2025-08-28T19:14:51Z" user="Felis Pimeja" uid="260756" lat="55.7794286" lon="37.6423042"/>
 <node id="13104196640" visible="true" version="2" changeset="171151501" timestamp="2025-08-28T19:14:51Z" user="Felis Pimeja" uid="260756" lat="55.7794268" lon="37.6421942"/>
 <node id="13104196641" visible="true" version="2" changeset="171151501" timestamp="2025-08-28T19:14:51Z" user="Felis Pimeja" uid="260756" lat="55.7794159" lon="37.6423043"/>
 <node id="13104196642" visible="true" version="2" changeset="171151501" timestamp="2025-08-28T19:14:51Z" user="Felis Pimeja" uid="260756" lat="55.7794158" lon="37.6421943"/>
 <node id="13104196643" visible="true" version="2" changeset="171151501" timestamp="2025-08-28T19:14:51Z" user="Felis Pimeja" uid="260756" lat="55.7794155" lon="37.6420816"/>
 <node id="13104196648" visible="true" version="2" changeset="171151501" timestamp="2025-08-28T19:14:51Z" user="Felis Pimeja" uid="260756" lat="55.7793571" lon="37.6423707"/>
 <node id="13104196649" visible="true" version="2" changeset="171151501" timestamp="2025-08-28T19:14:51Z" user="Felis Pimeja" uid="260756" lat="55.7793571" lon="37.6424024"/>
 <node id="13104196650" visible="true" version="1" changeset="171142452" timestamp="2025-08-28T17:53:18Z" user="Felis Pimeja" uid="260756" lat="55.7794154" lon="37.6419972"/>
 <node id="13104285696" visible="true" version="1" changeset="171151501" timestamp="2025-08-28T19:14:51Z" user="Felis Pimeja" uid="260756" lat="55.7795715" lon="37.6423006"/>
 <node id="13104285697" visible="true" version="1" changeset="171151501" timestamp="2025-08-28T19:14:51Z" user="Felis Pimeja" uid="260756" lat="55.7795716" lon="37.6423416"/>
 <node id="13104285698" visible="true" version="1" changeset="171151501" timestamp="2025-08-28T19:14:51Z" user="Felis Pimeja" uid="260756" lat="55.7795085" lon="37.6422759">
  <tag k="emergency" v="fire_hose"/>
  <tag k="indoor" v="yes"/>
  <tag k="level" v="0"/>
 </node>
 <node id="13104320205" visible="true" version="1" changeset="171151501" timestamp="2025-08-28T19:14:51Z" user="Felis Pimeja" uid="260756" lat="55.7794286" lon="37.6420653">
  <tag k="emergency" v="fire_hose"/>
  <tag k="indoor" v="yes"/>
  <tag k="level" v="0"/>
 </node>
 <node id="13104320206" visible="true" version="1" changeset="171151501" timestamp="2025-08-28T19:14:51Z" user="Felis Pimeja" uid="260756" lat="55.7794280" lon="37.6420868">
  <tag k="emergency" v="fire_extinguisher"/>
  <tag k="indoor" v="yes"/>
  <tag k="level" v="0"/>
 </node>
 <node id="13104320207" visible="true" version="1" changeset="171151501" timestamp="2025-08-28T19:14:51Z" user="Felis Pimeja" uid="260756" lat="55.7794027" lon="37.6421495">
  <tag k="emergency" v="fire_extinguisher"/>
  <tag k="indoor" v="yes"/>
  <tag k="level" v="0"/>
 </node>
 <node id="13104320208" visible="true" version="1" changeset="171151501" timestamp="2025-08-28T19:14:51Z" user="Felis Pimeja" uid="260756" lat="55.7793679" lon="37.6421233">
  <tag k="emergency" v="fire_extinguisher"/>
  <tag k="indoor" v="yes"/>
  <tag k="level" v="0"/>
 </node>
 <node id="13104320209" visible="true" version="1" changeset="171151501" timestamp="2025-08-28T19:14:51Z" user="Felis Pimeja" uid="260756" lat="55.7793624" lon="37.6422025">
  <tag k="emergency" v="fire_extinguisher"/>
  <tag k="indoor" v="yes"/>
  <tag k="level" v="0"/>
 </node>
 <node id="13104320210" visible="true" version="1" changeset="171151501" timestamp="2025-08-28T19:14:51Z" user="Felis Pimeja" uid="260756" lat="55.7793997" lon="37.6423389">
  <tag k="emergency" v="phone"/>
  <tag k="indoor" v="yes"/>
  <tag k="level" v="0"/>
 </node>
 <node id="13104320211" visible="true" version="1" changeset="171151501" timestamp="2025-08-28T19:14:51Z" user="Felis Pimeja" uid="260756" lat="55.7793637" lon="37.6423416">
  <tag k="emergency" v="fire_extinguisher"/>
  <tag k="indoor" v="yes"/>
  <tag k="level" v="0"/>
 </node>
 <node id="13104320212" visible="true" version="1" changeset="171151501" timestamp="2025-08-28T19:14:51Z" user="Felis Pimeja" uid="260756" lat="55.7794636" lon="37.6423413">
  <tag k="emergency" v="fire_extinguisher"/>
  <tag k="indoor" v="yes"/>
  <tag k="level" v="0"/>
 </node>
 <node id="13104320213" visible="true" version="1" changeset="171151501" timestamp="2025-08-28T19:14:51Z" user="Felis Pimeja" uid="260756" lat="55.7794946" lon="37.6422752">
  <tag k="emergency" v="fire_extinguisher"/>
  <tag k="indoor" v="yes"/>
  <tag k="level" v="0"/>
 </node>
 <node id="13104320218" visible="true" version="1" changeset="171151501" timestamp="2025-08-28T19:14:51Z" user="Felis Pimeja" uid="260756" lat="55.7795055" lon="37.6425559">
  <tag k="door" v="yes"/>
  <tag k="entrance" v="service"/>
  <tag k="indoor" v="door"/>
  <tag k="level" v="0"/>
 </node>
 <node id="13104320219" visible="true" version="1" changeset="171151501" timestamp="2025-08-28T19:14:51Z" user="Felis Pimeja" uid="260756" lat="55.7794463" lon="37.6425469">
  <tag k="door" v="yes"/>
  <tag k="entrance" v="service"/>
  <tag k="indoor" v="door"/>
  <tag k="level" v="0"/>
 </node>
 <node id="13104320220" visible="true" version="1" changeset="171151501" timestamp="2025-08-28T19:14:51Z" user="Felis Pimeja" uid="260756" lat="55.7794308" lon="37.6421604">
  <tag k="door" v="yes"/>
  <tag k="indoor" v="door"/>
  <tag k="level" v="0"/>
 </node>
 <node id="13104320221" visible="true" version="1" changeset="171151501" timestamp="2025-08-28T19:14:51Z" user="Felis Pimeja" uid="260756" lat="55.7794308" lon="37.6421420"/>
 <node id="13104320222" visible="true" version="1" changeset="171151501" timestamp="2025-08-28T19:14:51Z" user="Felis Pimeja" uid="260756" lat="55.7794308" lon="37.6421727"/>
 <node id="13104320223" visible="true" version="1" changeset="171151501" timestamp="2025-08-28T19:14:51Z" user="Felis Pimeja" uid="260756" lat="55.7794157" lon="37.6421562">
  <tag k="door" v="yes"/>
  <tag k="indoor" v="door"/>
  <tag k="level" v="0"/>
 </node>
 <node id="13104320224" visible="true" version="1" changeset="171151501" timestamp="2025-08-28T19:14:51Z" user="Felis Pimeja" uid="260756" lat="55.7793878" lon="37.6421423">
  <tag k="door" v="yes"/>
  <tag k="indoor" v="door"/>
  <tag k="level" v="0"/>
 </node>
 <node id="13104320225" visible="true" version="1" changeset="171151501" timestamp="2025-08-28T19:14:51Z" user="Felis Pimeja" uid="260756" lat="55.7793243" lon="37.6423536">
  <tag k="door" v="yes"/>
  <tag k="indoor" v="door"/>
  <tag k="level" v="0"/>
 </node>
 <node id="13104320226" visible="true" version="1" changeset="171151501" timestamp="2025-08-28T19:14:51Z" user="Felis Pimeja" uid="260756" lat="55.7793475" lon="37.6423535">
  <tag k="door" v="yes"/>
  <tag k="indoor" v="door"/>
  <tag k="level" v="0"/>
 </node>
 <node id="13104320227" visible="true" version="1" changeset="171151501" timestamp="2025-08-28T19:14:51Z" user="Felis Pimeja" uid="260756" lat="55.7793472" lon="37.6423347">
  <tag k="door" v="yes"/>
  <tag k="indoor" v="door"/>
  <tag k="level" v="0"/>
 </node>
 <node id="13104320228" visible="true" version="1" changeset="171151501" timestamp="2025-08-28T19:14:51Z" user="Felis Pimeja" uid="260756" lat="55.7793361" lon="37.6423255">
  <tag k="door" v="yes"/>
  <tag k="indoor" v="door"/>
  <tag k="level" v="0"/>
 </node>
 <node id="13104320229" visible="true" version="1" changeset="171151501" timestamp="2025-08-28T19:14:51Z" user="Felis Pimeja" uid="260756" lat="55.7793201" lon="37.6422874">
  <tag k="door" v="yes"/>
  <tag k="indoor" v="door"/>
  <tag k="level" v="0"/>
 </node>
 <node id="13104320230" visible="true" version="1" changeset="171151501" timestamp="2025-08-28T19:14:51Z" user="Felis Pimeja" uid="260756" lat="55.7793400" lon="37.6423167">
  <tag k="door" v="yes"/>
  <tag k="indoor" v="door"/>
  <tag k="level" v="0"/>
 </node>
 <node id="13104320231" visible="true" version="1" changeset="171151501" timestamp="2025-08-28T19:14:51Z" user="Felis Pimeja" uid="260756" lat="55.7793672" lon="37.6423591">
  <tag k="door" v="yes"/>
  <tag k="entrance" v="service"/>
  <tag k="indoor" v="door"/>
  <tag k="level" v="0"/>
 </node>
 <node id="13104320232" visible="true" version="1" changeset="171151501" timestamp="2025-08-28T19:14:51Z" user="Felis Pimeja" uid="260756" lat="55.7793752" lon="37.6423024">
  <tag k="door" v="yes"/>
  <tag k="indoor" v="door"/>
  <tag k="level" v="0"/>
 </node>
 <node id="13104320233" visible="true" version="1" changeset="171151501" timestamp="2025-08-28T19:14:51Z" user="Felis Pimeja" uid="260756" lat="55.7794102" lon="37.6422713">
  <tag k="door" v="yes"/>
  <tag k="indoor" v="door"/>
  <tag k="level" v="0"/>
 </node>
 <node id="13104320234" visible="true" version="1" changeset="171151501" timestamp="2025-08-28T19:14:51Z" user="Felis Pimeja" uid="260756" lat="55.7794101" lon="37.6422234">
  <tag k="door" v="yes"/>
  <tag k="indoor" v="door"/>
  <tag k="level" v="0"/>
 </node>
 <node id="13104320235" visible="true" version="1" changeset="171151501" timestamp="2025-08-28T19:14:51Z" user="Felis Pimeja" uid="260756" lat="55.7793751" lon="37.6422678">
  <tag k="door" v="yes"/>
  <tag k="indoor" v="door"/>
  <tag k="level" v="0"/>
 </node>
 <node id="13104320236" visible="true" version="1" changeset="171151501" timestamp="2025-08-28T19:14:51Z" user="Felis Pimeja" uid="260756" lat="55.7793751" lon="37.6422216">
  <tag k="door" v="yes"/>
  <tag k="indoor" v="door"/>
  <tag k="level" v="0"/>
 </node>
 <node id="13104320237" visible="true" version="1" changeset="171151501" timestamp="2025-08-28T19:14:51Z" user="Felis Pimeja" uid="260756" lat="55.7794568" lon="37.6423509">
  <tag k="door" v="yes"/>
  <tag k="indoor" v="door"/>
  <tag k="level" v="0"/>
 </node>
 <node id="13104320238" visible="true" version="1" changeset="171151501" timestamp="2025-08-28T19:14:51Z" user="Felis Pimeja" uid="260756" lat="55.7794425" lon="37.6423379">
  <tag k="door" v="yes"/>
  <tag k="indoor" v="door"/>
  <tag k="level" v="0"/>
 </node>
 <node id="13104320239" visible="true" version="1" changeset="171151501" timestamp="2025-08-28T19:14:51Z" user="Felis Pimeja" uid="260756" lat="55.7794605" lon="37.6423010">
  <tag k="door" v="yes"/>
  <tag k="indoor" v="door"/>
  <tag k="level" v="0"/>
 </node>
 <node id="13104320240" visible="true" version="1" changeset="171151501" timestamp="2025-08-28T19:14:51Z" user="Felis Pimeja" uid="260756" lat="55.7794981" lon="37.6423581">
  <tag k="door" v="yes"/>
  <tag k="indoor" v="door"/>
  <tag k="level" v="0"/>
 </node>
 <node id="13104320241" visible="true" version="1" changeset="171151501" timestamp="2025-08-28T19:14:51Z" user="Felis Pimeja" uid="260756" lat="55.7794844" lon="37.6423763">
  <tag k="door" v="yes"/>
  <tag k="indoor" v="door"/>
  <tag k="level" v="0"/>
 </node>
 <node id="13104320242" visible="true" version="1" changeset="171151501" timestamp="2025-08-28T19:14:51Z" user="Felis Pimeja" uid="260756" lat="55.7795210" lon="37.6422644">
  <tag k="door" v="yes"/>
  <tag k="indoor" v="door"/>
  <tag k="level" v="0"/>
 </node>
 <node id="13104320243" visible="true" version="1" changeset="171151501" timestamp="2025-08-28T19:14:51Z" user="Felis Pimeja" uid="260756" lat="55.7795327" lon="37.6422928">
  <tag k="door" v="yes"/>
  <tag k="indoor" v="door"/>
  <tag k="level" v="0"/>
 </node>
 <node id="13104320244" visible="true" version="1" changeset="171151501" timestamp="2025-08-28T19:14:51Z" user="Felis Pimeja" uid="260756" lat="55.7795387" lon="37.6422643">
  <tag k="door" v="yes"/>
  <tag k="indoor" v="door"/>
  <tag k="level" v="0"/>
 </node>
 <node id="13104320245" visible="true" version="1" changeset="171151501" timestamp="2025-08-28T19:14:51Z" user="Felis Pimeja" uid="260756" lat="55.7795650" lon="37.6422903">
  <tag k="door" v="yes"/>
  <tag k="indoor" v="door"/>
  <tag k="level" v="0"/>
 </node>
 <node id="13104320259" visible="true" version="1" changeset="171151501" timestamp="2025-08-28T19:14:51Z" user="Felis Pimeja" uid="260756" lat="55.7792961" lon="37.6423956"/>
 <node id="13104320260" visible="true" version="1" changeset="171151501" timestamp="2025-08-28T19:14:51Z" user="Felis Pimeja" uid="260756" lat="55.7792961" lon="37.6424027"/>
 <node id="13104320261" visible="true" version="1" changeset="171151501" timestamp="2025-08-28T19:14:51Z" user="Felis Pimeja" uid="260756" lat="55.7792772" lon="37.6424028"/>
 <node id="13104320262" visible="true" version="1" changeset="171151501" timestamp="2025-08-28T19:14:51Z" user="Felis Pimeja" uid="260756" lat="55.7792772" lon="37.6423957"/>
 <node id="13104320263" visible="true" version="1" changeset="171151501" timestamp="2025-08-28T19:14:51Z" user="Felis Pimeja" uid="260756" lat="55.7792708" lon="37.6422765"/>
 <node id="13104320264" visible="true" version="1" changeset="171151501" timestamp="2025-08-28T19:14:51Z" user="Felis Pimeja" uid="260756" lat="55.7794068" lon="37.6423512"/>
 <node id="13104320265" visible="true" version="1" changeset="171151501" timestamp="2025-08-28T19:14:51Z" user="Felis Pimeja" uid="260756" lat="55.7793753" lon="37.6423514"/>
 <node id="13104320266" visible="true" version="1" changeset="171151501" timestamp="2025-08-28T19:14:51Z" user="Felis Pimeja" uid="260756" lat="55.7794550" lon="37.6423685"/>
 <node id="13104320267" visible="true" version="1" changeset="171151501" timestamp="2025-08-28T19:14:51Z" user="Felis Pimeja" uid="260756" lat="55.7794428" lon="37.6423686"/>
 <node id="13104320268" visible="true" version="1" changeset="171151501" timestamp="2025-08-28T19:14:51Z" user="Felis Pimeja" uid="260756" lat="55.7795103" lon="37.6421761"/>
 <node id="13104320269" visible="true" version="1" changeset="171151501" timestamp="2025-08-28T19:14:51Z" user="Felis Pimeja" uid="260756" lat="55.7795055" lon="37.6421761"/>
 <node id="13104320270" visible="true" version="1" changeset="171151501" timestamp="2025-08-28T19:14:51Z" user="Felis Pimeja" uid="260756" lat="55.7795054" lon="37.6421681"/>
 <node id="13104320271" visible="true" version="1" changeset="171151501" timestamp="2025-08-28T19:14:51Z" user="Felis Pimeja" uid="260756" lat="55.7795103" lon="37.6421681"/>
 <node id="13104320272" visible="true" version="1" changeset="171151501" timestamp="2025-08-28T19:14:51Z" user="Felis Pimeja" uid="260756" lat="55.7794837" lon="37.6421766"/>
 <node id="13104320273" visible="true" version="1" changeset="171151501" timestamp="2025-08-28T19:14:51Z" user="Felis Pimeja" uid="260756" lat="55.7794789" lon="37.6421767"/>
 <node id="13104320274" visible="true" version="1" changeset="171151501" timestamp="2025-08-28T19:14:51Z" user="Felis Pimeja" uid="260756" lat="55.7794788" lon="37.6421686"/>
 <node id="13104320275" visible="true" version="1" changeset="171151501" timestamp="2025-08-28T19:14:51Z" user="Felis Pimeja" uid="260756" lat="55.7794837" lon="37.6421686"/>
 <node id="13104320276" visible="true" version="1" changeset="171151501" timestamp="2025-08-28T19:14:51Z" user="Felis Pimeja" uid="260756" lat="55.7794833" lon="37.6420819"/>
 <node id="13104320277" visible="true" version="1" changeset="171151501" timestamp="2025-08-28T19:14:51Z" user="Felis Pimeja" uid="260756" lat="55.7794785" lon="37.6420819"/>
 <node id="13104320278" visible="true" version="1" changeset="171151501" timestamp="2025-08-28T19:14:51Z" user="Felis Pimeja" uid="260756" lat="55.7794785" lon="37.6420739"/>
 <node id="13104320279" visible="true" version="1" changeset="171151501" timestamp="2025-08-28T19:14:51Z" user="Felis Pimeja" uid="260756" lat="55.7794833" lon="37.6420739"/>
 <node id="13104320280" visible="true" version="1" changeset="171151501" timestamp="2025-08-28T19:14:51Z" user="Felis Pimeja" uid="260756" lat="55.7795093" lon="37.6420821"/>
 <node id="13104320281" visible="true" version="1" changeset="171151501" timestamp="2025-08-28T19:14:51Z" user="Felis Pimeja" uid="260756" lat="55.7795045" lon="37.6420821"/>
 <node id="13104320282" visible="true" version="1" changeset="171151501" timestamp="2025-08-28T19:14:51Z" user="Felis Pimeja" uid="260756" lat="55.7795045" lon="37.6420741"/>
 <node id="13104320283" visible="true" version="1" changeset="171151501" timestamp="2025-08-28T19:14:51Z" user="Felis Pimeja" uid="260756" lat="55.7795093" lon="37.6420740"/>
 <node id="13104320314" visible="true" version="1" changeset="171151501" timestamp="2025-08-28T19:14:51Z" user="Felis Pimeja" uid="260756" lat="55.7794927" lon="37.6425560"/>
 <node id="13104320315" visible="true" version="1" changeset="171151501" timestamp="2025-08-28T19:14:51Z" user="Felis Pimeja" uid="260756" lat="55.7794927" lon="37.6425469"/>
 <node id="13104320316" visible="true" version="1" changeset="171151501" timestamp="2025-08-28T19:14:51Z" user="Felis Pimeja" uid="260756" lat="55.7794924" lon="37.6424073"/>
 <node id="13104320317" visible="true" version="1" changeset="171151501" timestamp="2025-08-28T19:14:51Z" user="Felis Pimeja" uid="260756" lat="55.7794870" lon="37.6424073"/>
 <node id="13104320318" visible="true" version="1" changeset="171151501" timestamp="2025-08-28T19:14:51Z" user="Felis Pimeja" uid="260756" lat="55.7794869" lon="37.6423853"/>
 <node id="13104320319" visible="true" version="1" changeset="171151501" timestamp="2025-08-28T19:14:51Z" user="Felis Pimeja" uid="260756" lat="55.7794844" lon="37.6423853"/>
 <node id="13104320320" visible="true" version="1" changeset="171151501" timestamp="2025-08-28T19:14:51Z" user="Felis Pimeja" uid="260756" lat="55.7795611" lon="37.6424634"/>
 <node id="13104320321" visible="true" version="1" changeset="171151501" timestamp="2025-08-28T19:14:51Z" user="Felis Pimeja" uid="260756" lat="55.7795303" lon="37.6424636"/>
 <node id="13104320322" visible="true" version="1" changeset="171151501" timestamp="2025-08-28T19:14:51Z" user="Felis Pimeja" uid="260756" lat="55.7795301" lon="37.6423664"/>
 <node id="13104320323" visible="true" version="1" changeset="171151501" timestamp="2025-08-28T19:14:51Z" user="Felis Pimeja" uid="260756" lat="55.7795608" lon="37.6423047"/>
 <node id="13104320324" visible="true" version="1" changeset="171151501" timestamp="2025-08-28T19:14:51Z" user="Felis Pimeja" uid="260756" lat="55.7795327" lon="37.6423049"/>
 <node id="13104320325" visible="true" version="1" changeset="171151501" timestamp="2025-08-28T19:14:51Z" user="Felis Pimeja" uid="260756" lat="55.7795326" lon="37.6422643"/>
 <node id="13104320326" visible="true" version="1" changeset="171151501" timestamp="2025-08-28T19:14:51Z" user="Felis Pimeja" uid="260756" lat="55.7794425" lon="37.6423510"/>
 <node id="13104320327" visible="true" version="1" changeset="171151501" timestamp="2025-08-28T19:14:51Z" user="Felis Pimeja" uid="260756" lat="55.7794424" lon="37.6423011"/>
 <node id="13104320328" visible="true" version="1" changeset="171151501" timestamp="2025-08-28T19:14:51Z" user="Felis Pimeja" uid="260756" lat="55.7794694" lon="37.6422647"/>
 <node id="13104320329" visible="true" version="1" changeset="171151501" timestamp="2025-08-28T19:14:51Z" user="Felis Pimeja" uid="260756" lat="55.7794695" lon="37.6423009"/>
 <node id="13104320330" visible="true" version="1" changeset="171151501" timestamp="2025-08-28T19:14:51Z" user="Felis Pimeja" uid="260756" lat="55.7794530" lon="37.6423010"/>
 <node id="13104320331" visible="true" version="1" changeset="171151501" timestamp="2025-08-28T19:14:51Z" user="Felis Pimeja" uid="260756" lat="55.7794529" lon="37.6422648"/>
 <node id="13104320332" visible="true" version="1" changeset="171151501" timestamp="2025-08-28T19:14:51Z" user="Felis Pimeja" uid="260756" lat="55.7794270" lon="37.6422650"/>
 <node id="13104320333" visible="true" version="1" changeset="171151501" timestamp="2025-08-28T19:14:51Z" user="Felis Pimeja" uid="260756" lat="55.7795595" lon="37.6422641"/>
 <node id="13104320334" visible="true" version="1" changeset="171151501" timestamp="2025-08-28T19:14:51Z" user="Felis Pimeja" uid="260756" lat="55.7794285" lon="37.6422703"/>
 <node id="13104320335" visible="true" version="1" changeset="171151501" timestamp="2025-08-28T19:14:51Z" user="Felis Pimeja" uid="260756" lat="55.7794270" lon="37.6422703"/>
 <node id="13104320336" visible="true" version="1" changeset="171151501" timestamp="2025-08-28T19:14:51Z" user="Felis Pimeja" uid="260756" lat="55.7793724" lon="37.6421423"/>
 <node id="13104320337" visible="true" version="1" changeset="171151501" timestamp="2025-08-28T19:14:51Z" user="Felis Pimeja" uid="260756" lat="55.7793724" lon="37.6421547"/>
 <node id="13104320338" visible="true" version="1" changeset="171151501" timestamp="2025-08-28T19:14:51Z" user="Felis Pimeja" uid="260756" lat="55.7793769" lon="37.6421547"/>
 <node id="13104320339" visible="true" version="1" changeset="171151501" timestamp="2025-08-28T19:14:51Z" user="Felis Pimeja" uid="260756" lat="55.7793769" lon="37.6421423"/>
 <node id="13104320340" visible="true" version="1" changeset="171151501" timestamp="2025-08-28T19:14:51Z" user="Felis Pimeja" uid="260756" lat="55.7793614" lon="37.6422961"/>
 <node id="13104320341" visible="true" version="1" changeset="171151501" timestamp="2025-08-28T19:14:51Z" user="Felis Pimeja" uid="260756" lat="55.7794101" lon="37.6422479"/>
 <node id="13104320342" visible="true" version="1" changeset="171151501" timestamp="2025-08-28T19:14:51Z" user="Felis Pimeja" uid="260756" lat="55.7794100" lon="37.6422085"/>
 <node id="13104320343" visible="true" version="1" changeset="171151501" timestamp="2025-08-28T19:14:51Z" user="Felis Pimeja" uid="260756" lat="55.7794102" lon="37.6422867"/>
 <node id="13104320344" visible="true" version="1" changeset="171151501" timestamp="2025-08-28T19:14:51Z" user="Felis Pimeja" uid="260756" lat="55.7794196" lon="37.6422478"/>
 <node id="13104320345" visible="true" version="1" changeset="171151501" timestamp="2025-08-28T19:14:51Z" user="Felis Pimeja" uid="260756" lat="55.7793751" lon="37.6422480"/>
 <node id="13104320346" visible="true" version="1" changeset="171151501" timestamp="2025-08-28T19:14:51Z" user="Felis Pimeja" uid="260756" lat="55.7793752" lon="37.6422869"/>
 <node id="13104320347" visible="true" version="1" changeset="171151501" timestamp="2025-08-28T19:14:51Z" user="Felis Pimeja" uid="260756" lat="55.7793752" lon="37.6422960"/>
 <node id="13104320348" visible="true" version="1" changeset="171151501" timestamp="2025-08-28T19:14:51Z" user="Felis Pimeja" uid="260756" lat="55.7793996" lon="37.6423512"/>
 <node id="13104320349" visible="true" version="1" changeset="171151501" timestamp="2025-08-28T19:14:51Z" user="Felis Pimeja" uid="260756" lat="55.7793996" lon="37.6423589"/>
 <node id="13104320350" visible="true" version="1" changeset="171151501" timestamp="2025-08-28T19:14:51Z" user="Felis Pimeja" uid="260756" lat="55.7793865" lon="37.6423513"/>
 <node id="13104320351" visible="true" version="1" changeset="171151501" timestamp="2025-08-28T19:14:51Z" user="Felis Pimeja" uid="260756" lat="55.7793865" lon="37.6423590"/>
 <node id="13104320352" visible="true" version="1" changeset="171151501" timestamp="2025-08-28T19:14:51Z" user="Felis Pimeja" uid="260756" lat="55.7793733" lon="37.6423591"/>
 <node id="13104320353" visible="true" version="1" changeset="171151501" timestamp="2025-08-28T19:14:51Z" user="Felis Pimeja" uid="260756" lat="55.7793733" lon="37.6423514"/>
 <node id="13104320354" visible="true" version="1" changeset="171151501" timestamp="2025-08-28T19:14:51Z" user="Felis Pimeja" uid="260756" lat="55.7794067" lon="37.6422959"/>
 <node id="13104320355" visible="true" version="1" changeset="171151501" timestamp="2025-08-28T19:14:51Z" user="Felis Pimeja" uid="260756" lat="55.7793516" lon="37.6422962"/>
 <node id="13104320356" visible="true" version="1" changeset="171151501" timestamp="2025-08-28T19:14:51Z" user="Felis Pimeja" uid="260756" lat="55.7793515" lon="37.6422663"/>
 <node id="13104320357" visible="true" version="1" changeset="171151501" timestamp="2025-08-28T19:14:51Z" user="Felis Pimeja" uid="260756" lat="55.7793516" lon="37.6422760"/>
 <node id="13104320358" visible="true" version="1" changeset="171151501" timestamp="2025-08-28T19:14:51Z" user="Felis Pimeja" uid="260756" lat="55.7793919" lon="37.6421344"/>
 <node id="13104320359" visible="true" version="1" changeset="171151501" timestamp="2025-08-28T19:14:51Z" user="Felis Pimeja" uid="260756" lat="55.7793919" lon="37.6421422"/>
 <node id="13104320360" visible="true" version="1" changeset="171151501" timestamp="2025-08-28T19:14:51Z" user="Felis Pimeja" uid="260756" lat="55.7793839" lon="37.6421423"/>
 <node id="13104320361" visible="true" version="1" changeset="171151501" timestamp="2025-08-28T19:14:51Z" user="Felis Pimeja" uid="260756" lat="55.7793839" lon="37.6421345"/>
 <node id="13104320362" visible="true" version="1" changeset="171151501" timestamp="2025-08-28T19:14:51Z" user="Felis Pimeja" uid="260756" lat="55.7793566" lon="37.6421346"/>
 <node id="13104320363" visible="true" version="1" changeset="171151501" timestamp="2025-08-28T19:14:51Z" user="Felis Pimeja" uid="260756" lat="55.7793959" lon="37.6421344"/>
 <node id="13104320364" visible="true" version="1" changeset="171151501" timestamp="2025-08-28T19:14:51Z" user="Felis Pimeja" uid="260756" lat="55.7793959" lon="37.6420817"/>
 <node id="13104320365" visible="true" version="1" changeset="171151501" timestamp="2025-08-28T19:14:51Z" user="Felis Pimeja" uid="260756" lat="55.7794214" lon="37.6416608"/>
 <node id="13104320366" visible="true" version="1" changeset="171151501" timestamp="2025-08-28T19:14:51Z" user="Felis Pimeja" uid="260756" lat="55.7794216" lon="37.6417875"/>
 <node id="13104320367" visible="true" version="1" changeset="171151501" timestamp="2025-08-28T19:14:51Z" user="Felis Pimeja" uid="260756" lat="55.7794105" lon="37.6417875"/>
 <node id="13104320368" visible="true" version="1" changeset="171151501" timestamp="2025-08-28T19:14:51Z" user="Felis Pimeja" uid="260756" lat="55.7794106" lon="37.6418450"/>
 <node id="13104320369" visible="true" version="1" changeset="171151501" timestamp="2025-08-28T19:14:51Z" user="Felis Pimeja" uid="260756" lat="55.7794237" lon="37.6418449"/>
 <node id="13104320370" visible="true" version="1" changeset="171151501" timestamp="2025-08-28T19:14:51Z" user="Felis Pimeja" uid="260756" lat="55.7794239" lon="37.6419333"/>
 <node id="13104320371" visible="true" version="1" changeset="171151501" timestamp="2025-08-28T19:14:51Z" user="Felis Pimeja" uid="260756" lat="55.7794108" lon="37.6419334"/>
 <node id="13104320372" visible="true" version="1" changeset="171151501" timestamp="2025-08-28T19:14:51Z" user="Felis Pimeja" uid="260756" lat="55.7794110" lon="37.6420712"/>
 <node id="13104320373" visible="true" version="1" changeset="171151501" timestamp="2025-08-28T19:14:51Z" user="Felis Pimeja" uid="260756" lat="55.7793512" lon="37.6420715"/>
 <node id="13104320374" visible="true" version="1" changeset="171151501" timestamp="2025-08-28T19:14:51Z" user="Felis Pimeja" uid="260756" lat="55.7794197" lon="37.6422866"/>
 <node id="13104320375" visible="true" version="1" changeset="171151501" timestamp="2025-08-28T19:14:51Z" user="Felis Pimeja" uid="260756" lat="55.7794195" lon="37.6422084"/>
 <node id="13104320376" visible="true" version="1" changeset="171151501" timestamp="2025-08-28T19:14:51Z" user="Felis Pimeja" uid="260756" lat="55.7793750" lon="37.6422087"/>
 <node id="13104320377" visible="true" version="1" changeset="171151501" timestamp="2025-08-28T19:14:51Z" user="Felis Pimeja" uid="260756" lat="55.7793750" lon="37.6421994"/>
 <node id="13104320378" visible="true" version="1" changeset="171151501" timestamp="2025-08-28T19:14:51Z" user="Felis Pimeja" uid="260756" lat="55.7794070" lon="37.6421993"/>
 <node id="13104320379" visible="true" version="1" changeset="171151501" timestamp="2025-08-28T19:14:51Z" user="Felis Pimeja" uid="260756" lat="55.7794070" lon="37.6421686"/>
 <node id="13104320380" visible="true" version="1" changeset="171151501" timestamp="2025-08-28T19:14:51Z" user="Felis Pimeja" uid="260756" lat="55.7794157" lon="37.6421686"/>
 <node id="13104320381" visible="true" version="1" changeset="171151501" timestamp="2025-08-28T19:14:51Z" user="Felis Pimeja" uid="260756" lat="55.7793567" lon="37.6421424"/>
 <node id="13104320382" visible="true" version="1" changeset="171151501" timestamp="2025-08-28T19:14:51Z" user="Felis Pimeja" uid="260756" lat="55.7793565" lon="37.6420819"/>
 <node id="13104320383" visible="true" version="1" changeset="171151501" timestamp="2025-08-28T19:14:51Z" user="Felis Pimeja" uid="260756" lat="55.7793569" lon="37.6422870"/>
 <node id="13104320384" visible="true" version="1" changeset="171151501" timestamp="2025-08-28T19:14:51Z" user="Felis Pimeja" uid="260756" lat="55.7793614" lon="37.6422869"/>
 <node id="13104320385" visible="true" version="1" changeset="171151501" timestamp="2025-08-28T19:14:51Z" user="Felis Pimeja" uid="260756" lat="55.7793516" lon="37.6423166"/>
 <node id="13104320386" visible="true" version="1" changeset="171151501" timestamp="2025-08-28T19:14:51Z" user="Felis Pimeja" uid="260756" lat="55.7793361" lon="37.6423536"/>
 <node id="13104320387" visible="true" version="1" changeset="171151501" timestamp="2025-08-28T19:14:51Z" user="Felis Pimeja" uid="260756" lat="55.7793517" lon="37.6423535"/>
 <node id="13104320388" visible="true" version="1" changeset="171151501" timestamp="2025-08-28T19:14:51Z" user="Felis Pimeja" uid="260756" lat="55.7793202" lon="37.6423537"/>
 <node id="13104320389" visible="true" version="1" changeset="171151501" timestamp="2025-08-28T19:14:51Z" user="Felis Pimeja" uid="260756" lat="55.7793517" lon="37.6423346"/>
 <node id="13104320390" visible="true" version="1" changeset="171151501" timestamp="2025-08-28T19:14:51Z" user="Felis Pimeja" uid="260756" lat="55.7793361" lon="37.6423347"/>
 <node id="13104320391" visible="true" version="1" changeset="171151501" timestamp="2025-08-28T19:14:51Z" user="Felis Pimeja" uid="260756" lat="55.7793362" lon="37.6423765"/>
 <node id="13104320392" visible="true" version="1" changeset="171151501" timestamp="2025-08-28T19:14:51Z" user="Felis Pimeja" uid="260756" lat="55.7793290" lon="37.6423167"/>
 <node id="13104320393" visible="true" version="1" changeset="171151501" timestamp="2025-08-28T19:14:51Z" user="Felis Pimeja" uid="260756" lat="55.7793290" lon="37.6423014"/>
 <node id="13104320394" visible="true" version="1" changeset="171151501" timestamp="2025-08-28T19:14:51Z" user="Felis Pimeja" uid="260756" lat="55.7793361" lon="37.6423014"/>
 <node id="13104320395" visible="true" version="1" changeset="171151501" timestamp="2025-08-28T19:14:51Z" user="Felis Pimeja" uid="260756" lat="55.7793361" lon="37.6423167"/>
 <node id="13104320396" visible="true" version="1" changeset="171151501" timestamp="2025-08-28T19:14:51Z" user="Felis Pimeja" uid="260756" lat="55.7793279" lon="37.6423855"/>
 <node id="13104320397" visible="true" version="1" changeset="171151501" timestamp="2025-08-28T19:14:51Z" user="Felis Pimeja" uid="260756" lat="55.7793279" lon="37.6423766"/>
 <node id="13104320398" visible="true" version="1" changeset="171151501" timestamp="2025-08-28T19:14:51Z" user="Felis Pimeja" uid="260756" lat="55.7793408" lon="37.6423854"/>
 <node id="13104320399" visible="true" version="1" changeset="171151501" timestamp="2025-08-28T19:14:51Z" user="Felis Pimeja" uid="260756" lat="55.7793408" lon="37.6423765"/>
 <node id="13104320400" visible="true" version="1" changeset="171151501" timestamp="2025-08-28T19:14:51Z" user="Felis Pimeja" uid="260756" lat="55.7793615" lon="37.6423592"/>
 <node id="13104320401" visible="true" version="1" changeset="171151501" timestamp="2025-08-28T19:14:51Z" user="Felis Pimeja" uid="260756" lat="55.7793614" lon="37.6423139"/>
 <node id="13104320402" visible="true" version="1" changeset="171151501" timestamp="2025-08-28T19:14:51Z" user="Felis Pimeja" uid="260756" lat="55.7793516" lon="37.6423139"/>
 <node id="13104320403" visible="true" version="1" changeset="171151501" timestamp="2025-08-28T19:14:51Z" user="Felis Pimeja" uid="260756" lat="55.7793517" lon="37.6423682"/>
 <node id="13104320404" visible="true" version="1" changeset="171151501" timestamp="2025-08-28T19:14:51Z" user="Felis Pimeja" uid="260756" lat="55.7793447" lon="37.6423682"/>
 <node id="13104320405" visible="true" version="1" changeset="171151501" timestamp="2025-08-28T19:14:51Z" user="Felis Pimeja" uid="260756" lat="55.7793448" lon="37.6423765"/>
 <node id="13104320406" visible="true" version="1" changeset="171151501" timestamp="2025-08-28T19:14:51Z" user="Felis Pimeja" uid="260756" lat="55.7793203" lon="37.6423766"/>
 <node id="13104320407" visible="true" version="1" changeset="171151501" timestamp="2025-08-28T19:14:51Z" user="Felis Pimeja" uid="260756" lat="55.7793258" lon="37.6423167"/>
 <node id="13104320408" visible="true" version="1" changeset="171151501" timestamp="2025-08-28T19:14:51Z" user="Felis Pimeja" uid="260756" lat="55.7793258" lon="37.6423302"/>
 <node id="13104320409" visible="true" version="1" changeset="171151501" timestamp="2025-08-28T19:14:51Z" user="Felis Pimeja" uid="260756" lat="55.7793202" lon="37.6423302"/>
 <node id="13104320410" visible="true" version="1" changeset="171151501" timestamp="2025-08-28T19:14:51Z" user="Felis Pimeja" uid="260756" lat="55.7793202" lon="37.6423168"/>
 <node id="13104320411" visible="true" version="1" changeset="171151501" timestamp="2025-08-28T19:14:51Z" user="Felis Pimeja" uid="260756" lat="55.7793201" lon="37.6422971"/>
 <node id="13104320412" visible="true" version="1" changeset="171151501" timestamp="2025-08-28T19:14:51Z" user="Felis Pimeja" uid="260756" lat="55.7793155" lon="37.6422972"/>
 <node id="13104320413" visible="true" version="1" changeset="171151501" timestamp="2025-08-28T19:14:51Z" user="Felis Pimeja" uid="260756" lat="55.7793201" lon="37.6422792"/>
 <node id="13104320414" visible="true" version="1" changeset="171151501" timestamp="2025-08-28T19:14:51Z" user="Felis Pimeja" uid="260756" lat="55.7793155" lon="37.6422792"/>
 <node id="13104320415" visible="true" version="1" changeset="171151501" timestamp="2025-08-28T19:14:51Z" user="Felis Pimeja" uid="260756" lat="55.7793201" lon="37.6422762"/>
 <node id="13104320416" visible="true" version="1" changeset="171151501" timestamp="2025-08-28T19:14:51Z" user="Felis Pimeja" uid="260756" lat="55.7793155" lon="37.6422762"/>
 <node id="13104320417" visible="true" version="1" changeset="171151501" timestamp="2025-08-28T19:14:51Z" user="Felis Pimeja" uid="260756" lat="55.7793157" lon="37.6423955"/>
 <node id="13104320418" visible="true" version="1" changeset="171151501" timestamp="2025-08-28T19:14:51Z" user="Felis Pimeja" uid="260756" lat="55.7792710" lon="37.6423957"/>
 <node id="13104320419" visible="true" version="1" changeset="171151501" timestamp="2025-08-28T19:14:51Z" user="Felis Pimeja" uid="260756" lat="55.7792656" lon="37.6423689"/>
 <node id="13104320420" visible="true" version="1" changeset="171151501" timestamp="2025-08-28T19:14:51Z" user="Felis Pimeja" uid="260756" lat="55.7792566" lon="37.6423689"/>
 <node id="13104320421" visible="true" version="1" changeset="171151501" timestamp="2025-08-28T19:14:51Z" user="Felis Pimeja" uid="260756" lat="55.7792654" lon="37.6422668"/>
 <node id="13104320422" visible="true" version="1" changeset="171151501" timestamp="2025-08-28T19:14:51Z" user="Felis Pimeja" uid="260756" lat="55.7794290" lon="37.6425470"/>
 <node id="13104320423" visible="true" version="1" changeset="171151501" timestamp="2025-08-28T19:14:51Z" user="Felis Pimeja" uid="260756" lat="55.7794290" lon="37.6425414"/>
 <node id="13104320424" visible="true" version="1" changeset="171151501" timestamp="2025-08-28T19:14:51Z" user="Felis Pimeja" uid="260756" lat="55.7794222" lon="37.6425268"/>
 <node id="13104320425" visible="true" version="1" changeset="171151501" timestamp="2025-08-28T19:14:51Z" user="Felis Pimeja" uid="260756" lat="55.7794254" lon="37.6425268"/>
 <node id="13104320426" visible="true" version="1" changeset="171151501" timestamp="2025-08-28T19:14:51Z" user="Felis Pimeja" uid="260756" lat="55.7794255" lon="37.6425414"/>
 <node id="13104320427" visible="true" version="1" changeset="171151501" timestamp="2025-08-28T19:14:51Z" user="Felis Pimeja" uid="260756" lat="55.7794649" lon="37.6425468"/>
 <node id="13104320428" visible="true" version="1" changeset="171151501" timestamp="2025-08-28T19:14:51Z" user="Felis Pimeja" uid="260756" lat="55.7794646" lon="37.6423815"/>
 <node id="13104320429" visible="true" version="1" changeset="171151501" timestamp="2025-08-28T19:14:51Z" user="Felis Pimeja" uid="260756" lat="55.7794428" lon="37.6423817"/>
 <node id="13104320430" visible="true" version="1" changeset="171151501" timestamp="2025-08-28T19:14:51Z" user="Felis Pimeja" uid="260756" lat="55.7794428" lon="37.6423587"/>
 <node id="13104320431" visible="true" version="1" changeset="171151501" timestamp="2025-08-28T19:14:51Z" user="Felis Pimeja" uid="260756" lat="55.7794580" lon="37.6424713"/>
 <node id="13104320432" visible="true" version="1" changeset="171151501" timestamp="2025-08-28T19:14:51Z" user="Felis Pimeja" uid="260756" lat="55.7794579" lon="37.6424203"/>
 <node id="13104320433" visible="true" version="1" changeset="171151501" timestamp="2025-08-28T19:14:51Z" user="Felis Pimeja" uid="260756" lat="55.7794647" lon="37.6424203"/>
 <node id="13104320434" visible="true" version="1" changeset="171151501" timestamp="2025-08-28T19:14:51Z" user="Felis Pimeja" uid="260756" lat="55.7794511" lon="37.6424204"/>
 <node id="13104320435" visible="true" version="1" changeset="171151501" timestamp="2025-08-28T19:14:51Z" user="Felis Pimeja" uid="260756" lat="55.7794648" lon="37.6424713"/>
 <node id="13104320436" visible="true" version="1" changeset="171151501" timestamp="2025-08-28T19:14:51Z" user="Felis Pimeja" uid="260756" lat="55.7794512" lon="37.6424713"/>
 <node id="13104320437" visible="true" version="1" changeset="171151501" timestamp="2025-08-28T19:14:51Z" user="Felis Pimeja" uid="260756" lat="55.7794511" lon="37.6423968"/>
 <node id="13104320438" visible="true" version="1" changeset="171151501" timestamp="2025-08-28T19:14:51Z" user="Felis Pimeja" uid="260756" lat="55.7794646" lon="37.6423967"/>
 <node id="13104320439" visible="true" version="1" changeset="171151501" timestamp="2025-08-28T19:14:51Z" user="Felis Pimeja" uid="260756" lat="55.7794219" lon="37.6423588"/>
 <node id="13104320440" visible="true" version="1" changeset="171151501" timestamp="2025-08-28T19:14:51Z" user="Felis Pimeja" uid="260756" lat="55.7794160" lon="37.6423588"/>
 <node id="13104320441" visible="true" version="1" changeset="171151501" timestamp="2025-08-28T19:14:51Z" user="Felis Pimeja" uid="260756" lat="55.7794219" lon="37.6423511"/>
 <node id="13104320442" visible="true" version="1" changeset="171151501" timestamp="2025-08-28T19:14:51Z" user="Felis Pimeja" uid="260756" lat="55.7794367" lon="37.6423510"/>
 <node id="13104320443" visible="true" version="1" changeset="171151501" timestamp="2025-08-28T19:14:51Z" user="Felis Pimeja" uid="260756" lat="55.7794367" lon="37.6423587"/>
 <node id="13104320444" visible="true" version="1" changeset="171151501" timestamp="2025-08-28T19:14:51Z" user="Felis Pimeja" uid="260756" lat="55.7794517" lon="37.6423509"/>
 <node id="13104320445" visible="true" version="1" changeset="171151501" timestamp="2025-08-28T19:14:51Z" user="Felis Pimeja" uid="260756" lat="55.7794518" lon="37.6423586"/>
 <node id="13104320446" visible="true" version="1" changeset="171151501" timestamp="2025-08-28T19:14:51Z" user="Felis Pimeja" uid="260756" lat="55.7794625" lon="37.6423508"/>
 <node id="13104320447" visible="true" version="1" changeset="171151501" timestamp="2025-08-28T19:14:51Z" user="Felis Pimeja" uid="260756" lat="55.7794625" lon="37.6423585"/>
 <node id="13104320448" visible="true" version="1" changeset="171151501" timestamp="2025-08-28T19:14:51Z" user="Felis Pimeja" uid="260756" lat="55.7793571" lon="37.6423592"/>
 <node id="13104320449" visible="true" version="1" changeset="171151501" timestamp="2025-08-28T19:14:51Z" user="Felis Pimeja" uid="260756" lat="55.7794646" lon="37.6423585"/>
 <node id="13104320450" visible="true" version="1" changeset="171151501" timestamp="2025-08-28T19:14:51Z" user="Felis Pimeja" uid="260756" lat="55.7794650" lon="37.6425562"/>
 <node id="13104320451" visible="true" version="1" changeset="171151501" timestamp="2025-08-28T19:14:51Z" user="Felis Pimeja" uid="260756" lat="55.7795188" lon="37.6425559"/>
 <node id="13104320452" visible="true" version="1" changeset="171151501" timestamp="2025-08-28T19:14:51Z" user="Felis Pimeja" uid="260756" lat="55.7795188" lon="37.6425468"/>
 <node id="13104320453" visible="true" version="1" changeset="171151501" timestamp="2025-08-28T19:14:51Z" user="Felis Pimeja" uid="260756" lat="55.7794696" lon="37.6423583"/>
 <node id="13104320454" visible="true" version="1" changeset="171151501" timestamp="2025-08-28T19:14:51Z" user="Felis Pimeja" uid="260756" lat="55.7794916" lon="37.6423667"/>
 <node id="13104320455" visible="true" version="1" changeset="171151501" timestamp="2025-08-28T19:14:51Z" user="Felis Pimeja" uid="260756" lat="55.7794915" lon="37.6423581"/>
 <node id="13104320456" visible="true" version="1" changeset="171151501" timestamp="2025-08-28T19:14:51Z" user="Felis Pimeja" uid="260756" lat="55.7795050" lon="37.6423666"/>
 <node id="13104320457" visible="true" version="1" changeset="171151501" timestamp="2025-08-28T19:14:51Z" user="Felis Pimeja" uid="260756" lat="55.7795050" lon="37.6423580"/>
 <node id="13104320458" visible="true" version="1" changeset="171151501" timestamp="2025-08-28T19:14:51Z" user="Felis Pimeja" uid="260756" lat="55.7795609" lon="37.6423662"/>
 <node id="13104320459" visible="true" version="1" changeset="171151501" timestamp="2025-08-28T19:14:51Z" user="Felis Pimeja" uid="260756" lat="55.7794844" lon="37.6423667"/>
 <node id="13104320460" visible="true" version="1" changeset="171151501" timestamp="2025-08-28T19:14:51Z" user="Felis Pimeja" uid="260756" lat="55.7794844" lon="37.6423582"/>
 <node id="13104320461" visible="true" version="1" changeset="171151501" timestamp="2025-08-28T19:14:51Z" user="Felis Pimeja" uid="260756" lat="55.7795609" lon="37.6423577"/>
 <node id="13104320462" visible="true" version="1" changeset="171151501" timestamp="2025-08-28T19:14:51Z" user="Felis Pimeja" uid="260756" lat="55.7795781" lon="37.6423006"/>
 <node id="13104320463" visible="true" version="1" changeset="171151501" timestamp="2025-08-28T19:14:51Z" user="Felis Pimeja" uid="260756" lat="55.7795609" lon="37.6423277"/>
 <node id="13104320464" visible="true" version="1" changeset="171151501" timestamp="2025-08-28T19:14:51Z" user="Felis Pimeja" uid="260756" lat="55.7795651" lon="37.6423277"/>
 <node id="13104320465" visible="true" version="1" changeset="171151501" timestamp="2025-08-28T19:14:51Z" user="Felis Pimeja" uid="260756" lat="55.7795651" lon="37.6423417"/>
 <node id="13104320466" visible="true" version="1" changeset="171151501" timestamp="2025-08-28T19:14:51Z" user="Felis Pimeja" uid="260756" lat="55.7795609" lon="37.6423417"/>
 <node id="13104320467" visible="true" version="1" changeset="171151501" timestamp="2025-08-28T19:14:51Z" user="Felis Pimeja" uid="260756" lat="55.7795782" lon="37.6423416"/>
 <node id="13104320468" visible="true" version="1" changeset="171151501" timestamp="2025-08-28T19:14:51Z" user="Felis Pimeja" uid="260756" lat="55.7795781" lon="37.6422701"/>
 <node id="13104320469" visible="true" version="1" changeset="171151501" timestamp="2025-08-28T19:14:51Z" user="Felis Pimeja" uid="260756" lat="55.7795650" lon="37.6422702"/>
 <node id="13104320470" visible="true" version="1" changeset="171151501" timestamp="2025-08-28T19:14:51Z" user="Felis Pimeja" uid="260756" lat="55.7795608" lon="37.6423007"/>
 <node id="13104320471" visible="true" version="1" changeset="171151501" timestamp="2025-08-28T19:14:51Z" user="Felis Pimeja" uid="260756" lat="55.7795650" lon="37.6423007"/>
 <node id="13104320472" visible="true" version="1" changeset="171151501" timestamp="2025-08-28T19:14:51Z" user="Felis Pimeja" uid="260756" lat="55.7795608" lon="37.6422796"/>
 <node id="13104320473" visible="true" version="1" changeset="171151501" timestamp="2025-08-28T19:14:51Z" user="Felis Pimeja" uid="260756" lat="55.7795650" lon="37.6422796"/>
 <node id="13104320474" visible="true" version="1" changeset="171151501" timestamp="2025-08-28T19:14:51Z" user="Felis Pimeja" uid="260756" lat="55.7795595" lon="37.6422678"/>
 <node id="13104320475" visible="true" version="1" changeset="171151501" timestamp="2025-08-28T19:14:51Z" user="Felis Pimeja" uid="260756" lat="55.7795593" lon="37.6421691"/>
 <node id="13104320476" visible="true" version="1" changeset="171151501" timestamp="2025-08-28T19:14:51Z" user="Felis Pimeja" uid="260756" lat="55.7795607" lon="37.6422678"/>
 <node id="13104320477" visible="true" version="1" changeset="171151501" timestamp="2025-08-28T19:14:51Z" user="Felis Pimeja" uid="260756" lat="55.7795605" lon="37.6421691"/>
 <node id="13104320478" visible="true" version="1" changeset="171151501" timestamp="2025-08-28T19:14:51Z" user="Felis Pimeja" uid="260756" lat="55.7795605" lon="37.6421438"/>
 <node id="13104320479" visible="true" version="1" changeset="171151501" timestamp="2025-08-28T19:14:51Z" user="Felis Pimeja" uid="260756" lat="55.7795648" lon="37.6421438"/>
 <node id="13104320480" visible="true" version="1" changeset="171151501" timestamp="2025-08-28T19:14:51Z" user="Felis Pimeja" uid="260756" lat="55.7795605" lon="37.6421297"/>
 <node id="13104320481" visible="true" version="1" changeset="171151501" timestamp="2025-08-28T19:14:51Z" user="Felis Pimeja" uid="260756" lat="55.7795647" lon="37.6421297"/>
 <node id="13104320482" visible="true" version="1" changeset="171151501" timestamp="2025-08-28T19:14:51Z" user="Felis Pimeja" uid="260756" lat="55.7795604" lon="37.6420994"/>
 <node id="13104320483" visible="true" version="1" changeset="171151501" timestamp="2025-08-28T19:14:51Z" user="Felis Pimeja" uid="260756" lat="55.7795647" lon="37.6420994"/>
 <node id="13104320484" visible="true" version="1" changeset="171151501" timestamp="2025-08-28T19:14:51Z" user="Felis Pimeja" uid="260756" lat="55.7795604" lon="37.6420836"/>
 <node id="13104320485" visible="true" version="1" changeset="171151501" timestamp="2025-08-28T19:14:51Z" user="Felis Pimeja" uid="260756" lat="55.7795646" lon="37.6420836"/>
 <node id="13104320486" visible="true" version="1" changeset="171151501" timestamp="2025-08-28T19:14:51Z" user="Felis Pimeja" uid="260756" lat="55.7795603" lon="37.6420477"/>
 <node id="13104320487" visible="true" version="1" changeset="171151501" timestamp="2025-08-28T19:14:51Z" user="Felis Pimeja" uid="260756" lat="55.7795646" lon="37.6420477"/>
 <node id="13104320488" visible="true" version="1" changeset="171151501" timestamp="2025-08-28T19:14:51Z" user="Felis Pimeja" uid="260756" lat="55.7795603" lon="37.6420335"/>
 <node id="13104320489" visible="true" version="1" changeset="171151501" timestamp="2025-08-28T19:14:51Z" user="Felis Pimeja" uid="260756" lat="55.7795646" lon="37.6420335"/>
 <node id="13104320504" visible="true" version="1" changeset="171151501" timestamp="2025-08-28T19:14:51Z" user="Felis Pimeja" uid="260756" lat="55.7794160" lon="37.6423511"/>
 <node id="13104320505" visible="true" version="1" changeset="171151501" timestamp="2025-08-28T19:14:51Z" user="Felis Pimeja" uid="260756" lat="55.7794696" lon="37.6423508"/>
 <node id="13104320506" visible="true" version="1" changeset="171151501" timestamp="2025-08-28T19:14:51Z" user="Felis Pimeja" uid="260756" lat="55.7794699" lon="37.6425471"/>
 <node id="13104320507" visible="true" version="1" changeset="171151501" timestamp="2025-08-28T19:14:51Z" user="Felis Pimeja" uid="260756" lat="55.7795613" lon="37.6425465"/>
 <node id="13104320524" visible="true" version="1" changeset="171151501" timestamp="2025-08-28T19:14:51Z" user="Felis Pimeja" uid="260756" lat="55.7792566" lon="37.6423772"/>
 <node id="13104320525" visible="true" version="1" changeset="171151501" timestamp="2025-08-28T19:14:51Z" user="Felis Pimeja" uid="260756" lat="55.7792656" lon="37.6423771"/>
 <node id="13104320526" visible="true" version="1" changeset="171151501" timestamp="2025-08-28T19:14:51Z" user="Felis Pimeja" uid="260756" lat="55.7792657" lon="37.6424029"/>
 <node id="13104320527" visible="true" version="1" changeset="171151501" timestamp="2025-08-28T19:14:51Z" user="Felis Pimeja" uid="260756" lat="55.7793571" lon="37.6423853"/>
 <node id="13104320528" visible="true" version="1" changeset="171151501" timestamp="2025-08-28T19:14:51Z" user="Felis Pimeja" uid="260756" lat="55.7793203" lon="37.6423855"/>
 <node id="13104320529" visible="true" version="1" changeset="171151501" timestamp="2025-08-28T19:14:51Z" user="Felis Pimeja" uid="260756" lat="55.7793203" lon="37.6424026"/>
 <node id="13104320530" visible="true" version="1" changeset="171151501" timestamp="2025-08-28T19:14:51Z" user="Felis Pimeja" uid="260756" lat="55.7794223" lon="37.6425564"/>
 <node id="13104320532" visible="true" version="1" changeset="171151501" timestamp="2025-08-28T19:14:51Z" user="Felis Pimeja" uid="260756" lat="55.7794268" lon="37.6421727"/>
 <node id="13104320533" visible="true" version="1" changeset="171151501" timestamp="2025-08-28T19:14:51Z" user="Felis Pimeja" uid="260756" lat="55.7794157" lon="37.6421728"/>
 <node id="13145540706" visible="true" version="1" changeset="171985399" timestamp="2025-09-15T20:42:14Z" user="Bobropiton" uid="2055718" lat="55.7788868" lon="37.6463067"/>
 <node id="13145540708" visible="true" version="1" changeset="171985399" timestamp="2025-09-15T20:42:14Z" user="Bobropiton" uid="2055718" lat="55.7772243" lon="37.6485315"/>
 <node id="13145540709" visible="true" version="1" changeset="171985399" timestamp="2025-09-15T20:42:14Z" user="Bobropiton" uid="2055718" lat="55.7797789" lon="37.6447064"/>
 <node id="13145540710" visible="true" version="1" changeset="171985399" timestamp="2025-09-15T20:42:14Z" user="Bobropiton" uid="2055718" lat="55.7788484" lon="37.6462230">
  <tag k="crossing" v="uncontrolled"/>
  <tag k="highway" v="crossing"/>
  <tag k="tactile_paving" v="no"/>
 </node>
 <node id="13145540711" visible="true" version="1" changeset="171985399" timestamp="2025-09-15T20:42:14Z" user="Bobropiton" uid="2055718" lat="55.7760151" lon="37.6500095"/>
 <node id="13145540712" visible="true" version="2" changeset="172235449" timestamp="2025-09-21T09:06:14Z" user="solenoid jam" uid="10129333" lat="55.7750071" lon="37.6515694"/>
 <node id="13145540724" visible="true" version="1" changeset="171985399" timestamp="2025-09-15T20:42:14Z" user="Bobropiton" uid="2055718" lat="55.7792927" lon="37.6454903"/>
 <node id="13145540725" visible="true" version="1" changeset="171985399" timestamp="2025-09-15T20:42:14Z" user="Bobropiton" uid="2055718" lat="55.7795533" lon="37.6451065"/>
 <node id="13145540726" visible="true" version="1" changeset="171985399" timestamp="2025-09-15T20:42:14Z" user="Bobropiton" uid="2055718" lat="55.7793300" lon="37.6455703"/>
 <node id="13145540727" visible="true" version="1" changeset="171985399" timestamp="2025-09-15T20:42:14Z" user="Bobropiton" uid="2055718" lat="55.7795905" lon="37.6451864"/>
 <node id="13145540735" visible="true" version="1" changeset="171985399" timestamp="2025-09-15T20:42:14Z" user="Bobropiton" uid="2055718" lat="55.7797676" lon="37.6447673"/>
 <node id="13145540736" visible="true" version="1" changeset="171985399" timestamp="2025-09-15T20:42:14Z" user="Bobropiton" uid="2055718" lat="55.7797385" lon="37.6448699"/>
 <node id="13145540737" visible="true" version="1" changeset="171985399" timestamp="2025-09-15T20:42:14Z" user="Bobropiton" uid="2055718" lat="55.7796684" lon="37.6449966"/>
 <node id="13145540738" visible="true" version="1" changeset="171985399" timestamp="2025-09-15T20:42:14Z" user="Bobropiton" uid="2055718" lat="55.7784277" lon="37.6468442"/>
 <node id="13145540739" visible="true" version="1" changeset="171985399" timestamp="2025-09-15T20:42:14Z" user="Bobropiton" uid="2055718" lat="55.7780159" lon="37.6474656"/>
 <node id="13145540740" visible="true" version="1" changeset="171985399" timestamp="2025-09-15T20:42:14Z" user="Bobropiton" uid="2055718" lat="55.7774710" lon="37.6483031"/>
 <node id="13145540741" visible="true" version="1" changeset="171985399" timestamp="2025-09-15T20:42:14Z" user="Bobropiton" uid="2055718" lat="55.7773514" lon="37.6484244"/>
 <node id="13145540742" visible="true" version="1" changeset="171985399" timestamp="2025-09-15T20:42:14Z" user="Bobropiton" uid="2055718" lat="55.7771906" lon="37.6485600"/>
 <node id="13145540743" visible="true" version="1" changeset="171985399" timestamp="2025-09-15T20:42:14Z" user="Bobropiton" uid="2055718" lat="55.7766597" lon="37.6490077"/>
 <node id="13145540744" visible="true" version="1" changeset="171985399" timestamp="2025-09-15T20:42:14Z" user="Bobropiton" uid="2055718" lat="55.7765380" lon="37.6491323"/>
 <node id="13145540745" visible="true" version="1" changeset="171985399" timestamp="2025-09-15T20:42:14Z" user="Bobropiton" uid="2055718" lat="55.7764376" lon="37.6492875"/>
 <node id="13145540746" visible="true" version="1" changeset="171985399" timestamp="2025-09-15T20:42:14Z" user="Bobropiton" uid="2055718" lat="55.7754092" lon="37.6509552"/>
 <node id="13145540761" visible="true" version="2" changeset="172394695" timestamp="2025-09-24T13:29:02Z" user="solenoid jam" uid="10129333" lat="55.7747428" lon="37.6519996"/>
 <node id="13167612177" visible="true" version="1" changeset="172394695" timestamp="2025-09-24T13:29:02Z" user="solenoid jam" uid="10129333" lat="55.7747492" lon="37.6519893"/>
 <node id="13167642413" visible="true" version="1" changeset="172394695" timestamp="2025-09-24T13:29:02Z" user="solenoid jam" uid="10129333" lat="55.7749487" lon="37.6516677">
  <tag k="railway" v="tram_level_crossing"/>
 </node>
 <node id="13324017056" visible="true" version="1" changeset="174986976" timestamp="2025-11-22T12:53:57Z" user="WindStream" uid="9557728" lat="55.8132678" lon="37.6615587"/>
 <node id="13324017057" visible="true" version="1" changeset="174986976" timestamp="2025-11-22T12:53:57Z" user="WindStream" uid="9557728" lat="55.8124642" lon="37.6608462"/>
 <node id="13324017058" visible="true" version="1" changeset="174986976" timestamp="2025-11-22T12:53:57Z" user="WindStream" uid="9557728" lat="55.8100243" lon="37.6588162"/>
 <node id="13324017059" visible="true" version="1" changeset="174986976" timestamp="2025-11-22T12:53:57Z" user="WindStream" uid="9557728" lat="55.8097873" lon="37.6585887"/>
 <node id="13324017060" visible="true" version="1" changeset="174986976" timestamp="2025-11-22T12:53:57Z" user="WindStream" uid="9557728" lat="55.8094774" lon="37.6582660"/>
 <node id="13324017061" visible="true" version="1" changeset="174986976" timestamp="2025-11-22T12:53:57Z" user="WindStream" uid="9557728" lat="55.8092500" lon="37.6580095"/>
 <node id="13324017062" visible="true" version="1" changeset="174986976" timestamp="2025-11-22T12:53:57Z" user="WindStream" uid="9557728" lat="55.8089536" lon="37.6576492"/>
 <node id="13324017063" visible="true" version="1" changeset="174986976" timestamp="2025-11-22T12:53:57Z" user="WindStream" uid="9557728" lat="55.8086655" lon="37.6572681"/>
 <node id="13324017064" visible="true" version="1" changeset="174986976" timestamp="2025-11-22T12:53:57Z" user="WindStream" uid="9557728" lat="55.8083835" lon="37.6568726"/>
 <node id="13324017065" visible="true" version="1" changeset="174986976" timestamp="2025-11-22T12:53:57Z" user="WindStream" uid="9557728" lat="55.8022098" lon="37.6481099"/>
 <node id="13324017066" visible="true" version="1" changeset="174986976" timestamp="2025-11-22T12:53:57Z" user="WindStream" uid="9557728" lat="55.8015099" lon="37.6471107"/>
 <node id="13324017067" visible="true" version="1" changeset="174986976" timestamp="2025-11-22T12:53:57Z" user="WindStream" uid="9557728" lat="55.8013050" lon="37.6467999"/>
 <node id="13324017068" visible="true" version="1" changeset="174986976" timestamp="2025-11-22T12:53:57Z" user="WindStream" uid="9557728" lat="55.8009754" lon="37.6462584"/>
 <node id="13324017069" visible="true" version="1" changeset="174986976" timestamp="2025-11-22T12:53:57Z" user="WindStream" uid="9557728" lat="55.8006615" lon="37.6456885"/>
 <node id="13324017070" visible="true" version="1" changeset="174986976" timestamp="2025-11-22T12:53:57Z" user="WindStream" uid="9557728" lat="55.7990350" lon="37.6424952"/>
 <node id="13324017071" visible="true" version="1" changeset="174986976" timestamp="2025-11-22T12:53:57Z" user="WindStream" uid="9557728" lat="55.7984280" lon="37.6413201"/>
 <node id="13324017072" visible="true" version="1" changeset="174986976" timestamp="2025-11-22T12:53:57Z" user="WindStream" uid="9557728" lat="55.7982359" lon="37.6409846"/>
 <node id="13324017073" visible="true" version="1" changeset="174986976" timestamp="2025-11-22T12:53:57Z" user="WindStream" uid="9557728" lat="55.7980369" lon="37.6406622"/>
 <node id="13324017074" visible="true" version="1" changeset="174986976" timestamp="2025-11-22T12:53:57Z" user="WindStream" uid="9557728" lat="55.7976905" lon="37.6401551"/>
 <node id="13324017075" visible="true" version="1" changeset="174986976" timestamp="2025-11-22T12:53:57Z" user="WindStream" uid="9557728" lat="55.7974010" lon="37.6397776"/>
 <node id="13324017076" visible="true" version="1" changeset="174986976" timestamp="2025-11-22T12:53:57Z" user="WindStream" uid="9557728" lat="55.7970247" lon="37.6393426"/>
 <node id="13324017077" visible="true" version="1" changeset="174986976" timestamp="2025-11-22T12:53:57Z" user="WindStream" uid="9557728" lat="55.7966338" lon="37.6389503"/>
 <node id="13324017078" visible="true" version="1" changeset="174986976" timestamp="2025-11-22T12:53:57Z" user="WindStream" uid="9557728" lat="55.7962299" lon="37.6386020"/>
 <node id="13324017079" visible="true" version="1" changeset="174986976" timestamp="2025-11-22T12:53:57Z" user="WindStream" uid="9557728" lat="55.7958146" lon="37.6382992"/>
 <node id="13324017080" visible="true" version="1" changeset="174986976" timestamp="2025-11-22T12:53:57Z" user="WindStream" uid="9557728" lat="55.7953894" lon="37.6380431"/>
 <node id="13324017081" visible="true" version="1" changeset="174986976" timestamp="2025-11-22T12:53:57Z" user="WindStream" uid="9557728" lat="55.7950433" lon="37.6378724"/>
 <node id="13324017082" visible="true" version="1" changeset="174986976" timestamp="2025-11-22T12:53:57Z" user="WindStream" uid="9557728" lat="55.7946046" lon="37.6377027"/>
 <node id="13324017083" visible="true" version="1" changeset="174986976" timestamp="2025-11-22T12:53:57Z" user="WindStream" uid="9557728" lat="55.7883139" lon="37.6358471"/>
 <node id="13324017084" visible="true" version="1" changeset="174986976" timestamp="2025-11-22T12:53:57Z" user="WindStream" uid="9557728" lat="55.7874274" lon="37.6355905"/>
 <node id="13324017085" visible="true" version="1" changeset="174986976" timestamp="2025-11-22T12:53:57Z" user="WindStream" uid="9557728" lat="55.7871598" lon="37.6355347"/>
 <node id="13324017086" visible="true" version="1" changeset="174986976" timestamp="2025-11-22T12:53:57Z" user="WindStream" uid="9557728" lat="55.7868910" lon="37.6355027"/>
 <node id="13324017087" visible="true" version="1" changeset="174986976" timestamp="2025-11-22T12:53:57Z" user="WindStream" uid="9557728" lat="55.7865319" lon="37.6354973"/>
 <node id="13324017088" visible="true" version="1" changeset="174986976" timestamp="2025-11-22T12:53:57Z" user="WindStream" uid="9557728" lat="55.7862628" lon="37.6355211"/>
 <node id="13324017089" visible="true" version="1" changeset="174986976" timestamp="2025-11-22T12:53:57Z" user="WindStream" uid="9557728" lat="55.7859947" lon="37.6355686"/>
 <node id="13324017090" visible="true" version="1" changeset="174986976" timestamp="2025-11-22T12:53:57Z" user="WindStream" uid="9557728" lat="55.7857282" lon="37.6356401"/>
 <node id="13324017091" visible="true" version="1" changeset="174986976" timestamp="2025-11-22T12:53:57Z" user="WindStream" uid="9557728" lat="55.7854642" lon="37.6357349"/>
 <node id="13324017092" visible="true" version="1" changeset="174986976" timestamp="2025-11-22T12:53:57Z" user="WindStream" uid="9557728" lat="55.7852031" lon="37.6358531"/>
 <node id="13324017093" visible="true" version="1" changeset="174986976" timestamp="2025-11-22T12:53:57Z" user="WindStream" uid="9557728" lat="55.7849457" lon="37.6359942"/>
 <node id="13324017094" visible="true" version="1" changeset="174986976" timestamp="2025-11-22T12:53:57Z" user="WindStream" uid="9557728" lat="55.7846093" lon="37.6362176"/>
 <node id="13324017095" visible="true" version="1" changeset="174986976" timestamp="2025-11-22T12:53:57Z" user="WindStream" uid="9557728" lat="55.7842820" lon="37.6364803"/>
 <node id="13324017096" visible="true" version="1" changeset="174986976" timestamp="2025-11-22T12:53:57Z" user="WindStream" uid="9557728" lat="55.7839653" lon="37.6367811"/>
 <node id="13324017097" visible="true" version="1" changeset="174986976" timestamp="2025-11-22T12:53:57Z" user="WindStream" uid="9557728" lat="55.7837356" lon="37.6370310"/>
 <node id="13324017098" visible="true" version="1" changeset="174986976" timestamp="2025-11-22T12:53:57Z" user="WindStream" uid="9557728" lat="55.7834408" lon="37.6373951"/>
 <node id="13324017099" visible="true" version="1" changeset="174986976" timestamp="2025-11-22T12:53:57Z" user="WindStream" uid="9557728" lat="55.7831603" lon="37.6377932"/>
 <node id="13324017100" visible="true" version="1" changeset="174986976" timestamp="2025-11-22T12:53:57Z" user="WindStream" uid="9557728" lat="55.7829601" lon="37.6381132"/>
 <node id="13324024301" visible="true" version="1" changeset="174986976" timestamp="2025-11-22T12:53:57Z" user="WindStream" uid="9557728" lat="55.7827075" lon="37.6385666"/>
 <node id="13324024302" visible="true" version="1" changeset="174986976" timestamp="2025-11-22T12:53:57Z" user="WindStream" uid="9557728" lat="55.7824727" lon="37.6390488"/>
 <node id="13324024303" visible="true" version="1" changeset="174986976" timestamp="2025-11-22T12:53:57Z" user="WindStream" uid="9557728" lat="55.7823622" lon="37.6393001"/>
 <node id="13324024304" visible="true" version="1" changeset="174986976" timestamp="2025-11-22T12:53:57Z" user="WindStream" uid="9557728" lat="55.7822054" lon="37.6396889"/>
 <node id="13324024305" visible="true" version="1" changeset="174986976" timestamp="2025-11-22T12:53:57Z" user="WindStream" uid="9557728" lat="55.7801050" lon="37.6454400"/>
 <node id="13324024306" visible="true" version="1" changeset="174986976" timestamp="2025-11-22T12:53:57Z" user="WindStream" uid="9557728" lat="55.7796065" lon="37.6467654"/>
 <node id="13324024307" visible="true" version="1" changeset="174986976" timestamp="2025-11-22T12:53:57Z" user="WindStream" uid="9557728" lat="55.7795523" lon="37.6468924"/>
 <node id="13324024308" visible="true" version="1" changeset="174986976" timestamp="2025-11-22T12:53:57Z" user="WindStream" uid="9557728" lat="55.7793825" lon="37.6472636"/>
 <node id="13324024309" visible="true" version="1" changeset="174986976" timestamp="2025-11-22T12:53:57Z" user="WindStream" uid="9557728" lat="55.7792025" lon="37.6476192"/>
 <node id="13324024310" visible="true" version="1" changeset="174986976" timestamp="2025-11-22T12:53:57Z" user="WindStream" uid="9557728" lat="55.7790127" lon="37.6479586"/>
 <node id="13324024311" visible="true" version="1" changeset="174986976" timestamp="2025-11-22T12:53:57Z" user="WindStream" uid="9557728" lat="55.7788136" lon="37.6482806"/>
 <node id="13324024312" visible="true" version="1" changeset="174986976" timestamp="2025-11-22T12:53:57Z" user="WindStream" uid="9557728" lat="55.7786056" lon="37.6485845"/>
 <node id="13324024313" visible="true" version="1" changeset="174986976" timestamp="2025-11-22T12:53:57Z" user="WindStream" uid="9557728" lat="55.7783894" lon="37.6488696"/>
 <node id="13324024314" visible="true" version="1" changeset="174986976" timestamp="2025-11-22T12:53:57Z" user="WindStream" uid="9557728" lat="55.7781653" lon="37.6491352"/>
 <node id="13324024315" visible="true" version="1" changeset="174986976" timestamp="2025-11-22T12:53:57Z" user="WindStream" uid="9557728" lat="55.7779341" lon="37.6493805"/>
 <node id="13324024316" visible="true" version="1" changeset="174986976" timestamp="2025-11-22T12:53:57Z" user="WindStream" uid="9557728" lat="55.7777763" lon="37.6495326"/>
 <node id="13324024317" visible="true" version="1" changeset="174986976" timestamp="2025-11-22T12:53:57Z" user="WindStream" uid="9557728" lat="55.7775352" lon="37.6497465"/>
 <node id="13324024318" visible="true" version="1" changeset="174986976" timestamp="2025-11-22T12:53:57Z" user="WindStream" uid="9557728" lat="55.7743012" lon="37.6525226"/>
 <node id="13324024319" visible="true" version="1" changeset="174986976" timestamp="2025-11-22T12:53:57Z" user="WindStream" uid="9557728" lat="55.7740535" lon="37.6527105"/>
 <node id="13324024320" visible="true" version="1" changeset="174986976" timestamp="2025-11-22T12:53:57Z" user="WindStream" uid="9557728" lat="55.7738014" lon="37.6528795"/>
 <node id="13324024321" visible="true" version="1" changeset="174986976" timestamp="2025-11-22T12:53:57Z" user="WindStream" uid="9557728" lat="55.7735455" lon="37.6530291"/>
 <node id="13324024322" visible="true" version="1" changeset="174986976" timestamp="2025-11-22T12:53:57Z" user="WindStream" uid="9557728" lat="55.7732863" lon="37.6531592"/>
 <node id="13324024323" visible="true" version="1" changeset="174986976" timestamp="2025-11-22T12:53:57Z" user="WindStream" uid="9557728" lat="55.7730241" lon="37.6532694"/>
 <node id="13324024324" visible="true" version="1" changeset="174986976" timestamp="2025-11-22T12:53:57Z" user="WindStream" uid="9557728" lat="55.7726710" lon="37.6533861"/>
 <node id="13324024325" visible="true" version="1" changeset="174986976" timestamp="2025-11-22T12:53:57Z" user="WindStream" uid="9557728" lat="55.7680559" lon="37.6546589"/>
 <node id="13324024326" visible="true" version="1" changeset="174986976" timestamp="2025-11-22T12:53:57Z" user="WindStream" uid="9557728" lat="55.7676095" lon="37.6547450"/>
 <node id="13324024327" visible="true" version="1" changeset="174986976" timestamp="2025-11-22T12:53:57Z" user="WindStream" uid="9557728" lat="55.7671612" lon="37.6547912"/>
 <node id="13324024328" visible="true" version="1" changeset="174986976" timestamp="2025-11-22T12:53:57Z" user="WindStream" uid="9557728" lat="55.7667122" lon="37.6547975"/>
 <node id="13324024329" visible="true" version="1" changeset="174986976" timestamp="2025-11-22T12:53:57Z" user="WindStream" uid="9557728" lat="55.7662636" lon="37.6547642"/>
 <node id="13324024330" visible="true" version="1" changeset="174986976" timestamp="2025-11-22T12:53:57Z" user="WindStream" uid="9557728" lat="55.7659056" lon="37.6547089"/>
 <node id="13324024331" visible="true" version="1" changeset="174986976" timestamp="2025-11-22T12:53:57Z" user="WindStream" uid="9557728" lat="55.7654605" lon="37.6546041"/>
 <node id="13324024332" visible="true" version="1" changeset="174986976" timestamp="2025-11-22T12:53:57Z" user="WindStream" uid="9557728" lat="55.7650189" lon="37.6544599"/>
 <node id="13324024333" visible="true" version="1" changeset="174986976" timestamp="2025-11-22T12:53:57Z" user="WindStream" uid="9557728" lat="55.7645819" lon="37.6542769"/>
 <node id="13324024334" visible="true" version="1" changeset="174986976" timestamp="2025-11-22T12:53:57Z" user="WindStream" uid="9557728" lat="55.7641506" lon="37.6540554"/>
 <node id="13324024335" visible="true" version="1" changeset="174986976" timestamp="2025-11-22T12:53:57Z" user="WindStream" uid="9557728" lat="55.7638104" lon="37.6538508"/>
 <node id="13324024336" visible="true" version="1" changeset="174986976" timestamp="2025-11-22T12:53:57Z" user="WindStream" uid="9557728" lat="55.7634750" lon="37.6536221"/>
 <node id="13324024337" visible="true" version="1" changeset="174986976" timestamp="2025-11-22T12:53:57Z" user="WindStream" uid="9557728" lat="55.7630635" lon="37.6533034"/>
 <node id="13324024338" visible="true" version="1" changeset="174986976" timestamp="2025-11-22T12:53:57Z" user="WindStream" uid="9557728" lat="55.7627411" lon="37.6530222"/>
 <node id="13324024339" visible="true" version="1" changeset="174986976" timestamp="2025-11-22T12:53:57Z" user="WindStream" uid="9557728" lat="55.7624253" lon="37.6527186"/>
 <node id="13324024340" visible="true" version="1" changeset="174986976" timestamp="2025-11-22T12:53:57Z" user="WindStream" uid="9557728" lat="55.7582203" lon="37.6484320"/>
 <node id="13324024341" visible="true" version="1" changeset="174986976" timestamp="2025-11-22T12:53:57Z" user="WindStream" uid="9557728" lat="55.7578361" lon="37.6480200"/>
 <node id="13324024342" visible="true" version="1" changeset="174986976" timestamp="2025-11-22T12:53:57Z" user="WindStream" uid="9557728" lat="55.7576133" lon="37.6477514"/>
 <node id="13324024343" visible="true" version="1" changeset="174986976" timestamp="2025-11-22T12:53:57Z" user="WindStream" uid="9557728" lat="55.7574684" lon="37.6475629"/>
 <node id="13324024344" visible="true" version="1" changeset="174986976" timestamp="2025-11-22T12:53:57Z" user="WindStream" uid="9557728" lat="55.7572569" lon="37.6472668"/>
 <node id="13324024345" visible="true" version="1" changeset="174986976" timestamp="2025-11-22T12:53:57Z" user="WindStream" uid="9557728" lat="55.7570529" lon="37.6469548"/>
 <node id="13324024346" visible="true" version="1" changeset="174986976" timestamp="2025-11-22T12:53:57Z" user="WindStream" uid="9557728" lat="55.7568565" lon="37.6466277"/>
 <node id="13324024347" visible="true" version="1" changeset="174986976" timestamp="2025-11-22T12:53:57Z" user="WindStream" uid="9557728" lat="55.7566683" lon="37.6462860"/>
 <node id="13324024348" visible="true" version="1" changeset="174986976" timestamp="2025-11-22T12:53:57Z" user="WindStream" uid="9557728" lat="55.7564884" lon="37.6459301"/>
 <node id="13324024349" visible="true" version="1" changeset="174986976" timestamp="2025-11-22T12:53:57Z" user="WindStream" uid="9557728" lat="55.7563173" lon="37.6455611"/>
 <node id="13324024350" visible="true" version="1" changeset="174986976" timestamp="2025-11-22T12:53:57Z" user="WindStream" uid="9557728" lat="55.7561553" lon="37.6451793"/>
 <node id="13324024351" visible="true" version="1" changeset="174986976" timestamp="2025-11-22T12:53:57Z" user="WindStream" uid="9557728" lat="55.7560525" lon="37.6449181"/>
 <node id="13324024352" visible="true" version="1" changeset="174986976" timestamp="2025-11-22T12:53:57Z" user="WindStream" uid="9557728" lat="55.7559539" lon="37.6446519"/>
 <node id="13324024353" visible="true" version="1" changeset="174986976" timestamp="2025-11-22T12:53:57Z" user="WindStream" uid="9557728" lat="55.7558142" lon="37.6442433"/>
 <node id="13324024354" visible="true" version="1" changeset="174986976" timestamp="2025-11-22T12:53:57Z" user="WindStream" uid="9557728" lat="55.7556435" lon="37.6436828"/>
 <node id="13324024355" visible="true" version="1" changeset="174986976" timestamp="2025-11-22T12:53:57Z" user="WindStream" uid="9557728" lat="55.7555269" lon="37.6432520"/>
 <node id="13324024356" visible="true" version="1" changeset="174986976" timestamp="2025-11-22T12:53:57Z" user="WindStream" uid="9557728" lat="55.7550431" lon="37.6413676"/>
 <node id="13324024357" visible="true" version="1" changeset="174986976" timestamp="2025-11-22T12:53:57Z" user="WindStream" uid="9557728" lat="55.7548830" lon="37.6407974"/>
 <node id="13324024358" visible="true" version="1" changeset="174986976" timestamp="2025-11-22T12:53:57Z" user="WindStream" uid="9557728" lat="55.7547493" lon="37.6403825"/>
 <node id="13324024359" visible="true" version="1" changeset="174986976" timestamp="2025-11-22T12:53:57Z" user="WindStream" uid="9557728" lat="55.7546538" lon="37.6401129"/>
 <node id="13324024360" visible="true" version="1" changeset="174986976" timestamp="2025-11-22T12:53:57Z" user="WindStream" uid="9557728" lat="55.7544478" lon="37.6395910"/>
 <node id="13324024361" visible="true" version="1" changeset="174986976" timestamp="2025-11-22T12:53:57Z" user="WindStream" uid="9557728" lat="55.7542807" lon="37.6392163"/>
 <node id="13324024362" visible="true" version="1" changeset="174986976" timestamp="2025-11-22T12:53:57Z" user="WindStream" uid="9557728" lat="55.7541042" lon="37.6388554"/>
 <node id="13324024363" visible="true" version="1" changeset="174986976" timestamp="2025-11-22T12:53:57Z" user="WindStream" uid="9557728" lat="55.7527230" lon="37.6361313"/>
 <node id="13324024364" visible="true" version="1" changeset="174986976" timestamp="2025-11-22T12:53:57Z" user="WindStream" uid="9557728" lat="55.7521185" lon="37.6349536"/>
 <node id="13324024365" visible="true" version="1" changeset="174986976" timestamp="2025-11-22T12:53:57Z" user="WindStream" uid="9557728" lat="55.7519922" lon="37.6347270"/>
 <node id="13324024366" visible="true" version="1" changeset="174986976" timestamp="2025-11-22T12:53:57Z" user="WindStream" uid="9557728" lat="55.7517960" lon="37.6343995"/>
 <node id="13324024367" visible="true" version="1" changeset="174986976" timestamp="2025-11-22T12:53:57Z" user="WindStream" uid="9557728" lat="55.7516610" lon="37.6341895"/>
 <node id="13324024368" visible="true" version="1" changeset="174986976" timestamp="2025-11-22T12:53:57Z" user="WindStream" uid="9557728" lat="55.7514522" lon="37.6338876"/>
 <node id="13324024369" visible="true" version="1" changeset="174986976" timestamp="2025-11-22T12:53:57Z" user="WindStream" uid="9557728" lat="55.7511627" lon="37.6335103"/>
 <node id="13324024370" visible="true" version="1" changeset="174986976" timestamp="2025-11-22T12:53:57Z" user="WindStream" uid="9557728" lat="55.7509380" lon="37.6332469"/>
 <node id="13324024371" visible="true" version="1" changeset="174986976" timestamp="2025-11-22T12:53:57Z" user="WindStream" uid="9557728" lat="55.7507847" lon="37.6330810"/>
 <node id="13324024372" visible="true" version="1" changeset="174986976" timestamp="2025-11-22T12:53:57Z" user="WindStream" uid="9557728" lat="55.7505499" lon="37.6328467"/>
 <node id="13324024373" visible="true" version="1" changeset="174986976" timestamp="2025-11-22T12:53:57Z" user="WindStream" uid="9557728" lat="55.7503903" lon="37.6327006"/>
 <node id="13324024374" visible="true" version="1" changeset="174986976" timestamp="2025-11-22T12:53:57Z" user="WindStream" uid="9557728" lat="55.7502284" lon="37.6325625"/>
 <node id="13324024375" visible="true" version="1" changeset="174986976" timestamp="2025-11-22T12:53:57Z" user="WindStream" uid="9557728" lat="55.7499816" lon="37.6323710"/>
 <node id="13324024376" visible="true" version="1" changeset="174986976" timestamp="2025-11-22T12:53:57Z" user="WindStream" uid="9557728" lat="55.7498146" lon="37.6322537"/>
 <node id="13324024377" visible="true" version="1" changeset="174986976" timestamp="2025-11-22T12:53:57Z" user="WindStream" uid="9557728" lat="55.7495606" lon="37.6320939"/>
 <node id="13324024378" visible="true" version="1" changeset="174986976" timestamp="2025-11-22T12:53:57Z" user="WindStream" uid="9557728" lat="55.7492166" lon="37.6319112"/>
 <node id="13324024379" visible="true" version="1" changeset="174986976" timestamp="2025-11-22T12:53:57Z" user="WindStream" uid="9557728" lat="55.7490424" lon="37.6318329"/>
 <node id="13324024380" visible="true" version="1" changeset="174986976" timestamp="2025-11-22T12:53:57Z" user="WindStream" uid="9557728" lat="55.7487791" lon="37.6317322"/>
 <node id="13324024381" visible="true" version="1" changeset="174986976" timestamp="2025-11-22T12:53:57Z" user="WindStream" uid="9557728" lat="55.7484246" lon="37.6316291"/>
 <node id="13324024382" visible="true" version="1" changeset="174986976" timestamp="2025-11-22T12:53:57Z" user="WindStream" uid="9557728" lat="55.7482462" lon="37.6315911"/>
 <node id="13324024383" visible="true" version="1" changeset="174986976" timestamp="2025-11-22T12:53:57Z" user="WindStream" uid="9557728" lat="55.7479777" lon="37.6315510"/>
 <node id="13324024384" visible="true" version="1" changeset="174986976" timestamp="2025-11-22T12:53:57Z" user="WindStream" uid="9557728" lat="55.7476187" lon="37.6315294"/>
 <node id="13324024385" visible="true" version="1" changeset="174986976" timestamp="2025-11-22T12:53:57Z" user="WindStream" uid="9557728" lat="55.7473493" lon="37.6315368"/>
 <node id="13324024386" visible="true" version="1" changeset="174986976" timestamp="2025-11-22T12:53:57Z" user="WindStream" uid="9557728" lat="55.7470802" lon="37.6315588"/>
 <node id="13324024387" visible="true" version="1" changeset="174986976" timestamp="2025-11-22T12:53:57Z" user="WindStream" uid="9557728" lat="55.7444797" lon="37.6318258"/>
 <node id="13324024388" visible="true" version="1" changeset="174986976" timestamp="2025-11-22T12:53:57Z" user="WindStream" uid="9557728" lat="55.7440324" lon="37.6318948"/>
 <node id="13324024389" visible="true" version="1" changeset="174986976" timestamp="2025-11-22T12:53:57Z" user="WindStream" uid="9557728" lat="55.7435862" lon="37.6319836"/>
 <node id="13324024390" visible="true" version="1" changeset="174986976" timestamp="2025-11-22T12:53:57Z" user="WindStream" uid="9557728" lat="55.7430525" lon="37.6321163"/>
 <node id="13324024391" visible="true" version="1" changeset="174986976" timestamp="2025-11-22T12:53:57Z" user="WindStream" uid="9557728" lat="55.7426096" lon="37.6322484"/>
 <node id="13324024392" visible="true" version="1" changeset="174986976" timestamp="2025-11-22T12:53:57Z" user="WindStream" uid="9557728" lat="55.7420809" lon="37.6324329"/>
 <node id="13324024393" visible="true" version="1" changeset="174986976" timestamp="2025-11-22T12:53:57Z" user="WindStream" uid="9557728" lat="55.7416428" lon="37.6326080"/>
 <node id="13324024394" visible="true" version="1" changeset="174986976" timestamp="2025-11-22T12:53:57Z" user="WindStream" uid="9557728" lat="55.7412073" lon="37.6328026"/>
 <node id="13324024395" visible="true" version="1" changeset="174986976" timestamp="2025-11-22T12:53:57Z" user="WindStream" uid="9557728" lat="55.7406886" lon="37.6330613"/>
 <node id="13324024396" visible="true" version="1" changeset="174986976" timestamp="2025-11-22T12:53:57Z" user="WindStream" uid="9557728" lat="55.7400893" lon="37.6333979"/>
 <node id="13324024397" visible="true" version="1" changeset="174986976" timestamp="2025-11-22T12:53:57Z" user="WindStream" uid="9557728" lat="55.7394970" lon="37.6337714"/>
 <node id="13324024398" visible="true" version="1" changeset="174986976" timestamp="2025-11-22T12:53:57Z" user="WindStream" uid="9557728" lat="55.7389124" lon="37.6341815"/>
 <node id="13324024399" visible="true" version="1" changeset="174986976" timestamp="2025-11-22T12:53:57Z" user="WindStream" uid="9557728" lat="55.7383362" lon="37.6346275"/>
 <node id="13324024400" visible="true" version="1" changeset="174986976" timestamp="2025-11-22T12:53:57Z" user="WindStream" uid="9557728" lat="55.7376889" lon="37.6351803"/>
 <node id="13324024401" visible="true" version="1" changeset="174986976" timestamp="2025-11-22T12:53:57Z" user="WindStream" uid="9557728" lat="55.7302361" lon="37.6418654"/>
 <node id="13324024402" visible="true" version="1" changeset="174986976" timestamp="2025-11-22T12:53:57Z" user="WindStream" uid="9557728" lat="55.7299074" lon="37.6421224"/>
 <node id="13324024403" visible="true" version="1" changeset="174986976" timestamp="2025-11-22T12:53:57Z" user="WindStream" uid="9557728" lat="55.7295699" lon="37.6423400"/>
 <node id="13324024404" visible="true" version="1" changeset="174986976" timestamp="2025-11-22T12:53:57Z" user="WindStream" uid="9557728" lat="55.7292249" lon="37.6425173"/>
 <node id="13324024405" visible="true" version="1" changeset="174986976" timestamp="2025-11-22T12:53:57Z" user="WindStream" uid="9557728" lat="55.7288740" lon="37.6426536"/>
 <node id="13324024406" visible="true" version="1" changeset="174986976" timestamp="2025-11-22T12:53:57Z" user="WindStream" uid="9557728" lat="55.7285188" lon="37.6427481"/>
 <node id="13324024407" visible="true" version="1" changeset="174986976" timestamp="2025-11-22T12:53:57Z" user="WindStream" uid="9557728" lat="55.7283400" lon="37.6427796"/>
 <node id="13324024408" visible="true" version="1" changeset="174986976" timestamp="2025-11-22T12:53:57Z" user="WindStream" uid="9557728" lat="55.7280711" lon="37.6428070"/>
 <node id="13324024409" visible="true" version="1" changeset="174986976" timestamp="2025-11-22T12:53:57Z" user="WindStream" uid="9557728" lat="55.7277118" lon="37.6428063"/>
 <node id="13324024410" visible="true" version="1" changeset="174986976" timestamp="2025-11-22T12:53:57Z" user="WindStream" uid="9557728" lat="55.7273535" lon="37.6427633"/>
 <node id="13324024411" visible="true" version="1" changeset="174986976" timestamp="2025-11-22T12:53:57Z" user="WindStream" uid="9557728" lat="55.7270862" lon="37.6427033"/>
 <node id="13324024412" visible="true" version="1" changeset="174986976" timestamp="2025-11-22T12:53:57Z" user="WindStream" uid="9557728" lat="55.7268208" lon="37.6426199"/>
 <node id="13324024413" visible="true" version="1" changeset="174986976" timestamp="2025-11-22T12:53:57Z" user="WindStream" uid="9557728" lat="55.7252416" lon="37.6420070"/>
 <node id="13324024414" visible="true" version="1" changeset="174986976" timestamp="2025-11-22T12:53:57Z" user="WindStream" uid="9557728" lat="55.7249773" lon="37.6419141"/>
 <node id="13324024415" visible="true" version="1" changeset="174986976" timestamp="2025-11-22T12:53:57Z" user="WindStream" uid="9557728" lat="55.7247113" lon="37.6418381"/>
 <node id="13324024416" visible="true" version="1" changeset="174986976" timestamp="2025-11-22T12:53:57Z" user="WindStream" uid="9557728" lat="55.7244439" lon="37.6417799"/>
 <node id="13324024417" visible="true" version="1" changeset="174986976" timestamp="2025-11-22T12:53:57Z" user="WindStream" uid="9557728" lat="55.7239960" lon="37.6417226"/>
 <node id="13324024418" visible="true" version="1" changeset="174986976" timestamp="2025-11-22T12:53:57Z" user="WindStream" uid="9557728" lat="55.7237267" lon="37.6417119"/>
 <node id="13324024419" visible="true" version="1" changeset="174986976" timestamp="2025-11-22T12:53:57Z" user="WindStream" uid="9557728" lat="55.7234572" lon="37.6417182"/>
 <node id="13324024420" visible="true" version="1" changeset="174986976" timestamp="2025-11-22T12:53:57Z" user="WindStream" uid="9557728" lat="55.7198661" lon="37.6419018"/>
 <node id="13324024421" visible="true" version="1" changeset="174986976" timestamp="2025-11-22T12:53:57Z" user="WindStream" uid="9557728" lat="55.7195070" lon="37.6418843"/>
 <node id="13324024422" visible="true" version="1" changeset="174986976" timestamp="2025-11-22T12:53:57Z" user="WindStream" uid="9557728" lat="55.7191493" lon="37.6418243"/>
 <node id="13324024423" visible="true" version="1" changeset="174986976" timestamp="2025-11-22T12:53:57Z" user="WindStream" uid="9557728" lat="55.7188831" lon="37.6417517"/>
 <node id="13324024424" visible="true" version="1" changeset="174986976" timestamp="2025-11-22T12:53:57Z" user="WindStream" uid="9557728" lat="55.7187068" lon="37.6416901"/>
 <node id="13324024425" visible="true" version="1" changeset="174986976" timestamp="2025-11-22T12:53:57Z" user="WindStream" uid="9557728" lat="55.7183582" lon="37.6415363"/>
 <node id="13324024426" visible="true" version="1" changeset="174986976" timestamp="2025-11-22T12:53:57Z" user="WindStream" uid="9557728" lat="55.7181864" lon="37.6414439"/>
 <node id="13324024427" visible="true" version="1" changeset="174986976" timestamp="2025-11-22T12:53:57Z" user="WindStream" uid="9557728" lat="55.7179320" lon="37.6412867"/>
 <node id="13324024428" visible="true" version="1" changeset="174986976" timestamp="2025-11-22T12:53:57Z" user="WindStream" uid="9557728" lat="55.7147544" lon="37.6390799"/>
 <node id="13324024429" visible="true" version="1" changeset="174986976" timestamp="2025-11-22T12:53:57Z" user="WindStream" uid="9557728" lat="55.7139281" lon="37.6384575"/>
 <node id="13324024430" visible="true" version="1" changeset="174986976" timestamp="2025-11-22T12:53:57Z" user="WindStream" uid="9557728" lat="55.7135315" lon="37.6380846"/>
 <node id="13324024431" visible="true" version="1" changeset="174986976" timestamp="2025-11-22T12:53:57Z" user="WindStream" uid="9557728" lat="55.7131488" lon="37.6376686"/>
 <node id="13324024432" visible="true" version="1" changeset="174986976" timestamp="2025-11-22T12:53:57Z" user="WindStream" uid="9557728" lat="55.7128536" lon="37.6373059"/>
 <node id="13324024433" visible="true" version="1" changeset="174986976" timestamp="2025-11-22T12:53:57Z" user="WindStream" uid="9557728" lat="55.7126391" lon="37.6370169"/>
 <node id="13324024434" visible="true" version="1" changeset="174986976" timestamp="2025-11-22T12:53:57Z" user="WindStream" uid="9557728" lat="55.7123630" lon="37.6366099"/>
 <node id="13324024435" visible="true" version="1" changeset="174986976" timestamp="2025-11-22T12:53:57Z" user="WindStream" uid="9557728" lat="55.7121637" lon="37.6362888"/>
 <node id="13324024436" visible="true" version="1" changeset="174986976" timestamp="2025-11-22T12:53:57Z" user="WindStream" uid="9557728" lat="55.7119080" lon="37.6358418"/>
 <node id="13324024437" visible="true" version="1" changeset="174986976" timestamp="2025-11-22T12:53:57Z" user="WindStream" uid="9557728" lat="55.7104655" lon="37.6332227"/>
 <node id="13324024438" visible="true" version="1" changeset="174986976" timestamp="2025-11-22T12:53:57Z" user="WindStream" uid="9557728" lat="55.7102235" lon="37.6327524"/>
 <node id="13324024439" visible="true" version="1" changeset="174986976" timestamp="2025-11-22T12:53:57Z" user="WindStream" uid="9557728" lat="55.7100508" lon="37.6323861"/>
 <node id="13324024440" visible="true" version="1" changeset="174986976" timestamp="2025-11-22T12:53:57Z" user="WindStream" uid="9557728" lat="55.7092903" lon="37.6306125"/>
 <node id="13324024441" visible="true" version="1" changeset="174986976" timestamp="2025-11-22T12:53:57Z" user="WindStream" uid="9557728" lat="55.7091215" lon="37.6302404"/>
 <node id="13324024442" visible="true" version="1" changeset="174986976" timestamp="2025-11-22T12:53:57Z" user="WindStream" uid="9557728" lat="55.7088809" lon="37.6297680"/>
 <node id="13324024443" visible="true" version="1" changeset="174986976" timestamp="2025-11-22T12:53:57Z" user="WindStream" uid="9557728" lat="55.7086890" lon="37.6294329"/>
 <node id="13324024444" visible="true" version="1" changeset="174986976" timestamp="2025-11-22T12:53:57Z" user="WindStream" uid="9557728" lat="55.7084190" lon="37.6290135"/>
 <node id="13324024445" visible="true" version="1" changeset="174986976" timestamp="2025-11-22T12:53:57Z" user="WindStream" uid="9557728" lat="55.7082064" lon="37.6287201"/>
 <node id="13324024446" visible="true" version="1" changeset="174986976" timestamp="2025-11-22T12:53:57Z" user="WindStream" uid="9557728" lat="55.7066621" lon="37.6267686"/>
 <node id="13324024447" visible="true" version="1" changeset="174986976" timestamp="2025-11-22T12:53:57Z" user="WindStream" uid="9557728" lat="55.7067141" lon="37.6266393"/>
 <node id="13324024448" visible="true" version="1" changeset="174986976" timestamp="2025-11-22T12:53:57Z" user="WindStream" uid="9557728" lat="55.7082890" lon="37.6286297"/>
 <node id="13324024449" visible="true" version="1" changeset="174986976" timestamp="2025-11-22T12:53:57Z" user="WindStream" uid="9557728" lat="55.7085011" lon="37.6289241"/>
 <node id="13324024450" visible="true" version="1" changeset="174986976" timestamp="2025-11-22T12:53:57Z" user="WindStream" uid="9557728" lat="55.7087046" lon="37.6292369"/>
 <node id="13324024451" visible="true" version="1" changeset="174986976" timestamp="2025-11-22T12:53:57Z" user="WindStream" uid="9557728" lat="55.7089614" lon="37.6296817"/>
 <node id="13324024452" visible="true" version="1" changeset="174986976" timestamp="2025-11-22T12:53:57Z" user="WindStream" uid="9557728" lat="55.7092005" lon="37.6301564"/>
 <node id="13324024453" visible="true" version="1" changeset="174986976" timestamp="2025-11-22T12:53:57Z" user="WindStream" uid="9557728" lat="55.7093681" lon="37.6305302"/>
 <node id="13324024454" visible="true" version="1" changeset="174986976" timestamp="2025-11-22T12:53:57Z" user="WindStream" uid="9557728" lat="55.7101285" lon="37.6323038"/>
 <node id="13324024455" visible="true" version="1" changeset="174986976" timestamp="2025-11-22T12:53:57Z" user="WindStream" uid="9557728" lat="55.7103607" lon="37.6327893"/>
 <node id="13324024456" visible="true" version="1" changeset="174986976" timestamp="2025-11-22T12:53:57Z" user="WindStream" uid="9557728" lat="55.7106063" lon="37.6332537"/>
 <node id="13324024457" visible="true" version="1" changeset="174986976" timestamp="2025-11-22T12:53:57Z" user="WindStream" uid="9557728" lat="55.7108641" lon="37.6336967"/>
 <node id="13324024458" visible="true" version="1" changeset="174986976" timestamp="2025-11-22T12:53:57Z" user="WindStream" uid="9557728" lat="55.7123767" lon="37.6361890"/>
 <node id="13324024459" visible="true" version="1" changeset="174986976" timestamp="2025-11-22T12:53:57Z" user="WindStream" uid="9557728" lat="55.7127218" lon="37.6366977"/>
 <node id="13324024460" visible="true" version="1" changeset="174986976" timestamp="2025-11-22T12:53:57Z" user="WindStream" uid="9557728" lat="55.7129374" lon="37.6369842"/>
 <node id="13324024461" visible="true" version="1" changeset="174986976" timestamp="2025-11-22T12:53:57Z" user="WindStream" uid="9557728" lat="55.7131587" lon="37.6372561"/>
 <node id="13324024462" visible="true" version="1" changeset="174986976" timestamp="2025-11-22T12:53:57Z" user="WindStream" uid="9557728" lat="55.7134627" lon="37.6375956"/>
 <node id="13324024463" visible="true" version="1" changeset="174986976" timestamp="2025-11-22T12:53:57Z" user="WindStream" uid="9557728" lat="55.7136966" lon="37.6378322"/>
 <node id="13324024464" visible="true" version="1" changeset="174986976" timestamp="2025-11-22T12:53:57Z" user="WindStream" uid="9557728" lat="55.7139354" lon="37.6380532"/>
 <node id="13324024465" visible="true" version="1" changeset="174986976" timestamp="2025-11-22T12:53:57Z" user="WindStream" uid="9557728" lat="55.7142608" lon="37.6383229"/>
 <node id="13324024466" visible="true" version="1" changeset="174986976" timestamp="2025-11-22T12:53:57Z" user="WindStream" uid="9557728" lat="55.7145095" lon="37.6385066"/>
 <node id="13324024467" visible="true" version="1" changeset="174986976" timestamp="2025-11-22T12:53:57Z" user="WindStream" uid="9557728" lat="55.7178540" lon="37.6408313"/>
 <node id="13324024468" visible="true" version="1" changeset="174986976" timestamp="2025-11-22T12:53:57Z" user="WindStream" uid="9557728" lat="55.7181077" lon="37.6409917"/>
 <node id="13324024469" visible="true" version="1" changeset="174986976" timestamp="2025-11-22T12:53:57Z" user="WindStream" uid="9557728" lat="55.7182793" lon="37.6410865"/>
 <node id="13324024470" visible="true" version="1" changeset="174986976" timestamp="2025-11-22T12:53:57Z" user="WindStream" uid="9557728" lat="55.7186270" lon="37.6412453"/>
 <node id="13324024471" visible="true" version="1" changeset="174986976" timestamp="2025-11-22T12:53:57Z" user="WindStream" uid="9557728" lat="55.7188030" lon="37.6413092"/>
 <node id="13324024472" visible="true" version="1" changeset="174986976" timestamp="2025-11-22T12:53:57Z" user="WindStream" uid="9557728" lat="55.7190690" lon="37.6413856"/>
 <node id="13324024473" visible="true" version="1" changeset="174986976" timestamp="2025-11-22T12:53:57Z" user="WindStream" uid="9557728" lat="55.7194263" lon="37.6414505"/>
 <node id="13324024474" visible="true" version="1" changeset="174986976" timestamp="2025-11-22T12:53:57Z" user="WindStream" uid="9557728" lat="55.7198642" lon="37.6414776"/>
 <node id="13324024475" visible="true" version="1" changeset="174986976" timestamp="2025-11-22T12:53:57Z" user="WindStream" uid="9557728" lat="55.7234663" lon="37.6412872"/>
 <node id="13324024476" visible="true" version="1" changeset="174986976" timestamp="2025-11-22T12:53:57Z" user="WindStream" uid="9557728" lat="55.7237357" lon="37.6412821"/>
 <node id="13324024477" visible="true" version="1" changeset="174986976" timestamp="2025-11-22T12:53:57Z" user="WindStream" uid="9557728" lat="55.7240050" lon="37.6412943"/>
 <node id="13324024478" visible="true" version="1" changeset="174986976" timestamp="2025-11-22T12:53:57Z" user="WindStream" uid="9557728" lat="55.7242740" lon="37.6413244"/>
 <node id="13324024479" visible="true" version="1" changeset="174986976" timestamp="2025-11-22T12:53:57Z" user="WindStream" uid="9557728" lat="55.7245421" lon="37.6413723"/>
 <node id="13324024480" visible="true" version="1" changeset="174986976" timestamp="2025-11-22T12:53:57Z" user="WindStream" uid="9557728" lat="55.7248089" lon="37.6414379"/>
 <node id="13324024481" visible="true" version="1" changeset="174986976" timestamp="2025-11-22T12:53:57Z" user="WindStream" uid="9557728" lat="55.7251102" lon="37.6415292"/>
 <node id="13324024482" visible="true" version="1" changeset="174986976" timestamp="2025-11-22T12:53:57Z" user="WindStream" uid="9557728" lat="55.7268294" lon="37.6421989"/>
 <node id="13324024483" visible="true" version="1" changeset="174986976" timestamp="2025-11-22T12:53:57Z" user="WindStream" uid="9557728" lat="55.7270946" lon="37.6422825"/>
 <node id="13324024484" visible="true" version="1" changeset="174986976" timestamp="2025-11-22T12:53:57Z" user="WindStream" uid="9557728" lat="55.7273620" lon="37.6423424"/>
 <node id="13324024485" visible="true" version="1" changeset="174986976" timestamp="2025-11-22T12:53:57Z" user="WindStream" uid="9557728" lat="55.7277204" lon="37.6423855"/>
 <node id="13324024486" visible="true" version="1" changeset="174986976" timestamp="2025-11-22T12:53:57Z" user="WindStream" uid="9557728" lat="55.7278999" lon="37.6423911"/>
 <node id="13324024487" visible="true" version="1" changeset="174986976" timestamp="2025-11-22T12:53:57Z" user="WindStream" uid="9557728" lat="55.7281693" lon="37.6423797"/>
 <node id="13324024488" visible="true" version="1" changeset="174986976" timestamp="2025-11-22T12:53:57Z" user="WindStream" uid="9557728" lat="55.7285273" lon="37.6423272"/>
 <node id="13324024489" visible="true" version="1" changeset="174986976" timestamp="2025-11-22T12:53:57Z" user="WindStream" uid="9557728" lat="55.7288825" lon="37.6422328"/>
 <node id="13324024490" visible="true" version="1" changeset="174986976" timestamp="2025-11-22T12:53:57Z" user="WindStream" uid="9557728" lat="55.7292334" lon="37.6420965"/>
 <node id="13324024491" visible="true" version="1" changeset="174986976" timestamp="2025-11-22T12:53:57Z" user="WindStream" uid="9557728" lat="55.7295783" lon="37.6419192"/>
 <node id="13324024492" visible="true" version="1" changeset="174986976" timestamp="2025-11-22T12:53:57Z" user="WindStream" uid="9557728" lat="55.7299160" lon="37.6417014"/>
 <node id="13324024493" visible="true" version="1" changeset="174986976" timestamp="2025-11-22T12:53:57Z" user="WindStream" uid="9557728" lat="55.7302445" lon="37.6414444"/>
 <node id="13324024494" visible="true" version="1" changeset="174986976" timestamp="2025-11-22T12:53:57Z" user="WindStream" uid="9557728" lat="55.7376173" lon="37.6348312"/>
 <node id="13324024495" visible="true" version="1" changeset="174986976" timestamp="2025-11-22T12:53:57Z" user="WindStream" uid="9557728" lat="55.7382643" lon="37.6342775"/>
 <node id="13324024496" visible="true" version="1" changeset="174986976" timestamp="2025-11-22T12:53:57Z" user="WindStream" uid="9557728" lat="55.7388403" lon="37.6338305"/>
 <node id="13324024497" visible="true" version="1" changeset="174986976" timestamp="2025-11-22T12:53:57Z" user="WindStream" uid="9557728" lat="55.7394246" lon="37.6334197"/>
 <node id="13324024498" visible="true" version="1" changeset="174986976" timestamp="2025-11-22T12:53:57Z" user="WindStream" uid="9557728" lat="55.7400167" lon="37.6330452"/>
 <node id="13324024499" visible="true" version="1" changeset="174986976" timestamp="2025-11-22T12:53:57Z" user="WindStream" uid="9557728" lat="55.7406159" lon="37.6327076"/>
 <node id="13324024500" visible="true" version="1" changeset="174986976" timestamp="2025-11-22T12:53:57Z" user="WindStream" uid="9557728" lat="55.7410478" lon="37.6324895"/>
 <node id="13324024501" visible="true" version="1" changeset="174986976" timestamp="2025-11-22T12:53:57Z" user="WindStream" uid="9557728" lat="55.7414826" lon="37.6322903"/>
 <node id="13324024502" visible="true" version="1" changeset="174986976" timestamp="2025-11-22T12:53:57Z" user="WindStream" uid="9557728" lat="55.7420079" lon="37.6320770"/>
 <node id="13324024503" visible="true" version="1" changeset="174986976" timestamp="2025-11-22T12:53:57Z" user="WindStream" uid="9557728" lat="55.7424482" lon="37.6319207"/>
 <node id="13324024504" visible="true" version="1" changeset="174986976" timestamp="2025-11-22T12:53:57Z" user="WindStream" uid="9557728" lat="55.7428906" lon="37.6317840"/>
 <node id="13324024505" visible="true" version="1" changeset="174986976" timestamp="2025-11-22T12:53:57Z" user="WindStream" uid="9557728" lat="55.7433348" lon="37.6316667"/>
 <node id="13324024506" visible="true" version="1" changeset="174986976" timestamp="2025-11-22T12:53:57Z" user="WindStream" uid="9557728" lat="55.7437805" lon="37.6315693"/>
 <node id="13324024507" visible="true" version="1" changeset="174986976" timestamp="2025-11-22T12:53:57Z" user="WindStream" uid="9557728" lat="55.7443169" lon="37.6314784"/>
 <node id="13324024508" visible="true" version="1" changeset="174986976" timestamp="2025-11-22T12:53:57Z" user="WindStream" uid="9557728" lat="55.7471862" lon="37.6311807"/>
 <node id="13324024509" visible="true" version="1" changeset="174986976" timestamp="2025-11-22T12:53:57Z" user="WindStream" uid="9557728" lat="55.7474553" lon="37.6311593"/>
 <node id="13324024510" visible="true" version="1" changeset="174986976" timestamp="2025-11-22T12:53:57Z" user="WindStream" uid="9557728" lat="55.7477248" lon="37.6311529"/>
 <node id="13324024511" visible="true" version="1" changeset="174986976" timestamp="2025-11-22T12:53:57Z" user="WindStream" uid="9557728" lat="55.7480837" lon="37.6311760"/>
 <node id="13324024512" visible="true" version="1" changeset="174986976" timestamp="2025-11-22T12:53:57Z" user="WindStream" uid="9557728" lat="55.7484414" lon="37.6312355"/>
 <node id="13324024513" visible="true" version="1" changeset="174986976" timestamp="2025-11-22T12:53:57Z" user="WindStream" uid="9557728" lat="55.7486193" lon="37.6312788"/>
 <node id="13324024514" visible="true" version="1" changeset="174986976" timestamp="2025-11-22T12:53:57Z" user="WindStream" uid="9557728" lat="55.7488848" lon="37.6313606"/>
 <node id="13324024515" visible="true" version="1" changeset="174986976" timestamp="2025-11-22T12:53:57Z" user="WindStream" uid="9557728" lat="55.7492352" lon="37.6315009"/>
 <node id="13324024516" visible="true" version="1" changeset="174986976" timestamp="2025-11-22T12:53:57Z" user="WindStream" uid="9557728" lat="55.7494086" lon="37.6315843"/>
 <node id="13324024517" visible="true" version="1" changeset="174986976" timestamp="2025-11-22T12:53:57Z" user="WindStream" uid="9557728" lat="55.7496659" lon="37.6317258"/>
 <node id="13324024518" visible="true" version="1" changeset="174986976" timestamp="2025-11-22T12:53:57Z" user="WindStream" uid="9557728" lat="55.7499196" lon="37.6318867"/>
 <node id="13324024519" visible="true" version="1" changeset="174986976" timestamp="2025-11-22T12:53:57Z" user="WindStream" uid="9557728" lat="55.7500864" lon="37.6320046"/>
 <node id="13324024520" visible="true" version="1" changeset="174986976" timestamp="2025-11-22T12:53:57Z" user="WindStream" uid="9557728" lat="55.7504142" lon="37.6322655"/>
 <node id="13324024521" visible="true" version="1" changeset="174986976" timestamp="2025-11-22T12:53:57Z" user="WindStream" uid="9557728" lat="55.7506541" lon="37.6324827"/>
 <node id="13324024522" visible="true" version="1" changeset="174986976" timestamp="2025-11-22T12:53:57Z" user="WindStream" uid="9557728" lat="55.7508111" lon="37.6326377"/>
 <node id="13324024523" visible="true" version="1" changeset="174986976" timestamp="2025-11-22T12:53:57Z" user="WindStream" uid="9557728" lat="55.7511172" lon="37.6329709"/>
 <node id="13324024524" visible="true" version="1" changeset="174986976" timestamp="2025-11-22T12:53:57Z" user="WindStream" uid="9557728" lat="55.7512661" lon="37.6331490"/>
 <node id="13324024525" visible="true" version="1" changeset="174986976" timestamp="2025-11-22T12:53:57Z" user="WindStream" uid="9557728" lat="55.7514839" lon="37.6334302"/>
 <node id="13324024526" visible="true" version="1" changeset="174986976" timestamp="2025-11-22T12:53:57Z" user="WindStream" uid="9557728" lat="55.7516253" lon="37.6336267"/>
 <node id="13324024527" visible="true" version="1" changeset="174986976" timestamp="2025-11-22T12:53:57Z" user="WindStream" uid="9557728" lat="55.7518312" lon="37.6339348"/>
 <node id="13324024528" visible="true" version="1" changeset="174986976" timestamp="2025-11-22T12:53:57Z" user="WindStream" uid="9557728" lat="55.7519644" lon="37.6341486"/>
 <node id="13324024529" visible="true" version="1" changeset="174986976" timestamp="2025-11-22T12:53:57Z" user="WindStream" uid="9557728" lat="55.7521490" lon="37.6344663"/>
 <node id="13324024530" visible="true" version="1" changeset="174986976" timestamp="2025-11-22T12:53:57Z" user="WindStream" uid="9557728" lat="55.7525838" lon="37.6353009"/>
 <node id="13324024531" visible="true" version="1" changeset="174986976" timestamp="2025-11-22T12:53:57Z" user="WindStream" uid="9557728" lat="55.7543252" lon="37.6387356"/>
 <node id="13324024532" visible="true" version="1" changeset="174986976" timestamp="2025-11-22T12:53:57Z" user="WindStream" uid="9557728" lat="55.7545008" lon="37.6390979"/>
 <node id="13324024533" visible="true" version="1" changeset="174986976" timestamp="2025-11-22T12:53:57Z" user="WindStream" uid="9557728" lat="55.7546667" lon="37.6394744"/>
 <node id="13324024534" visible="true" version="1" changeset="174986976" timestamp="2025-11-22T12:53:57Z" user="WindStream" uid="9557728" lat="55.7548218" lon="37.6398652"/>
 <node id="13324024535" visible="true" version="1" changeset="174986976" timestamp="2025-11-22T12:53:57Z" user="WindStream" uid="9557728" lat="55.7549189" lon="37.6401331"/>
 <node id="13324024536" visible="true" version="1" changeset="174986976" timestamp="2025-11-22T12:53:57Z" user="WindStream" uid="9557728" lat="55.7550978" lon="37.6406854"/>
 <node id="13324024537" visible="true" version="1" changeset="174986976" timestamp="2025-11-22T12:53:57Z" user="WindStream" uid="9557728" lat="55.7552564" lon="37.6412570"/>
 <node id="13324024538" visible="true" version="1" changeset="174986976" timestamp="2025-11-22T12:53:57Z" user="WindStream" uid="9557728" lat="55.7558552" lon="37.6435735"/>
 <node id="13324024539" visible="true" version="1" changeset="174986976" timestamp="2025-11-22T12:53:57Z" user="WindStream" uid="9557728" lat="55.7560249" lon="37.6441350"/>
 <node id="13324024540" visible="true" version="1" changeset="174986976" timestamp="2025-11-22T12:53:57Z" user="WindStream" uid="9557728" lat="55.7562137" lon="37.6446769"/>
 <node id="13324024541" visible="true" version="1" changeset="174986976" timestamp="2025-11-22T12:53:57Z" user="WindStream" uid="9557728" lat="55.7563151" lon="37.6449397"/>
 <node id="13324024542" visible="true" version="1" changeset="174986976" timestamp="2025-11-22T12:53:57Z" user="WindStream" uid="9557728" lat="55.7564756" lon="37.6453235"/>
 <node id="13324024543" visible="true" version="1" changeset="174986976" timestamp="2025-11-22T12:53:57Z" user="WindStream" uid="9557728" lat="55.7566459" lon="37.6456937"/>
 <node id="13324024544" visible="true" version="1" changeset="174986976" timestamp="2025-11-22T12:53:57Z" user="WindStream" uid="9557728" lat="55.7568256" lon="37.6460497"/>
 <node id="13324024545" visible="true" version="1" changeset="174986976" timestamp="2025-11-22T12:53:57Z" user="WindStream" uid="9557728" lat="55.7570145" lon="37.6463905"/>
 <node id="13324024546" visible="true" version="1" changeset="174986976" timestamp="2025-11-22T12:53:57Z" user="WindStream" uid="9557728" lat="55.7571452" lon="37.6466090"/>
 <node id="13324024547" visible="true" version="1" changeset="174986976" timestamp="2025-11-22T12:53:57Z" user="WindStream" uid="9557728" lat="55.7573482" lon="37.6469231"/>
 <node id="13324024548" visible="true" version="1" changeset="174986976" timestamp="2025-11-22T12:53:57Z" user="WindStream" uid="9557728" lat="55.7575592" lon="37.6472201"/>
 <node id="13324024549" visible="true" version="1" changeset="174986976" timestamp="2025-11-22T12:53:57Z" user="WindStream" uid="9557728" lat="55.7577041" lon="37.6474086"/>
 <node id="13324024550" visible="true" version="1" changeset="174986976" timestamp="2025-11-22T12:53:57Z" user="WindStream" uid="9557728" lat="55.7579273" lon="37.6476761"/>
 <node id="13324024551" visible="true" version="1" changeset="174986976" timestamp="2025-11-22T12:53:57Z" user="WindStream" uid="9557728" lat="55.7583314" lon="37.6481053"/>
 <node id="13324024552" visible="true" version="1" changeset="174986976" timestamp="2025-11-22T12:53:57Z" user="WindStream" uid="9557728" lat="55.7624396" lon="37.6522927"/>
 <node id="13324024553" visible="true" version="1" changeset="174986976" timestamp="2025-11-22T12:53:57Z" user="WindStream" uid="9557728" lat="55.7628350" lon="37.6526704"/>
 <node id="13324024554" visible="true" version="1" changeset="174986976" timestamp="2025-11-22T12:53:57Z" user="WindStream" uid="9557728" lat="55.7631585" lon="37.6529472"/>
 <node id="13324024555" visible="true" version="1" changeset="174986976" timestamp="2025-11-22T12:53:57Z" user="WindStream" uid="9557728" lat="55.7635713" lon="37.6532609"/>
 <node id="13324024556" visible="true" version="1" changeset="174986976" timestamp="2025-11-22T12:53:57Z" user="WindStream" uid="9557728" lat="55.7639076" lon="37.6534851"/>
 <node id="13324024557" visible="true" version="1" changeset="174986976" timestamp="2025-11-22T12:53:57Z" user="WindStream" uid="9557728" lat="55.7642486" lon="37.6536852"/>
 <node id="13324024558" visible="true" version="1" changeset="174986976" timestamp="2025-11-22T12:53:57Z" user="WindStream" uid="9557728" lat="55.7646808" lon="37.6539012"/>
 <node id="13324024559" visible="true" version="1" changeset="174986976" timestamp="2025-11-22T12:53:57Z" user="WindStream" uid="9557728" lat="55.7651185" lon="37.6540786"/>
 <node id="13324024560" visible="true" version="1" changeset="174986976" timestamp="2025-11-22T12:53:57Z" user="WindStream" uid="9557728" lat="55.7654720" lon="37.6541925"/>
 <node id="13324024561" visible="true" version="1" changeset="174986976" timestamp="2025-11-22T12:53:57Z" user="WindStream" uid="9557728" lat="55.7658278" lon="37.6542812"/>
 <node id="13324024562" visible="true" version="1" changeset="174986976" timestamp="2025-11-22T12:53:57Z" user="WindStream" uid="9557728" lat="55.7662748" lon="37.6543564"/>
 <node id="13324024563" visible="true" version="1" changeset="174986976" timestamp="2025-11-22T12:53:57Z" user="WindStream" uid="9557728" lat="55.7667234" lon="37.6543919"/>
 <node id="13324024564" visible="true" version="1" changeset="174986976" timestamp="2025-11-22T12:53:57Z" user="WindStream" uid="9557728" lat="55.7671725" lon="37.6543878"/>
 <node id="13324024565" visible="true" version="1" changeset="174986976" timestamp="2025-11-22T12:53:57Z" user="WindStream" uid="9557728" lat="55.7676208" lon="37.6543437"/>
 <node id="13324024566" visible="true" version="1" changeset="174986976" timestamp="2025-11-22T12:53:57Z" user="WindStream" uid="9557728" lat="55.7680278" lon="37.6542677"/>
 <node id="13324024567" visible="true" version="1" changeset="174986976" timestamp="2025-11-22T12:53:57Z" user="WindStream" uid="9557728" lat="55.7687778" lon="37.6540691"/>
 <node id="13324024568" visible="true" version="1" changeset="174986976" timestamp="2025-11-22T12:53:57Z" user="WindStream" uid="9557728" lat="55.7725937" lon="37.6530125"/>
 <node id="13324024569" visible="true" version="1" changeset="174986976" timestamp="2025-11-22T12:53:57Z" user="WindStream" uid="9557728" lat="55.7729469" lon="37.6528963"/>
 <node id="13324024570" visible="true" version="1" changeset="174986976" timestamp="2025-11-22T12:53:57Z" user="WindStream" uid="9557728" lat="55.7732091" lon="37.6527864"/>
 <node id="13324024571" visible="true" version="1" changeset="174986976" timestamp="2025-11-22T12:53:57Z" user="WindStream" uid="9557728" lat="55.7734685" lon="37.6526567"/>
 <node id="13324024572" visible="true" version="1" changeset="174986976" timestamp="2025-11-22T12:53:57Z" user="WindStream" uid="9557728" lat="55.7737244" lon="37.6525073"/>
 <node id="13324024573" visible="true" version="1" changeset="174986976" timestamp="2025-11-22T12:53:57Z" user="WindStream" uid="9557728" lat="55.7739765" lon="37.6523387"/>
 <node id="13324024574" visible="true" version="1" changeset="174986976" timestamp="2025-11-22T12:53:57Z" user="WindStream" uid="9557728" lat="55.7742046" lon="37.6521675"/>
 <node id="13324024575" visible="true" version="1" changeset="174986976" timestamp="2025-11-22T12:53:57Z" user="WindStream" uid="9557728" lat="55.7774583" lon="37.6493751"/>
 <node id="13324024576" visible="true" version="1" changeset="174986976" timestamp="2025-11-22T12:53:57Z" user="WindStream" uid="9557728" lat="55.7776988" lon="37.6491593"/>
 <node id="13324024577" visible="true" version="1" changeset="174986976" timestamp="2025-11-22T12:53:57Z" user="WindStream" uid="9557728" lat="55.7778560" lon="37.6490051"/>
 <node id="13324024578" visible="true" version="1" changeset="174986976" timestamp="2025-11-22T12:53:57Z" user="WindStream" uid="9557728" lat="55.7780862" lon="37.6487566"/>
 <node id="13324024579" visible="true" version="1" changeset="174986976" timestamp="2025-11-22T12:53:57Z" user="WindStream" uid="9557728" lat="55.7783091" lon="37.6484879"/>
 <node id="13324024580" visible="true" version="1" changeset="174986976" timestamp="2025-11-22T12:53:57Z" user="WindStream" uid="9557728" lat="55.7785241" lon="37.6482000"/>
 <node id="13324024581" visible="true" version="1" changeset="174986976" timestamp="2025-11-22T12:53:57Z" user="WindStream" uid="9557728" lat="55.7787308" lon="37.6478932"/>
 <node id="13324024582" visible="true" version="1" changeset="174986976" timestamp="2025-11-22T12:53:57Z" user="WindStream" uid="9557728" lat="55.7789285" lon="37.6475687"/>
 <node id="13324024583" visible="true" version="1" changeset="174986976" timestamp="2025-11-22T12:53:57Z" user="WindStream" uid="9557728" lat="55.7791169" lon="37.6472267"/>
 <node id="13324024584" visible="true" version="1" changeset="174986976" timestamp="2025-11-22T12:53:57Z" user="WindStream" uid="9557728" lat="55.7792370" lon="37.6469899"/>
 <node id="13324024585" visible="true" version="1" changeset="174986976" timestamp="2025-11-22T12:53:57Z" user="WindStream" uid="9557728" lat="55.7794086" lon="37.6466214"/>
 <node id="13324024586" visible="true" version="1" changeset="174986976" timestamp="2025-11-22T12:53:57Z" user="WindStream" uid="9557728" lat="55.7799160" lon="37.6453072"/>
 <node id="13324024587" visible="true" version="1" changeset="174986976" timestamp="2025-11-22T12:53:57Z" user="WindStream" uid="9557728" lat="55.7821141" lon="37.6392887"/>
 <node id="13324024588" visible="true" version="1" changeset="174986976" timestamp="2025-11-22T12:53:57Z" user="WindStream" uid="9557728" lat="55.7823260" lon="37.6387740"/>
 <node id="13324024589" visible="true" version="1" changeset="174986976" timestamp="2025-11-22T12:53:57Z" user="WindStream" uid="9557728" lat="55.7824391" lon="37.6385263"/>
 <node id="13324024590" visible="true" version="1" changeset="174986976" timestamp="2025-11-22T12:53:57Z" user="WindStream" uid="9557728" lat="55.7826173" lon="37.6381676"/>
 <node id="13324024591" visible="true" version="1" changeset="174986976" timestamp="2025-11-22T12:53:57Z" user="WindStream" uid="9557728" lat="55.7828702" lon="37.6377149"/>
 <node id="13324024592" visible="true" version="1" changeset="174986976" timestamp="2025-11-22T12:53:57Z" user="WindStream" uid="9557728" lat="55.7830706" lon="37.6373956"/>
 <node id="13324024593" visible="true" version="1" changeset="174986976" timestamp="2025-11-22T12:53:57Z" user="WindStream" uid="9557728" lat="55.7833515" lon="37.6369981"/>
 <node id="13324024594" visible="true" version="1" changeset="174986976" timestamp="2025-11-22T12:53:57Z" user="WindStream" uid="9557728" lat="55.7836466" lon="37.6366348"/>
 <node id="13324024595" visible="true" version="1" changeset="174986976" timestamp="2025-11-22T12:53:57Z" user="WindStream" uid="9557728" lat="55.7839548" lon="37.6363072"/>
 <node id="13324024596" visible="true" version="1" changeset="174986976" timestamp="2025-11-22T12:53:57Z" user="WindStream" uid="9557728" lat="55.7842745" lon="37.6360166"/>
 <node id="13324024597" visible="true" version="1" changeset="174986976" timestamp="2025-11-22T12:53:57Z" user="WindStream" uid="9557728" lat="55.7845210" lon="37.6358238"/>
 <node id="13324024598" visible="true" version="1" changeset="174986976" timestamp="2025-11-22T12:53:57Z" user="WindStream" uid="9557728" lat="55.7848577" lon="37.6356013"/>
 <node id="13324024599" visible="true" version="1" changeset="174986976" timestamp="2025-11-22T12:53:57Z" user="WindStream" uid="9557728" lat="55.7852019" lon="37.6354191"/>
 <node id="13324024600" visible="true" version="1" changeset="174986976" timestamp="2025-11-22T12:53:57Z" user="WindStream" uid="9557728" lat="55.7854641" lon="37.6353094"/>
 <node id="13324024601" visible="true" version="1" changeset="174986976" timestamp="2025-11-22T12:53:57Z" user="WindStream" uid="9557728" lat="55.7858179" lon="37.6351995"/>
 <node id="13324024602" visible="true" version="1" changeset="174986976" timestamp="2025-11-22T12:53:57Z" user="WindStream" uid="9557728" lat="55.7860855" lon="37.6351446"/>
 <node id="13324024603" visible="true" version="1" changeset="174986976" timestamp="2025-11-22T12:53:57Z" user="WindStream" uid="9557728" lat="55.7863544" lon="37.6351137"/>
 <node id="13324024604" visible="true" version="1" changeset="174986976" timestamp="2025-11-22T12:53:57Z" user="WindStream" uid="9557728" lat="55.7866238" lon="37.6351065"/>
 <node id="13324024605" visible="true" version="1" changeset="174986976" timestamp="2025-11-22T12:53:57Z" user="WindStream" uid="9557728" lat="55.7868931" lon="37.6351233"/>
 <node id="13324024606" visible="true" version="1" changeset="174986976" timestamp="2025-11-22T12:53:57Z" user="WindStream" uid="9557728" lat="55.7872678" lon="37.6351824"/>
 <node id="13324024607" visible="true" version="1" changeset="174986976" timestamp="2025-11-22T12:53:57Z" user="WindStream" uid="9557728" lat="55.7946942" lon="37.6373674"/>
 <node id="13324024608" visible="true" version="1" changeset="174986976" timestamp="2025-11-22T12:53:57Z" user="WindStream" uid="9557728" lat="55.7951334" lon="37.6375330"/>
 <node id="13324024609" visible="true" version="1" changeset="174986976" timestamp="2025-11-22T12:53:57Z" user="WindStream" uid="9557728" lat="55.7955660" lon="37.6377467"/>
 <node id="13324024610" visible="true" version="1" changeset="174986976" timestamp="2025-11-22T12:53:57Z" user="WindStream" uid="9557728" lat="55.7959902" lon="37.6380079"/>
 <node id="13324024611" visible="true" version="1" changeset="174986976" timestamp="2025-11-22T12:53:57Z" user="WindStream" uid="9557728" lat="55.7964043" lon="37.6383157"/>
 <node id="13324024612" visible="true" version="1" changeset="174986976" timestamp="2025-11-22T12:53:57Z" user="WindStream" uid="9557728" lat="55.7968069" lon="37.6386688"/>
 <node id="13324024613" visible="true" version="1" changeset="174986976" timestamp="2025-11-22T12:53:57Z" user="WindStream" uid="9557728" lat="55.7971962" lon="37.6390658"/>
 <node id="13324024614" visible="true" version="1" changeset="174986976" timestamp="2025-11-22T12:53:57Z" user="WindStream" uid="9557728" lat="55.7975708" lon="37.6395052"/>
 <node id="13324024615" visible="true" version="1" changeset="174986976" timestamp="2025-11-22T12:53:57Z" user="WindStream" uid="9557728" lat="55.7978589" lon="37.6398862"/>
 <node id="13324024616" visible="true" version="1" changeset="174986976" timestamp="2025-11-22T12:53:57Z" user="WindStream" uid="9557728" lat="55.7982034" lon="37.6403975"/>
 <node id="13324024617" visible="true" version="1" changeset="174986976" timestamp="2025-11-22T12:53:57Z" user="WindStream" uid="9557728" lat="55.7984011" lon="37.6407224"/>
 <node id="13324024618" visible="true" version="1" changeset="174986976" timestamp="2025-11-22T12:53:57Z" user="WindStream" uid="9557728" lat="55.7985920" lon="37.6410601"/>
 <node id="13324024619" visible="true" version="1" changeset="174986976" timestamp="2025-11-22T12:53:57Z" user="WindStream" uid="9557728" lat="55.7988365" lon="37.6415273"/>
 <node id="13324024620" visible="true" version="1" changeset="174986976" timestamp="2025-11-22T12:53:57Z" user="WindStream" uid="9557728" lat="55.8007638" lon="37.6453127"/>
 <node id="13324024621" visible="true" version="1" changeset="174986976" timestamp="2025-11-22T12:53:57Z" user="WindStream" uid="9557728" lat="55.8010772" lon="37.6458834"/>
 <node id="13324024622" visible="true" version="1" changeset="174986976" timestamp="2025-11-22T12:53:57Z" user="WindStream" uid="9557728" lat="55.8013393" lon="37.6463197"/>
 <node id="13324024623" visible="true" version="1" changeset="174986976" timestamp="2025-11-22T12:53:57Z" user="WindStream" uid="9557728" lat="55.8020299" lon="37.6473386"/>
 <node id="13324024624" visible="true" version="1" changeset="174986976" timestamp="2025-11-22T12:53:57Z" user="WindStream" uid="9557728" lat="55.8084143" lon="37.6564000"/>
 <node id="13324024625" visible="true" version="1" changeset="174986976" timestamp="2025-11-22T12:53:57Z" user="WindStream" uid="9557728" lat="55.8086973" lon="37.6567930"/>
 <node id="13324024626" visible="true" version="1" changeset="174986976" timestamp="2025-11-22T12:53:57Z" user="WindStream" uid="9557728" lat="55.8089141" lon="37.6570769"/>
 <node id="13324024627" visible="true" version="1" changeset="174986976" timestamp="2025-11-22T12:53:57Z" user="WindStream" uid="9557728" lat="55.8091356" lon="37.6573494"/>
 <node id="13324024628" visible="true" version="1" changeset="174986976" timestamp="2025-11-22T12:53:57Z" user="WindStream" uid="9557728" lat="55.8093616" lon="37.6576098"/>
 <node id="13324024629" visible="true" version="1" changeset="174986976" timestamp="2025-11-22T12:53:57Z" user="WindStream" uid="9557728" lat="55.8095919" lon="37.6578581"/>
 <node id="13324024630" visible="true" version="1" changeset="174986976" timestamp="2025-11-22T12:53:57Z" user="WindStream" uid="9557728" lat="55.8098263" lon="37.6580940"/>
 <node id="13324024631" visible="true" version="1" changeset="174986976" timestamp="2025-11-22T12:53:57Z" user="WindStream" uid="9557728" lat="55.8138414" lon="37.6616663"/>
 <node id="13908402313" visible="true" version="1" changeset="183616295" timestamp="2026-06-03T22:41:46Z" user="Grass-snake" uid="11321493" lat="55.7782424" lon="37.6442966"/>
 <node id="13908402314" visible="true" version="1" changeset="183616295" timestamp="2026-06-03T22:41:46Z" user="Grass-snake" uid="11321493" lat="55.7783402" lon="37.6445809"/>
 <node id="13908402315" visible="true" version="1" changeset="183616295" timestamp="2026-06-03T22:41:46Z" user="Grass-snake" uid="11321493" lat="55.7780274" lon="37.6436860"/>
 <node id="13908402316" visible="true" version="1" changeset="183616295" timestamp="2026-06-03T22:41:46Z" user="Grass-snake" uid="11321493" lat="55.7779894" lon="37.6436956"/>
 <node id="13908402317" visible="true" version="1" changeset="183616295" timestamp="2026-06-03T22:41:46Z" user="Grass-snake" uid="11321493" lat="55.7780135" lon="37.6439267"/>
 <node id="13908402318" visible="true" version="1" changeset="183616295" timestamp="2026-06-03T22:41:46Z" user="Grass-snake" uid="11321493" lat="55.7780257" lon="37.6444063"/>
 <node id="13908402319" visible="true" version="1" changeset="183616295" timestamp="2026-06-03T22:41:46Z" user="Grass-snake" uid="11321493" lat="55.7781237" lon="37.6444950"/>
 <node id="13908402320" visible="true" version="1" changeset="183616295" timestamp="2026-06-03T22:41:46Z" user="Grass-snake" uid="11321493" lat="55.7791059" lon="37.6436928"/>
 <node id="13908402321" visible="true" version="1" changeset="183616295" timestamp="2026-06-03T22:41:46Z" user="Grass-snake" uid="11321493" lat="55.7791581" lon="37.6435528"/>
 <node id="13908402322" visible="true" version="1" changeset="183616295" timestamp="2026-06-03T22:41:46Z" user="Grass-snake" uid="11321493" lat="55.7791707" lon="37.6435337"/>
 <node id="13908402323" visible="true" version="1" changeset="183616295" timestamp="2026-06-03T22:41:46Z" user="Grass-snake" uid="11321493" lat="55.7791004" lon="37.6434091"/>
 <node id="13908402324" visible="true" version="1" changeset="183616295" timestamp="2026-06-03T22:41:46Z" user="Grass-snake" uid="11321493" lat="55.7790842" lon="37.6434314"/>
 <node id="13908402325" visible="true" version="1" changeset="183616295" timestamp="2026-06-03T22:41:46Z" user="Grass-snake" uid="11321493" lat="55.7789441" lon="37.6433767"/>
 <node id="13908402326" visible="true" version="1" changeset="183616295" timestamp="2026-06-03T22:41:46Z" user="Grass-snake" uid="11321493" lat="55.7789351" lon="37.6433958"/>
 <node id="13908402327" visible="true" version="1" changeset="183616295" timestamp="2026-06-03T22:41:46Z" user="Grass-snake" uid="11321493" lat="55.7788916" lon="37.6433319"/>
 <node id="13908402328" visible="true" version="1" changeset="183616295" timestamp="2026-06-03T22:41:46Z" user="Grass-snake" uid="11321493" lat="55.7789042" lon="37.6433064"/>
 <node id="13908402329" visible="true" version="1" changeset="183616295" timestamp="2026-06-03T22:41:46Z" user="Grass-snake" uid="11321493" lat="55.7788307" lon="37.6431978"/>
 <node id="13908402330" visible="true" version="1" changeset="183616295" timestamp="2026-06-03T22:41:46Z" user="Grass-snake" uid="11321493" lat="55.7788253" lon="37.6432105"/>
 <node id="13908402331" visible="true" version="1" changeset="183616295" timestamp="2026-06-03T22:41:46Z" user="Grass-snake" uid="11321493" lat="55.7787746" lon="37.6431338"/>
 <node id="13908402332" visible="true" version="1" changeset="183616295" timestamp="2026-06-03T22:41:46Z" user="Grass-snake" uid="11321493" lat="55.7787837" lon="37.6431083"/>
 <node id="13908402333" visible="true" version="1" changeset="183616295" timestamp="2026-06-03T22:41:46Z" user="Grass-snake" uid="11321493" lat="55.7787155" lon="37.6429997"/>
 <node id="13908402334" visible="true" version="1" changeset="183616295" timestamp="2026-06-03T22:41:46Z" user="Grass-snake" uid="11321493" lat="55.7787047" lon="37.6430156"/>
 <node id="13908402335" visible="true" version="1" changeset="183616295" timestamp="2026-06-03T22:41:46Z" user="Grass-snake" uid="11321493" lat="55.7786234" lon="37.6426807"/>
 <node id="13908402336" visible="true" version="1" changeset="183616295" timestamp="2026-06-03T22:41:46Z" user="Grass-snake" uid="11321493" lat="55.7786378" lon="37.6426807"/>
 <node id="13908402337" visible="true" version="1" changeset="183616295" timestamp="2026-06-03T22:41:46Z" user="Grass-snake" uid="11321493" lat="55.7786415" lon="37.6425054"/>
 <node id="13908402338" visible="true" version="1" changeset="183616295" timestamp="2026-06-03T22:41:46Z" user="Grass-snake" uid="11321493" lat="55.7786254" lon="37.6425054"/>
 <node id="13908402339" visible="true" version="1" changeset="183616295" timestamp="2026-06-03T22:41:46Z" user="Grass-snake" uid="11321493" lat="55.7785208" lon="37.6428269"/>
 <node id="13908402340" visible="true" version="1" changeset="183616295" timestamp="2026-06-03T22:41:46Z" user="Grass-snake" uid="11321493" lat="55.7785388" lon="37.6428270"/>
 <node id="13908402341" visible="true" version="1" changeset="183616295" timestamp="2026-06-03T22:41:46Z" user="Grass-snake" uid="11321493" lat="55.7786180" lon="37.6430854"/>
 <node id="13908402342" visible="true" version="1" changeset="183616295" timestamp="2026-06-03T22:41:46Z" user="Grass-snake" uid="11321493" lat="55.7786090" lon="37.6431077"/>
 <node id="13908402343" visible="true" version="1" changeset="183616295" timestamp="2026-06-03T22:41:46Z" user="Grass-snake" uid="11321493" lat="55.7786936" lon="37.6432770"/>
 <node id="13908402344" visible="true" version="1" changeset="183616295" timestamp="2026-06-03T22:41:46Z" user="Grass-snake" uid="11321493" lat="55.7787062" lon="37.6432611"/>
 <node id="13908402345" visible="true" version="1" changeset="183616295" timestamp="2026-06-03T22:41:46Z" user="Grass-snake" uid="11321493" lat="55.7787497" lon="37.6433313"/>
 <node id="13908402346" visible="true" version="1" changeset="183616295" timestamp="2026-06-03T22:41:46Z" user="Grass-snake" uid="11321493" lat="55.7787407" lon="37.6433536"/>
 <node id="13908402347" visible="true" version="1" changeset="183616295" timestamp="2026-06-03T22:41:46Z" user="Grass-snake" uid="11321493" lat="55.7788142" lon="37.6434750"/>
 <node id="13908402348" visible="true" version="1" changeset="183616295" timestamp="2026-06-03T22:41:46Z" user="Grass-snake" uid="11321493" lat="55.7788232" lon="37.6434591"/>
 <node id="13908402349" visible="true" version="1" changeset="183616295" timestamp="2026-06-03T22:41:46Z" user="Grass-snake" uid="11321493" lat="55.7788667" lon="37.6435294"/>
 <node id="13908402350" visible="true" version="1" changeset="183616295" timestamp="2026-06-03T22:41:46Z" user="Grass-snake" uid="11321493" lat="55.7788595" lon="37.6435453"/>
 <node id="13908402351" visible="true" version="1" changeset="183616295" timestamp="2026-06-03T22:41:46Z" user="Grass-snake" uid="11321493" lat="55.7789276" lon="37.6436571"/>
 <node id="13908402352" visible="true" version="1" changeset="183616295" timestamp="2026-06-03T22:41:46Z" user="Grass-snake" uid="11321493" lat="55.7789366" lon="37.6436412"/>
 <node id="13908402353" visible="true" version="1" changeset="183616295" timestamp="2026-06-03T22:41:46Z" user="Grass-snake" uid="11321493" lat="55.7790951" lon="37.6437119"/>
 <node id="13908402354" visible="true" version="1" changeset="183616295" timestamp="2026-06-03T22:41:46Z" user="Grass-snake" uid="11321493" lat="55.7786983" lon="37.6443543"/>
 <node id="13908402355" visible="true" version="1" changeset="183616295" timestamp="2026-06-03T22:41:46Z" user="Grass-snake" uid="11321493" lat="55.7787672" lon="37.6442366"/>
 <node id="13908402356" visible="true" version="1" changeset="183616295" timestamp="2026-06-03T22:41:46Z" user="Grass-snake" uid="11321493" lat="55.7785071" lon="37.6454094"/>
 <node id="13908402357" visible="true" version="1" changeset="183616295" timestamp="2026-06-03T22:41:46Z" user="Grass-snake" uid="11321493" lat="55.7790010" lon="37.6443937"/>
 <node id="13908402358" visible="true" version="1" changeset="183616295" timestamp="2026-06-03T22:41:46Z" user="Grass-snake" uid="11321493" lat="55.7789861" lon="37.6444359"/>
 <node id="13908402359" visible="true" version="1" changeset="183616295" timestamp="2026-06-03T22:41:46Z" user="Grass-snake" uid="11321493" lat="55.7790242" lon="37.6445205"/>
 <node id="13908402360" visible="true" version="1" changeset="183616295" timestamp="2026-06-03T22:41:46Z" user="Grass-snake" uid="11321493" lat="55.7790426" lon="37.6444942"/>
 <node id="13908402361" visible="true" version="1" changeset="183616295" timestamp="2026-06-03T22:41:46Z" user="Grass-snake" uid="11321493" lat="55.7791646" lon="37.6442532"/>
 <node id="13908402362" visible="true" version="1" changeset="183616295" timestamp="2026-06-03T22:41:46Z" user="Grass-snake" uid="11321493" lat="55.7791524" lon="37.6442715"/>
 <node id="13908402363" visible="true" version="1" changeset="183616295" timestamp="2026-06-03T22:41:46Z" user="Grass-snake" uid="11321493" lat="55.7782470" lon="37.6442952"/>
 <node id="13908402364" visible="true" version="1" changeset="183616295" timestamp="2026-06-03T22:41:46Z" user="Grass-snake" uid="11321493" lat="55.7785817" lon="37.6422694"/>
 <node id="13908402365" visible="true" version="1" changeset="183616295" timestamp="2026-06-03T22:41:46Z" user="Grass-snake" uid="11321493" lat="55.7785817" lon="37.6422534"/>
 <node id="13908402366" visible="true" version="1" changeset="183616295" timestamp="2026-06-03T22:41:46Z" user="Grass-snake" uid="11321493" lat="55.7786160" lon="37.6421803"/>
 <node id="13908402367" visible="true" version="1" changeset="183616295" timestamp="2026-06-03T22:41:46Z" user="Grass-snake" uid="11321493" lat="55.7786249" lon="37.6421803"/>
 <node id="13908402368" visible="true" version="1" changeset="183616295" timestamp="2026-06-03T22:41:46Z" user="Grass-snake" uid="11321493" lat="55.7786246" lon="37.6421165"/>
 <node id="13908402369" visible="true" version="1" changeset="183616295" timestamp="2026-06-03T22:41:46Z" user="Grass-snake" uid="11321493" lat="55.7786174" lon="37.6421133"/>
 <node id="13908402370" visible="true" version="1" changeset="183616295" timestamp="2026-06-03T22:41:46Z" user="Grass-snake" uid="11321493" lat="55.7786179" lon="37.6420783"/>
 <node id="13908402371" visible="true" version="2" changeset="183652902" timestamp="2026-06-04T15:34:29Z" user="Grass-snake" uid="11321493" lat="55.7786188" lon="37.6420209">
  <tag k="entrance" v="staircase"/>
 </node>
 <node id="13908402372" visible="true" version="1" changeset="183616295" timestamp="2026-06-03T22:41:46Z" user="Grass-snake" uid="11321493" lat="55.7786193" lon="37.6419795"/>
 <node id="13908402373" visible="true" version="1" changeset="183616295" timestamp="2026-06-03T22:41:46Z" user="Grass-snake" uid="11321493" lat="55.7786283" lon="37.6419795"/>
 <node id="13908402374" visible="true" version="1" changeset="183616295" timestamp="2026-06-03T22:41:46Z" user="Grass-snake" uid="11321493" lat="55.7786302" lon="37.6419094"/>
 <node id="13908402375" visible="true" version="1" changeset="183616295" timestamp="2026-06-03T22:41:46Z" user="Grass-snake" uid="11321493" lat="55.7786190" lon="37.6419093"/>
 <node id="13908402376" visible="true" version="1" changeset="183616295" timestamp="2026-06-03T22:41:46Z" user="Grass-snake" uid="11321493" lat="55.7786065" lon="37.6418392"/>
 <node id="13908402377" visible="true" version="1" changeset="183616295" timestamp="2026-06-03T22:41:46Z" user="Grass-snake" uid="11321493" lat="55.7785903" lon="37.6418391"/>
 <node id="13908402378" visible="true" version="1" changeset="183616295" timestamp="2026-06-03T22:41:46Z" user="Grass-snake" uid="11321493" lat="55.7785903" lon="37.6418232"/>
 <node id="13908402379" visible="true" version="1" changeset="183616295" timestamp="2026-06-03T22:41:46Z" user="Grass-snake" uid="11321493" lat="55.7785378" lon="37.6418198"/>
 <node id="13908402380" visible="true" version="1" changeset="183616295" timestamp="2026-06-03T22:41:46Z" user="Grass-snake" uid="11321493" lat="55.7785378" lon="37.6418357"/>
 <node id="13908402381" visible="true" version="1" changeset="183616295" timestamp="2026-06-03T22:41:46Z" user="Grass-snake" uid="11321493" lat="55.7785023" lon="37.6422436"/>
 <node id="13908402382" visible="true" version="1" changeset="183616295" timestamp="2026-06-03T22:41:46Z" user="Grass-snake" uid="11321493" lat="55.7785274" lon="37.6422437"/>
 <node id="13908402383" visible="true" version="1" changeset="183616295" timestamp="2026-06-03T22:41:46Z" user="Grass-snake" uid="11321493" lat="55.7789942" lon="37.6427872"/>
 <node id="13908402384" visible="true" version="1" changeset="183616295" timestamp="2026-06-03T22:41:46Z" user="Grass-snake" uid="11321493" lat="55.7789852" lon="37.6428031"/>
 <node id="13908402385" visible="true" version="1" changeset="183616295" timestamp="2026-06-03T22:41:46Z" user="Grass-snake" uid="11321493" lat="55.7789386" lon="37.6427232"/>
 <node id="13908402386" visible="true" version="1" changeset="183616295" timestamp="2026-06-03T22:41:46Z" user="Grass-snake" uid="11321493" lat="55.7789458" lon="37.6427073"/>
 <node id="13908402387" visible="true" version="1" changeset="183616295" timestamp="2026-06-03T22:41:46Z" user="Grass-snake" uid="11321493" lat="55.7788862" lon="37.6426051"/>
 <node id="13908402388" visible="true" version="1" changeset="183616295" timestamp="2026-06-03T22:41:46Z" user="Grass-snake" uid="11321493" lat="55.7788754" lon="37.6426274"/>
 <node id="13908402389" visible="true" version="1" changeset="183616295" timestamp="2026-06-03T22:41:46Z" user="Grass-snake" uid="11321493" lat="55.7788052" lon="37.6427610"/>
 <node id="13908402390" visible="true" version="1" changeset="183616295" timestamp="2026-06-03T22:41:46Z" user="Grass-snake" uid="11321493" lat="55.7787980" lon="37.6427737"/>
 <node id="13908402391" visible="true" version="1" changeset="183616295" timestamp="2026-06-03T22:41:46Z" user="Grass-snake" uid="11321493" lat="55.7788630" lon="37.6428855"/>
 <node id="13908402392" visible="true" version="1" changeset="183616295" timestamp="2026-06-03T22:41:46Z" user="Grass-snake" uid="11321493" lat="55.7788720" lon="37.6428664"/>
 <node id="13908402393" visible="true" version="1" changeset="183616295" timestamp="2026-06-03T22:41:46Z" user="Grass-snake" uid="11321493" lat="55.7789204" lon="37.6429495"/>
 <node id="13908402394" visible="true" version="1" changeset="183616295" timestamp="2026-06-03T22:41:46Z" user="Grass-snake" uid="11321493" lat="55.7789132" lon="37.6429622"/>
 <node id="13908402395" visible="true" version="1" changeset="183616295" timestamp="2026-06-03T22:41:46Z" user="Grass-snake" uid="11321493" lat="55.7789764" lon="37.6430708"/>
 <node id="13908402396" visible="true" version="1" changeset="183616295" timestamp="2026-06-03T22:41:46Z" user="Grass-snake" uid="11321493" lat="55.7789872" lon="37.6430517"/>
 <node id="13908402397" visible="true" version="1" changeset="183616295" timestamp="2026-06-03T22:41:46Z" user="Grass-snake" uid="11321493" lat="55.7790484" lon="37.6429181"/>
 <node id="13908402398" visible="true" version="1" changeset="183616295" timestamp="2026-06-03T22:41:46Z" user="Grass-snake" uid="11321493" lat="55.7790592" lon="37.6428990"/>
 <node id="13910045621" visible="true" version="1" changeset="183652902" timestamp="2026-06-04T15:34:29Z" user="Grass-snake" uid="11321493" lat="55.7789736" lon="37.6427831">
  <tag k="entrance" v="staircase"/>
 </node>
 <node id="13910045622" visible="true" version="1" changeset="183652902" timestamp="2026-06-04T15:34:29Z" user="Grass-snake" uid="11321493" lat="55.7788678" lon="37.6426146">
  <tag k="entrance" v="staircase"/>
 </node>
 <node id="13910045623" visible="true" version="1" changeset="183652902" timestamp="2026-06-04T15:34:29Z" user="Grass-snake" uid="11321493" lat="55.7785000" lon="37.6431500">
  <tag k="barrier" v="lift_gate"/>
  <tag k="bicycle" v="yes"/>
  <tag k="foot" v="yes"/>
  <tag k="motor_vehicle" v="private"/>
 </node>
 <node id="13987612918" visible="true" version="1" changeset="185080893" timestamp="2026-07-04T08:52:32Z" user="solenoid jam" uid="10129333" lat="55.7798050" lon="37.6423484"/>
 <node id="13987612919" visible="true" version="1" changeset="185080893" timestamp="2026-07-04T08:52:32Z" user="solenoid jam" uid="10129333" lat="55.7801006" lon="37.6421519"/>
 <node id="13987612920" visible="true" version="1" changeset="185080893" timestamp="2026-07-04T08:52:32Z" user="solenoid jam" uid="10129333" lat="55.7800991" lon="37.6424043"/>
 <node id="13987612926" visible="true" version="1" changeset="185080893" timestamp="2026-07-04T08:52:32Z" user="solenoid jam" uid="10129333" lat="55.7800212" lon="37.6423501"/>
 <node id="13987612927" visible="true" version="1" changeset="185080893" timestamp="2026-07-04T08:52:32Z" user="solenoid jam" uid="10129333" lat="55.7800237" lon="37.6421962"/>
 <node id="13987612928" visible="true" version="1" changeset="185080893" timestamp="2026-07-04T08:52:32Z" user="solenoid jam" uid="10129333" lat="55.7800789" lon="37.6420434"/>
 <node id="13987612929" visible="true" version="1" changeset="185080893" timestamp="2026-07-04T08:52:32Z" user="solenoid jam" uid="10129333" lat="55.7798057" lon="37.6420413"/>
 <node id="13987612934" visible="true" version="1" changeset="185080893" timestamp="2026-07-04T08:52:32Z" user="solenoid jam" uid="10129333" lat="55.7798037" lon="37.6428063"/>
 <node id="13987612935" visible="true" version="1" changeset="185080893" timestamp="2026-07-04T08:52:32Z" user="solenoid jam" uid="10129333" lat="55.7798030" lon="37.6430974"/>
 <node id="13987612936" visible="true" version="1" changeset="185080893" timestamp="2026-07-04T08:52:32Z" user="solenoid jam" uid="10129333" lat="55.7800974" lon="37.6430996"/>
 <node id="13987612937" visible="true" version="1" changeset="185080893" timestamp="2026-07-04T08:52:32Z" user="solenoid jam" uid="10129333" lat="55.7800979" lon="37.6428836"/>
 <node id="13987612951" visible="true" version="1" changeset="185080893" timestamp="2026-07-04T08:52:32Z" user="solenoid jam" uid="10129333" lat="55.7800981" lon="37.6428085"/>
 <node id="13987612952" visible="true" version="1" changeset="185080893" timestamp="2026-07-04T08:52:32Z" user="solenoid jam" uid="10129333" lat="55.7800992" lon="37.6423506"/>
 <node id="13987612953" visible="true" version="1" changeset="185080893" timestamp="2026-07-04T08:52:32Z" user="solenoid jam" uid="10129333" lat="55.7797950" lon="37.6423484"/>
 <node id="13987612954" visible="true" version="1" changeset="185080893" timestamp="2026-07-04T08:52:32Z" user="solenoid jam" uid="10129333" lat="55.7797939" lon="37.6428062"/>
 <way id="11291560" visible="true" version="61" changeset="171985399" timestamp="2025-09-15T20:42:14Z" user="Bobropiton" uid="2055718">
  <nd ref="6586164394"/>
  <nd ref="6586164395"/>
  <nd ref="13145540738"/>
  <nd ref="6586164396"/>
  <nd ref="324211707"/>
  <nd ref="1172627830"/>
  <nd ref="11269170386"/>
  <nd ref="11269170387"/>
  <nd ref="6413756255"/>
  <nd ref="13085249165"/>
  <nd ref="6413725270"/>
  <nd ref="6165331955"/>
  <nd ref="6165331967"/>
  <nd ref="6413725257"/>
  <nd ref="6413725251"/>
  <nd ref="1901201558"/>
  <nd ref="6165331984"/>
  <nd ref="13085249171"/>
  <nd ref="1901201564"/>
  <nd ref="6165331979"/>
  <nd ref="6165331961"/>
  <nd ref="5072440783"/>
  <nd ref="9158086867"/>
  <nd ref="5072440786"/>
  <nd ref="100336730"/>
  <tag k="highway" v="residential"/>
  <tag k="lanes" v="2"/>
  <tag k="lit" v="yes"/>
  <tag k="name" v="Большой Балканский переулок"/>
  <tag k="name:uk" v="Великий Балканський провулок"/>
  <tag k="old_name" v="Балканский переулок"/>
  <tag k="postal_code" v="129090"/>
  <tag k="surface" v="asphalt"/>
 </way>
 <way id="11746482" visible="true" version="50" changeset="171985399" timestamp="2025-09-15T20:42:14Z" user="Bobropiton" uid="2055718">
  <nd ref="105173728"/>
  <nd ref="13145540709"/>
  <nd ref="6586164399"/>
  <nd ref="6586164403"/>
  <nd ref="11269165459"/>
  <nd ref="2942393188"/>
  <tag k="admin_level" v="8"/>
  <tag k="boundary" v="administrative"/>
  <tag k="highway" v="residential"/>
  <tag k="lanes" v="2"/>
  <tag k="lit" v="yes"/>
  <tag k="name" v="Пантелеевская улица"/>
  <tag k="name:uk" v="Пантеліївська вулиця"/>
  <tag k="postal_code" v="129110"/>
  <tag k="surface" v="asphalt"/>
 </way>
 <way id="30386787" visible="true" version="47" changeset="147256491" timestamp="2024-02-09T13:09:09Z" user="Fantomas" uid="478018">
  <nd ref="6586164406"/>
  <nd ref="8390966806"/>
  <nd ref="2505598704"/>
  <nd ref="335385487"/>
  <nd ref="922417098"/>
  <nd ref="335385490"/>
  <nd ref="2940207243"/>
  <nd ref="11269165443"/>
  <nd ref="11269165444"/>
  <nd ref="5863435126"/>
  <nd ref="8390987243"/>
  <nd ref="5863435125"/>
  <nd ref="8390987244"/>
  <nd ref="335385494"/>
  <tag k="highway" v="residential"/>
  <tag k="lanes" v="1"/>
  <tag k="name" v="Индустриальный переулок"/>
  <tag k="name:uk" v="Індустріальний провулок"/>
  <tag k="omkum:old_name" v="Кобзиков переулок (1922 г.) Ивановский переулок (до 1917 г.)"/>
  <tag k="postal_code" v="129110"/>
  <tag k="surface" v="asphalt"/>
 </way>
 <way id="35168629" visible="true" version="14" changeset="183652902" timestamp="2026-06-04T15:34:29Z" user="Grass-snake" uid="11321493">
  <nd ref="13908402353"/>
  <nd ref="9139834491"/>
  <nd ref="412509460"/>
  <nd ref="412509462"/>
  <nd ref="13908402352"/>
  <nd ref="13908402351"/>
  <nd ref="9139834492"/>
  <nd ref="13908402350"/>
  <nd ref="13908402349"/>
  <nd ref="13908402348"/>
  <nd ref="13908402347"/>
  <nd ref="9139834489"/>
  <nd ref="13908402346"/>
  <nd ref="13908402345"/>
  <nd ref="13908402344"/>
  <nd ref="13908402343"/>
  <nd ref="9139834490"/>
  <nd ref="412509464"/>
  <nd ref="412509465"/>
  <nd ref="13908402342"/>
  <nd ref="13908402341"/>
  <nd ref="412509467"/>
  <nd ref="9139834488"/>
  <nd ref="13908402340"/>
  <nd ref="13908402339"/>
  <nd ref="9139834487"/>
  <nd ref="412509446"/>
  <nd ref="412509448"/>
  <nd ref="13908402338"/>
  <nd ref="13908402337"/>
  <nd ref="13908402336"/>
  <nd ref="13908402335"/>
  <nd ref="412509450"/>
  <nd ref="13908402334"/>
  <nd ref="13908402333"/>
  <nd ref="13908402332"/>
  <nd ref="13908402331"/>
  <nd ref="13908402330"/>
  <nd ref="13908402329"/>
  <nd ref="13908402328"/>
  <nd ref="13908402327"/>
  <nd ref="13908402326"/>
  <nd ref="13908402325"/>
  <nd ref="412509452"/>
  <nd ref="412509454"/>
  <nd ref="13908402324"/>
  <nd ref="13908402323"/>
  <nd ref="13908402322"/>
  <nd ref="13908402321"/>
  <nd ref="412509456"/>
  <nd ref="412509458"/>
  <nd ref="13908402320"/>
  <nd ref="13908402353"/>
  <tag k="addr:housenumber" v="13/47 к4"/>
  <tag k="addr:street" v="Большой Балканский переулок"/>
  <tag k="building" v="apartments"/>
  <tag k="building:architecture" v="constructivism"/>
  <tag k="building:colour" v="lightyellow"/>
  <tag k="building:levels" v="6"/>
  <tag k="building:material" v="plaster"/>
  <tag k="roof:colour" v="grey"/>
  <tag k="roof:material" v="tar_paper"/>
  <tag k="roof:shape" v="flat"/>
 </way>
 <way id="37757008" visible="true" version="5" changeset="147699536" timestamp="2024-02-20T16:34:21Z" user="MarinaKuzko" uid="18826385">
  <nd ref="442888326"/>
  <nd ref="442888330"/>
  <nd ref="442888333"/>
  <nd ref="10263279526"/>
  <nd ref="10263279527"/>
  <nd ref="442888341"/>
  <nd ref="442888345"/>
  <nd ref="442888351"/>
  <nd ref="10263279525"/>
  <nd ref="10263279524"/>
  <nd ref="442888355"/>
  <nd ref="442888358"/>
  <nd ref="442888326"/>
  <tag k="addr:housenumber" v="27"/>
  <tag k="addr:street" v="Грохольский переулок"/>
  <tag k="building" v="office"/>
  <tag k="building:colour" v="lightgrey"/>
  <tag k="building:levels" v="5"/>
  <tag k="building:material" v="concrete"/>
  <tag k="roof:colour" v="beige"/>
  <tag k="roof:material" v="concrete"/>
  <tag k="roof:shape" v="flat"/>
 </way>
 <way id="37757012" visible="true" version="9" changeset="147699536" timestamp="2024-02-20T16:34:21Z" user="MarinaKuzko" uid="18826385">
  <nd ref="1896895910"/>
  <nd ref="1896895914"/>
  <nd ref="901001158"/>
  <nd ref="1896895929"/>
  <nd ref="5812951426"/>
  <nd ref="901001143"/>
  <nd ref="901001140"/>
  <nd ref="442888384"/>
  <nd ref="442888378"/>
  <nd ref="10263279528"/>
  <nd ref="442888374"/>
  <nd ref="442888370"/>
  <nd ref="1896895932"/>
  <nd ref="1896895933"/>
  <nd ref="1896895934"/>
  <nd ref="1896895948"/>
  <nd ref="1896895952"/>
  <nd ref="1896895950"/>
  <nd ref="1896895946"/>
  <nd ref="1896895936"/>
  <nd ref="1896895935"/>
  <nd ref="442888406"/>
  <nd ref="442888401"/>
  <nd ref="10263279529"/>
  <nd ref="442888396"/>
  <nd ref="442888388"/>
  <nd ref="901001161"/>
  <nd ref="1896895931"/>
  <nd ref="5812951427"/>
  <nd ref="901001151"/>
  <nd ref="1896895912"/>
  <nd ref="901001141"/>
  <nd ref="1896895907"/>
  <nd ref="901001129"/>
  <nd ref="1896895903"/>
  <nd ref="901001163"/>
  <nd ref="6413725284"/>
  <nd ref="6413725786"/>
  <nd ref="6413725785"/>
  <nd ref="1896895910"/>
  <tag k="addr:housenumber" v="31 с1"/>
  <tag k="addr:street" v="Грохольский переулок"/>
  <tag k="building" v="hospital"/>
  <tag k="building:colour" v="lightgrey;brown"/>
  <tag k="building:levels" v="10"/>
  <tag k="building:material" v="cement_block"/>
  <tag k="roof:colour" v="grey"/>
  <tag k="roof:material" v="tar_paper"/>
  <tag k="roof:shape" v="flat"/>
 </way>
 <way id="37757013" visible="true" version="6" changeset="170747292" timestamp="2025-08-20T20:59:38Z" user="literan" uid="830106">
  <nd ref="442888425"/>
  <nd ref="11602690669"/>
  <nd ref="11602690670"/>
  <nd ref="11602620368"/>
  <nd ref="442888429"/>
  <nd ref="13085249149"/>
  <nd ref="442888431"/>
  <nd ref="13085249148"/>
  <nd ref="13085249150"/>
  <nd ref="442888440"/>
  <nd ref="442888443"/>
  <nd ref="11602620363"/>
  <nd ref="442888425"/>
  <tag k="addr:housenumber" v="49"/>
  <tag k="addr:street" v="Каланчёвская улица"/>
  <tag k="building" v="public"/>
  <tag k="building:colour" v="beige;white"/>
  <tag k="building:levels" v="5"/>
  <tag k="building:material" v="plaster"/>
  <tag k="roof:colour" v="grey"/>
  <tag k="roof:material" v="tar_paper"/>
  <tag k="roof:shape" v="flat"/>
 </way>
 <way id="37757021" visible="true" version="14" changeset="147699536" timestamp="2024-02-20T16:34:21Z" user="MarinaKuzko" uid="18826385">
  <nd ref="442888453"/>
  <nd ref="442888454"/>
  <nd ref="442888457"/>
  <nd ref="442888462"/>
  <nd ref="442888466"/>
  <nd ref="5352779630"/>
  <nd ref="442888468"/>
  <nd ref="442888470"/>
  <nd ref="9158086853"/>
  <nd ref="442888471"/>
  <nd ref="9158086852"/>
  <nd ref="9158086851"/>
  <nd ref="5352775009"/>
  <nd ref="442888472"/>
  <nd ref="9158086850"/>
  <nd ref="442888473"/>
  <nd ref="9158086849"/>
  <nd ref="9158086848"/>
  <nd ref="9158086847"/>
  <nd ref="442888474"/>
  <nd ref="9158086856"/>
  <nd ref="442888476"/>
  <nd ref="11606168567"/>
  <nd ref="442888478"/>
  <nd ref="442888453"/>
  <tag k="addr:housenumber" v="47"/>
  <tag k="addr:street" v="Каланчёвская улица"/>
  <tag k="building" v="apartments"/>
  <tag k="building:architecture" v="constructivism"/>
  <tag k="building:colour" v="beige"/>
  <tag k="building:levels" v="7"/>
  <tag k="building:material" v="plaster"/>
  <tag k="roof:colour" v="grey"/>
  <tag k="roof:material" v="tar_paper"/>
  <tag k="roof:shape" v="flat"/>
 </way>
 <way id="37757025" visible="true" version="14" changeset="183616295" timestamp="2026-06-03T22:41:46Z" user="Grass-snake" uid="11321493">
  <nd ref="13908402362"/>
  <nd ref="13908402361"/>
  <nd ref="442888482"/>
  <nd ref="442888484"/>
  <nd ref="13908402360"/>
  <nd ref="13908402359"/>
  <nd ref="13908402358"/>
  <nd ref="442888485"/>
  <nd ref="13908402357"/>
  <nd ref="442888486"/>
  <nd ref="442888487"/>
  <nd ref="13908402356"/>
  <nd ref="442888489"/>
  <nd ref="442888491"/>
  <nd ref="442888492"/>
  <nd ref="442888494"/>
  <nd ref="13908402362"/>
  <tag k="addr:housenumber" v="13 к2"/>
  <tag k="addr:street" v="Большой Балканский переулок"/>
  <tag k="building" v="apartments"/>
  <tag k="building:architecture" v="constructivism"/>
  <tag k="building:colour" v="beige;grey"/>
  <tag k="building:levels" v="5"/>
  <tag k="building:material" v="plaster"/>
  <tag k="roof:angle" v="30"/>
  <tag k="roof:colour" v="lightgrey"/>
  <tag k="roof:material" v="metal"/>
  <tag k="roof:shape" v="hipped"/>
 </way>
 <way id="37757027" visible="true" version="11" changeset="183616295" timestamp="2026-06-03T22:41:46Z" user="Grass-snake" uid="11321493">
  <nd ref="9158086892"/>
  <nd ref="9158086891"/>
  <nd ref="9158086890"/>
  <nd ref="442888503"/>
  <nd ref="442888505"/>
  <nd ref="442888496"/>
  <nd ref="9139834493"/>
  <nd ref="442888498"/>
  <nd ref="9158086889"/>
  <nd ref="9139834484"/>
  <nd ref="442888499"/>
  <nd ref="13908402355"/>
  <nd ref="13908402354"/>
  <nd ref="442888500"/>
  <nd ref="442888501"/>
  <nd ref="9158086892"/>
  <tag k="addr:housenumber" v="13 к3"/>
  <tag k="addr:housenumber2" v="13/3"/>
  <tag k="addr:street" v="Большой Балканский переулок"/>
  <tag k="building" v="apartments"/>
  <tag k="building:architecture" v="constructivism"/>
  <tag k="building:colour" v="white"/>
  <tag k="building:levels" v="6"/>
  <tag k="building:material" v="plaster"/>
  <tag k="roof:angle" v="30"/>
  <tag k="roof:colour" v="lightgrey"/>
  <tag k="roof:material" v="metal"/>
  <tag k="roof:shape" v="hipped"/>
 </way>
 <way id="37757032" visible="true" version="6" changeset="90765385" timestamp="2020-09-11T14:57:58Z" user="osmer120311" uid="624271">
  <nd ref="442888538"/>
  <nd ref="442888540"/>
  <nd ref="2691323993"/>
  <nd ref="7897102892"/>
  <nd ref="442888542"/>
  <nd ref="442888544"/>
  <nd ref="2691323995"/>
  <nd ref="442888538"/>
  <tag k="building:levels" v="9"/>
  <tag k="building:part" v="apartments"/>
 </way>
 <way id="37757034" visible="true" version="14" changeset="183652902" timestamp="2026-06-04T15:34:29Z" user="Grass-snake" uid="11321493">
  <nd ref="13908402398"/>
  <nd ref="13908402397"/>
  <nd ref="442888546"/>
  <nd ref="442888547"/>
  <nd ref="13908402396"/>
  <nd ref="13908402395"/>
  <nd ref="13908402394"/>
  <nd ref="13908402393"/>
  <nd ref="13908402392"/>
  <nd ref="13908402391"/>
  <nd ref="13908402390"/>
  <nd ref="13908402389"/>
  <nd ref="442888548"/>
  <nd ref="442888549"/>
  <nd ref="13910045622"/>
  <nd ref="13908402388"/>
  <nd ref="13908402387"/>
  <nd ref="13908402386"/>
  <nd ref="13908402385"/>
  <nd ref="13910045621"/>
  <nd ref="13908402384"/>
  <nd ref="13908402383"/>
  <nd ref="13908402398"/>
  <tag k="addr:housenumber" v="13/47 к5"/>
  <tag k="addr:street" v="Большой Балканский переулок"/>
  <tag k="building" v="apartments"/>
  <tag k="building:architecture" v="constructivism"/>
  <tag k="building:colour" v="beige;white"/>
  <tag k="building:levels" v="5"/>
  <tag k="building:material" v="plaster"/>
  <tag k="roof:colour" v="grey"/>
  <tag k="roof:material" v="tar_paper"/>
  <tag k="roof:shape" v="flat"/>
 </way>
 <way id="37757035" visible="true" version="8" changeset="183616295" timestamp="2026-06-03T22:41:46Z" user="Grass-snake" uid="11321493">
  <nd ref="13908402382"/>
  <nd ref="13908402381"/>
  <nd ref="442888555"/>
  <nd ref="13908402380"/>
  <nd ref="13908402379"/>
  <nd ref="13908402378"/>
  <nd ref="13908402377"/>
  <nd ref="13908402376"/>
  <nd ref="442888556"/>
  <nd ref="13908402375"/>
  <nd ref="13908402374"/>
  <nd ref="13908402373"/>
  <nd ref="13908402372"/>
  <nd ref="13908402371"/>
  <nd ref="13908402370"/>
  <nd ref="13908402369"/>
  <nd ref="13908402368"/>
  <nd ref="13908402367"/>
  <nd ref="13908402366"/>
  <nd ref="442888551"/>
  <nd ref="13908402365"/>
  <nd ref="13908402364"/>
  <nd ref="442888553"/>
  <nd ref="13908402382"/>
  <tag k="addr:housenumber" v="5"/>
  <tag k="addr:street" v="Большой Балканский переулок"/>
  <tag k="building" v="apartments"/>
  <tag k="building:colour" v="beige"/>
  <tag k="building:levels" v="5"/>
  <tag k="building:material" v="plaster"/>
  <tag k="roof:colour" v="grey"/>
  <tag k="roof:material" v="tar_paper"/>
  <tag k="roof:shape" v="flat"/>
 </way>
 <way id="37757037" visible="true" version="9" changeset="147699536" timestamp="2024-02-20T16:34:21Z" user="MarinaKuzko" uid="18826385">
  <nd ref="442888558"/>
  <nd ref="11606168546"/>
  <nd ref="442888559"/>
  <nd ref="6412099084"/>
  <nd ref="6412099083"/>
  <nd ref="5068763353"/>
  <nd ref="6412099077"/>
  <nd ref="442888560"/>
  <nd ref="442888561"/>
  <nd ref="442888562"/>
  <nd ref="5068763352"/>
  <nd ref="442888563"/>
  <nd ref="442888558"/>
  <tag k="addr:housenumber" v="43А"/>
  <tag k="addr:street" v="Каланчёвская улица"/>
  <tag k="building" v="office"/>
  <tag k="building:colour" v="lightgrey;red"/>
  <tag k="building:levels" v="10"/>
  <tag k="building:material" v="metal_plates"/>
  <tag k="roof:colour" v="grey"/>
  <tag k="roof:material" v="tar_paper"/>
  <tag k="roof:shape" v="flat"/>
 </way>
 <way id="37757038" visible="true" version="11" changeset="166063775" timestamp="2025-05-10T10:54:06Z" user="literan" uid="830106">
  <nd ref="6412099885"/>
  <nd ref="6413725274"/>
  <nd ref="6413756254"/>
  <nd ref="442888564"/>
  <nd ref="442888565"/>
  <nd ref="6412099082"/>
  <nd ref="442888566"/>
  <nd ref="442888567"/>
  <nd ref="6413756253"/>
  <nd ref="442888568"/>
  <nd ref="6412099885"/>
  <tag k="addr:housenumber" v="45"/>
  <tag k="addr:street" v="Каланчёвская улица"/>
  <tag k="building" v="hospital"/>
  <tag k="building:colour" v="beige;brown"/>
  <tag k="building:levels" v="3"/>
  <tag k="building:material" v="plaster"/>
  <tag k="roof:angle" v="30"/>
  <tag k="roof:colour" v="brown"/>
  <tag k="roof:material" v="metal"/>
  <tag k="roof:shape" v="hipped"/>
 </way>
 <way id="37757039" visible="true" version="10" changeset="183616295" timestamp="2026-06-03T22:41:46Z" user="Grass-snake" uid="11321493">
  <nd ref="442888574"/>
  <nd ref="13908402363"/>
  <nd ref="442888572"/>
  <nd ref="442888575"/>
  <nd ref="442888574"/>
  <tag k="addr:housenumber" v="20 с1"/>
  <tag k="addr:street" v="Большой Балканский переулок"/>
  <tag k="building" v="office"/>
  <tag k="building:colour" v="lightyellow"/>
  <tag k="building:levels" v="6"/>
  <tag k="building:material" v="plaster"/>
  <tag k="roof:colour" v="grey"/>
  <tag k="roof:material" v="tar_paper"/>
  <tag k="roof:shape" v="flat"/>
 </way>
 <way id="37757040" visible="true" version="12" changeset="165592955" timestamp="2025-04-29T13:32:41Z" user="literan" uid="830106">
  <nd ref="442888576"/>
  <nd ref="4202039515"/>
  <nd ref="442888577"/>
  <nd ref="442888578"/>
  <nd ref="4202039511"/>
  <nd ref="442888579"/>
  <nd ref="6413725250"/>
  <nd ref="1265329342"/>
  <nd ref="1265329362"/>
  <nd ref="1265329345"/>
  <nd ref="1265329359"/>
  <nd ref="442888580"/>
  <nd ref="12797906187"/>
  <nd ref="6413725245"/>
  <nd ref="442888581"/>
  <nd ref="6413725247"/>
  <nd ref="6413725246"/>
  <nd ref="442888576"/>
  <tag k="addr:housenumber" v="29 к1"/>
  <tag k="addr:street" v="Грохольский переулок"/>
  <tag k="building" v="office"/>
  <tag k="building:colour" v="lightgrey"/>
  <tag k="building:levels" v="3"/>
  <tag k="building:material" v="metal_plates"/>
  <tag k="roof:colour" v="lightgrey"/>
  <tag k="roof:material" v="metal"/>
  <tag k="roof:shape" v="many"/>
 </way>
 <way id="42377734" visible="true" version="10" changeset="183616295" timestamp="2026-06-03T22:41:46Z" user="Grass-snake" uid="11321493">
  <nd ref="6413725789"/>
  <nd ref="12797931780"/>
  <nd ref="12797931779"/>
  <nd ref="529020865"/>
  <nd ref="12797931770"/>
  <nd ref="12797931769"/>
  <nd ref="12797931768"/>
  <nd ref="12797931767"/>
  <nd ref="529020909"/>
  <nd ref="11269170385"/>
  <nd ref="529020910"/>
  <nd ref="13085249168"/>
  <nd ref="13908402314"/>
  <nd ref="6413725259"/>
 </way>
 <way id="42377737" visible="true" version="11" changeset="170747292" timestamp="2025-08-20T20:59:38Z" user="literan" uid="830106">
  <nd ref="529020870"/>
  <nd ref="8072666091"/>
  <nd ref="8072666092"/>
  <nd ref="8072666093"/>
  <nd ref="529020871"/>
  <nd ref="9158086905"/>
  <nd ref="9158086904"/>
  <nd ref="13085249170"/>
  <nd ref="13085249166"/>
  <nd ref="9158086846"/>
  <nd ref="529020911"/>
  <nd ref="9158086845"/>
  <nd ref="9158086844"/>
  <nd ref="9158086843"/>
  <nd ref="9158086842"/>
  <nd ref="9158086841"/>
  <nd ref="529020912"/>
  <nd ref="529020913"/>
  <nd ref="11269165456"/>
  <nd ref="529020914"/>
  <nd ref="11269165457"/>
  <nd ref="11269165458"/>
  <nd ref="529020888"/>
  <nd ref="529020880"/>
  <nd ref="8072666095"/>
  <nd ref="8072666094"/>
  <nd ref="8072666096"/>
  <nd ref="529020881"/>
  <nd ref="529020870"/>
  <tag k="landuse" v="residential"/>
  <tag k="residential" v="urban"/>
 </way>
 <way id="45510138" visible="true" version="23" changeset="172575285" timestamp="2025-09-28T16:37:33Z" user="solenoid jam" uid="10129333">
  <nd ref="100339075"/>
  <nd ref="1901201382"/>
  <nd ref="1901201402"/>
  <nd ref="1901201408"/>
  <nd ref="1901201415"/>
  <nd ref="5068763357"/>
  <nd ref="8072671857"/>
  <nd ref="6413725277"/>
  <nd ref="6413725283"/>
  <nd ref="6413725279"/>
  <nd ref="8356704094"/>
  <nd ref="100341409"/>
  <tag k="cycleway" v="lane"/>
  <tag k="highway" v="tertiary"/>
  <tag k="lanes" v="2"/>
  <tag k="lit" v="yes"/>
  <tag k="maxspeed" v="30"/>
  <tag k="name" v="Грохольский переулок"/>
  <tag k="name:ru" v="Грохольский переулок"/>
  <tag k="name:uk" v="Грохольський провулок"/>
  <tag k="postal_code" v="129090"/>
  <tag k="smoothness" v="excellent"/>
  <tag k="surface" v="asphalt"/>
  <tag k="wikidata" v="Q4150381"/>
 </way>
 <way id="45791025" visible="true" version="30" changeset="173346451" timestamp="2025-10-16T05:06:50Z" user="solenoid jam" uid="10129333">
  <nd ref="2214943626"/>
  <nd ref="6586164411"/>
  <nd ref="6586164410"/>
  <nd ref="9120223502"/>
  <nd ref="9120223485"/>
  <nd ref="7132121161"/>
  <nd ref="6586137679"/>
  <nd ref="6586164409"/>
  <nd ref="6586137674"/>
  <nd ref="8390987310"/>
  <nd ref="9120223436"/>
  <nd ref="6586164408"/>
  <nd ref="6586164394"/>
  <nd ref="8158241756"/>
  <nd ref="6586164407"/>
  <nd ref="6586164406"/>
  <nd ref="6586164404"/>
  <nd ref="6586164401"/>
  <nd ref="6586164403"/>
  <nd ref="11269165468"/>
  <nd ref="6586164402"/>
  <tag k="highway" v="secondary"/>
  <tag k="lanes" v="1"/>
  <tag k="lit" v="yes"/>
  <tag k="loc_name" v="Каланчёвка"/>
  <tag k="maxspeed" v="RU:urban"/>
  <tag k="name" v="Каланчёвская улица"/>
  <tag k="name:etymology:wikidata" v="Q748998"/>
  <tag k="name:uk" v="Каланчевська вулиця"/>
  <tag k="oneway" v="yes"/>
  <tag k="parking:right:restriction" v="no_stopping"/>
  <tag k="surface" v="asphalt"/>
 </way>
 <way id="45828617" visible="true" version="12" changeset="147699536" timestamp="2024-02-20T16:34:21Z" user="MarinaKuzko" uid="18826385">
  <nd ref="583309509"/>
  <nd ref="583309510"/>
  <nd ref="5072445021"/>
  <nd ref="9158086862"/>
  <nd ref="583309512"/>
  <nd ref="583309509"/>
  <tag k="addr:housenumber" v="10/36 с2"/>
  <tag k="addr:street" v="Астраханский переулок"/>
  <tag k="building" v="service"/>
  <tag k="building:colour" v="white"/>
  <tag k="building:levels" v="1"/>
  <tag k="building:material" v="concrete"/>
  <tag k="location" v="indoor"/>
  <tag k="man_made" v="heat_exchange_station"/>
  <tag k="pipeline" v="substation"/>
  <tag k="roof:colour" v="grey"/>
  <tag k="roof:material" v="tar_paper"/>
  <tag k="roof:shape" v="flat"/>
  <tag k="substance" v="hot_water"/>
  <tag k="substation" v="distribution"/>
 </way>
 <way id="45829274" visible="true" version="10" changeset="166063775" timestamp="2025-05-10T10:54:06Z" user="literan" uid="830106">
  <nd ref="583315744"/>
  <nd ref="583315746"/>
  <nd ref="4735150136"/>
  <nd ref="4735150134"/>
  <nd ref="4735150133"/>
  <nd ref="4735150135"/>
  <nd ref="583315748"/>
  <nd ref="583315750"/>
  <nd ref="583315744"/>
  <tag k="addr:housenumber" v="6 с1"/>
  <tag k="addr:street" v="Большая Переяславская улица"/>
  <tag k="amenity" v="car_wash"/>
  <tag k="building" v="retail"/>
  <tag k="building:colour" v="orange"/>
  <tag k="building:levels" v="2"/>
  <tag k="building:material" v="brick"/>
  <tag k="contact:phone" v="+7 495 6803847"/>
  <tag k="contact:website" v="http://автомой.su"/>
  <tag k="opening_hours" v="24/7"/>
  <tag k="roof:angle" v="30"/>
  <tag k="roof:colour" v="brown"/>
  <tag k="roof:material" v="metal"/>
  <tag k="roof:shape" v="gabled"/>
 </way>
 <way id="45829278" visible="true" version="11" changeset="166063775" timestamp="2025-05-10T10:54:06Z" user="literan" uid="830106">
  <nd ref="583315762"/>
  <nd ref="583315764"/>
  <nd ref="4735150129"/>
  <nd ref="8390987264"/>
  <nd ref="4735150132"/>
  <nd ref="8390987265"/>
  <nd ref="4735150131"/>
  <nd ref="8390987266"/>
  <nd ref="4735150130"/>
  <nd ref="583315766"/>
  <nd ref="583315768"/>
  <nd ref="4735150127"/>
  <nd ref="4735150126"/>
  <nd ref="11606172271"/>
  <nd ref="4735150125"/>
  <nd ref="4735150128"/>
  <nd ref="583315762"/>
  <tag k="addr:housenumber" v="32"/>
  <tag k="addr:street" v="Каланчёвская улица"/>
  <tag k="building" v="apartments"/>
  <tag k="building:colour" v="yellow"/>
  <tag k="building:flats" v="33"/>
  <tag k="building:levels" v="4"/>
  <tag k="building:material" v="plaster"/>
  <tag k="roof:angle" v="30"/>
  <tag k="roof:colour" v="lightgrey"/>
  <tag k="roof:material" v="metal"/>
  <tag k="roof:shape" v="hipped"/>
 </way>
 <way id="46337966" visible="true" version="20" changeset="142712210" timestamp="2023-10-17T12:56:36Z" user="literan" uid="830106">
  <nd ref="268903213"/>
  <nd ref="11269165440"/>
  <nd ref="8072666102"/>
  <nd ref="6165331966"/>
  <nd ref="6165331958"/>
  <nd ref="11269170370"/>
  <nd ref="7897102895"/>
  <nd ref="1172627820"/>
  <nd ref="11269165466"/>
  <nd ref="105173728"/>
  <tag k="admin_level" v="8"/>
  <tag k="boundary" v="administrative"/>
  <tag k="check_date:lit" v="2023-02-19"/>
  <tag k="highway" v="tertiary"/>
  <tag k="lit" v="yes"/>
  <tag k="maxspeed:backward" v="40"/>
  <tag k="maxspeed:forward" v="RU:urban"/>
  <tag k="name" v="Протопоповский переулок"/>
  <tag k="name:ru" v="Протопоповский переулок"/>
  <tag k="name:uk" v="Протопопівський провулок"/>
  <tag k="omkum:old_name" v="Безбожный переулок (1924 г.) Протопоповский переулок (до 1917 г.)"/>
  <tag k="postal_code" v="129090"/>
  <tag k="surface" v="asphalt"/>
 </way>
 <way id="88436444" visible="true" version="10" changeset="166063775" timestamp="2025-05-10T10:54:06Z" user="literan" uid="830106">
  <nd ref="1027185312"/>
  <nd ref="1027185425"/>
  <nd ref="8390987248"/>
  <nd ref="9120223421"/>
  <nd ref="9120223420"/>
  <nd ref="9120223419"/>
  <nd ref="9120223422"/>
  <nd ref="8390987247"/>
  <nd ref="1027185381"/>
  <nd ref="1027185385"/>
  <nd ref="1027185338"/>
  <nd ref="1027185324"/>
  <nd ref="1027185434"/>
  <nd ref="1027185420"/>
  <nd ref="1027185312"/>
  <tag k="addr:housenumber" v="28"/>
  <tag k="addr:street" v="Каланчёвская улица"/>
  <tag k="building" v="apartments"/>
  <tag k="building:architecture" v="constructivism"/>
  <tag k="building:colour" v="yellow"/>
  <tag k="building:levels" v="3"/>
  <tag k="roof:angle" v="30"/>
  <tag k="roof:colour" v="lightgrey"/>
  <tag k="roof:material" v="metal"/>
  <tag k="roof:shape" v="hipped"/>
 </way>
 <way id="88436455" visible="true" version="5" changeset="147699536" timestamp="2024-02-20T16:34:21Z" user="MarinaKuzko" uid="18826385">
  <nd ref="1027185301"/>
  <nd ref="1027185330"/>
  <nd ref="1027185267"/>
  <nd ref="1027185272"/>
  <nd ref="1027185301"/>
  <tag k="addr:housenumber" v="40 с2"/>
  <tag k="addr:street" v="Протопоповский переулок"/>
  <tag k="building" v="service"/>
  <tag k="building:colour" v="white;blue"/>
  <tag k="building:levels" v="1"/>
  <tag k="building:material" v="brick"/>
  <tag k="location" v="indoor"/>
  <tag k="power" v="substation"/>
  <tag k="roof:angle" v="10"/>
  <tag k="roof:colour" v="grey"/>
  <tag k="roof:material" v="tar_paper"/>
  <tag k="roof:shape" v="gabled"/>
  <tag k="substation" v="minor_distribution"/>
 </way>
 <way id="88436461" visible="true" version="12" changeset="166063775" timestamp="2025-05-10T10:54:06Z" user="literan" uid="830106">
  <nd ref="1027185328"/>
  <nd ref="9120223424"/>
  <nd ref="9120223428"/>
  <nd ref="1027185358"/>
  <nd ref="1027185321"/>
  <nd ref="1027185428"/>
  <nd ref="11606168562"/>
  <nd ref="1027185418"/>
  <nd ref="1027185372"/>
  <nd ref="1027185328"/>
  <tag k="addr:housenumber" v="24"/>
  <tag k="addr:street" v="Каланчёвская улица"/>
  <tag k="building" v="office"/>
  <tag k="building:colour" v="yellow;brown"/>
  <tag k="building:levels" v="2"/>
  <tag k="building:material" v="brick;wood"/>
  <tag k="heritage" v="yes"/>
  <tag k="roof:angle" v="30"/>
  <tag k="roof:colour" v="lightgrey"/>
  <tag k="roof:material" v="metal"/>
  <tag k="roof:shape" v="hipped"/>
  <tag k="start_date" v="1880"/>
 </way>
 <way id="88436462" visible="true" version="8" changeset="135223882" timestamp="2023-04-22T11:05:06Z" user="somix" uid="12176526">
  <nd ref="1027185384"/>
  <nd ref="1027185314"/>
  <nd ref="1027185353"/>
  <nd ref="8390987287"/>
  <nd ref="8390987286"/>
  <nd ref="8390987288"/>
  <nd ref="1027185293"/>
  <nd ref="1027185384"/>
  <tag k="addr:housenumber" v="30"/>
  <tag k="addr:street" v="Каланчёвская улица"/>
  <tag k="building" v="apartments"/>
  <tag k="building:colour" v="yellow"/>
  <tag k="building:flats" v="60"/>
  <tag k="building:levels" v="5"/>
  <tag k="design:ref" v="1-515-3/Ю"/>
  <tag k="roof:levels" v="0"/>
  <tag k="roof:shape" v="gabled"/>
  <tag k="start_date" v="1962"/>
 </way>
 <way id="101545015" visible="true" version="7" changeset="142712210" timestamp="2023-10-17T12:56:36Z" user="literan" uid="830106">
  <nd ref="11269170372"/>
  <nd ref="3016105374"/>
  <nd ref="1172627820"/>
  <nd ref="3016196788"/>
  <nd ref="1172627848"/>
  <tag k="footway" v="crossing"/>
  <tag k="highway" v="footway"/>
  <tag k="lit" v="yes"/>
  <tag k="surface" v="asphalt"/>
 </way>
 <way id="101545017" visible="true" version="21" changeset="185080893" timestamp="2026-07-04T08:52:32Z" user="solenoid jam" uid="10129333">
  <nd ref="1172627871"/>
  <nd ref="11269165437"/>
  <nd ref="11269170373"/>
  <nd ref="1172627835"/>
  <nd ref="1172627827"/>
  <nd ref="9787831119"/>
  <nd ref="1172627802"/>
  <nd ref="3183474958"/>
  <nd ref="11530718744"/>
  <nd ref="9276126804"/>
  <nd ref="9276126805"/>
  <nd ref="1172627860"/>
  <nd ref="8255866893"/>
  <tag k="footway" v="sidewalk"/>
  <tag k="highway" v="footway"/>
  <tag k="lit" v="yes"/>
  <tag k="surface" v="asphalt"/>
 </way>
 <way id="101545022" visible="true" version="33" changeset="171985399" timestamp="2025-09-15T20:42:14Z" user="Bobropiton" uid="2055718">
  <nd ref="10880621007"/>
  <nd ref="6165331965"/>
  <nd ref="6165331957"/>
  <nd ref="7897102890"/>
  <nd ref="1172627848"/>
  <nd ref="4457908236"/>
  <nd ref="11603081499"/>
  <nd ref="1172627873"/>
  <nd ref="6165345846"/>
  <nd ref="6165331946"/>
  <nd ref="3183474948"/>
  <nd ref="9158089319"/>
  <nd ref="9158089326"/>
  <nd ref="9158086843"/>
  <tag k="footway" v="sidewalk"/>
  <tag k="highway" v="footway"/>
  <tag k="lit" v="yes"/>
  <tag k="surface" v="paving_stones"/>
 </way>
 <way id="101597125" visible="true" version="8" changeset="172776950" timestamp="2025-10-03T07:56:47Z" user="solenoid jam" uid="10129333">
  <nd ref="412509469"/>
  <nd ref="412509471"/>
  <tag k="barrier" v="wall"/>
 </way>
 <way id="179341738" visible="true" version="4" changeset="183652902" timestamp="2026-06-04T15:34:29Z" user="Grass-snake" uid="11321493">
  <nd ref="1896895966"/>
  <nd ref="1896895954"/>
  <nd ref="1896895950"/>
  <nd ref="1896895952"/>
  <nd ref="1896895966"/>
  <tag k="addr:housenumber" v="22 с1"/>
  <tag k="addr:housenumber2" v="22"/>
  <tag k="addr:street" v="Большой Балканский переулок"/>
  <tag k="building" v="yes"/>
  <tag k="building:levels" v="1"/>
 </way>
 <way id="179341739" visible="true" version="5" changeset="170747292" timestamp="2025-08-20T20:59:38Z" user="literan" uid="830106">
  <nd ref="6413725272"/>
  <nd ref="1896895943"/>
  <nd ref="1896895938"/>
  <nd ref="1896895937"/>
  <nd ref="1896895941"/>
  <nd ref="1896895940"/>
  <nd ref="6413743402"/>
  <nd ref="6413725272"/>
  <tag k="addr:housenumber" v="31 с2"/>
  <tag k="addr:street" v="Грохольский переулок"/>
  <tag k="building" v="office"/>
  <tag k="building:colour" v="orange"/>
  <tag k="building:levels" v="2"/>
  <tag k="building:material" v="brick"/>
  <tag k="roof:colour" v="grey"/>
  <tag k="roof:material" v="tar_paper"/>
  <tag k="roof:shape" v="flat"/>
 </way>
 <way id="179341740" visible="true" version="2" changeset="69337354" timestamp="2019-04-18T09:41:30Z" user="Vadiм" uid="326091">
  <nd ref="1896895905"/>
  <nd ref="1896895904"/>
  <nd ref="1896895900"/>
  <nd ref="6413725787"/>
  <nd ref="1896895901"/>
  <nd ref="1896895905"/>
  <tag k="addr:housenumber" v="31 с3"/>
  <tag k="addr:street" v="Грохольский переулок"/>
  <tag k="building" v="yes"/>
 </way>
 <way id="179696096" visible="true" version="2" changeset="147699536" timestamp="2024-02-20T16:34:21Z" user="MarinaKuzko" uid="18826385">
  <nd ref="1901201545"/>
  <nd ref="1901201544"/>
  <nd ref="1901201534"/>
  <nd ref="1901201537"/>
  <nd ref="1901201545"/>
  <tag k="building" v="service"/>
  <tag k="building:levels" v="1"/>
  <tag k="roof:angle" v="10"/>
  <tag k="roof:colour" v="lightgrey"/>
  <tag k="roof:material" v="metal"/>
  <tag k="roof:shape" v="gabled"/>
 </way>
 <way id="179696109" visible="true" version="3" changeset="69338934" timestamp="2019-04-18T10:27:52Z" user="Vadiм" uid="326091">
  <nd ref="1901201425"/>
  <nd ref="1901201455"/>
  <nd ref="1901201457"/>
  <nd ref="1901201547"/>
  <tag k="access" v="private"/>
  <tag k="highway" v="service"/>
 </way>
 <way id="179696110" visible="true" version="4" changeset="183652902" timestamp="2026-06-04T15:34:29Z" user="Grass-snake" uid="11321493">
  <nd ref="1901201442"/>
  <nd ref="1901201508"/>
  <nd ref="1901201509"/>
  <nd ref="1901201541"/>
  <tag k="access" v="private"/>
  <tag k="highway" v="service"/>
 </way>
 <way id="179696120" visible="true" version="4" changeset="183616295" timestamp="2026-06-03T22:41:46Z" user="Grass-snake" uid="11321493">
  <nd ref="1901201539"/>
  <nd ref="529020868"/>
  <nd ref="1901201547"/>
  <nd ref="1901201557"/>
  <nd ref="1901201560"/>
  <tag k="barrier" v="wall"/>
 </way>
 <way id="179696121" visible="true" version="3" changeset="165592955" timestamp="2025-04-29T13:32:41Z" user="literan" uid="830106">
  <nd ref="529020856"/>
  <nd ref="1901201442"/>
  <nd ref="12797906187"/>
  <tag k="barrier" v="fence"/>
 </way>
 <way id="179696123" visible="true" version="1" changeset="13001902" timestamp="2012-09-05T20:45:42Z" user="Fantomas" uid="478018">
  <nd ref="1901201539"/>
  <nd ref="1901201541"/>
  <nd ref="1901201542"/>
  <nd ref="442888574"/>
  <tag k="barrier" v="fence"/>
 </way>
 <way id="179696126" visible="true" version="2" changeset="69338934" timestamp="2019-04-18T10:27:53Z" user="Vadiм" uid="326091">
  <nd ref="1901201423"/>
  <nd ref="1901201425"/>
  <nd ref="1901201439"/>
  <nd ref="1901201421"/>
  <nd ref="529020856"/>
  <tag k="barrier" v="fence"/>
 </way>
 <way id="241577835" visible="true" version="11" changeset="165592955" timestamp="2025-04-29T13:32:41Z" user="literan" uid="830106">
  <nd ref="1901201376"/>
  <nd ref="4208976602"/>
  <nd ref="4208976604"/>
  <nd ref="7631424606"/>
  <nd ref="2491879023"/>
  <nd ref="8072671856"/>
  <nd ref="8072671858"/>
  <nd ref="4206956318"/>
  <nd ref="6413725278"/>
  <nd ref="8130230307"/>
  <nd ref="2491879024"/>
  <nd ref="2491879025"/>
  <nd ref="12033296610"/>
  <nd ref="5068763017"/>
  <nd ref="8499187296"/>
  <nd ref="12033296603"/>
  <nd ref="2491879027"/>
  <tag k="footway" v="sidewalk"/>
  <tag k="highway" v="footway"/>
  <tag k="lit" v="yes"/>
  <tag k="surface" v="paving_stones"/>
 </way>
 <way id="241577973" visible="true" version="11" changeset="172575285" timestamp="2025-09-28T16:37:33Z" user="solenoid jam" uid="10129333">
  <nd ref="1901201392"/>
  <nd ref="2508400988"/>
  <nd ref="2508400990"/>
  <nd ref="2508400996"/>
  <nd ref="12797906189"/>
  <nd ref="2491880754"/>
  <nd ref="6413725276"/>
  <nd ref="6413725788"/>
  <nd ref="6413725282"/>
  <nd ref="6413725280"/>
  <nd ref="8356704093"/>
  <nd ref="2491880755"/>
  <nd ref="2491880756"/>
  <nd ref="9120223448"/>
  <nd ref="12797931771"/>
  <nd ref="11606168539"/>
  <nd ref="2491880757"/>
  <nd ref="9120223449"/>
  <nd ref="2491880758"/>
  <tag k="footway" v="sidewalk"/>
  <tag k="highway" v="footway"/>
  <tag k="lit" v="yes"/>
  <tag k="surface" v="asphalt"/>
 </way>
 <way id="243126838" visible="true" version="21" changeset="171985399" timestamp="2025-09-15T20:42:14Z" user="Bobropiton" uid="2055718">
  <nd ref="6315670280"/>
  <nd ref="9120223501"/>
  <nd ref="9120223486"/>
  <nd ref="2505598703"/>
  <nd ref="3612346990"/>
  <nd ref="8390987314"/>
  <nd ref="9120223437"/>
  <nd ref="2940203885"/>
  <nd ref="11606168558"/>
  <nd ref="8158241754"/>
  <nd ref="3183474950"/>
  <nd ref="11602273624"/>
  <nd ref="2505598704"/>
  <tag k="footway" v="sidewalk"/>
  <tag k="highway" v="footway"/>
  <tag k="lit" v="yes"/>
  <tag k="surface" v="asphalt"/>
 </way>
 <way id="243126839" visible="true" version="9" changeset="142712210" timestamp="2023-10-17T12:56:36Z" user="literan" uid="830106">
  <nd ref="2505598704"/>
  <nd ref="8390987279"/>
  <nd ref="2505598706"/>
  <nd ref="3183474953"/>
  <tag k="footway" v="sidewalk"/>
  <tag k="highway" v="footway"/>
  <tag k="lit" v="yes"/>
  <tag k="surface" v="asphalt"/>
 </way>
 <way id="263512467" visible="true" version="10" changeset="147699536" timestamp="2024-02-20T16:34:21Z" user="MarinaKuzko" uid="18826385">
  <nd ref="2691323993"/>
  <nd ref="442888540"/>
  <nd ref="442888538"/>
  <nd ref="2691323995"/>
  <nd ref="2691323990"/>
  <nd ref="2691323999"/>
  <nd ref="2691324001"/>
  <nd ref="2691323997"/>
  <nd ref="2691323993"/>
  <tag k="building:levels" v="1"/>
  <tag k="building:part" v="retail"/>
  <tag k="roof:colour" v="grey"/>
  <tag k="roof:material" v="tar_paper"/>
  <tag k="roof:shape" v="flat"/>
 </way>
 <way id="263513092" visible="true" version="4" changeset="147275971" timestamp="2024-02-09T22:43:32Z" user="Fantomas" uid="478018">
  <nd ref="2691327722"/>
  <nd ref="2691327723"/>
  <nd ref="2691327718"/>
  <nd ref="11606168568"/>
  <nd ref="2691327717"/>
  <nd ref="2691327716"/>
  <nd ref="2691327721"/>
  <nd ref="2691327722"/>
  <tag k="building:levels" v="9"/>
  <tag k="building:part" v="apartments"/>
 </way>
 <way id="263513093" visible="true" version="7" changeset="147699536" timestamp="2024-02-20T16:34:21Z" user="MarinaKuzko" uid="18826385">
  <nd ref="2691327718"/>
  <nd ref="2691327723"/>
  <nd ref="2691327722"/>
  <nd ref="2691327721"/>
  <nd ref="2691327720"/>
  <nd ref="2691327724"/>
  <nd ref="2691327725"/>
  <nd ref="2691327719"/>
  <nd ref="2691327718"/>
  <tag k="building:levels" v="1"/>
  <tag k="building:part" v="commercial"/>
  <tag k="roof:colour" v="grey"/>
  <tag k="roof:material" v="tar_paper"/>
  <tag k="roof:shape" v="flat"/>
 </way>
 <way id="290489531" visible="true" version="4" changeset="142712210" timestamp="2023-10-17T12:56:36Z" user="literan" uid="830106">
  <nd ref="2940203887"/>
  <nd ref="8390987293"/>
  <nd ref="11269170374"/>
  <tag k="highway" v="service"/>
  <tag k="living_street" v="yes"/>
  <tag k="surface" v="asphalt"/>
 </way>
 <way id="290489532" visible="true" version="9" changeset="147275971" timestamp="2024-02-09T22:43:32Z" user="Fantomas" uid="478018">
  <nd ref="6586164408"/>
  <nd ref="8390966808"/>
  <nd ref="2940203885"/>
  <nd ref="8390987307"/>
  <nd ref="2940203886"/>
  <nd ref="11606168555"/>
  <nd ref="8170784713"/>
  <nd ref="2940203887"/>
  <tag k="highway" v="service"/>
  <tag k="living_street" v="yes"/>
  <tag k="surface" v="asphalt"/>
 </way>
 <way id="290489533" visible="true" version="8" changeset="147256491" timestamp="2024-02-09T13:09:09Z" user="Fantomas" uid="478018">
  <nd ref="2940203887"/>
  <nd ref="8390987292"/>
  <nd ref="11269170375"/>
  <nd ref="2940203888"/>
  <nd ref="4618795388"/>
  <nd ref="2940207242"/>
  <nd ref="11602273632"/>
  <nd ref="2940207243"/>
  <tag k="highway" v="service"/>
  <tag k="living_street" v="yes"/>
  <tag k="surface" v="asphalt"/>
 </way>
 <way id="312489328" visible="true" version="8" changeset="171985399" timestamp="2025-09-15T20:42:14Z" user="Bobropiton" uid="2055718">
  <nd ref="8390987224"/>
  <nd ref="8390966811"/>
  <nd ref="9787831139"/>
  <nd ref="8390987259"/>
  <nd ref="11602499761"/>
  <nd ref="3183474955"/>
  <nd ref="8390966809"/>
  <nd ref="3183474952"/>
  <nd ref="11269165454"/>
  <nd ref="8390966806"/>
  <nd ref="3183474951"/>
  <nd ref="13145540706"/>
  <nd ref="8158241755"/>
  <nd ref="8390966808"/>
  <nd ref="3183474946"/>
  <tag k="barrier" v="kerb"/>
 </way>
 <way id="312489347" visible="true" version="5" changeset="142712210" timestamp="2023-10-17T12:56:36Z" user="literan" uid="830106">
  <nd ref="1812345952"/>
  <nd ref="7643330409"/>
  <nd ref="11269170378"/>
  <nd ref="11269170403"/>
  <nd ref="1812346052"/>
  <nd ref="8390987290"/>
  <nd ref="1812346057"/>
  <tag k="barrier" v="fence"/>
 </way>
 <way id="312489349" visible="true" version="6" changeset="171985399" timestamp="2025-09-15T20:42:14Z" user="Bobropiton" uid="2055718">
  <nd ref="3183474948"/>
  <nd ref="3183474949"/>
  <nd ref="6586137681"/>
  <nd ref="13145540710"/>
  <nd ref="6586137680"/>
  <nd ref="6586164407"/>
  <nd ref="13145540706"/>
  <nd ref="3183474950"/>
  <tag k="footway" v="crossing"/>
  <tag k="highway" v="footway"/>
  <tag k="lit" v="yes"/>
  <tag k="surface" v="asphalt"/>
 </way>
 <way id="318858403" visible="true" version="9" changeset="147697790" timestamp="2024-02-20T15:48:24Z" user="MarinaKuzko" uid="18826385">
  <nd ref="5863435128"/>
  <nd ref="5863435144"/>
  <nd ref="5863435145"/>
  <nd ref="5863435147"/>
  <nd ref="5863435129"/>
  <nd ref="5863435130"/>
  <nd ref="5863435131"/>
  <nd ref="5863435132"/>
  <nd ref="5863435133"/>
  <nd ref="5863435134"/>
  <nd ref="5863435135"/>
  <nd ref="5863435136"/>
  <nd ref="5863435137"/>
  <nd ref="5863435146"/>
  <nd ref="5863435138"/>
  <nd ref="5863435139"/>
  <nd ref="5863435140"/>
  <nd ref="5863435141"/>
  <nd ref="5863435142"/>
  <nd ref="5863435143"/>
  <nd ref="5863435127"/>
  <nd ref="5863435148"/>
  <nd ref="3252521599"/>
  <nd ref="3252521597"/>
  <nd ref="3252521596"/>
  <nd ref="3252521598"/>
  <nd ref="5863435149"/>
  <nd ref="5863435128"/>
  <tag k="access" v="yes"/>
  <tag k="addr:housenumber" v="4"/>
  <tag k="addr:street" v="Пантелеевская улица"/>
  <tag k="amenity" v="parking"/>
  <tag k="building" v="garages"/>
  <tag k="building:colour" v="lightgrey"/>
  <tag k="building:levels" v="4"/>
  <tag k="building:material" v="concrete"/>
  <tag k="fee" v="yes"/>
  <tag k="parking" v="multi-storey"/>
  <tag k="roof:colour" v="grey"/>
  <tag k="roof:material" v="tar_paper"/>
  <tag k="roof:shape" v="flat"/>
  <tag k="supervised" v="yes"/>
 </way>
 <way id="365054138" visible="true" version="24" changeset="173346451" timestamp="2025-10-16T05:06:50Z" user="solenoid jam" uid="10129333">
  <nd ref="105173728"/>
  <nd ref="6586164385"/>
  <nd ref="11269165460"/>
  <nd ref="6586164397"/>
  <nd ref="6165345848"/>
  <nd ref="6165331944"/>
  <nd ref="3183474949"/>
  <nd ref="324211707"/>
  <nd ref="11606168554"/>
  <nd ref="11606168547"/>
  <nd ref="1172937443"/>
  <nd ref="6586164391"/>
  <nd ref="6586137676"/>
  <nd ref="100319900"/>
  <tag k="foot" v="no"/>
  <tag k="highway" v="secondary"/>
  <tag k="lanes" v="1"/>
  <tag k="lit" v="yes"/>
  <tag k="loc_name" v="Каланчёвка"/>
  <tag k="maxspeed" v="RU:urban"/>
  <tag k="name" v="Каланчёвская улица"/>
  <tag k="name:etymology:wikidata" v="Q748998"/>
  <tag k="name:uk" v="Каланчевська вулиця"/>
  <tag k="oneway" v="yes"/>
  <tag k="parking:right:restriction" v="no_stopping"/>
  <tag k="surface" v="asphalt"/>
 </way>
 <way id="420256908" visible="true" version="3" changeset="69338934" timestamp="2019-04-18T10:27:53Z" user="Vadiм" uid="326091">
  <nd ref="4202039515"/>
  <nd ref="6413818656"/>
  <nd ref="6413818655"/>
  <nd ref="4202039516"/>
  <nd ref="4202039513"/>
  <nd ref="6413756266"/>
  <nd ref="4202039514"/>
  <nd ref="6413756263"/>
  <nd ref="4202039512"/>
  <nd ref="4202039511"/>
  <nd ref="442888578"/>
  <nd ref="442888577"/>
  <nd ref="4202039515"/>
  <tag k="amenity" v="parking"/>
  <tag k="parking" v="surface"/>
 </way>
 <way id="420782345" visible="true" version="4" changeset="165593519" timestamp="2025-04-29T13:46:13Z" user="literan" uid="830106">
  <nd ref="4206956318"/>
  <nd ref="7069227705"/>
  <nd ref="8072671843"/>
  <tag k="highway" v="footway"/>
 </way>
 <way id="520422796" visible="true" version="2" changeset="51630809" timestamp="2017-09-01T00:29:30Z" user="Alexander-II" uid="3580412">
  <nd ref="5072444920"/>
  <nd ref="5072508661"/>
  <nd ref="5072445022"/>
  <nd ref="5072445023"/>
  <nd ref="5072444920"/>
  <tag k="leisure" v="playground"/>
 </way>
 <way id="620857742" visible="true" version="4" changeset="147699536" timestamp="2024-02-20T16:34:21Z" user="MarinaKuzko" uid="18826385">
  <nd ref="2691327718"/>
  <nd ref="2691327719"/>
  <nd ref="2691327725"/>
  <nd ref="2691327724"/>
  <nd ref="2691327720"/>
  <nd ref="2691327721"/>
  <nd ref="2691327716"/>
  <nd ref="2691327717"/>
  <nd ref="11606168568"/>
  <nd ref="2691327718"/>
  <tag k="addr:housenumber" v="40"/>
  <tag k="addr:street" v="Протопоповский переулок"/>
  <tag k="building" v="apartments"/>
  <tag k="building:colour" v="lightgrey;lightyellow"/>
  <tag k="building:flats" v="68"/>
  <tag k="building:levels" v="9"/>
  <tag k="design:ref" v="II-18-11/МИ вариант «Б»"/>
  <tag k="roof:shape" v="flat"/>
  <tag k="start_date" v="1965"/>
 </way>
 <way id="620857743" visible="true" version="4" changeset="147699536" timestamp="2024-02-20T16:34:21Z" user="MarinaKuzko" uid="18826385">
  <nd ref="2691323993"/>
  <nd ref="2691323997"/>
  <nd ref="2691324001"/>
  <nd ref="2691323999"/>
  <nd ref="2691323990"/>
  <nd ref="2691323995"/>
  <nd ref="442888544"/>
  <nd ref="442888542"/>
  <nd ref="7897102892"/>
  <nd ref="2691323993"/>
  <tag k="addr:housenumber" v="38"/>
  <tag k="addr:street" v="Протопоповский переулок"/>
  <tag k="building" v="apartments"/>
  <tag k="building:colour" v="white"/>
  <tag k="building:flats" v="68"/>
  <tag k="building:levels" v="9"/>
  <tag k="design:ref" v="II-18-11/МИ вариант «Б»"/>
  <tag k="roof:shape" v="flat"/>
  <tag k="start_date" v="1966"/>
 </way>
 <way id="658368447" visible="true" version="4" changeset="165939525" timestamp="2025-05-07T13:33:50Z" user="Travieso" uid="5642897">
  <nd ref="7897102895"/>
  <nd ref="7897102894"/>
  <nd ref="7897102890"/>
  <nd ref="6165345853"/>
  <nd ref="6165331940"/>
  <tag k="highway" v="service"/>
  <tag k="surface" v="asphalt"/>
 </way>
 <way id="658368448" visible="true" version="6" changeset="183652902" timestamp="2026-06-04T15:34:29Z" user="Grass-snake" uid="11321493">
  <nd ref="6165345842"/>
  <nd ref="13085249140"/>
  <nd ref="6165331946"/>
  <nd ref="6165331944"/>
  <tag k="highway" v="service"/>
  <tag k="surface" v="asphalt"/>
 </way>
 <way id="658368449" visible="true" version="5" changeset="183652902" timestamp="2026-06-04T15:34:29Z" user="Grass-snake" uid="11321493">
  <nd ref="6165331955"/>
  <nd ref="9158089334"/>
  <nd ref="6165345835"/>
  <tag k="highway" v="service"/>
  <tag k="surface" v="asphalt"/>
 </way>
 <way id="658368450" visible="true" version="3" changeset="170758215" timestamp="2025-08-21T06:12:17Z" user="literan" uid="830106">
  <nd ref="6165331971"/>
  <nd ref="6165331956"/>
  <tag k="highway" v="footway"/>
  <tag k="lit" v="yes"/>
  <tag k="surface" v="asphalt"/>
 </way>
 <way id="658368451" visible="true" version="2" changeset="165939525" timestamp="2025-05-07T14:05:36Z" user="Travieso" uid="5642897">
  <nd ref="6165331958"/>
  <nd ref="6165331942"/>
  <nd ref="6165331957"/>
  <nd ref="6165331956"/>
  <tag k="highway" v="service"/>
  <tag k="surface" v="asphalt"/>
 </way>
 <way id="658368452" visible="true" version="3" changeset="112261663" timestamp="2021-10-08T11:56:13Z" user="literan" uid="830106">
  <nd ref="6165331938"/>
  <nd ref="6165331964"/>
  <nd ref="6165331959"/>
  <nd ref="6165331963"/>
  <nd ref="6165331962"/>
  <nd ref="6165331960"/>
  <nd ref="6165331939"/>
  <nd ref="9158086883"/>
  <nd ref="6165331961"/>
  <tag k="highway" v="service"/>
  <tag k="living_street" v="yes"/>
  <tag k="surface" v="asphalt"/>
 </way>
 <way id="658368453" visible="true" version="3" changeset="183652902" timestamp="2026-06-04T15:34:29Z" user="Grass-snake" uid="11321493">
  <nd ref="9158086855"/>
  <nd ref="6165331978"/>
  <nd ref="6165331973"/>
  <nd ref="6165331972"/>
  <nd ref="6165345831"/>
  <nd ref="6165331971"/>
  <nd ref="6165345829"/>
  <nd ref="6165331970"/>
  <tag k="highway" v="service"/>
  <tag k="motor_vehicle" v="private"/>
 </way>
 <way id="658368454" visible="true" version="4" changeset="183652902" timestamp="2026-06-04T15:34:29Z" user="Grass-snake" uid="11321493">
  <nd ref="6165331978"/>
  <nd ref="6165331977"/>
  <nd ref="6165345830"/>
  <nd ref="6165345829"/>
  <tag k="highway" v="service"/>
  <tag k="motor_vehicle" v="private"/>
 </way>
 <way id="658368455" visible="true" version="8" changeset="183652902" timestamp="2026-06-04T15:34:29Z" user="Grass-snake" uid="11321493">
  <nd ref="9158086854"/>
  <nd ref="9158086879"/>
  <nd ref="6165331968"/>
  <nd ref="6165331967"/>
  <tag k="highway" v="service"/>
  <tag k="surface" v="asphalt"/>
 </way>
 <way id="658368456" visible="true" version="5" changeset="183652902" timestamp="2026-06-04T15:34:29Z" user="Grass-snake" uid="11321493">
  <nd ref="13910045623"/>
  <nd ref="13085249138"/>
  <nd ref="6165331983"/>
  <nd ref="6165331982"/>
  <tag k="highway" v="service"/>
  <tag k="motor_vehicle" v="private"/>
  <tag k="surface" v="asphalt"/>
 </way>
 <way id="658370503" visible="true" version="3" changeset="183652902" timestamp="2026-06-04T15:34:29Z" user="Grass-snake" uid="11321493">
  <nd ref="6165331970"/>
  <nd ref="6165331974"/>
  <nd ref="6165345849"/>
  <nd ref="6165331982"/>
  <nd ref="6165345833"/>
  <nd ref="13085249152"/>
  <nd ref="9139834478"/>
  <nd ref="6165331969"/>
  <nd ref="13085249135"/>
  <nd ref="9158086854"/>
  <tag k="highway" v="service"/>
  <tag k="motor_vehicle" v="private"/>
  <tag k="surface" v="asphalt"/>
 </way>
 <way id="658370504" visible="true" version="4" changeset="183652902" timestamp="2026-06-04T15:34:29Z" user="Grass-snake" uid="11321493">
  <nd ref="6165331949"/>
  <nd ref="6165331948"/>
  <nd ref="13085249161"/>
  <nd ref="6165331951"/>
  <nd ref="6165331952"/>
  <nd ref="6165331953"/>
  <nd ref="6165331954"/>
  <nd ref="6165345835"/>
  <tag k="highway" v="service"/>
  <tag k="motor_vehicle" v="private"/>
  <tag k="surface" v="asphalt"/>
 </way>
 <way id="658370505" visible="true" version="2" changeset="170747292" timestamp="2025-08-20T20:59:38Z" user="literan" uid="830106">
  <nd ref="6165345836"/>
  <nd ref="6165345837"/>
  <nd ref="13085249151"/>
  <nd ref="6165345838"/>
  <nd ref="6165345839"/>
  <nd ref="6165345840"/>
  <nd ref="6165345841"/>
  <nd ref="442888431"/>
  <tag k="barrier" v="retaining_wall"/>
 </way>
 <way id="658370506" visible="true" version="4" changeset="170747292" timestamp="2025-08-20T20:59:38Z" user="literan" uid="830106">
  <nd ref="6165345848"/>
  <nd ref="6165345846"/>
  <nd ref="6165345844"/>
  <nd ref="13085249131"/>
  <nd ref="6165345843"/>
  <tag k="highway" v="service"/>
  <tag k="surface" v="asphalt"/>
 </way>
 <way id="658370507" visible="true" version="4" changeset="170758215" timestamp="2025-08-21T06:12:17Z" user="literan" uid="830106">
  <nd ref="6165345849"/>
  <nd ref="7897102891"/>
  <nd ref="6165331940"/>
  <tag k="highway" v="footway"/>
  <tag k="lit" v="yes"/>
  <tag k="surface" v="asphalt"/>
 </way>
 <way id="658370508" visible="true" version="2" changeset="165939525" timestamp="2025-05-07T14:05:26Z" user="Travieso" uid="5642897">
  <nd ref="6165331966"/>
  <nd ref="6165331943"/>
  <nd ref="6165331965"/>
  <nd ref="6165331938"/>
  <tag k="highway" v="service"/>
  <tag k="surface" v="asphalt"/>
 </way>
 <way id="684407255" visible="true" version="3" changeset="98046155" timestamp="2021-01-24T08:31:11Z" user="solenoid jam" uid="10129333">
  <nd ref="6412099079"/>
  <nd ref="8356704092"/>
  <nd ref="6412099078"/>
  <nd ref="6412099076"/>
  <nd ref="6412099077"/>
  <tag k="barrier" v="fence"/>
 </way>
 <way id="684407256" visible="true" version="1" changeset="69312409" timestamp="2019-04-17T14:42:21Z" user="Vadiм" uid="326091">
  <nd ref="442888558"/>
  <nd ref="6412099081"/>
  <nd ref="6412099082"/>
  <tag k="barrier" v="fence"/>
 </way>
 <way id="684407257" visible="true" version="3" changeset="147699536" timestamp="2024-02-20T16:34:21Z" user="MarinaKuzko" uid="18826385">
  <nd ref="442888568"/>
  <nd ref="6413725265"/>
  <nd ref="442888569"/>
  <nd ref="442888570"/>
  <nd ref="442888571"/>
  <nd ref="6412099885"/>
  <nd ref="442888568"/>
  <tag k="addr:housenumber" v="31 c7"/>
  <tag k="addr:street" v="Грохольский переулок"/>
  <tag k="building" v="service"/>
  <tag k="building:levels" v="1"/>
  <tag k="roof:colour" v="lightgrey"/>
  <tag k="roof:material" v="metal"/>
  <tag k="roof:shape" v="flat"/>
 </way>
 <way id="684409207" visible="true" version="3" changeset="110224631" timestamp="2021-08-25T11:57:18Z" user="bolserslon" uid="1895851">
  <nd ref="6412114863"/>
  <nd ref="6412114862"/>
  <nd ref="6412114861"/>
  <nd ref="8356704088"/>
  <nd ref="8356704087"/>
  <nd ref="2491880755"/>
  <nd ref="100341409"/>
  <tag k="highway" v="service"/>
  <tag k="surface" v="asphalt"/>
 </way>
 <way id="684409208" visible="true" version="2" changeset="98046155" timestamp="2021-01-24T08:31:11Z" user="solenoid jam" uid="10129333">
  <nd ref="8356704092"/>
  <nd ref="8356704091"/>
  <nd ref="8356704090"/>
  <nd ref="6412099076"/>
  <tag k="access" v="private"/>
  <tag k="highway" v="service"/>
 </way>
 <way id="684545243" visible="true" version="1" changeset="69337354" timestamp="2019-04-18T09:41:28Z" user="Vadiм" uid="326091">
  <nd ref="6413725789"/>
  <nd ref="6412099079"/>
  <nd ref="6412099080"/>
  <nd ref="6413725269"/>
  <tag k="barrier" v="fence"/>
 </way>
 <way id="684545244" visible="true" version="2" changeset="183616295" timestamp="2026-06-03T22:41:46Z" user="Grass-snake" uid="11321493">
  <nd ref="1896895948"/>
  <nd ref="6413725258"/>
  <nd ref="6413725260"/>
  <nd ref="6413725259"/>
  <nd ref="13908402319"/>
  <nd ref="6413725249"/>
  <nd ref="13908402318"/>
  <nd ref="6413725248"/>
  <nd ref="13908402317"/>
  <nd ref="442888576"/>
  <tag k="barrier" v="fence"/>
 </way>
 <way id="684545245" visible="true" version="4" changeset="183652902" timestamp="2026-06-04T15:34:29Z" user="Grass-snake" uid="11321493">
  <nd ref="6413725252"/>
  <nd ref="6413818646"/>
  <nd ref="13085249177"/>
  <nd ref="6413725251"/>
  <tag k="highway" v="service"/>
 </way>
 <way id="684545246" visible="true" version="3" changeset="69338934" timestamp="2019-04-18T10:27:53Z" user="Vadiм" uid="326091">
  <nd ref="6413725275"/>
  <nd ref="6413756264"/>
  <nd ref="6413756263"/>
  <nd ref="6413756265"/>
  <nd ref="6413756266"/>
  <nd ref="6413756267"/>
  <nd ref="6413756268"/>
  <nd ref="6413725256"/>
  <nd ref="6413725258"/>
  <tag k="access" v="private"/>
  <tag k="highway" v="service"/>
 </way>
 <way id="684545247" visible="true" version="3" changeset="183616295" timestamp="2026-06-03T22:41:46Z" user="Grass-snake" uid="11321493">
  <nd ref="6413725259"/>
  <nd ref="6413725252"/>
  <nd ref="6413725255"/>
  <nd ref="6413818647"/>
  <nd ref="6413725254"/>
  <nd ref="13908402313"/>
  <tag k="barrier" v="fence"/>
 </way>
 <way id="684545248" visible="true" version="1" changeset="69337354" timestamp="2019-04-18T09:41:28Z" user="Vadiм" uid="326091">
  <nd ref="6413725263"/>
  <nd ref="6413725262"/>
  <nd ref="6413725261"/>
  <nd ref="442888566"/>
  <tag k="barrier" v="fence"/>
 </way>
 <way id="684545249" visible="true" version="4" changeset="147699536" timestamp="2024-02-20T16:34:21Z" user="MarinaKuzko" uid="18826385">
  <nd ref="6413725267"/>
  <nd ref="6413725264"/>
  <nd ref="6413725263"/>
  <nd ref="6413725268"/>
  <nd ref="6413725267"/>
  <tag k="addr:housenumber" v="45 с5"/>
  <tag k="addr:street" v="Каланчёвская улица"/>
  <tag k="building" v="office"/>
  <tag k="building:colour" v="brown"/>
  <tag k="building:levels" v="1"/>
  <tag k="building:material" v="metal_plates"/>
  <tag k="roof:colour" v="grey"/>
  <tag k="roof:material" v="tar_paper"/>
  <tag k="roof:shape" v="flat"/>
 </way>
 <way id="684545250" visible="true" version="4" changeset="147699536" timestamp="2024-02-20T16:34:21Z" user="MarinaKuzko" uid="18826385">
  <nd ref="442888569"/>
  <nd ref="6413725269"/>
  <nd ref="6413725268"/>
  <nd ref="6413725267"/>
  <nd ref="6413725266"/>
  <nd ref="6413725265"/>
  <nd ref="442888569"/>
  <tag k="addr:housenumber" v="45 с4"/>
  <tag k="addr:street" v="Каланчёвская улица"/>
  <tag k="building" v="retail"/>
  <tag k="building:colour" v="brown"/>
  <tag k="building:levels" v="1"/>
  <tag k="building:material" v="metal_plates"/>
  <tag k="roof:colour" v="grey"/>
  <tag k="roof:material" v="tar_paper"/>
  <tag k="roof:shape" v="flat"/>
 </way>
 <way id="684545251" visible="true" version="3" changeset="69338934" timestamp="2019-04-18T10:27:53Z" user="Vadiм" uid="326091">
  <nd ref="6413725281"/>
  <nd ref="6413756258"/>
  <nd ref="6413756259"/>
  <nd ref="6413756260"/>
  <nd ref="6413756261"/>
  <nd ref="6413756262"/>
  <nd ref="6413725271"/>
  <tag k="access" v="private"/>
  <tag k="highway" v="service"/>
 </way>
 <way id="684545252" visible="true" version="1" changeset="69337354" timestamp="2019-04-18T09:41:28Z" user="Vadiм" uid="326091">
  <nd ref="1896895944"/>
  <nd ref="6413725271"/>
  <nd ref="1896895946"/>
  <tag k="barrier" v="fence"/>
 </way>
 <way id="684545253" visible="true" version="1" changeset="69337354" timestamp="2019-04-18T09:41:28Z" user="Vadiм" uid="326091">
  <nd ref="442888571"/>
  <nd ref="6413725273"/>
  <tag k="barrier" v="fence"/>
 </way>
 <way id="684545254" visible="true" version="2" changeset="110224631" timestamp="2021-08-25T11:58:39Z" user="bolserslon" uid="1895851">
  <nd ref="6413725277"/>
  <nd ref="6413725276"/>
  <nd ref="6413725275"/>
  <tag k="highway" v="service"/>
  <tag k="surface" v="asphalt"/>
 </way>
 <way id="684545255" visible="true" version="2" changeset="110224427" timestamp="2021-08-25T11:58:20Z" user="bolserslon" uid="1895851">
  <nd ref="6413725280"/>
  <nd ref="6413725279"/>
  <nd ref="6413725278"/>
  <tag k="footway" v="crossing"/>
  <tag k="highway" v="footway"/>
  <tag k="lit" v="yes"/>
 </way>
 <way id="684545256" visible="true" version="1" changeset="69337354" timestamp="2019-04-18T09:41:28Z" user="Vadiм" uid="326091">
  <nd ref="6413725283"/>
  <nd ref="6413725282"/>
  <nd ref="6413725281"/>
  <tag k="highway" v="service"/>
 </way>
 <way id="684545257" visible="true" version="1" changeset="69337354" timestamp="2019-04-18T09:41:28Z" user="Vadiм" uid="326091">
  <nd ref="901001163"/>
  <nd ref="1896895902"/>
  <nd ref="901001132"/>
  <nd ref="1896895910"/>
  <nd ref="6413725785"/>
  <nd ref="6413725786"/>
  <nd ref="6413725284"/>
  <nd ref="901001163"/>
  <tag k="building" v="roof"/>
 </way>
 <way id="684545258" visible="true" version="2" changeset="69337806" timestamp="2019-04-18T09:56:48Z" user="Vadiм" uid="326091">
  <nd ref="6413725788"/>
  <nd ref="6413725787"/>
  <tag k="highway" v="footway"/>
 </way>
 <way id="684545259" visible="true" version="3" changeset="165592955" timestamp="2025-04-29T13:32:41Z" user="literan" uid="830106">
  <nd ref="442888579"/>
  <nd ref="12797906185"/>
  <nd ref="529020864"/>
  <nd ref="6413725275"/>
  <nd ref="1896895901"/>
  <tag k="barrier" v="fence"/>
 </way>
 <way id="684545260" visible="true" version="2" changeset="69384847" timestamp="2019-04-19T18:25:13Z" user="alexey_zakharenkov" uid="2580205">
  <nd ref="1896895900"/>
  <nd ref="6413725281"/>
  <nd ref="6413725789"/>
  <tag k="barrier" v="fence"/>
 </way>
 <way id="684545261" visible="true" version="2" changeset="69384847" timestamp="2019-04-19T18:25:13Z" user="alexey_zakharenkov" uid="2580205">
  <nd ref="1896895901"/>
  <nd ref="6413725787"/>
  <nd ref="1896895900"/>
 </way>
 <way id="684547371" visible="true" version="2" changeset="147699536" timestamp="2024-02-20T16:34:21Z" user="MarinaKuzko" uid="18826385">
  <nd ref="6413743402"/>
  <nd ref="1896895944"/>
  <nd ref="6413725273"/>
  <nd ref="6413725272"/>
  <nd ref="6413743402"/>
  <tag k="addr:housenumber" v="31 с4"/>
  <tag k="addr:street" v="Грохольский переулок"/>
  <tag k="building" v="guardhouse"/>
  <tag k="building:colour" v="orange"/>
  <tag k="building:levels" v="1"/>
  <tag k="building:material" v="brick"/>
  <tag k="roof:colour" v="grey"/>
  <tag k="roof:material" v="tar_paper"/>
  <tag k="roof:shape" v="flat"/>
 </way>
 <way id="684548674" visible="true" version="1" changeset="69337806" timestamp="2019-04-18T09:56:48Z" user="Vadiм" uid="326091">
  <nd ref="6413756254"/>
  <nd ref="6413756253"/>
  <tag k="highway" v="service"/>
  <tag k="tunnel" v="building_passage"/>
 </way>
 <way id="684548675" visible="true" version="3" changeset="165939525" timestamp="2025-05-07T14:10:57Z" user="Travieso" uid="5642897">
  <nd ref="6413756255"/>
  <nd ref="6413818643"/>
  <nd ref="6413756254"/>
  <tag k="highway" v="service"/>
  <tag k="surface" v="asphalt"/>
 </way>
 <way id="684548676" visible="true" version="2" changeset="165939525" timestamp="2025-05-07T14:24:18Z" user="Travieso" uid="5642897">
  <nd ref="6413756253"/>
  <nd ref="6413756252"/>
  <nd ref="6413756251"/>
  <tag k="highway" v="service"/>
  <tag k="surface" v="asphalt"/>
 </way>
 <way id="684548677" visible="true" version="2" changeset="69338934" timestamp="2019-04-18T10:27:53Z" user="Vadiм" uid="326091">
  <nd ref="6413756264"/>
  <nd ref="6413756257"/>
  <nd ref="6413756256"/>
  <nd ref="6413756258"/>
  <tag k="access" v="private"/>
  <tag k="highway" v="service"/>
 </way>
 <way id="684553011" visible="true" version="1" changeset="69338934" timestamp="2019-04-18T10:27:52Z" user="Vadiм" uid="326091">
  <nd ref="1901201547"/>
  <nd ref="6413818640"/>
  <nd ref="1901201564"/>
  <tag k="highway" v="service"/>
 </way>
 <way id="684553012" visible="true" version="4" changeset="170747292" timestamp="2025-08-20T20:59:38Z" user="literan" uid="830106">
  <nd ref="6413818641"/>
  <nd ref="13085249172"/>
  <nd ref="6413818640"/>
  <nd ref="6413818639"/>
  <nd ref="6413818638"/>
  <nd ref="7713961162"/>
  <tag k="footway" v="sidewalk"/>
  <tag k="highway" v="footway"/>
  <tag k="surface" v="asphalt"/>
 </way>
 <way id="684553013" visible="true" version="4" changeset="170747292" timestamp="2025-08-20T20:59:38Z" user="literan" uid="830106">
  <nd ref="6413818641"/>
  <nd ref="13085249177"/>
  <nd ref="13085249178"/>
  <nd ref="13085249175"/>
  <nd ref="13085249176"/>
  <nd ref="13085249179"/>
  <nd ref="13085249167"/>
  <nd ref="6413818643"/>
  <nd ref="6413818642"/>
  <tag k="footway" v="sidewalk"/>
  <tag k="highway" v="footway"/>
  <tag k="lit" v="yes"/>
  <tag k="surface" v="asphalt"/>
 </way>
 <way id="684553014" visible="true" version="2" changeset="183652902" timestamp="2026-06-04T15:34:29Z" user="Grass-snake" uid="11321493">
  <nd ref="6413818646"/>
  <nd ref="6413818647"/>
  <tag k="highway" v="steps"/>
  <tag k="incline" v="up"/>
 </way>
 <way id="684553015" visible="true" version="2" changeset="183652902" timestamp="2026-06-04T15:34:29Z" user="Grass-snake" uid="11321493">
  <nd ref="6413818647"/>
  <nd ref="6413818645"/>
  <nd ref="6413818644"/>
  <tag k="access" v="private"/>
  <tag k="highway" v="footway"/>
 </way>
 <way id="684553016" visible="true" version="3" changeset="170747292" timestamp="2025-08-20T20:59:38Z" user="literan" uid="830106">
  <nd ref="6413725271"/>
  <nd ref="13085249179"/>
  <nd ref="6413725270"/>
  <tag k="highway" v="service"/>
  <tag k="surface" v="asphalt"/>
 </way>
 <way id="684553017" visible="true" version="3" changeset="170747292" timestamp="2025-08-20T20:59:38Z" user="literan" uid="830106">
  <nd ref="6413725258"/>
  <nd ref="13085249178"/>
  <nd ref="6413725257"/>
  <tag k="highway" v="service"/>
  <tag k="surface" v="asphalt"/>
 </way>
 <way id="684553018" visible="true" version="3" changeset="183616517" timestamp="2026-06-03T22:53:45Z" user="Grass-snake" uid="11321493">
  <nd ref="6413818652"/>
  <nd ref="6413818649"/>
  <nd ref="6413818650"/>
  <nd ref="6413818651"/>
  <nd ref="6413818652"/>
  <tag k="addr:housenumber" v="20 c2"/>
  <tag k="addr:street" v="Большой Балканский переулок"/>
  <tag k="building" v="service"/>
  <tag k="building:levels" v="1"/>
  <tag k="roof:colour" v="green"/>
  <tag k="roof:material" v="metal"/>
  <tag k="roof:shape" v="flat"/>
 </way>
 <way id="684553019" visible="true" version="3" changeset="183616295" timestamp="2026-06-03T22:41:46Z" user="Grass-snake" uid="11321493">
  <nd ref="529020856"/>
  <nd ref="1901201520"/>
  <nd ref="1901201522"/>
  <tag k="barrier" v="wall"/>
 </way>
 <way id="684553020" visible="true" version="2" changeset="165592955" timestamp="2025-04-29T13:32:41Z" user="literan" uid="830106">
  <nd ref="529020856"/>
  <nd ref="1901201442"/>
  <nd ref="12797906187"/>
  <nd ref="442888580"/>
  <nd ref="1265329359"/>
  <nd ref="1265329342"/>
  <nd ref="6413725250"/>
  <nd ref="442888579"/>
 </way>
 <way id="684553021" visible="true" version="2" changeset="147699536" timestamp="2024-02-20T16:34:21Z" user="MarinaKuzko" uid="18826385">
  <nd ref="6413818656"/>
  <nd ref="6413818655"/>
  <nd ref="6413818654"/>
  <nd ref="6413818653"/>
  <nd ref="6413818656"/>
  <tag k="addr:housenumber" v="31 c5"/>
  <tag k="addr:street" v="Грохольский переулок"/>
  <tag k="building" v="service"/>
  <tag k="building:levels" v="1"/>
  <tag k="roof:colour" v="grey"/>
  <tag k="roof:material" v="tar_paper"/>
  <tag k="roof:shape" v="flat"/>
 </way>
 <way id="701282392" visible="true" version="12" changeset="140433249" timestamp="2023-08-27T00:37:58Z" user="avi32" uid="285369">
  <nd ref="6586164402"/>
  <nd ref="6586164400"/>
  <nd ref="105173728"/>
  <tag k="highway" v="secondary"/>
  <tag k="lanes" v="1"/>
  <tag k="lit" v="yes"/>
  <tag k="maxspeed" v="40"/>
  <tag k="maxspeed:type" v="sign"/>
  <tag k="name" v="Большая Переяславская улица"/>
  <tag k="name:uk" v="Велика Переяславська вулиця"/>
  <tag k="oneway" v="yes"/>
  <tag k="postal_code" v="129110"/>
  <tag k="surface" v="asphalt"/>
 </way>
 <way id="846457058" visible="true" version="3" changeset="170758215" timestamp="2025-08-21T06:12:17Z" user="literan" uid="830106">
  <nd ref="7897102891"/>
  <nd ref="7897102892"/>
  <tag k="highway" v="footway"/>
  <tag k="lit" v="yes"/>
  <tag k="surface" v="asphalt"/>
 </way>
 <way id="846457059" visible="true" version="1" changeset="90765385" timestamp="2020-09-11T14:57:58Z" user="osmer120311" uid="624271">
  <nd ref="7897102899"/>
  <nd ref="7897102898"/>
  <nd ref="7897102897"/>
  <nd ref="7897102896"/>
  <nd ref="7897102899"/>
  <tag k="leisure" v="playground"/>
 </way>
 <way id="847003960" visible="true" version="2" changeset="153029928" timestamp="2024-06-22T13:31:19Z" user="alx_the_new_guy" uid="21087364">
  <nd ref="7903619810"/>
  <nd ref="7903619811"/>
  <nd ref="7903619812"/>
  <nd ref="7903619813"/>
  <nd ref="7903619814"/>
  <nd ref="7903619815"/>
  <nd ref="7903619816"/>
  <nd ref="7903619817"/>
  <nd ref="7903619818"/>
  <nd ref="7903619819"/>
  <nd ref="7903619820"/>
  <nd ref="7903619821"/>
  <nd ref="7903619822"/>
  <nd ref="7903619823"/>
  <nd ref="7903619824"/>
  <nd ref="7903619825"/>
  <nd ref="7903619826"/>
  <nd ref="7903619827"/>
  <nd ref="7903619828"/>
  <nd ref="7903619829"/>
  <nd ref="7903619830"/>
  <nd ref="7903619831"/>
  <nd ref="7903619832"/>
  <nd ref="7903619833"/>
  <nd ref="7903619834"/>
  <nd ref="7903619835"/>
  <nd ref="7903619836"/>
  <nd ref="7903619837"/>
  <nd ref="7903619838"/>
  <nd ref="7903619839"/>
  <nd ref="7903619840"/>
  <nd ref="7903619841"/>
  <nd ref="7903619842"/>
  <nd ref="7903619843"/>
  <nd ref="7903619844"/>
  <nd ref="7903619845"/>
  <nd ref="7903619846"/>
  <nd ref="7903619847"/>
  <nd ref="7903619848"/>
  <nd ref="7903619849"/>
  <nd ref="7903619850"/>
  <nd ref="7903619851"/>
  <nd ref="7903619852"/>
  <nd ref="7903619853"/>
  <nd ref="7903619854"/>
  <nd ref="7903619855"/>
  <nd ref="7903619856"/>
  <nd ref="7903619857"/>
  <nd ref="7903619858"/>
  <nd ref="7903619859"/>
  <nd ref="7903619860"/>
  <nd ref="7903619861"/>
  <nd ref="7903619862"/>
  <nd ref="7903619863"/>
  <nd ref="7903619864"/>
  <nd ref="7903619865"/>
  <nd ref="7903619866"/>
  <nd ref="7903619867"/>
  <nd ref="7903619868"/>
  <nd ref="7903619869"/>
  <nd ref="7903619870"/>
  <nd ref="7903619871"/>
  <nd ref="7903619872"/>
  <nd ref="7903619873"/>
  <nd ref="7903619874"/>
  <nd ref="7903619875"/>
  <nd ref="7903619876"/>
  <nd ref="7903619877"/>
  <nd ref="7903619878"/>
  <nd ref="7903619879"/>
  <nd ref="7903619880"/>
  <nd ref="7903619881"/>
  <nd ref="7903619882"/>
  <nd ref="7903619883"/>
  <nd ref="7903619884"/>
  <nd ref="7903619885"/>
  <nd ref="7903619886"/>
  <nd ref="7903619887"/>
  <nd ref="7903619888"/>
  <nd ref="7903619889"/>
  <nd ref="7903619890"/>
  <nd ref="7903619891"/>
  <nd ref="7903619892"/>
  <nd ref="7903619893"/>
  <nd ref="7903619894"/>
  <nd ref="7903619895"/>
  <nd ref="7903619896"/>
  <nd ref="7903619897"/>
  <nd ref="7903619898"/>
  <nd ref="7903619899"/>
  <nd ref="7903619900"/>
  <nd ref="7903619901"/>
  <nd ref="7903619902"/>
  <nd ref="7903619903"/>
  <nd ref="7903619904"/>
  <nd ref="7903619905"/>
  <nd ref="7903619906"/>
  <nd ref="7903619907"/>
  <nd ref="7903619908"/>
  <nd ref="7903619909"/>
  <nd ref="7903619910"/>
  <nd ref="7903619911"/>
  <nd ref="7903619912"/>
  <nd ref="7903619913"/>
  <nd ref="7903619914"/>
  <nd ref="7903619915"/>
  <nd ref="7903619916"/>
  <nd ref="7903619917"/>
  <nd ref="7903619918"/>
  <nd ref="7903619919"/>
  <nd ref="7903619920"/>
  <nd ref="7903619921"/>
  <nd ref="7903619922"/>
  <nd ref="7903619923"/>
  <nd ref="7903619924"/>
  <nd ref="7903619925"/>
  <nd ref="7903619926"/>
  <nd ref="7903619927"/>
  <nd ref="7903619928"/>
  <nd ref="7903619929"/>
  <nd ref="7903619930"/>
  <nd ref="7903619931"/>
  <nd ref="7903619932"/>
  <nd ref="7903619933"/>
  <nd ref="7903619934"/>
  <nd ref="7903619935"/>
  <nd ref="7903619936"/>
  <nd ref="7903619937"/>
  <nd ref="7903619938"/>
  <nd ref="7903619939"/>
  <nd ref="7903619940"/>
  <nd ref="7903619941"/>
  <nd ref="7903619942"/>
  <nd ref="7903619943"/>
  <nd ref="7903619944"/>
  <nd ref="7903619945"/>
  <nd ref="7903619946"/>
  <nd ref="7903619947"/>
  <nd ref="7903619948"/>
  <nd ref="7903619949"/>
  <nd ref="7903619950"/>
  <nd ref="7903619951"/>
  <nd ref="7903619952"/>
  <nd ref="7903619953"/>
  <nd ref="7903619954"/>
  <nd ref="7903619955"/>
  <nd ref="7903619956"/>
  <nd ref="7903619957"/>
  <nd ref="7903619958"/>
  <nd ref="7903619959"/>
  <nd ref="7903619960"/>
  <nd ref="7903619961"/>
  <nd ref="7903619962"/>
  <nd ref="7903619963"/>
  <nd ref="7903619964"/>
  <nd ref="7903619965"/>
  <nd ref="7903619966"/>
  <nd ref="7903619967"/>
  <nd ref="7903619968"/>
  <nd ref="7903619969"/>
  <nd ref="7903619970"/>
  <nd ref="7903619971"/>
  <nd ref="7903619972"/>
  <nd ref="7903619973"/>
  <nd ref="7903619974"/>
  <nd ref="7903619975"/>
  <nd ref="7903619976"/>
  <nd ref="7903619977"/>
  <nd ref="7903619978"/>
  <nd ref="7903619979"/>
  <nd ref="7903619980"/>
  <nd ref="7903619981"/>
  <nd ref="7903619982"/>
  <nd ref="7903619983"/>
  <nd ref="7903619984"/>
  <nd ref="7903619985"/>
  <nd ref="7903619986"/>
  <nd ref="7903619987"/>
  <nd ref="7903619988"/>
  <nd ref="7903619989"/>
  <nd ref="7903619990"/>
  <nd ref="7903619991"/>
  <nd ref="7903619992"/>
  <nd ref="7903619993"/>
  <nd ref="7903619994"/>
  <nd ref="7903619995"/>
  <nd ref="7903619996"/>
  <nd ref="7903619997"/>
  <nd ref="7903619998"/>
  <nd ref="7903619999"/>
  <nd ref="7903620000"/>
  <nd ref="7903620001"/>
  <nd ref="7903620002"/>
  <nd ref="7903620003"/>
  <nd ref="7903620004"/>
  <nd ref="7903620005"/>
  <nd ref="7903620006"/>
  <nd ref="7903620007"/>
  <nd ref="7903620008"/>
  <nd ref="7903620009"/>
  <nd ref="7903620010"/>
  <nd ref="7903620011"/>
  <nd ref="7903620012"/>
  <nd ref="7903620013"/>
  <nd ref="7903620014"/>
  <nd ref="7903620015"/>
  <nd ref="7903620016"/>
  <nd ref="7903620017"/>
  <nd ref="7903620018"/>
  <nd ref="7903620019"/>
  <nd ref="7903620020"/>
  <nd ref="7903620021"/>
  <nd ref="7903620022"/>
  <nd ref="7903620023"/>
  <nd ref="7903620024"/>
  <nd ref="7903620025"/>
  <nd ref="7903620026"/>
  <nd ref="7903620027"/>
  <nd ref="7903620028"/>
  <nd ref="12000706499"/>
  <nd ref="7903620029"/>
  <nd ref="7903620030"/>
  <nd ref="7903620031"/>
  <nd ref="7903620032"/>
  <nd ref="7903620033"/>
  <nd ref="7903620034"/>
  <nd ref="7903620035"/>
  <nd ref="7903620036"/>
  <nd ref="7903620037"/>
  <nd ref="7903620038"/>
  <nd ref="7903620039"/>
  <nd ref="7903620040"/>
  <nd ref="7903620041"/>
  <nd ref="7903620042"/>
  <nd ref="7903620043"/>
  <nd ref="7903620044"/>
  <nd ref="7903620045"/>
  <nd ref="7903620046"/>
  <nd ref="7903620047"/>
  <nd ref="7903620048"/>
  <nd ref="7903620049"/>
  <nd ref="7903620050"/>
  <nd ref="7903620051"/>
  <nd ref="7903620052"/>
  <nd ref="7903620053"/>
  <nd ref="7903620054"/>
  <nd ref="7903620055"/>
  <nd ref="7903620056"/>
  <nd ref="7903620057"/>
  <nd ref="7903620058"/>
  <nd ref="7903620059"/>
  <nd ref="7903620060"/>
  <nd ref="7903620061"/>
  <nd ref="7903620062"/>
  <tag k="circuits" v="2"/>
  <tag k="layer" v="-1"/>
  <tag k="location" v="underground"/>
  <tag k="power" v="cable"/>
  <tag k="source" v="ЗОУИТ"/>
  <tag k="voltage" v="220000"/>
 </way>
 <way id="852171852" visible="true" version="6" changeset="125449058" timestamp="2022-08-27T16:29:49Z" user="F-5 System" uid="674027">
  <nd ref="7948862759"/>
  <nd ref="7948862760"/>
  <nd ref="7948862761"/>
  <nd ref="7948862762"/>
  <nd ref="7948862763"/>
  <nd ref="7948862764"/>
  <nd ref="7948862765"/>
  <nd ref="7948862860"/>
  <nd ref="7948862766"/>
  <nd ref="7948862767"/>
  <nd ref="7948862768"/>
  <nd ref="7948862769"/>
  <nd ref="7948862770"/>
  <nd ref="7948862771"/>
  <nd ref="7948862772"/>
  <nd ref="7948862773"/>
  <nd ref="7948862774"/>
  <nd ref="7948862775"/>
  <nd ref="7948862776"/>
  <nd ref="7948862777"/>
  <nd ref="7948862778"/>
  <nd ref="7948862779"/>
  <nd ref="7948862780"/>
  <nd ref="7948862781"/>
  <nd ref="7948862782"/>
  <nd ref="7948862783"/>
  <nd ref="7948862784"/>
  <nd ref="7948862785"/>
  <nd ref="7948862786"/>
  <nd ref="7948862787"/>
  <nd ref="7948862788"/>
  <nd ref="7948862789"/>
  <nd ref="7948862790"/>
  <nd ref="7948862791"/>
  <nd ref="7948862792"/>
  <nd ref="7948862793"/>
  <nd ref="7948862794"/>
  <nd ref="7948862795"/>
  <nd ref="7948862796"/>
  <nd ref="7948862797"/>
  <nd ref="7948862798"/>
  <nd ref="7948862799"/>
  <nd ref="7948862800"/>
  <nd ref="7948862801"/>
  <nd ref="7948862802"/>
  <nd ref="7948862803"/>
  <nd ref="7948862804"/>
  <nd ref="7948862805"/>
  <nd ref="7948862806"/>
  <nd ref="7948862807"/>
  <nd ref="7948862808"/>
  <nd ref="7948862809"/>
  <nd ref="7948862810"/>
  <nd ref="7948862811"/>
  <nd ref="7948862812"/>
  <nd ref="7948862813"/>
  <nd ref="7948862814"/>
  <nd ref="7948862816"/>
  <nd ref="7948862817"/>
  <nd ref="7948862818"/>
  <nd ref="7948862819"/>
  <nd ref="7948862820"/>
  <nd ref="7948862821"/>
  <nd ref="7948862822"/>
  <nd ref="7948862824"/>
  <nd ref="7948862825"/>
  <nd ref="7948862826"/>
  <nd ref="7948862827"/>
  <nd ref="7948862828"/>
  <nd ref="7948862829"/>
  <nd ref="7948862830"/>
  <nd ref="7948862831"/>
  <nd ref="7948862832"/>
  <nd ref="7948862833"/>
  <nd ref="7948862834"/>
  <nd ref="7948862835"/>
  <nd ref="7948862836"/>
  <nd ref="7948862837"/>
  <nd ref="7948862838"/>
  <nd ref="7948862839"/>
  <nd ref="7948862840"/>
  <nd ref="7948862841"/>
  <nd ref="7948862842"/>
  <nd ref="7948862843"/>
  <nd ref="7948862844"/>
  <nd ref="7948862845"/>
  <nd ref="7948862846"/>
  <nd ref="7948862847"/>
  <nd ref="7948862848"/>
  <nd ref="7948862849"/>
  <nd ref="7948862850"/>
  <nd ref="7948862851"/>
  <nd ref="7948862852"/>
  <nd ref="7948862853"/>
  <nd ref="7948862854"/>
  <nd ref="7948862855"/>
  <nd ref="7948862856"/>
  <nd ref="7948862857"/>
  <nd ref="7948862858"/>
  <nd ref="7948862859"/>
  <tag k="circuits" v="2"/>
  <tag k="layer" v="-1"/>
  <tag k="location" v="underground"/>
  <tag k="power" v="cable"/>
  <tag k="voltage" v="110000"/>
 </way>
 <way id="876568011" visible="true" version="4" changeset="142712210" timestamp="2023-10-17T12:56:36Z" user="literan" uid="830106">
  <nd ref="11269170378"/>
  <nd ref="11269170376"/>
  <nd ref="8170784713"/>
  <nd ref="8158241754"/>
  <nd ref="8158241755"/>
  <nd ref="8158241756"/>
  <tag k="highway" v="service"/>
  <tag k="surface" v="asphalt"/>
 </way>
 <way id="876568012" visible="true" version="2" changeset="147275971" timestamp="2024-02-09T22:43:32Z" user="Fantomas" uid="478018">
  <nd ref="8158241757"/>
  <nd ref="8158241758"/>
  <nd ref="8158241759"/>
  <nd ref="11606168561"/>
  <nd ref="11606168560"/>
  <nd ref="11606168559"/>
  <nd ref="8158241757"/>
  <tag k="barrier" v="fence"/>
  <tag k="landuse" v="grass"/>
 </way>
 <way id="899397681" visible="true" version="2" changeset="110224631" timestamp="2021-08-25T11:57:21Z" user="bolserslon" uid="1895851">
  <nd ref="8356704094"/>
  <nd ref="8356704093"/>
  <nd ref="8356704089"/>
  <nd ref="8356704092"/>
  <tag k="highway" v="service"/>
  <tag k="surface" v="asphalt"/>
 </way>
 <way id="903445854" visible="true" version="2" changeset="165939474" timestamp="2025-05-07T14:06:06Z" user="Travieso" uid="5642897">
  <nd ref="335385490"/>
  <nd ref="8390987284"/>
  <tag k="highway" v="footway"/>
  <tag k="lit" v="yes"/>
  <tag k="surface" v="paving_stones"/>
 </way>
 <way id="903445855" visible="true" version="2" changeset="106263722" timestamp="2021-06-12T19:23:02Z" user="GamovaM" uid="13431892">
  <nd ref="8390987271"/>
  <nd ref="8390987268"/>
  <nd ref="8390987269"/>
  <nd ref="8390987270"/>
  <nd ref="8390987271"/>
  <tag k="leisure" v="pitch"/>
  <tag k="sport" v="ice_hockey;futsal"/>
 </way>
 <way id="903445856" visible="true" version="1" changeset="98655058" timestamp="2021-02-03T16:08:32Z" user="solenoid jam" uid="10129333">
  <nd ref="8390987275"/>
  <nd ref="8390987274"/>
  <nd ref="8390987273"/>
  <nd ref="8390987272"/>
  <nd ref="8390987275"/>
  <tag k="building" v="yes"/>
  <tag k="building:levels" v="1"/>
  <tag k="man_made" v="dovecote"/>
 </way>
 <way id="903445857" visible="true" version="4" changeset="165939474" timestamp="2025-05-07T14:06:00Z" user="Travieso" uid="5642897">
  <nd ref="11269165444"/>
  <nd ref="11269165445"/>
  <nd ref="8390987276"/>
  <nd ref="8390987279"/>
  <nd ref="8390987278"/>
  <nd ref="11269165455"/>
  <nd ref="11602499753"/>
  <nd ref="8390987277"/>
  <tag k="highway" v="footway"/>
  <tag k="lit" v="yes"/>
  <tag k="surface" v="paving_stones"/>
 </way>
 <way id="903445858" visible="true" version="4" changeset="165939474" timestamp="2025-05-07T14:06:11Z" user="Travieso" uid="5642897">
  <nd ref="8390987283"/>
  <nd ref="8390987278"/>
  <nd ref="8390987276"/>
  <nd ref="8390987284"/>
  <nd ref="11269165445"/>
  <nd ref="11269165446"/>
  <nd ref="8390987252"/>
  <tag k="highway" v="footway"/>
  <tag k="lit" v="yes"/>
  <tag k="surface" v="paving_stones"/>
 </way>
 <way id="903445859" visible="true" version="7" changeset="165939474" timestamp="2025-05-07T13:42:42Z" user="Travieso" uid="5642897">
  <nd ref="3183474953"/>
  <nd ref="8390987283"/>
  <nd ref="11602499762"/>
  <nd ref="8390987258"/>
  <nd ref="9787831140"/>
  <nd ref="11602510778"/>
  <nd ref="8390987282"/>
  <nd ref="11602273643"/>
  <nd ref="8390987281"/>
  <nd ref="11599711963"/>
  <nd ref="8390987221"/>
  <nd ref="8390987280"/>
  <tag k="footway" v="sidewalk"/>
  <tag k="highway" v="footway"/>
  <tag k="lit" v="yes"/>
  <tag k="surface" v="asphalt"/>
 </way>
 <way id="903445860" visible="true" version="1" changeset="98655058" timestamp="2021-02-03T16:08:32Z" user="solenoid jam" uid="10129333">
  <nd ref="8390987263"/>
  <nd ref="8390987262"/>
  <nd ref="335385490"/>
  <tag k="highway" v="service"/>
  <tag k="service" v="driveway"/>
 </way>
 <way id="903445861" visible="true" version="3" changeset="147256491" timestamp="2024-02-09T13:09:09Z" user="Fantomas" uid="478018">
  <nd ref="8390987292"/>
  <nd ref="8390987291"/>
  <nd ref="11602273625"/>
  <tag k="highway" v="footway"/>
  <tag k="lit" v="yes"/>
  <tag k="surface" v="paving_stones"/>
 </way>
 <way id="903445862" visible="true" version="2" changeset="111648627" timestamp="2021-09-24T13:39:25Z" user="literan" uid="830106">
  <nd ref="1027185328"/>
  <nd ref="8390987297"/>
  <nd ref="1027185413"/>
  <nd ref="9120223425"/>
  <nd ref="9120223424"/>
  <nd ref="1027185328"/>
  <tag k="landuse" v="grass"/>
 </way>
 <way id="903570553" visible="true" version="4" changeset="132756187" timestamp="2023-02-19T16:45:53Z" user="Travieso" uid="5642897">
  <nd ref="3183474954"/>
  <nd ref="8392053669"/>
  <nd ref="9158086840"/>
  <nd ref="9787831169"/>
  <nd ref="3183474956"/>
  <nd ref="9158086839"/>
  <nd ref="3183474957"/>
  <nd ref="9158086838"/>
  <nd ref="3183474959"/>
  <tag k="footway" v="sidewalk"/>
  <tag k="highway" v="footway"/>
  <tag k="lit" v="yes"/>
  <tag k="surface" v="asphalt"/>
 </way>
 <way id="903570554" visible="true" version="2" changeset="165939474" timestamp="2025-05-07T14:11:50Z" user="Travieso" uid="5642897">
  <nd ref="3183474953"/>
  <nd ref="8390966809"/>
  <nd ref="2942393188"/>
  <nd ref="3183474954"/>
  <tag k="footway" v="crossing"/>
  <tag k="highway" v="footway"/>
  <tag k="lit" v="yes"/>
  <tag k="surface" v="asphalt"/>
 </way>
 <way id="903570555" visible="true" version="5" changeset="165939474" timestamp="2025-05-07T13:34:03Z" user="Travieso" uid="5642897">
  <nd ref="9787831165"/>
  <nd ref="9787831167"/>
  <nd ref="11599711948"/>
  <nd ref="8392053670"/>
  <nd ref="3183474954"/>
  <tag k="footway" v="sidewalk"/>
  <tag k="highway" v="footway"/>
  <tag k="lit" v="yes"/>
  <tag k="surface" v="asphalt"/>
 </way>
 <way id="986672019" visible="true" version="1" changeset="111648627" timestamp="2021-09-24T13:39:25Z" user="literan" uid="830106">
  <nd ref="9120223428"/>
  <nd ref="9120223427"/>
  <nd ref="9120223426"/>
  <tag k="barrier" v="fence"/>
 </way>
 <way id="988862919" visible="true" version="2" changeset="147699536" timestamp="2024-02-20T16:34:21Z" user="MarinaKuzko" uid="18826385">
  <nd ref="9139834472"/>
  <nd ref="9139834471"/>
  <nd ref="9139834470"/>
  <nd ref="9139834469"/>
  <nd ref="9139834472"/>
  <tag k="addr:housenumber" v="10/36 с3"/>
  <tag k="addr:street" v="Астраханский переулок"/>
  <tag k="building" v="service"/>
  <tag k="building:colour" v="green"/>
  <tag k="building:levels" v="1"/>
  <tag k="building:material" v="plaster"/>
  <tag k="location" v="indoor"/>
  <tag k="power" v="substation"/>
  <tag k="roof:colour" v="grey"/>
  <tag k="roof:material" v="tar_paper"/>
  <tag k="roof:shape" v="flat"/>
  <tag k="substation" v="minor_distribution"/>
 </way>
 <way id="988862920" visible="true" version="2" changeset="171142452" timestamp="2025-08-28T17:53:18Z" user="Felis Pimeja" uid="260756">
  <nd ref="13104148872"/>
  <nd ref="1456074379"/>
  <nd ref="6165331938"/>
  <nd ref="9139834473"/>
  <tag k="barrier" v="fence"/>
 </way>
 <way id="988862921" visible="true" version="1" changeset="112002488" timestamp="2021-10-02T14:06:50Z" user="solenoid jam" uid="10129333">
  <nd ref="9139834477"/>
  <nd ref="9139834473"/>
  <nd ref="9139834476"/>
  <nd ref="9139834475"/>
  <nd ref="9139834474"/>
  <nd ref="9139834477"/>
  <tag k="access" v="private"/>
  <tag k="amenity" v="parking"/>
  <tag k="barrier" v="fence"/>
  <tag k="parking" v="surface"/>
 </way>
 <way id="988862922" visible="true" version="1" changeset="112002488" timestamp="2021-10-02T14:06:50Z" user="solenoid jam" uid="10129333">
  <nd ref="5072445021"/>
  <nd ref="9139834486"/>
  <tag k="barrier" v="fence"/>
 </way>
 <way id="988862923" visible="true" version="1" changeset="112002488" timestamp="2021-10-02T14:06:50Z" user="solenoid jam" uid="10129333">
  <nd ref="442888470"/>
  <nd ref="6165345835"/>
  <nd ref="442888488"/>
  <tag k="barrier" v="fence"/>
 </way>
 <way id="991176199" visible="true" version="1" changeset="112261663" timestamp="2021-10-08T11:56:13Z" user="literan" uid="830106">
  <nd ref="9158086861"/>
  <nd ref="9158086860"/>
  <nd ref="9158086857"/>
  <nd ref="9158086859"/>
  <nd ref="9158086858"/>
  <nd ref="9158086861"/>
  <tag k="leisure" v="playground"/>
 </way>
 <way id="991176200" visible="true" version="1" changeset="112261663" timestamp="2021-10-08T11:56:13Z" user="literan" uid="830106">
  <nd ref="9139834471"/>
  <nd ref="9158086862"/>
  <tag k="barrier" v="fence"/>
 </way>
 <way id="991176201" visible="true" version="1" changeset="112261663" timestamp="2021-10-08T11:56:13Z" user="literan" uid="830106">
  <nd ref="9139834476"/>
  <nd ref="9139834469"/>
  <tag k="barrier" v="fence"/>
 </way>
 <way id="991176205" visible="true" version="4" changeset="170747292" timestamp="2025-08-20T20:59:38Z" user="literan" uid="830106">
  <nd ref="9158086885"/>
  <nd ref="9158086884"/>
  <nd ref="9158086868"/>
  <nd ref="9158086883"/>
  <nd ref="9158086882"/>
  <nd ref="13085249173"/>
  <nd ref="9158086881"/>
  <nd ref="9158086880"/>
  <nd ref="9158086879"/>
  <nd ref="9158089334"/>
  <nd ref="9158089333"/>
  <nd ref="13085249164"/>
  <nd ref="9158089332"/>
  <nd ref="9158089331"/>
  <nd ref="9158089330"/>
  <nd ref="9158089329"/>
  <nd ref="9158089328"/>
  <nd ref="9158089327"/>
  <nd ref="9158089326"/>
  <tag k="footway" v="sidewalk"/>
  <tag k="highway" v="footway"/>
  <tag k="lit" v="yes"/>
  <tag k="surface" v="asphalt"/>
 </way>
 <way id="991177593" visible="true" version="2" changeset="165939474" timestamp="2025-05-07T14:11:00Z" user="Travieso" uid="5642897">
  <nd ref="9158089332"/>
  <nd ref="9158089325"/>
  <nd ref="9158089324"/>
  <nd ref="9158089323"/>
  <nd ref="9158089322"/>
  <nd ref="9158089321"/>
  <nd ref="9158089320"/>
  <nd ref="9158089319"/>
  <tag k="highway" v="footway"/>
  <tag k="lit" v="yes"/>
  <tag k="surface" v="asphalt"/>
 </way>
 <way id="1065839643" visible="true" version="2" changeset="165939474" timestamp="2025-05-07T13:34:00Z" user="Travieso" uid="5642897">
  <nd ref="9787831169"/>
  <nd ref="9787831166"/>
  <nd ref="9787831168"/>
  <nd ref="9787831167"/>
  <tag k="highway" v="footway"/>
  <tag k="lit" v="yes"/>
  <tag k="surface" v="asphalt"/>
 </way>
 <way id="1122139576" visible="true" version="1" changeset="130088536" timestamp="2022-12-14T20:07:47Z" user="solenoid jam" uid="10129333">
  <nd ref="442888330"/>
  <nd ref="442888326"/>
  <nd ref="442888358"/>
  <nd ref="442888355"/>
  <nd ref="10263279524"/>
  <nd ref="10263279526"/>
  <nd ref="442888333"/>
  <nd ref="442888330"/>
  <tag k="building:levels" v="5"/>
  <tag k="building:part" v="yes"/>
 </way>
 <way id="1122139579" visible="true" version="1" changeset="130088536" timestamp="2022-12-14T20:07:47Z" user="solenoid jam" uid="10129333">
  <nd ref="1896895932"/>
  <nd ref="442888406"/>
  <nd ref="1896895935"/>
  <nd ref="1896895936"/>
  <nd ref="1896895946"/>
  <nd ref="1896895950"/>
  <nd ref="1896895952"/>
  <nd ref="1896895948"/>
  <nd ref="1896895934"/>
  <nd ref="1896895933"/>
  <nd ref="1896895932"/>
  <tag k="building:levels" v="2"/>
  <tag k="building:part" v="yes"/>
 </way>
 <way id="1122139580" visible="true" version="1" changeset="130088536" timestamp="2022-12-14T20:07:47Z" user="solenoid jam" uid="10129333">
  <nd ref="1896895932"/>
  <nd ref="442888406"/>
  <nd ref="442888401"/>
  <nd ref="10263279529"/>
  <nd ref="442888396"/>
  <nd ref="442888388"/>
  <nd ref="10263279530"/>
  <nd ref="901001140"/>
  <nd ref="442888384"/>
  <nd ref="442888378"/>
  <nd ref="10263279528"/>
  <nd ref="442888374"/>
  <nd ref="442888370"/>
  <nd ref="1896895932"/>
  <tag k="building:levels" v="10"/>
  <tag k="building:part" v="yes"/>
 </way>
 <way id="1122139581" visible="true" version="1" changeset="130088536" timestamp="2022-12-14T20:07:47Z" user="solenoid jam" uid="10129333">
  <nd ref="901001143"/>
  <nd ref="901001140"/>
  <nd ref="10263279530"/>
  <nd ref="442888388"/>
  <nd ref="901001161"/>
  <nd ref="1896895931"/>
  <nd ref="5812951427"/>
  <nd ref="901001151"/>
  <nd ref="1896895912"/>
  <nd ref="901001141"/>
  <nd ref="1896895907"/>
  <nd ref="901001129"/>
  <nd ref="1896895903"/>
  <nd ref="901001163"/>
  <nd ref="6413725284"/>
  <nd ref="6413725786"/>
  <nd ref="6413725785"/>
  <nd ref="1896895910"/>
  <nd ref="1896895914"/>
  <nd ref="901001158"/>
  <nd ref="1896895929"/>
  <nd ref="5812951426"/>
  <nd ref="901001143"/>
  <tag k="building:levels" v="3"/>
  <tag k="building:part" v="yes"/>
 </way>
 <way id="1170509257" visible="true" version="5" changeset="173383974" timestamp="2025-10-16T20:57:10Z" user="solenoid jam" uid="10129333">
  <nd ref="9077880556"/>
  <nd ref="11269165442"/>
  <tag k="bench" v="yes"/>
  <tag k="bin" v="yes"/>
  <tag k="footway" v="sidewalk"/>
  <tag k="highway" v="footway"/>
  <tag k="lit" v="yes"/>
  <tag k="name" v="Астраханский переулок"/>
  <tag k="name:etymology:wikidata" v="Q3927"/>
  <tag k="public_transport" v="platform"/>
  <tag k="railway" v="platform"/>
  <tag k="shelter" v="yes"/>
  <tag k="surface" v="asphalt"/>
  <tag k="tram" v="yes"/>
  <tag k="wheelchair" v="yes"/>
 </way>
 <way id="1170509259" visible="true" version="4" changeset="173383974" timestamp="2025-10-16T20:57:10Z" user="solenoid jam" uid="10129333">
  <nd ref="10880621006"/>
  <nd ref="11269165441"/>
  <tag k="bench" v="yes"/>
  <tag k="bin" v="yes"/>
  <tag k="footway" v="sidewalk"/>
  <tag k="highway" v="footway"/>
  <tag k="lit" v="yes"/>
  <tag k="name" v="Астраханский переулок"/>
  <tag k="name:etymology:wikidata" v="Q3927"/>
  <tag k="public_transport" v="platform"/>
  <tag k="railway" v="platform"/>
  <tag k="shelter" v="yes"/>
  <tag k="surface" v="paving_stones"/>
  <tag k="tram" v="yes"/>
  <tag k="wheelchair" v="yes"/>
 </way>
 <way id="1216242728" visible="true" version="1" changeset="142712210" timestamp="2023-10-17T12:56:36Z" user="literan" uid="830106">
  <nd ref="1172627835"/>
  <nd ref="11269170372"/>
  <tag k="highway" v="footway"/>
  <tag k="lit" v="yes"/>
  <tag k="surface" v="asphalt"/>
 </way>
 <way id="1216242729" visible="true" version="1" changeset="142712210" timestamp="2023-10-17T12:56:36Z" user="literan" uid="830106">
  <nd ref="11269165453"/>
  <nd ref="11269165452"/>
  <nd ref="11269165451"/>
  <nd ref="11269165450"/>
  <nd ref="11269165449"/>
  <nd ref="11269165448"/>
  <nd ref="11269165447"/>
  <nd ref="11269165453"/>
  <tag k="leisure" v="fitness_station"/>
 </way>
 <way id="1216242732" visible="true" version="4" changeset="171985399" timestamp="2025-09-15T20:42:14Z" user="Bobropiton" uid="2055718">
  <nd ref="11269170385"/>
  <nd ref="6413818642"/>
  <nd ref="11606168524"/>
  <nd ref="11606168545"/>
  <nd ref="1172937425"/>
  <nd ref="12797931766"/>
  <nd ref="1172627865"/>
  <nd ref="6586137675"/>
  <nd ref="2491880758"/>
  <tag k="footway" v="sidewalk"/>
  <tag k="highway" v="footway"/>
  <tag k="lit" v="yes"/>
  <tag k="surface" v="paving_stones"/>
 </way>
 <way id="1216242733" visible="true" version="1" changeset="142712210" timestamp="2023-10-17T12:56:36Z" user="literan" uid="830106">
  <nd ref="9158086843"/>
  <nd ref="1172627830"/>
  <nd ref="11269170385"/>
  <tag k="footway" v="crossing"/>
  <tag k="highway" v="footway"/>
  <tag k="lit" v="yes"/>
  <tag k="surface" v="asphalt"/>
 </way>
 <way id="1241014670" visible="true" version="3" changeset="172776950" timestamp="2025-10-03T07:56:47Z" user="solenoid jam" uid="10129333">
  <nd ref="412509471"/>
  <nd ref="1172937467"/>
  <nd ref="1172937414"/>
  <nd ref="1172937474"/>
  <nd ref="1172937452"/>
  <nd ref="1172937428"/>
  <nd ref="9276126806"/>
  <nd ref="11530718745"/>
  <nd ref="9276126803"/>
  <nd ref="1172937459"/>
  <nd ref="9787831120"/>
  <nd ref="1172937435"/>
  <nd ref="1172937411"/>
  <nd ref="412509469"/>
  <tag k="barrier" v="fence"/>
 </way>
 <way id="1241459718" visible="true" version="2" changeset="147260518" timestamp="2024-02-09T14:57:11Z" user="Fantomas" uid="478018">
  <nd ref="100321064"/>
  <nd ref="9158086864"/>
  <nd ref="11534910276"/>
  <tag k="highway" v="secondary"/>
  <tag k="lanes" v="4"/>
  <tag k="lit" v="yes"/>
  <tag k="maxspeed" v="40"/>
  <tag k="maxspeed:type" v="sign"/>
  <tag k="name" v="Большая Переяславская улица"/>
  <tag k="name:ru" v="Большая Переяславская улица"/>
  <tag k="name:uk" v="Велика Переяславська вулиця"/>
  <tag k="parking:left:restriction" v="no_stopping"/>
  <tag k="parking:right" v="lane"/>
  <tag k="parking:right:fee" v="yes"/>
  <tag k="parking:right:orientation" v="parallel"/>
  <tag k="postal_code" v="129110"/>
  <tag k="surface" v="asphalt"/>
 </way>
 <way id="1241459719" visible="true" version="1" changeset="146491319" timestamp="2024-01-20T19:56:07Z" user="Fantomas" uid="478018">
  <nd ref="6586164402"/>
  <nd ref="100321064"/>
  <tag k="highway" v="secondary"/>
  <tag k="lanes" v="4"/>
  <tag k="lit" v="yes"/>
  <tag k="maxspeed" v="40"/>
  <tag k="maxspeed:type" v="sign"/>
  <tag k="name" v="Большая Переяславская улица"/>
  <tag k="name:ru" v="Большая Переяславская улица"/>
  <tag k="name:uk" v="Велика Переяславська вулиця"/>
  <tag k="parking:both:restriction" v="no_stopping"/>
  <tag k="postal_code" v="129110"/>
  <tag k="surface" v="asphalt"/>
 </way>
 <way id="1241459720" visible="true" version="1" changeset="146491319" timestamp="2024-01-20T19:56:07Z" user="Fantomas" uid="478018">
  <nd ref="100321064"/>
  <nd ref="9158086840"/>
  <nd ref="11534910279"/>
  <tag k="highway" v="service"/>
  <tag k="service" v="driveway"/>
  <tag k="surface" v="asphalt"/>
 </way>
 <way id="1247824296" visible="true" version="3" changeset="165939474" timestamp="2025-05-07T13:34:07Z" user="Travieso" uid="5642897">
  <nd ref="2942393188"/>
  <nd ref="11602499765"/>
  <nd ref="11602499763"/>
  <nd ref="11599711955"/>
  <tag k="admin_level" v="8"/>
  <tag k="boundary" v="administrative"/>
  <tag k="highway" v="residential"/>
  <tag k="lanes" v="2"/>
  <tag k="lit" v="yes"/>
  <tag k="maxspeed:backward" v="RU:urban"/>
  <tag k="maxspeed:forward" v="40"/>
  <tag k="name" v="Пантелеевская улица"/>
  <tag k="name:uk" v="Пантеліївська вулиця"/>
  <tag k="parking:both:restriction" v="no_stopping"/>
  <tag k="postal_code" v="129110"/>
  <tag k="surface" v="asphalt"/>
 </way>
 <way id="1248131015" visible="true" version="1" changeset="147256491" timestamp="2024-02-09T13:09:09Z" user="Fantomas" uid="478018">
  <nd ref="11602273629"/>
  <nd ref="11602273628"/>
  <tag k="barrier" v="bollard"/>
 </way>
 <way id="1248131016" visible="true" version="3" changeset="165939474" timestamp="2025-05-07T14:06:08Z" user="Travieso" uid="5642897">
  <nd ref="11602273631"/>
  <nd ref="11602273630"/>
  <nd ref="11602273627"/>
  <nd ref="11602273626"/>
  <nd ref="11602273625"/>
  <nd ref="11602273623"/>
  <nd ref="11606168563"/>
  <nd ref="11602273624"/>
  <tag k="footway" v="sidewalk"/>
  <tag k="highway" v="footway"/>
  <tag k="lit" v="yes"/>
  <tag k="surface" v="paving_stones"/>
 </way>
 <way id="1248159770" visible="true" version="1" changeset="147260518" timestamp="2024-02-09T14:57:11Z" user="Fantomas" uid="478018">
  <nd ref="583315762"/>
  <nd ref="11602499756"/>
  <tag k="barrier" v="fence"/>
 </way>
 <way id="1248159771" visible="true" version="1" changeset="147260518" timestamp="2024-02-09T14:57:11Z" user="Fantomas" uid="478018">
  <nd ref="11602499754"/>
  <nd ref="11602499755"/>
  <nd ref="11602499757"/>
  <nd ref="11602499760"/>
  <tag k="barrier" v="fence"/>
 </way>
 <way id="1248159773" visible="true" version="2" changeset="147265531" timestamp="2024-02-09T17:06:20Z" user="literan" uid="830106">
  <nd ref="11602499765"/>
  <nd ref="11602499764"/>
  <nd ref="11602499766"/>
  <tag k="highway" v="service"/>
  <tag k="service" v="parking_aisle"/>
  <tag k="surface" v="asphalt"/>
 </way>
 <way id="1248159774" visible="true" version="1" changeset="147260518" timestamp="2024-02-09T14:57:11Z" user="Fantomas" uid="478018">
  <nd ref="11602510770"/>
  <nd ref="11602499764"/>
  <nd ref="11602510769"/>
  <nd ref="11602499768"/>
  <nd ref="11602499767"/>
  <nd ref="11602510770"/>
  <tag k="access" v="private"/>
  <tag k="amenity" v="parking"/>
  <tag k="parking" v="surface"/>
  <tag k="surface" v="asphalt"/>
 </way>
 <way id="1248159775" visible="true" version="1" changeset="147260518" timestamp="2024-02-09T14:57:11Z" user="Fantomas" uid="478018">
  <nd ref="11602510773"/>
  <nd ref="11602510772"/>
  <nd ref="11602510771"/>
  <tag k="barrier" v="fence"/>
 </way>
 <way id="1248184199" visible="true" version="2" changeset="147275971" timestamp="2024-02-09T22:43:32Z" user="Fantomas" uid="478018">
  <nd ref="11602620367"/>
  <nd ref="11602620366"/>
  <nd ref="11602620365"/>
  <nd ref="2691327725"/>
  <tag k="barrier" v="fence"/>
 </way>
 <way id="1248627899" visible="true" version="1" changeset="147275971" timestamp="2024-02-09T22:43:32Z" user="Fantomas" uid="478018">
  <nd ref="11606168554"/>
  <nd ref="11606168524"/>
  <nd ref="6412099081"/>
  <nd ref="11606168553"/>
  <nd ref="11606168552"/>
  <nd ref="11606168551"/>
  <nd ref="11606168550"/>
  <nd ref="11606168549"/>
  <tag k="highway" v="service"/>
  <tag k="surface" v="asphalt"/>
 </way>
 <way id="1248627900" visible="true" version="2" changeset="165939474" timestamp="2025-05-07T14:11:15Z" user="Travieso" uid="5642897">
  <nd ref="11606168558"/>
  <nd ref="11606168557"/>
  <nd ref="11606168556"/>
  <nd ref="11606168555"/>
  <tag k="highway" v="footway"/>
  <tag k="lit" v="yes"/>
  <tag k="surface" v="asphalt"/>
 </way>
 <way id="1248627901" visible="true" version="1" changeset="147275971" timestamp="2024-02-09T22:43:32Z" user="Fantomas" uid="478018">
  <nd ref="11606168566"/>
  <nd ref="11606168565"/>
  <nd ref="11606168563"/>
  <nd ref="11606168564"/>
  <nd ref="1027185381"/>
  <tag k="barrier" v="fence"/>
 </way>
 <way id="1248627902" visible="true" version="1" changeset="147275971" timestamp="2024-02-09T22:43:32Z" user="Fantomas" uid="478018">
  <nd ref="11606172270"/>
  <nd ref="11606172269"/>
  <tag k="barrier" v="kerb"/>
 </way>
 <way id="1248627903" visible="true" version="1" changeset="147275971" timestamp="2024-02-09T22:43:32Z" user="Fantomas" uid="478018">
  <nd ref="11606172273"/>
  <nd ref="11606172272"/>
  <tag k="barrier" v="kerb"/>
 </way>
 <way id="1248627904" visible="true" version="1" changeset="147275971" timestamp="2024-02-09T22:43:32Z" user="Fantomas" uid="478018">
  <nd ref="11606172275"/>
  <nd ref="11606172274"/>
  <tag k="barrier" v="kerb"/>
 </way>
 <way id="1248627905" visible="true" version="1" changeset="147275971" timestamp="2024-02-09T22:43:32Z" user="Fantomas" uid="478018">
  <nd ref="11606172277"/>
  <nd ref="11606172276"/>
  <tag k="barrier" v="kerb"/>
 </way>
 <way id="1248627906" visible="true" version="1" changeset="147275971" timestamp="2024-02-09T22:43:32Z" user="Fantomas" uid="478018">
  <nd ref="11606172279"/>
  <nd ref="11606172278"/>
  <tag k="barrier" v="kerb"/>
 </way>
 <way id="1293104271" visible="true" version="1" changeset="152808551" timestamp="2024-06-17T15:30:23Z" user="Spjasshka" uid="7714489">
  <nd ref="3016151160"/>
  <nd ref="6586164393"/>
  <nd ref="6586164395"/>
  <nd ref="3016151163"/>
  <nd ref="6586137680"/>
  <nd ref="697485006"/>
  <tag k="electrified" v="contact_line"/>
  <tag k="frequency" v="0"/>
  <tag k="gauge" v="1524"/>
  <tag k="lit" v="yes"/>
  <tag k="maxspeed" v="60"/>
  <tag k="oneway" v="yes"/>
  <tag k="railway" v="tram"/>
  <tag k="railway:preferred_direction" v="forward"/>
  <tag k="surface" v="concrete"/>
  <tag k="voltage" v="600"/>
 </way>
 <way id="1293104272" visible="true" version="1" changeset="152808551" timestamp="2024-06-17T15:30:23Z" user="Spjasshka" uid="7714489">
  <nd ref="11987758671"/>
  <nd ref="473120404"/>
  <nd ref="6586137681"/>
  <nd ref="6586164396"/>
  <nd ref="6586164392"/>
  <nd ref="3016151175"/>
  <tag k="electrified" v="contact_line"/>
  <tag k="frequency" v="0"/>
  <tag k="gauge" v="1524"/>
  <tag k="lit" v="yes"/>
  <tag k="maxspeed" v="60"/>
  <tag k="oneway" v="yes"/>
  <tag k="railway" v="tram"/>
  <tag k="railway:preferred_direction" v="forward"/>
  <tag k="surface" v="concrete"/>
  <tag k="voltage" v="600"/>
 </way>
 <way id="1293104273" visible="true" version="1" changeset="152808551" timestamp="2024-06-17T15:30:23Z" user="Spjasshka" uid="7714489">
  <nd ref="11269170369"/>
  <nd ref="7897102894"/>
  <nd ref="3016196788"/>
  <nd ref="11269165467"/>
  <nd ref="6586164385"/>
  <nd ref="11269165461"/>
  <nd ref="11269165462"/>
  <nd ref="3016151184"/>
  <nd ref="3016151183"/>
  <nd ref="11987758671"/>
  <tag k="electrified" v="contact_line"/>
  <tag k="frequency" v="0"/>
  <tag k="gauge" v="1524"/>
  <tag k="lit" v="yes"/>
  <tag k="maxspeed" v="15"/>
  <tag k="oneway" v="yes"/>
  <tag k="railway" v="tram"/>
  <tag k="railway:preferred_direction" v="forward"/>
  <tag k="surface" v="concrete"/>
  <tag k="voltage" v="600"/>
 </way>
 <way id="1293104274" visible="true" version="1" changeset="152808551" timestamp="2024-06-17T15:30:23Z" user="Spjasshka" uid="7714489">
  <nd ref="697485006"/>
  <nd ref="3016151167"/>
  <nd ref="3016151169"/>
  <nd ref="11269165463"/>
  <nd ref="6586164399"/>
  <nd ref="11269165464"/>
  <nd ref="6586164400"/>
  <nd ref="11269165465"/>
  <nd ref="3016105374"/>
  <nd ref="11269170371"/>
  <tag k="electrified" v="contact_line"/>
  <tag k="frequency" v="0"/>
  <tag k="gauge" v="1524"/>
  <tag k="lit" v="yes"/>
  <tag k="maxspeed" v="15"/>
  <tag k="oneway" v="yes"/>
  <tag k="railway" v="tram"/>
  <tag k="railway:preferred_direction" v="forward"/>
  <tag k="surface" v="concrete"/>
  <tag k="voltage" v="600"/>
 </way>
 <way id="1293104275" visible="true" version="1" changeset="152808551" timestamp="2024-06-17T15:30:23Z" user="Spjasshka" uid="7714489">
  <nd ref="11987758672"/>
  <nd ref="6165331943"/>
  <nd ref="6165331942"/>
  <nd ref="11269170369"/>
  <tag k="electrified" v="contact_line"/>
  <tag k="frequency" v="0"/>
  <tag k="gauge" v="1524"/>
  <tag k="incline" v="down_3.2%"/>
  <tag k="lit" v="yes"/>
  <tag k="maxspeed" v="25"/>
  <tag k="oneway" v="yes"/>
  <tag k="railway" v="tram"/>
  <tag k="railway:preferred_direction" v="forward"/>
  <tag k="surface" v="concrete"/>
  <tag k="voltage" v="600"/>
 </way>
 <way id="1293104276" visible="true" version="1" changeset="152808551" timestamp="2024-06-17T15:30:23Z" user="Spjasshka" uid="7714489">
  <nd ref="11269170371"/>
  <nd ref="11987758673"/>
  <tag k="electrified" v="contact_line"/>
  <tag k="frequency" v="0"/>
  <tag k="gauge" v="1524"/>
  <tag k="incline" v="up_3.2%"/>
  <tag k="lit" v="yes"/>
  <tag k="maxspeed" v="60"/>
  <tag k="oneway" v="yes"/>
  <tag k="railway" v="tram"/>
  <tag k="railway:preferred_direction" v="forward"/>
  <tag k="surface" v="concrete"/>
  <tag k="voltage" v="600"/>
 </way>
 <way id="1293104277" visible="true" version="1" changeset="152808551" timestamp="2024-06-17T15:30:23Z" user="Spjasshka" uid="7714489">
  <nd ref="11987758673"/>
  <nd ref="11987758674"/>
  <tag k="electrified" v="contact_line"/>
  <tag k="frequency" v="0"/>
  <tag k="gauge" v="1524"/>
  <tag k="lit" v="yes"/>
  <tag k="maxspeed" v="60"/>
  <tag k="oneway" v="yes"/>
  <tag k="railway" v="tram"/>
  <tag k="railway:preferred_direction" v="forward"/>
  <tag k="surface" v="concrete"/>
  <tag k="voltage" v="600"/>
 </way>
 <way id="1293104278" visible="true" version="1" changeset="152808551" timestamp="2024-06-17T15:30:23Z" user="Spjasshka" uid="7714489">
  <nd ref="11987758675"/>
  <nd ref="4291989484"/>
  <nd ref="11987758672"/>
  <tag k="electrified" v="contact_line"/>
  <tag k="frequency" v="0"/>
  <tag k="gauge" v="1524"/>
  <tag k="lit" v="yes"/>
  <tag k="maxspeed" v="60"/>
  <tag k="oneway" v="yes"/>
  <tag k="railway" v="tram"/>
  <tag k="railway:preferred_direction" v="forward"/>
  <tag k="surface" v="concrete"/>
  <tag k="voltage" v="600"/>
 </way>
 <way id="1382310344" visible="true" version="1" changeset="165592955" timestamp="2025-04-29T13:32:41Z" user="literan" uid="830106">
  <nd ref="12797931778"/>
  <nd ref="12797931777"/>
  <nd ref="12797931776"/>
  <nd ref="12797931775"/>
  <nd ref="12797931774"/>
  <nd ref="12797931773"/>
  <nd ref="12797931772"/>
  <nd ref="12797931778"/>
  <tag k="access" v="private"/>
  <tag k="amenity" v="parking"/>
  <tag k="parking" v="surface"/>
 </way>
 <way id="1423675700" visible="true" version="1" changeset="170747292" timestamp="2025-08-20T20:59:38Z" user="literan" uid="830106">
  <nd ref="13085249133"/>
  <nd ref="13085249132"/>
  <nd ref="13085249131"/>
  <tag k="highway" v="footway"/>
  <tag k="surface" v="asphalt"/>
 </way>
 <way id="1423675701" visible="true" version="2" changeset="183652902" timestamp="2026-06-04T15:34:29Z" user="Grass-snake" uid="11321493">
  <nd ref="13085249138"/>
  <nd ref="13085249137"/>
  <nd ref="13085249136"/>
  <nd ref="13085249135"/>
  <tag k="highway" v="service"/>
  <tag k="motor_vehicle" v="private"/>
  <tag k="surface" v="asphalt"/>
 </way>
 <way id="1423675702" visible="true" version="2" changeset="183652902" timestamp="2026-06-04T15:34:29Z" user="Grass-snake" uid="11321493">
  <nd ref="6165331948"/>
  <nd ref="6165331947"/>
  <tag k="highway" v="service"/>
  <tag k="motor_vehicle" v="private"/>
  <tag k="surface" v="asphalt"/>
 </way>
 <way id="1423675703" visible="true" version="1" changeset="170747292" timestamp="2025-08-20T20:59:38Z" user="literan" uid="830106">
  <nd ref="13085249148"/>
  <nd ref="13085249147"/>
  <nd ref="13085249146"/>
  <nd ref="13085249145"/>
  <nd ref="13085249144"/>
  <nd ref="13085249143"/>
  <nd ref="13085249142"/>
  <nd ref="13085249141"/>
  <nd ref="13085249140"/>
  <tag k="highway" v="service"/>
  <tag k="service" v="driveway"/>
 </way>
 <way id="1423675704" visible="true" version="2" changeset="183652902" timestamp="2026-06-04T15:34:29Z" user="Grass-snake" uid="11321493">
  <nd ref="6165331954"/>
  <nd ref="6165331950"/>
  <nd ref="6165331949"/>
  <nd ref="13085249139"/>
  <nd ref="13085249156"/>
  <nd ref="13085249155"/>
  <nd ref="13085249133"/>
  <nd ref="13085249154"/>
  <nd ref="13085249153"/>
  <nd ref="13085249152"/>
  <tag k="highway" v="service"/>
  <tag k="motor_vehicle" v="private"/>
  <tag k="surface" v="asphalt"/>
 </way>
 <way id="1423675705" visible="true" version="1" changeset="170747292" timestamp="2025-08-20T20:59:38Z" user="literan" uid="830106">
  <nd ref="13085249160"/>
  <nd ref="13085249159"/>
  <nd ref="13085249158"/>
  <nd ref="13085249157"/>
  <nd ref="13085249160"/>
  <tag k="leisure" v="playground"/>
 </way>
 <way id="1423675706" visible="true" version="1" changeset="170747292" timestamp="2025-08-20T20:59:38Z" user="literan" uid="830106">
  <nd ref="6165331954"/>
  <nd ref="13085249161"/>
  <tag k="highway" v="footway"/>
  <tag k="surface" v="asphalt"/>
 </way>
 <way id="1423675707" visible="true" version="1" changeset="170747292" timestamp="2025-08-20T20:59:38Z" user="literan" uid="830106">
  <nd ref="13085249164"/>
  <nd ref="13085249166"/>
  <tag k="highway" v="footway"/>
  <tag k="surface" v="asphalt"/>
 </way>
 <way id="1423675708" visible="true" version="1" changeset="170747292" timestamp="2025-08-20T20:59:38Z" user="literan" uid="830106">
  <nd ref="13085249166"/>
  <nd ref="13085249165"/>
  <nd ref="13085249168"/>
  <tag k="footway" v="crossing"/>
  <tag k="highway" v="footway"/>
  <tag k="surface" v="asphalt"/>
 </way>
 <way id="1423675709" visible="true" version="1" changeset="170747292" timestamp="2025-08-20T20:59:38Z" user="literan" uid="830106">
  <nd ref="13085249168"/>
  <nd ref="13085249167"/>
  <tag k="highway" v="footway"/>
  <tag k="surface" v="asphalt"/>
 </way>
 <way id="1423675712" visible="true" version="1" changeset="170747292" timestamp="2025-08-20T20:59:38Z" user="literan" uid="830106">
  <nd ref="13085249169"/>
  <nd ref="13085249172"/>
  <tag k="highway" v="footway"/>
  <tag k="surface" v="asphalt"/>
 </way>
 <way id="1423675713" visible="true" version="1" changeset="170747292" timestamp="2025-08-20T20:59:38Z" user="literan" uid="830106">
  <nd ref="13085249173"/>
  <nd ref="13085249170"/>
  <tag k="highway" v="footway"/>
  <tag k="surface" v="asphalt"/>
 </way>
 <way id="1423675714" visible="true" version="1" changeset="170747292" timestamp="2025-08-20T20:59:38Z" user="literan" uid="830106">
  <nd ref="13085249170"/>
  <nd ref="13085249171"/>
  <nd ref="13085249169"/>
  <tag k="footway" v="crossing"/>
  <tag k="highway" v="footway"/>
  <tag k="surface" v="asphalt"/>
 </way>
 <way id="1425635056" visible="true" version="2" changeset="171151501" timestamp="2025-08-28T19:14:51Z" user="Felis Pimeja" uid="260756">
  <nd ref="442888528"/>
  <nd ref="13104148873"/>
 </way>
 <way id="1425635061" visible="true" version="1" changeset="171142452" timestamp="2025-08-28T17:53:18Z" user="Felis Pimeja" uid="260756">
  <nd ref="13104196618"/>
  <nd ref="13104196635"/>
 </way>
 <way id="1425635062" visible="true" version="1" changeset="171142452" timestamp="2025-08-28T17:53:18Z" user="Felis Pimeja" uid="260756">
  <nd ref="9158086896"/>
  <nd ref="13104196618"/>
 </way>
 <way id="1425635072" visible="true" version="2" changeset="171151501" timestamp="2025-08-28T19:14:51Z" user="Felis Pimeja" uid="260756">
  <nd ref="13104196618"/>
  <nd ref="13104196617"/>
  <nd ref="13104196616"/>
 </way>
 <way id="1425635077" visible="true" version="2" changeset="171151501" timestamp="2025-08-28T19:14:51Z" user="Felis Pimeja" uid="260756">
  <nd ref="13104320380"/>
  <nd ref="13104320533"/>
  <nd ref="13104196642"/>
  <nd ref="13104196640"/>
  <nd ref="13104320332"/>
 </way>
 <way id="1425635079" visible="true" version="2" changeset="171151501" timestamp="2025-08-28T19:14:51Z" user="Felis Pimeja" uid="260756">
  <nd ref="442888528"/>
  <nd ref="13104196648"/>
 </way>
 <way id="1425635080" visible="true" version="2" changeset="171151501" timestamp="2025-08-28T19:14:51Z" user="Felis Pimeja" uid="260756">
  <nd ref="13104320526"/>
  <nd ref="442888509"/>
  <nd ref="9139834479"/>
  <nd ref="9158086897"/>
  <nd ref="9158086896"/>
 </way>
 <way id="1425651258" visible="true" version="1" changeset="171151501" timestamp="2025-08-28T19:14:51Z" user="Felis Pimeja" uid="260756">
  <nd ref="13104285697"/>
  <nd ref="13104285696"/>
  <tag k="highway" v="steps"/>
  <tag k="incline" v="up"/>
  <tag k="indoor" v="yes"/>
  <tag k="level" v="0"/>
 </way>
 <way id="1425651259" visible="true" version="1" changeset="171151501" timestamp="2025-08-28T19:14:51Z" user="Felis Pimeja" uid="260756">
  <nd ref="13104320462"/>
  <nd ref="13104320467"/>
  <nd ref="13104285697"/>
  <nd ref="13104320465"/>
 </way>
 <way id="1425651260" visible="true" version="1" changeset="171151501" timestamp="2025-08-28T19:14:51Z" user="Felis Pimeja" uid="260756">
  <nd ref="13104320469"/>
  <nd ref="13104320473"/>
  <tag k="indoor" v="wall"/>
  <tag k="level" v="0"/>
 </way>
 <way id="1425651262" visible="true" version="1" changeset="171151501" timestamp="2025-08-28T19:14:51Z" user="Felis Pimeja" uid="260756">
  <nd ref="13104196638"/>
  <nd ref="13104320221"/>
  <tag k="indoor" v="wall"/>
  <tag k="level" v="0"/>
 </way>
 <way id="1425651263" visible="true" version="1" changeset="171151501" timestamp="2025-08-28T19:14:51Z" user="Felis Pimeja" uid="260756">
  <nd ref="13104320532"/>
  <nd ref="13104320222"/>
  <nd ref="13104320220"/>
  <nd ref="13104320221"/>
  <tag k="indoor" v="wall"/>
  <tag k="level" v="0"/>
 </way>
 <way id="1425651264" visible="true" version="1" changeset="171151501" timestamp="2025-08-28T19:14:51Z" user="Felis Pimeja" uid="260756">
  <nd ref="13104320259"/>
  <nd ref="13104320417"/>
  <nd ref="13104320412"/>
  <nd ref="13104320411"/>
 </way>
 <way id="1425651265" visible="true" version="1" changeset="171151501" timestamp="2025-08-28T19:14:51Z" user="Felis Pimeja" uid="260756">
  <nd ref="13104320262"/>
  <nd ref="13104320259"/>
 </way>
 <way id="1425651266" visible="true" version="1" changeset="171151501" timestamp="2025-08-28T19:14:51Z" user="Felis Pimeja" uid="260756">
  <nd ref="13104320397"/>
  <nd ref="13104320391"/>
  <nd ref="13104320399"/>
 </way>
 <way id="1425651267" visible="true" version="1" changeset="171151501" timestamp="2025-08-28T19:14:51Z" user="Felis Pimeja" uid="260756">
  <nd ref="13104320406"/>
  <nd ref="13104320397"/>
 </way>
 <way id="1425651268" visible="true" version="1" changeset="171151501" timestamp="2025-08-28T19:14:51Z" user="Felis Pimeja" uid="260756">
  <nd ref="13104320350"/>
  <nd ref="13104320348"/>
 </way>
 <way id="1425651269" visible="true" version="1" changeset="171151501" timestamp="2025-08-28T19:14:51Z" user="Felis Pimeja" uid="260756">
  <nd ref="13104320265"/>
  <nd ref="13104320350"/>
 </way>
 <way id="1425651270" visible="true" version="1" changeset="171151501" timestamp="2025-08-28T19:14:51Z" user="Felis Pimeja" uid="260756">
  <nd ref="13104320466"/>
  <nd ref="13104320461"/>
 </way>
 <way id="1425651271" visible="true" version="1" changeset="171151501" timestamp="2025-08-28T19:14:51Z" user="Felis Pimeja" uid="260756">
  <nd ref="13104320463"/>
  <nd ref="13104320466"/>
 </way>
 <way id="1425651272" visible="true" version="1" changeset="171151501" timestamp="2025-08-28T19:14:51Z" user="Felis Pimeja" uid="260756">
  <nd ref="13104320475"/>
  <nd ref="13104320333"/>
 </way>
 <way id="1425651273" visible="true" version="1" changeset="171151501" timestamp="2025-08-28T19:14:51Z" user="Felis Pimeja" uid="260756">
  <nd ref="13104320477"/>
  <nd ref="13104320475"/>
 </way>
 <way id="1425651274" visible="true" version="1" changeset="171151501" timestamp="2025-08-28T19:14:51Z" user="Felis Pimeja" uid="260756">
  <nd ref="13104320478"/>
  <nd ref="13104320477"/>
 </way>
 <way id="1425651275" visible="true" version="1" changeset="171151501" timestamp="2025-08-28T19:14:51Z" user="Felis Pimeja" uid="260756">
  <nd ref="13104320480"/>
  <nd ref="13104320478"/>
 </way>
 <way id="1425651276" visible="true" version="1" changeset="171151501" timestamp="2025-08-28T19:14:51Z" user="Felis Pimeja" uid="260756">
  <nd ref="13104320482"/>
  <nd ref="13104320480"/>
 </way>
 <way id="1425651277" visible="true" version="1" changeset="171151501" timestamp="2025-08-28T19:14:51Z" user="Felis Pimeja" uid="260756">
  <nd ref="13104320484"/>
  <nd ref="13104320482"/>
 </way>
 <way id="1425651278" visible="true" version="1" changeset="171151501" timestamp="2025-08-28T19:14:51Z" user="Felis Pimeja" uid="260756">
  <nd ref="13104320486"/>
  <nd ref="13104320484"/>
 </way>
 <way id="1425651281" visible="true" version="1" changeset="171151501" timestamp="2025-08-28T19:14:51Z" user="Felis Pimeja" uid="260756">
  <nd ref="13104320479"/>
  <nd ref="13104320469"/>
  <tag k="indoor" v="wall"/>
  <tag k="level" v="0"/>
 </way>
 <way id="1425651282" visible="true" version="1" changeset="171151501" timestamp="2025-08-28T19:14:51Z" user="Felis Pimeja" uid="260756">
  <nd ref="13104320481"/>
  <nd ref="13104320479"/>
 </way>
 <way id="1425651283" visible="true" version="1" changeset="171151501" timestamp="2025-08-28T19:14:51Z" user="Felis Pimeja" uid="260756">
  <nd ref="13104320483"/>
  <nd ref="13104320481"/>
  <tag k="indoor" v="wall"/>
  <tag k="level" v="0"/>
 </way>
 <way id="1425651284" visible="true" version="1" changeset="171151501" timestamp="2025-08-28T19:14:51Z" user="Felis Pimeja" uid="260756">
  <nd ref="13104320485"/>
  <nd ref="13104320483"/>
 </way>
 <way id="1425651285" visible="true" version="1" changeset="171151501" timestamp="2025-08-28T19:14:51Z" user="Felis Pimeja" uid="260756">
  <nd ref="13104320487"/>
  <nd ref="13104320485"/>
  <tag k="indoor" v="wall"/>
  <tag k="level" v="0"/>
 </way>
 <way id="1425651286" visible="true" version="1" changeset="171151501" timestamp="2025-08-28T19:14:51Z" user="Felis Pimeja" uid="260756">
  <nd ref="13104320489"/>
  <nd ref="13104320487"/>
 </way>
 <way id="1425651287" visible="true" version="1" changeset="171151501" timestamp="2025-08-28T19:14:51Z" user="Felis Pimeja" uid="260756">
  <nd ref="13104320465"/>
  <nd ref="13104320466"/>
  <tag k="indoor" v="wall"/>
  <tag k="level" v="0"/>
 </way>
 <way id="1425651288" visible="true" version="1" changeset="171151501" timestamp="2025-08-28T19:14:51Z" user="Felis Pimeja" uid="260756">
  <nd ref="13104320464"/>
  <nd ref="13104320465"/>
 </way>
 <way id="1425651289" visible="true" version="1" changeset="171151501" timestamp="2025-08-28T19:14:51Z" user="Felis Pimeja" uid="260756">
  <nd ref="13104320471"/>
  <nd ref="13104320464"/>
  <tag k="indoor" v="wall"/>
  <tag k="level" v="0"/>
 </way>
 <way id="1425651290" visible="true" version="1" changeset="171151501" timestamp="2025-08-28T19:14:51Z" user="Felis Pimeja" uid="260756">
  <nd ref="13104320314"/>
  <nd ref="13104320450"/>
  <tag k="indoor" v="wall"/>
  <tag k="level" v="0"/>
 </way>
 <way id="1425651291" visible="true" version="1" changeset="171151501" timestamp="2025-08-28T19:14:51Z" user="Felis Pimeja" uid="260756">
  <nd ref="13104320439"/>
  <nd ref="13104320441"/>
  <tag k="indoor" v="wall"/>
  <tag k="level" v="0"/>
 </way>
 <way id="1425651292" visible="true" version="1" changeset="171151501" timestamp="2025-08-28T19:14:51Z" user="Felis Pimeja" uid="260756">
  <nd ref="13104320351"/>
  <nd ref="13104320352"/>
  <tag k="indoor" v="wall"/>
  <tag k="level" v="0"/>
 </way>
 <way id="1425651293" visible="true" version="1" changeset="171151501" timestamp="2025-08-28T19:14:51Z" user="Felis Pimeja" uid="260756">
  <nd ref="13104320349"/>
  <nd ref="13104320351"/>
 </way>
 <way id="1425651294" visible="true" version="1" changeset="171151501" timestamp="2025-08-28T19:14:51Z" user="Felis Pimeja" uid="260756">
  <nd ref="13104320440"/>
  <nd ref="13104320349"/>
  <tag k="indoor" v="wall"/>
  <tag k="level" v="0"/>
 </way>
 <way id="1425651295" visible="true" version="1" changeset="171151501" timestamp="2025-08-28T19:14:51Z" user="Felis Pimeja" uid="260756">
  <nd ref="13104320527"/>
  <nd ref="13104196649"/>
 </way>
 <way id="1425651296" visible="true" version="1" changeset="171151501" timestamp="2025-08-28T19:14:51Z" user="Felis Pimeja" uid="260756">
  <nd ref="13104196648"/>
  <nd ref="13104320527"/>
  <tag k="indoor" v="wall"/>
  <tag k="level" v="0"/>
 </way>
 <way id="1425651297" visible="true" version="1" changeset="171151501" timestamp="2025-08-28T19:14:51Z" user="Felis Pimeja" uid="260756">
  <nd ref="13104320261"/>
  <nd ref="13104320526"/>
  <tag k="indoor" v="wall"/>
  <tag k="level" v="0"/>
 </way>
 <way id="1425651298" visible="true" version="1" changeset="171151501" timestamp="2025-08-28T19:14:51Z" user="Felis Pimeja" uid="260756">
  <nd ref="13104320260"/>
  <nd ref="13104320261"/>
 </way>
 <way id="1425651299" visible="true" version="1" changeset="171151501" timestamp="2025-08-28T19:14:51Z" user="Felis Pimeja" uid="260756">
  <nd ref="13104320529"/>
  <nd ref="13104320260"/>
  <tag k="indoor" v="wall"/>
  <tag k="level" v="0"/>
 </way>
 <way id="1425651300" visible="true" version="1" changeset="171151501" timestamp="2025-08-28T19:14:51Z" user="Felis Pimeja" uid="260756">
  <nd ref="13104196649"/>
  <nd ref="13104320529"/>
 </way>
 <way id="1425651301" visible="true" version="1" changeset="171151501" timestamp="2025-08-28T19:14:51Z" user="Felis Pimeja" uid="260756">
  <nd ref="13104320398"/>
  <nd ref="13104320527"/>
  <tag k="indoor" v="wall"/>
  <tag k="level" v="0"/>
 </way>
 <way id="1425651302" visible="true" version="1" changeset="171151501" timestamp="2025-08-28T19:14:51Z" user="Felis Pimeja" uid="260756">
  <nd ref="13104320396"/>
  <nd ref="13104320398"/>
 </way>
 <way id="1425651315" visible="true" version="1" changeset="171151501" timestamp="2025-08-28T19:14:51Z" user="Felis Pimeja" uid="260756">
  <nd ref="13104196648"/>
  <nd ref="13104320448"/>
  <nd ref="13104320400"/>
  <tag k="indoor" v="wall"/>
  <tag k="level" v="0"/>
 </way>
 <way id="1425651316" visible="true" version="1" changeset="171151501" timestamp="2025-08-28T19:14:51Z" user="Felis Pimeja" uid="260756">
  <nd ref="13104320352"/>
  <nd ref="13104320231"/>
  <nd ref="13104320400"/>
 </way>
 <way id="1425651317" visible="true" version="1" changeset="171151501" timestamp="2025-08-28T19:14:51Z" user="Felis Pimeja" uid="260756">
  <nd ref="13104196638"/>
  <nd ref="13104320223"/>
  <nd ref="13104320380"/>
 </way>
 <way id="1425651318" visible="true" version="1" changeset="171151501" timestamp="2025-08-28T19:14:51Z" user="Felis Pimeja" uid="260756">
  <nd ref="13104196636"/>
  <nd ref="13104196638"/>
 </way>
 <way id="1425651319" visible="true" version="1" changeset="171151501" timestamp="2025-08-28T19:14:51Z" user="Felis Pimeja" uid="260756">
  <nd ref="13104320339"/>
  <nd ref="13104320360"/>
 </way>
 <way id="1425651320" visible="true" version="1" changeset="171151501" timestamp="2025-08-28T19:14:51Z" user="Felis Pimeja" uid="260756">
  <nd ref="13104320336"/>
  <nd ref="13104320339"/>
 </way>
 <way id="1425651321" visible="true" version="1" changeset="171151501" timestamp="2025-08-28T19:14:51Z" user="Felis Pimeja" uid="260756">
  <nd ref="13104320395"/>
  <nd ref="13104320230"/>
  <nd ref="13104320385"/>
 </way>
 <way id="1425651322" visible="true" version="1" changeset="171151501" timestamp="2025-08-28T19:14:51Z" user="Felis Pimeja" uid="260756">
  <nd ref="13104320392"/>
  <nd ref="13104320395"/>
 </way>
 <way id="1425651323" visible="true" version="1" changeset="171151501" timestamp="2025-08-28T19:14:51Z" user="Felis Pimeja" uid="260756">
  <nd ref="13104320385"/>
  <nd ref="13104320402"/>
  <nd ref="13104320401"/>
  <nd ref="13104320400"/>
 </way>
 <way id="1425651324" visible="true" version="1" changeset="171151501" timestamp="2025-08-28T19:14:51Z" user="Felis Pimeja" uid="260756">
  <nd ref="13104320415"/>
  <nd ref="13104320416"/>
 </way>
 <way id="1425651325" visible="true" version="1" changeset="171151501" timestamp="2025-08-28T19:14:51Z" user="Felis Pimeja" uid="260756">
  <nd ref="13104196616"/>
  <nd ref="13104320415"/>
 </way>
 <way id="1425651326" visible="true" version="1" changeset="171151501" timestamp="2025-08-28T19:14:51Z" user="Felis Pimeja" uid="260756">
  <nd ref="13104320359"/>
  <nd ref="13104320224"/>
  <nd ref="13104320360"/>
 </way>
 <way id="1425651327" visible="true" version="1" changeset="171151501" timestamp="2025-08-28T19:14:51Z" user="Felis Pimeja" uid="260756">
  <nd ref="13104196636"/>
  <nd ref="13104320359"/>
 </way>
 <way id="1425651328" visible="true" version="1" changeset="171151501" timestamp="2025-08-28T19:14:51Z" user="Felis Pimeja" uid="260756">
  <nd ref="13104320326"/>
  <nd ref="13104320444"/>
 </way>
 <way id="1425651329" visible="true" version="1" changeset="171151501" timestamp="2025-08-28T19:14:51Z" user="Felis Pimeja" uid="260756">
  <nd ref="13104320331"/>
  <nd ref="13104320330"/>
 </way>
 <way id="1425651330" visible="true" version="1" changeset="171151501" timestamp="2025-08-28T19:14:51Z" user="Felis Pimeja" uid="260756">
  <nd ref="13104320331"/>
  <nd ref="13104320332"/>
 </way>
 <way id="1425651331" visible="true" version="1" changeset="171151501" timestamp="2025-08-28T19:14:51Z" user="Felis Pimeja" uid="260756">
  <nd ref="13104320328"/>
  <nd ref="13104320331"/>
 </way>
 <way id="1425651332" visible="true" version="1" changeset="171151501" timestamp="2025-08-28T19:14:51Z" user="Felis Pimeja" uid="260756">
  <nd ref="13104320504"/>
  <nd ref="13104320440"/>
  <nd ref="442888528"/>
 </way>
 <way id="1425651340" visible="true" version="1" changeset="171151501" timestamp="2025-08-28T19:14:51Z" user="Felis Pimeja" uid="260756">
  <nd ref="13104196643"/>
  <nd ref="13104196637"/>
  <nd ref="13104196636"/>
 </way>
 <way id="1425651341" visible="true" version="1" changeset="171151501" timestamp="2025-08-28T19:14:51Z" user="Felis Pimeja" uid="260756">
  <nd ref="13104196650"/>
  <nd ref="13104196643"/>
 </way>
 <way id="1425651342" visible="true" version="1" changeset="171151501" timestamp="2025-08-28T19:14:51Z" user="Felis Pimeja" uid="260756">
  <nd ref="13104320332"/>
  <nd ref="13104320335"/>
  <nd ref="13104320334"/>
  <nd ref="13104196639"/>
  <nd ref="13104196641"/>
  <nd ref="13104320504"/>
 </way>
 <way id="1425651348" visible="true" version="1" changeset="171151501" timestamp="2025-08-28T19:14:51Z" user="Felis Pimeja" uid="260756">
  <nd ref="13104320429"/>
  <nd ref="13104320428"/>
 </way>
 <way id="1425651349" visible="true" version="1" changeset="171151501" timestamp="2025-08-28T19:14:51Z" user="Felis Pimeja" uid="260756">
  <nd ref="13104320436"/>
  <nd ref="13104320431"/>
  <nd ref="13104320435"/>
 </way>
 <way id="1425651350" visible="true" version="1" changeset="171151501" timestamp="2025-08-28T19:14:51Z" user="Felis Pimeja" uid="260756">
  <nd ref="13104320413"/>
  <nd ref="13104320415"/>
 </way>
 <way id="1425651351" visible="true" version="1" changeset="171151501" timestamp="2025-08-28T19:14:51Z" user="Felis Pimeja" uid="260756">
  <nd ref="13104320411"/>
  <nd ref="13104320229"/>
  <nd ref="13104320413"/>
 </way>
 <way id="1425651352" visible="true" version="1" changeset="171151501" timestamp="2025-08-28T19:14:51Z" user="Felis Pimeja" uid="260756">
  <nd ref="13104196615"/>
  <nd ref="13104196614"/>
  <nd ref="9158086896"/>
 </way>
 <way id="1425651353" visible="true" version="1" changeset="171151501" timestamp="2025-08-28T19:14:51Z" user="Felis Pimeja" uid="260756">
  <nd ref="13104320416"/>
  <nd ref="13104196615"/>
 </way>
 <way id="1425651354" visible="true" version="1" changeset="171151501" timestamp="2025-08-28T19:14:51Z" user="Felis Pimeja" uid="260756">
  <nd ref="13104320260"/>
  <nd ref="13104320259"/>
  <tag k="indoor" v="wall"/>
  <tag k="level" v="0"/>
 </way>
 <way id="1425651355" visible="true" version="1" changeset="171151501" timestamp="2025-08-28T19:14:51Z" user="Felis Pimeja" uid="260756">
  <nd ref="13104320262"/>
  <nd ref="13104320261"/>
  <tag k="indoor" v="wall"/>
  <tag k="level" v="0"/>
 </way>
 <way id="1425651356" visible="true" version="1" changeset="171151501" timestamp="2025-08-28T19:14:51Z" user="Felis Pimeja" uid="260756">
  <nd ref="13104320416"/>
  <nd ref="13104320414"/>
  <nd ref="13104320413"/>
 </way>
 <way id="1425651357" visible="true" version="1" changeset="171151501" timestamp="2025-08-28T19:14:51Z" user="Felis Pimeja" uid="260756">
  <nd ref="13104320395"/>
  <nd ref="13104320394"/>
  <nd ref="13104320393"/>
  <nd ref="13104320392"/>
 </way>
 <way id="1425651358" visible="true" version="1" changeset="171151501" timestamp="2025-08-28T19:14:51Z" user="Felis Pimeja" uid="260756">
  <nd ref="13104320407"/>
  <nd ref="13104320410"/>
  <nd ref="13104320411"/>
 </way>
 <way id="1425651359" visible="true" version="1" changeset="171151501" timestamp="2025-08-28T19:14:51Z" user="Felis Pimeja" uid="260756">
  <nd ref="13104320504"/>
  <nd ref="13104320441"/>
 </way>
 <way id="1425651360" visible="true" version="1" changeset="171151501" timestamp="2025-08-28T19:14:51Z" user="Felis Pimeja" uid="260756">
  <nd ref="13104320348"/>
  <nd ref="13104320264"/>
  <nd ref="13104320354"/>
  <nd ref="13104320347"/>
 </way>
 <way id="1425651361" visible="true" version="1" changeset="171151501" timestamp="2025-08-28T19:14:51Z" user="Felis Pimeja" uid="260756">
  <nd ref="13104320347"/>
  <nd ref="13104320232"/>
  <nd ref="13104320265"/>
 </way>
 <way id="1425651362" visible="true" version="1" changeset="171151501" timestamp="2025-08-28T19:14:51Z" user="Felis Pimeja" uid="260756">
  <nd ref="13104320353"/>
  <nd ref="13104320265"/>
 </way>
 <way id="1425651363" visible="true" version="1" changeset="171151501" timestamp="2025-08-28T19:14:51Z" user="Felis Pimeja" uid="260756">
  <nd ref="13104320346"/>
  <nd ref="13104320347"/>
 </way>
 <way id="1425651364" visible="true" version="1" changeset="171151501" timestamp="2025-08-28T19:14:51Z" user="Felis Pimeja" uid="260756">
  <nd ref="13104320376"/>
  <nd ref="13104320236"/>
  <nd ref="13104320345"/>
 </way>
 <way id="1425651365" visible="true" version="1" changeset="171151501" timestamp="2025-08-28T19:14:51Z" user="Felis Pimeja" uid="260756">
  <nd ref="13104320341"/>
  <nd ref="13104320344"/>
 </way>
 <way id="1425651366" visible="true" version="1" changeset="171151501" timestamp="2025-08-28T19:14:51Z" user="Felis Pimeja" uid="260756">
  <nd ref="13104320341"/>
  <nd ref="13104320234"/>
  <nd ref="13104320342"/>
 </way>
 <way id="1425651367" visible="true" version="1" changeset="171151501" timestamp="2025-08-28T19:14:51Z" user="Felis Pimeja" uid="260756">
  <nd ref="13104320346"/>
  <nd ref="13104320343"/>
 </way>
 <way id="1425651368" visible="true" version="1" changeset="171151501" timestamp="2025-08-28T19:14:51Z" user="Felis Pimeja" uid="260756">
  <nd ref="13104320342"/>
  <nd ref="13104320376"/>
 </way>
 <way id="1425651369" visible="true" version="1" changeset="171151501" timestamp="2025-08-28T19:14:51Z" user="Felis Pimeja" uid="260756">
  <nd ref="13104320344"/>
  <nd ref="13104320375"/>
  <nd ref="13104320342"/>
 </way>
 <way id="1425651370" visible="true" version="1" changeset="171151501" timestamp="2025-08-28T19:14:51Z" user="Felis Pimeja" uid="260756">
  <nd ref="13104320343"/>
  <nd ref="13104320374"/>
  <nd ref="13104320344"/>
 </way>
 <way id="1425651371" visible="true" version="1" changeset="171151501" timestamp="2025-08-28T19:14:51Z" user="Felis Pimeja" uid="260756">
  <nd ref="13104320267"/>
  <nd ref="13104320266"/>
  <tag k="highway" v="steps"/>
  <tag k="incline" v="up"/>
  <tag k="indoor" v="yes"/>
  <tag k="level" v="0"/>
 </way>
 <way id="1425651372" visible="true" version="1" changeset="171151501" timestamp="2025-08-28T19:14:51Z" user="Felis Pimeja" uid="260756">
  <nd ref="13104320438"/>
  <nd ref="13104320428"/>
  <tag k="indoor" v="wall"/>
  <tag k="level" v="0"/>
 </way>
 <way id="1425651373" visible="true" version="1" changeset="171151501" timestamp="2025-08-28T19:14:51Z" user="Felis Pimeja" uid="260756">
  <nd ref="13104320441"/>
  <nd ref="13104320442"/>
 </way>
 <way id="1425651374" visible="true" version="1" changeset="171151501" timestamp="2025-08-28T19:14:51Z" user="Felis Pimeja" uid="260756">
  <nd ref="13104320442"/>
  <nd ref="13104320326"/>
 </way>
 <way id="1425651375" visible="true" version="1" changeset="171151501" timestamp="2025-08-28T19:14:51Z" user="Felis Pimeja" uid="260756">
  <nd ref="13104148873"/>
  <nd ref="13104320424"/>
  <tag k="indoor" v="wall"/>
  <tag k="level" v="0"/>
 </way>
 <way id="1425651376" visible="true" version="1" changeset="171151501" timestamp="2025-08-28T19:14:51Z" user="Felis Pimeja" uid="260756">
  <nd ref="13104320424"/>
  <nd ref="13104148872"/>
  <tag k="indoor" v="wall"/>
  <tag k="level" v="0"/>
 </way>
 <way id="1425651377" visible="true" version="1" changeset="171151501" timestamp="2025-08-28T19:14:51Z" user="Felis Pimeja" uid="260756">
  <nd ref="13104320422"/>
  <nd ref="13104148872"/>
  <tag k="indoor" v="wall"/>
  <tag k="level" v="0"/>
 </way>
 <way id="1425651378" visible="true" version="1" changeset="171151501" timestamp="2025-08-28T19:14:51Z" user="Felis Pimeja" uid="260756">
  <nd ref="13104320427"/>
  <nd ref="13104320435"/>
  <tag k="indoor" v="wall"/>
  <tag k="level" v="0"/>
 </way>
 <way id="1425651379" visible="true" version="1" changeset="171151501" timestamp="2025-08-28T19:14:51Z" user="Felis Pimeja" uid="260756">
  <nd ref="13104320446"/>
  <nd ref="13104320505"/>
  <nd ref="13104320453"/>
 </way>
 <way id="1425651380" visible="true" version="1" changeset="171151501" timestamp="2025-08-28T19:14:51Z" user="Felis Pimeja" uid="260756">
  <nd ref="13104320444"/>
  <nd ref="13104320237"/>
  <nd ref="13104320446"/>
  <tag k="indoor" v="wall"/>
  <tag k="level" v="0"/>
 </way>
 <way id="1425651381" visible="true" version="1" changeset="171151501" timestamp="2025-08-28T19:14:51Z" user="Felis Pimeja" uid="260756">
  <nd ref="13104320430"/>
  <nd ref="13104320443"/>
  <nd ref="13104320442"/>
  <tag k="indoor" v="wall"/>
  <tag k="level" v="0"/>
 </way>
 <way id="1425651382" visible="true" version="1" changeset="171151501" timestamp="2025-08-28T19:14:51Z" user="Felis Pimeja" uid="260756">
  <nd ref="13104320435"/>
  <nd ref="13104320433"/>
  <nd ref="13104320438"/>
  <tag k="indoor" v="wall"/>
  <tag k="level" v="-1;0"/>
 </way>
 <way id="1425651383" visible="true" version="1" changeset="171151501" timestamp="2025-08-28T19:14:51Z" user="Felis Pimeja" uid="260756">
  <nd ref="13104320450"/>
  <nd ref="13104320427"/>
  <tag k="indoor" v="wall"/>
  <tag k="level" v="0"/>
 </way>
 <way id="1425651384" visible="true" version="1" changeset="171151501" timestamp="2025-08-28T19:14:51Z" user="Felis Pimeja" uid="260756">
  <nd ref="13104320453"/>
  <nd ref="13104320506"/>
  <nd ref="13104320315"/>
 </way>
 <way id="1425651385" visible="true" version="1" changeset="171151501" timestamp="2025-08-28T19:14:51Z" user="Felis Pimeja" uid="260756">
  <nd ref="13104320315"/>
  <nd ref="13104320314"/>
 </way>
 <way id="1425651386" visible="true" version="1" changeset="171151501" timestamp="2025-08-28T19:14:51Z" user="Felis Pimeja" uid="260756">
  <nd ref="13104320460"/>
  <nd ref="13104320455"/>
 </way>
 <way id="1425651387" visible="true" version="1" changeset="171151501" timestamp="2025-08-28T19:14:51Z" user="Felis Pimeja" uid="260756">
  <nd ref="13104320459"/>
  <nd ref="13104320460"/>
 </way>
 <way id="1425651388" visible="true" version="1" changeset="171151501" timestamp="2025-08-28T19:14:51Z" user="Felis Pimeja" uid="260756">
  <nd ref="13104320451"/>
  <nd ref="13104320218"/>
  <nd ref="13104320314"/>
 </way>
 <way id="1425651389" visible="true" version="1" changeset="171151501" timestamp="2025-08-28T19:14:51Z" user="Felis Pimeja" uid="260756">
  <nd ref="13104320450"/>
  <nd ref="13104320530"/>
  <nd ref="13104148872"/>
 </way>
 <way id="1425651390" visible="true" version="1" changeset="171151501" timestamp="2025-08-28T19:14:51Z" user="Felis Pimeja" uid="260756">
  <nd ref="13104320322"/>
  <nd ref="13104320458"/>
  <nd ref="13104320320"/>
 </way>
 <way id="1425651391" visible="true" version="1" changeset="171151501" timestamp="2025-08-28T19:14:51Z" user="Felis Pimeja" uid="260756">
  <nd ref="13104320457"/>
  <nd ref="13104320456"/>
  <nd ref="13104320322"/>
 </way>
 <way id="1425651392" visible="true" version="1" changeset="171151501" timestamp="2025-08-28T19:14:51Z" user="Felis Pimeja" uid="260756">
  <nd ref="13104320471"/>
  <nd ref="13104320470"/>
 </way>
 <way id="1425651393" visible="true" version="1" changeset="171151501" timestamp="2025-08-28T19:14:51Z" user="Felis Pimeja" uid="260756">
  <nd ref="13104320465"/>
  <nd ref="1456074380"/>
  <nd ref="13104320451"/>
  <tag k="indoor" v="wall"/>
  <tag k="level" v="0"/>
 </way>
 <way id="1425651394" visible="true" version="1" changeset="171151501" timestamp="2025-08-28T19:14:51Z" user="Felis Pimeja" uid="260756">
  <nd ref="13104320473"/>
  <nd ref="13104320245"/>
  <nd ref="13104320471"/>
  <tag k="indoor" v="wall"/>
  <tag k="level" v="0"/>
 </way>
 <way id="1425651395" visible="true" version="1" changeset="171151501" timestamp="2025-08-28T19:14:51Z" user="Felis Pimeja" uid="260756">
  <nd ref="13104320323"/>
  <nd ref="13104320463"/>
 </way>
 <way id="1425651396" visible="true" version="1" changeset="171151501" timestamp="2025-08-28T19:14:51Z" user="Felis Pimeja" uid="260756">
  <nd ref="13104320470"/>
  <nd ref="13104320323"/>
 </way>
 <way id="1425651397" visible="true" version="1" changeset="171151501" timestamp="2025-08-28T19:14:51Z" user="Felis Pimeja" uid="260756">
  <nd ref="13104320333"/>
  <nd ref="13104320474"/>
  <nd ref="13104320476"/>
  <nd ref="13104320472"/>
 </way>
 <way id="1425651398" visible="true" version="1" changeset="171151501" timestamp="2025-08-28T19:14:51Z" user="Felis Pimeja" uid="260756">
  <nd ref="13104320333"/>
  <nd ref="13104320244"/>
  <nd ref="13104320325"/>
 </way>
 <way id="1425651401" visible="true" version="1" changeset="171151501" timestamp="2025-08-28T19:14:51Z" user="Felis Pimeja" uid="260756">
  <nd ref="13104320271"/>
  <nd ref="13104320270"/>
  <nd ref="13104320269"/>
  <nd ref="13104320268"/>
  <nd ref="13104320271"/>
  <tag k="indoor" v="column"/>
  <tag k="level" v="0"/>
 </way>
 <way id="1425651402" visible="true" version="1" changeset="171151501" timestamp="2025-08-28T19:14:51Z" user="Felis Pimeja" uid="260756">
  <nd ref="13104320275"/>
  <nd ref="13104320274"/>
  <nd ref="13104320273"/>
  <nd ref="13104320272"/>
  <nd ref="13104320275"/>
  <tag k="indoor" v="column"/>
  <tag k="level" v="0"/>
 </way>
 <way id="1425651403" visible="true" version="1" changeset="171151501" timestamp="2025-08-28T19:14:51Z" user="Felis Pimeja" uid="260756">
  <nd ref="13104320279"/>
  <nd ref="13104320278"/>
  <nd ref="13104320277"/>
  <nd ref="13104320276"/>
  <nd ref="13104320279"/>
  <tag k="indoor" v="column"/>
  <tag k="level" v="0"/>
 </way>
 <way id="1425651404" visible="true" version="1" changeset="171151501" timestamp="2025-08-28T19:14:51Z" user="Felis Pimeja" uid="260756">
  <nd ref="13104320283"/>
  <nd ref="13104320282"/>
  <nd ref="13104320281"/>
  <nd ref="13104320280"/>
  <nd ref="13104320283"/>
  <tag k="indoor" v="column"/>
  <tag k="level" v="0"/>
 </way>
 <way id="1425651412" visible="true" version="1" changeset="171151501" timestamp="2025-08-28T19:14:51Z" user="Felis Pimeja" uid="260756">
  <nd ref="13104320459"/>
  <nd ref="13104320241"/>
  <nd ref="13104320319"/>
  <nd ref="13104320318"/>
  <nd ref="13104320317"/>
  <nd ref="13104320316"/>
  <nd ref="13104320315"/>
 </way>
 <way id="1425651413" visible="true" version="1" changeset="171151501" timestamp="2025-08-28T19:14:51Z" user="Felis Pimeja" uid="260756">
  <nd ref="13104320322"/>
  <nd ref="13104320321"/>
  <nd ref="13104320320"/>
 </way>
 <way id="1425651414" visible="true" version="1" changeset="171151501" timestamp="2025-08-28T19:14:51Z" user="Felis Pimeja" uid="260756">
  <nd ref="13104320325"/>
  <nd ref="13104320243"/>
  <nd ref="13104320324"/>
  <nd ref="13104320323"/>
 </way>
 <way id="1425651415" visible="true" version="1" changeset="171151501" timestamp="2025-08-28T19:14:51Z" user="Felis Pimeja" uid="260756">
  <nd ref="13104320330"/>
  <nd ref="13104320327"/>
  <nd ref="13104320238"/>
  <nd ref="13104320326"/>
 </way>
 <way id="1425651416" visible="true" version="1" changeset="171151501" timestamp="2025-08-28T19:14:51Z" user="Felis Pimeja" uid="260756">
  <nd ref="13104320330"/>
  <nd ref="13104320239"/>
  <nd ref="13104320329"/>
  <nd ref="13104320328"/>
 </way>
 <way id="1425651417" visible="true" version="1" changeset="171151501" timestamp="2025-08-28T19:14:51Z" user="Felis Pimeja" uid="260756">
  <nd ref="13104320325"/>
  <nd ref="13104320242"/>
  <nd ref="13104320328"/>
 </way>
 <way id="1425651418" visible="true" version="1" changeset="171151501" timestamp="2025-08-28T19:14:51Z" user="Felis Pimeja" uid="260756">
  <nd ref="13104320339"/>
  <nd ref="13104320338"/>
  <nd ref="13104320337"/>
  <nd ref="13104320336"/>
  <tag k="indoor" v="wall"/>
  <tag k="level" v="0"/>
 </way>
 <way id="1425651419" visible="true" version="1" changeset="171151501" timestamp="2025-08-28T19:14:51Z" user="Felis Pimeja" uid="260756">
  <nd ref="13104320343"/>
  <nd ref="13104320233"/>
  <nd ref="13104320341"/>
 </way>
 <way id="1425651420" visible="true" version="1" changeset="171151501" timestamp="2025-08-28T19:14:51Z" user="Felis Pimeja" uid="260756">
  <nd ref="13104320345"/>
  <nd ref="13104320341"/>
 </way>
 <way id="1425651421" visible="true" version="1" changeset="171151501" timestamp="2025-08-28T19:14:51Z" user="Felis Pimeja" uid="260756">
  <nd ref="13104320345"/>
  <nd ref="13104320235"/>
  <nd ref="13104320346"/>
 </way>
 <way id="1425651422" visible="true" version="1" changeset="171151501" timestamp="2025-08-28T19:14:51Z" user="Felis Pimeja" uid="260756">
  <nd ref="13104320349"/>
  <nd ref="13104320348"/>
  <tag k="indoor" v="wall"/>
  <tag k="level" v="0"/>
 </way>
 <way id="1425651423" visible="true" version="1" changeset="171151501" timestamp="2025-08-28T19:14:51Z" user="Felis Pimeja" uid="260756">
  <nd ref="13104320351"/>
  <nd ref="13104320350"/>
  <tag k="indoor" v="wall"/>
  <tag k="level" v="0"/>
 </way>
 <way id="1425651424" visible="true" version="1" changeset="171151501" timestamp="2025-08-28T19:14:51Z" user="Felis Pimeja" uid="260756">
  <nd ref="13104320353"/>
  <nd ref="13104320352"/>
 </way>
 <way id="1425651425" visible="true" version="1" changeset="171151501" timestamp="2025-08-28T19:14:51Z" user="Felis Pimeja" uid="260756">
  <nd ref="13104320360"/>
  <nd ref="13104320361"/>
  <nd ref="13104320362"/>
  <nd ref="13104320382"/>
  <nd ref="13104320364"/>
  <nd ref="13104320363"/>
  <nd ref="13104320358"/>
  <nd ref="13104320359"/>
 </way>
 <way id="1425651426" visible="true" version="1" changeset="171151501" timestamp="2025-08-28T19:14:51Z" user="Felis Pimeja" uid="260756">
  <nd ref="13104320356"/>
  <nd ref="13104320373"/>
  <nd ref="13104320372"/>
  <nd ref="13104320371"/>
  <nd ref="13104320370"/>
  <nd ref="13104320369"/>
  <nd ref="13104320368"/>
  <nd ref="13104320367"/>
  <nd ref="13104320366"/>
  <nd ref="13104320365"/>
  <tag k="indoor" v="wall"/>
  <tag k="level" v="0"/>
 </way>
 <way id="1425651427" visible="true" version="1" changeset="171151501" timestamp="2025-08-28T19:14:51Z" user="Felis Pimeja" uid="260756">
  <nd ref="13104196616"/>
  <nd ref="13104320357"/>
  <nd ref="13104320355"/>
  <nd ref="13104320340"/>
  <nd ref="13104320384"/>
  <nd ref="13104320383"/>
  <nd ref="13104320381"/>
  <nd ref="13104320336"/>
 </way>
 <way id="1425651428" visible="true" version="1" changeset="171151501" timestamp="2025-08-28T19:14:51Z" user="Felis Pimeja" uid="260756">
  <nd ref="13104320380"/>
  <nd ref="13104320379"/>
  <nd ref="13104320378"/>
  <nd ref="13104320377"/>
  <nd ref="13104320376"/>
 </way>
 <way id="1425651429" visible="true" version="1" changeset="171151501" timestamp="2025-08-28T19:14:51Z" user="Felis Pimeja" uid="260756">
  <nd ref="13104320388"/>
  <nd ref="13104320225"/>
  <nd ref="13104320386"/>
  <nd ref="13104320226"/>
  <nd ref="13104320387"/>
  <tag k="indoor" v="wall"/>
  <tag k="level" v="0"/>
 </way>
 <way id="1425651430" visible="true" version="1" changeset="171151501" timestamp="2025-08-28T19:14:51Z" user="Felis Pimeja" uid="260756">
  <nd ref="13104320390"/>
  <nd ref="13104320227"/>
  <nd ref="13104320389"/>
  <tag k="indoor" v="wall"/>
  <tag k="level" v="0"/>
 </way>
 <way id="1425651431" visible="true" version="1" changeset="171151501" timestamp="2025-08-28T19:14:51Z" user="Felis Pimeja" uid="260756">
  <nd ref="13104320391"/>
  <nd ref="13104320386"/>
  <nd ref="13104320390"/>
  <nd ref="13104320228"/>
  <nd ref="13104320395"/>
  <tag k="indoor" v="wall"/>
  <tag k="level" v="0"/>
 </way>
 <way id="1425651432" visible="true" version="1" changeset="171151501" timestamp="2025-08-28T19:14:51Z" user="Felis Pimeja" uid="260756">
  <nd ref="13104320397"/>
  <nd ref="13104320396"/>
  <tag k="indoor" v="wall"/>
  <tag k="level" v="0"/>
 </way>
 <way id="1425651433" visible="true" version="1" changeset="171151501" timestamp="2025-08-28T19:14:51Z" user="Felis Pimeja" uid="260756">
  <nd ref="13104320399"/>
  <nd ref="13104320398"/>
  <tag k="indoor" v="wall"/>
  <tag k="level" v="0"/>
 </way>
 <way id="1425651434" visible="true" version="1" changeset="171151501" timestamp="2025-08-28T19:14:51Z" user="Felis Pimeja" uid="260756">
  <nd ref="13104320399"/>
  <nd ref="13104320405"/>
  <nd ref="13104320404"/>
  <nd ref="13104320403"/>
  <nd ref="13104320387"/>
  <nd ref="13104320389"/>
  <nd ref="13104320385"/>
 </way>
 <way id="1425651435" visible="true" version="1" changeset="171151501" timestamp="2025-08-28T19:14:51Z" user="Felis Pimeja" uid="260756">
  <nd ref="13104320407"/>
  <nd ref="13104320392"/>
 </way>
 <way id="1425651436" visible="true" version="1" changeset="171151501" timestamp="2025-08-28T19:14:51Z" user="Felis Pimeja" uid="260756">
  <nd ref="13104320406"/>
  <nd ref="13104320388"/>
  <nd ref="13104320409"/>
  <nd ref="13104320408"/>
  <nd ref="13104320407"/>
 </way>
 <way id="1425651437" visible="true" version="1" changeset="171151501" timestamp="2025-08-28T19:14:51Z" user="Felis Pimeja" uid="260756">
  <nd ref="13104196615"/>
  <nd ref="13104320263"/>
  <nd ref="13104320418"/>
  <nd ref="13104320262"/>
 </way>
 <way id="1425651438" visible="true" version="1" changeset="171151501" timestamp="2025-08-28T19:14:51Z" user="Felis Pimeja" uid="260756">
  <nd ref="13104320526"/>
  <nd ref="13104320525"/>
  <nd ref="13104320524"/>
  <nd ref="13104320420"/>
  <nd ref="13104320419"/>
  <nd ref="13104320421"/>
  <nd ref="13104320356"/>
  <tag k="indoor" v="wall"/>
  <tag k="level" v="0"/>
 </way>
 <way id="1425651439" visible="true" version="1" changeset="171151501" timestamp="2025-08-28T19:14:51Z" user="Felis Pimeja" uid="260756">
  <nd ref="13104320422"/>
  <nd ref="13104320423"/>
  <nd ref="13104320426"/>
  <nd ref="13104320425"/>
  <nd ref="13104320424"/>
  <tag k="indoor" v="wall"/>
  <tag k="level" v="0"/>
 </way>
 <way id="1425651440" visible="true" version="1" changeset="171151501" timestamp="2025-08-28T19:14:51Z" user="Felis Pimeja" uid="260756">
  <nd ref="13104320427"/>
  <nd ref="13104320219"/>
  <nd ref="13104320422"/>
  <tag k="indoor" v="wall"/>
  <tag k="level" v="0"/>
 </way>
 <way id="1425651441" visible="true" version="1" changeset="171151501" timestamp="2025-08-28T19:14:51Z" user="Felis Pimeja" uid="260756">
  <nd ref="13104320430"/>
  <nd ref="13104320267"/>
  <nd ref="13104320429"/>
 </way>
 <way id="1425651442" visible="true" version="1" changeset="171151501" timestamp="2025-08-28T19:14:51Z" user="Felis Pimeja" uid="260756">
  <nd ref="13104320432"/>
  <nd ref="13104320431"/>
  <tag k="highway" v="steps"/>
  <tag k="incline" v="up"/>
  <tag k="indoor" v="yes"/>
  <tag k="level" v="-1;0"/>
 </way>
 <way id="1425651443" visible="true" version="1" changeset="171151501" timestamp="2025-08-28T19:14:51Z" user="Felis Pimeja" uid="260756">
  <nd ref="13104320434"/>
  <nd ref="13104320432"/>
  <nd ref="13104320433"/>
 </way>
 <way id="1425651444" visible="true" version="1" changeset="171151501" timestamp="2025-08-28T19:14:51Z" user="Felis Pimeja" uid="260756">
  <nd ref="13104320438"/>
  <nd ref="13104320437"/>
  <nd ref="13104320434"/>
  <nd ref="13104320436"/>
  <tag k="indoor" v="wall"/>
  <tag k="level" v="-1;0"/>
 </way>
 <way id="1425651445" visible="true" version="1" changeset="171151501" timestamp="2025-08-28T19:14:51Z" user="Felis Pimeja" uid="260756">
  <nd ref="13104320439"/>
  <nd ref="13104320440"/>
  <tag k="indoor" v="wall"/>
  <tag k="level" v="0"/>
 </way>
 <way id="1425651446" visible="true" version="1" changeset="171151501" timestamp="2025-08-28T19:14:51Z" user="Felis Pimeja" uid="260756">
  <nd ref="13104148873"/>
  <nd ref="13104320439"/>
  <tag k="indoor" v="wall"/>
  <tag k="level" v="0"/>
 </way>
 <way id="1425651447" visible="true" version="1" changeset="171151501" timestamp="2025-08-28T19:14:51Z" user="Felis Pimeja" uid="260756">
  <nd ref="13104320444"/>
  <nd ref="13104320445"/>
  <nd ref="13104320430"/>
  <tag k="indoor" v="wall"/>
  <tag k="level" v="0"/>
 </way>
 <way id="1425651448" visible="true" version="1" changeset="171151501" timestamp="2025-08-28T19:14:51Z" user="Felis Pimeja" uid="260756">
  <nd ref="13104320428"/>
  <nd ref="13104320449"/>
  <nd ref="13104320447"/>
  <nd ref="13104320446"/>
  <tag k="indoor" v="wall"/>
  <tag k="level" v="0"/>
 </way>
 <way id="1425651449" visible="true" version="1" changeset="171151501" timestamp="2025-08-28T19:14:51Z" user="Felis Pimeja" uid="260756">
  <nd ref="13104320457"/>
  <nd ref="13104320461"/>
 </way>
 <way id="1425651450" visible="true" version="1" changeset="171151501" timestamp="2025-08-28T19:14:51Z" user="Felis Pimeja" uid="260756">
  <nd ref="13104320455"/>
  <nd ref="13104320240"/>
  <nd ref="13104320457"/>
 </way>
 <way id="1425651451" visible="true" version="1" changeset="171151501" timestamp="2025-08-28T19:14:51Z" user="Felis Pimeja" uid="260756">
  <nd ref="13104320460"/>
  <nd ref="13104320453"/>
 </way>
 <way id="1425651452" visible="true" version="1" changeset="171151501" timestamp="2025-08-28T19:14:51Z" user="Felis Pimeja" uid="260756">
  <nd ref="13104320320"/>
  <nd ref="13104320507"/>
  <nd ref="13104320452"/>
  <nd ref="13104320451"/>
 </way>
 <way id="1425651453" visible="true" version="1" changeset="171151501" timestamp="2025-08-28T19:14:51Z" user="Felis Pimeja" uid="260756">
  <nd ref="13104320455"/>
  <nd ref="13104320454"/>
  <nd ref="13104320459"/>
 </way>
 <way id="1425651454" visible="true" version="1" changeset="171151501" timestamp="2025-08-28T19:14:51Z" user="Felis Pimeja" uid="260756">
  <nd ref="13104320464"/>
  <nd ref="13104320463"/>
  <tag k="indoor" v="wall"/>
  <tag k="level" v="0"/>
 </way>
 <way id="1425651455" visible="true" version="1" changeset="171151501" timestamp="2025-08-28T19:14:51Z" user="Felis Pimeja" uid="260756">
  <nd ref="13104320469"/>
  <nd ref="13104320468"/>
  <nd ref="13104320462"/>
 </way>
 <way id="1425651456" visible="true" version="1" changeset="171151501" timestamp="2025-08-28T19:14:51Z" user="Felis Pimeja" uid="260756">
  <nd ref="13104320462"/>
  <nd ref="13104285696"/>
  <nd ref="13104320471"/>
 </way>
 <way id="1425651457" visible="true" version="1" changeset="171151501" timestamp="2025-08-28T19:14:51Z" user="Felis Pimeja" uid="260756">
  <nd ref="13104320473"/>
  <nd ref="13104320472"/>
 </way>
 <way id="1425651458" visible="true" version="1" changeset="171151501" timestamp="2025-08-28T19:14:51Z" user="Felis Pimeja" uid="260756">
  <nd ref="13104320479"/>
  <nd ref="13104320478"/>
  <tag k="indoor" v="wall"/>
  <tag k="level" v="0"/>
 </way>
 <way id="1425651459" visible="true" version="1" changeset="171151501" timestamp="2025-08-28T19:14:51Z" user="Felis Pimeja" uid="260756">
  <nd ref="13104320481"/>
  <nd ref="13104320480"/>
  <tag k="indoor" v="wall"/>
  <tag k="level" v="0"/>
 </way>
 <way id="1425651460" visible="true" version="1" changeset="171151501" timestamp="2025-08-28T19:14:51Z" user="Felis Pimeja" uid="260756">
  <nd ref="13104320483"/>
  <nd ref="13104320482"/>
  <tag k="indoor" v="wall"/>
  <tag k="level" v="0"/>
 </way>
 <way id="1425651461" visible="true" version="1" changeset="171151501" timestamp="2025-08-28T19:14:51Z" user="Felis Pimeja" uid="260756">
  <nd ref="13104320485"/>
  <nd ref="13104320484"/>
  <tag k="indoor" v="wall"/>
  <tag k="level" v="0"/>
 </way>
 <way id="1425651462" visible="true" version="1" changeset="171151501" timestamp="2025-08-28T19:14:51Z" user="Felis Pimeja" uid="260756">
  <nd ref="13104320487"/>
  <nd ref="13104320486"/>
  <tag k="indoor" v="wall"/>
  <tag k="level" v="0"/>
 </way>
 <way id="1425651466" visible="true" version="1" changeset="171151501" timestamp="2025-08-28T19:14:51Z" user="Felis Pimeja" uid="260756">
  <nd ref="13104320488"/>
  <nd ref="13104320486"/>
 </way>
 <way id="1425651469" visible="true" version="1" changeset="171151501" timestamp="2025-08-28T19:14:51Z" user="Felis Pimeja" uid="260756">
  <nd ref="13104320529"/>
  <nd ref="13104320528"/>
  <nd ref="13104320396"/>
  <tag k="indoor" v="wall"/>
  <tag k="level" v="0"/>
 </way>
 <way id="1425651470" visible="true" version="1" changeset="171151501" timestamp="2025-08-28T19:14:51Z" user="Felis Pimeja" uid="260756">
  <nd ref="13104320533"/>
  <nd ref="13104320532"/>
  <nd ref="13104196640"/>
  <tag k="indoor" v="wall"/>
  <tag k="level" v="0"/>
 </way>
 <way id="1425651471" visible="true" version="1" changeset="171151501" timestamp="2025-08-28T19:14:51Z" user="Felis Pimeja" uid="260756">
  <nd ref="13104196638"/>
  <nd ref="13104196643"/>
 </way>
 <way id="1430068538" visible="true" version="1" changeset="171985399" timestamp="2025-09-15T20:42:14Z" user="Bobropiton" uid="2055718">
  <nd ref="13145540725"/>
  <nd ref="4261845444"/>
  <nd ref="13145540724"/>
  <tag k="lit" v="yes"/>
  <tag k="name" v="Пантелеевская улица"/>
  <tag k="name:uk" v="Пантеліївська вулиця"/>
  <tag k="public_transport" v="platform"/>
  <tag k="railway" v="platform"/>
  <tag k="tram" v="yes"/>
 </way>
 <way id="1430068539" visible="true" version="1" changeset="171985399" timestamp="2025-09-15T20:42:14Z" user="Bobropiton" uid="2055718">
  <nd ref="13145540727"/>
  <nd ref="3279123204"/>
  <nd ref="13145540726"/>
  <tag k="lit" v="yes"/>
  <tag k="name" v="Пантелеевская улица"/>
  <tag k="name:uk" v="Пантеліївська вулиця"/>
  <tag k="public_transport" v="platform"/>
  <tag k="railway" v="platform"/>
  <tag k="tram" v="yes"/>
 </way>
 <way id="1430068544" visible="true" version="2" changeset="172394695" timestamp="2025-09-24T13:29:02Z" user="solenoid jam" uid="10129333">
  <nd ref="13145540761"/>
  <nd ref="13167612177"/>
  <nd ref="13167642413"/>
  <nd ref="13145540712"/>
  <nd ref="13145540746"/>
  <nd ref="4261845454"/>
  <nd ref="13145540711"/>
  <nd ref="6586137669"/>
  <nd ref="13145540745"/>
  <nd ref="13145540744"/>
  <nd ref="13145540743"/>
  <nd ref="13145540742"/>
  <nd ref="13145540708"/>
  <nd ref="13145540741"/>
  <nd ref="13145540740"/>
  <nd ref="13145540739"/>
  <nd ref="13145540738"/>
  <nd ref="13145540710"/>
  <nd ref="4261845445"/>
  <nd ref="6586137670"/>
  <nd ref="13145540737"/>
  <nd ref="13145540736"/>
  <nd ref="13145540735"/>
  <nd ref="13145540709"/>
  <nd ref="6586164402"/>
  <tag k="access" v="no"/>
  <tag k="highway" v="service"/>
  <tag k="lanes" v="2"/>
  <tag k="lanes:backward" v="1"/>
  <tag k="lanes:forward" v="1"/>
  <tag k="lanes:psv:backward" v="1"/>
  <tag k="lanes:psv:forward" v="1"/>
  <tag k="psv" v="designated"/>
  <tag k="psv:lanes:backward" v="designated"/>
  <tag k="psv:lanes:forward" v="designated"/>
  <tag k="surface" v="asphalt"/>
 </way>
 <way id="1452839141" visible="true" version="1" changeset="174986976" timestamp="2025-11-22T12:53:57Z" user="WindStream" uid="9557728">
  <nd ref="13324024446"/>
  <nd ref="13324024445"/>
  <nd ref="13324024444"/>
  <nd ref="13324024443"/>
  <nd ref="13324024442"/>
  <nd ref="13324024441"/>
  <nd ref="13324024440"/>
  <nd ref="13324024439"/>
  <nd ref="13324024438"/>
  <nd ref="13324024437"/>
  <nd ref="13324024436"/>
  <nd ref="13324024435"/>
  <nd ref="13324024434"/>
  <nd ref="13324024433"/>
  <nd ref="13324024432"/>
  <nd ref="13324024431"/>
  <nd ref="13324024430"/>
  <nd ref="13324024429"/>
  <nd ref="13324024428"/>
  <nd ref="13324024427"/>
  <nd ref="13324024426"/>
  <nd ref="13324024425"/>
  <nd ref="13324024424"/>
  <nd ref="13324024423"/>
  <nd ref="13324024422"/>
  <nd ref="13324024421"/>
  <nd ref="13324024420"/>
  <nd ref="13324024419"/>
  <nd ref="13324024418"/>
  <nd ref="13324024417"/>
  <nd ref="13324024416"/>
  <nd ref="13324024415"/>
  <nd ref="13324024414"/>
  <nd ref="13324024413"/>
  <nd ref="13324024412"/>
  <nd ref="13324024411"/>
  <nd ref="13324024410"/>
  <nd ref="13324024409"/>
  <nd ref="13324024408"/>
  <nd ref="13324024407"/>
  <nd ref="13324024406"/>
  <nd ref="13324024405"/>
  <nd ref="13324024404"/>
  <nd ref="13324024403"/>
  <nd ref="13324024402"/>
  <nd ref="13324024401"/>
  <nd ref="13324024400"/>
  <nd ref="13324024399"/>
  <nd ref="13324024398"/>
  <nd ref="13324024397"/>
  <nd ref="13324024396"/>
  <nd ref="13324024395"/>
  <nd ref="13324024394"/>
  <nd ref="13324024393"/>
  <nd ref="13324024392"/>
  <nd ref="13324024391"/>
  <nd ref="13324024390"/>
  <nd ref="13324024389"/>
  <nd ref="13324024388"/>
  <nd ref="13324024387"/>
  <nd ref="13324024386"/>
  <nd ref="13324024385"/>
  <nd ref="13324024384"/>
  <nd ref="13324024383"/>
  <nd ref="13324024382"/>
  <nd ref="13324024381"/>
  <nd ref="13324024380"/>
  <nd ref="13324024379"/>
  <nd ref="13324024378"/>
  <nd ref="13324024377"/>
  <nd ref="13324024376"/>
  <nd ref="13324024375"/>
  <nd ref="13324024374"/>
  <nd ref="13324024373"/>
  <nd ref="13324024372"/>
  <nd ref="13324024371"/>
  <nd ref="13324024370"/>
  <nd ref="13324024369"/>
  <nd ref="13324024368"/>
  <nd ref="13324024367"/>
  <nd ref="13324024366"/>
  <nd ref="13324024365"/>
  <nd ref="13324024364"/>
  <nd ref="13324024363"/>
  <nd ref="13324024362"/>
  <nd ref="13324024361"/>
  <nd ref="13324024360"/>
  <nd ref="13324024359"/>
  <nd ref="13324024358"/>
  <nd ref="13324024357"/>
  <nd ref="13324024356"/>
  <nd ref="13324024355"/>
  <nd ref="13324024354"/>
  <nd ref="13324024353"/>
  <nd ref="13324024352"/>
  <nd ref="13324024351"/>
  <nd ref="13324024350"/>
  <nd ref="13324024349"/>
  <nd ref="13324024348"/>
  <nd ref="13324024347"/>
  <nd ref="13324024346"/>
  <nd ref="13324024345"/>
  <nd ref="13324024344"/>
  <nd ref="13324024343"/>
  <nd ref="13324024342"/>
  <nd ref="13324024341"/>
  <nd ref="13324024340"/>
  <nd ref="13324024339"/>
  <nd ref="13324024338"/>
  <nd ref="13324024337"/>
  <nd ref="13324024336"/>
  <nd ref="13324024335"/>
  <nd ref="13324024334"/>
  <nd ref="13324024333"/>
  <nd ref="13324024332"/>
  <nd ref="13324024331"/>
  <nd ref="13324024330"/>
  <nd ref="13324024329"/>
  <nd ref="13324024328"/>
  <nd ref="13324024327"/>
  <nd ref="13324024326"/>
  <nd ref="13324024325"/>
  <nd ref="13324024324"/>
  <nd ref="13324024323"/>
  <nd ref="13324024322"/>
  <nd ref="13324024321"/>
  <nd ref="13324024320"/>
  <nd ref="13324024319"/>
  <nd ref="13324024318"/>
  <nd ref="13324024317"/>
  <nd ref="13324024316"/>
  <nd ref="13324024315"/>
  <nd ref="13324024314"/>
  <nd ref="13324024313"/>
  <nd ref="13324024312"/>
  <nd ref="13324024311"/>
  <nd ref="13324024310"/>
  <nd ref="13324024309"/>
  <nd ref="13324024308"/>
  <nd ref="13324024307"/>
  <nd ref="13324024306"/>
  <nd ref="13324024305"/>
  <nd ref="13324024304"/>
  <nd ref="13324024303"/>
  <nd ref="13324024302"/>
  <nd ref="13324024301"/>
  <nd ref="13324017100"/>
  <nd ref="13324017099"/>
  <nd ref="13324017098"/>
  <nd ref="13324017097"/>
  <nd ref="13324017096"/>
  <nd ref="13324017095"/>
  <nd ref="13324017094"/>
  <nd ref="13324017093"/>
  <nd ref="13324017092"/>
  <nd ref="13324017091"/>
  <nd ref="13324017090"/>
  <nd ref="13324017089"/>
  <nd ref="13324017088"/>
  <nd ref="13324017087"/>
  <nd ref="13324017086"/>
  <nd ref="13324017085"/>
  <nd ref="13324017084"/>
  <nd ref="13324017083"/>
  <nd ref="13324017082"/>
  <nd ref="13324017081"/>
  <nd ref="13324017080"/>
  <nd ref="13324017079"/>
  <nd ref="13324017078"/>
  <nd ref="13324017077"/>
  <nd ref="13324017076"/>
  <nd ref="13324017075"/>
  <nd ref="13324017074"/>
  <nd ref="13324017073"/>
  <nd ref="13324017072"/>
  <nd ref="13324017071"/>
  <nd ref="13324017070"/>
  <nd ref="13324017069"/>
  <nd ref="13324017068"/>
  <nd ref="13324017067"/>
  <nd ref="13324017066"/>
  <nd ref="13324017065"/>
  <nd ref="13324017064"/>
  <nd ref="13324017063"/>
  <nd ref="13324017062"/>
  <nd ref="13324017061"/>
  <nd ref="13324017060"/>
  <nd ref="13324017059"/>
  <nd ref="13324017058"/>
  <nd ref="13324017057"/>
  <nd ref="13324017056"/>
  <tag k="gauge" v="1520"/>
  <tag k="layer" v="-5"/>
  <tag k="loading_gauge" v="GOST_T"/>
  <tag k="proposed" v="rail"/>
  <tag k="proposed:electrified" v="contact_line"/>
  <tag k="proposed:frequency" v="0"/>
  <tag k="proposed:railway" v="rail"/>
  <tag k="proposed:voltage" v="3000"/>
  <tag k="railway" v="proposed"/>
  <tag k="railway:preferred_direction" v="forward"/>
  <tag k="railway:track_ref" v="IIт"/>
  <tag k="railway:traffic_mode" v="passenger"/>
  <tag k="tunnel" v="yes"/>
  <tag k="usage" v="main"/>
 </way>
 <way id="1452839142" visible="true" version="1" changeset="174986976" timestamp="2025-11-22T12:53:57Z" user="WindStream" uid="9557728">
  <nd ref="13324024631"/>
  <nd ref="13324024630"/>
  <nd ref="13324024629"/>
  <nd ref="13324024628"/>
  <nd ref="13324024627"/>
  <nd ref="13324024626"/>
  <nd ref="13324024625"/>
  <nd ref="13324024624"/>
  <nd ref="13324024623"/>
  <nd ref="13324024622"/>
  <nd ref="13324024621"/>
  <nd ref="13324024620"/>
  <nd ref="13324024619"/>
  <nd ref="13324024618"/>
  <nd ref="13324024617"/>
  <nd ref="13324024616"/>
  <nd ref="13324024615"/>
  <nd ref="13324024614"/>
  <nd ref="13324024613"/>
  <nd ref="13324024612"/>
  <nd ref="13324024611"/>
  <nd ref="13324024610"/>
  <nd ref="13324024609"/>
  <nd ref="13324024608"/>
  <nd ref="13324024607"/>
  <nd ref="13324024606"/>
  <nd ref="13324024605"/>
  <nd ref="13324024604"/>
  <nd ref="13324024603"/>
  <nd ref="13324024602"/>
  <nd ref="13324024601"/>
  <nd ref="13324024600"/>
  <nd ref="13324024599"/>
  <nd ref="13324024598"/>
  <nd ref="13324024597"/>
  <nd ref="13324024596"/>
  <nd ref="13324024595"/>
  <nd ref="13324024594"/>
  <nd ref="13324024593"/>
  <nd ref="13324024592"/>
  <nd ref="13324024591"/>
  <nd ref="13324024590"/>
  <nd ref="13324024589"/>
  <nd ref="13324024588"/>
  <nd ref="13324024587"/>
  <nd ref="13324024586"/>
  <nd ref="13324024585"/>
  <nd ref="13324024584"/>
  <nd ref="13324024583"/>
  <nd ref="13324024582"/>
  <nd ref="13324024581"/>
  <nd ref="13324024580"/>
  <nd ref="13324024579"/>
  <nd ref="13324024578"/>
  <nd ref="13324024577"/>
  <nd ref="13324024576"/>
  <nd ref="13324024575"/>
  <nd ref="13324024574"/>
  <nd ref="13324024573"/>
  <nd ref="13324024572"/>
  <nd ref="13324024571"/>
  <nd ref="13324024570"/>
  <nd ref="13324024569"/>
  <nd ref="13324024568"/>
  <nd ref="13324024567"/>
  <nd ref="13324024566"/>
  <nd ref="13324024565"/>
  <nd ref="13324024564"/>
  <nd ref="13324024563"/>
  <nd ref="13324024562"/>
  <nd ref="13324024561"/>
  <nd ref="13324024560"/>
  <nd ref="13324024559"/>
  <nd ref="13324024558"/>
  <nd ref="13324024557"/>
  <nd ref="13324024556"/>
  <nd ref="13324024555"/>
  <nd ref="13324024554"/>
  <nd ref="13324024553"/>
  <nd ref="13324024552"/>
  <nd ref="13324024551"/>
  <nd ref="13324024550"/>
  <nd ref="13324024549"/>
  <nd ref="13324024548"/>
  <nd ref="13324024547"/>
  <nd ref="13324024546"/>
  <nd ref="13324024545"/>
  <nd ref="13324024544"/>
  <nd ref="13324024543"/>
  <nd ref="13324024542"/>
  <nd ref="13324024541"/>
  <nd ref="13324024540"/>
  <nd ref="13324024539"/>
  <nd ref="13324024538"/>
  <nd ref="13324024537"/>
  <nd ref="13324024536"/>
  <nd ref="13324024535"/>
  <nd ref="13324024534"/>
  <nd ref="13324024533"/>
  <nd ref="13324024532"/>
  <nd ref="13324024531"/>
  <nd ref="13324024530"/>
  <nd ref="13324024529"/>
  <nd ref="13324024528"/>
  <nd ref="13324024527"/>
  <nd ref="13324024526"/>
  <nd ref="13324024525"/>
  <nd ref="13324024524"/>
  <nd ref="13324024523"/>
  <nd ref="13324024522"/>
  <nd ref="13324024521"/>
  <nd ref="13324024520"/>
  <nd ref="13324024519"/>
  <nd ref="13324024518"/>
  <nd ref="13324024517"/>
  <nd ref="13324024516"/>
  <nd ref="13324024515"/>
  <nd ref="13324024514"/>
  <nd ref="13324024513"/>
  <nd ref="13324024512"/>
  <nd ref="13324024511"/>
  <nd ref="13324024510"/>
  <nd ref="13324024509"/>
  <nd ref="13324024508"/>
  <nd ref="13324024507"/>
  <nd ref="13324024506"/>
  <nd ref="13324024505"/>
  <nd ref="13324024504"/>
  <nd ref="13324024503"/>
  <nd ref="13324024502"/>
  <nd ref="13324024501"/>
  <nd ref="13324024500"/>
  <nd ref="13324024499"/>
  <nd ref="13324024498"/>
  <nd ref="13324024497"/>
  <nd ref="13324024496"/>
  <nd ref="13324024495"/>
  <nd ref="13324024494"/>
  <nd ref="13324024493"/>
  <nd ref="13324024492"/>
  <nd ref="13324024491"/>
  <nd ref="13324024490"/>
  <nd ref="13324024489"/>
  <nd ref="13324024488"/>
  <nd ref="13324024487"/>
  <nd ref="13324024486"/>
  <nd ref="13324024485"/>
  <nd ref="13324024484"/>
  <nd ref="13324024483"/>
  <nd ref="13324024482"/>
  <nd ref="13324024481"/>
  <nd ref="13324024480"/>
  <nd ref="13324024479"/>
  <nd ref="13324024478"/>
  <nd ref="13324024477"/>
  <nd ref="13324024476"/>
  <nd ref="13324024475"/>
  <nd ref="13324024474"/>
  <nd ref="13324024473"/>
  <nd ref="13324024472"/>
  <nd ref="13324024471"/>
  <nd ref="13324024470"/>
  <nd ref="13324024469"/>
  <nd ref="13324024468"/>
  <nd ref="13324024467"/>
  <nd ref="13324024466"/>
  <nd ref="13324024465"/>
  <nd ref="13324024464"/>
  <nd ref="13324024463"/>
  <nd ref="13324024462"/>
  <nd ref="13324024461"/>
  <nd ref="13324024460"/>
  <nd ref="13324024459"/>
  <nd ref="13324024458"/>
  <nd ref="13324024457"/>
  <nd ref="13324024456"/>
  <nd ref="13324024455"/>
  <nd ref="13324024454"/>
  <nd ref="13324024453"/>
  <nd ref="13324024452"/>
  <nd ref="13324024451"/>
  <nd ref="13324024450"/>
  <nd ref="13324024449"/>
  <nd ref="13324024448"/>
  <nd ref="13324024447"/>
  <tag k="gauge" v="1520"/>
  <tag k="layer" v="-5"/>
  <tag k="loading_gauge" v="GOST_T"/>
  <tag k="proposed" v="rail"/>
  <tag k="proposed:electrified" v="contact_line"/>
  <tag k="proposed:frequency" v="0"/>
  <tag k="proposed:railway" v="rail"/>
  <tag k="proposed:voltage" v="3000"/>
  <tag k="railway" v="proposed"/>
  <tag k="railway:preferred_direction" v="forward"/>
  <tag k="railway:track_ref" v="Iт"/>
  <tag k="railway:traffic_mode" v="passenger"/>
  <tag k="tunnel" v="yes"/>
  <tag k="usage" v="main"/>
 </way>
 <way id="1525939068" visible="true" version="1" changeset="183616295" timestamp="2026-06-03T22:41:46Z" user="Grass-snake" uid="11321493">
  <nd ref="1901201522"/>
  <nd ref="1901201539"/>
  <tag k="barrier" v="wall"/>
 </way>
 <way id="1525939069" visible="true" version="1" changeset="183616295" timestamp="2026-06-03T22:41:46Z" user="Grass-snake" uid="11321493">
  <nd ref="1901201539"/>
  <nd ref="6413725253"/>
  <nd ref="6413725254"/>
  <nd ref="6413725255"/>
  <nd ref="6413725259"/>
 </way>
 <way id="1525939070" visible="true" version="1" changeset="183616295" timestamp="2026-06-03T22:41:46Z" user="Grass-snake" uid="11321493">
  <nd ref="6413725259"/>
  <nd ref="13908402319"/>
  <nd ref="6413725249"/>
  <nd ref="13908402318"/>
  <nd ref="6413725248"/>
  <nd ref="13908402317"/>
  <nd ref="442888576"/>
  <nd ref="13908402316"/>
  <nd ref="13908402315"/>
  <nd ref="1901201522"/>
 </way>
 <way id="1526157385" visible="true" version="1" changeset="183652902" timestamp="2026-06-04T15:34:29Z" user="Grass-snake" uid="11321493">
  <nd ref="6413818648"/>
  <nd ref="6413725252"/>
  <tag k="access" v="private"/>
  <tag k="highway" v="service"/>
 </way>
 <way id="1526157386" visible="true" version="1" changeset="183652902" timestamp="2026-06-04T15:34:29Z" user="Grass-snake" uid="11321493">
  <nd ref="6165331979"/>
  <nd ref="9158086882"/>
  <nd ref="9158086855"/>
  <tag k="highway" v="service"/>
 </way>
 <way id="1526157387" visible="true" version="1" changeset="183652902" timestamp="2026-06-04T15:34:29Z" user="Grass-snake" uid="11321493">
  <nd ref="6165331984"/>
  <nd ref="9158086881"/>
  <nd ref="13910045623"/>
  <tag k="highway" v="service"/>
  <tag k="surface" v="asphalt"/>
 </way>
 <way id="1526157388" visible="true" version="1" changeset="183652902" timestamp="2026-06-04T15:34:29Z" user="Grass-snake" uid="11321493">
  <nd ref="13085249139"/>
  <nd ref="6165331947"/>
  <nd ref="6165345842"/>
  <tag k="highway" v="service"/>
  <tag k="motor_vehicle" v="private"/>
  <tag k="surface" v="asphalt"/>
 </way>
 <way id="1526157389" visible="true" version="1" changeset="183652902" timestamp="2026-06-04T15:34:29Z" user="Grass-snake" uid="11321493">
  <nd ref="1901201541"/>
  <nd ref="6413818641"/>
  <nd ref="1901201558"/>
  <tag k="highway" v="service"/>
 </way>
 <way id="1526157390" visible="true" version="1" changeset="183652902" timestamp="2026-06-04T15:34:29Z" user="Grass-snake" uid="11321493">
  <nd ref="1901201415"/>
  <nd ref="2508400996"/>
  <nd ref="1901201442"/>
  <tag k="highway" v="service"/>
 </way>
 <way id="1535150069" visible="true" version="1" changeset="185080893" timestamp="2026-07-04T08:52:32Z" user="solenoid jam" uid="10129333">
  <nd ref="13987612937"/>
  <nd ref="13987612936"/>
  <nd ref="13987612935"/>
  <nd ref="13987612934"/>
  <tag k="building:levels" v="4"/>
 </way>
 <way id="1535150071" visible="true" version="1" changeset="185080893" timestamp="2026-07-04T08:52:32Z" user="solenoid jam" uid="10129333">
  <nd ref="13987612918"/>
  <nd ref="13987612929"/>
  <nd ref="13987612928"/>
 </way>
 <way id="1535150072" visible="true" version="1" changeset="185080893" timestamp="2026-07-04T08:52:32Z" user="solenoid jam" uid="10129333">
  <nd ref="13987612926"/>
  <nd ref="13987612918"/>
 </way>
 <way id="1535150073" visible="true" version="1" changeset="185080893" timestamp="2026-07-04T08:52:32Z" user="solenoid jam" uid="10129333">
  <nd ref="13987612934"/>
  <nd ref="13987612954"/>
  <nd ref="13987612953"/>
  <nd ref="13987612918"/>
 </way>
 <way id="1535150078" visible="true" version="1" changeset="185080893" timestamp="2026-07-04T08:52:32Z" user="solenoid jam" uid="10129333">
  <nd ref="13987612919"/>
  <nd ref="13987612927"/>
  <nd ref="13987612926"/>
 </way>
 <way id="1535150088" visible="true" version="1" changeset="185080893" timestamp="2026-07-04T08:52:32Z" user="solenoid jam" uid="10129333">
  <nd ref="13987612934"/>
  <nd ref="13987612951"/>
 </way>
 <way id="1535150094" visible="true" version="1" changeset="185080893" timestamp="2026-07-04T08:52:32Z" user="solenoid jam" uid="10129333">
  <nd ref="13987612926"/>
  <nd ref="13987612952"/>
  <nd ref="13987612920"/>
 </way>
 <relation id="364001" visible="true" version="112" changeset="183174535" timestamp="2026-05-25T19:31:13Z" user="Bobropiton" uid="2055718">
  <member type="way" ref="1176312941" role="outer"/>
  <member type="way" ref="672637487" role="outer"/>
  <member type="way" ref="1151034686" role="outer"/>
  <member type="way" ref="1350051200" role="outer"/>
  <member type="way" ref="1350051199" role="outer"/>
  <member type="way" ref="1350051198" role="outer"/>
  <member type="way" ref="1350051197" role="outer"/>
  <member type="way" ref="1350051196" role="outer"/>
  <member type="way" ref="1350051195" role="outer"/>
  <member type="way" ref="1350051194" role="outer"/>
  <member type="way" ref="1350051193" role="outer"/>
  <member type="way" ref="11523183" role="outer"/>
  <member type="way" ref="1350052672" role="outer"/>
  <member type="way" ref="1350051191" role="outer"/>
  <member type="way" ref="1350051190" role="outer"/>
  <member type="way" ref="1350051192" role="outer"/>
  <member type="way" ref="1350051210" role="outer"/>
  <member type="way" ref="1350051209" role="outer"/>
  <member type="way" ref="11526386" role="outer"/>
  <member type="way" ref="11523263" role="outer"/>
  <member type="way" ref="10638414" role="outer"/>
  <member type="way" ref="9562614" role="outer"/>
  <member type="way" ref="1413286107" role="outer"/>
  <member type="way" ref="1413287606" role="outer"/>
  <member type="way" ref="423987181" role="outer"/>
  <member type="way" ref="10616166" role="outer"/>
  <member type="way" ref="1413286104" role="outer"/>
  <member type="way" ref="468772901" role="outer"/>
  <member type="way" ref="46337964" role="outer"/>
  <member type="way" ref="468772900" role="outer"/>
  <member type="way" ref="377055329" role="outer"/>
  <member type="way" ref="210508759" role="outer"/>
  <member type="way" ref="377055327" role="outer"/>
  <member type="way" ref="1353805779" role="outer"/>
  <member type="way" ref="1227091702" role="outer"/>
  <member type="way" ref="218383146" role="outer"/>
  <member type="way" ref="1227009307" role="outer"/>
  <member type="way" ref="377055328" role="outer"/>
  <member type="way" ref="1227009311" role="outer"/>
  <member type="way" ref="210508760" role="outer"/>
  <member type="way" ref="218383140" role="outer"/>
  <member type="way" ref="218383143" role="outer"/>
  <member type="way" ref="1227009312" role="outer"/>
  <member type="way" ref="1227009313" role="outer"/>
  <member type="way" ref="10467136" role="outer"/>
  <member type="way" ref="1521844428" role="outer"/>
  <member type="way" ref="1087485238" role="outer"/>
  <member type="way" ref="1084046829" role="outer"/>
  <member type="way" ref="218383150" role="outer"/>
  <member type="way" ref="133398697" role="outer"/>
  <member type="way" ref="133532657" role="outer"/>
  <member type="way" ref="352815187" role="outer"/>
  <member type="way" ref="11969216" role="outer"/>
  <member type="way" ref="1012967120" role="outer"/>
  <member type="way" ref="1012967121" role="outer"/>
  <member type="way" ref="1216573230" role="outer"/>
  <member type="way" ref="11969152" role="outer"/>
  <member type="way" ref="1227121668" role="outer"/>
  <member type="way" ref="377055330" role="outer"/>
  <member type="way" ref="1227121667" role="outer"/>
  <member type="way" ref="1346216964" role="outer"/>
  <member type="way" ref="1227121666" role="outer"/>
  <member type="way" ref="377055332" role="outer"/>
  <member type="way" ref="233038835" role="outer"/>
  <member type="way" ref="1510529840" role="outer"/>
  <member type="way" ref="25552532" role="outer"/>
  <member type="way" ref="1239727486" role="outer"/>
  <member type="way" ref="1227009314" role="outer"/>
  <member type="way" ref="1087485235" role="outer"/>
  <member type="way" ref="1239727485" role="outer"/>
  <member type="way" ref="1194940232" role="outer"/>
  <member type="way" ref="233038886" role="outer"/>
  <member type="way" ref="1194940009" role="outer"/>
  <member type="way" ref="1239763411" role="outer"/>
  <member type="way" ref="1239763409" role="outer"/>
  <member type="way" ref="1194939960" role="outer"/>
  <member type="way" ref="1239763405" role="outer"/>
  <member type="way" ref="1194939711" role="outer"/>
  <member type="way" ref="1194939651" role="outer"/>
  <member type="way" ref="1239763403" role="outer"/>
  <member type="way" ref="1055111187" role="outer"/>
  <member type="way" ref="1239763402" role="outer"/>
  <member type="way" ref="418982891" role="outer"/>
  <member type="way" ref="1239763401" role="outer"/>
  <member type="way" ref="1239763396" role="outer"/>
  <member type="way" ref="238828407" role="outer"/>
  <member type="way" ref="1239763395" role="outer"/>
  <member type="way" ref="1055111186" role="outer"/>
  <member type="way" ref="1190245010" role="outer"/>
  <member type="way" ref="11292796" role="outer"/>
  <member type="way" ref="83714719" role="outer"/>
  <member type="way" ref="361769324" role="outer"/>
  <member type="way" ref="361769336" role="outer"/>
  <member type="way" ref="361769510" role="outer"/>
  <member type="way" ref="474728678" role="outer"/>
  <member type="way" ref="102785144" role="outer"/>
  <member type="way" ref="83543817" role="outer"/>
  <member type="way" ref="1071204739" role="outer"/>
  <member type="way" ref="133315507" role="outer"/>
  <member type="way" ref="361929411" role="outer"/>
  <member type="way" ref="1244511625" role="outer"/>
  <member type="way" ref="1244771449" role="outer"/>
  <member type="way" ref="1244771450" role="outer"/>
  <member type="way" ref="1244771451" role="outer"/>
  <member type="way" ref="1244771452" role="outer"/>
  <member type="way" ref="1244771453" role="outer"/>
  <member type="way" ref="1244771454" role="outer"/>
  <member type="way" ref="1244771455" role="outer"/>
  <member type="way" ref="1244771464" role="outer"/>
  <member type="way" ref="1244771463" role="outer"/>
  <member type="way" ref="1244511619" role="outer"/>
  <member type="way" ref="1244511621" role="outer"/>
  <member type="way" ref="1244511620" role="outer"/>
  <member type="way" ref="1244511622" role="outer"/>
  <member type="way" ref="1244511623" role="outer"/>
  <member type="way" ref="1244511624" role="outer"/>
  <member type="way" ref="1244511626" role="outer"/>
  <member type="way" ref="1247824310" role="outer"/>
  <member type="way" ref="1247824309" role="outer"/>
  <member type="way" ref="1247824305" role="outer"/>
  <member type="way" ref="1247824306" role="outer"/>
  <member type="way" ref="1247824304" role="outer"/>
  <member type="way" ref="1247824303" role="outer"/>
  <member type="way" ref="1247824302" role="outer"/>
  <member type="way" ref="1247824295" role="outer"/>
  <member type="way" ref="1247824301" role="outer"/>
  <member type="way" ref="1247824294" role="outer"/>
  <member type="way" ref="1247824296" role="outer"/>
  <member type="way" ref="11746482" role="outer"/>
  <member type="way" ref="46337966" role="outer"/>
  <member type="way" ref="11290230" role="outer"/>
  <member type="way" ref="1193815954" role="outer"/>
  <member type="way" ref="45510142" role="outer"/>
  <member type="way" ref="11290652" role="outer"/>
  <member type="way" ref="46337963" role="outer"/>
  <member type="way" ref="125338061" role="outer"/>
  <member type="way" ref="1226980977" role="outer"/>
  <member type="way" ref="1226980978" role="outer"/>
  <member type="way" ref="218245877" role="outer"/>
  <member type="way" ref="445813412" role="outer"/>
  <member type="way" ref="1226980979" role="outer"/>
  <member type="way" ref="218245873" role="outer"/>
  <member type="way" ref="550138078" role="outer"/>
  <member type="way" ref="125337432" role="outer"/>
  <member type="way" ref="218245874" role="outer"/>
  <member type="way" ref="218245878" role="outer"/>
  <member type="way" ref="218245876" role="outer"/>
  <member type="way" ref="218245875" role="outer"/>
  <member type="way" ref="10618939" role="outer"/>
  <member type="way" ref="10618943" role="outer"/>
  <member type="way" ref="1196013638" role="outer"/>
  <member type="way" ref="218245872" role="outer"/>
  <member type="way" ref="1196013637" role="outer"/>
  <member type="way" ref="84040588" role="outer"/>
  <member type="way" ref="1196013635" role="outer"/>
  <member type="way" ref="46337962" role="outer"/>
  <member type="way" ref="165304245" role="outer"/>
  <member type="way" ref="26319201" role="outer"/>
  <member type="way" ref="666468789" role="outer"/>
  <member type="way" ref="11531796" role="outer"/>
  <member type="way" ref="666468050" role="outer"/>
  <member type="way" ref="46337956" role="outer"/>
  <member type="way" ref="159669386" role="outer"/>
  <member type="way" ref="10619163" role="outer"/>
  <member type="way" ref="1158044040" role="outer"/>
  <member type="way" ref="159669387" role="outer"/>
  <member type="way" ref="46337957" role="outer"/>
  <member type="node" ref="2330496472" role="admin_centre"/>
  <tag k="admin_level" v="8"/>
  <tag k="alt_name" v="муниципальный округ Мещанский"/>
  <tag k="boundary" v="administrative"/>
  <tag k="description" v="район — административно-территориальная единица; муниципальный округ — тип муниципального образования (с 1 июля 2012)"/>
  <tag k="name" v="Мещанский район"/>
  <tag k="name:en" v="Meshchansky District"/>
  <tag k="name:ru" v="Мещанский район"/>
  <tag k="name:uk" v="Міщанський район"/>
  <tag k="official_status" v="ru:внутригородская территория города федерального значения"/>
  <tag k="omkmo:code" v="58"/>
  <tag k="omkte:code" v="105"/>
  <tag k="type" v="boundary"/>
  <tag k="wikidata" v="Q2626320"/>
  <tag k="wikipedia" v="ru:Мещанский район"/>
 </relation>
 <relation id="556900" visible="true" version="145" changeset="188151446" timestamp="2026-08-28T14:40:04Z" user="Bobropiton" uid="2055718">
  <member type="node" ref="5041552959" role="stop_entry_only"/>
  <member type="way" ref="551509578" role="platform_entry_only"/>
  <member type="node" ref="6173481392" role="stop"/>
  <member type="way" ref="612016733" role="platform"/>
  <member type="node" ref="1927810164" role="stop"/>
  <member type="way" ref="660107462" role="platform"/>
  <member type="node" ref="4291992645" role="stop"/>
  <member type="way" ref="660107460" role="platform"/>
  <member type="node" ref="4291992592" role="stop"/>
  <member type="way" ref="660107456" role="platform"/>
  <member type="node" ref="1257401467" role="stop"/>
  <member type="node" ref="10879775255" role="platform"/>
  <member type="node" ref="12464935104" role="stop"/>
  <member type="way" ref="1346070416" role="platform"/>
  <member type="node" ref="3007312924" role="stop"/>
  <member type="way" ref="1346070406" role="platform"/>
  <member type="node" ref="3016721033" role="stop"/>
  <member type="way" ref="1170420989" role="platform"/>
  <member type="node" ref="473120396" role="stop"/>
  <member type="way" ref="1170420984" role="platform"/>
  <member type="node" ref="473120397" role="stop"/>
  <member type="way" ref="265786612" role="platform"/>
  <member type="node" ref="3016214896" role="stop"/>
  <member type="node" ref="10879826645" role="platform"/>
  <member type="node" ref="473120399" role="stop"/>
  <member type="node" ref="10879826642" role="platform"/>
  <member type="node" ref="4656724435" role="stop"/>
  <member type="node" ref="10879826620" role="platform"/>
  <member type="node" ref="473120401" role="stop"/>
  <member type="node" ref="10219493910" role="platform"/>
  <member type="node" ref="473120402" role="stop"/>
  <member type="way" ref="1170509261" role="platform"/>
  <member type="node" ref="4291989484" role="stop"/>
  <member type="way" ref="1170509259" role="platform"/>
  <member type="node" ref="473120404" role="stop"/>
  <member type="way" ref="1430068538" role="platform"/>
  <member type="node" ref="11987259526" role="stop"/>
  <member type="way" ref="1430068536" role="platform"/>
  <member type="node" ref="13134322144" role="stop"/>
  <member type="node" ref="13125509281" role="platform"/>
  <member type="node" ref="471943151" role="stop"/>
  <member type="relation" ref="19172764" role="platform"/>
  <member type="node" ref="471943152" role="stop"/>
  <member type="way" ref="481040044" role="platform"/>
  <member type="node" ref="1992978967" role="stop"/>
  <member type="way" ref="303136154" role="platform"/>
  <member type="node" ref="3599958536" role="stop"/>
  <member type="way" ref="1305786260" role="platform"/>
  <member type="node" ref="1992979018" role="stop"/>
  <member type="way" ref="1150828066" role="platform"/>
  <member type="node" ref="1984517976" role="stop"/>
  <member type="node" ref="1370928619" role="platform"/>
  <member type="node" ref="1984518151" role="stop"/>
  <member type="way" ref="201799120" role="platform"/>
  <member type="node" ref="1984518163" role="stop"/>
  <member type="way" ref="497040454" role="platform"/>
  <member type="node" ref="1984518195" role="stop"/>
  <member type="node" ref="2218406251" role="platform"/>
  <member type="node" ref="1984681607" role="stop"/>
  <member type="node" ref="5763811227" role="platform"/>
  <member type="node" ref="1984681624" role="stop"/>
  <member type="node" ref="288329115" role="platform"/>
  <member type="node" ref="1984681574" role="stop"/>
  <member type="node" ref="10881644526" role="platform"/>
  <member type="node" ref="1984681580" role="stop"/>
  <member type="node" ref="10881644524" role="platform"/>
  <member type="node" ref="1984682066" role="stop"/>
  <member type="node" ref="5133966222" role="platform"/>
  <member type="node" ref="1984681646" role="stop"/>
  <member type="node" ref="6368043532" role="platform"/>
  <member type="node" ref="1984653753" role="stop"/>
  <member type="way" ref="1151059020" role="platform"/>
  <member type="node" ref="1984653757" role="stop"/>
  <member type="node" ref="10707781442" role="platform"/>
  <member type="node" ref="1984653783" role="stop"/>
  <member type="node" ref="10881523402" role="platform"/>
  <member type="node" ref="1984653805" role="stop"/>
  <member type="node" ref="10881523404" role="platform"/>
  <member type="node" ref="1984653779" role="stop"/>
  <member type="node" ref="10881614707" role="platform"/>
  <member type="node" ref="1984654046" role="stop"/>
  <member type="way" ref="1170956479" role="platform"/>
  <member type="node" ref="1984654067" role="stop"/>
  <member type="way" ref="1170956484" role="platform"/>
  <member type="node" ref="664687258" role="stop_exit_only"/>
  <member type="node" ref="4739808706" role="platform_exit_only"/>
  <member type="way" ref="1293396951" role=""/>
  <member type="way" ref="1293396956" role=""/>
  <member type="way" ref="1293396954" role=""/>
  <member type="way" ref="1293396952" role=""/>
  <member type="way" ref="182431546" role=""/>
  <member type="way" ref="1293396947" role=""/>
  <member type="way" ref="1293396946" role=""/>
  <member type="way" ref="1293396925" role=""/>
  <member type="way" ref="309117268" role=""/>
  <member type="way" ref="1293396921" role=""/>
  <member type="way" ref="309117269" role=""/>
  <member type="way" ref="1293396919" role=""/>
  <member type="way" ref="1293396920" role=""/>
  <member type="way" ref="1293396915" role=""/>
  <member type="way" ref="1293396913" role=""/>
  <member type="way" ref="309118048" role=""/>
  <member type="way" ref="1293104338" role=""/>
  <member type="way" ref="309118044" role=""/>
  <member type="way" ref="1293104336" role=""/>
  <member type="way" ref="1293104335" role=""/>
  <member type="way" ref="1293104332" role=""/>
  <member type="way" ref="1293104330" role=""/>
  <member type="way" ref="1293104329" role=""/>
  <member type="way" ref="1293104326" role=""/>
  <member type="way" ref="1293104324" role=""/>
  <member type="way" ref="1293104323" role=""/>
  <member type="way" ref="1293104320" role=""/>
  <member type="way" ref="1293104318" role=""/>
  <member type="way" ref="1293104316" role=""/>
  <member type="way" ref="1293104314" role=""/>
  <member type="way" ref="1293104313" role=""/>
  <member type="way" ref="1293104310" role=""/>
  <member type="way" ref="1293104308" role=""/>
  <member type="way" ref="1293104306" role=""/>
  <member type="way" ref="1293104304" role=""/>
  <member type="way" ref="1293104303" role=""/>
  <member type="way" ref="1293104301" role=""/>
  <member type="way" ref="1293104299" role=""/>
  <member type="way" ref="1293104298" role=""/>
  <member type="way" ref="1293104296" role=""/>
  <member type="way" ref="297710027" role=""/>
  <member type="way" ref="1293104294" role=""/>
  <member type="way" ref="1293104291" role=""/>
  <member type="way" ref="1293104290" role=""/>
  <member type="way" ref="1293104289" role=""/>
  <member type="way" ref="1293104285" role=""/>
  <member type="way" ref="1293104283" role=""/>
  <member type="way" ref="1293104282" role=""/>
  <member type="way" ref="426929340" role=""/>
  <member type="way" ref="1293104279" role=""/>
  <member type="way" ref="1293104278" role=""/>
  <member type="way" ref="1293104275" role=""/>
  <member type="way" ref="1293104273" role=""/>
  <member type="way" ref="1293104272" role=""/>
  <member type="way" ref="1293104270" role=""/>
  <member type="way" ref="426929352" role=""/>
  <member type="way" ref="1293104267" role=""/>
  <member type="way" ref="211483881" role=""/>
  <member type="way" ref="229700254" role=""/>
  <member type="way" ref="1293039618" role=""/>
  <member type="way" ref="227097899" role=""/>
  <member type="way" ref="1428765410" role=""/>
  <member type="way" ref="1293039617" role=""/>
  <member type="way" ref="1293039614" role=""/>
  <member type="way" ref="1293039613" role=""/>
  <member type="way" ref="1293039611" role=""/>
  <member type="way" ref="1293039609" role=""/>
  <member type="way" ref="1293039607" role=""/>
  <member type="way" ref="1293039605" role=""/>
  <member type="way" ref="1293039602" role=""/>
  <member type="way" ref="1293039601" role=""/>
  <member type="way" ref="211483891" role=""/>
  <member type="way" ref="188675674" role=""/>
  <member type="way" ref="227097894" role=""/>
  <member type="way" ref="1293039598" role=""/>
  <member type="way" ref="1293039597" role=""/>
  <member type="way" ref="1293039595" role=""/>
  <member type="way" ref="1293039593" role=""/>
  <member type="way" ref="1293039591" role=""/>
  <member type="way" ref="188198486" role=""/>
  <member type="way" ref="187812501" role=""/>
  <member type="way" ref="1291298399" role=""/>
  <member type="way" ref="187812489" role=""/>
  <member type="way" ref="187812498" role=""/>
  <member type="way" ref="1291298403" role=""/>
  <member type="way" ref="187812471" role=""/>
  <member type="way" ref="1291298404" role=""/>
  <member type="way" ref="538432997" role=""/>
  <member type="way" ref="187812495" role=""/>
  <member type="way" ref="1291298407" role=""/>
  <member type="way" ref="1291298409" role=""/>
  <member type="way" ref="187812487" role=""/>
  <member type="way" ref="1291298411" role=""/>
  <member type="way" ref="187812485" role=""/>
  <member type="way" ref="187824532" role=""/>
  <member type="way" ref="1290274912" role=""/>
  <member type="way" ref="188195941" role=""/>
  <member type="way" ref="1290274910" role=""/>
  <member type="way" ref="1290274908" role=""/>
  <member type="way" ref="1290274907" role=""/>
  <member type="way" ref="1290274905" role=""/>
  <member type="way" ref="1290274903" role=""/>
  <member type="way" ref="1290274901" role=""/>
  <member type="way" ref="1290274899" role=""/>
  <member type="way" ref="1290274897" role=""/>
  <member type="way" ref="1290274895" role=""/>
  <member type="way" ref="1290274893" role=""/>
  <member type="way" ref="1290274891" role=""/>
  <member type="way" ref="1290274889" role=""/>
  <member type="way" ref="1290274887" role=""/>
  <member type="way" ref="1290274886" role=""/>
  <member type="way" ref="1290274883" role=""/>
  <member type="way" ref="187822404" role=""/>
  <member type="way" ref="187822400" role=""/>
  <member type="way" ref="1290274968" role=""/>
  <member type="way" ref="1290274966" role=""/>
  <member type="way" ref="1290274965" role=""/>
  <member type="way" ref="1290274962" role=""/>
  <member type="way" ref="1290274960" role=""/>
  <member type="way" ref="856155849" role=""/>
  <member type="way" ref="1290274958" role=""/>
  <member type="way" ref="187990768" role=""/>
  <member type="way" ref="1290274955" role=""/>
  <member type="way" ref="1290274952" role=""/>
  <member type="way" ref="1290274951" role=""/>
  <member type="way" ref="1290274948" role=""/>
  <member type="way" ref="1290274947" role=""/>
  <member type="way" ref="1290274945" role=""/>
  <member type="way" ref="1290274944" role=""/>
  <member type="way" ref="1290274942" role=""/>
  <member type="way" ref="1290274940" role=""/>
  <member type="way" ref="1290274938" role=""/>
  <member type="way" ref="1290274935" role=""/>
  <member type="way" ref="1290274933" role=""/>
  <member type="way" ref="1290274931" role=""/>
  <member type="way" ref="1290274930" role=""/>
  <member type="way" ref="1290274929" role=""/>
  <member type="way" ref="100056494" role=""/>
  <tag k="air_conditioning" v="yes"/>
  <tag k="bicycle" v="yes"/>
  <tag k="blind" v="limited"/>
  <tag k="charge:all-in-one" v="90 RUB"/>
  <tag k="charge:cards" v="83 RUB"/>
  <tag k="charge:sbp" v="83 RUB"/>
  <tag k="charge:troika" v="75 RUB"/>
  <tag k="charge:troika_qr" v="75 RUB"/>
  <tag k="check_date" v="2023-05-11"/>
  <tag k="colour" v="black"/>
  <tag k="deaf" v="yes"/>
  <tag k="fee" v="yes"/>
  <tag k="fine:ticketless" v="5000 RUB"/>
  <tag k="from" v="Белорусский вокзал"/>
  <tag k="name" v="Трамвай 7: Белорусский вокзал =&gt; Метро «Бульвар Рокоссовского»"/>
  <tag k="name:uk" v="Трамвай 7: Білоруський вокзал =&gt; Метро «Бульвар Рокосовського»"/>
  <tag k="network" v="Московский транспорт"/>
  <tag k="operator" v="ГУП «Московский метрополитен»"/>
  <tag k="payment:cards" v="yes"/>
  <tag k="payment:cash" v="no"/>
  <tag k="payment:contactless" v="yes"/>
  <tag k="payment:maestro" v="no"/>
  <tag k="payment:mastercard" v="no"/>
  <tag k="payment:mir" v="yes"/>
  <tag k="payment:nfc" v="yes"/>
  <tag k="payment:podorozhnik" v="no"/>
  <tag k="payment:sbp" v="yes"/>
  <tag k="payment:social_cards" v="yes"/>
  <tag k="payment:strelka" v="no"/>
  <tag k="payment:troika" v="yes"/>
  <tag k="payment:visa" v="no"/>
  <tag k="public_transport:version" v="2"/>
  <tag k="ref" v="7"/>
  <tag k="route" v="tram"/>
  <tag k="source" v="Реестр маршрутов города Москвы"/>
  <tag k="to" v="Метро «Бульвар Рокоссовского»"/>
  <tag k="tram_class:length" v="5"/>
  <tag k="type" v="route"/>
  <tag k="website" v="https://transport.mos.ru/transport/schedule/route/867"/>
  <tag k="wheelchair" v="yes"/>
  <tag k="wikidata" v="Q122585349"/>
 </relation>
 <relation id="1257218" visible="true" version="96" changeset="185638537" timestamp="2026-07-13T08:46:22Z" user="Максим Баранаускас" uid="23926472">
  <member type="node" ref="2331500885" role="label"/>
  <member type="way" ref="285767604" role="outer"/>
  <member type="way" ref="761482988" role="outer"/>
  <member type="way" ref="1428182442" role="outer"/>
  <member type="way" ref="28282318" role="outer"/>
  <member type="way" ref="1428182441" role="outer"/>
  <member type="way" ref="1428182440" role="outer"/>
  <member type="way" ref="1428182439" role="outer"/>
  <member type="way" ref="84039115" role="outer"/>
  <member type="way" ref="304638438" role="outer"/>
  <member type="way" ref="23680615" role="outer"/>
  <member type="way" ref="1428182446" role="outer"/>
  <member type="way" ref="33814278" role="outer"/>
  <member type="way" ref="241262221" role="outer"/>
  <member type="way" ref="33814279" role="outer"/>
  <member type="way" ref="1234160356" role="outer"/>
  <member type="way" ref="1234160357" role="outer"/>
  <member type="way" ref="1234160355" role="outer"/>
  <member type="way" ref="1234169556" role="outer"/>
  <member type="way" ref="1234169551" role="outer"/>
  <member type="way" ref="1234169552" role="outer"/>
  <member type="way" ref="1234169549" role="outer"/>
  <member type="way" ref="1234169548" role="outer"/>
  <member type="way" ref="1234169546" role="outer"/>
  <member type="way" ref="1234169547" role="outer"/>
  <member type="way" ref="1234169543" role="outer"/>
  <member type="way" ref="1234447685" role="outer"/>
  <member type="way" ref="1234447684" role="outer"/>
  <member type="way" ref="1234447683" role="outer"/>
  <member type="way" ref="1234447682" role="outer"/>
  <member type="way" ref="23680611" role="outer"/>
  <member type="way" ref="25008224" role="outer"/>
  <member type="way" ref="1057703324" role="outer"/>
  <member type="way" ref="1234449553" role="outer"/>
  <member type="way" ref="1234450673" role="outer"/>
  <member type="way" ref="1234450671" role="outer"/>
  <member type="way" ref="1234450670" role="outer"/>
  <member type="way" ref="1234450669" role="outer"/>
  <member type="way" ref="30794512" role="outer"/>
  <member type="way" ref="1234450668" role="outer"/>
  <member type="way" ref="86323004" role="outer"/>
  <member type="way" ref="830462282" role="outer"/>
  <member type="way" ref="1125639272" role="outer"/>
  <member type="way" ref="830462278" role="outer"/>
  <member type="way" ref="830462279" role="outer"/>
  <member type="way" ref="25452332" role="outer"/>
  <member type="way" ref="8110100" role="outer"/>
  <member type="way" ref="189820381" role="outer"/>
  <member type="way" ref="1234759463" role="outer"/>
  <member type="way" ref="554275087" role="outer"/>
  <member type="way" ref="1234759461" role="outer"/>
  <member type="way" ref="1234759460" role="outer"/>
  <member type="way" ref="554275086" role="outer"/>
  <member type="way" ref="1234759462" role="outer"/>
  <member type="way" ref="761339333" role="outer"/>
  <member type="way" ref="1234759459" role="outer"/>
  <member type="way" ref="761339332" role="outer"/>
  <member type="way" ref="8110048" role="outer"/>
  <member type="way" ref="84039108" role="outer"/>
  <member type="way" ref="25069328" role="outer"/>
  <member type="way" ref="426929219" role="outer"/>
  <member type="way" ref="1537925389" role="outer"/>
  <member type="way" ref="1537925390" role="outer"/>
  <member type="way" ref="84039105" role="outer"/>
  <member type="way" ref="1392322571" role="outer"/>
  <member type="way" ref="586498057" role="outer"/>
  <member type="way" ref="586498056" role="outer"/>
  <member type="way" ref="43565416" role="outer"/>
  <member type="way" ref="1392324140" role="outer"/>
  <member type="way" ref="43565415" role="outer"/>
  <member type="way" ref="179980293" role="outer"/>
  <member type="way" ref="415084206" role="outer"/>
  <member type="way" ref="1413223307" role="outer"/>
  <member type="way" ref="179980292" role="outer"/>
  <member type="way" ref="11531831" role="outer"/>
  <member type="way" ref="666468050" role="outer"/>
  <member type="way" ref="11531796" role="outer"/>
  <member type="way" ref="666468789" role="outer"/>
  <member type="way" ref="26319201" role="outer"/>
  <member type="way" ref="165304245" role="outer"/>
  <member type="way" ref="46337962" role="outer"/>
  <member type="way" ref="1196013635" role="outer"/>
  <member type="way" ref="84040588" role="outer"/>
  <member type="way" ref="1196013637" role="outer"/>
  <member type="way" ref="218245872" role="outer"/>
  <member type="way" ref="1196013638" role="outer"/>
  <member type="way" ref="10618943" role="outer"/>
  <member type="way" ref="10618939" role="outer"/>
  <member type="way" ref="218245875" role="outer"/>
  <member type="way" ref="218245876" role="outer"/>
  <member type="way" ref="218245878" role="outer"/>
  <member type="way" ref="218245874" role="outer"/>
  <member type="way" ref="125337432" role="outer"/>
  <member type="way" ref="550138078" role="outer"/>
  <member type="way" ref="218245873" role="outer"/>
  <member type="way" ref="1226980979" role="outer"/>
  <member type="way" ref="445813412" role="outer"/>
  <member type="way" ref="218245877" role="outer"/>
  <member type="way" ref="1226980978" role="outer"/>
  <member type="way" ref="1226980977" role="outer"/>
  <member type="way" ref="125338061" role="outer"/>
  <member type="way" ref="46337963" role="outer"/>
  <member type="way" ref="11290652" role="outer"/>
  <member type="way" ref="45510142" role="outer"/>
  <member type="way" ref="1193815954" role="outer"/>
  <member type="way" ref="11290230" role="outer"/>
  <member type="way" ref="46337966" role="outer"/>
  <member type="way" ref="11746482" role="outer"/>
  <member type="way" ref="1247824296" role="outer"/>
  <member type="way" ref="1247824294" role="outer"/>
  <member type="way" ref="1247824301" role="outer"/>
  <member type="way" ref="1247824295" role="outer"/>
  <member type="way" ref="1247824302" role="outer"/>
  <member type="way" ref="1247824303" role="outer"/>
  <member type="way" ref="1247824304" role="outer"/>
  <member type="way" ref="1247824306" role="outer"/>
  <member type="way" ref="1247824305" role="outer"/>
  <member type="way" ref="1247824309" role="outer"/>
  <member type="way" ref="1247824310" role="outer"/>
  <member type="way" ref="1244511626" role="outer"/>
  <member type="way" ref="1244511624" role="outer"/>
  <member type="way" ref="1244511623" role="outer"/>
  <member type="way" ref="1244511622" role="outer"/>
  <member type="way" ref="1244511620" role="outer"/>
  <member type="way" ref="1244511621" role="outer"/>
  <member type="way" ref="1244511619" role="outer"/>
  <member type="way" ref="1244771463" role="outer"/>
  <member type="way" ref="1244771464" role="outer"/>
  <member type="way" ref="1244771455" role="outer"/>
  <member type="way" ref="1244771454" role="outer"/>
  <member type="way" ref="1244771453" role="outer"/>
  <member type="way" ref="1244771452" role="outer"/>
  <member type="way" ref="1244771451" role="outer"/>
  <member type="way" ref="1244771450" role="outer"/>
  <member type="way" ref="1244771449" role="outer"/>
  <member type="way" ref="1244511625" role="outer"/>
  <member type="way" ref="361929411" role="outer"/>
  <member type="way" ref="1071291404" role="outer"/>
  <member type="way" ref="83535567" role="outer"/>
  <member type="way" ref="84488127" role="outer"/>
  <member type="way" ref="1071222102" role="outer"/>
  <member type="way" ref="1071201353" role="outer"/>
  <member type="way" ref="1071201352" role="outer"/>
  <member type="way" ref="955797894" role="outer"/>
  <member type="way" ref="1071201350" role="outer"/>
  <member type="way" ref="1071201351" role="outer"/>
  <member type="way" ref="84039102" role="outer"/>
  <member type="way" ref="84039100" role="outer"/>
  <member type="way" ref="883764961" role="outer"/>
  <tag k="admin_level" v="8"/>
  <tag k="alt_name" v="муниципальный округ Красносельский"/>
  <tag k="boundary" v="administrative"/>
  <tag k="description" v="район — административно-территориальная единица; муниципальный округ — тип муниципального образования (с 1 июля 2012)"/>
  <tag k="name" v="Красносельский район"/>
  <tag k="name:en" v="Krasnoselsky District"/>
  <tag k="name:ru" v="Красносельский район"/>
  <tag k="name:uk" v="Красносільський район"/>
  <tag k="official_status" v="ru:внутригородская территория города федерального значения"/>
  <tag k="type" v="boundary"/>
  <tag k="wikidata" v="Q2626343"/>
  <tag k="wikipedia" v="ru:Красносельский район (Москва)"/>
 </relation>
 <relation id="1538169" visible="true" version="114" changeset="188151446" timestamp="2026-08-28T14:40:04Z" user="Bobropiton" uid="2055718">
  <member type="node" ref="800886899" role="stop_entry_only"/>
  <member type="node" ref="10881866062" role="platform_entry_only"/>
  <member type="node" ref="7618078829" role="stop"/>
  <member type="node" ref="10881866061" role="platform"/>
  <member type="node" ref="800886916" role="stop"/>
  <member type="node" ref="10881866058" role="platform"/>
  <member type="node" ref="1507754589" role="stop"/>
  <member type="node" ref="3780805419" role="platform"/>
  <member type="node" ref="1507754571" role="stop"/>
  <member type="node" ref="10707838187" role="platform"/>
  <member type="node" ref="1507754852" role="stop"/>
  <member type="node" ref="10707838191" role="platform"/>
  <member type="node" ref="1507754587" role="stop"/>
  <member type="node" ref="10707838195" role="platform"/>
  <member type="node" ref="2360761231" role="stop"/>
  <member type="node" ref="10707838200" role="platform"/>
  <member type="node" ref="2360708033" role="stop"/>
  <member type="node" ref="10881866054" role="platform"/>
  <member type="node" ref="13725188935" role="stop"/>
  <member type="node" ref="13725188936" role="platform"/>
  <member type="node" ref="2360708026" role="stop"/>
  <member type="node" ref="3652633568" role="platform"/>
  <member type="node" ref="2360708034" role="stop"/>
  <member type="node" ref="3338239939" role="platform"/>
  <member type="node" ref="2358271807" role="stop"/>
  <member type="node" ref="10776604073" role="platform"/>
  <member type="node" ref="2358271811" role="stop"/>
  <member type="node" ref="10776604079" role="platform"/>
  <member type="node" ref="2358271809" role="stop"/>
  <member type="node" ref="4886738299" role="platform"/>
  <member type="node" ref="2358271813" role="stop"/>
  <member type="node" ref="4886738296" role="platform"/>
  <member type="node" ref="387747233" role="stop"/>
  <member type="relation" ref="19172712" role="platform"/>
  <member type="node" ref="13134322142" role="stop"/>
  <member type="node" ref="13125509309" role="platform"/>
  <member type="node" ref="2214943613" role="stop"/>
  <member type="way" ref="1430068537" role="platform"/>
  <member type="node" ref="697485006" role="stop"/>
  <member type="way" ref="1430068539" role="platform"/>
  <member type="node" ref="473120403" role="stop"/>
  <member type="way" ref="1170509257" role="platform"/>
  <member type="node" ref="697485002" role="stop"/>
  <member type="way" ref="1170509264" role="platform"/>
  <member type="node" ref="697485003" role="stop"/>
  <member type="node" ref="8840267187" role="platform"/>
  <member type="node" ref="4656724436" role="stop"/>
  <member type="node" ref="10879826621" role="platform"/>
  <member type="node" ref="1257401483" role="stop"/>
  <member type="node" ref="10879826643" role="platform"/>
  <member type="node" ref="3016214907" role="stop"/>
  <member type="node" ref="13681898602" role="platform"/>
  <member type="node" ref="3598834231" role="stop"/>
  <member type="way" ref="1170420980" role="platform"/>
  <member type="node" ref="1257401477" role="stop"/>
  <member type="way" ref="1170420985" role="platform"/>
  <member type="node" ref="3016716232" role="stop"/>
  <member type="way" ref="1170420988" role="platform"/>
  <member type="node" ref="1257401460" role="stop"/>
  <member type="way" ref="1170420990" role="platform"/>
  <member type="node" ref="12464911097" role="stop"/>
  <member type="way" ref="1347527992" role="platform"/>
  <member type="node" ref="2631470100" role="stop"/>
  <member type="node" ref="10879775251" role="platform"/>
  <member type="node" ref="13388798130" role="stop"/>
  <member type="node" ref="10769947771" role="platform"/>
  <member type="node" ref="2631470114" role="stop"/>
  <member type="node" ref="4267069985" role="platform"/>
  <member type="node" ref="2631470097" role="stop"/>
  <member type="node" ref="4267069978" role="platform"/>
  <member type="node" ref="2631470108" role="stop"/>
  <member type="node" ref="4267069980" role="platform"/>
  <member type="node" ref="2631470112" role="stop"/>
  <member type="node" ref="5695530218" role="platform"/>
  <member type="node" ref="3007026870" role="stop"/>
  <member type="node" ref="10879775256" role="platform"/>
  <member type="node" ref="4291992589" role="stop"/>
  <member type="node" ref="10879775258" role="platform"/>
  <member type="node" ref="3016749921" role="stop"/>
  <member type="node" ref="10879775259" role="platform"/>
  <member type="node" ref="3016750433" role="stop_exit_only"/>
  <member type="node" ref="4291992591" role="platform_exit_only"/>
  <member type="way" ref="337530708" role=""/>
  <member type="way" ref="1296013626" role=""/>
  <member type="way" ref="149858849" role=""/>
  <member type="way" ref="1296013624" role=""/>
  <member type="way" ref="149858844" role=""/>
  <member type="way" ref="1293616233" role=""/>
  <member type="way" ref="1293616235" role=""/>
  <member type="way" ref="1293616236" role=""/>
  <member type="way" ref="244580719" role=""/>
  <member type="way" ref="1293616239" role=""/>
  <member type="way" ref="23185185" role=""/>
  <member type="way" ref="151506840" role=""/>
  <member type="way" ref="137462743" role=""/>
  <member type="way" ref="1293616226" role=""/>
  <member type="way" ref="1293616227" role=""/>
  <member type="way" ref="137462730" role=""/>
  <member type="way" ref="137462751" role=""/>
  <member type="way" ref="137462739" role=""/>
  <member type="way" ref="227387316" role=""/>
  <member type="way" ref="1293616224" role=""/>
  <member type="way" ref="227387311" role=""/>
  <member type="way" ref="227387327" role=""/>
  <member type="way" ref="1293427451" role=""/>
  <member type="way" ref="227387321" role=""/>
  <member type="way" ref="1293427447" role=""/>
  <member type="way" ref="1293427449" role=""/>
  <member type="way" ref="227382073" role=""/>
  <member type="way" ref="1293427444" role=""/>
  <member type="way" ref="1293427443" role=""/>
  <member type="way" ref="1293427441" role=""/>
  <member type="way" ref="1293427438" role=""/>
  <member type="way" ref="1293427437" role=""/>
  <member type="way" ref="1293427435" role=""/>
  <member type="way" ref="1293427434" role=""/>
  <member type="way" ref="227097890" role=""/>
  <member type="way" ref="1293427431" role=""/>
  <member type="way" ref="227097892" role=""/>
  <member type="way" ref="227097905" role=""/>
  <member type="way" ref="1293039600" role=""/>
  <member type="way" ref="1293039603" role=""/>
  <member type="way" ref="1293039604" role=""/>
  <member type="way" ref="1293039606" role=""/>
  <member type="way" ref="1293039608" role=""/>
  <member type="way" ref="1293039610" role=""/>
  <member type="way" ref="1293039612" role=""/>
  <member type="way" ref="1422439612" role=""/>
  <member type="way" ref="1421789560" role=""/>
  <member type="way" ref="227097898" role=""/>
  <member type="way" ref="1293039619" role=""/>
  <member type="way" ref="211483883" role=""/>
  <member type="way" ref="211483894" role=""/>
  <member type="way" ref="1293104268" role=""/>
  <member type="way" ref="426929346" role=""/>
  <member type="way" ref="1293104269" role=""/>
  <member type="way" ref="1293104271" role=""/>
  <member type="way" ref="1293104274" role=""/>
  <member type="way" ref="1293104276" role=""/>
  <member type="way" ref="1293104277" role=""/>
  <member type="way" ref="1293104280" role=""/>
  <member type="way" ref="211486428" role=""/>
  <member type="way" ref="1293104281" role=""/>
  <member type="way" ref="426929342" role=""/>
  <member type="way" ref="1293104284" role=""/>
  <member type="way" ref="1293104286" role=""/>
  <member type="way" ref="1293104287" role=""/>
  <member type="way" ref="1293104288" role=""/>
  <member type="way" ref="1293104292" role=""/>
  <member type="way" ref="1293104293" role=""/>
  <member type="way" ref="1293104295" role=""/>
  <member type="way" ref="1293104297" role=""/>
  <member type="way" ref="1293104300" role=""/>
  <member type="way" ref="1293104302" role=""/>
  <member type="way" ref="1293104305" role=""/>
  <member type="way" ref="1293104307" role=""/>
  <member type="way" ref="1293104309" role=""/>
  <member type="way" ref="1293104311" role=""/>
  <member type="way" ref="1293104312" role=""/>
  <member type="way" ref="1293104315" role=""/>
  <member type="way" ref="1293104317" role=""/>
  <member type="way" ref="1293104319" role=""/>
  <member type="way" ref="1293104321" role=""/>
  <member type="way" ref="1293104322" role=""/>
  <member type="way" ref="1293104325" role=""/>
  <member type="way" ref="1293104327" role=""/>
  <member type="way" ref="1293104328" role=""/>
  <member type="way" ref="1293104331" role=""/>
  <member type="way" ref="1293104333" role=""/>
  <member type="way" ref="1293104334" role=""/>
  <member type="way" ref="1293104337" role=""/>
  <member type="way" ref="297710026" role=""/>
  <member type="way" ref="1293104339" role=""/>
  <member type="way" ref="296898771" role=""/>
  <member type="way" ref="296898772" role=""/>
  <member type="way" ref="1293396906" role=""/>
  <member type="way" ref="1293396908" role=""/>
  <member type="way" ref="1347895819" role=""/>
  <member type="way" ref="257665662" role=""/>
  <member type="way" ref="257664218" role=""/>
  <member type="way" ref="257665656" role=""/>
  <member type="way" ref="257665659" role=""/>
  <member type="way" ref="257665658" role=""/>
  <member type="way" ref="1293396910" role=""/>
  <member type="way" ref="257664223" role=""/>
  <member type="way" ref="257664222" role=""/>
  <member type="way" ref="1293396912" role=""/>
  <member type="way" ref="257664219" role=""/>
  <member type="way" ref="1293396924" role=""/>
  <member type="way" ref="309117270" role=""/>
  <member type="way" ref="1293396927" role=""/>
  <member type="way" ref="1293396928" role=""/>
  <member type="way" ref="1293396930" role=""/>
  <member type="way" ref="1293396932" role=""/>
  <member type="way" ref="1293396934" role=""/>
  <member type="way" ref="1293396936" role=""/>
  <member type="way" ref="1293396937" role=""/>
  <member type="way" ref="296896719" role=""/>
  <member type="way" ref="1293396940" role=""/>
  <tag k="air_conditioning" v="yes"/>
  <tag k="bicycle" v="yes"/>
  <tag k="blind" v="limited"/>
  <tag k="charge:all-in-one" v="90 RUB"/>
  <tag k="charge:cards" v="83 RUB"/>
  <tag k="charge:sbp" v="83 RUB"/>
  <tag k="charge:troika" v="75 RUB"/>
  <tag k="charge:troika_qr" v="75 RUB"/>
  <tag k="check_date" v="2025-12-19"/>
  <tag k="colour" v="black"/>
  <tag k="deaf" v="yes"/>
  <tag k="fee" v="yes"/>
  <tag k="fine:ticketless" v="5000 RUB"/>
  <tag k="from" v="Дом культуры «Компрессор»"/>
  <tag k="name" v="Трамвай 50: Дом культуры «Компрессор» =&gt; Метро «Новослободская»"/>
  <tag k="name:uk" v="Трамвай 50: Будинок культури «Компресор» =&gt; Нововорітнівський провулок"/>
  <tag k="network" v="Московский транспорт"/>
  <tag k="operator" v="ГУП «Московский метрополитен»"/>
  <tag k="payment:cards" v="yes"/>
  <tag k="payment:cash" v="no"/>
  <tag k="payment:contactless" v="yes"/>
  <tag k="payment:maestro" v="no"/>
  <tag k="payment:mastercard" v="no"/>
  <tag k="payment:mir" v="yes"/>
  <tag k="payment:nfc" v="yes"/>
  <tag k="payment:podorozhnik" v="no"/>
  <tag k="payment:sbp" v="yes"/>
  <tag k="payment:social_cards" v="yes"/>
  <tag k="payment:strelka" v="no"/>
  <tag k="payment:troika" v="yes"/>
  <tag k="payment:visa" v="no"/>
  <tag k="public_transport:version" v="2"/>
  <tag k="ref" v="50"/>
  <tag k="route" v="tram"/>
  <tag k="source" v="Реестр маршрутов города Москвы"/>
  <tag k="to" v="Метро «Новослободская»"/>
  <tag k="tram_class:length" v="5"/>
  <tag k="type" v="route"/>
  <tag k="website" v="https://transport.mos.ru/transport/schedule/route/141509343"/>
  <tag k="wheelchair" v="yes"/>
  <tag k="wikidata" v="Q122585371"/>
 </relation>
 <relation id="1538170" visible="true" version="120" changeset="188151446" timestamp="2026-08-28T14:40:04Z" user="Bobropiton" uid="2055718">
  <member type="node" ref="3016750433" role="stop_entry_only"/>
  <member type="node" ref="4291992591" role="platform_entry_only"/>
  <member type="node" ref="3016750453" role="stop"/>
  <member type="node" ref="10879775260" role="platform"/>
  <member type="node" ref="679350543" role="stop"/>
  <member type="node" ref="10879775257" role="platform"/>
  <member type="node" ref="2631470110" role="stop"/>
  <member type="node" ref="5695530217" role="platform"/>
  <member type="node" ref="2631470111" role="stop"/>
  <member type="node" ref="10879775253" role="platform"/>
  <member type="node" ref="4291992590" role="stop"/>
  <member type="node" ref="10879775252" role="platform"/>
  <member type="node" ref="2631470095" role="stop"/>
  <member type="node" ref="4267069977" role="platform"/>
  <member type="node" ref="2631470113" role="stop"/>
  <member type="node" ref="4267069983" role="platform"/>
  <member type="node" ref="13388798128" role="stop"/>
  <member type="node" ref="13388798129" role="platform"/>
  <member type="node" ref="2631470105" role="stop"/>
  <member type="node" ref="4267069979" role="platform"/>
  <member type="node" ref="12464935104" role="stop"/>
  <member type="way" ref="1346070416" role="platform"/>
  <member type="node" ref="3007312924" role="stop"/>
  <member type="way" ref="1346070406" role="platform"/>
  <member type="node" ref="3016721033" role="stop"/>
  <member type="way" ref="1170420989" role="platform"/>
  <member type="node" ref="473120396" role="stop"/>
  <member type="way" ref="1170420984" role="platform"/>
  <member type="node" ref="473120397" role="stop"/>
  <member type="way" ref="265786612" role="platform"/>
  <member type="node" ref="3016214896" role="stop"/>
  <member type="node" ref="10879826645" role="platform"/>
  <member type="node" ref="473120399" role="stop"/>
  <member type="node" ref="10879826642" role="platform"/>
  <member type="node" ref="4656724435" role="stop"/>
  <member type="node" ref="10879826620" role="platform"/>
  <member type="node" ref="473120401" role="stop"/>
  <member type="node" ref="10219493910" role="platform"/>
  <member type="node" ref="473120402" role="stop"/>
  <member type="way" ref="1170509261" role="platform"/>
  <member type="node" ref="4291989484" role="stop"/>
  <member type="way" ref="1170509259" role="platform"/>
  <member type="node" ref="473120404" role="stop"/>
  <member type="way" ref="1430068538" role="platform"/>
  <member type="node" ref="11987259526" role="stop"/>
  <member type="way" ref="1430068536" role="platform"/>
  <member type="node" ref="13134322144" role="stop"/>
  <member type="node" ref="13125509281" role="platform"/>
  <member type="node" ref="471943151" role="stop"/>
  <member type="relation" ref="19172764" role="platform"/>
  <member type="node" ref="471943152" role="stop"/>
  <member type="way" ref="481040044" role="platform"/>
  <member type="node" ref="2358271808" role="stop"/>
  <member type="node" ref="4886738297" role="platform"/>
  <member type="node" ref="2358271810" role="stop"/>
  <member type="node" ref="4886738298" role="platform"/>
  <member type="node" ref="2358271812" role="stop"/>
  <member type="node" ref="10776604077" role="platform"/>
  <member type="node" ref="2360708029" role="stop"/>
  <member type="node" ref="10776604070" role="platform"/>
  <member type="node" ref="2360708036" role="stop"/>
  <member type="node" ref="3338239940" role="platform"/>
  <member type="node" ref="2360708027" role="stop"/>
  <member type="node" ref="3344055846" role="platform"/>
  <member type="node" ref="13725188934" role="stop"/>
  <member type="node" ref="13725188937" role="platform"/>
  <member type="node" ref="2360708032" role="stop"/>
  <member type="node" ref="10881866055" role="platform"/>
  <member type="node" ref="2360761234" role="stop"/>
  <member type="node" ref="10707838202" role="platform"/>
  <member type="node" ref="1507754582" role="stop"/>
  <member type="node" ref="510113999" role="platform"/>
  <member type="node" ref="1507754858" role="stop"/>
  <member type="node" ref="10707838190" role="platform"/>
  <member type="node" ref="1507754577" role="stop"/>
  <member type="node" ref="10707838185" role="platform"/>
  <member type="node" ref="1507754592" role="stop"/>
  <member type="node" ref="4582785020" role="platform"/>
  <member type="node" ref="250722843" role="stop"/>
  <member type="node" ref="10881866059" role="platform"/>
  <member type="node" ref="7618078828" role="stop"/>
  <member type="node" ref="10881866060" role="platform"/>
  <member type="node" ref="695081254" role="stop_exit_only"/>
  <member type="node" ref="510114007" role="platform_exit_only"/>
  <member type="way" ref="1293396941" role=""/>
  <member type="way" ref="1293396942" role=""/>
  <member type="way" ref="1293396943" role=""/>
  <member type="way" ref="1293396944" role=""/>
  <member type="way" ref="309118194" role=""/>
  <member type="way" ref="1293396939" role=""/>
  <member type="way" ref="1293396938" role=""/>
  <member type="way" ref="1293396935" role=""/>
  <member type="way" ref="1293396933" role=""/>
  <member type="way" ref="1293396931" role=""/>
  <member type="way" ref="1293396929" role=""/>
  <member type="way" ref="1293396926" role=""/>
  <member type="way" ref="309117268" role=""/>
  <member type="way" ref="296896718" role=""/>
  <member type="way" ref="1293396923" role=""/>
  <member type="way" ref="257664220" role=""/>
  <member type="way" ref="1293396911" role=""/>
  <member type="way" ref="257664221" role=""/>
  <member type="way" ref="257664224" role=""/>
  <member type="way" ref="1293396909" role=""/>
  <member type="way" ref="257664225" role=""/>
  <member type="way" ref="257665660" role=""/>
  <member type="way" ref="257665657" role=""/>
  <member type="way" ref="257664217" role=""/>
  <member type="way" ref="257665661" role=""/>
  <member type="way" ref="1293396907" role=""/>
  <member type="way" ref="1293396905" role=""/>
  <member type="way" ref="296898768" role=""/>
  <member type="way" ref="1293104338" role=""/>
  <member type="way" ref="309118044" role=""/>
  <member type="way" ref="1293104336" role=""/>
  <member type="way" ref="1293104335" role=""/>
  <member type="way" ref="1293104332" role=""/>
  <member type="way" ref="1293104330" role=""/>
  <member type="way" ref="1293104329" role=""/>
  <member type="way" ref="1293104326" role=""/>
  <member type="way" ref="1293104324" role=""/>
  <member type="way" ref="1293104323" role=""/>
  <member type="way" ref="1293104320" role=""/>
  <member type="way" ref="1293104318" role=""/>
  <member type="way" ref="1293104316" role=""/>
  <member type="way" ref="1293104314" role=""/>
  <member type="way" ref="1293104313" role=""/>
  <member type="way" ref="1293104310" role=""/>
  <member type="way" ref="1293104308" role=""/>
  <member type="way" ref="1293104306" role=""/>
  <member type="way" ref="1293104304" role=""/>
  <member type="way" ref="1293104303" role=""/>
  <member type="way" ref="1293104301" role=""/>
  <member type="way" ref="1293104299" role=""/>
  <member type="way" ref="1293104298" role=""/>
  <member type="way" ref="1293104296" role=""/>
  <member type="way" ref="297710027" role=""/>
  <member type="way" ref="1293104294" role=""/>
  <member type="way" ref="1293104291" role=""/>
  <member type="way" ref="1293104290" role=""/>
  <member type="way" ref="1293104289" role=""/>
  <member type="way" ref="1293104285" role=""/>
  <member type="way" ref="1293104283" role=""/>
  <member type="way" ref="1293104282" role=""/>
  <member type="way" ref="426929340" role=""/>
  <member type="way" ref="1293104279" role=""/>
  <member type="way" ref="1293104278" role=""/>
  <member type="way" ref="1293104275" role=""/>
  <member type="way" ref="1293104273" role=""/>
  <member type="way" ref="1293104272" role=""/>
  <member type="way" ref="1293104270" role=""/>
  <member type="way" ref="426929352" role=""/>
  <member type="way" ref="1293104267" role=""/>
  <member type="way" ref="211483881" role=""/>
  <member type="way" ref="229700254" role=""/>
  <member type="way" ref="1293039618" role=""/>
  <member type="way" ref="227097899" role=""/>
  <member type="way" ref="1428765410" role=""/>
  <member type="way" ref="1293039617" role=""/>
  <member type="way" ref="1293039614" role=""/>
  <member type="way" ref="1293039613" role=""/>
  <member type="way" ref="1293039611" role=""/>
  <member type="way" ref="1293039609" role=""/>
  <member type="way" ref="1293039607" role=""/>
  <member type="way" ref="1293039605" role=""/>
  <member type="way" ref="1293039602" role=""/>
  <member type="way" ref="1293039601" role=""/>
  <member type="way" ref="227097903" role=""/>
  <member type="way" ref="227097893" role=""/>
  <member type="way" ref="1293427432" role=""/>
  <member type="way" ref="227097889" role=""/>
  <member type="way" ref="1293427433" role=""/>
  <member type="way" ref="1293427436" role=""/>
  <member type="way" ref="1293427439" role=""/>
  <member type="way" ref="1293427440" role=""/>
  <member type="way" ref="1293427442" role=""/>
  <member type="way" ref="1293427445" role=""/>
  <member type="way" ref="227097896" role=""/>
  <member type="way" ref="1293427448" role=""/>
  <member type="way" ref="1293427446" role=""/>
  <member type="way" ref="227387320" role=""/>
  <member type="way" ref="1293427450" role=""/>
  <member type="way" ref="227387324" role=""/>
  <member type="way" ref="227387309" role=""/>
  <member type="way" ref="1293616223" role=""/>
  <member type="way" ref="227387313" role=""/>
  <member type="way" ref="137462740" role=""/>
  <member type="way" ref="137462753" role=""/>
  <member type="way" ref="137462733" role=""/>
  <member type="way" ref="1293616228" role=""/>
  <member type="way" ref="1293616225" role=""/>
  <member type="way" ref="137462742" role=""/>
  <member type="way" ref="137462737" role=""/>
  <member type="way" ref="151377290" role=""/>
  <member type="way" ref="1293616238" role=""/>
  <member type="way" ref="149858843" role=""/>
  <member type="way" ref="1293616237" role=""/>
  <member type="way" ref="1293616234" role=""/>
  <member type="way" ref="1151068546" role=""/>
  <member type="way" ref="1296013625" role=""/>
  <member type="way" ref="149858850" role=""/>
  <member type="way" ref="149858839" role=""/>
  <member type="way" ref="495568926" role=""/>
  <tag k="air_conditioning" v="yes"/>
  <tag k="bicycle" v="yes"/>
  <tag k="blind" v="limited"/>
  <tag k="charge:all-in-one" v="90 RUB"/>
  <tag k="charge:cards" v="83 RUB"/>
  <tag k="charge:sbp" v="83 RUB"/>
  <tag k="charge:troika" v="75 RUB"/>
  <tag k="charge:troika_qr" v="75 RUB"/>
  <tag k="check_date" v="2025-12-19"/>
  <tag k="colour" v="black"/>
  <tag k="deaf" v="yes"/>
  <tag k="fee" v="yes"/>
  <tag k="fine:ticketless" v="5000 RUB"/>
  <tag k="from" v="Метро «Новослободская»"/>
  <tag k="name" v="Трамвай 50: Метро «Новослободская» =&gt; Дом культуры «Компрессор»"/>
  <tag k="name:uk" v="Трамвай 50: Нововоротніковський провулок =&gt; Будинок культури «Компресор»"/>
  <tag k="network" v="Московский транспорт"/>
  <tag k="operator" v="ГУП «Московский метрополитен»"/>
  <tag k="payment:cards" v="yes"/>
  <tag k="payment:cash" v="no"/>
  <tag k="payment:contactless" v="yes"/>
  <tag k="payment:maestro" v="no"/>
  <tag k="payment:mastercard" v="no"/>
  <tag k="payment:mir" v="yes"/>
  <tag k="payment:nfc" v="yes"/>
  <tag k="payment:podorozhnik" v="no"/>
  <tag k="payment:sbp" v="yes"/>
  <tag k="payment:social_cards" v="yes"/>
  <tag k="payment:strelka" v="no"/>
  <tag k="payment:troika" v="yes"/>
  <tag k="payment:visa" v="no"/>
  <tag k="public_transport:version" v="2"/>
  <tag k="ref" v="50"/>
  <tag k="route" v="tram"/>
  <tag k="source" v="Реестр маршрутов города Москвы"/>
  <tag k="to" v="Дом культуры «Компрессор»"/>
  <tag k="tram_class:length" v="5"/>
  <tag k="type" v="route"/>
  <tag k="website" v="https://transport.mos.ru/transport/schedule/route/141509343"/>
  <tag k="wheelchair" v="yes"/>
  <tag k="wikidata" v="Q122585371"/>
 </relation>
 <relation id="1538180" visible="true" version="9" changeset="176143040" timestamp="2025-12-19T14:27:37Z" user="Bobropiton" uid="2055718">
  <member type="relation" ref="1538170" role=""/>
  <member type="relation" ref="1538169" role=""/>
  <tag k="colour" v="black"/>
  <tag k="name" v="Трамвай 50: Дом культуры «Компрессор» &lt;=&gt; Метро «Новослободская»"/>
  <tag k="network" v="Московский транспорт"/>
  <tag k="operator" v="ГУП «Московский метрополитен»"/>
  <tag k="ref" v="50"/>
  <tag k="route_master" v="tram"/>
  <tag k="source" v="Реестр маршрутов города Москвы"/>
  <tag k="tram_class:length" v="5"/>
  <tag k="type" v="route_master"/>
  <tag k="website" v="https://transport.mos.ru/transport/schedule/route/141509343"/>
  <tag k="wikidata" v="Q122585371"/>
 </relation>
 <relation id="2162196" visible="true" version="133" changeset="183821828" timestamp="2026-06-08T10:42:17Z" user="Bobropiton" uid="2055718">
  <member type="way" ref="1428246379" role="outer"/>
  <member type="way" ref="1428246378" role="outer"/>
  <member type="way" ref="19036459" role="outer"/>
  <member type="way" ref="83715025" role="outer"/>
  <member type="way" ref="83715024" role="outer"/>
  <member type="way" ref="84068155" role="outer"/>
  <member type="way" ref="51950164" role="outer"/>
  <member type="way" ref="23624663" role="outer"/>
  <member type="way" ref="142240101" role="outer"/>
  <member type="way" ref="24424606" role="outer"/>
  <member type="way" ref="85594168" role="outer"/>
  <member type="way" ref="51723236" role="outer"/>
  <member type="way" ref="24403489" role="outer"/>
  <member type="way" ref="51723235" role="outer"/>
  <member type="way" ref="51723234" role="outer"/>
  <member type="way" ref="39991331" role="outer"/>
  <member type="way" ref="52014312" role="outer"/>
  <member type="way" ref="1171252598" role="outer"/>
  <member type="way" ref="1213256296" role="outer"/>
  <member type="way" ref="1171252597" role="outer"/>
  <member type="way" ref="40026312" role="outer"/>
  <member type="way" ref="1171252595" role="outer"/>
  <member type="way" ref="1184513278" role="outer"/>
  <member type="way" ref="40026336" role="outer"/>
  <member type="way" ref="84056575" role="outer"/>
  <member type="way" ref="1490993986" role="outer"/>
  <member type="way" ref="1171252593" role="outer"/>
  <member type="way" ref="83946751" role="outer"/>
  <member type="way" ref="52014296" role="outer"/>
  <member type="way" ref="1527499873" role="outer"/>
  <member type="way" ref="40014961" role="outer"/>
  <member type="way" ref="85604087" role="outer"/>
  <member type="way" ref="494136156" role="outer"/>
  <member type="way" ref="494136151" role="outer"/>
  <member type="way" ref="521790356" role="outer"/>
  <member type="way" ref="494136152" role="outer"/>
  <member type="way" ref="521790391" role="outer"/>
  <member type="way" ref="494136165" role="outer"/>
  <member type="way" ref="521790373" role="outer"/>
  <member type="way" ref="521790392" role="outer"/>
  <member type="way" ref="835616859" role="outer"/>
  <member type="way" ref="85604088" role="outer"/>
  <member type="way" ref="835616842" role="outer"/>
  <member type="way" ref="835835929" role="outer"/>
  <member type="way" ref="311572975" role="outer"/>
  <member type="way" ref="887950265" role="outer"/>
  <member type="way" ref="8108928" role="outer"/>
  <member type="way" ref="1205082484" role="outer"/>
  <member type="way" ref="1205082483" role="outer"/>
  <member type="way" ref="51909347" role="outer"/>
  <member type="way" ref="1204773870" role="outer"/>
  <member type="way" ref="1204773841" role="outer"/>
  <member type="way" ref="1204773869" role="outer"/>
  <member type="way" ref="9811841" role="outer"/>
  <member type="way" ref="443199663" role="outer"/>
  <member type="way" ref="51909334" role="outer"/>
  <member type="way" ref="25056819" role="outer"/>
  <member type="way" ref="131593720" role="outer"/>
  <member type="way" ref="962221402" role="outer"/>
  <member type="way" ref="429982511" role="outer"/>
  <member type="way" ref="962221401" role="outer"/>
  <member type="way" ref="990981721" role="outer"/>
  <member type="way" ref="157320202" role="outer"/>
  <member type="way" ref="157320234" role="outer"/>
  <member type="way" ref="83938837" role="outer"/>
  <member type="way" ref="594442892" role="outer"/>
  <member type="way" ref="157320108" role="outer"/>
  <member type="way" ref="242196035" role="outer"/>
  <member type="way" ref="1097338640" role="outer"/>
  <member type="way" ref="28505634" role="outer"/>
  <member type="way" ref="192585230" role="outer"/>
  <member type="way" ref="192584401" role="outer"/>
  <member type="way" ref="608739079" role="outer"/>
  <member type="way" ref="608739078" role="outer"/>
  <member type="way" ref="192584570" role="outer"/>
  <member type="way" ref="10781149" role="outer"/>
  <member type="way" ref="197150838" role="outer"/>
  <member type="way" ref="1006588116" role="outer"/>
  <member type="way" ref="157320112" role="outer"/>
  <member type="way" ref="298885434" role="outer"/>
  <member type="way" ref="28132338" role="outer"/>
  <member type="way" ref="83938807" role="outer"/>
  <member type="way" ref="83938814" role="outer"/>
  <member type="way" ref="83938833" role="outer"/>
  <member type="way" ref="85599668" role="outer"/>
  <member type="way" ref="23371914" role="outer"/>
  <member type="way" ref="55495994" role="outer"/>
  <member type="way" ref="85709064" role="outer"/>
  <member type="way" ref="23368466" role="outer"/>
  <member type="way" ref="23368440" role="outer"/>
  <member type="way" ref="285753464" role="outer"/>
  <member type="way" ref="285753463" role="outer"/>
  <member type="way" ref="334184977" role="outer"/>
  <member type="way" ref="37953252" role="outer"/>
  <member type="way" ref="37953249" role="outer"/>
  <member type="way" ref="85599671" role="outer"/>
  <member type="way" ref="97370453" role="outer"/>
  <member type="way" ref="38676485" role="outer"/>
  <member type="way" ref="38676479" role="outer"/>
  <member type="way" ref="38000938" role="outer"/>
  <member type="way" ref="38676480" role="outer"/>
  <member type="way" ref="186398956" role="outer"/>
  <member type="way" ref="30330013" role="outer"/>
  <member type="way" ref="157320118" role="outer"/>
  <member type="way" ref="248835556" role="outer"/>
  <member type="way" ref="884618750" role="outer"/>
  <member type="way" ref="39436678" role="outer"/>
  <member type="way" ref="241265384" role="outer"/>
  <member type="way" ref="85706828" role="outer"/>
  <member type="way" ref="85599662" role="outer"/>
  <member type="way" ref="127751042" role="outer"/>
  <member type="way" ref="127751046" role="outer"/>
  <member type="way" ref="312777194" role="outer"/>
  <member type="way" ref="313214069" role="outer"/>
  <member type="way" ref="157320082" role="outer"/>
  <member type="way" ref="1329959009" role="outer"/>
  <member type="way" ref="985114917" role="outer"/>
  <member type="way" ref="1338090660" role="outer"/>
  <member type="way" ref="157320079" role="outer"/>
  <member type="way" ref="1329959010" role="outer"/>
  <member type="way" ref="47967687" role="outer"/>
  <member type="way" ref="55939357" role="outer"/>
  <member type="way" ref="23680719" role="outer"/>
  <member type="way" ref="157320184" role="outer"/>
  <member type="way" ref="1073884734" role="outer"/>
  <member type="way" ref="1170990472" role="outer"/>
  <member type="way" ref="46521585" role="outer"/>
  <member type="way" ref="31960461" role="outer"/>
  <member type="way" ref="23129088" role="outer"/>
  <member type="way" ref="84039111" role="outer"/>
  <member type="way" ref="84039114" role="outer"/>
  <member type="way" ref="46421649" role="outer"/>
  <member type="way" ref="500498147" role="outer"/>
  <member type="way" ref="84039107" role="outer"/>
  <member type="way" ref="200915763" role="outer"/>
  <member type="way" ref="1515986472" role="outer"/>
  <member type="way" ref="84039102" role="outer"/>
  <member type="way" ref="1071201351" role="outer"/>
  <member type="way" ref="1071201350" role="outer"/>
  <member type="way" ref="955797894" role="outer"/>
  <member type="way" ref="1071201352" role="outer"/>
  <member type="way" ref="1071201353" role="outer"/>
  <member type="way" ref="1071222102" role="outer"/>
  <member type="way" ref="84488127" role="outer"/>
  <member type="way" ref="83535567" role="outer"/>
  <member type="way" ref="1071291404" role="outer"/>
  <member type="way" ref="133315507" role="outer"/>
  <member type="way" ref="1071204739" role="outer"/>
  <member type="way" ref="83543817" role="outer"/>
  <member type="way" ref="102785144" role="outer"/>
  <member type="way" ref="474728678" role="outer"/>
  <member type="way" ref="361769510" role="outer"/>
  <member type="way" ref="361769336" role="outer"/>
  <member type="way" ref="361769324" role="outer"/>
  <member type="way" ref="83714719" role="outer"/>
  <member type="way" ref="11292796" role="outer"/>
  <member type="way" ref="1190245010" role="outer"/>
  <member type="way" ref="1055111186" role="outer"/>
  <member type="way" ref="1239763395" role="outer"/>
  <member type="way" ref="238828407" role="outer"/>
  <member type="way" ref="1239763396" role="outer"/>
  <member type="way" ref="1239763401" role="outer"/>
  <member type="way" ref="418982891" role="outer"/>
  <member type="way" ref="1239763402" role="outer"/>
  <member type="way" ref="1055111187" role="outer"/>
  <member type="way" ref="1239763403" role="outer"/>
  <member type="way" ref="1194939651" role="outer"/>
  <member type="way" ref="1194939711" role="outer"/>
  <member type="way" ref="1239763405" role="outer"/>
  <member type="way" ref="1194939960" role="outer"/>
  <member type="way" ref="1239763409" role="outer"/>
  <member type="way" ref="1239763411" role="outer"/>
  <member type="way" ref="1194940009" role="outer"/>
  <member type="way" ref="233038886" role="outer"/>
  <member type="way" ref="1194940232" role="outer"/>
  <member type="way" ref="1239727485" role="outer"/>
  <member type="way" ref="1087485235" role="outer"/>
  <member type="way" ref="1227009314" role="outer"/>
  <member type="way" ref="1239727486" role="outer"/>
  <member type="way" ref="25552532" role="outer"/>
  <member type="way" ref="1510529840" role="outer"/>
  <member type="way" ref="233038835" role="outer"/>
  <member type="way" ref="377055332" role="outer"/>
  <member type="way" ref="1227121666" role="outer"/>
  <member type="way" ref="1346216964" role="outer"/>
  <member type="way" ref="1227121667" role="outer"/>
  <member type="way" ref="377055330" role="outer"/>
  <member type="way" ref="1227121668" role="outer"/>
  <member type="way" ref="11969152" role="outer"/>
  <member type="way" ref="377055338" role="outer"/>
  <member type="way" ref="734603321" role="outer"/>
  <member type="way" ref="1346119689" role="outer"/>
  <member type="way" ref="377055343" role="outer"/>
  <member type="way" ref="1346070400" role="outer"/>
  <member type="way" ref="734603322" role="outer"/>
  <member type="way" ref="1231236479" role="outer"/>
  <member type="way" ref="36054778" role="outer"/>
  <member type="way" ref="377055336" role="outer"/>
  <member type="way" ref="377055334" role="outer"/>
  <member type="way" ref="1346070419" role="outer"/>
  <member type="way" ref="219015502" role="outer"/>
  <member type="way" ref="11969088" role="outer"/>
  <member type="way" ref="1216573217" role="outer"/>
  <member type="way" ref="8880606" role="outer"/>
  <member type="way" ref="11840509" role="outer"/>
  <member type="way" ref="1231236477" role="outer"/>
  <member type="way" ref="1231236476" role="outer"/>
  <member type="way" ref="1231236475" role="outer"/>
  <member type="way" ref="1231236470" role="outer"/>
  <member type="way" ref="1231236473" role="outer"/>
  <member type="way" ref="1231236469" role="outer"/>
  <member type="way" ref="257664216" role="outer"/>
  <member type="way" ref="1231236456" role="outer"/>
  <member type="way" ref="1231236455" role="outer"/>
  <member type="way" ref="1231432892" role="outer"/>
  <member type="way" ref="1231432891" role="outer"/>
  <member type="way" ref="16102600" role="outer"/>
  <member type="way" ref="1231432889" role="outer"/>
  <member type="way" ref="427501838" role="outer"/>
  <member type="way" ref="83714726" role="outer"/>
  <member type="way" ref="83714727" role="outer"/>
  <member type="way" ref="580645162" role="outer"/>
  <member type="way" ref="458973484" role="outer"/>
  <member type="relation" ref="1257484" role="subarea"/>
  <member type="relation" ref="2162195" role="subarea"/>
  <member type="relation" ref="1255942" role="subarea"/>
  <member type="relation" ref="1257218" role="subarea"/>
  <member type="relation" ref="364001" role="subarea"/>
  <member type="relation" ref="1275551" role="subarea"/>
  <member type="relation" ref="1275608" role="subarea"/>
  <member type="relation" ref="1257786" role="subarea"/>
  <member type="relation" ref="1255987" role="subarea"/>
  <member type="relation" ref="1275627" role="subarea"/>
  <tag k="addr:country" v="RU"/>
  <tag k="addr:region" v="Москва"/>
  <tag k="admin_level" v="5"/>
  <tag k="boundary" v="administrative"/>
  <tag k="contact:website" v="http://cao.mos.ru/"/>
  <tag k="name" v="Центральный административный округ"/>
  <tag k="name:be" v="Цэнтральная адміністрацыйная акруга"/>
  <tag k="name:ca" v="Districte administratiu central"/>
  <tag k="name:de" v="Zentraler Verwaltungsbezirk"/>
  <tag k="name:en" v="Central Administrative Okrug"/>
  <tag k="name:es" v="Distrito Administrativo Central"/>
  <tag k="name:hr" v="Središnji upravni okrug"/>
  <tag k="name:ru" v="Центральный административный округ"/>
  <tag k="name:uk" v="Центральний адміністративний округ"/>
  <tag k="name:zh" v="中央行政区"/>
  <tag k="name:zh-Hans" v="中央行政区"/>
  <tag k="name:zh-Hant" v="中央行政區"/>
  <tag k="ref" v="ЦАО"/>
  <tag k="type" v="boundary"/>
  <tag k="wikidata" v="Q190412"/>
  <tag k="wikipedia" v="ru:Центральный административный округ"/>
 </relation>
 <relation id="3299879" visible="true" version="118" changeset="188151446" timestamp="2026-08-28T14:40:04Z" user="Bobropiton" uid="2055718">
  <member type="node" ref="471836117" role="stop_entry_only"/>
  <member type="way" ref="1150819560" role="platform_entry_only"/>
  <member type="node" ref="1984654065" role="stop"/>
  <member type="way" ref="1170956482" role="platform"/>
  <member type="node" ref="1984653987" role="stop"/>
  <member type="way" ref="1170956481" role="platform"/>
  <member type="node" ref="1984653782" role="stop"/>
  <member type="node" ref="10881614706" role="platform"/>
  <member type="node" ref="1984653803" role="stop"/>
  <member type="node" ref="10881614705" role="platform"/>
  <member type="node" ref="1984653797" role="stop"/>
  <member type="node" ref="10881523403" role="platform"/>
  <member type="node" ref="1984653772" role="stop"/>
  <member type="node" ref="10707781441" role="platform"/>
  <member type="node" ref="1984653750" role="stop"/>
  <member type="node" ref="10707781445" role="platform"/>
  <member type="node" ref="1984681642" role="stop"/>
  <member type="node" ref="6368043533" role="platform"/>
  <member type="node" ref="1984682069" role="stop"/>
  <member type="node" ref="5133966223" role="platform"/>
  <member type="node" ref="1984681582" role="stop"/>
  <member type="node" ref="10881644525" role="platform"/>
  <member type="node" ref="1984681577" role="stop"/>
  <member type="node" ref="10881644527" role="platform"/>
  <member type="node" ref="1984681614" role="stop"/>
  <member type="node" ref="1373930850" role="platform"/>
  <member type="node" ref="1984681612" role="stop"/>
  <member type="node" ref="4477197610" role="platform"/>
  <member type="node" ref="1984518219" role="stop"/>
  <member type="node" ref="10881177302" role="platform"/>
  <member type="node" ref="1984518173" role="stop"/>
  <member type="way" ref="438394815" role="platform"/>
  <member type="node" ref="1984534523" role="stop"/>
  <member type="way" ref="201799122" role="platform"/>
  <member type="node" ref="4886737498" role="stop"/>
  <member type="way" ref="1150828068" role="platform"/>
  <member type="node" ref="1992978972" role="stop"/>
  <member type="way" ref="1150828067" role="platform"/>
  <member type="node" ref="3599958537" role="stop"/>
  <member type="way" ref="1305786261" role="platform"/>
  <member type="node" ref="1992978966" role="stop"/>
  <member type="way" ref="303136155" role="platform"/>
  <member type="node" ref="1992978970" role="stop"/>
  <member type="way" ref="481040050" role="platform"/>
  <member type="node" ref="387747233" role="stop"/>
  <member type="relation" ref="19172712" role="platform"/>
  <member type="node" ref="13134322142" role="stop"/>
  <member type="node" ref="13125509309" role="platform"/>
  <member type="node" ref="2214943613" role="stop"/>
  <member type="way" ref="1430068537" role="platform"/>
  <member type="node" ref="697485006" role="stop"/>
  <member type="way" ref="1430068539" role="platform"/>
  <member type="node" ref="473120403" role="stop"/>
  <member type="way" ref="1170509257" role="platform"/>
  <member type="node" ref="697485002" role="stop"/>
  <member type="way" ref="1170509264" role="platform"/>
  <member type="node" ref="697485003" role="stop"/>
  <member type="node" ref="8840267187" role="platform"/>
  <member type="node" ref="4656724436" role="stop"/>
  <member type="node" ref="10879826621" role="platform"/>
  <member type="node" ref="1257401483" role="stop"/>
  <member type="node" ref="10879826643" role="platform"/>
  <member type="node" ref="3016214907" role="stop"/>
  <member type="node" ref="13681898602" role="platform"/>
  <member type="node" ref="3598834231" role="stop"/>
  <member type="way" ref="1170420980" role="platform"/>
  <member type="node" ref="1257401477" role="stop"/>
  <member type="way" ref="1170420985" role="platform"/>
  <member type="node" ref="3016716232" role="stop"/>
  <member type="way" ref="1170420988" role="platform"/>
  <member type="node" ref="1257401460" role="stop"/>
  <member type="way" ref="1170420990" role="platform"/>
  <member type="node" ref="12464935103" role="stop"/>
  <member type="way" ref="1346070427" role="platform"/>
  <member type="node" ref="4291992598" role="stop"/>
  <member type="node" ref="1952548279" role="platform"/>
  <member type="node" ref="4291989485" role="stop"/>
  <member type="way" ref="660107454" role="platform"/>
  <member type="node" ref="6180449287" role="stop"/>
  <member type="way" ref="660107458" role="platform"/>
  <member type="node" ref="1927810165" role="stop"/>
  <member type="way" ref="660107463" role="platform"/>
  <member type="node" ref="6173481393" role="stop"/>
  <member type="way" ref="526763876" role="platform"/>
  <member type="node" ref="5041552959" role="stop_exit_only"/>
  <member type="way" ref="551509578" role="platform_exit_only"/>
  <member type="way" ref="1290274928" role=""/>
  <member type="way" ref="1290274932" role=""/>
  <member type="way" ref="1290274934" role=""/>
  <member type="way" ref="1290274936" role=""/>
  <member type="way" ref="1290274937" role=""/>
  <member type="way" ref="1290274939" role=""/>
  <member type="way" ref="1290274941" role=""/>
  <member type="way" ref="1290274943" role=""/>
  <member type="way" ref="1290274946" role=""/>
  <member type="way" ref="1290274950" role=""/>
  <member type="way" ref="1290274949" role=""/>
  <member type="way" ref="1290274953" role=""/>
  <member type="way" ref="1290274954" role=""/>
  <member type="way" ref="1290274956" role=""/>
  <member type="way" ref="1290274957" role=""/>
  <member type="way" ref="187820391" role=""/>
  <member type="way" ref="1290274959" role=""/>
  <member type="way" ref="1290274961" role=""/>
  <member type="way" ref="1290274963" role=""/>
  <member type="way" ref="1290274964" role=""/>
  <member type="way" ref="1290274967" role=""/>
  <member type="way" ref="1290274969" role=""/>
  <member type="way" ref="187990764" role=""/>
  <member type="way" ref="187826594" role=""/>
  <member type="way" ref="1290274882" role=""/>
  <member type="way" ref="1290274884" role=""/>
  <member type="way" ref="1290274885" role=""/>
  <member type="way" ref="1290274888" role=""/>
  <member type="way" ref="1290274890" role=""/>
  <member type="way" ref="1290274892" role=""/>
  <member type="way" ref="1290274894" role=""/>
  <member type="way" ref="1290274896" role=""/>
  <member type="way" ref="1290274898" role=""/>
  <member type="way" ref="1290274900" role=""/>
  <member type="way" ref="1290274902" role=""/>
  <member type="way" ref="1290274904" role=""/>
  <member type="way" ref="1290274906" role=""/>
  <member type="way" ref="1290274909" role=""/>
  <member type="way" ref="1290274911" role=""/>
  <member type="way" ref="187820033" role=""/>
  <member type="way" ref="1290274913" role=""/>
  <member type="way" ref="187824540" role=""/>
  <member type="way" ref="187824545" role=""/>
  <member type="way" ref="187812480" role=""/>
  <member type="way" ref="1291298410" role=""/>
  <member type="way" ref="187812488" role=""/>
  <member type="way" ref="1291298408" role=""/>
  <member type="way" ref="1291298406" role=""/>
  <member type="way" ref="187812491" role=""/>
  <member type="way" ref="538432998" role=""/>
  <member type="way" ref="1291298405" role=""/>
  <member type="way" ref="187812474" role=""/>
  <member type="way" ref="1291298402" role=""/>
  <member type="way" ref="187812496" role=""/>
  <member type="way" ref="187812494" role=""/>
  <member type="way" ref="187812486" role=""/>
  <member type="way" ref="188198487" role=""/>
  <member type="way" ref="1293039590" role=""/>
  <member type="way" ref="1293039592" role=""/>
  <member type="way" ref="1293039594" role=""/>
  <member type="way" ref="1293039596" role=""/>
  <member type="way" ref="1293039599" role=""/>
  <member type="way" ref="188675673" role=""/>
  <member type="way" ref="227097891" role=""/>
  <member type="way" ref="211483887" role=""/>
  <member type="way" ref="1293039600" role=""/>
  <member type="way" ref="1293039603" role=""/>
  <member type="way" ref="1293039604" role=""/>
  <member type="way" ref="1293039606" role=""/>
  <member type="way" ref="1293039608" role=""/>
  <member type="way" ref="1293039610" role=""/>
  <member type="way" ref="1293039612" role=""/>
  <member type="way" ref="1422439612" role=""/>
  <member type="way" ref="1421789560" role=""/>
  <member type="way" ref="227097898" role=""/>
  <member type="way" ref="1293039619" role=""/>
  <member type="way" ref="211483883" role=""/>
  <member type="way" ref="211483894" role=""/>
  <member type="way" ref="1293104268" role=""/>
  <member type="way" ref="426929346" role=""/>
  <member type="way" ref="1293104269" role=""/>
  <member type="way" ref="1293104271" role=""/>
  <member type="way" ref="1293104274" role=""/>
  <member type="way" ref="1293104276" role=""/>
  <member type="way" ref="1293104277" role=""/>
  <member type="way" ref="1293104280" role=""/>
  <member type="way" ref="211486428" role=""/>
  <member type="way" ref="1293104281" role=""/>
  <member type="way" ref="426929342" role=""/>
  <member type="way" ref="1293104284" role=""/>
  <member type="way" ref="1293104286" role=""/>
  <member type="way" ref="1293104287" role=""/>
  <member type="way" ref="1293104288" role=""/>
  <member type="way" ref="1293104292" role=""/>
  <member type="way" ref="1293104293" role=""/>
  <member type="way" ref="1293104295" role=""/>
  <member type="way" ref="1293104297" role=""/>
  <member type="way" ref="1293104300" role=""/>
  <member type="way" ref="1293104302" role=""/>
  <member type="way" ref="1293104305" role=""/>
  <member type="way" ref="1293104307" role=""/>
  <member type="way" ref="1293104309" role=""/>
  <member type="way" ref="1293104311" role=""/>
  <member type="way" ref="1293104312" role=""/>
  <member type="way" ref="1293104315" role=""/>
  <member type="way" ref="1293104317" role=""/>
  <member type="way" ref="1293104319" role=""/>
  <member type="way" ref="1293104321" role=""/>
  <member type="way" ref="1293104322" role=""/>
  <member type="way" ref="1293104325" role=""/>
  <member type="way" ref="1293104327" role=""/>
  <member type="way" ref="1293104328" role=""/>
  <member type="way" ref="1293104331" role=""/>
  <member type="way" ref="1293104333" role=""/>
  <member type="way" ref="1293104334" role=""/>
  <member type="way" ref="1293104337" role=""/>
  <member type="way" ref="297710026" role=""/>
  <member type="way" ref="1293104339" role=""/>
  <member type="way" ref="296898771" role=""/>
  <member type="way" ref="309118043" role=""/>
  <member type="way" ref="1293396914" role=""/>
  <member type="way" ref="1293396916" role=""/>
  <member type="way" ref="1293396917" role=""/>
  <member type="way" ref="1293396918" role=""/>
  <member type="way" ref="309118047" role=""/>
  <member type="way" ref="1293396922" role=""/>
  <member type="way" ref="296896721" role=""/>
  <member type="way" ref="309117270" role=""/>
  <member type="way" ref="309117271" role=""/>
  <member type="way" ref="1293396945" role=""/>
  <member type="way" ref="1293396948" role=""/>
  <member type="way" ref="429982505" role=""/>
  <member type="way" ref="1293396950" role=""/>
  <member type="way" ref="1293396949" role=""/>
  <member type="way" ref="1293396955" role=""/>
  <member type="way" ref="1293396953" role=""/>
  <tag k="air_conditioning" v="yes"/>
  <tag k="bicycle" v="yes"/>
  <tag k="blind" v="limited"/>
  <tag k="charge:all-in-one" v="90 RUB"/>
  <tag k="charge:cards" v="83 RUB"/>
  <tag k="charge:sbp" v="83 RUB"/>
  <tag k="charge:troika" v="75 RUB"/>
  <tag k="charge:troika_qr" v="75 RUB"/>
  <tag k="check_date" v="2023-05-11"/>
  <tag k="colour" v="black"/>
  <tag k="deaf" v="yes"/>
  <tag k="fee" v="yes"/>
  <tag k="fine:ticketless" v="5000 RUB"/>
  <tag k="from" v="Метро «Бульвар Рокоссовского»"/>
  <tag k="name" v="Трамвай 7: Метро «Бульвар Рокоссовского» =&gt; Белорусский вокзал"/>
  <tag k="name:uk" v="Трамвай 7: Метро &quot;Бульвар Рокосовського&quot; =&gt; Білоруський вокзал"/>
  <tag k="network" v="Московский транспорт"/>
  <tag k="operator" v="ГУП «Московский метрополитен»"/>
  <tag k="payment:cards" v="yes"/>
  <tag k="payment:cash" v="no"/>
  <tag k="payment:contactless" v="yes"/>
  <tag k="payment:maestro" v="no"/>
  <tag k="payment:mastercard" v="no"/>
  <tag k="payment:mir" v="yes"/>
  <tag k="payment:nfc" v="yes"/>
  <tag k="payment:podorozhnik" v="no"/>
  <tag k="payment:sbp" v="yes"/>
  <tag k="payment:social_cards" v="yes"/>
  <tag k="payment:strelka" v="no"/>
  <tag k="payment:troika" v="yes"/>
  <tag k="payment:visa" v="no"/>
  <tag k="public_transport:version" v="2"/>
  <tag k="ref" v="7"/>
  <tag k="route" v="tram"/>
  <tag k="source" v="Реестр маршрутов города Москвы"/>
  <tag k="to" v="Белорусский вокзал"/>
  <tag k="tram_class:length" v="5"/>
  <tag k="type" v="route"/>
  <tag k="website" v="https://transport.mos.ru/transport/schedule/route/867"/>
  <tag k="wheelchair" v="yes"/>
  <tag k="wikidata" v="Q122585349"/>
 </relation>
 <relation id="3299881" visible="true" version="7" changeset="141315376" timestamp="2023-09-15T18:34:10Z" user="bouzinac" uid="10286707">
  <member type="relation" ref="556900" role=""/>
  <member type="relation" ref="3299879" role=""/>
  <tag k="colour" v="black"/>
  <tag k="name" v="Трамвай 7: Метро «Бульвар Рокоссовского» &lt;=&gt; Тверская Застава"/>
  <tag k="network" v="Московский транспорт"/>
  <tag k="operator" v="ГУП «Московский метрополитен»"/>
  <tag k="ref" v="7"/>
  <tag k="route_master" v="tram"/>
  <tag k="source" v="Реестр маршрутов города Москвы"/>
  <tag k="tram_class:length" v="5"/>
  <tag k="type" v="route_master"/>
  <tag k="website" v="https://transport.mos.ru/transport/schedule/route/867"/>
  <tag k="wikidata" v="Q122585349"/>
 </relation>
 <relation id="4189041" visible="true" version="44" changeset="177760961" timestamp="2026-01-27T12:30:24Z" user="NasuFoito" uid="23298465">
  <member type="way" ref="312489323" role="outer"/>
  <member type="way" ref="170084105" role="outer"/>
  <member type="way" ref="312489347" role="outer"/>
  <tag k="amenity" v="college"/>
  <tag k="contact:email" v="kmt@edu.mos.ru"/>
  <tag k="contact:phone" v="+7 495 3000400"/>
  <tag k="contact:website" v="https://kmt.moscow/"/>
  <tag k="education" v="college"/>
  <tag k="education_level:secondary" v="yes"/>
  <tag k="education_profile:professional" v="yes"/>
  <tag k="education_system:ru_standard" v="yes"/>
  <tag k="name" v="Колледж Московского транспорта. Территория № 1"/>
  <tag k="official_name" v="Государственное бюджетное профессиональное образовательное учреждение города Москвы «Колледж Московского транспорта». Территория № 1"/>
  <tag k="old_name" v="Колледж железнодорожного и городского транспорта"/>
  <tag k="operator" v="ГБПОУ КМТ"/>
  <tag k="ownership" v="state"/>
  <tag k="short_name" v="ГБПОУ КМТ"/>
  <tag k="type" v="multipolygon"/>
 </relation>
 <relation id="4189042" visible="true" version="2" changeset="98655058" timestamp="2021-02-03T16:08:32Z" user="solenoid jam" uid="10129333">
  <member type="way" ref="903445843" role="outer"/>
  <member type="way" ref="903445846" role="outer"/>
  <member type="way" ref="903445840" role="outer"/>
  <member type="way" ref="312489327" role="outer"/>
  <member type="way" ref="312489328" role="outer"/>
  <member type="way" ref="312489325" role="outer"/>
  <member type="way" ref="312489347" role="outer"/>
  <tag k="landuse" v="residential"/>
  <tag k="residential" v="urban"/>
  <tag k="type" v="multipolygon"/>
 </relation>
 <relation id="5424719" visible="true" version="38" changeset="183616295" timestamp="2026-06-03T22:41:46Z" user="Grass-snake" uid="11321493">
  <member type="way" ref="179696129" role="outer"/>
  <member type="way" ref="364860379" role="outer"/>
  <member type="way" ref="179696126" role="outer"/>
  <member type="way" ref="684553019" role="outer"/>
  <member type="way" ref="1525939068" role="outer"/>
  <member type="way" ref="179696120" role="outer"/>
  <member type="way" ref="1423675711" role="outer"/>
  <member type="way" ref="1423675710" role="outer"/>
  <member type="way" ref="179696097" role="outer"/>
  <tag k="addr:city" v="Москва"/>
  <tag k="addr:housenumber" v="27"/>
  <tag k="addr:postcode" v="129090"/>
  <tag k="addr:street" v="Грохольский переулок"/>
  <tag k="check_date" v="2023-04-04"/>
  <tag k="country" v="JP"/>
  <tag k="diplomatic" v="embassy"/>
  <tag k="landuse" v="commercial"/>
  <tag k="name" v="посольство Японии"/>
  <tag k="name:ca" v="Ambaixada del Japó"/>
  <tag k="name:de" v="Botschaft von Japan"/>
  <tag k="name:en" v="Embassy of Japan"/>
  <tag k="name:fr" v="Ambassade du Japon"/>
  <tag k="name:ja" v="日本国大使館"/>
  <tag k="name:ru" v="посольство Японии"/>
  <tag k="office" v="diplomatic"/>
  <tag k="official_name" v="Посольство Японии в Российской Федерации"/>
  <tag k="official_name:de" v="Botschaft von Japan in der Russischen Föderation"/>
  <tag k="official_name:en" v="Embassy of Japan in Russian Federation"/>
  <tag k="official_name:ja" v="在ロシア日本国大使館"/>
  <tag k="official_name:ru" v="Посольство Японии в Российской Федерации"/>
  <tag k="phone" v="+7(495)229-2550"/>
  <tag k="target" v="RU"/>
  <tag k="type" v="multipolygon"/>
  <tag k="website" v="https://www.ru.emb-japan.go.jp/"/>
  <tag k="wikidata" v="Q3936326"/>
 </relation>
 <relation id="7688148" visible="true" version="83" changeset="183821828" timestamp="2026-06-08T10:42:17Z" user="Bobropiton" uid="2055718">
  <member type="way" ref="1205082483" role="outer"/>
  <member type="way" ref="1205082484" role="outer"/>
  <member type="way" ref="8108928" role="outer"/>
  <member type="way" ref="887950265" role="outer"/>
  <member type="way" ref="311572975" role="outer"/>
  <member type="way" ref="835835929" role="outer"/>
  <member type="way" ref="835616842" role="outer"/>
  <member type="way" ref="85604088" role="outer"/>
  <member type="way" ref="835616859" role="outer"/>
  <member type="way" ref="521790392" role="outer"/>
  <member type="way" ref="521790373" role="outer"/>
  <member type="way" ref="494136165" role="outer"/>
  <member type="way" ref="521790391" role="outer"/>
  <member type="way" ref="494136152" role="outer"/>
  <member type="way" ref="521790356" role="outer"/>
  <member type="way" ref="494136151" role="outer"/>
  <member type="way" ref="494136156" role="outer"/>
  <member type="way" ref="85604087" role="outer"/>
  <member type="way" ref="40014961" role="outer"/>
  <member type="way" ref="1527499873" role="outer"/>
  <member type="way" ref="52014296" role="outer"/>
  <member type="way" ref="83946751" role="outer"/>
  <member type="way" ref="1171252593" role="outer"/>
  <member type="way" ref="1490993986" role="outer"/>
  <member type="way" ref="84056575" role="outer"/>
  <member type="way" ref="40026336" role="outer"/>
  <member type="way" ref="1184513278" role="outer"/>
  <member type="way" ref="1171252595" role="outer"/>
  <member type="way" ref="40026312" role="outer"/>
  <member type="way" ref="1171252597" role="outer"/>
  <member type="way" ref="1213256296" role="outer"/>
  <member type="way" ref="1171252598" role="outer"/>
  <member type="way" ref="52014312" role="outer"/>
  <member type="way" ref="39991331" role="outer"/>
  <member type="way" ref="51723234" role="outer"/>
  <member type="way" ref="51723235" role="outer"/>
  <member type="way" ref="24403489" role="outer"/>
  <member type="way" ref="51723236" role="outer"/>
  <member type="way" ref="85594168" role="outer"/>
  <member type="way" ref="24424606" role="outer"/>
  <member type="way" ref="142240101" role="outer"/>
  <member type="way" ref="23624663" role="outer"/>
  <member type="way" ref="51950164" role="outer"/>
  <member type="way" ref="84068155" role="outer"/>
  <member type="way" ref="83715024" role="outer"/>
  <member type="way" ref="83715025" role="outer"/>
  <member type="way" ref="19036459" role="outer"/>
  <member type="way" ref="1428246378" role="outer"/>
  <member type="way" ref="1428246379" role="outer"/>
  <member type="way" ref="458973484" role="outer"/>
  <member type="way" ref="580645162" role="outer"/>
  <member type="way" ref="83714727" role="outer"/>
  <member type="way" ref="83714726" role="outer"/>
  <member type="way" ref="427501838" role="outer"/>
  <member type="way" ref="1231432889" role="outer"/>
  <member type="way" ref="16102600" role="outer"/>
  <member type="way" ref="1231432891" role="outer"/>
  <member type="way" ref="1231432892" role="outer"/>
  <member type="way" ref="1231236455" role="outer"/>
  <member type="way" ref="1231236456" role="outer"/>
  <member type="way" ref="257664216" role="outer"/>
  <member type="way" ref="1231236469" role="outer"/>
  <member type="way" ref="1231236473" role="outer"/>
  <member type="way" ref="1231236470" role="outer"/>
  <member type="way" ref="1231236475" role="outer"/>
  <member type="way" ref="1231236476" role="outer"/>
  <member type="way" ref="1231236477" role="outer"/>
  <member type="way" ref="11840509" role="outer"/>
  <member type="way" ref="8880606" role="outer"/>
  <member type="way" ref="1216573217" role="outer"/>
  <member type="way" ref="11969088" role="outer"/>
  <member type="way" ref="219015502" role="outer"/>
  <member type="way" ref="1346070419" role="outer"/>
  <member type="way" ref="377055334" role="outer"/>
  <member type="way" ref="377055336" role="outer"/>
  <member type="way" ref="36054778" role="outer"/>
  <member type="way" ref="1231236479" role="outer"/>
  <member type="way" ref="734603322" role="outer"/>
  <member type="way" ref="1346070400" role="outer"/>
  <member type="way" ref="377055343" role="outer"/>
  <member type="way" ref="1346119689" role="outer"/>
  <member type="way" ref="734603321" role="outer"/>
  <member type="way" ref="377055338" role="outer"/>
  <member type="way" ref="11969152" role="outer"/>
  <member type="way" ref="1227121668" role="outer"/>
  <member type="way" ref="377055330" role="outer"/>
  <member type="way" ref="1227121667" role="outer"/>
  <member type="way" ref="1346216964" role="outer"/>
  <member type="way" ref="1227121666" role="outer"/>
  <member type="way" ref="377055332" role="outer"/>
  <member type="way" ref="233038835" role="outer"/>
  <member type="way" ref="25552532" role="outer"/>
  <member type="way" ref="1239727486" role="outer"/>
  <member type="way" ref="1227009314" role="outer"/>
  <member type="way" ref="1087485235" role="outer"/>
  <member type="way" ref="1239727485" role="outer"/>
  <member type="way" ref="1194940232" role="outer"/>
  <member type="way" ref="233038886" role="outer"/>
  <member type="way" ref="1194940009" role="outer"/>
  <member type="way" ref="1239763411" role="outer"/>
  <member type="way" ref="1239763409" role="outer"/>
  <member type="way" ref="1194939960" role="outer"/>
  <member type="way" ref="1239763405" role="outer"/>
  <member type="way" ref="1194939711" role="outer"/>
  <member type="way" ref="1194939651" role="outer"/>
  <member type="way" ref="1239763403" role="outer"/>
  <member type="way" ref="1055111187" role="outer"/>
  <member type="way" ref="1239763402" role="outer"/>
  <member type="way" ref="418982891" role="outer"/>
  <member type="way" ref="1239763401" role="outer"/>
  <member type="way" ref="1239763396" role="outer"/>
  <member type="way" ref="238828407" role="outer"/>
  <member type="way" ref="1239763395" role="outer"/>
  <member type="way" ref="1055111186" role="outer"/>
  <member type="way" ref="1190245010" role="outer"/>
  <member type="way" ref="11292796" role="outer"/>
  <member type="way" ref="83714719" role="outer"/>
  <member type="way" ref="361769324" role="outer"/>
  <member type="way" ref="361769336" role="outer"/>
  <member type="way" ref="361769510" role="outer"/>
  <member type="way" ref="474728678" role="outer"/>
  <member type="way" ref="102785144" role="outer"/>
  <member type="way" ref="83543817" role="outer"/>
  <member type="way" ref="1071204739" role="outer"/>
  <member type="way" ref="133315507" role="outer"/>
  <member type="way" ref="1071291404" role="outer"/>
  <member type="way" ref="83535567" role="outer"/>
  <member type="way" ref="84488127" role="outer"/>
  <member type="way" ref="1071222102" role="outer"/>
  <member type="way" ref="1071201353" role="outer"/>
  <member type="way" ref="1071201352" role="outer"/>
  <member type="way" ref="955797894" role="outer"/>
  <member type="way" ref="1071201350" role="outer"/>
  <member type="way" ref="1071201351" role="outer"/>
  <member type="way" ref="84039102" role="outer"/>
  <member type="way" ref="1515986472" role="outer"/>
  <member type="way" ref="200915763" role="outer"/>
  <member type="way" ref="84039107" role="outer"/>
  <member type="way" ref="500498147" role="outer"/>
  <member type="way" ref="46421649" role="outer"/>
  <member type="way" ref="84039114" role="outer"/>
  <member type="way" ref="84039111" role="outer"/>
  <member type="way" ref="23129088" role="outer"/>
  <member type="way" ref="31960461" role="outer"/>
  <member type="way" ref="46521585" role="outer"/>
  <member type="way" ref="1170990472" role="outer"/>
  <member type="way" ref="1073884734" role="outer"/>
  <member type="way" ref="157320184" role="outer"/>
  <member type="way" ref="23680719" role="outer"/>
  <member type="way" ref="55939357" role="outer"/>
  <member type="way" ref="47967687" role="outer"/>
  <member type="way" ref="1329959010" role="outer"/>
  <member type="way" ref="157320079" role="outer"/>
  <member type="way" ref="1338090660" role="outer"/>
  <member type="way" ref="985114917" role="outer"/>
  <member type="way" ref="1329959009" role="outer"/>
  <member type="way" ref="157320082" role="outer"/>
  <member type="way" ref="313214069" role="outer"/>
  <member type="way" ref="312777194" role="outer"/>
  <member type="way" ref="127751046" role="outer"/>
  <member type="way" ref="127751042" role="outer"/>
  <member type="way" ref="85599662" role="outer"/>
  <member type="way" ref="85706828" role="outer"/>
  <member type="way" ref="241265384" role="outer"/>
  <member type="way" ref="39436678" role="outer"/>
  <member type="way" ref="884618750" role="outer"/>
  <member type="way" ref="248835556" role="outer"/>
  <member type="way" ref="157320118" role="outer"/>
  <member type="way" ref="30330013" role="outer"/>
  <member type="way" ref="186398956" role="outer"/>
  <member type="way" ref="38676480" role="outer"/>
  <member type="way" ref="38000938" role="outer"/>
  <member type="way" ref="38676479" role="outer"/>
  <member type="way" ref="38676485" role="outer"/>
  <member type="way" ref="97370453" role="outer"/>
  <member type="way" ref="85599671" role="outer"/>
  <member type="way" ref="37953249" role="outer"/>
  <member type="way" ref="37953252" role="outer"/>
  <member type="way" ref="334184977" role="outer"/>
  <member type="way" ref="285753463" role="outer"/>
  <member type="way" ref="285753464" role="outer"/>
  <member type="way" ref="23368440" role="outer"/>
  <member type="way" ref="23368466" role="outer"/>
  <member type="way" ref="85709064" role="outer"/>
  <member type="way" ref="55495994" role="outer"/>
  <member type="way" ref="23371914" role="outer"/>
  <member type="way" ref="85599668" role="outer"/>
  <member type="way" ref="83938833" role="outer"/>
  <member type="way" ref="83938814" role="outer"/>
  <member type="way" ref="83938807" role="outer"/>
  <member type="way" ref="28132338" role="outer"/>
  <member type="way" ref="298885434" role="outer"/>
  <member type="way" ref="157320112" role="outer"/>
  <member type="way" ref="1006588116" role="outer"/>
  <member type="way" ref="197150838" role="outer"/>
  <member type="way" ref="10781149" role="outer"/>
  <member type="way" ref="192584570" role="outer"/>
  <member type="way" ref="608739078" role="outer"/>
  <member type="way" ref="608739079" role="outer"/>
  <member type="way" ref="192584401" role="outer"/>
  <member type="way" ref="192585230" role="outer"/>
  <member type="way" ref="28505634" role="outer"/>
  <member type="way" ref="1097338640" role="outer"/>
  <member type="way" ref="242196035" role="outer"/>
  <member type="way" ref="157320108" role="outer"/>
  <member type="way" ref="594442892" role="outer"/>
  <member type="way" ref="83938837" role="outer"/>
  <member type="way" ref="157320234" role="outer"/>
  <member type="way" ref="157320202" role="outer"/>
  <member type="way" ref="990981721" role="outer"/>
  <member type="way" ref="962221401" role="outer"/>
  <member type="way" ref="429982511" role="outer"/>
  <member type="way" ref="962221402" role="outer"/>
  <member type="way" ref="131593720" role="outer"/>
  <member type="way" ref="25056819" role="outer"/>
  <member type="way" ref="51909334" role="outer"/>
  <member type="way" ref="443199663" role="outer"/>
  <member type="way" ref="9811841" role="outer"/>
  <member type="way" ref="1204773869" role="outer"/>
  <member type="way" ref="1204773841" role="outer"/>
  <member type="way" ref="1204773870" role="outer"/>
  <member type="way" ref="51909347" role="outer"/>
  <member type="relation" ref="7700235" role="subarea"/>
  <member type="relation" ref="7700236" role="subarea"/>
  <member type="relation" ref="7690552" role="subarea"/>
  <member type="relation" ref="7690494" role="subarea"/>
  <member type="relation" ref="7690497" role="subarea"/>
  <member type="relation" ref="7688147" role="subarea"/>
  <tag k="boundary" v="religious_administration"/>
  <tag k="denomination" v="russian_orthodox"/>
  <tag k="name" v="Центральное викариатство"/>
  <tag k="name:uk" v="Центральне вікаріатство"/>
  <tag k="religion" v="christian"/>
  <tag k="religious_level" v="7"/>
  <tag k="type" v="boundary"/>
 </relation>
 <relation id="7690494" visible="true" version="76" changeset="188986856" timestamp="2026-09-14T01:08:07Z" user="89r" uid="12117593">
  <member type="way" ref="536592647" role="outer"/>
  <member type="way" ref="159669387" role="outer"/>
  <member type="way" ref="46337957" role="outer"/>
  <member type="way" ref="1176312941" role="outer"/>
  <member type="way" ref="179970553" role="outer"/>
  <member type="way" ref="1176312943" role="outer"/>
  <member type="way" ref="25092477" role="outer"/>
  <member type="way" ref="1176312942" role="outer"/>
  <member type="way" ref="1176312944" role="outer"/>
  <member type="way" ref="416148080" role="outer"/>
  <member type="way" ref="1176312949" role="outer"/>
  <member type="way" ref="416148069" role="outer"/>
  <member type="way" ref="1176312950" role="outer"/>
  <member type="way" ref="84056567" role="outer"/>
  <member type="way" ref="1180459852" role="outer"/>
  <member type="way" ref="1180376185" role="outer"/>
  <member type="way" ref="1180459851" role="outer"/>
  <member type="way" ref="1176312951" role="outer"/>
  <member type="way" ref="1151034687" role="outer"/>
  <member type="way" ref="23369577" role="outer"/>
  <member type="way" ref="179966014" role="outer"/>
  <member type="way" ref="1343582624" role="outer"/>
  <member type="way" ref="40813055" role="outer"/>
  <member type="way" ref="253241654" role="outer"/>
  <member type="way" ref="40813053" role="outer"/>
  <member type="way" ref="40740865" role="outer"/>
  <member type="way" ref="253241658" role="outer"/>
  <member type="way" ref="1343582625" role="outer"/>
  <member type="way" ref="23378705" role="outer"/>
  <member type="way" ref="84068159" role="outer"/>
  <member type="way" ref="84068146" role="outer"/>
  <member type="way" ref="84068150" role="outer"/>
  <member type="way" ref="84068143" role="outer"/>
  <member type="way" ref="1347848391" role="outer"/>
  <member type="way" ref="25059669" role="outer"/>
  <member type="way" ref="1347848390" role="outer"/>
  <member type="way" ref="84068157" role="outer"/>
  <member type="way" ref="301719338" role="outer"/>
  <member type="way" ref="84068139" role="outer"/>
  <member type="way" ref="48902037" role="outer"/>
  <member type="way" ref="25058325" role="outer"/>
  <member type="way" ref="84068153" role="outer"/>
  <member type="way" ref="548026479" role="outer"/>
  <member type="way" ref="25058381" role="outer"/>
  <member type="way" ref="25058124" role="outer"/>
  <member type="way" ref="91907744" role="outer"/>
  <member type="way" ref="487489582" role="outer"/>
  <member type="way" ref="287907210" role="outer"/>
  <member type="way" ref="287907211" role="outer"/>
  <member type="way" ref="487489613" role="outer"/>
  <member type="way" ref="487489561" role="outer"/>
  <member type="way" ref="1432379863" role="outer"/>
  <member type="way" ref="1432379592" role="outer"/>
  <member type="way" ref="1432379591" role="outer"/>
  <member type="way" ref="1432379895" role="outer"/>
  <member type="way" ref="1432379861" role="outer"/>
  <member type="way" ref="1432379860" role="outer"/>
  <member type="way" ref="1432379859" role="outer"/>
  <member type="way" ref="1432379858" role="outer"/>
  <member type="way" ref="1432379862" role="outer"/>
  <member type="way" ref="1432379590" role="outer"/>
  <member type="way" ref="1432379613" role="outer"/>
  <member type="way" ref="1432379893" role="outer"/>
  <member type="way" ref="84068148" role="outer"/>
  <member type="way" ref="1432379894" role="outer"/>
  <member type="way" ref="84068158" role="outer"/>
  <member type="way" ref="180066467" role="outer"/>
  <member type="way" ref="1121160057" role="outer"/>
  <member type="way" ref="443561328" role="outer"/>
  <member type="way" ref="840693267" role="outer"/>
  <member type="way" ref="840693265" role="outer"/>
  <member type="way" ref="840693268" role="outer"/>
  <member type="way" ref="840693269" role="outer"/>
  <member type="way" ref="840693266" role="outer"/>
  <member type="way" ref="1332150196" role="outer"/>
  <member type="way" ref="427579307" role="outer"/>
  <member type="way" ref="1332150193" role="outer"/>
  <member type="way" ref="427579305" role="outer"/>
  <member type="way" ref="188732578" role="outer"/>
  <member type="way" ref="1332148771" role="outer"/>
  <member type="way" ref="427579306" role="outer"/>
  <member type="way" ref="1332148545" role="outer"/>
  <member type="way" ref="1332148543" role="outer"/>
  <member type="way" ref="427579301" role="outer"/>
  <member type="way" ref="188732577" role="outer"/>
  <member type="way" ref="427579302" role="outer"/>
  <member type="way" ref="427579303" role="outer"/>
  <member type="way" ref="551523943" role="outer"/>
  <member type="way" ref="19125286" role="outer"/>
  <member type="way" ref="1332148114" role="outer"/>
  <member type="way" ref="280118307" role="outer"/>
  <member type="way" ref="427579354" role="outer"/>
  <member type="way" ref="895214951" role="outer"/>
  <member type="way" ref="1177590184" role="outer"/>
  <member type="way" ref="895214950" role="outer"/>
  <member type="way" ref="895214952" role="outer"/>
  <member type="way" ref="84068151" role="outer"/>
  <member type="way" ref="427579356" role="outer"/>
  <member type="way" ref="427579355" role="outer"/>
  <member type="way" ref="240311221" role="outer"/>
  <member type="way" ref="125893473" role="outer"/>
  <member type="way" ref="1177590187" role="outer"/>
  <member type="way" ref="1177590185" role="outer"/>
  <member type="way" ref="84068142" role="outer"/>
  <member type="way" ref="83715024" role="outer"/>
  <member type="way" ref="83715025" role="outer"/>
  <member type="way" ref="19036459" role="outer"/>
  <member type="way" ref="1428246378" role="outer"/>
  <member type="way" ref="1428246379" role="outer"/>
  <member type="way" ref="458973484" role="outer"/>
  <member type="way" ref="580645162" role="outer"/>
  <member type="way" ref="83714727" role="outer"/>
  <member type="way" ref="83714726" role="outer"/>
  <member type="way" ref="427501838" role="outer"/>
  <member type="way" ref="1231432889" role="outer"/>
  <member type="way" ref="16102600" role="outer"/>
  <member type="way" ref="1231432891" role="outer"/>
  <member type="way" ref="1231432892" role="outer"/>
  <member type="way" ref="1231236455" role="outer"/>
  <member type="way" ref="1231236456" role="outer"/>
  <member type="way" ref="257664216" role="outer"/>
  <member type="way" ref="1231236469" role="outer"/>
  <member type="way" ref="1231236473" role="outer"/>
  <member type="way" ref="1231236470" role="outer"/>
  <member type="way" ref="1231236475" role="outer"/>
  <member type="way" ref="1231236476" role="outer"/>
  <member type="way" ref="1231236477" role="outer"/>
  <member type="way" ref="11840509" role="outer"/>
  <member type="way" ref="8880606" role="outer"/>
  <member type="way" ref="1216573217" role="outer"/>
  <member type="way" ref="11969088" role="outer"/>
  <member type="way" ref="219015502" role="outer"/>
  <member type="way" ref="1346070419" role="outer"/>
  <member type="way" ref="377055334" role="outer"/>
  <member type="way" ref="377055336" role="outer"/>
  <member type="way" ref="36054778" role="outer"/>
  <member type="way" ref="1231236479" role="outer"/>
  <member type="way" ref="734603322" role="outer"/>
  <member type="way" ref="1346070400" role="outer"/>
  <member type="way" ref="377055343" role="outer"/>
  <member type="way" ref="1346119689" role="outer"/>
  <member type="way" ref="734603321" role="outer"/>
  <member type="way" ref="377055338" role="outer"/>
  <member type="way" ref="11969152" role="outer"/>
  <member type="way" ref="1227121668" role="outer"/>
  <member type="way" ref="377055330" role="outer"/>
  <member type="way" ref="1227121667" role="outer"/>
  <member type="way" ref="1346216964" role="outer"/>
  <member type="way" ref="1227121666" role="outer"/>
  <member type="way" ref="377055332" role="outer"/>
  <member type="way" ref="233038835" role="outer"/>
  <member type="way" ref="1510529840" role="outer"/>
  <member type="way" ref="25552532" role="outer"/>
  <member type="way" ref="1239727486" role="outer"/>
  <member type="way" ref="1227009314" role="outer"/>
  <member type="way" ref="1087485235" role="outer"/>
  <member type="way" ref="1239727485" role="outer"/>
  <member type="way" ref="1194940232" role="outer"/>
  <member type="way" ref="233038886" role="outer"/>
  <member type="way" ref="1194940009" role="outer"/>
  <member type="way" ref="1239763411" role="outer"/>
  <member type="way" ref="1239763409" role="outer"/>
  <member type="way" ref="1194939960" role="outer"/>
  <member type="way" ref="1239763405" role="outer"/>
  <member type="way" ref="1194939711" role="outer"/>
  <member type="way" ref="1194939651" role="outer"/>
  <member type="way" ref="1239763403" role="outer"/>
  <member type="way" ref="1055111187" role="outer"/>
  <member type="way" ref="1239763402" role="outer"/>
  <member type="way" ref="418982891" role="outer"/>
  <member type="way" ref="1239763401" role="outer"/>
  <member type="way" ref="1239763396" role="outer"/>
  <member type="way" ref="238828407" role="outer"/>
  <member type="way" ref="1239763395" role="outer"/>
  <member type="way" ref="1055111186" role="outer"/>
  <member type="way" ref="1190245010" role="outer"/>
  <member type="way" ref="11292796" role="outer"/>
  <member type="way" ref="83714719" role="outer"/>
  <member type="way" ref="361769324" role="outer"/>
  <member type="way" ref="361769336" role="outer"/>
  <member type="way" ref="361769510" role="outer"/>
  <member type="way" ref="474728678" role="outer"/>
  <member type="way" ref="102785144" role="outer"/>
  <member type="way" ref="83543817" role="outer"/>
  <member type="way" ref="1071204739" role="outer"/>
  <member type="way" ref="133315507" role="outer"/>
  <member type="way" ref="361929411" role="outer"/>
  <member type="way" ref="1244511625" role="outer"/>
  <member type="way" ref="1244771449" role="outer"/>
  <member type="way" ref="1244771450" role="outer"/>
  <member type="way" ref="1244771451" role="outer"/>
  <member type="way" ref="1244771452" role="outer"/>
  <member type="way" ref="1244771453" role="outer"/>
  <member type="way" ref="1244771454" role="outer"/>
  <member type="way" ref="1244771455" role="outer"/>
  <member type="way" ref="1244771464" role="outer"/>
  <member type="way" ref="1244771463" role="outer"/>
  <member type="way" ref="1244511619" role="outer"/>
  <member type="way" ref="1244511621" role="outer"/>
  <member type="way" ref="1244511620" role="outer"/>
  <member type="way" ref="1244511622" role="outer"/>
  <member type="way" ref="1244511623" role="outer"/>
  <member type="way" ref="1244511624" role="outer"/>
  <member type="way" ref="1244511626" role="outer"/>
  <member type="way" ref="1247824310" role="outer"/>
  <member type="way" ref="1247824309" role="outer"/>
  <member type="way" ref="1247824305" role="outer"/>
  <member type="way" ref="1247824306" role="outer"/>
  <member type="way" ref="1247824304" role="outer"/>
  <member type="way" ref="1247824303" role="outer"/>
  <member type="way" ref="1247824302" role="outer"/>
  <member type="way" ref="1247824295" role="outer"/>
  <member type="way" ref="1247824301" role="outer"/>
  <member type="way" ref="1247824294" role="outer"/>
  <member type="way" ref="1247824296" role="outer"/>
  <member type="way" ref="11746482" role="outer"/>
  <member type="way" ref="46337966" role="outer"/>
  <member type="way" ref="11290230" role="outer"/>
  <member type="way" ref="1193815954" role="outer"/>
  <member type="way" ref="45510142" role="outer"/>
  <member type="way" ref="11290652" role="outer"/>
  <member type="way" ref="46337963" role="outer"/>
  <member type="way" ref="125338061" role="outer"/>
  <member type="way" ref="1226980977" role="outer"/>
  <member type="way" ref="1226980978" role="outer"/>
  <member type="way" ref="218245877" role="outer"/>
  <member type="way" ref="445813412" role="outer"/>
  <member type="way" ref="1226980979" role="outer"/>
  <member type="way" ref="218245873" role="outer"/>
  <member type="way" ref="550138078" role="outer"/>
  <member type="way" ref="125337432" role="outer"/>
  <member type="way" ref="218245874" role="outer"/>
  <member type="way" ref="218245878" role="outer"/>
  <member type="way" ref="218245876" role="outer"/>
  <member type="way" ref="218245875" role="outer"/>
  <member type="way" ref="10618939" role="outer"/>
  <member type="way" ref="10618943" role="outer"/>
  <member type="way" ref="1196013638" role="outer"/>
  <member type="way" ref="218245872" role="outer"/>
  <member type="way" ref="1196013637" role="outer"/>
  <member type="way" ref="84040588" role="outer"/>
  <member type="way" ref="1196013635" role="outer"/>
  <member type="way" ref="46337962" role="outer"/>
  <member type="way" ref="165304245" role="outer"/>
  <member type="way" ref="26319201" role="outer"/>
  <member type="way" ref="666468789" role="outer"/>
  <member type="way" ref="11531796" role="outer"/>
  <member type="way" ref="666468050" role="outer"/>
  <tag k="boundary" v="religious_administration"/>
  <tag k="denomination" v="russian_orthodox"/>
  <tag k="name" v="Сретенское благочиние"/>
  <tag k="name:uk" v="Стрітенське благочиння"/>
  <tag k="religion" v="christian"/>
  <tag k="religious_level" v="8"/>
  <tag k="type" v="boundary"/>
 </relation>
 <relation id="7690497" visible="true" version="57" changeset="182813737" timestamp="2026-05-18T06:31:15Z" user="solenoid jam" uid="10129333">
  <member type="way" ref="1244511625" role="outer"/>
  <member type="way" ref="1244771449" role="outer"/>
  <member type="way" ref="1244771450" role="outer"/>
  <member type="way" ref="1244771451" role="outer"/>
  <member type="way" ref="1244771452" role="outer"/>
  <member type="way" ref="1244771453" role="outer"/>
  <member type="way" ref="1244771454" role="outer"/>
  <member type="way" ref="1244771455" role="outer"/>
  <member type="way" ref="1244771464" role="outer"/>
  <member type="way" ref="1244771463" role="outer"/>
  <member type="way" ref="1244511619" role="outer"/>
  <member type="way" ref="1244511621" role="outer"/>
  <member type="way" ref="1244511620" role="outer"/>
  <member type="way" ref="1244511622" role="outer"/>
  <member type="way" ref="1244511623" role="outer"/>
  <member type="way" ref="1244511624" role="outer"/>
  <member type="way" ref="1244511626" role="outer"/>
  <member type="way" ref="1247824310" role="outer"/>
  <member type="way" ref="1247824309" role="outer"/>
  <member type="way" ref="1247824305" role="outer"/>
  <member type="way" ref="1247824306" role="outer"/>
  <member type="way" ref="1247824304" role="outer"/>
  <member type="way" ref="1247824303" role="outer"/>
  <member type="way" ref="1247824302" role="outer"/>
  <member type="way" ref="1247824295" role="outer"/>
  <member type="way" ref="1247824301" role="outer"/>
  <member type="way" ref="1247824294" role="outer"/>
  <member type="way" ref="1247824296" role="outer"/>
  <member type="way" ref="11746482" role="outer"/>
  <member type="way" ref="46337966" role="outer"/>
  <member type="way" ref="11290230" role="outer"/>
  <member type="way" ref="1193815954" role="outer"/>
  <member type="way" ref="45510142" role="outer"/>
  <member type="way" ref="11290652" role="outer"/>
  <member type="way" ref="46337963" role="outer"/>
  <member type="way" ref="125338061" role="outer"/>
  <member type="way" ref="1226980977" role="outer"/>
  <member type="way" ref="1226980978" role="outer"/>
  <member type="way" ref="218245877" role="outer"/>
  <member type="way" ref="445813412" role="outer"/>
  <member type="way" ref="1226980979" role="outer"/>
  <member type="way" ref="218245873" role="outer"/>
  <member type="way" ref="550138078" role="outer"/>
  <member type="way" ref="125337432" role="outer"/>
  <member type="way" ref="218245874" role="outer"/>
  <member type="way" ref="218245878" role="outer"/>
  <member type="way" ref="218245876" role="outer"/>
  <member type="way" ref="218245875" role="outer"/>
  <member type="way" ref="10618939" role="outer"/>
  <member type="way" ref="10618943" role="outer"/>
  <member type="way" ref="1196013638" role="outer"/>
  <member type="way" ref="218245872" role="outer"/>
  <member type="way" ref="1196013637" role="outer"/>
  <member type="way" ref="84040588" role="outer"/>
  <member type="way" ref="1196013635" role="outer"/>
  <member type="way" ref="46337962" role="outer"/>
  <member type="way" ref="165304245" role="outer"/>
  <member type="way" ref="26319201" role="outer"/>
  <member type="way" ref="666468789" role="outer"/>
  <member type="way" ref="11531796" role="outer"/>
  <member type="way" ref="666468050" role="outer"/>
  <member type="way" ref="11531831" role="outer"/>
  <member type="way" ref="80217851" role="outer"/>
  <member type="way" ref="1392324138" role="outer"/>
  <member type="way" ref="134585063" role="outer"/>
  <member type="way" ref="1150727610" role="outer"/>
  <member type="way" ref="189823633" role="outer"/>
  <member type="way" ref="750547119" role="outer"/>
  <member type="way" ref="1176296438" role="outer"/>
  <member type="way" ref="243106076" role="outer"/>
  <member type="way" ref="367514044" role="outer"/>
  <member type="way" ref="5169728" role="outer"/>
  <member type="way" ref="668691897" role="outer"/>
  <member type="way" ref="23412018" role="outer"/>
  <member type="way" ref="1176296435" role="outer"/>
  <member type="way" ref="670464451" role="outer"/>
  <member type="way" ref="670464453" role="outer"/>
  <member type="way" ref="99339087" role="outer"/>
  <member type="way" ref="25059224" role="outer"/>
  <member type="way" ref="47994627" role="outer"/>
  <member type="way" ref="23411905" role="outer"/>
  <member type="way" ref="22580628" role="outer"/>
  <member type="way" ref="677332590" role="outer"/>
  <member type="way" ref="179982146" role="outer"/>
  <member type="way" ref="179982153" role="outer"/>
  <member type="way" ref="449099012" role="outer"/>
  <member type="way" ref="84039112" role="outer"/>
  <member type="way" ref="1293951823" role="outer"/>
  <member type="way" ref="55334963" role="outer"/>
  <member type="way" ref="1293951822" role="outer"/>
  <member type="way" ref="37183615" role="outer"/>
  <member type="way" ref="84039120" role="outer"/>
  <member type="way" ref="84039106" role="outer"/>
  <member type="way" ref="127751042" role="outer"/>
  <member type="way" ref="127751046" role="outer"/>
  <member type="way" ref="312777194" role="outer"/>
  <member type="way" ref="313214069" role="outer"/>
  <member type="way" ref="157320082" role="outer"/>
  <member type="way" ref="1329959009" role="outer"/>
  <member type="way" ref="985114917" role="outer"/>
  <member type="way" ref="1338090660" role="outer"/>
  <member type="way" ref="157320079" role="outer"/>
  <member type="way" ref="1329959010" role="outer"/>
  <member type="way" ref="47967687" role="outer"/>
  <member type="way" ref="55939357" role="outer"/>
  <member type="way" ref="23680719" role="outer"/>
  <member type="way" ref="157320184" role="outer"/>
  <member type="way" ref="1073884734" role="outer"/>
  <member type="way" ref="1170990472" role="outer"/>
  <member type="way" ref="46521585" role="outer"/>
  <member type="way" ref="31960461" role="outer"/>
  <member type="way" ref="23129088" role="outer"/>
  <member type="way" ref="84039111" role="outer"/>
  <member type="way" ref="84039114" role="outer"/>
  <member type="way" ref="46421649" role="outer"/>
  <member type="way" ref="500498147" role="outer"/>
  <member type="way" ref="84039107" role="outer"/>
  <member type="way" ref="200915763" role="outer"/>
  <member type="way" ref="1515986472" role="outer"/>
  <member type="way" ref="84039102" role="outer"/>
  <member type="way" ref="1071201351" role="outer"/>
  <member type="way" ref="1071201350" role="outer"/>
  <member type="way" ref="955797894" role="outer"/>
  <member type="way" ref="1071201352" role="outer"/>
  <member type="way" ref="1071201353" role="outer"/>
  <member type="way" ref="1071222102" role="outer"/>
  <member type="way" ref="84488127" role="outer"/>
  <member type="way" ref="83535567" role="outer"/>
  <member type="way" ref="1071291404" role="outer"/>
  <member type="way" ref="361929411" role="outer"/>
  <tag k="boundary" v="religious_administration"/>
  <tag k="denomination" v="russian_orthodox"/>
  <tag k="name" v="Богоявленское благочиние"/>
  <tag k="name:uk" v="Богоявленське благочиння"/>
  <tag k="religion" v="christian"/>
  <tag k="religious_level" v="8"/>
  <tag k="type" v="boundary"/>
  <tag k="website" v="http://www.bogoyavlenskoe.ru/"/>
 </relation>
 <relation id="8611841" visible="true" version="1" changeset="62101959" timestamp="2018-08-29T12:01:45Z" user="Steve_32" uid="334643">
  <member type="way" ref="620857743" role="outline"/>
  <member type="way" ref="37757032" role="part"/>
  <member type="way" ref="263512467" role="part"/>
  <tag k="type" v="building"/>
 </relation>
 <relation id="9125827" visible="true" version="3" changeset="171151501" timestamp="2025-08-28T19:14:51Z" user="Felis Pimeja" uid="260756">
  <member type="way" ref="1425651389" role="outline"/>
  <member type="way" ref="1425651290" role="outline"/>
  <member type="way" ref="1425651388" role="outline"/>
  <member type="way" ref="1425651393" role="outline"/>
  <member type="way" ref="1425651288" role="outline"/>
  <member type="way" ref="1425651289" role="outline"/>
  <member type="way" ref="1425651394" role="outline"/>
  <member type="way" ref="1425651260" role="outline"/>
  <member type="way" ref="1425651281" role="outline"/>
  <member type="way" ref="1425651282" role="outline"/>
  <member type="way" ref="1425651283" role="outline"/>
  <member type="way" ref="1425651284" role="outline"/>
  <member type="way" ref="1425651285" role="outline"/>
  <member type="way" ref="1425651286" role="outline"/>
  <member type="way" ref="1425635078" role="outline"/>
  <member type="way" ref="1425651311" role="outline"/>
  <member type="way" ref="1425651312" role="outline"/>
  <member type="way" ref="1425651313" role="outline"/>
  <member type="way" ref="1425651280" role="outline"/>
  <member type="way" ref="1425651314" role="outline"/>
  <member type="way" ref="1425651303" role="outline"/>
  <member type="way" ref="1425635064" role="outline"/>
  <member type="way" ref="1425635063" role="outline"/>
  <member type="way" ref="656197300" role="outline"/>
  <member type="way" ref="1425635068" role="outline"/>
  <member type="way" ref="1425635066" role="outline"/>
  <member type="way" ref="1425635067" role="outline"/>
  <member type="way" ref="1425635069" role="outline"/>
  <member type="way" ref="1425635065" role="outline"/>
  <member type="way" ref="1425635059" role="outline"/>
  <member type="way" ref="1425635060" role="outline"/>
  <member type="way" ref="1425635061" role="outline"/>
  <member type="way" ref="1425635062" role="outline"/>
  <member type="way" ref="1425635080" role="outline"/>
  <member type="way" ref="1425651297" role="outline"/>
  <member type="way" ref="1425651298" role="outline"/>
  <member type="way" ref="1425651299" role="outline"/>
  <member type="way" ref="1425651300" role="outline"/>
  <member type="way" ref="1425651295" role="outline"/>
  <member type="way" ref="1425651296" role="outline"/>
  <member type="way" ref="1425635079" role="outline"/>
  <member type="way" ref="1425635056" role="outline"/>
  <member type="way" ref="1425651375" role="outline"/>
  <member type="way" ref="1425651376" role="outline"/>
  <member type="relation" ref="19535343" role="part"/>
  <member type="relation" ref="19535337" role="part"/>
  <member type="relation" ref="19535336" role="part"/>
  <member type="relation" ref="19535338" role="part"/>
  <member type="relation" ref="19535339" role="part"/>
  <member type="relation" ref="19535340" role="part"/>
  <member type="relation" ref="19535344" role="part"/>
  <member type="relation" ref="19535341" role="part"/>
  <member type="relation" ref="19535342" role="part"/>
  <tag k="type" v="building"/>
 </relation>
 <relation id="9497670" visible="true" version="3" changeset="183616295" timestamp="2026-06-03T22:41:46Z" user="Grass-snake" uid="11321493">
  <member type="way" ref="1525939070" role="outer"/>
  <member type="way" ref="42377734" role="outer"/>
  <member type="way" ref="684545260" role="outer"/>
  <member type="way" ref="684545261" role="outer"/>
  <member type="way" ref="684545259" role="outer"/>
  <member type="way" ref="684553020" role="outer"/>
  <member type="way" ref="684553019" role="outer"/>
  <tag k="landuse" v="commercial"/>
  <tag k="type" v="multipolygon"/>
 </relation>
 <relation id="10596997" visible="true" version="2" changeset="158574413" timestamp="2024-10-31T10:12:29Z" user="neo-plan" uid="363136">
  <member type="way" ref="1329592408" role="from"/>
  <member type="node" ref="100319900" role="via"/>
  <member type="way" ref="764024787" role="to"/>
  <tag k="restriction" v="only_right_turn"/>
  <tag k="type" v="restriction"/>
 </relation>
 <relation id="11620982" visible="true" version="22" changeset="141361414" timestamp="2023-09-16T23:04:43Z" user="traveleditor" uid="8726248">
  <member type="way" ref="847003960" role="line"/>
  <member type="way" ref="310504244" role="endpoint"/>
  <member type="relation" ref="7676742" role="endpoint"/>
  <tag k="circuits" v="2"/>
  <tag k="name" v="Красносельская - Мещанская 1,2"/>
  <tag k="name:uk" v="Красносільська - Міщанська 1,2"/>
  <tag k="power" v="circuit"/>
  <tag k="type" v="power"/>
  <tag k="voltage" v="220000"/>
 </relation>
 <relation id="11680373" visible="true" version="22" changeset="141361414" timestamp="2023-09-16T23:04:43Z" user="traveleditor" uid="8726248">
  <member type="way" ref="852171852" role="line"/>
  <member type="way" ref="87349443" role="endpoint"/>
  <member type="way" ref="1123528201" role="endpoint"/>
  <member type="relation" ref="14209006" role="endpoint"/>
  <tag k="circuits" v="2"/>
  <tag k="name" v="Елоховская - Рижская 1,2"/>
  <tag k="name:uk" v="Єлохівська - Ризька 1,2"/>
  <tag k="power" v="circuit"/>
  <tag k="type" v="power"/>
  <tag k="voltage" v="110000"/>
 </relation>
 <relation id="13304002" visible="true" version="2" changeset="146491319" timestamp="2024-01-20T19:56:07Z" user="Fantomas" uid="478018">
  <member type="way" ref="45791025" role="from"/>
  <member type="node" ref="6586164402" role="via"/>
  <member type="way" ref="1241459719" role="to"/>
  <tag k="restriction" v="only_straight_on"/>
  <tag k="type" v="restriction"/>
 </relation>
 <relation id="13470035" visible="true" version="51" changeset="185080893" timestamp="2026-07-04T08:52:32Z" user="solenoid jam" uid="10129333">
  <member type="way" ref="101597125" role="outer"/>
  <member type="way" ref="1065839645" role="outer"/>
  <member type="way" ref="1005398822" role="outer"/>
  <member type="way" ref="1065839644" role="outer"/>
  <member type="way" ref="1005398825" role="outer"/>
  <member type="way" ref="1241014670" role="outer"/>
  <tag k="capacity" v="1100"/>
  <tag k="construction" v="school"/>
  <tag k="historic:name" v="Школа № 2107. Физико-математическая школа"/>
  <tag k="landuse" v="construction"/>
  <tag k="type" v="multipolygon"/>
 </relation>
 <relation id="15547050" visible="true" version="78" changeset="186707919" timestamp="2026-07-31T14:00:07Z" user="Максим Баранаускас" uid="23926472">
  <member type="node" ref="1446867060" role="stop_entry_only"/>
  <member type="node" ref="1679410518" role="platform_entry_only"/>
  <member type="node" ref="13381080649" role="stop"/>
  <member type="node" ref="13381080650" role="platform"/>
  <member type="node" ref="1383980929" role="stop"/>
  <member type="node" ref="1383980930" role="platform"/>
  <member type="node" ref="1383980943" role="stop"/>
  <member type="node" ref="1383980940" role="platform"/>
  <member type="node" ref="1383980913" role="stop"/>
  <member type="node" ref="1383980912" role="platform"/>
  <member type="node" ref="1383980947" role="stop"/>
  <member type="node" ref="1383980945" role="platform"/>
  <member type="node" ref="1383980951" role="stop"/>
  <member type="node" ref="1383980949" role="platform"/>
  <member type="node" ref="1383980938" role="stop"/>
  <member type="node" ref="1383980935" role="platform"/>
  <member type="node" ref="10702681745" role="stop"/>
  <member type="node" ref="2218406252" role="platform"/>
  <member type="node" ref="1384954503" role="stop"/>
  <member type="node" ref="1041075237" role="platform"/>
  <member type="node" ref="1384954517" role="stop"/>
  <member type="node" ref="1041076204" role="platform"/>
  <member type="node" ref="1384954483" role="stop"/>
  <member type="node" ref="1384954488" role="platform"/>
  <member type="node" ref="10704072292" role="stop"/>
  <member type="node" ref="1073098479" role="platform"/>
  <member type="node" ref="10703241130" role="stop"/>
  <member type="node" ref="620581587" role="platform"/>
  <member type="node" ref="10703241129" role="stop"/>
  <member type="node" ref="1463920943" role="platform"/>
  <member type="node" ref="10703241126" role="stop"/>
  <member type="node" ref="1245294265" role="platform"/>
  <member type="node" ref="13145540784" role="stop"/>
  <member type="node" ref="13145540718" role="platform"/>
  <member type="node" ref="13145540757" role="stop"/>
  <member type="node" ref="13125509309" role="platform"/>
  <member type="node" ref="6586137669" role="stop"/>
  <member type="node" ref="3279123202" role="platform"/>
  <member type="node" ref="6586137670" role="stop"/>
  <member type="node" ref="3279123204" role="platform"/>
  <member type="node" ref="4261845487" role="stop"/>
  <member type="node" ref="3279123205" role="platform"/>
  <member type="node" ref="4261845473" role="stop"/>
  <member type="node" ref="3279123203" role="platform"/>
  <member type="node" ref="5218164206" role="stop"/>
  <member type="node" ref="3279123200" role="platform"/>
  <member type="node" ref="10704072290" role="stop"/>
  <member type="node" ref="3279123201" role="platform"/>
  <member type="node" ref="4261845443" role="stop"/>
  <member type="node" ref="3279123199" role="platform"/>
  <member type="node" ref="4261845498" role="stop"/>
  <member type="node" ref="3279123206" role="platform"/>
  <member type="node" ref="1370928723" role="stop"/>
  <member type="node" ref="1370928713" role="platform"/>
  <member type="node" ref="4108850979" role="stop"/>
  <member type="node" ref="1032423335" role="platform"/>
  <member type="node" ref="935680944" role="stop"/>
  <member type="node" ref="1054223021" role="platform"/>
  <member type="node" ref="992037020" role="stop"/>
  <member type="node" ref="1855821596" role="platform"/>
  <member type="node" ref="4261845495" role="stop"/>
  <member type="node" ref="979290947" role="platform"/>
  <member type="node" ref="4261845463" role="stop"/>
  <member type="node" ref="979294598" role="platform"/>
  <member type="node" ref="4261845501" role="stop"/>
  <member type="node" ref="2275151158" role="platform"/>
  <member type="node" ref="4187713217" role="stop"/>
  <member type="node" ref="979339889" role="platform"/>
  <member type="node" ref="4152311211" role="stop"/>
  <member type="node" ref="287393687" role="platform"/>
  <member type="node" ref="4152311242" role="stop"/>
  <member type="node" ref="1119173095" role="platform"/>
  <member type="node" ref="4261845500" role="stop"/>
  <member type="node" ref="4261845499" role="platform"/>
  <member type="node" ref="4152311229" role="stop"/>
  <member type="node" ref="797701843" role="platform"/>
  <member type="node" ref="11346204058" role="stop_exit_only"/>
  <member type="node" ref="11346204059" role="platform_exit_only"/>
  <member type="way" ref="446445040" role=""/>
  <member type="way" ref="1196035417" role=""/>
  <member type="way" ref="606183652" role=""/>
  <member type="way" ref="23189323" role=""/>
  <member type="way" ref="1196052347" role=""/>
  <member type="way" ref="1196052346" role=""/>
  <member type="way" ref="75295855" role=""/>
  <member type="way" ref="149741668" role=""/>
  <member type="way" ref="95843689" role=""/>
  <member type="way" ref="120672241" role=""/>
  <member type="way" ref="438414936" role=""/>
  <member type="way" ref="95843687" role=""/>
  <member type="way" ref="120672244" role=""/>
  <member type="way" ref="438414937" role=""/>
  <member type="way" ref="74915640" role=""/>
  <member type="way" ref="1196053708" role=""/>
  <member type="way" ref="1196053707" role=""/>
  <member type="way" ref="74915662" role=""/>
  <member type="way" ref="23404508" role=""/>
  <member type="way" ref="1057222666" role=""/>
  <member type="way" ref="418095345" role=""/>
  <member type="way" ref="478144129" role=""/>
  <member type="way" ref="1424977896" role=""/>
  <member type="way" ref="53357484" role=""/>
  <member type="way" ref="1150533803" role=""/>
  <member type="way" ref="1424977897" role=""/>
  <member type="way" ref="38573815" role=""/>
  <member type="way" ref="1100785696" role=""/>
  <member type="way" ref="1100785710" role=""/>
  <member type="way" ref="1100785695" role=""/>
  <member type="way" ref="1100785713" role=""/>
  <member type="way" ref="1086750524" role=""/>
  <member type="way" ref="48582152" role=""/>
  <member type="way" ref="1099993059" role=""/>
  <member type="way" ref="1099993033" role=""/>
  <member type="way" ref="1099993032" role=""/>
  <member type="way" ref="1099993031" role=""/>
  <member type="way" ref="1083419895" role=""/>
  <member type="way" ref="165542738" role=""/>
  <member type="way" ref="165542731" role=""/>
  <member type="way" ref="747193853" role=""/>
  <member type="way" ref="176075871" role=""/>
  <member type="way" ref="176075870" role=""/>
  <member type="way" ref="123459644" role=""/>
  <member type="way" ref="165542758" role=""/>
  <member type="way" ref="176075885" role=""/>
  <member type="way" ref="126463259" role=""/>
  <member type="way" ref="425563005" role=""/>
  <member type="way" ref="176075886" role=""/>
  <member type="way" ref="1211777338" role=""/>
  <member type="way" ref="1211777337" role=""/>
  <member type="way" ref="89183510" role=""/>
  <member type="way" ref="1211862000" role=""/>
  <member type="way" ref="1211861999" role=""/>
  <member type="way" ref="1150863983" role=""/>
  <member type="way" ref="1531925148" role=""/>
  <member type="way" ref="424046506" role=""/>
  <member type="way" ref="1546302709" role=""/>
  <member type="way" ref="1411071548" role=""/>
  <member type="way" ref="761482978" role=""/>
  <member type="way" ref="1150689276" role=""/>
  <member type="way" ref="48649340" role=""/>
  <member type="way" ref="1150533798" role=""/>
  <member type="way" ref="133735871" role=""/>
  <member type="way" ref="1150490371" role=""/>
  <member type="way" ref="55942798" role=""/>
  <member type="way" ref="8118468" role=""/>
  <member type="way" ref="1518643893" role=""/>
  <member type="way" ref="83008406" role=""/>
  <member type="way" ref="133037028" role=""/>
  <member type="way" ref="1530375225" role=""/>
  <member type="way" ref="352519981" role=""/>
  <member type="way" ref="573724109" role=""/>
  <member type="way" ref="570746240" role=""/>
  <member type="way" ref="8118457" role=""/>
  <member type="way" ref="45791145" role=""/>
  <member type="way" ref="864762903" role=""/>
  <member type="way" ref="44952166" role=""/>
  <member type="way" ref="1249296638" role=""/>
  <member type="way" ref="1249296637" role=""/>
  <member type="way" ref="1249296636" role=""/>
  <member type="way" ref="301160865" role=""/>
  <member type="way" ref="301160866" role=""/>
  <member type="way" ref="301160867" role=""/>
  <member type="way" ref="1249296635" role=""/>
  <member type="way" ref="1249296633" role=""/>
  <member type="way" ref="1430068548" role=""/>
  <member type="way" ref="1430068550" role=""/>
  <member type="way" ref="1430068545" role=""/>
  <member type="way" ref="1430068552" role=""/>
  <member type="way" ref="1430068544" role=""/>
  <member type="way" ref="1241459719" role=""/>
  <member type="way" ref="1241459718" role=""/>
  <member type="way" ref="1248159783" role=""/>
  <member type="way" ref="11290469" role=""/>
  <member type="way" ref="1248159784" role=""/>
  <member type="way" ref="1248159786" role=""/>
  <member type="way" ref="1248159785" role=""/>
  <member type="way" ref="1248159782" role=""/>
  <member type="way" ref="44721908" role=""/>
  <member type="way" ref="1248159780" role=""/>
  <member type="way" ref="44721854" role=""/>
  <member type="way" ref="1241216164" role=""/>
  <member type="way" ref="1248159781" role=""/>
  <member type="way" ref="1241216165" role=""/>
  <member type="way" ref="44721907" role=""/>
  <member type="way" ref="1248159779" role=""/>
  <member type="way" ref="1248159778" role=""/>
  <member type="way" ref="1241216166" role=""/>
  <member type="way" ref="1248159777" role=""/>
  <member type="way" ref="1241216168" role=""/>
  <member type="way" ref="1240629741" role=""/>
  <member type="way" ref="1240629738" role=""/>
  <member type="way" ref="1240629733" role=""/>
  <member type="way" ref="1240629732" role=""/>
  <member type="way" ref="1240629731" role=""/>
  <member type="way" ref="30472235" role=""/>
  <member type="way" ref="1240629739" role=""/>
  <member type="way" ref="1240629742" role=""/>
  <member type="way" ref="1240629740" role=""/>
  <member type="way" ref="1240629743" role=""/>
  <member type="way" ref="1240629745" role=""/>
  <member type="way" ref="1240629744" role=""/>
  <member type="way" ref="1240629746" role=""/>
  <member type="way" ref="1240629747" role=""/>
  <member type="way" ref="1240629749" role=""/>
  <member type="way" ref="1240629748" role=""/>
  <member type="way" ref="46762685" role=""/>
  <member type="way" ref="875902086" role=""/>
  <member type="way" ref="875902087" role=""/>
  <member type="way" ref="218245859" role=""/>
  <member type="way" ref="218245863" role=""/>
  <member type="way" ref="38901592" role=""/>
  <member type="way" ref="511055132" role=""/>
  <member type="way" ref="38901591" role=""/>
  <member type="way" ref="88967060" role=""/>
  <member type="way" ref="229837287" role=""/>
  <member type="way" ref="126463248" role=""/>
  <member type="way" ref="218245870" role=""/>
  <member type="way" ref="12526350" role=""/>
  <member type="way" ref="156362689" role=""/>
  <member type="way" ref="218245861" role=""/>
  <member type="way" ref="218245871" role=""/>
  <member type="way" ref="218245866" role=""/>
  <member type="way" ref="71912542" role=""/>
  <member type="way" ref="90795714" role=""/>
  <member type="way" ref="91220545" role=""/>
  <member type="way" ref="1151649182" role=""/>
  <member type="way" ref="218245869" role=""/>
  <member type="way" ref="174946120" role=""/>
  <member type="way" ref="218245867" role=""/>
  <member type="way" ref="86545157" role=""/>
  <member type="way" ref="1292853595" role=""/>
  <member type="way" ref="218245865" role=""/>
  <member type="way" ref="156362698" role=""/>
  <member type="way" ref="1292853594" role=""/>
  <member type="way" ref="78546685" role=""/>
  <member type="way" ref="1292853592" role=""/>
  <member type="way" ref="1292853593" role=""/>
  <member type="way" ref="68104639" role=""/>
  <member type="way" ref="1292853591" role=""/>
  <member type="way" ref="80217412" role=""/>
  <member type="way" ref="96841158" role=""/>
  <member type="way" ref="418095351" role=""/>
  <member type="way" ref="418339121" role=""/>
  <member type="way" ref="91215557" role=""/>
  <member type="way" ref="438480907" role=""/>
  <member type="way" ref="30379585" role=""/>
  <member type="way" ref="82874880" role=""/>
  <member type="way" ref="418339122" role=""/>
  <member type="way" ref="1165055123" role=""/>
  <member type="way" ref="30379587" role=""/>
  <member type="way" ref="1188191068" role=""/>
  <member type="way" ref="1188191069" role=""/>
  <member type="way" ref="1188191067" role=""/>
  <member type="way" ref="56158961" role=""/>
  <member type="way" ref="1188191070" role=""/>
  <member type="way" ref="78543037" role=""/>
  <member type="way" ref="607148190" role=""/>
  <member type="way" ref="607148189" role=""/>
  <member type="way" ref="448634441" role=""/>
  <member type="way" ref="70769231" role=""/>
  <member type="way" ref="172892543" role=""/>
  <member type="way" ref="23016209" role=""/>
  <member type="way" ref="156362667" role=""/>
  <member type="way" ref="448634446" role=""/>
  <member type="way" ref="448634447" role=""/>
  <member type="way" ref="49499304" role=""/>
  <member type="way" ref="1223194805" role=""/>
  <member type="way" ref="1223194804" role=""/>
  <member type="way" ref="1223136955" role=""/>
  <member type="way" ref="1223194810" role=""/>
  <member type="way" ref="1223194806" role=""/>
  <tag k="air_conditioning" v="yes"/>
  <tag k="bicycle" v="yes"/>
  <tag k="blind" v="limited"/>
  <tag k="bus_class:length" v="4"/>
  <tag k="charge:all-in-one" v="90 RUB"/>
  <tag k="charge:cards" v="83 RUB"/>
  <tag k="charge:sbp" v="83 RUB"/>
  <tag k="charge:troika" v="75 RUB"/>
  <tag k="charge:troika_qr" v="75 RUB"/>
  <tag k="check_date" v="2025-12-16"/>
  <tag k="colour" v="#c2e6ff"/>
  <tag k="deaf" v="yes"/>
  <tag k="description" v="Маршрут обслуживается электробусами"/>
  <tag k="electric_bus" v="yes"/>
  <tag k="electric_bus:type" v="OC"/>
  <tag k="fee" v="yes"/>
  <tag k="fine:ticketless" v="5000 RUB"/>
  <tag k="from" v="Метро «Семёновская»"/>
  <tag k="name" v="Автобус 604: Метро «Семёновская» =&gt; МЦК Ростокино"/>
  <tag k="network" v="Московский транспорт"/>
  <tag k="operator" v="ГУП «Мосгортранс»"/>
  <tag k="payment:cards" v="yes"/>
  <tag k="payment:cash" v="no"/>
  <tag k="payment:contactless" v="yes"/>
  <tag k="payment:maestro" v="no"/>
  <tag k="payment:mastercard" v="no"/>
  <tag k="payment:mir" v="yes"/>
  <tag k="payment:nfc" v="yes"/>
  <tag k="payment:podorozhnik" v="no"/>
  <tag k="payment:sbp" v="yes"/>
  <tag k="payment:social_cards" v="yes"/>
  <tag k="payment:strelka" v="no"/>
  <tag k="payment:troika" v="yes"/>
  <tag k="payment:visa" v="no"/>
  <tag k="public_transport:version" v="2"/>
  <tag k="ref" v="604"/>
  <tag k="route" v="bus"/>
  <tag k="source" v="Реестр маршрутов города Москвы"/>
  <tag k="source:description" v="https://mosgortrans.ru/electrobus/map/"/>
  <tag k="to" v="МЦК Ростокино"/>
  <tag k="type" v="route"/>
  <tag k="website" v="https://transport.mos.ru/transport/schedule/route/141508557"/>
  <tag k="wheelchair" v="yes"/>
 </relation>
 <relation id="15547053" visible="true" version="74" changeset="188476353" timestamp="2026-09-03T14:50:18Z" user="Bobropiton" uid="2055718">
  <member type="node" ref="11346204056" role="stop_entry_only"/>
  <member type="node" ref="11346204057" role="platform_entry_only"/>
  <member type="node" ref="4152311229" role="stop"/>
  <member type="node" ref="797701843" role="platform"/>
  <member type="node" ref="4261845479" role="stop"/>
  <member type="node" ref="4152311221" role="platform"/>
  <member type="node" ref="4261845492" role="stop"/>
  <member type="node" ref="2319482621" role="platform"/>
  <member type="node" ref="2383808982" role="stop"/>
  <member type="node" ref="1668346660" role="platform"/>
  <member type="node" ref="4261845502" role="stop"/>
  <member type="node" ref="4261845503" role="platform"/>
  <member type="node" ref="4108855591" role="stop"/>
  <member type="node" ref="942823913" role="platform"/>
  <member type="node" ref="4229125601" role="stop"/>
  <member type="node" ref="892552467" role="platform"/>
  <member type="node" ref="4203448054" role="stop"/>
  <member type="node" ref="2820048090" role="platform"/>
  <member type="node" ref="4261845464" role="stop"/>
  <member type="node" ref="1860382175" role="platform"/>
  <member type="node" ref="4261845494" role="stop"/>
  <member type="node" ref="1860382179" role="platform"/>
  <member type="node" ref="2383808969" role="stop"/>
  <member type="node" ref="1855821591" role="platform"/>
  <member type="node" ref="4261845472" role="stop"/>
  <member type="node" ref="1860382178" role="platform"/>
  <member type="node" ref="4261845461" role="stop"/>
  <member type="node" ref="4261845460" role="platform"/>
  <member type="node" ref="4261845489" role="stop"/>
  <member type="node" ref="496236333" role="platform"/>
  <member type="node" ref="4261846222" role="stop"/>
  <member type="node" ref="4261846221" role="platform"/>
  <member type="node" ref="4261845497" role="stop"/>
  <member type="node" ref="4261845496" role="platform"/>
  <member type="node" ref="4261845442" role="stop"/>
  <member type="node" ref="3215631291" role="platform"/>
  <member type="node" ref="1065870777" role="stop"/>
  <member type="node" ref="496244013" role="platform"/>
  <member type="node" ref="4261845476" role="stop"/>
  <member type="node" ref="3881750306" role="platform"/>
  <member type="node" ref="4261845475" role="stop"/>
  <member type="node" ref="4261845474" role="platform"/>
  <member type="node" ref="4261845486" role="stop"/>
  <member type="node" ref="4261845485" role="platform"/>
  <member type="node" ref="4261845445" role="stop"/>
  <member type="node" ref="4261845444" role="platform"/>
  <member type="node" ref="4261845454" role="stop"/>
  <member type="node" ref="4261845453" role="platform"/>
  <member type="node" ref="13145540719" role="stop"/>
  <member type="node" ref="13125509281" role="platform"/>
  <member type="node" ref="13145540782" role="stop"/>
  <member type="node" ref="13145540717" role="platform"/>
  <member type="node" ref="10703241124" role="stop"/>
  <member type="node" ref="1463920944" role="platform"/>
  <member type="node" ref="10703241128" role="stop"/>
  <member type="node" ref="1463920941" role="platform"/>
  <member type="node" ref="3599958538" role="stop"/>
  <member type="node" ref="12265898267" role="platform"/>
  <member type="node" ref="1370928724" role="stop"/>
  <member type="node" ref="1073098477" role="platform"/>
  <member type="node" ref="1370928622" role="stop"/>
  <member type="node" ref="1370928619" role="platform"/>
  <member type="node" ref="1370928748" role="stop"/>
  <member type="node" ref="1041076208" role="platform"/>
  <member type="node" ref="1370928646" role="stop"/>
  <member type="node" ref="1041075231" role="platform"/>
  <member type="node" ref="1373930819" role="stop"/>
  <member type="node" ref="1373930820" role="platform"/>
  <member type="node" ref="1373930842" role="stop"/>
  <member type="node" ref="1373930845" role="platform"/>
  <member type="node" ref="1373930852" role="stop"/>
  <member type="node" ref="1373930859" role="platform"/>
  <member type="node" ref="1373930877" role="stop"/>
  <member type="node" ref="1373930878" role="platform"/>
  <member type="node" ref="253088131" role="stop"/>
  <member type="node" ref="1373930818" role="platform"/>
  <member type="node" ref="253088138" role="stop"/>
  <member type="node" ref="1373930874" role="platform"/>
  <member type="node" ref="1775863799" role="stop"/>
  <member type="node" ref="1373930829" role="platform"/>
  <member type="node" ref="1267959953" role="stop"/>
  <member type="node" ref="1373930809" role="platform"/>
  <member type="node" ref="10702681750" role="stop"/>
  <member type="node" ref="1464151973" role="platform"/>
  <member type="node" ref="13261427125" role="stop_exit_only"/>
  <member type="node" ref="13261427126" role="platform_exit_only"/>
  <member type="way" ref="982431400" role=""/>
  <member type="way" ref="1223194804" role=""/>
  <member type="way" ref="1223194801" role=""/>
  <member type="way" ref="8993873" role=""/>
  <member type="way" ref="91730007" role=""/>
  <member type="way" ref="24487928" role=""/>
  <member type="way" ref="721828762" role=""/>
  <member type="way" ref="71919341" role=""/>
  <member type="way" ref="1315191045" role=""/>
  <member type="way" ref="1315137762" role=""/>
  <member type="way" ref="1315191044" role=""/>
  <member type="way" ref="1315191043" role=""/>
  <member type="way" ref="1315191042" role=""/>
  <member type="way" ref="721828760" role=""/>
  <member type="way" ref="1315191041" role=""/>
  <member type="way" ref="71919342" role=""/>
  <member type="way" ref="1315191039" role=""/>
  <member type="way" ref="1315191038" role=""/>
  <member type="way" ref="1084174744" role=""/>
  <member type="way" ref="402923802" role=""/>
  <member type="way" ref="448634445" role=""/>
  <member type="way" ref="49854364" role=""/>
  <member type="way" ref="49854365" role=""/>
  <member type="way" ref="49854363" role=""/>
  <member type="way" ref="23016210" role=""/>
  <member type="way" ref="156362682" role=""/>
  <member type="way" ref="1153252705" role=""/>
  <member type="way" ref="1153252706" role=""/>
  <member type="way" ref="1153252703" role=""/>
  <member type="way" ref="46259825" role=""/>
  <member type="way" ref="70769259" role=""/>
  <member type="way" ref="345487980" role=""/>
  <member type="way" ref="68104643" role=""/>
  <member type="way" ref="408992422" role=""/>
  <member type="way" ref="423234153" role=""/>
  <member type="way" ref="423234152" role=""/>
  <member type="way" ref="423234157" role=""/>
  <member type="way" ref="1155422185" role=""/>
  <member type="way" ref="655099948" role=""/>
  <member type="way" ref="96841151" role=""/>
  <member type="way" ref="1291996249" role=""/>
  <member type="way" ref="424212143" role=""/>
  <member type="way" ref="1292853615" role=""/>
  <member type="way" ref="1292853613" role=""/>
  <member type="way" ref="1292853614" role=""/>
  <member type="way" ref="1292853612" role=""/>
  <member type="way" ref="80217413" role=""/>
  <member type="way" ref="1292853611" role=""/>
  <member type="way" ref="1292853602" role=""/>
  <member type="way" ref="1292853601" role=""/>
  <member type="way" ref="1292853600" role=""/>
  <member type="way" ref="1292853598" role=""/>
  <member type="way" ref="1292853599" role=""/>
  <member type="way" ref="1292853597" role=""/>
  <member type="way" ref="1292853596" role=""/>
  <member type="way" ref="70769240" role=""/>
  <member type="way" ref="71912543" role=""/>
  <member type="way" ref="424210187" role=""/>
  <member type="way" ref="23016323" role=""/>
  <member type="way" ref="398700595" role=""/>
  <member type="way" ref="156362679" role=""/>
  <member type="way" ref="361770737" role=""/>
  <member type="way" ref="1434437593" role=""/>
  <member type="way" ref="30472240" role=""/>
  <member type="way" ref="156362685" role=""/>
  <member type="way" ref="1539385737" role=""/>
  <member type="way" ref="30472241" role=""/>
  <member type="way" ref="196281472" role=""/>
  <member type="way" ref="196281471" role=""/>
  <member type="way" ref="192230498" role=""/>
  <member type="way" ref="91716899" role=""/>
  <member type="way" ref="1247337308" role=""/>
  <member type="way" ref="761343439" role=""/>
  <member type="way" ref="1247337307" role=""/>
  <member type="way" ref="1247337306" role=""/>
  <member type="way" ref="1247337305" role=""/>
  <member type="way" ref="1247337303" role=""/>
  <member type="way" ref="1247337302" role=""/>
  <member type="way" ref="1247337301" role=""/>
  <member type="way" ref="539233559" role=""/>
  <member type="way" ref="1247337299" role=""/>
  <member type="way" ref="1247337296" role=""/>
  <member type="way" ref="1247337300" role=""/>
  <member type="way" ref="1247337295" role=""/>
  <member type="way" ref="761343438" role=""/>
  <member type="way" ref="1241480039" role=""/>
  <member type="way" ref="384819982" role=""/>
  <member type="way" ref="1241216165" role=""/>
  <member type="way" ref="1248159781" role=""/>
  <member type="way" ref="1241216164" role=""/>
  <member type="way" ref="44721854" role=""/>
  <member type="way" ref="1248159780" role=""/>
  <member type="way" ref="44721908" role=""/>
  <member type="way" ref="1248159782" role=""/>
  <member type="way" ref="1248159785" role=""/>
  <member type="way" ref="1248159786" role=""/>
  <member type="way" ref="1248159784" role=""/>
  <member type="way" ref="11290469" role=""/>
  <member type="way" ref="1248159783" role=""/>
  <member type="way" ref="1241459718" role=""/>
  <member type="way" ref="1241459719" role=""/>
  <member type="way" ref="1430068544" role=""/>
  <member type="way" ref="1427757287" role=""/>
  <member type="way" ref="1430068532" role=""/>
  <member type="way" ref="1430068534" role=""/>
  <member type="way" ref="1430068542" role=""/>
  <member type="way" ref="1430068543" role=""/>
  <member type="way" ref="1430068545" role=""/>
  <member type="way" ref="1430068549" role=""/>
  <member type="way" ref="1431650106" role=""/>
  <member type="way" ref="1430068547" role=""/>
  <member type="way" ref="1233066209" role=""/>
  <member type="way" ref="8110141" role=""/>
  <member type="way" ref="1233066208" role=""/>
  <member type="way" ref="1046808287" role=""/>
  <member type="way" ref="681051252" role=""/>
  <member type="way" ref="1431650107" role=""/>
  <member type="way" ref="1178327745" role=""/>
  <member type="way" ref="1178327746" role=""/>
  <member type="way" ref="1233066207" role=""/>
  <member type="way" ref="1233066206" role=""/>
  <member type="way" ref="1233066202" role=""/>
  <member type="way" ref="33814283" role=""/>
  <member type="way" ref="570747719" role=""/>
  <member type="way" ref="8110201" role=""/>
  <member type="way" ref="45878756" role=""/>
  <member type="way" ref="44952168" role=""/>
  <member type="way" ref="352519977" role=""/>
  <member type="way" ref="1430212428" role=""/>
  <member type="way" ref="352519980" role=""/>
  <member type="way" ref="133037026" role=""/>
  <member type="way" ref="8110502" role=""/>
  <member type="way" ref="1150533799" role=""/>
  <member type="way" ref="126463250" role=""/>
  <member type="way" ref="1150689275" role=""/>
  <member type="way" ref="1419034047" role=""/>
  <member type="way" ref="165542757" role=""/>
  <member type="way" ref="862318053" role=""/>
  <member type="way" ref="1419034045" role=""/>
  <member type="way" ref="1211777334" role=""/>
  <member type="way" ref="1419034042" role=""/>
  <member type="way" ref="424046505" role=""/>
  <member type="way" ref="1211777339" role=""/>
  <member type="way" ref="1211777336" role=""/>
  <member type="way" ref="1292117102" role=""/>
  <member type="way" ref="424046503" role=""/>
  <member type="way" ref="1211777335" role=""/>
  <member type="way" ref="425563006" role=""/>
  <member type="way" ref="290605028" role=""/>
  <member type="way" ref="8110505" role=""/>
  <member type="way" ref="176075868" role=""/>
  <member type="way" ref="165542732" role=""/>
  <member type="way" ref="126463247" role=""/>
  <member type="way" ref="1516692567" role=""/>
  <member type="way" ref="1083419895" role=""/>
  <member type="way" ref="1099993031" role=""/>
  <member type="way" ref="1099993032" role=""/>
  <member type="way" ref="1099993033" role=""/>
  <member type="way" ref="1099993059" role=""/>
  <member type="way" ref="48582152" role=""/>
  <member type="way" ref="1086750524" role=""/>
  <member type="way" ref="1100785713" role=""/>
  <member type="way" ref="1100785695" role=""/>
  <member type="way" ref="1100785710" role=""/>
  <member type="way" ref="1100785696" role=""/>
  <member type="way" ref="38573815" role=""/>
  <member type="way" ref="1424977897" role=""/>
  <member type="way" ref="1150533803" role=""/>
  <member type="way" ref="53357484" role=""/>
  <member type="way" ref="1424977896" role=""/>
  <member type="way" ref="478144129" role=""/>
  <member type="way" ref="418095345" role=""/>
  <member type="way" ref="1057222666" role=""/>
  <member type="way" ref="1017355388" role=""/>
  <member type="way" ref="45527088" role=""/>
  <member type="way" ref="1150543934" role=""/>
  <member type="way" ref="74915640" role=""/>
  <member type="way" ref="438414937" role=""/>
  <member type="way" ref="120672244" role=""/>
  <member type="way" ref="95843687" role=""/>
  <member type="way" ref="438414936" role=""/>
  <member type="way" ref="120672241" role=""/>
  <member type="way" ref="95843689" role=""/>
  <member type="way" ref="149741668" role=""/>
  <member type="way" ref="75295859" role=""/>
  <member type="way" ref="1013189686" role=""/>
  <member type="way" ref="438414938" role=""/>
  <member type="way" ref="761482974" role=""/>
  <member type="way" ref="45527089" role=""/>
  <member type="way" ref="1196035404" role=""/>
  <member type="way" ref="45527095" role=""/>
  <member type="way" ref="93663126" role=""/>
  <member type="way" ref="45527096" role=""/>
  <member type="way" ref="25304763" role=""/>
  <member type="way" ref="1091939858" role=""/>
  <member type="way" ref="323722740" role=""/>
  <member type="way" ref="606177647" role=""/>
  <member type="way" ref="698983819" role=""/>
  <member type="way" ref="606178369" role=""/>
  <member type="way" ref="103305165" role=""/>
  <tag k="air_conditioning" v="yes"/>
  <tag k="bicycle" v="yes"/>
  <tag k="blind" v="limited"/>
  <tag k="bus_class:length" v="4"/>
  <tag k="charge:all-in-one" v="90 RUB"/>
  <tag k="charge:cards" v="83 RUB"/>
  <tag k="charge:sbp" v="83 RUB"/>
  <tag k="charge:troika" v="75 RUB"/>
  <tag k="charge:troika_qr" v="75 RUB"/>
  <tag k="check_date" v="2025-12-16"/>
  <tag k="colour" v="#c2e6ff"/>
  <tag k="deaf" v="yes"/>
  <tag k="description" v="Маршрут обслуживается электробусами"/>
  <tag k="electric_bus" v="yes"/>
  <tag k="electric_bus:type" v="OC"/>
  <tag k="fee" v="yes"/>
  <tag k="fine:ticketless" v="5000 RUB"/>
  <tag k="from" v="МЦК Ростокино"/>
  <tag k="name" v="Автобус 604: МЦК Ростокино =&gt; Метро «Семёновская»"/>
  <tag k="network" v="Московский транспорт"/>
  <tag k="operator" v="ГУП «Мосгортранс»"/>
  <tag k="payment:cards" v="yes"/>
  <tag k="payment:cash" v="no"/>
  <tag k="payment:contactless" v="yes"/>
  <tag k="payment:maestro" v="no"/>
  <tag k="payment:mastercard" v="no"/>
  <tag k="payment:mir" v="yes"/>
  <tag k="payment:nfc" v="yes"/>
  <tag k="payment:podorozhnik" v="no"/>
  <tag k="payment:sbp" v="yes"/>
  <tag k="payment:social_cards" v="yes"/>
  <tag k="payment:strelka" v="no"/>
  <tag k="payment:troika" v="yes"/>
  <tag k="payment:visa" v="no"/>
  <tag k="public_transport:version" v="2"/>
  <tag k="ref" v="604"/>
  <tag k="route" v="bus"/>
  <tag k="source" v="Реестр маршрутов города Москвы"/>
  <tag k="source:description" v="https://mosgortrans.ru/electrobus/map/"/>
  <tag k="to" v="Метро «Семёновская»"/>
  <tag k="type" v="route"/>
  <tag k="website" v="https://transport.mos.ru/transport/schedule/route/141508557"/>
  <tag k="wheelchair" v="yes"/>
 </relation>
 <relation id="15547086" visible="true" version="4" changeset="176002077" timestamp="2025-12-16T11:57:17Z" user="Bobropiton" uid="2055718">
  <member type="relation" ref="15547053" role=""/>
  <member type="relation" ref="15547050" role=""/>
  <tag k="bus_class:length" v="4"/>
  <tag k="colour" v="#c2e6ff"/>
  <tag k="name" v="Автобус 604: МЦК Ростокино &lt;=&gt; Метро «Семёновская»"/>
  <tag k="network" v="Московский транспорт"/>
  <tag k="operator" v="ГУП «Мосгортранс»"/>
  <tag k="ref" v="604"/>
  <tag k="route_master" v="bus"/>
  <tag k="source" v="Реестр маршрутов города Москвы"/>
  <tag k="type" v="route_master"/>
  <tag k="website" v="https://transport.mos.ru/transport/schedule/route/141508557"/>
 </relation>
 <relation id="15830245" visible="true" version="5" changeset="171985399" timestamp="2025-09-15T20:42:14Z" user="Bobropiton" uid="2055718">
  <member type="node" ref="11987259526" role="stop"/>
  <member type="node" ref="4261845454" role="stop"/>
  <member type="node" ref="4261845453" role="platform"/>
  <member type="way" ref="1430068536" role="platform"/>
  <tag k="name" v="Каланчёвская улица"/>
  <tag k="public_transport" v="stop_area"/>
  <tag k="type" v="public_transport"/>
 </relation>
 <relation id="15830246" visible="true" version="4" changeset="171985399" timestamp="2025-09-15T20:42:14Z" user="Bobropiton" uid="2055718">
  <member type="node" ref="6586137669" role="stop"/>
  <member type="node" ref="2214943613" role="stop"/>
  <member type="way" ref="1430068537" role="platform"/>
  <member type="node" ref="3279123202" role="platform"/>
  <tag k="name" v="Каланчёвская улица"/>
  <tag k="public_transport" v="stop_area"/>
  <tag k="type" v="public_transport"/>
 </relation>
 <relation id="15830250" visible="true" version="4" changeset="171985399" timestamp="2025-09-15T20:42:14Z" user="Bobropiton" uid="2055718">
  <member type="node" ref="697485006" role="stop"/>
  <member type="way" ref="1430068539" role="platform"/>
  <member type="node" ref="3279123204" role="platform"/>
  <member type="node" ref="6586137670" role="stop"/>
  <tag k="name" v="Пантелеевская улица"/>
  <tag k="public_transport" v="stop_area"/>
  <tag k="type" v="public_transport"/>
 </relation>
 <relation id="15830251" visible="true" version="5" changeset="171985399" timestamp="2025-09-15T20:42:14Z" user="Bobropiton" uid="2055718">
  <member type="node" ref="4261845445" role="stop"/>
  <member type="node" ref="4261845444" role="platform"/>
  <member type="node" ref="473120404" role="stop"/>
  <member type="way" ref="1430068538" role="platform"/>
  <tag k="name" v="Пантелеевская улица"/>
  <tag k="public_transport" v="stop_area"/>
  <tag k="type" v="public_transport"/>
 </relation>
 <relation id="15830252" visible="true" version="1" changeset="135887304" timestamp="2023-05-09T09:55:52Z" user="Bobropiton" uid="2055718">
  <member type="node" ref="473120403" role="stop"/>
  <member type="way" ref="1170509257" role="platform"/>
  <tag k="name" v="Астраханский переулок"/>
  <tag k="public_transport" v="stop_area"/>
  <tag k="type" v="public_transport"/>
 </relation>
 <relation id="15830253" visible="true" version="1" changeset="135887304" timestamp="2023-05-09T09:55:52Z" user="Bobropiton" uid="2055718">
  <member type="node" ref="4291989484" role="stop"/>
  <member type="way" ref="1170509259" role="platform"/>
  <tag k="name" v="Астраханский переулок"/>
  <tag k="public_transport" v="stop_area"/>
  <tag k="type" v="public_transport"/>
 </relation>
 <relation id="19535336" visible="true" version="2" changeset="171151501" timestamp="2025-08-28T19:14:51Z" user="Felis Pimeja" uid="260756">
  <member type="way" ref="1425635062" role="outer"/>
  <member type="way" ref="1425635072" role="outer"/>
  <member type="way" ref="1425651325" role="outer"/>
  <member type="way" ref="1425651324" role="outer"/>
  <member type="way" ref="1425651353" role="outer"/>
  <member type="way" ref="1425651352" role="outer"/>
  <tag k="building:part" v="yes"/>
  <tag k="type" v="multipolygon"/>
 </relation>
 <relation id="19535337" visible="true" version="2" changeset="171151501" timestamp="2025-08-28T19:14:51Z" user="Felis Pimeja" uid="260756">
  <member type="way" ref="1425635080" role="outer"/>
  <member type="way" ref="1425651297" role="outer"/>
  <member type="way" ref="1425651298" role="outer"/>
  <member type="way" ref="1425651299" role="outer"/>
  <member type="way" ref="1425651300" role="outer"/>
  <member type="way" ref="1425651295" role="outer"/>
  <member type="way" ref="1425651296" role="outer"/>
  <member type="way" ref="1425635079" role="outer"/>
  <member type="way" ref="1425651332" role="outer"/>
  <member type="way" ref="1425651342" role="outer"/>
  <member type="way" ref="1425635077" role="outer"/>
  <member type="way" ref="1425651317" role="outer"/>
  <member type="way" ref="1425651318" role="outer"/>
  <member type="way" ref="1425651340" role="outer"/>
  <member type="way" ref="1425651341" role="outer"/>
  <member type="way" ref="1425635076" role="outer"/>
  <member type="way" ref="1425635061" role="outer"/>
  <member type="way" ref="1425635062" role="outer"/>
  <tag k="building:part" v="yes"/>
  <tag k="type" v="multipolygon"/>
 </relation>
 <relation id="19535343" visible="true" version="2" changeset="171151501" timestamp="2025-08-28T19:14:51Z" user="Felis Pimeja" uid="260756">
  <member type="way" ref="1425635056" role="outer"/>
  <member type="way" ref="1425651375" role="outer"/>
  <member type="way" ref="1425651376" role="outer"/>
  <member type="way" ref="1425651389" role="outer"/>
  <member type="way" ref="1425651290" role="outer"/>
  <member type="way" ref="1425651388" role="outer"/>
  <member type="way" ref="1425651393" role="outer"/>
  <member type="way" ref="1425651288" role="outer"/>
  <member type="way" ref="1425651289" role="outer"/>
  <member type="way" ref="1425651394" role="outer"/>
  <member type="way" ref="1425651260" role="outer"/>
  <member type="way" ref="1425651281" role="outer"/>
  <member type="way" ref="1425651282" role="outer"/>
  <member type="way" ref="1425651283" role="outer"/>
  <member type="way" ref="1425651284" role="outer"/>
  <member type="way" ref="1425651285" role="outer"/>
  <member type="way" ref="1425651286" role="outer"/>
  <member type="way" ref="1425635078" role="outer"/>
  <member type="way" ref="1425651311" role="outer"/>
  <member type="way" ref="1425651312" role="outer"/>
  <member type="way" ref="1425651313" role="outer"/>
  <member type="way" ref="1425651280" role="outer"/>
  <member type="way" ref="1425651314" role="outer"/>
  <member type="way" ref="1425651347" role="outer"/>
  <member type="way" ref="1425635058" role="outer"/>
  <member type="way" ref="1425635057" role="outer"/>
  <member type="way" ref="1425651341" role="outer"/>
  <member type="way" ref="1425651340" role="outer"/>
  <member type="way" ref="1425651318" role="outer"/>
  <member type="way" ref="1425651317" role="outer"/>
  <member type="way" ref="1425635077" role="outer"/>
  <member type="way" ref="1425651342" role="outer"/>
  <member type="way" ref="1425651332" role="outer"/>
  <tag k="building:levels" v="1"/>
  <tag k="building:part" v="supermarket"/>
  <tag k="roof:colour" v="grey"/>
  <tag k="roof:material" v="tar_paper"/>
  <tag k="roof:shape" v="flat"/>
  <tag k="type" v="multipolygon"/>
 </relation>
 <relation id="19535344" visible="true" version="2" changeset="171151501" timestamp="2025-08-28T19:14:51Z" user="Felis Pimeja" uid="260756">
  <member type="way" ref="1425651332" role="outer"/>
  <member type="way" ref="1425651342" role="outer"/>
  <member type="way" ref="1425635077" role="outer"/>
  <member type="way" ref="1425651317" role="outer"/>
  <member type="way" ref="1425651318" role="outer"/>
  <member type="way" ref="1425651340" role="outer"/>
  <member type="way" ref="1425651341" role="outer"/>
  <member type="way" ref="1425635057" role="outer"/>
  <member type="way" ref="1425635058" role="outer"/>
  <member type="way" ref="1425651347" role="outer"/>
  <member type="way" ref="1425651303" role="outer"/>
  <member type="way" ref="1425635064" role="outer"/>
  <member type="way" ref="1425635063" role="outer"/>
  <member type="way" ref="656197300" role="outer"/>
  <member type="way" ref="1425635068" role="outer"/>
  <member type="way" ref="1425635066" role="outer"/>
  <member type="way" ref="1425635067" role="outer"/>
  <member type="way" ref="1425635069" role="outer"/>
  <member type="way" ref="1425635065" role="outer"/>
  <member type="way" ref="1425635059" role="outer"/>
  <member type="way" ref="1425635060" role="outer"/>
  <member type="way" ref="1425635061" role="outer"/>
  <member type="way" ref="1425635062" role="outer"/>
  <member type="way" ref="1425635080" role="outer"/>
  <member type="way" ref="1425651297" role="outer"/>
  <member type="way" ref="1425651298" role="outer"/>
  <member type="way" ref="1425651299" role="outer"/>
  <member type="way" ref="1425651300" role="outer"/>
  <member type="way" ref="1425651295" role="outer"/>
  <member type="way" ref="1425651296" role="outer"/>
  <member type="way" ref="1425635079" role="outer"/>
  <tag k="building:levels" v="12"/>
  <tag k="building:part" v="yes"/>
  <tag k="type" v="multipolygon"/>
 </relation>
 <relation id="19535345" visible="true" version="2" changeset="171151501" timestamp="2025-08-28T19:14:51Z" user="Felis Pimeja" uid="260756">
  <member type="way" ref="1425651295" role="outer"/>
  <member type="way" ref="1425651296" role="outer"/>
  <member type="way" ref="1425635079" role="outer"/>
  <member type="way" ref="1425635056" role="outer"/>
  <member type="way" ref="1425651375" role="outer"/>
  <member type="way" ref="1425651376" role="outer"/>
  <member type="way" ref="1425651389" role="outer"/>
  <member type="way" ref="1425651290" role="outer"/>
  <member type="way" ref="1425651388" role="outer"/>
  <member type="way" ref="1425651393" role="outer"/>
  <member type="way" ref="1425651288" role="outer"/>
  <member type="way" ref="1425651289" role="outer"/>
  <member type="way" ref="1425651394" role="outer"/>
  <member type="way" ref="1425651260" role="outer"/>
  <member type="way" ref="1425651281" role="outer"/>
  <member type="way" ref="1425651282" role="outer"/>
  <member type="way" ref="1425651283" role="outer"/>
  <member type="way" ref="1425651284" role="outer"/>
  <member type="way" ref="1425651285" role="outer"/>
  <member type="way" ref="1425651286" role="outer"/>
  <member type="way" ref="1425635078" role="outer"/>
  <member type="way" ref="1425651311" role="outer"/>
  <member type="way" ref="1425651312" role="outer"/>
  <member type="way" ref="1425651313" role="outer"/>
  <member type="way" ref="1425651280" role="outer"/>
  <member type="way" ref="1425651314" role="outer"/>
  <member type="way" ref="1425651303" role="outer"/>
  <member type="way" ref="1425635064" role="outer"/>
  <member type="way" ref="1425635063" role="outer"/>
  <member type="way" ref="656197300" role="outer"/>
  <member type="way" ref="1425635068" role="outer"/>
  <member type="way" ref="1425635066" role="outer"/>
  <member type="way" ref="1425635067" role="outer"/>
  <member type="way" ref="1425635069" role="outer"/>
  <member type="way" ref="1425635065" role="outer"/>
  <member type="way" ref="1425635059" role="outer"/>
  <member type="way" ref="1425635060" role="outer"/>
  <member type="way" ref="1425635061" role="outer"/>
  <member type="way" ref="1425635062" role="outer"/>
  <member type="way" ref="1425635080" role="outer"/>
  <member type="way" ref="1425651297" role="outer"/>
  <member type="way" ref="1425651298" role="outer"/>
  <member type="way" ref="1425651299" role="outer"/>
  <member type="way" ref="1425651300" role="outer"/>
  <tag k="addr:housenumber" v="10/36"/>
  <tag k="addr:street" v="Астраханский переулок"/>
  <tag k="building" v="apartments"/>
  <tag k="building:colour" v="beige"/>
  <tag k="building:levels" v="12"/>
  <tag k="building:material" v="brick"/>
  <tag k="roof:colour" v="grey"/>
  <tag k="roof:material" v="tar_paper"/>
  <tag k="roof:shape" v="flat"/>
  <tag k="type" v="multipolygon"/>
 </relation>
 <relation id="19535416" visible="true" version="1" changeset="171151501" timestamp="2025-08-28T19:14:51Z" user="Felis Pimeja" uid="260756">
  <member type="way" ref="1425651259" role="outer"/>
  <member type="way" ref="1425651456" role="outer"/>
  <member type="way" ref="1425651289" role="outer"/>
  <member type="way" ref="1425651288" role="outer"/>
  <tag k="area:highway" v="steps"/>
  <tag k="type" v="multipolygon"/>
 </relation>
 <relation id="19535417" visible="true" version="1" changeset="171151501" timestamp="2025-08-28T19:14:51Z" user="Felis Pimeja" uid="260756">
  <member type="way" ref="1425651394" role="outer"/>
  <member type="way" ref="1425651456" role="outer"/>
  <member type="way" ref="1425651455" role="outer"/>
  <member type="way" ref="1425651260" role="outer"/>
  <tag k="area:highway" v="footway"/>
  <tag k="type" v="multipolygon"/>
 </relation>
 <relation id="19535418" visible="true" version="1" changeset="171151501" timestamp="2025-08-28T19:14:51Z" user="Felis Pimeja" uid="260756">
  <member type="way" ref="1425651341" role="outer"/>
  <member type="way" ref="1425651471" role="outer"/>
  <member type="way" ref="1425651318" role="outer"/>
  <member type="way" ref="1425651327" role="outer"/>
  <member type="way" ref="1425651425" role="outer"/>
  <member type="way" ref="1425651319" role="outer"/>
  <member type="way" ref="1425651320" role="outer"/>
  <member type="way" ref="1425651427" role="outer"/>
  <member type="way" ref="1425651325" role="outer"/>
  <member type="way" ref="1425651350" role="outer"/>
  <member type="way" ref="1425651356" role="outer"/>
  <member type="way" ref="1425651353" role="outer"/>
  <member type="way" ref="1425651437" role="outer"/>
  <member type="way" ref="1425651355" role="outer"/>
  <member type="way" ref="1425651297" role="outer"/>
  <member type="way" ref="1425651438" role="outer"/>
  <member type="way" ref="1425651426" role="outer"/>
  <member type="way" ref="1425651303" role="outer"/>
  <member type="way" ref="1425651347" role="outer"/>
  <member type="way" ref="1425635058" role="outer"/>
  <member type="way" ref="1425635057" role="outer"/>
  <tag k="indoor" v="wall"/>
  <tag k="level" v="0"/>
  <tag k="type" v="multipolygon"/>
 </relation>
 <relation id="19535419" visible="true" version="1" changeset="171151501" timestamp="2025-08-28T19:14:51Z" user="Felis Pimeja" uid="260756">
  <member type="way" ref="1425651469" role="outer"/>
  <member type="way" ref="1425651432" role="outer"/>
  <member type="way" ref="1425651267" role="outer"/>
  <member type="way" ref="1425651436" role="outer"/>
  <member type="way" ref="1425651358" role="outer"/>
  <member type="way" ref="1425651264" role="outer"/>
  <member type="way" ref="1425651354" role="outer"/>
  <member type="way" ref="1425651299" role="outer"/>
  <tag k="indoor" v="wall"/>
  <tag k="level" v="0"/>
  <tag k="type" v="multipolygon"/>
 </relation>
 <relation id="19535420" visible="true" version="1" changeset="171151501" timestamp="2025-08-28T19:14:51Z" user="Felis Pimeja" uid="260756">
  <member type="way" ref="1425651322" role="outer"/>
  <member type="way" ref="1425651357" role="outer"/>
  <tag k="indoor" v="wall"/>
  <tag k="level" v="0"/>
  <tag k="type" v="multipolygon"/>
 </relation>
 <relation id="19535421" visible="true" version="1" changeset="171151501" timestamp="2025-08-28T19:14:51Z" user="Felis Pimeja" uid="260756">
  <member type="way" ref="1425651323" role="outer"/>
  <member type="way" ref="1425651434" role="outer"/>
  <member type="way" ref="1425651433" role="outer"/>
  <member type="way" ref="1425651301" role="outer"/>
  <member type="way" ref="1425651296" role="outer"/>
  <member type="way" ref="1425651315" role="outer"/>
  <tag k="indoor" v="wall"/>
  <tag k="level" v="0"/>
  <tag k="type" v="multipolygon"/>
 </relation>
 <relation id="19535422" visible="true" version="1" changeset="171151501" timestamp="2025-08-28T19:14:51Z" user="Felis Pimeja" uid="260756">
  <member type="way" ref="1425651423" role="outer"/>
  <member type="way" ref="1425651269" role="outer"/>
  <member type="way" ref="1425651362" role="outer"/>
  <member type="way" ref="1425651424" role="outer"/>
  <member type="way" ref="1425651292" role="outer"/>
  <tag k="indoor" v="wall"/>
  <tag k="level" v="0"/>
  <tag k="type" v="multipolygon"/>
 </relation>
 <relation id="19535423" visible="true" version="1" changeset="171151501" timestamp="2025-08-28T19:14:51Z" user="Felis Pimeja" uid="260756">
  <member type="way" ref="1425651376" role="outer"/>
  <member type="way" ref="1425651439" role="outer"/>
  <member type="way" ref="1425651377" role="outer"/>
  <tag k="indoor" v="wall"/>
  <tag k="level" v="0"/>
  <tag k="type" v="multipolygon"/>
 </relation>
 <relation id="19535424" visible="true" version="1" changeset="171151501" timestamp="2025-08-28T19:14:51Z" user="Felis Pimeja" uid="260756">
  <member type="way" ref="1425651369" role="outer"/>
  <member type="way" ref="1425651368" role="outer"/>
  <member type="way" ref="1425651428" role="outer"/>
  <member type="way" ref="1425635077" role="outer"/>
  <member type="way" ref="1425651342" role="outer"/>
  <member type="way" ref="1425651359" role="outer"/>
  <member type="way" ref="1425651291" role="outer"/>
  <member type="way" ref="1425651445" role="outer"/>
  <member type="way" ref="1425651294" role="outer"/>
  <member type="way" ref="1425651422" role="outer"/>
  <member type="way" ref="1425651360" role="outer"/>
  <member type="way" ref="1425651363" role="outer"/>
  <member type="way" ref="1425651367" role="outer"/>
  <member type="way" ref="1425651370" role="outer"/>
  <tag k="indoor" v="wall"/>
  <tag k="level" v="0"/>
  <tag k="type" v="multipolygon"/>
 </relation>
 <relation id="19535425" visible="true" version="1" changeset="171151501" timestamp="2025-08-28T19:14:51Z" user="Felis Pimeja" uid="260756">
  <member type="way" ref="1425651374" role="outer"/>
  <member type="way" ref="1425651328" role="outer"/>
  <member type="way" ref="1425651447" role="outer"/>
  <member type="way" ref="1425651381" role="outer"/>
  <tag k="indoor" v="wall"/>
  <tag k="level" v="0"/>
  <tag k="type" v="multipolygon"/>
 </relation>
 <relation id="19535426" visible="true" version="1" changeset="171151501" timestamp="2025-08-28T19:14:51Z" user="Felis Pimeja" uid="260756">
  <member type="way" ref="1425651290" role="outer"/>
  <member type="way" ref="1425651385" role="outer"/>
  <member type="way" ref="1425651384" role="outer"/>
  <member type="way" ref="1425651379" role="outer"/>
  <member type="way" ref="1425651448" role="outer"/>
  <member type="way" ref="1425651372" role="outer"/>
  <member type="way" ref="1425651382" role="outer"/>
  <member type="way" ref="1425651378" role="outer"/>
  <member type="way" ref="1425651383" role="outer"/>
  <tag k="indoor" v="wall"/>
  <tag k="level" v="0"/>
  <tag k="type" v="multipolygon"/>
 </relation>
 <relation id="19535427" visible="true" version="1" changeset="171151501" timestamp="2025-08-28T19:14:51Z" user="Felis Pimeja" uid="260756">
  <member type="way" ref="1425651453" role="outer"/>
  <member type="way" ref="1425651386" role="outer"/>
  <member type="way" ref="1425651387" role="outer"/>
  <tag k="indoor" v="wall"/>
  <tag k="level" v="0"/>
  <tag k="type" v="multipolygon"/>
 </relation>
 <relation id="19535428" visible="true" version="1" changeset="171151501" timestamp="2025-08-28T19:14:51Z" user="Felis Pimeja" uid="260756">
  <member type="way" ref="1425651270" role="outer"/>
  <member type="way" ref="1425651449" role="outer"/>
  <member type="way" ref="1425651391" role="outer"/>
  <member type="way" ref="1425651390" role="outer"/>
  <member type="way" ref="1425651452" role="outer"/>
  <member type="way" ref="1425651393" role="outer"/>
  <member type="way" ref="1425651287" role="outer"/>
  <tag k="indoor" v="wall"/>
  <tag k="level" v="0"/>
  <tag k="type" v="multipolygon"/>
 </relation>
 <relation id="19535429" visible="true" version="1" changeset="171151501" timestamp="2025-08-28T19:14:51Z" user="Felis Pimeja" uid="260756">
  <member type="way" ref="1425651289" role="outer"/>
  <member type="way" ref="1425651454" role="outer"/>
  <member type="way" ref="1425651395" role="outer"/>
  <member type="way" ref="1425651396" role="outer"/>
  <member type="way" ref="1425651392" role="outer"/>
  <tag k="indoor" v="wall"/>
  <tag k="level" v="0"/>
  <tag k="type" v="multipolygon"/>
 </relation>
 <relation id="19535430" visible="true" version="1" changeset="171151501" timestamp="2025-08-28T19:14:51Z" user="Felis Pimeja" uid="260756">
  <member type="way" ref="1425651281" role="outer"/>
  <member type="way" ref="1425651260" role="outer"/>
  <member type="way" ref="1425651457" role="outer"/>
  <member type="way" ref="1425651397" role="outer"/>
  <member type="way" ref="1425651272" role="outer"/>
  <member type="way" ref="1425651273" role="outer"/>
  <member type="way" ref="1425651274" role="outer"/>
  <member type="way" ref="1425651458" role="outer"/>
  <tag k="indoor" v="wall"/>
  <tag k="level" v="0"/>
  <tag k="type" v="multipolygon"/>
 </relation>
 <relation id="19535431" visible="true" version="1" changeset="171151501" timestamp="2025-08-28T19:14:51Z" user="Felis Pimeja" uid="260756">
  <member type="way" ref="1425651276" role="outer"/>
  <member type="way" ref="1425651459" role="outer"/>
  <member type="way" ref="1425651283" role="outer"/>
  <member type="way" ref="1425651460" role="outer"/>
  <tag k="indoor" v="wall"/>
  <tag k="level" v="0"/>
  <tag k="type" v="multipolygon"/>
 </relation>
 <relation id="19535432" visible="true" version="1" changeset="171151501" timestamp="2025-08-28T19:14:51Z" user="Felis Pimeja" uid="260756">
  <member type="way" ref="1425651278" role="outer"/>
  <member type="way" ref="1425651461" role="outer"/>
  <member type="way" ref="1425651285" role="outer"/>
  <member type="way" ref="1425651462" role="outer"/>
  <tag k="indoor" v="wall"/>
  <tag k="level" v="0"/>
  <tag k="type" v="multipolygon"/>
 </relation>
 <relation id="19535439" visible="true" version="1" changeset="171151501" timestamp="2025-08-28T19:14:51Z" user="Felis Pimeja" uid="260756">
  <member type="way" ref="1425651317" role="outer"/>
  <member type="way" ref="1425651428" role="outer"/>
  <member type="way" ref="1425651364" role="outer"/>
  <member type="way" ref="1425651421" role="outer"/>
  <member type="way" ref="1425651363" role="outer"/>
  <member type="way" ref="1425651361" role="outer"/>
  <member type="way" ref="1425651362" role="outer"/>
  <member type="way" ref="1425651424" role="outer"/>
  <member type="way" ref="1425651316" role="outer"/>
  <member type="way" ref="1425651323" role="outer"/>
  <member type="way" ref="1425651321" role="outer"/>
  <member type="way" ref="1425651357" role="outer"/>
  <member type="way" ref="1425651435" role="outer"/>
  <member type="way" ref="1425651358" role="outer"/>
  <member type="way" ref="1425651351" role="outer"/>
  <member type="way" ref="1425651350" role="outer"/>
  <member type="way" ref="1425651325" role="outer"/>
  <member type="way" ref="1425651427" role="outer"/>
  <member type="way" ref="1425651320" role="outer"/>
  <member type="way" ref="1425651319" role="outer"/>
  <member type="way" ref="1425651326" role="outer"/>
  <member type="way" ref="1425651327" role="outer"/>
  <member type="way" ref="1425651318" role="outer"/>
  <tag k="indoor" v="room"/>
  <tag k="level" v="0"/>
  <tag k="room" v="corridor"/>
  <tag k="type" v="multipolygon"/>
 </relation>
 <relation id="19535440" visible="true" version="1" changeset="171151501" timestamp="2025-08-28T19:14:51Z" user="Felis Pimeja" uid="260756">
  <member type="way" ref="1425651326" role="outer"/>
  <member type="way" ref="1425651425" role="outer"/>
  <tag k="indoor" v="room"/>
  <tag k="level" v="0"/>
  <tag k="room" v="technical"/>
  <tag k="type" v="multipolygon"/>
 </relation>
 <relation id="19535441" visible="true" version="1" changeset="171151501" timestamp="2025-08-28T19:14:51Z" user="Felis Pimeja" uid="260756">
  <member type="way" ref="1425651342" role="outer"/>
  <member type="way" ref="1425651330" role="outer"/>
  <member type="way" ref="1425651329" role="outer"/>
  <member type="way" ref="1425651415" role="outer"/>
  <member type="way" ref="1425651374" role="outer"/>
  <member type="way" ref="1425651373" role="outer"/>
  <member type="way" ref="1425651359" role="outer"/>
  <tag k="indoor" v="room"/>
  <tag k="level" v="0"/>
  <tag k="room" v="warehouse"/>
  <tag k="type" v="multipolygon"/>
 </relation>
 <relation id="19535442" visible="true" version="1" changeset="171151501" timestamp="2025-08-28T19:14:51Z" user="Felis Pimeja" uid="260756">
  <member type="way" ref="1425651331" role="outer"/>
  <member type="way" ref="1425651416" role="outer"/>
  <member type="way" ref="1425651329" role="outer"/>
  <tag k="indoor" v="room"/>
  <tag k="level" v="0"/>
  <tag k="room" v="warehouse"/>
  <tag k="type" v="multipolygon"/>
 </relation>
 <relation id="19535443" visible="true" version="1" changeset="171151501" timestamp="2025-08-28T19:14:51Z" user="Felis Pimeja" uid="260756">
  <member type="way" ref="1425651417" role="outer"/>
  <member type="way" ref="1425651414" role="outer"/>
  <member type="way" ref="1425651395" role="outer"/>
  <member type="way" ref="1425651271" role="outer"/>
  <member type="way" ref="1425651270" role="outer"/>
  <member type="way" ref="1425651449" role="outer"/>
  <member type="way" ref="1425651450" role="outer"/>
  <member type="way" ref="1425651386" role="outer"/>
  <member type="way" ref="1425651451" role="outer"/>
  <member type="way" ref="1425651379" role="outer"/>
  <member type="way" ref="1425651380" role="outer"/>
  <member type="way" ref="1425651328" role="outer"/>
  <member type="way" ref="1425651415" role="outer"/>
  <member type="way" ref="1425651416" role="outer"/>
  <tag k="indoor" v="room"/>
  <tag k="level" v="0"/>
  <tag k="room" v="warehouse"/>
  <tag k="type" v="multipolygon"/>
 </relation>
 <relation id="19535444" visible="true" version="1" changeset="171151501" timestamp="2025-08-28T19:14:51Z" user="Felis Pimeja" uid="260756">
  <member type="way" ref="1425651341" role="outer"/>
  <member type="way" ref="1425651471" role="outer"/>
  <member type="way" ref="1425651317" role="outer"/>
  <member type="way" ref="1425635077" role="outer"/>
  <member type="way" ref="1425651330" role="outer"/>
  <member type="way" ref="1425651331" role="outer"/>
  <member type="way" ref="1425651417" role="outer"/>
  <member type="way" ref="1425651398" role="outer"/>
  <member type="way" ref="1425651272" role="outer"/>
  <member type="way" ref="1425651273" role="outer"/>
  <member type="way" ref="1425651274" role="outer"/>
  <member type="way" ref="1425651275" role="outer"/>
  <member type="way" ref="1425651276" role="outer"/>
  <member type="way" ref="1425651277" role="outer"/>
  <member type="way" ref="1425651278" role="outer"/>
  <member type="way" ref="1425651466" role="outer"/>
  <member type="way" ref="1425651279" role="outer"/>
  <member type="way" ref="1425651411" role="outer"/>
  <member type="way" ref="1425651400" role="outer"/>
  <member type="way" ref="1425651344" role="outer"/>
  <member type="way" ref="1425651308" role="outer"/>
  <member type="way" ref="1425651467" role="outer"/>
  <member type="way" ref="1425651335" role="outer"/>
  <member type="way" ref="1425651468" role="outer"/>
  <member type="way" ref="1425651346" role="outer"/>
  <member type="way" ref="1425635058" role="outer"/>
  <member type="way" ref="1425635057" role="outer"/>
  <member type="way" ref="1425651410" role="inner"/>
  <member type="way" ref="1425651409" role="inner"/>
  <member type="way" ref="1425651407" role="inner"/>
  <member type="way" ref="1425651408" role="inner"/>
  <member type="way" ref="1425651405" role="inner"/>
  <member type="way" ref="1425651406" role="inner"/>
  <member type="way" ref="1425651404" role="inner"/>
  <member type="way" ref="1425651403" role="inner"/>
  <member type="way" ref="1425651402" role="inner"/>
  <member type="way" ref="1425651401" role="inner"/>
  <member type="way" ref="1425651261" role="inner"/>
  <tag k="indoor" v="room"/>
  <tag k="level" v="0"/>
  <tag k="room" v="shop"/>
  <tag k="type" v="multipolygon"/>
 </relation>
 <relation id="19535446" visible="true" version="1" changeset="171151501" timestamp="2025-08-28T19:14:51Z" user="Felis Pimeja" uid="260756">
  <member type="way" ref="1425651351" role="outer"/>
  <member type="way" ref="1425651264" role="outer"/>
  <member type="way" ref="1425651265" role="outer"/>
  <member type="way" ref="1425651437" role="outer"/>
  <member type="way" ref="1425651353" role="outer"/>
  <member type="way" ref="1425651356" role="outer"/>
  <tag k="indoor" v="room"/>
  <tag k="level" v="0"/>
  <tag k="room" v="warehouse"/>
  <tag k="type" v="multipolygon"/>
 </relation>
 <relation id="19535447" visible="true" version="1" changeset="171151501" timestamp="2025-08-28T19:14:51Z" user="Felis Pimeja" uid="260756">
  <member type="way" ref="1425651435" role="outer"/>
  <member type="way" ref="1425651322" role="outer"/>
  <member type="way" ref="1425651321" role="outer"/>
  <member type="way" ref="1425651434" role="outer"/>
  <member type="way" ref="1425651266" role="outer"/>
  <member type="way" ref="1425651267" role="outer"/>
  <member type="way" ref="1425651436" role="outer"/>
  <tag k="amenity" v="toilets"/>
  <tag k="indoor" v="room"/>
  <tag k="level" v="0"/>
  <tag k="room" v="toilet"/>
  <tag k="type" v="multipolygon"/>
 </relation>
 <relation id="19535448" visible="true" version="1" changeset="171151501" timestamp="2025-08-28T19:14:51Z" user="Felis Pimeja" uid="260756">
  <member type="way" ref="1425651361" role="outer"/>
  <member type="way" ref="1425651269" role="outer"/>
  <member type="way" ref="1425651268" role="outer"/>
  <member type="way" ref="1425651360" role="outer"/>
  <tag k="indoor" v="room"/>
  <tag k="level" v="0"/>
  <tag k="room" v="office"/>
  <tag k="type" v="multipolygon"/>
 </relation>
 <relation id="19535449" visible="true" version="1" changeset="171151501" timestamp="2025-08-28T19:14:51Z" user="Felis Pimeja" uid="260756">
  <member type="way" ref="1425651365" role="outer"/>
  <member type="way" ref="1425651366" role="outer"/>
  <member type="way" ref="1425651369" role="outer"/>
  <tag k="indoor" v="room"/>
  <tag k="level" v="0"/>
  <tag k="room" v="shower"/>
  <tag k="type" v="multipolygon"/>
 </relation>
 <relation id="19535450" visible="true" version="1" changeset="171151501" timestamp="2025-08-28T19:14:51Z" user="Felis Pimeja" uid="260756">
  <member type="way" ref="1425651365" role="outer"/>
  <member type="way" ref="1425651419" role="outer"/>
  <member type="way" ref="1425651370" role="outer"/>
  <tag k="indoor" v="room"/>
  <tag k="level" v="0"/>
  <tag k="room" v="shower"/>
  <tag k="type" v="multipolygon"/>
 </relation>
 <relation id="19535451" visible="true" version="1" changeset="171151501" timestamp="2025-08-28T19:14:51Z" user="Felis Pimeja" uid="260756">
  <member type="way" ref="1425651421" role="outer"/>
  <member type="way" ref="1425651420" role="outer"/>
  <member type="way" ref="1425651419" role="outer"/>
  <member type="way" ref="1425651367" role="outer"/>
  <tag k="indoor" v="room"/>
  <tag k="level" v="0"/>
  <tag k="room" v="dressing"/>
  <tag k="type" v="multipolygon"/>
 </relation>
 <relation id="19535452" visible="true" version="1" changeset="171151501" timestamp="2025-08-28T19:14:51Z" user="Felis Pimeja" uid="260756">
  <member type="way" ref="1425651364" role="outer"/>
  <member type="way" ref="1425651420" role="outer"/>
  <member type="way" ref="1425651366" role="outer"/>
  <member type="way" ref="1425651368" role="outer"/>
  <tag k="indoor" v="room"/>
  <tag k="level" v="0"/>
  <tag k="room" v="dressing"/>
  <tag k="type" v="multipolygon"/>
 </relation>
 <relation id="19535453" visible="true" version="1" changeset="171151501" timestamp="2025-08-28T19:14:51Z" user="Felis Pimeja" uid="260756">
  <member type="way" ref="1425651441" role="outer"/>
  <member type="way" ref="1425651348" role="outer"/>
  <member type="way" ref="1425651448" role="outer"/>
  <member type="way" ref="1425651380" role="outer"/>
  <member type="way" ref="1425651447" role="outer"/>
  <tag k="indoor" v="area"/>
  <tag k="level" v="0"/>
  <tag k="room" v="stairs"/>
  <tag k="type" v="multipolygon"/>
 </relation>
 <relation id="19535454" visible="true" version="1" changeset="171151501" timestamp="2025-08-28T19:14:51Z" user="Felis Pimeja" uid="260756">
  <member type="way" ref="1425651441" role="outer"/>
  <member type="way" ref="1425651348" role="outer"/>
  <member type="way" ref="1425651372" role="outer"/>
  <member type="way" ref="1425651444" role="outer"/>
  <member type="way" ref="1425651349" role="outer"/>
  <member type="way" ref="1425651378" role="outer"/>
  <member type="way" ref="1425651440" role="outer"/>
  <member type="way" ref="1425651439" role="outer"/>
  <member type="way" ref="1425651375" role="outer"/>
  <member type="way" ref="1425651446" role="outer"/>
  <member type="way" ref="1425651291" role="outer"/>
  <member type="way" ref="1425651373" role="outer"/>
  <member type="way" ref="1425651381" role="outer"/>
  <tag k="indoor" v="area"/>
  <tag k="level" v="0"/>
  <tag k="room" v="warehouse"/>
  <tag k="type" v="multipolygon"/>
 </relation>
 <relation id="19535455" visible="true" version="1" changeset="171151501" timestamp="2025-08-28T19:14:51Z" user="Felis Pimeja" uid="260756">
  <member type="way" ref="1425651382" role="outer"/>
  <member type="way" ref="1425651444" role="outer"/>
  <member type="way" ref="1425651349" role="outer"/>
  <tag k="indoor" v="area"/>
  <tag k="level" v="-1;0"/>
  <tag k="room" v="stairs"/>
  <tag k="type" v="multipolygon"/>
 </relation>
 <relation id="19535456" visible="true" version="1" changeset="171151501" timestamp="2025-08-28T19:14:51Z" user="Felis Pimeja" uid="260756">
  <member type="way" ref="1425651387" role="outer"/>
  <member type="way" ref="1425651412" role="outer"/>
  <member type="way" ref="1425651384" role="outer"/>
  <member type="way" ref="1425651451" role="outer"/>
  <tag k="indoor" v="room"/>
  <tag k="level" v="0"/>
  <tag k="room" v="warehouse"/>
  <tag k="type" v="multipolygon"/>
 </relation>
 <relation id="19535457" visible="true" version="1" changeset="171151501" timestamp="2025-08-28T19:14:51Z" user="Felis Pimeja" uid="260756">
  <member type="way" ref="1425651453" role="outer"/>
  <member type="way" ref="1425651450" role="outer"/>
  <member type="way" ref="1425651391" role="outer"/>
  <member type="way" ref="1425651413" role="outer"/>
  <member type="way" ref="1425651452" role="outer"/>
  <member type="way" ref="1425651388" role="outer"/>
  <member type="way" ref="1425651385" role="outer"/>
  <member type="way" ref="1425651412" role="outer"/>
  <tag k="indoor" v="room"/>
  <tag k="level" v="0"/>
  <tag k="room" v="warehouse"/>
  <tag k="type" v="multipolygon"/>
 </relation>
 <relation id="19535458" visible="true" version="1" changeset="171151501" timestamp="2025-08-28T19:14:51Z" user="Felis Pimeja" uid="260756">
  <member type="way" ref="1425651390" role="outer"/>
  <member type="way" ref="1425651413" role="outer"/>
  <tag k="indoor" v="room"/>
  <tag k="level" v="0"/>
  <tag k="room" v="warehouse"/>
  <tag k="type" v="multipolygon"/>
 </relation>
 <relation id="19535459" visible="true" version="1" changeset="171151501" timestamp="2025-08-28T19:14:51Z" user="Felis Pimeja" uid="260756">
  <member type="way" ref="1425651394" role="outer"/>
  <member type="way" ref="1425651392" role="outer"/>
  <member type="way" ref="1425651396" role="outer"/>
  <member type="way" ref="1425651414" role="outer"/>
  <member type="way" ref="1425651398" role="outer"/>
  <member type="way" ref="1425651397" role="outer"/>
  <member type="way" ref="1425651457" role="outer"/>
  <tag k="indoor" v="room"/>
  <tag k="level" v="0"/>
  <tag k="room" v="corridor"/>
  <tag k="type" v="multipolygon"/>
 </relation>
 <relation id="20813958" visible="true" version="1" changeset="183616295" timestamp="2026-06-03T22:41:46Z" user="Grass-snake" uid="11321493">
  <member type="way" ref="1525939068" role="outer"/>
  <member type="way" ref="1525939069" role="outer"/>
  <member type="way" ref="1525939070" role="outer"/>
  <tag k="addr:housenumber" v="20/1"/>
  <tag k="addr:street" v="Большой Балканский переулок"/>
  <tag k="landuse" v="industrial"/>
  <tag k="type" v="multipolygon"/>
 </relation>
 <relation id="21063066" visible="true" version="1" changeset="185080893" timestamp="2026-07-04T08:52:32Z" user="solenoid jam" uid="10129333">
  <member type="way" ref="1535150069" role="outer"/>
  <member type="way" ref="1535150073" role="outer"/>
  <member type="way" ref="1535150071" role="outer"/>
  <member type="way" ref="1535150079" role="outer"/>
  <member type="way" ref="1535150082" role="outer"/>
  <member type="way" ref="1535150085" role="outer"/>
  <member type="way" ref="1535150067" role="outer"/>
  <member type="way" ref="1535150089" role="outer"/>
  <member type="way" ref="1535150081" role="outer"/>
  <member type="way" ref="1535150083" role="outer"/>
  <member type="way" ref="1535150065" role="outer"/>
  <member type="way" ref="1535150080" role="outer"/>
  <member type="way" ref="1535150068" role="outer"/>
  <tag k="building" v="construction"/>
  <tag k="construction" v="school"/>
  <tag k="fixme" v="position, scale"/>
  <tag k="type" v="multipolygon"/>
 </relation>
 <relation id="21063068" visible="true" version="1" changeset="185080893" timestamp="2026-07-04T08:52:32Z" user="solenoid jam" uid="10129333">
  <member type="way" ref="1535150088" role="outer"/>
  <member type="way" ref="1535150070" role="outer"/>
  <member type="way" ref="1535150069" role="outer"/>
  <tag k="building:colour" v="white"/>
  <tag k="building:levels" v="1"/>
  <tag k="building:part" v="yes"/>
  <tag k="type" v="multipolygon"/>
 </relation>
 <relation id="21063069" visible="true" version="1" changeset="185080893" timestamp="2026-07-04T08:52:32Z" user="solenoid jam" uid="10129333">
  <member type="way" ref="1535150086" role="outer"/>
  <member type="way" ref="1535150078" role="outer"/>
  <member type="way" ref="1535150072" role="outer"/>
  <member type="way" ref="1535150071" role="outer"/>
  <tag k="building:colour" v="white"/>
  <tag k="building:levels" v="1"/>
  <tag k="building:part" v="yes"/>
  <tag k="type" v="multipolygon"/>
 </relation>
 <relation id="21063070" visible="true" version="1" changeset="185080893" timestamp="2026-07-04T08:52:32Z" user="solenoid jam" uid="10129333">
  <member type="way" ref="1535150094" role="outer"/>
  <member type="way" ref="1535150076" role="outer"/>
  <member type="way" ref="1535150074" role="outer"/>
  <member type="way" ref="1535150088" role="outer"/>
  <member type="way" ref="1535150073" role="outer"/>
  <member type="way" ref="1535150072" role="outer"/>
  <tag k="building:colour" v="white"/>
  <tag k="building:levels" v="4"/>
  <tag k="building:part" v="yes"/>
  <tag k="type" v="multipolygon"/>
 </relation>
 <relation id="21063072" visible="true" version="1" changeset="185080893" timestamp="2026-07-04T08:52:32Z" user="solenoid jam" uid="10129333">
  <member type="way" ref="1535150095" role="outer"/>
  <member type="way" ref="1535150078" role="outer"/>
  <member type="way" ref="1535150094" role="outer"/>
  <member type="way" ref="1535150077" role="outer"/>
  <tag k="building:colour" v="tomato"/>
  <tag k="building:levels" v="1"/>
  <tag k="building:part" v="yes"/>
  <tag k="type" v="multipolygon"/>
 </relation>
</osm>
