<?xml version="1.0" encoding="UTF-8"?>
<osm version="0.6" generator="openstreetmap-cgimap 2.1.0 (244689 spike-07.openstreetmap.org)" copyright="OpenStreetMap and contributors" attribution="http://www.openstreetmap.org/copyright" license="http://opendatacommons.org/licenses/odbl/1-0/">
 <bounds minlat="60.0447456" minlon="30.3423013" maxlat="60.0474405" maxlon="30.3476987"/>
 <node id="61234171" visible="true" version="12" changeset="85842920" timestamp="2020-05-27T16:23:05Z" user="Константин Гам" uid="392109" lat="60.0502371" lon="30.3471076">
  <tag k="highway" v="traffic_signals"/>
 </node>
 <node id="249745838" visible="true" version="6" changeset="43737508" timestamp="2016-11-17T17:42:20Z" user="Pavel47" uid="472653" lat="60.0471262" lon="30.3518861"/>
 <node id="249745839" visible="true" version="6" changeset="43737508" timestamp="2016-11-17T17:42:20Z" user="Pavel47" uid="472653" lat="60.0451409" lon="30.3502588"/>
 <node id="249745840" visible="true" version="6" changeset="43737508" timestamp="2016-11-17T17:42:20Z" user="Pavel47" uid="472653" lat="60.0452766" lon="30.3495937"/>
 <node id="249746823" visible="true" version="3" changeset="17023834" timestamp="2013-07-20T14:35:40Z" user="Danidin9" uid="395588" lat="60.0489552" lon="30.3468115"/>
 <node id="249746824" visible="true" version="3" changeset="17023834" timestamp="2013-07-20T14:35:40Z" user="Danidin9" uid="395588" lat="60.0478256" lon="30.3461038"/>
 <node id="249746825" visible="true" version="8" changeset="24478195" timestamp="2014-08-01T10:20:52Z" user="Danidin9" uid="395588" lat="60.0477280" lon="30.3461273">
  <tag k="addr:flats" v="108-143"/>
  <tag k="entrance" v="staircase"/>
  <tag k="ref" v="4"/>
 </node>
 <node id="249746826" visible="true" version="8" changeset="24478195" timestamp="2014-08-01T10:20:52Z" user="Danidin9" uid="395588" lat="60.0475623" lon="30.3462621">
  <tag k="addr:flats" v="72-107"/>
  <tag k="entrance" v="staircase"/>
  <tag k="ref" v="3"/>
 </node>
 <node id="249746827" visible="true" version="5" changeset="17023834" timestamp="2013-07-20T14:35:40Z" user="Danidin9" uid="395588" lat="60.0476348" lon="30.3461498"/>
 <node id="249746828" visible="true" version="4" changeset="17023834" timestamp="2013-07-20T14:35:40Z" user="Danidin9" uid="395588" lat="60.0475925" lon="30.3459552"/>
 <node id="249746829" visible="true" version="4" changeset="17023834" timestamp="2013-07-20T14:35:40Z" user="Danidin9" uid="395588" lat="60.0478356" lon="30.3458966"/>
 <node id="249746830" visible="true" version="7" changeset="24478195" timestamp="2014-08-01T10:20:52Z" user="Danidin9" uid="395588" lat="60.0486250" lon="30.3467571">
  <tag k="addr:flats" v="286-321"/>
  <tag k="entrance" v="staircase"/>
  <tag k="ref" v="9"/>
 </node>
 <node id="249746866" visible="true" version="3" changeset="17023834" timestamp="2013-07-20T14:35:40Z" user="Danidin9" uid="395588" lat="60.0455603" lon="30.3447249"/>
 <node id="249746867" visible="true" version="3" changeset="17023834" timestamp="2013-07-20T14:35:40Z" user="Danidin9" uid="395588" lat="60.0455995" lon="30.3445340"/>
 <node id="249746868" visible="true" version="3" changeset="17023834" timestamp="2013-07-20T14:35:40Z" user="Danidin9" uid="395588" lat="60.0469048" lon="30.3456113"/>
 <node id="249746869" visible="true" version="3" changeset="17023834" timestamp="2013-07-20T14:35:41Z" user="Danidin9" uid="395588" lat="60.0468656" lon="30.3458020"/>
 <node id="249746880" visible="true" version="3" changeset="17023834" timestamp="2013-07-20T14:35:41Z" user="Danidin9" uid="395588" lat="60.0450534" lon="30.3455409"/>
 <node id="249746881" visible="true" version="3" changeset="17023834" timestamp="2013-07-20T14:35:41Z" user="Danidin9" uid="395588" lat="60.0450926" lon="30.3453500"/>
 <node id="249746882" visible="true" version="3" changeset="17023834" timestamp="2013-07-20T14:35:41Z" user="Danidin9" uid="395588" lat="60.0463979" lon="30.3464273"/>
 <node id="249746883" visible="true" version="3" changeset="17023834" timestamp="2013-07-20T14:35:41Z" user="Danidin9" uid="395588" lat="60.0463587" lon="30.3466180"/>
 <node id="249746938" visible="true" version="12" changeset="132707613" timestamp="2023-02-18T09:29:35Z" user="Zavgor1990" uid="11591067" lat="60.0451756" lon="30.3437683">
  <tag k="access" v="private"/>
  <tag k="addr:flats" v="1-110"/>
  <tag k="entrance" v="staircase"/>
  <tag k="level" v="1"/>
  <tag k="ref" v="1"/>
 </node>
 <node id="249746939" visible="true" version="3" changeset="17023834" timestamp="2013-07-20T14:35:41Z" user="Danidin9" uid="395588" lat="60.0452501" lon="30.3435221"/>
 <node id="249746940" visible="true" version="3" changeset="17023834" timestamp="2013-07-20T14:35:41Z" user="Danidin9" uid="395588" lat="60.0453361" lon="30.3435899"/>
 <node id="249746941" visible="true" version="2" changeset="17023834" timestamp="2013-07-20T14:35:41Z" user="Danidin9" uid="395588" lat="60.0452288" lon="30.3441171"/>
 <node id="249746942" visible="true" version="3" changeset="17023834" timestamp="2013-07-20T14:35:41Z" user="Danidin9" uid="395588" lat="60.0452246" lon="30.3441379"/>
 <node id="249746943" visible="true" version="3" changeset="17023834" timestamp="2013-07-20T14:35:41Z" user="Danidin9" uid="395588" lat="60.0451659" lon="30.3440898"/>
 <node id="249746949" visible="true" version="13" changeset="132707613" timestamp="2023-02-18T09:29:35Z" user="Zavgor1990" uid="11591067" lat="60.0447065" lon="30.3443798">
  <tag k="addr:flats" v="1-110"/>
  <tag k="entrance" v="staircase"/>
  <tag k="level" v="1"/>
  <tag k="ref" v="1"/>
  <tag k="wheelchair" v="yes"/>
 </node>
 <node id="249746950" visible="true" version="3" changeset="17023834" timestamp="2013-07-20T14:35:41Z" user="Danidin9" uid="395588" lat="60.0447810" lon="30.3441337"/>
 <node id="249746951" visible="true" version="3" changeset="17023834" timestamp="2013-07-20T14:35:41Z" user="Danidin9" uid="395588" lat="60.0448671" lon="30.3442014"/>
 <node id="249746952" visible="true" version="3" changeset="17023834" timestamp="2013-07-20T14:35:41Z" user="Danidin9" uid="395588" lat="60.0447007" lon="30.3446822"/>
 <node id="249746953" visible="true" version="3" changeset="17023834" timestamp="2013-07-20T14:35:41Z" user="Danidin9" uid="395588" lat="60.0448040" lon="30.3447635"/>
 <node id="249746954" visible="true" version="3" changeset="17023834" timestamp="2013-07-20T14:35:41Z" user="Danidin9" uid="395588" lat="60.0446968" lon="30.3447013"/>
 <node id="249747066" visible="true" version="3" changeset="17023834" timestamp="2013-07-20T14:35:41Z" user="Danidin9" uid="395588" lat="60.0453930" lon="30.3489820"/>
 <node id="249747067" visible="true" version="7" changeset="24478195" timestamp="2014-08-01T10:20:53Z" user="Danidin9" uid="395588" lat="60.0456816" lon="30.3481124">
  <tag k="addr:flats" v="72-107"/>
  <tag k="entrance" v="staircase"/>
  <tag k="ref" v="3"/>
 </node>
 <node id="249747068" visible="true" version="6" changeset="24478195" timestamp="2014-08-01T10:20:53Z" user="Danidin9" uid="395588" lat="60.0457919" lon="30.3478288">
  <tag k="addr:flats" v="108-143"/>
  <tag k="entrance" v="staircase"/>
  <tag k="ref" v="4"/>
 </node>
 <node id="249747069" visible="true" version="6" changeset="24478195" timestamp="2014-08-01T10:20:53Z" user="Danidin9" uid="395588" lat="60.0461307" lon="30.3477357">
  <tag k="addr:flats" v="180-214"/>
  <tag k="entrance" v="staircase"/>
  <tag k="ref" v="6"/>
 </node>
 <node id="249747070" visible="true" version="6" changeset="24478195" timestamp="2014-08-01T10:20:53Z" user="Danidin9" uid="395588" lat="60.0463368" lon="30.3477891">
  <tag k="addr:flats" v="215-250"/>
  <tag k="entrance" v="staircase"/>
  <tag k="ref" v="7"/>
 </node>
 <node id="249747071" visible="true" version="2" changeset="17023834" timestamp="2013-07-20T14:35:41Z" user="Danidin9" uid="395588" lat="60.0466435" lon="30.3477060"/>
 <node id="249747072" visible="true" version="6" changeset="24478195" timestamp="2014-08-01T10:20:53Z" user="Danidin9" uid="395588" lat="60.0468821" lon="30.3473332">
  <tag k="addr:flats" v="322-357"/>
  <tag k="entrance" v="staircase"/>
  <tag k="ref" v="10"/>
 </node>
 <node id="249747073" visible="true" version="6" changeset="24478195" timestamp="2014-08-01T10:20:53Z" user="Danidin9" uid="395588" lat="60.0467280" lon="30.3475740">
  <tag k="addr:flats" v="286-321"/>
  <tag k="entrance" v="staircase"/>
  <tag k="ref" v="9"/>
 </node>
 <node id="249747074" visible="true" version="6" changeset="24478195" timestamp="2014-08-01T10:20:53Z" user="Danidin9" uid="395588" lat="60.0465365" lon="30.3477350">
  <tag k="addr:flats" v="251-285"/>
  <tag k="entrance" v="staircase"/>
  <tag k="ref" v="8"/>
 </node>
 <node id="249747075" visible="true" version="2" changeset="17023834" timestamp="2013-07-20T14:35:42Z" user="Danidin9" uid="395588" lat="60.0462337" lon="30.3478170"/>
 <node id="249747076" visible="true" version="2" changeset="17023834" timestamp="2013-07-20T14:35:42Z" user="Danidin9" uid="395588" lat="60.0460466" lon="30.3476692"/>
 <node id="249747077" visible="true" version="2" changeset="17023834" timestamp="2013-07-20T14:35:42Z" user="Danidin9" uid="395588" lat="60.0457180" lon="30.3479348"/>
 <node id="249747078" visible="true" version="7" changeset="24478195" timestamp="2014-08-01T10:20:53Z" user="Danidin9" uid="395588" lat="60.0456079" lon="30.3484723">
  <tag k="addr:flats" v="37-71"/>
  <tag k="entrance" v="staircase"/>
  <tag k="ref" v="2"/>
 </node>
 <node id="249747079" visible="true" version="3" changeset="17023834" timestamp="2013-07-20T14:35:42Z" user="Danidin9" uid="395588" lat="60.0454875" lon="30.3490596"/>
 <node id="249747157" visible="true" version="5" changeset="17023834" timestamp="2013-07-20T14:35:42Z" user="Danidin9" uid="395588" lat="60.0447826" lon="30.3473599"/>
 <node id="249747158" visible="true" version="5" changeset="17023834" timestamp="2013-07-20T14:35:42Z" user="Danidin9" uid="395588" lat="60.0448249" lon="30.3471507"/>
 <node id="249747159" visible="true" version="5" changeset="17023834" timestamp="2013-07-20T14:35:42Z" user="Danidin9" uid="395588" lat="60.0449700" lon="30.3472684"/>
 <node id="249747160" visible="true" version="5" changeset="17023834" timestamp="2013-07-20T14:35:42Z" user="Danidin9" uid="395588" lat="60.0450307" lon="30.3469683"/>
 <node id="249747161" visible="true" version="5" changeset="17023834" timestamp="2013-07-20T14:35:42Z" user="Danidin9" uid="395588" lat="60.0448867" lon="30.3468515"/>
 <node id="249747162" visible="true" version="5" changeset="17023834" timestamp="2013-07-20T14:35:42Z" user="Danidin9" uid="395588" lat="60.0449297" lon="30.3466394"/>
 <node id="249747163" visible="true" version="5" changeset="17023834" timestamp="2013-07-20T14:35:42Z" user="Danidin9" uid="395588" lat="60.0452328" lon="30.3468853"/>
 <node id="249747164" visible="true" version="5" changeset="17023834" timestamp="2013-07-20T14:35:42Z" user="Danidin9" uid="395588" lat="60.0451899" lon="30.3470975"/>
 <node id="249747165" visible="true" version="5" changeset="17023834" timestamp="2013-07-20T14:35:42Z" user="Danidin9" uid="395588" lat="60.0450921" lon="30.3470181"/>
 <node id="249747166" visible="true" version="5" changeset="17023834" timestamp="2013-07-20T14:35:42Z" user="Danidin9" uid="395588" lat="60.0450314" lon="30.3473182"/>
 <node id="249747167" visible="true" version="5" changeset="17023834" timestamp="2013-07-20T14:35:42Z" user="Danidin9" uid="395588" lat="60.0451280" lon="30.3473967"/>
 <node id="249747168" visible="true" version="5" changeset="17023834" timestamp="2013-07-20T14:35:42Z" user="Danidin9" uid="395588" lat="60.0450857" lon="30.3476058"/>
 <node id="256163719" visible="true" version="5" changeset="114900664" timestamp="2021-12-13T22:54:10Z" user="mini-me" uid="3846961" lat="60.0473233" lon="30.3409514"/>
 <node id="256163720" visible="true" version="5" changeset="114900664" timestamp="2021-12-13T22:54:10Z" user="mini-me" uid="3846961" lat="60.0472755" lon="30.3409122"/>
 <node id="256163721" visible="true" version="5" changeset="114900664" timestamp="2021-12-13T22:54:10Z" user="mini-me" uid="3846961" lat="60.0470207" lon="30.3421575"/>
 <node id="256163722" visible="true" version="5" changeset="114900664" timestamp="2021-12-13T22:54:10Z" user="mini-me" uid="3846961" lat="60.0470730" lon="30.3422005"/>
 <node id="256163723" visible="true" version="5" changeset="114900664" timestamp="2021-12-13T22:54:10Z" user="mini-me" uid="3846961" lat="60.0467589" lon="30.3437360"/>
 <node id="256163724" visible="true" version="5" changeset="114900664" timestamp="2021-12-13T22:54:10Z" user="mini-me" uid="3846961" lat="60.0464100" lon="30.3434496"/>
 <node id="256163725" visible="true" version="5" changeset="114900664" timestamp="2021-12-13T22:54:10Z" user="mini-me" uid="3846961" lat="60.0465031" lon="30.3429945"/>
 <node id="256163726" visible="true" version="5" changeset="114900664" timestamp="2021-12-13T22:54:10Z" user="mini-me" uid="3846961" lat="60.0467060" lon="30.3431610"/>
 <node id="256163727" visible="true" version="5" changeset="114900664" timestamp="2021-12-13T22:54:10Z" user="mini-me" uid="3846961" lat="60.0468911" lon="30.3422564"/>
 <node id="256163728" visible="true" version="5" changeset="114900664" timestamp="2021-12-13T22:54:10Z" user="mini-me" uid="3846961" lat="60.0468382" lon="30.3422130"/>
 <node id="256163729" visible="true" version="5" changeset="114900664" timestamp="2021-12-13T22:54:10Z" user="mini-me" uid="3846961" lat="60.0469079" lon="30.3418723"/>
 <node id="256163730" visible="true" version="5" changeset="114900664" timestamp="2021-12-13T22:54:10Z" user="mini-me" uid="3846961" lat="60.0468561" lon="30.3418298"/>
 <node id="256163731" visible="true" version="5" changeset="114900664" timestamp="2021-12-13T22:54:10Z" user="mini-me" uid="3846961" lat="60.0470415" lon="30.3409241"/>
 <node id="256163732" visible="true" version="5" changeset="114900664" timestamp="2021-12-13T22:54:10Z" user="mini-me" uid="3846961" lat="60.0470892" lon="30.3409633"/>
 <node id="256163733" visible="true" version="5" changeset="114900664" timestamp="2021-12-13T22:54:10Z" user="mini-me" uid="3846961" lat="60.0471672" lon="30.3405823"/>
 <node id="256163734" visible="true" version="5" changeset="114900664" timestamp="2021-12-13T22:54:10Z" user="mini-me" uid="3846961" lat="60.0472194" lon="30.3406251"/>
 <node id="256164040" visible="true" version="5" changeset="44499573" timestamp="2016-12-18T19:50:05Z" user="misht" uid="615059" lat="60.0469690" lon="30.3438489"/>
 <node id="256164041" visible="true" version="5" changeset="44499573" timestamp="2016-12-18T19:50:05Z" user="misht" uid="615059" lat="60.0472100" lon="30.3426628"/>
 <node id="256164044" visible="true" version="5" changeset="44499573" timestamp="2016-12-18T19:50:05Z" user="misht" uid="615059" lat="60.0471952" lon="30.3440333"/>
 <node id="256164159" visible="true" version="5" changeset="44499573" timestamp="2016-12-18T19:50:05Z" user="misht" uid="615059" lat="60.0474706" lon="30.3424482"/>
 <node id="256164160" visible="true" version="5" changeset="44499573" timestamp="2016-12-18T19:50:05Z" user="misht" uid="615059" lat="60.0478376" lon="30.3427473"/>
 <node id="256164161" visible="true" version="5" changeset="44499573" timestamp="2016-12-18T19:50:05Z" user="misht" uid="615059" lat="60.0480622" lon="30.3416415"/>
 <node id="256164162" visible="true" version="5" changeset="44499573" timestamp="2016-12-18T19:50:05Z" user="misht" uid="615059" lat="60.0482425" lon="30.3417884"/>
 <node id="256164163" visible="true" version="5" changeset="44499573" timestamp="2016-12-18T19:50:05Z" user="misht" uid="615059" lat="60.0479456" lon="30.3432504"/>
 <node id="272110016" visible="true" version="7" changeset="85842920" timestamp="2020-05-27T16:23:05Z" user="Константин Гам" uid="392109" lat="60.0485430" lon="30.3457333"/>
 <node id="272477779" visible="true" version="5" changeset="114900664" timestamp="2021-12-13T22:54:10Z" user="mini-me" uid="3846961" lat="60.0475498" lon="30.3398370"/>
 <node id="276067086" visible="true" version="5" changeset="114900664" timestamp="2021-12-13T22:54:10Z" user="mini-me" uid="3846961" lat="60.0474050" lon="30.3397181"/>
 <node id="610456623" visible="true" version="4" changeset="141320875" timestamp="2023-09-15T21:30:32Z" user="mini-me" uid="3846961" lat="60.0449554" lon="30.3375963"/>
 <node id="610457888" visible="true" version="1" changeset="3580035" timestamp="2010-01-09T17:52:11Z" user="frost_ii" uid="217220" lat="60.0443849" lon="30.3403340"/>
 <node id="610457890" visible="true" version="2" changeset="16962496" timestamp="2013-07-15T13:38:40Z" user="Danidin9" uid="395588" lat="60.0442667" lon="30.3408669"/>
 <node id="610457891" visible="true" version="3" changeset="141514188" timestamp="2023-09-20T13:26:15Z" user="mini-me" uid="3846961" lat="60.0445376" lon="30.3422073"/>
 <node id="610458307" visible="true" version="2" changeset="141320875" timestamp="2023-09-15T21:30:32Z" user="mini-me" uid="3846961" lat="60.0447358" lon="30.3386435"/>
 <node id="610458947" visible="true" version="14" changeset="141514188" timestamp="2023-09-20T13:26:15Z" user="mini-me" uid="3846961" lat="60.0447999" lon="30.3424241"/>
 <node id="658478663" visible="true" version="16" changeset="132457576" timestamp="2023-02-12T18:17:05Z" user="Zavgor1990" uid="11591067" lat="60.0500451" lon="30.3469518">
  <tag k="button_operated" v="no"/>
  <tag k="crossing" v="traffic_signals"/>
  <tag k="crossing:island" v="no"/>
  <tag k="highway" v="crossing"/>
  <tag k="tactile_paving" v="no"/>
  <tag k="traffic_signals:arrow" v="no"/>
  <tag k="traffic_signals:countdown" v="yes"/>
  <tag k="traffic_signals:minimap" v="no"/>
  <tag k="traffic_signals:sound" v="yes"/>
  <tag k="traffic_signals:vibration" v="no"/>
 </node>
 <node id="896799711" visible="true" version="3" changeset="16962496" timestamp="2013-07-15T13:38:40Z" user="Danidin9" uid="395588" lat="60.0459608" lon="30.3378949"/>
 <node id="896799717" visible="true" version="2" changeset="11170600" timestamp="2012-03-31T19:55:15Z" user="FMS" uid="380289" lat="60.0481733" lon="30.3435715"/>
 <node id="896799728" visible="true" version="4" changeset="17031977" timestamp="2013-07-21T07:15:27Z" user="Danidin9" uid="395588" lat="60.0499110" lon="30.3472179"/>
 <node id="896799744" visible="true" version="2" changeset="17031977" timestamp="2013-07-21T07:15:27Z" user="Danidin9" uid="395588" lat="60.0448256" lon="30.3430084"/>
 <node id="896799784" visible="true" version="3" changeset="16962496" timestamp="2013-07-15T13:38:40Z" user="Danidin9" uid="395588" lat="60.0449997" lon="30.3426486"/>
 <node id="896799790" visible="true" version="1" changeset="5684757" timestamp="2010-09-05T07:09:25Z" user="Batareikin" uid="127299" lat="60.0473673" lon="30.3446285"/>
 <node id="896799794" visible="true" version="2" changeset="11170912" timestamp="2012-03-31T20:26:18Z" user="FMS" uid="380289" lat="60.0486343" lon="30.3413731"/>
 <node id="896799812" visible="true" version="1" changeset="5684757" timestamp="2010-09-05T07:09:25Z" user="Batareikin" uid="127299" lat="60.0476689" lon="30.3431985"/>
 <node id="896799830" visible="true" version="2" changeset="11170912" timestamp="2012-03-31T20:26:18Z" user="FMS" uid="380289" lat="60.0477825" lon="30.3393871"/>
 <node id="1572125350" visible="true" version="2" changeset="17031977" timestamp="2013-07-21T07:15:19Z" user="Danidin9" uid="395588" lat="60.0453982" lon="30.3500853"/>
 <node id="1572125352" visible="true" version="3" changeset="141320875" timestamp="2023-09-15T21:30:32Z" user="mini-me" uid="3846961" lat="60.0461546" lon="30.3479994"/>
 <node id="1572125356" visible="true" version="3" changeset="141320875" timestamp="2023-09-15T21:30:32Z" user="mini-me" uid="3846961" lat="60.0462277" lon="30.3480379"/>
 <node id="1572125380" visible="true" version="1" changeset="10258254" timestamp="2011-12-31T22:20:31Z" user="paavolobja" uid="386821" lat="60.0490877" lon="30.3478230"/>
 <node id="1572125409" visible="true" version="2" changeset="17031977" timestamp="2013-07-21T07:15:19Z" user="Danidin9" uid="395588" lat="60.0466762" lon="30.3511265"/>
 <node id="1572125415" visible="true" version="3" changeset="141320875" timestamp="2023-09-15T21:30:32Z" user="mini-me" uid="3846961" lat="60.0458774" lon="30.3480276"/>
 <node id="1572125417" visible="true" version="4" changeset="141320875" timestamp="2023-09-15T21:30:32Z" user="mini-me" uid="3846961" lat="60.0460243" lon="30.3479431"/>
 <node id="1572125434" visible="true" version="3" changeset="17034698" timestamp="2013-07-21T11:37:30Z" user="Danidin9" uid="395588" lat="60.0475772" lon="30.3465837"/>
 <node id="1572125438" visible="true" version="2" changeset="17031977" timestamp="2013-07-21T07:15:19Z" user="Danidin9" uid="395588" lat="60.0466809" lon="30.3479191"/>
 <node id="1572125441" visible="true" version="2" changeset="17031977" timestamp="2013-07-21T07:15:19Z" user="Danidin9" uid="395588" lat="60.0458089" lon="30.3481523"/>
 <node id="1572151689" visible="true" version="3" changeset="17031977" timestamp="2013-07-21T07:15:20Z" user="Danidin9" uid="395588" lat="60.0464116" lon="30.3468123"/>
 <node id="1572151690" visible="true" version="2" changeset="17031977" timestamp="2013-07-21T07:15:20Z" user="Danidin9" uid="395588" lat="60.0472848" lon="30.3476336"/>
 <node id="1572151711" visible="true" version="1" changeset="10258254" timestamp="2011-12-31T22:38:30Z" user="paavolobja" uid="386821" lat="60.0445803" lon="30.3461616"/>
 <node id="1572151713" visible="true" version="3" changeset="17031977" timestamp="2013-07-21T07:15:20Z" user="Danidin9" uid="395588" lat="60.0472787" lon="30.3470606"/>
 <node id="1572151714" visible="true" version="2" changeset="141321006" timestamp="2023-09-15T21:37:13Z" user="mini-me" uid="3846961" lat="60.0449377" lon="30.3460647"/>
 <node id="1572151722" visible="true" version="2" changeset="17031977" timestamp="2013-07-21T07:15:20Z" user="Danidin9" uid="395588" lat="60.0454838" lon="30.3496682"/>
 <node id="1572151730" visible="true" version="2" changeset="17034698" timestamp="2013-07-21T11:37:30Z" user="Danidin9" uid="395588" lat="60.0463150" lon="30.3468145"/>
 <node id="1572151744" visible="true" version="3" changeset="141321006" timestamp="2023-09-15T21:37:13Z" user="mini-me" uid="3846961" lat="60.0456714" lon="30.3466644"/>
 <node id="1572151749" visible="true" version="1" changeset="10258254" timestamp="2011-12-31T22:38:31Z" user="paavolobja" uid="386821" lat="60.0468497" lon="30.3462424"/>
 <node id="1572151753" visible="true" version="2" changeset="17031977" timestamp="2013-07-21T07:15:20Z" user="Danidin9" uid="395588" lat="60.0443700" lon="30.3483524"/>
 <node id="1572151772" visible="true" version="2" changeset="17031977" timestamp="2013-07-21T07:15:20Z" user="Danidin9" uid="395588" lat="60.0475693" lon="30.3477025"/>
 <node id="1572151774" visible="true" version="1" changeset="10258254" timestamp="2011-12-31T22:38:32Z" user="paavolobja" uid="386821" lat="60.0441703" lon="30.3481923"/>
 <node id="1572151776" visible="true" version="3" changeset="141321006" timestamp="2023-09-15T21:37:13Z" user="mini-me" uid="3846961" lat="60.0453735" lon="30.3481734"/>
 <node id="1572151778" visible="true" version="2" changeset="17031977" timestamp="2013-07-21T07:15:20Z" user="Danidin9" uid="395588" lat="60.0470315" lon="30.3489739"/>
 <node id="1572151783" visible="true" version="2" changeset="17034698" timestamp="2013-07-21T11:37:30Z" user="Danidin9" uid="395588" lat="60.0451023" lon="30.3476933"/>
 <node id="1572151787" visible="true" version="2" changeset="17031977" timestamp="2013-07-21T07:15:20Z" user="Danidin9" uid="395588" lat="60.0475142" lon="30.3493453"/>
 <node id="1572151799" visible="true" version="3" changeset="141321006" timestamp="2023-09-15T21:37:13Z" user="mini-me" uid="3846961" lat="60.0453579" lon="30.3464052">
  <tag k="access" v="private"/>
  <tag k="barrier" v="gate"/>
 </node>
 <node id="1572151801" visible="true" version="2" changeset="17034698" timestamp="2013-07-21T11:37:30Z" user="Danidin9" uid="395588" lat="60.0447457" lon="30.3474002"/>
 <node id="1572151803" visible="true" version="5" changeset="146491932" timestamp="2024-01-20T20:21:59Z" user="Cmapuk-noxa6bl4" uid="20024786" lat="60.0472325" lon="30.3446676"/>
 <node id="1572151807" visible="true" version="2" changeset="17031977" timestamp="2013-07-21T07:15:20Z" user="Danidin9" uid="395588" lat="60.0471292" lon="30.3484616"/>
 <node id="1572151828" visible="true" version="3" changeset="141321006" timestamp="2023-09-15T21:37:13Z" user="mini-me" uid="3846961" lat="60.0454186" lon="30.3461024"/>
 <node id="1572151831" visible="true" version="1" changeset="10258254" timestamp="2011-12-31T22:38:33Z" user="paavolobja" uid="386821" lat="60.0486895" lon="30.3481942"/>
 <node id="1572151833" visible="true" version="2" changeset="141321006" timestamp="2023-09-15T21:37:13Z" user="mini-me" uid="3846961" lat="60.0447470" lon="30.3461885"/>
 <node id="1572151834" visible="true" version="2" changeset="17031977" timestamp="2013-07-21T07:15:20Z" user="Danidin9" uid="395588" lat="60.0465212" lon="30.3463878"/>
 <node id="1572151837" visible="true" version="2" changeset="17034698" timestamp="2013-07-21T11:37:30Z" user="Danidin9" uid="395588" lat="60.0449176" lon="30.3465613"/>
 <node id="1572151852" visible="true" version="2" changeset="17031977" timestamp="2013-07-21T07:15:20Z" user="Danidin9" uid="395588" lat="60.0441091" lon="30.3496710"/>
 <node id="1572151869" visible="true" version="2" changeset="17034698" timestamp="2013-07-21T11:37:31Z" user="Danidin9" uid="395588" lat="60.0452743" lon="30.3468545"/>
 <node id="1572151872" visible="true" version="2" changeset="17034698" timestamp="2013-07-21T11:37:31Z" user="Danidin9" uid="395588" lat="60.0450337" lon="30.3457813"/>
 <node id="1572151875" visible="true" version="5" changeset="139193029" timestamp="2023-07-30T01:16:31Z" user="mini-me" uid="3846961" lat="60.0435612" lon="30.3493091"/>
 <node id="1572151904" visible="true" version="3" changeset="141321006" timestamp="2023-09-15T21:37:13Z" user="mini-me" uid="3846961" lat="60.0445513" lon="30.3475574"/>
 <node id="1572151907" visible="true" version="2" changeset="17031977" timestamp="2013-07-21T07:15:20Z" user="Danidin9" uid="395588" lat="60.0471432" lon="30.3472411"/>
 <node id="1572151909" visible="true" version="2" changeset="17034698" timestamp="2013-07-21T11:37:31Z" user="Danidin9" uid="395588" lat="60.0447140" lon="30.3455143"/>
 <node id="1572151914" visible="true" version="2" changeset="17031977" timestamp="2013-07-21T07:15:20Z" user="Danidin9" uid="395588" lat="60.0442373" lon="30.3489853"/>
 <node id="1572151917" visible="true" version="1" changeset="10258254" timestamp="2011-12-31T22:38:35Z" user="paavolobja" uid="386821" lat="60.0489692" lon="30.3484245"/>
 <node id="1572151920" visible="true" version="2" changeset="17031977" timestamp="2013-07-21T07:15:20Z" user="Danidin9" uid="395588" lat="60.0476992" lon="30.3484307"/>
 <node id="1572151923" visible="true" version="2" changeset="17031977" timestamp="2013-07-21T07:15:20Z" user="Danidin9" uid="395588" lat="60.0473930" lon="30.3475503"/>
 <node id="1572151930" visible="true" version="2" changeset="141321006" timestamp="2023-09-15T21:37:13Z" user="mini-me" uid="3846961" lat="60.0445105" lon="30.3473602"/>
 <node id="1572151944" visible="true" version="3" changeset="76750182" timestamp="2019-11-07T11:06:40Z" user="Константин Гам" uid="392109" lat="60.0440348" lon="30.3500345"/>
 <node id="1572167440" visible="true" version="3" changeset="141514188" timestamp="2023-09-20T13:26:15Z" user="mini-me" uid="3846961" lat="60.0453173" lon="30.3443928"/>
 <node id="1572167443" visible="true" version="4" changeset="85842920" timestamp="2020-05-27T16:23:05Z" user="Константин Гам" uid="392109" lat="60.0470688" lon="30.3445375"/>
 <node id="1572167446" visible="true" version="1" changeset="10258254" timestamp="2011-12-31T22:52:13Z" user="paavolobja" uid="386821" lat="60.0445404" lon="30.3448773"/>
 <node id="1572167449" visible="true" version="8" changeset="139193029" timestamp="2023-07-30T01:16:31Z" user="mini-me" uid="3846961" lat="60.0443378" lon="30.3447146"/>
 <node id="1572167452" visible="true" version="3" changeset="141514188" timestamp="2023-09-20T13:26:15Z" user="mini-me" uid="3846961" lat="60.0451567" lon="30.3451545"/>
 <node id="1572167465" visible="true" version="9" changeset="141514188" timestamp="2023-09-20T13:26:15Z" user="mini-me" uid="3846961" lat="60.0445363" lon="30.3437245"/>
 <node id="1572167468" visible="true" version="3" changeset="17034698" timestamp="2013-07-21T11:37:31Z" user="Danidin9" uid="395588" lat="60.0477187" lon="30.3475966"/>
 <node id="1572167471" visible="true" version="2" changeset="141514188" timestamp="2023-09-20T13:26:15Z" user="mini-me" uid="3846961" lat="60.0449970" lon="30.3441260"/>
 <node id="1572167474" visible="true" version="3" changeset="146491932" timestamp="2024-01-20T20:21:59Z" user="Cmapuk-noxa6bl4" uid="20024786" lat="60.0460610" lon="30.3440022"/>
 <node id="1572167480" visible="true" version="1" changeset="10258254" timestamp="2011-12-31T22:52:14Z" user="paavolobja" uid="386821" lat="60.0447937" lon="30.3450828"/>
 <node id="1572167483" visible="true" version="2" changeset="17031977" timestamp="2013-07-21T07:15:20Z" user="Danidin9" uid="395588" lat="60.0469576" lon="30.3449873"/>
 <node id="1572167485" visible="true" version="3" changeset="146491932" timestamp="2024-01-20T20:21:59Z" user="Cmapuk-noxa6bl4" uid="20024786" lat="60.0459885" lon="30.3443431"/>
 <node id="1572167487" visible="true" version="2" changeset="17031977" timestamp="2013-07-21T07:15:20Z" user="Danidin9" uid="395588" lat="60.0457838" lon="30.3440683"/>
 <node id="1572167495" visible="true" version="3" changeset="141514188" timestamp="2023-09-20T13:26:15Z" user="mini-me" uid="3846961" lat="60.0450907" lon="30.3452249"/>
 <node id="1572167499" visible="true" version="2" changeset="17031977" timestamp="2013-07-21T07:15:20Z" user="Danidin9" uid="395588" lat="60.0448567" lon="30.3450563"/>
 <node id="1572167506" visible="true" version="2" changeset="17031977" timestamp="2013-07-21T07:15:21Z" user="Danidin9" uid="395588" lat="60.0469983" lon="30.3448577">
  <tag k="barrier" v="lift_gate"/>
 </node>
 <node id="1572167522" visible="true" version="2" changeset="17034698" timestamp="2013-07-21T11:37:31Z" user="Danidin9" uid="395588" lat="60.0478039" lon="30.3467805"/>
 <node id="1572167527" visible="true" version="3" changeset="146491932" timestamp="2024-01-20T20:21:59Z" user="Cmapuk-noxa6bl4" uid="20024786" lat="60.0469903" lon="30.3450152"/>
 <node id="1572167543" visible="true" version="2" changeset="17031977" timestamp="2013-07-21T07:15:21Z" user="Danidin9" uid="395588" lat="60.0470241" lon="30.3448778"/>
 <node id="1572167545" visible="true" version="2" changeset="141514188" timestamp="2023-09-20T13:26:15Z" user="mini-me" uid="3846961" lat="60.0447477" lon="30.3439007"/>
 <node id="1572167548" visible="true" version="6" changeset="85842920" timestamp="2020-05-27T16:23:05Z" user="Константин Гам" uid="392109" lat="60.0492073" lon="30.3462722"/>
 <node id="1572167554" visible="true" version="3" changeset="141514188" timestamp="2023-09-20T13:26:15Z" user="mini-me" uid="3846961" lat="60.0450323" lon="30.3441576"/>
 <node id="1572167557" visible="true" version="2" changeset="17031977" timestamp="2013-07-21T07:15:21Z" user="Danidin9" uid="395588" lat="60.0468945" lon="30.3460778"/>
 <node id="1572167565" visible="true" version="3" changeset="141514188" timestamp="2023-09-20T13:26:15Z" user="mini-me" uid="3846961" lat="60.0451134" lon="30.3436250"/>
 <node id="1572167566" visible="true" version="2" changeset="17031977" timestamp="2013-07-21T07:15:21Z" user="Danidin9" uid="395588" lat="60.0452502" lon="30.3447116"/>
 <node id="1572214646" visible="true" version="3" changeset="141320875" timestamp="2023-09-15T21:30:32Z" user="mini-me" uid="3846961" lat="60.0446895" lon="30.3388665"/>
 <node id="1651905464" visible="true" version="2" changeset="141320875" timestamp="2023-09-15T21:30:32Z" user="mini-me" uid="3846961" lat="60.0448489" lon="30.3380976"/>
 <node id="1700084643" visible="true" version="5" changeset="85842920" timestamp="2020-05-27T16:23:05Z" user="Константин Гам" uid="392109" lat="60.0479328" lon="30.3452384"/>
 <node id="1700161450" visible="true" version="3" changeset="141321006" timestamp="2023-09-15T21:37:13Z" user="mini-me" uid="3846961" lat="60.0454918" lon="30.3481091"/>
 <node id="1700161451" visible="true" version="6" changeset="24478195" timestamp="2014-08-01T10:13:51Z" user="Danidin9" uid="395588" lat="60.0455354" lon="30.3488256">
  <tag k="addr:flats" v="1-36"/>
  <tag k="entrance" v="staircase"/>
  <tag k="ref" v="1"/>
 </node>
 <node id="1700161455" visible="true" version="3" changeset="141321006" timestamp="2023-09-15T21:37:13Z" user="mini-me" uid="3846961" lat="60.0456597" lon="30.3475975"/>
 <node id="1700161457" visible="true" version="2" changeset="17031977" timestamp="2013-07-21T07:15:23Z" user="Danidin9" uid="395588" lat="60.0457388" lon="30.3474726"/>
 <node id="1700161459" visible="true" version="2" changeset="17031977" timestamp="2013-07-21T07:15:23Z" user="Danidin9" uid="395588" lat="60.0459895" lon="30.3472907"/>
 <node id="1700161460" visible="true" version="1" changeset="11170912" timestamp="2012-03-31T20:26:05Z" user="FMS" uid="380289" lat="60.0461569" lon="30.3470668"/>
 <node id="1700161464" visible="true" version="1" changeset="11170912" timestamp="2012-03-31T20:26:05Z" user="FMS" uid="380289" lat="60.0469324" lon="30.3461639"/>
 <node id="1700161467" visible="true" version="1" changeset="11170912" timestamp="2012-03-31T20:26:05Z" user="FMS" uid="380289" lat="60.0470855" lon="30.3468793"/>
 <node id="1700161469" visible="true" version="1" changeset="11170912" timestamp="2012-03-31T20:26:05Z" user="FMS" uid="380289" lat="60.0471701" lon="30.3469519"/>
 <node id="1700161470" visible="true" version="1" changeset="11170912" timestamp="2012-03-31T20:26:05Z" user="FMS" uid="380289" lat="60.0475631" lon="30.3457977"/>
 <node id="1700161506" visible="true" version="2" changeset="17031977" timestamp="2013-07-21T07:15:23Z" user="Danidin9" uid="395588" lat="60.0483291" lon="30.3458212"/>
 <node id="1726312246" visible="true" version="2" changeset="17031977" timestamp="2013-07-21T07:15:23Z" user="Danidin9" uid="395588" lat="60.0470065" lon="30.3468706"/>
 <node id="1839300915" visible="true" version="11" changeset="139193029" timestamp="2023-07-30T01:16:31Z" user="mini-me" uid="3846961" lat="60.0447526" lon="30.3426589"/>
 <node id="1905891368" visible="true" version="4" changeset="85842920" timestamp="2020-05-27T16:23:05Z" user="Константин Гам" uid="392109" lat="60.0495916" lon="30.3465839"/>
 <node id="2385381385" visible="true" version="2" changeset="139193029" timestamp="2023-07-30T01:16:31Z" user="mini-me" uid="3846961" lat="60.0435675" lon="30.3491955"/>
 <node id="2385381402" visible="true" version="3" changeset="139193029" timestamp="2023-07-30T01:16:31Z" user="mini-me" uid="3846961" lat="60.0436927" lon="30.3485439"/>
 <node id="2385381486" visible="true" version="1" changeset="16962496" timestamp="2013-07-15T13:37:47Z" user="Danidin9" uid="395588" lat="60.0443111" lon="30.3412704"/>
 <node id="2385381487" visible="true" version="8" changeset="141514188" timestamp="2023-09-20T13:26:15Z" user="mini-me" uid="3846961" lat="60.0443261" lon="30.3447731"/>
 <node id="2385381500" visible="true" version="2" changeset="141514188" timestamp="2023-09-20T13:26:15Z" user="mini-me" uid="3846961" lat="60.0444100" lon="30.3416654">
  <tag k="traffic_calming" v="bump"/>
 </node>
 <node id="2385381502" visible="true" version="3" changeset="141320875" timestamp="2023-09-15T21:30:32Z" user="mini-me" uid="3846961" lat="60.0444331" lon="30.3401019">
  <tag k="check_date" v="2021-06-01"/>
  <tag k="traffic_calming" v="bump"/>
 </node>
 <node id="2385381503" visible="true" version="1" changeset="16962496" timestamp="2013-07-15T13:37:47Z" user="Danidin9" uid="395588" lat="60.0444452" lon="30.3448001"/>
 <node id="2385381511" visible="true" version="3" changeset="141320875" timestamp="2023-09-15T21:30:32Z" user="mini-me" uid="3846961" lat="60.0445605" lon="30.3394882">
  <tag k="check_date" v="2021-06-01"/>
  <tag k="traffic_calming" v="bump"/>
 </node>
 <node id="2385381519" visible="true" version="8" changeset="139193029" timestamp="2023-07-30T01:16:31Z" user="mini-me" uid="3846961" lat="60.0446388" lon="30.3432211">
  <tag k="direction" v="both"/>
  <tag k="source" v="local knowledge"/>
  <tag k="traffic_calming" v="bump"/>
 </node>
 <node id="2385381521" visible="true" version="2" changeset="141514188" timestamp="2023-09-20T13:26:15Z" user="mini-me" uid="3846961" lat="60.0446423" lon="30.3438117"/>
 <node id="2385381522" visible="true" version="2" changeset="141514188" timestamp="2023-09-20T13:26:15Z" user="mini-me" uid="3846961" lat="60.0446820" lon="30.3423267"/>
 <node id="2385381527" visible="true" version="14" changeset="141320875" timestamp="2023-09-15T21:30:32Z" user="mini-me" uid="3846961" lat="60.0447094" lon="30.3428722">
  <tag k="crossing" v="uncontrolled"/>
  <tag k="crossing:island" v="no"/>
  <tag k="highway" v="crossing"/>
  <tag k="tactile_paving" v="no"/>
 </node>
 <node id="2385381533" visible="true" version="3" changeset="141320875" timestamp="2023-09-15T21:30:32Z" user="mini-me" uid="3846961" lat="60.0447902" lon="30.3383815">
  <tag k="check_date" v="2021-06-01"/>
  <tag k="traffic_calming" v="bump"/>
 </node>
 <node id="2385381536" visible="true" version="1" changeset="16962496" timestamp="2013-07-15T13:37:48Z" user="Danidin9" uid="395588" lat="60.0448126" lon="30.3429577"/>
 <node id="2385381537" visible="true" version="9" changeset="139193029" timestamp="2023-07-30T01:16:31Z" user="mini-me" uid="3846961" lat="60.0448205" lon="30.3423230">
  <tag k="crossing" v="uncontrolled"/>
  <tag k="crossing:island" v="no"/>
  <tag k="highway" v="crossing"/>
  <tag k="tactile_paving" v="no"/>
 </node>
 <node id="2385381539" visible="true" version="11" changeset="139193029" timestamp="2023-07-30T01:16:31Z" user="mini-me" uid="3846961" lat="60.0448570" lon="30.3427435">
  <tag k="crossing" v="uncontrolled"/>
  <tag k="crossing:island" v="no"/>
  <tag k="highway" v="crossing"/>
  <tag k="tactile_paving" v="no"/>
 </node>
 <node id="2385381542" visible="true" version="3" changeset="139193029" timestamp="2023-07-30T01:16:31Z" user="mini-me" uid="3846961" lat="60.0448773" lon="30.3426466"/>
 <node id="2385381544" visible="true" version="3" changeset="139193029" timestamp="2023-07-30T01:16:31Z" user="mini-me" uid="3846961" lat="60.0449246" lon="30.3424040"/>
 <node id="2385381545" visible="true" version="7" changeset="139193029" timestamp="2023-07-30T01:16:31Z" user="mini-me" uid="3846961" lat="60.0448828" lon="30.3420153">
  <tag k="direction" v="both"/>
  <tag k="source" v="local knowledge"/>
  <tag k="traffic_calming" v="bump"/>
 </node>
 <node id="2385381550" visible="true" version="2" changeset="141320875" timestamp="2023-09-15T21:30:32Z" user="mini-me" uid="3846961" lat="60.0449317" lon="30.3376972"/>
 <node id="2385381570" visible="true" version="4" changeset="139193029" timestamp="2023-07-30T01:16:31Z" user="mini-me" uid="3846961" lat="60.0451250" lon="30.3414326"/>
 <node id="2385381597" visible="true" version="5" changeset="139193029" timestamp="2023-07-30T01:16:31Z" user="mini-me" uid="3846961" lat="60.0458830" lon="30.3376947"/>
 <node id="2385381598" visible="true" version="3" changeset="33079596" timestamp="2015-08-03T19:25:28Z" user="VlIvYur" uid="345975" lat="60.0459632" lon="30.3376130"/>
 <node id="2390574654" visible="true" version="1" changeset="17023834" timestamp="2013-07-20T14:33:49Z" user="Danidin9" uid="395588" lat="60.0446770" lon="30.3446634"/>
 <node id="2390574660" visible="true" version="1" changeset="17023834" timestamp="2013-07-20T14:33:49Z" user="Danidin9" uid="395588" lat="60.0447243" lon="30.3447305"/>
 <node id="2390574665" visible="true" version="1" changeset="17023834" timestamp="2013-07-20T14:33:49Z" user="Danidin9" uid="395588" lat="60.0447555" lon="30.3447494"/>
 <node id="2390574666" visible="true" version="1" changeset="17023834" timestamp="2013-07-20T14:33:49Z" user="Danidin9" uid="395588" lat="60.0447597" lon="30.3447286"/>
 <node id="2390574667" visible="true" version="1" changeset="17023834" timestamp="2013-07-20T14:33:49Z" user="Danidin9" uid="395588" lat="60.0448080" lon="30.3441549"/>
 <node id="2390574668" visible="true" version="1" changeset="17023834" timestamp="2013-07-20T14:33:49Z" user="Danidin9" uid="395588" lat="60.0448119" lon="30.3441363"/>
 <node id="2390574672" visible="true" version="1" changeset="17023834" timestamp="2013-07-20T14:33:49Z" user="Danidin9" uid="395588" lat="60.0448444" lon="30.3441528"/>
 <node id="2390574676" visible="true" version="1" changeset="17023834" timestamp="2013-07-20T14:33:50Z" user="Danidin9" uid="395588" lat="60.0448706" lon="30.3441842"/>
 <node id="2390574678" visible="true" version="6" changeset="121182202" timestamp="2022-05-19T08:31:26Z" user="Zavgor1990" uid="11591067" lat="60.0448777" lon="30.3445151">
  <tag k="entrance" v="emergency"/>
 </node>
 <node id="2390574685" visible="true" version="1" changeset="17023834" timestamp="2013-07-20T14:33:50Z" user="Danidin9" uid="395588" lat="60.0449080" lon="30.3442338"/>
 <node id="2390574727" visible="true" version="1" changeset="17023834" timestamp="2013-07-20T14:33:51Z" user="Danidin9" uid="395588" lat="60.0451461" lon="30.3440519"/>
 <node id="2390574730" visible="true" version="1" changeset="17023834" timestamp="2013-07-20T14:33:51Z" user="Danidin9" uid="395588" lat="60.0451697" lon="30.3440707"/>
 <node id="2390574731" visible="true" version="4" changeset="24478195" timestamp="2014-08-01T10:19:18Z" user="Danidin9" uid="395588" lat="60.0451709" lon="30.3456378">
  <tag k="addr:flats" v="1-36"/>
  <tag k="entrance" v="staircase"/>
  <tag k="ref" v="1"/>
 </node>
 <node id="2390574741" visible="true" version="1" changeset="17023834" timestamp="2013-07-20T14:33:51Z" user="Danidin9" uid="395588" lat="60.0451933" lon="30.3441190"/>
 <node id="2390574743" visible="true" version="1" changeset="17023834" timestamp="2013-07-20T14:33:51Z" user="Danidin9" uid="395588" lat="60.0452516" lon="30.3452374"/>
 <node id="2390574744" visible="true" version="1" changeset="17023834" timestamp="2013-07-20T14:33:51Z" user="Danidin9" uid="395588" lat="60.0452730" lon="30.3441520"/>
 <node id="2390574745" visible="true" version="1" changeset="17023834" timestamp="2013-07-20T14:33:51Z" user="Danidin9" uid="395588" lat="60.0452766" lon="30.3451160"/>
 <node id="2390574746" visible="true" version="1" changeset="17023834" timestamp="2013-07-20T14:33:51Z" user="Danidin9" uid="395588" lat="60.0452771" lon="30.3435434"/>
 <node id="2390574747" visible="true" version="1" changeset="17023834" timestamp="2013-07-20T14:33:51Z" user="Danidin9" uid="395588" lat="60.0452810" lon="30.3435247"/>
 <node id="2390574748" visible="true" version="1" changeset="17023834" timestamp="2013-07-20T14:33:51Z" user="Danidin9" uid="395588" lat="60.0453083" lon="30.3452841"/>
 <node id="2390574749" visible="true" version="1" changeset="17023834" timestamp="2013-07-20T14:33:51Z" user="Danidin9" uid="395588" lat="60.0453134" lon="30.3435412"/>
 <node id="2390574753" visible="true" version="1" changeset="17023834" timestamp="2013-07-20T14:33:52Z" user="Danidin9" uid="395588" lat="60.0453332" lon="30.3451627"/>
 <node id="2390574754" visible="true" version="2" changeset="43737508" timestamp="2016-11-17T17:42:18Z" user="Pavel47" uid="472653" lat="60.0453376" lon="30.3504588"/>
 <node id="2390574755" visible="true" version="1" changeset="17023834" timestamp="2013-07-20T14:33:52Z" user="Danidin9" uid="395588" lat="60.0453397" lon="30.3435727"/>
 <node id="2390574757" visible="true" version="6" changeset="121182202" timestamp="2022-05-19T08:31:26Z" user="Zavgor1990" uid="11591067" lat="60.0453467" lon="30.3439036">
  <tag k="entrance" v="emergency"/>
 </node>
 <node id="2390574758" visible="true" version="4" changeset="24478195" timestamp="2014-08-01T10:19:18Z" user="Danidin9" uid="395588" lat="60.0453492" lon="30.3457848">
  <tag k="addr:flats" v="37-72"/>
  <tag k="entrance" v="staircase"/>
  <tag k="ref" v="2"/>
 </node>
 <node id="2390574759" visible="true" version="1" changeset="17023834" timestamp="2013-07-20T14:33:52Z" user="Danidin9" uid="395588" lat="60.0453529" lon="30.3453040"/>
 <node id="2390574763" visible="true" version="1" changeset="17023834" timestamp="2013-07-20T14:33:52Z" user="Danidin9" uid="395588" lat="60.0453736" lon="30.3452038"/>
 <node id="2390574764" visible="true" version="1" changeset="17023834" timestamp="2013-07-20T14:33:52Z" user="Danidin9" uid="395588" lat="60.0453771" lon="30.3436223"/>
 <node id="2390574765" visible="true" version="1" changeset="17023834" timestamp="2013-07-20T14:33:52Z" user="Danidin9" uid="395588" lat="60.0453803" lon="30.3453266"/>
 <node id="2390574767" visible="true" version="1" changeset="17023834" timestamp="2013-07-20T14:33:52Z" user="Danidin9" uid="395588" lat="60.0454009" lon="30.3452264"/>
 <node id="2390574768" visible="true" version="1" changeset="17023834" timestamp="2013-07-20T14:33:52Z" user="Danidin9" uid="395588" lat="60.0454215" lon="30.3454088"/>
 <node id="2390574770" visible="true" version="1" changeset="17023834" timestamp="2013-07-20T14:33:52Z" user="Danidin9" uid="395588" lat="60.0454642" lon="30.3454440"/>
 <node id="2390574771" visible="true" version="1" changeset="17023834" timestamp="2013-07-20T14:33:52Z" user="Danidin9" uid="395588" lat="60.0454937" lon="30.3450588"/>
 <node id="2390574776" visible="true" version="4" changeset="24478195" timestamp="2014-08-01T10:19:18Z" user="Danidin9" uid="395588" lat="60.0455276" lon="30.3459323">
  <tag k="addr:flats" v="73-108"/>
  <tag k="entrance" v="staircase"/>
  <tag k="ref" v="3"/>
 </node>
 <node id="2390574778" visible="true" version="1" changeset="17023834" timestamp="2013-07-20T14:33:52Z" user="Danidin9" uid="395588" lat="60.0455363" lon="30.3450941"/>
 <node id="2390574788" visible="true" version="1" changeset="17023834" timestamp="2013-07-20T14:33:53Z" user="Danidin9" uid="395588" lat="60.0456345" lon="30.3478040"/>
 <node id="2390574789" visible="true" version="1" changeset="17023834" timestamp="2013-07-20T14:33:53Z" user="Danidin9" uid="395588" lat="60.0456439" lon="30.3452469"/>
 <node id="2390574791" visible="true" version="1" changeset="17023834" timestamp="2013-07-20T14:33:53Z" user="Danidin9" uid="395588" lat="60.0456599" lon="30.3451693"/>
 <node id="2390574793" visible="true" version="4" changeset="24478195" timestamp="2014-08-01T10:19:19Z" user="Danidin9" uid="395588" lat="60.0456778" lon="30.3448218">
  <tag k="addr:flats" v="1-36"/>
  <tag k="entrance" v="staircase"/>
  <tag k="ref" v="1"/>
 </node>
 <node id="2390574794" visible="true" version="1" changeset="17023834" timestamp="2013-07-20T14:33:53Z" user="Danidin9" uid="395588" lat="60.0456905" lon="30.3452854"/>
 <node id="2390574796" visible="true" version="4" changeset="24478195" timestamp="2014-08-01T10:19:19Z" user="Danidin9" uid="395588" lat="60.0457060" lon="30.3460795">
  <tag k="addr:flats" v="109-144"/>
  <tag k="entrance" v="staircase"/>
  <tag k="ref" v="4"/>
 </node>
 <node id="2390574797" visible="true" version="1" changeset="17023834" timestamp="2013-07-20T14:33:53Z" user="Danidin9" uid="395588" lat="60.0457065" lon="30.3452078"/>
 <node id="2390574808" visible="true" version="1" changeset="17023834" timestamp="2013-07-20T14:33:53Z" user="Danidin9" uid="395588" lat="60.0458395" lon="30.3475095"/>
 <node id="2390574811" visible="true" version="4" changeset="24478195" timestamp="2014-08-01T10:19:19Z" user="Danidin9" uid="395588" lat="60.0458562" lon="30.3449688">
  <tag k="addr:flats" v="37-72"/>
  <tag k="entrance" v="staircase"/>
  <tag k="ref" v="2"/>
 </node>
 <node id="2390574816" visible="true" version="1" changeset="17023834" timestamp="2013-07-20T14:33:54Z" user="Danidin9" uid="395588" lat="60.0458779" lon="30.3477052"/>
 <node id="2390574817" visible="true" version="5" changeset="131782790" timestamp="2023-01-27T17:47:30Z" user="Zavgor1990" uid="11591067" lat="60.0458843" lon="30.3462266">
  <tag k="addr:flats" v="145-179"/>
  <tag k="entrance" v="staircase"/>
  <tag k="ref" v="5"/>
 </node>
 <node id="2390574831" visible="true" version="5" changeset="24478195" timestamp="2014-08-01T10:19:19Z" user="Danidin9" uid="395588" lat="60.0459548" lon="30.3476888">
  <tag k="addr:flats" v="144-179"/>
  <tag k="entrance" v="staircase"/>
  <tag k="ref" v="5"/>
 </node>
 <node id="2390574852" visible="true" version="4" changeset="24478195" timestamp="2014-08-01T10:19:19Z" user="Danidin9" uid="395588" lat="60.0460345" lon="30.3451163">
  <tag k="addr:flats" v="73-108"/>
  <tag k="entrance" v="staircase"/>
  <tag k="ref" v="3"/>
 </node>
 <node id="2390574859" visible="true" version="1" changeset="17023834" timestamp="2013-07-20T14:33:55Z" user="Danidin9" uid="395588" lat="60.0460557" lon="30.3474634"/>
 <node id="2390574860" visible="true" version="5" changeset="131782790" timestamp="2023-01-27T17:47:30Z" user="Zavgor1990" uid="11591067" lat="60.0460627" lon="30.3463738">
  <tag k="addr:flats" v="180-215"/>
  <tag k="entrance" v="staircase"/>
  <tag k="ref" v="6"/>
 </node>
 <node id="2390574876" visible="true" version="4" changeset="24478195" timestamp="2014-08-01T10:19:20Z" user="Danidin9" uid="395588" lat="60.0462130" lon="30.3452635">
  <tag k="addr:flats" v="109-144"/>
  <tag k="entrance" v="staircase"/>
  <tag k="ref" v="4"/>
 </node>
 <node id="2390574881" visible="true" version="4" changeset="24478195" timestamp="2014-08-01T10:19:20Z" user="Danidin9" uid="395588" lat="60.0462412" lon="30.3465211">
  <tag k="addr:flats" v="216-251"/>
  <tag k="entrance" v="staircase"/>
  <tag k="ref" v="7"/>
 </node>
 <node id="2390574882" visible="true" version="1" changeset="17023834" timestamp="2013-07-20T14:33:55Z" user="Danidin9" uid="395588" lat="60.0462458" lon="30.3476135"/>
 <node id="2390574890" visible="true" version="4" changeset="24478195" timestamp="2014-08-01T10:19:20Z" user="Danidin9" uid="395588" lat="60.0463912" lon="30.3454106">
  <tag k="addr:flats" v="145-180"/>
  <tag k="entrance" v="staircase"/>
  <tag k="ref" v="5"/>
 </node>
 <node id="2390574894" visible="true" version="1" changeset="17023834" timestamp="2013-07-20T14:33:56Z" user="Danidin9" uid="395588" lat="60.0464757" lon="30.3462319"/>
 <node id="2390574896" visible="true" version="1" changeset="17023834" timestamp="2013-07-20T14:33:56Z" user="Danidin9" uid="395588" lat="60.0465175" lon="30.3462665"/>
 <node id="2390574897" visible="true" version="1" changeset="17023834" timestamp="2013-07-20T14:33:56Z" user="Danidin9" uid="395588" lat="60.0465436" lon="30.3459025"/>
 <node id="2390574899" visible="true" version="4" changeset="24478195" timestamp="2014-08-01T10:19:21Z" user="Danidin9" uid="395588" lat="60.0465696" lon="30.3455578">
  <tag k="addr:flats" v="181-215"/>
  <tag k="entrance" v="staircase"/>
  <tag k="ref" v="6"/>
 </node>
 <node id="2390574904" visible="true" version="1" changeset="17023834" timestamp="2013-07-20T14:33:56Z" user="Danidin9" uid="395588" lat="60.0465854" lon="30.3459370"/>
 <node id="2390574906" visible="true" version="1" changeset="17023834" timestamp="2013-07-20T14:33:56Z" user="Danidin9" uid="395588" lat="60.0466019" lon="30.3475171"/>
 <node id="2390574909" visible="true" version="1" changeset="17023834" timestamp="2013-07-20T14:33:56Z" user="Danidin9" uid="395588" lat="60.0466435" lon="30.3461334"/>
 <node id="2390574910" visible="true" version="1" changeset="17023834" timestamp="2013-07-20T14:33:56Z" user="Danidin9" uid="395588" lat="60.0466719" lon="30.3459954"/>
 <node id="2390574913" visible="true" version="1" changeset="17023834" timestamp="2013-07-20T14:33:57Z" user="Danidin9" uid="395588" lat="60.0466790" lon="30.3461628"/>
 <node id="2390574917" visible="true" version="1" changeset="17023834" timestamp="2013-07-20T14:33:57Z" user="Danidin9" uid="395588" lat="60.0467074" lon="30.3460247"/>
 <node id="2390574919" visible="true" version="4" changeset="24478195" timestamp="2014-08-01T10:19:21Z" user="Danidin9" uid="395588" lat="60.0467481" lon="30.3457051">
  <tag k="addr:flats" v="216-251"/>
  <tag k="entrance" v="staircase"/>
  <tag k="ref" v="7"/>
 </node>
 <node id="2390574921" visible="true" version="1" changeset="17023834" timestamp="2013-07-20T14:33:57Z" user="Danidin9" uid="395588" lat="60.0467622" lon="30.3464791"/>
 <node id="2390574924" visible="true" version="1" changeset="17023834" timestamp="2013-07-20T14:33:57Z" user="Danidin9" uid="395588" lat="60.0467803" lon="30.3463909"/>
 <node id="2390574928" visible="true" version="1" changeset="17023834" timestamp="2013-07-20T14:33:57Z" user="Danidin9" uid="395588" lat="60.0468444" lon="30.3465471"/>
 <node id="2390574930" visible="true" version="1" changeset="17023834" timestamp="2013-07-20T14:33:57Z" user="Danidin9" uid="395588" lat="60.0468625" lon="30.3464589"/>
 <node id="2390574935" visible="true" version="2" changeset="43737508" timestamp="2016-11-17T17:42:19Z" user="Pavel47" uid="472653" lat="60.0469125" lon="30.3517483"/>
 <node id="2390574936" visible="true" version="1" changeset="17023834" timestamp="2013-07-20T14:33:57Z" user="Danidin9" uid="395588" lat="60.0469160" lon="30.3470261"/>
 <node id="2390574937" visible="true" version="2" changeset="43737508" timestamp="2016-11-17T17:42:19Z" user="Pavel47" uid="472653" lat="60.0469190" lon="30.3517165"/>
 <node id="2390574940" visible="true" version="1" changeset="17023834" timestamp="2013-07-20T14:33:57Z" user="Danidin9" uid="395588" lat="60.0469776" lon="30.3471840"/>
 <node id="2390574948" visible="true" version="1" changeset="17023834" timestamp="2013-07-20T14:33:57Z" user="Danidin9" uid="395588" lat="60.0470898" lon="30.3467340"/>
 <node id="2390574955" visible="true" version="1" changeset="17023834" timestamp="2013-07-20T14:33:58Z" user="Danidin9" uid="395588" lat="60.0471527" lon="30.3468968"/>
 <node id="2390574969" visible="true" version="5" changeset="24478195" timestamp="2014-08-01T10:19:22Z" user="Danidin9" uid="395588" lat="60.0472532" lon="30.3467411">
  <tag k="addr:flats" v="1-36"/>
  <tag k="entrance" v="staircase"/>
  <tag k="ref" v="1"/>
 </node>
 <node id="2390575015" visible="true" version="5" changeset="24478195" timestamp="2014-08-01T10:19:22Z" user="Danidin9" uid="395588" lat="60.0474091" lon="30.3464995">
  <tag k="addr:flats" v="37-71"/>
  <tag k="entrance" v="staircase"/>
  <tag k="ref" v="2"/>
 </node>
 <node id="2390575109" visible="true" version="5" changeset="24478195" timestamp="2014-08-01T10:19:23Z" user="Danidin9" uid="395588" lat="60.0479033" lon="30.3461672">
  <tag k="addr:flats" v="144-179"/>
  <tag k="entrance" v="staircase"/>
  <tag k="ref" v="5"/>
 </node>
 <node id="2390575117" visible="true" version="5" changeset="24478195" timestamp="2014-08-01T10:19:23Z" user="Danidin9" uid="395588" lat="60.0480827" lon="30.3463139">
  <tag k="addr:flats" v="180-214"/>
  <tag k="entrance" v="staircase"/>
  <tag k="ref" v="6"/>
 </node>
 <node id="2390575123" visible="true" version="5" changeset="24478195" timestamp="2014-08-01T10:19:24Z" user="Danidin9" uid="395588" lat="60.0482619" lon="30.3464603">
  <tag k="addr:flats" v="215-250"/>
  <tag k="entrance" v="staircase"/>
  <tag k="ref" v="7"/>
 </node>
 <node id="2390575143" visible="true" version="5" changeset="24478195" timestamp="2014-08-01T10:19:25Z" user="Danidin9" uid="395588" lat="60.0484415" lon="30.3466071">
  <tag k="addr:flats" v="251-285"/>
  <tag k="entrance" v="staircase"/>
  <tag k="ref" v="8"/>
 </node>
 <node id="2390575201" visible="true" version="5" changeset="24478195" timestamp="2014-08-01T10:19:26Z" user="Danidin9" uid="395588" lat="60.0488032" lon="30.3469028">
  <tag k="addr:flats" v="322-357"/>
  <tag k="entrance" v="staircase"/>
  <tag k="ref" v="10"/>
 </node>
 <node id="2390575230" visible="true" version="1" changeset="17023834" timestamp="2013-07-20T14:34:05Z" user="Danidin9" uid="395588" lat="60.0489175" lon="30.3469962"/>
 <node id="2391198394" visible="true" version="7" changeset="139193029" timestamp="2023-07-30T01:16:31Z" user="mini-me" uid="3846961" lat="60.0442242" lon="30.3452783">
  <tag k="direction" v="both"/>
  <tag k="traffic_calming" v="bump"/>
 </node>
 <node id="2391198396" visible="true" version="1" changeset="17031977" timestamp="2013-07-21T07:10:00Z" user="Danidin9" uid="395588" lat="60.0443288" lon="30.3485635"/>
 <node id="2391198397" visible="true" version="8" changeset="139193029" timestamp="2023-07-30T01:16:31Z" user="mini-me" uid="3846961" lat="60.0443748" lon="30.3445311">
  <tag k="direction" v="both"/>
  <tag k="traffic_calming" v="bump"/>
 </node>
 <node id="2391198399" visible="true" version="1" changeset="17031977" timestamp="2013-07-21T07:10:00Z" user="Danidin9" uid="395588" lat="60.0444026" lon="30.3470415"/>
 <node id="2391198408" visible="true" version="2" changeset="141514188" timestamp="2023-09-20T13:26:15Z" user="mini-me" uid="3846961" lat="60.0449188" lon="30.3433780"/>
 <node id="2391198415" visible="true" version="1" changeset="17031977" timestamp="2013-07-21T07:10:01Z" user="Danidin9" uid="395588" lat="60.0452810" lon="30.3450515"/>
 <node id="2391198416" visible="true" version="1" changeset="17031977" timestamp="2013-07-21T07:10:01Z" user="Danidin9" uid="395588" lat="60.0452951" lon="30.3447467"/>
 <node id="2391198417" visible="true" version="2" changeset="141514188" timestamp="2023-09-20T13:26:15Z" user="mini-me" uid="3846961" lat="60.0453292" lon="30.3443365"/>
 <node id="2391198419" visible="true" version="2" changeset="43737508" timestamp="2016-11-17T17:42:20Z" user="Pavel47" uid="472653" lat="60.0453444" lon="30.3504254"/>
 <node id="2391198420" visible="true" version="2" changeset="141321006" timestamp="2023-09-15T21:37:13Z" user="mini-me" uid="3846961" lat="60.0453589" lon="30.3484236"/>
 <node id="2391198421" visible="true" version="1" changeset="17031977" timestamp="2013-07-21T07:10:01Z" user="Danidin9" uid="395588" lat="60.0453963" lon="30.3451538"/>
 <node id="2391198423" visible="true" version="2" changeset="141514188" timestamp="2023-09-20T13:26:15Z" user="mini-me" uid="3846961" lat="60.0454264" lon="30.3438751"/>
 <node id="2391198424" visible="true" version="1" changeset="17031977" timestamp="2013-07-21T07:10:01Z" user="Danidin9" uid="395588" lat="60.0454777" lon="30.3449423"/>
 <node id="2391198425" visible="true" version="1" changeset="17031977" timestamp="2013-07-21T07:10:01Z" user="Danidin9" uid="395588" lat="60.0455004" lon="30.3435247"/>
 <node id="2391198426" visible="true" version="1" changeset="17031977" timestamp="2013-07-21T07:10:01Z" user="Danidin9" uid="395588" lat="60.0456111" lon="30.3443788"/>
 <node id="2391198427" visible="true" version="1" changeset="17031977" timestamp="2013-07-21T07:10:01Z" user="Danidin9" uid="395588" lat="60.0457050" lon="30.3444217"/>
 <node id="2391198443" visible="true" version="1" changeset="17031977" timestamp="2013-07-21T07:10:02Z" user="Danidin9" uid="395588" lat="60.0461621" lon="30.3458550"/>
 <node id="2391198446" visible="true" version="1" changeset="17031977" timestamp="2013-07-21T07:10:02Z" user="Danidin9" uid="395588" lat="60.0462047" lon="30.3456484"/>
 <node id="2391198447" visible="true" version="1" changeset="17031977" timestamp="2013-07-21T07:10:02Z" user="Danidin9" uid="395588" lat="60.0462395" lon="30.3474548"/>
 <node id="2391198449" visible="true" version="1" changeset="17031977" timestamp="2013-07-21T07:10:02Z" user="Danidin9" uid="395588" lat="60.0462971" lon="30.3459668"/>
 <node id="2391198450" visible="true" version="1" changeset="17031977" timestamp="2013-07-21T07:10:02Z" user="Danidin9" uid="395588" lat="60.0463397" lon="30.3457602"/>
 <node id="2391198454" visible="true" version="1" changeset="17031977" timestamp="2013-07-21T07:10:02Z" user="Danidin9" uid="395588" lat="60.0465638" lon="30.3473526"/>
 <node id="2391198456" visible="true" version="2" changeset="132457768" timestamp="2023-02-12T18:21:51Z" user="Zavgor1990" uid="11591067" lat="60.0466657" lon="30.3460705">
  <tag k="access" v="yes"/>
  <tag k="amenity" v="waste_disposal"/>
  <tag k="check_date" v="2023-02-12"/>
  <tag k="source" v="local knowledge"/>
 </node>
 <node id="2391198459" visible="true" version="1" changeset="17031977" timestamp="2013-07-21T07:10:02Z" user="Danidin9" uid="395588" lat="60.0469197" lon="30.3468621"/>
 <node id="2391198461" visible="true" version="1" changeset="17031977" timestamp="2013-07-21T07:10:02Z" user="Danidin9" uid="395588" lat="60.0469489" lon="30.3454505"/>
 <node id="2391198462" visible="true" version="1" changeset="17031977" timestamp="2013-07-21T07:10:02Z" user="Danidin9" uid="395588" lat="60.0469716" lon="30.3467307"/>
 <node id="2391198466" visible="true" version="1" changeset="17031977" timestamp="2013-07-21T07:10:02Z" user="Danidin9" uid="395588" lat="60.0469807" lon="30.3476229"/>
 <node id="2391198470" visible="true" version="1" changeset="17031977" timestamp="2013-07-21T07:10:02Z" user="Danidin9" uid="395588" lat="60.0469995" lon="30.3476756"/>
 <node id="2391198472" visible="true" version="1" changeset="17031977" timestamp="2013-07-21T07:10:02Z" user="Danidin9" uid="395588" lat="60.0469996" lon="30.3456464"/>
 <node id="2391198474" visible="true" version="1" changeset="17031977" timestamp="2013-07-21T07:10:02Z" user="Danidin9" uid="395588" lat="60.0470094" lon="30.3514118"/>
 <node id="2391198476" visible="true" version="1" changeset="17031977" timestamp="2013-07-21T07:10:02Z" user="Danidin9" uid="395588" lat="60.0470152" lon="30.3461438"/>
 <node id="2391198478" visible="true" version="1" changeset="17031977" timestamp="2013-07-21T07:10:02Z" user="Danidin9" uid="395588" lat="60.0470167" lon="30.3447747"/>
 <node id="2391198480" visible="true" version="1" changeset="17031977" timestamp="2013-07-21T07:10:02Z" user="Danidin9" uid="395588" lat="60.0470389" lon="30.3475394"/>
 <node id="2391198482" visible="true" version="1" changeset="17031977" timestamp="2013-07-21T07:10:02Z" user="Danidin9" uid="395588" lat="60.0470575" lon="30.3448084"/>
 <node id="2391198484" visible="true" version="1" changeset="17031977" timestamp="2013-07-21T07:10:02Z" user="Danidin9" uid="395588" lat="60.0470577" lon="30.3475921"/>
 <node id="2391198490" visible="true" version="1" changeset="17031977" timestamp="2013-07-21T07:10:02Z" user="Danidin9" uid="395588" lat="60.0471156" lon="30.3458008"/>
 <node id="2391198494" visible="true" version="1" changeset="17031977" timestamp="2013-07-21T07:10:02Z" user="Danidin9" uid="395588" lat="60.0471319" lon="30.3462809"/>
 <node id="2391198496" visible="true" version="1" changeset="17031977" timestamp="2013-07-21T07:10:02Z" user="Danidin9" uid="395588" lat="60.0471533" lon="30.3483438"/>
 <node id="2391198498" visible="true" version="1" changeset="17031977" timestamp="2013-07-21T07:10:02Z" user="Danidin9" uid="395588" lat="60.0471841" lon="30.3449128"/>
 <node id="2391198500" visible="true" version="1" changeset="17031977" timestamp="2013-07-21T07:10:02Z" user="Danidin9" uid="395588" lat="60.0472024" lon="30.3481042"/>
 <node id="2391198503" visible="true" version="1" changeset="17031977" timestamp="2013-07-21T07:10:02Z" user="Danidin9" uid="395588" lat="60.0472323" lon="30.3459379"/>
 <node id="2391198519" visible="true" version="1" changeset="17031977" timestamp="2013-07-21T07:10:03Z" user="Danidin9" uid="395588" lat="60.0473706" lon="30.3474053">
  <tag k="amenity" v="waste_disposal"/>
 </node>
 <node id="2391198524" visible="true" version="5" changeset="85842920" timestamp="2020-05-27T16:23:06Z" user="Константин Гам" uid="392109" lat="60.0474337" lon="30.3448335"/>
 <node id="2391198543" visible="true" version="3" changeset="44499573" timestamp="2016-12-18T19:50:05Z" user="misht" uid="615059" lat="60.0475124" lon="30.3444277"/>
 <node id="2391198553" visible="true" version="1" changeset="17031977" timestamp="2013-07-21T07:10:03Z" user="Danidin9" uid="395588" lat="60.0476126" lon="30.3478505"/>
 <node id="2391198557" visible="true" version="1" changeset="17031977" timestamp="2013-07-21T07:10:03Z" user="Danidin9" uid="395588" lat="60.0476439" lon="30.3456049"/>
 <node id="2391198571" visible="true" version="3" changeset="44499573" timestamp="2016-12-18T19:50:05Z" user="misht" uid="615059" lat="60.0477187" lon="30.3433641"/>
 <node id="2391198573" visible="true" version="1" changeset="17031977" timestamp="2013-07-21T07:10:03Z" user="Danidin9" uid="395588" lat="60.0477086" lon="30.3453289"/>
 <node id="2391198666" visible="true" version="2" changeset="17034698" timestamp="2013-07-21T11:37:32Z" user="Danidin9" uid="395588" lat="60.0491545" lon="30.3464972"/>
 <node id="2391198900" visible="true" version="2" changeset="17034698" timestamp="2013-07-21T11:37:32Z" user="Danidin9" uid="395588" lat="60.0499536" lon="30.3471509"/>
 <node id="2391523589" visible="true" version="1" changeset="17034698" timestamp="2013-07-21T11:36:49Z" user="Danidin9" uid="395588" lat="60.0436975" lon="30.3486030"/>
 <node id="2391523602" visible="true" version="1" changeset="17034698" timestamp="2013-07-21T11:36:49Z" user="Danidin9" uid="395588" lat="60.0442300" lon="30.3478964"/>
 <node id="2391523604" visible="true" version="1" changeset="17034698" timestamp="2013-07-21T11:36:49Z" user="Danidin9" uid="395588" lat="60.0442494" lon="30.3490450"/>
 <node id="2391523608" visible="true" version="1" changeset="17034698" timestamp="2013-07-21T11:36:49Z" user="Danidin9" uid="395588" lat="60.0443001" lon="30.3488156"/>
 <node id="2391523641" visible="true" version="1" changeset="17034698" timestamp="2013-07-21T11:36:49Z" user="Danidin9" uid="395588" lat="60.0447855" lon="30.3451257"/>
 <node id="2391523663" visible="true" version="1" changeset="17034698" timestamp="2013-07-21T11:36:49Z" user="Danidin9" uid="395588" lat="60.0449975" lon="30.3457510"/>
 <node id="2391523665" visible="true" version="1" changeset="17034698" timestamp="2013-07-21T11:36:49Z" user="Danidin9" uid="395588" lat="60.0450001" lon="30.3448833"/>
 <node id="2391523681" visible="true" version="3" changeset="141320875" timestamp="2023-09-15T21:30:32Z" user="mini-me" uid="3846961" lat="60.0451013" lon="30.3458363">
  <tag k="check_date" v="2023-02-11"/>
  <tag k="traffic_calming" v="bump"/>
 </node>
 <node id="2391523684" visible="true" version="1" changeset="17034698" timestamp="2013-07-21T11:36:50Z" user="Danidin9" uid="395588" lat="60.0450649" lon="30.3445693"/>
 <node id="2391523688" visible="true" version="1" changeset="17034698" timestamp="2013-07-21T11:36:50Z" user="Danidin9" uid="395588" lat="60.0451036" lon="30.3449689"/>
 <node id="2391523696" visible="true" version="1" changeset="17034698" timestamp="2013-07-21T11:36:50Z" user="Danidin9" uid="395588" lat="60.0451684" lon="30.3446549"/>
 <node id="2391523705" visible="true" version="2" changeset="132393590" timestamp="2023-02-11T08:35:33Z" user="Zavgor1990" uid="11591067" lat="60.0455126" lon="30.3461813">
  <tag k="check_date" v="2023-02-11"/>
  <tag k="traffic_calming" v="bump"/>
 </node>
 <node id="2391523717" visible="true" version="1" changeset="17034698" timestamp="2013-07-21T11:36:50Z" user="Danidin9" uid="395588" lat="60.0457863" lon="30.3464099"/>
 <node id="2391523719" visible="true" version="1" changeset="17034698" timestamp="2013-07-21T11:36:50Z" user="Danidin9" uid="395588" lat="60.0457951" lon="30.3470187"/>
 <node id="2391523736" visible="true" version="3" changeset="132457768" timestamp="2023-02-12T18:21:51Z" user="Zavgor1990" uid="11591067" lat="60.0462127" lon="30.3467660">
  <tag k="check_date" v="2023-02-11"/>
  <tag k="direction" v="both"/>
  <tag k="traffic_calming" v="bump"/>
 </node>
 <node id="2391523738" visible="true" version="1" changeset="17034698" timestamp="2013-07-21T11:36:50Z" user="Danidin9" uid="395588" lat="60.0464394" lon="30.3468516"/>
 <node id="2391523740" visible="true" version="2" changeset="122270226" timestamp="2022-06-12T09:54:13Z" user="khavrenko" uid="645607" lat="60.0464755" lon="30.3463508"/>
 <node id="2391523745" visible="true" version="1" changeset="17034698" timestamp="2013-07-21T11:36:50Z" user="Danidin9" uid="395588" lat="60.0465585" lon="30.3479633"/>
 <node id="2391523752" visible="true" version="1" changeset="17034698" timestamp="2013-07-21T11:36:50Z" user="Danidin9" uid="395588" lat="60.0465636" lon="30.3472860"/>
 <node id="2391523763" visible="true" version="1" changeset="17034698" timestamp="2013-07-21T11:36:51Z" user="Danidin9" uid="395588" lat="60.0467936" lon="30.3468813"/>
 <node id="2391523769" visible="true" version="1" changeset="17034698" timestamp="2013-07-21T11:36:51Z" user="Danidin9" uid="395588" lat="60.0468158" lon="30.3469555"/>
 <node id="2391523775" visible="true" version="1" changeset="17034698" timestamp="2013-07-21T11:36:51Z" user="Danidin9" uid="395588" lat="60.0469057" lon="30.3478238"/>
 <node id="2391523788" visible="true" version="1" changeset="17034698" timestamp="2013-07-21T11:36:51Z" user="Danidin9" uid="395588" lat="60.0469279" lon="30.3477946">
  <tag k="access" v="no"/>
  <tag k="barrier" v="gate"/>
 </node>
 <node id="2391523856" visible="true" version="1" changeset="17034698" timestamp="2013-07-21T11:36:54Z" user="Danidin9" uid="395588" lat="60.0470709" lon="30.3476059"/>
 <node id="2391523867" visible="true" version="1" changeset="17034698" timestamp="2013-07-21T11:36:54Z" user="Danidin9" uid="395588" lat="60.0470880" lon="30.3474090"/>
 <node id="2391523869" visible="true" version="1" changeset="17034698" timestamp="2013-07-21T11:36:54Z" user="Danidin9" uid="395588" lat="60.0470880" lon="30.3484671"/>
 <node id="2391523873" visible="true" version="1" changeset="17034698" timestamp="2013-07-21T11:36:54Z" user="Danidin9" uid="395588" lat="60.0471503" lon="30.3520476"/>
 <node id="2391523876" visible="true" version="2" changeset="132393590" timestamp="2023-02-11T08:35:03Z" user="Zavgor1990" uid="11591067" lat="60.0471621" lon="30.3472936">
  <tag k="barrier" v="gate"/>
  <tag k="check_date" v="2023-02-11"/>
  <tag k="traffic_calming" v="bump"/>
 </node>
 <node id="2391523882" visible="true" version="1" changeset="17034698" timestamp="2013-07-21T11:36:54Z" user="Danidin9" uid="395588" lat="60.0471780" lon="30.3473377">
  <tag k="barrier" v="lift_gate"/>
  <tag k="vehicle" v="private"/>
 </node>
 <node id="2391523889" visible="true" version="1" changeset="17034698" timestamp="2013-07-21T11:36:54Z" user="Danidin9" uid="395588" lat="60.0472230" lon="30.3471989"/>
 <node id="2391523891" visible="true" version="1" changeset="17034698" timestamp="2013-07-21T11:36:54Z" user="Danidin9" uid="395588" lat="60.0473161" lon="30.3474536"/>
 <node id="2391523893" visible="true" version="1" changeset="17034698" timestamp="2013-07-21T11:36:54Z" user="Danidin9" uid="395588" lat="60.0473318" lon="30.3474536"/>
 <node id="2391523898" visible="true" version="1" changeset="17034698" timestamp="2013-07-21T11:36:54Z" user="Danidin9" uid="395588" lat="60.0473593" lon="30.3474903"/>
 <node id="2391523902" visible="true" version="1" changeset="17034698" timestamp="2013-07-21T11:36:55Z" user="Danidin9" uid="395588" lat="60.0473646" lon="30.3472829"/>
 <node id="2391523909" visible="true" version="1" changeset="17034698" timestamp="2013-07-21T11:36:55Z" user="Danidin9" uid="395588" lat="60.0473654" lon="30.3492308"/>
 <node id="2391523911" visible="true" version="1" changeset="17034698" timestamp="2013-07-21T11:36:55Z" user="Danidin9" uid="395588" lat="60.0473738" lon="30.3473144"/>
 <node id="2391523913" visible="true" version="1" changeset="17034698" timestamp="2013-07-21T11:36:55Z" user="Danidin9" uid="395588" lat="60.0473876" lon="30.3522344"/>
 <node id="2391523917" visible="true" version="1" changeset="17034698" timestamp="2013-07-21T11:36:55Z" user="Danidin9" uid="395588" lat="60.0474052" lon="30.3473459"/>
 <node id="2391523919" visible="true" version="1" changeset="17034698" timestamp="2013-07-21T11:36:55Z" user="Danidin9" uid="395588" lat="60.0474089" lon="30.3521459"/>
 <node id="2391523923" visible="true" version="2" changeset="159891569" timestamp="2024-12-03T18:01:14Z" user="Elizen" uid="8923706" lat="60.0474756" lon="30.3523099"/>
 <node id="2391523925" visible="true" version="1" changeset="17034698" timestamp="2013-07-21T11:36:55Z" user="Danidin9" uid="395588" lat="60.0474940" lon="30.3522180"/>
 <node id="2391523929" visible="true" version="1" changeset="17034698" timestamp="2013-07-21T11:36:55Z" user="Danidin9" uid="395588" lat="60.0475724" lon="30.3472966"/>
 <node id="2391523952" visible="true" version="1" changeset="17034698" timestamp="2013-07-21T11:36:55Z" user="Danidin9" uid="395588" lat="60.0476991" lon="30.3466895"/>
 <node id="2391523966" visible="true" version="2" changeset="159891569" timestamp="2024-12-03T18:01:14Z" user="Elizen" uid="8923706" lat="60.0480169" lon="30.3527504"/>
 <node id="2391523972" visible="true" version="1" changeset="17034698" timestamp="2013-07-21T11:36:55Z" user="Danidin9" uid="395588" lat="60.0481249" lon="30.3522606"/>
 <node id="2391523974" visible="true" version="1" changeset="17034698" timestamp="2013-07-21T11:36:55Z" user="Danidin9" uid="395588" lat="60.0481789" lon="30.3521983"/>
 <node id="2391523978" visible="true" version="1" changeset="17034698" timestamp="2013-07-21T11:36:55Z" user="Danidin9" uid="395588" lat="60.0482264" lon="30.3522016"/>
 <node id="2391523995" visible="true" version="1" changeset="17034698" timestamp="2013-07-21T11:36:56Z" user="Danidin9" uid="395588" lat="60.0483769" lon="30.3526867"/>
 <node id="2391523997" visible="true" version="1" changeset="17034698" timestamp="2013-07-21T11:36:56Z" user="Danidin9" uid="395588" lat="60.0484113" lon="30.3523590"/>
 <node id="2391524011" visible="true" version="1" changeset="17034698" timestamp="2013-07-21T11:36:56Z" user="Danidin9" uid="395588" lat="60.0487303" lon="30.3529751"/>
 <node id="2391524017" visible="true" version="1" changeset="17034698" timestamp="2013-07-21T11:36:56Z" user="Danidin9" uid="395588" lat="60.0488228" lon="30.3476079"/>
 <node id="3296637568" visible="true" version="2" changeset="114900664" timestamp="2021-12-13T22:54:10Z" user="mini-me" uid="3846961" lat="60.0471032" lon="30.3396462"/>
 <node id="3296637571" visible="true" version="2" changeset="114900664" timestamp="2021-12-13T22:54:10Z" user="mini-me" uid="3846961" lat="60.0457934" lon="30.3419820"/>
 <node id="3296637578" visible="true" version="2" changeset="114900664" timestamp="2021-12-13T22:54:10Z" user="mini-me" uid="3846961" lat="60.0471466" lon="30.3397305"/>
 <node id="3296637580" visible="true" version="2" changeset="114900664" timestamp="2021-12-13T22:54:10Z" user="mini-me" uid="3846961" lat="60.0471726" lon="30.3398539"/>
 <node id="3296637581" visible="true" version="2" changeset="114900664" timestamp="2021-12-13T22:54:10Z" user="mini-me" uid="3846961" lat="60.0471770" lon="30.3399808"/>
 <node id="3296637582" visible="true" version="2" changeset="114900664" timestamp="2021-12-13T22:54:10Z" user="mini-me" uid="3846961" lat="60.0466116" lon="30.3427874"/>
 <node id="3296637583" visible="true" version="1" changeset="28232019" timestamp="2015-01-18T14:34:43Z" user="AKuzmin" uid="1762329" lat="60.0464567" lon="30.3428268"/>
 <node id="3296637584" visible="true" version="2" changeset="114900664" timestamp="2021-12-13T22:54:10Z" user="mini-me" uid="3846961" lat="60.0459323" lon="30.3423984"/>
 <node id="3296637585" visible="true" version="2" changeset="114900664" timestamp="2021-12-13T22:54:10Z" user="mini-me" uid="3846961" lat="60.0465655" lon="30.3428531"/>
 <node id="3296637587" visible="true" version="2" changeset="114900664" timestamp="2021-12-13T22:54:10Z" user="mini-me" uid="3846961" lat="60.0465122" lon="30.3428601"/>
 <node id="3347934005" visible="true" version="4" changeset="141320875" timestamp="2023-09-15T21:30:32Z" user="mini-me" uid="3846961" lat="60.0456364" lon="30.3388952"/>
 <node id="3679353389" visible="true" version="3" changeset="114900664" timestamp="2021-12-13T22:54:10Z" user="mini-me" uid="3846961" lat="60.0461541" lon="30.3377638"/>
 <node id="3684708542" visible="true" version="1" changeset="33166648" timestamp="2015-08-06T21:09:22Z" user="VlIvYur" uid="345975" lat="60.0450208" lon="30.3426610"/>
 <node id="3684708543" visible="true" version="2" changeset="85842920" timestamp="2020-05-27T16:23:06Z" user="Константин Гам" uid="392109" lat="60.0451840" lon="30.3430087"/>
 <node id="3684708544" visible="true" version="2" changeset="114900664" timestamp="2021-12-13T22:54:10Z" user="mini-me" uid="3846961" lat="60.0452024" lon="30.3417493"/>
 <node id="3684708545" visible="true" version="1" changeset="33166648" timestamp="2015-08-06T21:09:22Z" user="VlIvYur" uid="345975" lat="60.0452207" lon="30.3428262">
  <tag k="barrier" v="gate"/>
 </node>
 <node id="3684708546" visible="true" version="1" changeset="33166648" timestamp="2015-08-06T21:09:22Z" user="VlIvYur" uid="345975" lat="60.0452337" lon="30.3428369"/>
 <node id="3684708547" visible="true" version="1" changeset="33166648" timestamp="2015-08-06T21:09:22Z" user="VlIvYur" uid="345975" lat="60.0452486" lon="30.3427752"/>
 <node id="3684708548" visible="true" version="2" changeset="114900664" timestamp="2021-12-13T22:54:10Z" user="mini-me" uid="3846961" lat="60.0457065" lon="30.3421707"/>
 <node id="3684708552" visible="true" version="1" changeset="33166648" timestamp="2015-08-06T21:09:22Z" user="VlIvYur" uid="345975" lat="60.0466936" lon="30.3440428"/>
 <node id="3756791860" visible="true" version="2" changeset="114900664" timestamp="2021-12-13T22:54:10Z" user="mini-me" uid="3846961" lat="60.0454662" lon="30.3397571"/>
 <node id="4506752075" visible="true" version="4" changeset="132611132" timestamp="2023-02-16T05:38:47Z" user="OSM FTW" uid="17746333" lat="60.0453418" lon="30.3504233">
  <tag k="amenity" v="post_box"/>
  <tag k="collection_times" v="Mo-Fr 03:10,14:25; Sa 10:15; Su 14:25"/>
  <tag k="design:year" v="2010"/>
  <tag k="drive_through" v="no"/>
  <tag k="operator" v="АО &quot;Почта России&quot;"/>
  <tag k="operator:wikidata" v="Q1502763"/>
  <tag k="post_box:design" v="ЯПНМ-II-С"/>
  <tag k="post_box:type" v="wall"/>
  <tag k="ref" v="142"/>
 </node>
 <node id="4506752076" visible="true" version="1" changeset="43737508" timestamp="2016-11-17T17:42:10Z" user="Pavel47" uid="472653" lat="60.0456219" lon="30.3506916"/>
 <node id="4506752078" visible="true" version="1" changeset="43737508" timestamp="2016-11-17T17:42:10Z" user="Pavel47" uid="472653" lat="60.0457952" lon="30.3508334">
  <tag k="entrance" v="yes"/>
 </node>
 <node id="4506752080" visible="true" version="1" changeset="43737508" timestamp="2016-11-17T17:42:10Z" user="Pavel47" uid="472653" lat="60.0458058" lon="30.3508421"/>
 <node id="4506752081" visible="true" version="1" changeset="43737508" timestamp="2016-11-17T17:42:10Z" user="Pavel47" uid="472653" lat="60.0458169" lon="30.3508512">
  <tag k="entrance" v="yes"/>
 </node>
 <node id="4506752083" visible="true" version="1" changeset="43737508" timestamp="2016-11-17T17:42:10Z" user="Pavel47" uid="472653" lat="60.0459462" lon="30.3509571"/>
 <node id="4560606561" visible="true" version="1" changeset="44499573" timestamp="2016-12-18T19:50:04Z" user="misht" uid="615059" lat="60.0474382" lon="30.3428370"/>
 <node id="4560606562" visible="true" version="1" changeset="44499573" timestamp="2016-12-18T19:50:04Z" user="misht" uid="615059" lat="60.0473962" lon="30.3428145"/>
 <node id="4560606563" visible="true" version="1" changeset="44499573" timestamp="2016-12-18T19:50:04Z" user="misht" uid="615059" lat="60.0477101" lon="30.3430586">
  <tag k="entrance" v="yes"/>
 </node>
 <node id="5276966961" visible="true" version="2" changeset="114900664" timestamp="2021-12-13T22:54:10Z" user="mini-me" uid="3846961" lat="60.0467512" lon="30.3421054"/>
 <node id="9335873682" visible="true" version="1" changeset="114900664" timestamp="2021-12-13T22:54:10Z" user="mini-me" uid="3846961" lat="60.0464250" lon="30.3435086"/>
 <node id="9335873683" visible="true" version="1" changeset="114900664" timestamp="2021-12-13T22:54:10Z" user="mini-me" uid="3846961" lat="60.0464795" lon="30.3435534"/>
 <node id="9335873684" visible="true" version="1" changeset="114900664" timestamp="2021-12-13T22:54:10Z" user="mini-me" uid="3846961" lat="60.0464332" lon="30.3434686"/>
 <node id="9335873685" visible="true" version="1" changeset="114900664" timestamp="2021-12-13T22:54:10Z" user="mini-me" uid="3846961" lat="60.0464877" lon="30.3435134"/>
 <node id="9335873686" visible="true" version="1" changeset="114900664" timestamp="2021-12-13T22:54:10Z" user="mini-me" uid="3846961" lat="60.0463678" lon="30.3421047"/>
 <node id="9335873687" visible="true" version="1" changeset="114900664" timestamp="2021-12-13T22:54:10Z" user="mini-me" uid="3846961" lat="60.0462661" lon="30.3425821"/>
 <node id="9335873688" visible="true" version="1" changeset="114900664" timestamp="2021-12-13T22:54:10Z" user="mini-me" uid="3846961" lat="60.0463710" lon="30.3426719"/>
 <node id="9335873689" visible="true" version="1" changeset="114900664" timestamp="2021-12-13T22:54:10Z" user="mini-me" uid="3846961" lat="60.0464728" lon="30.3421944"/>
 <node id="9335873696" visible="true" version="1" changeset="114900664" timestamp="2021-12-13T22:54:10Z" user="mini-me" uid="3846961" lat="60.0462927" lon="30.3427872"/>
 <node id="9335873697" visible="true" version="1" changeset="114900664" timestamp="2021-12-13T22:54:10Z" user="mini-me" uid="3846961" lat="60.0456807" lon="30.3422950"/>
 <node id="9749955327" visible="true" version="3" changeset="140450556" timestamp="2023-08-27T12:55:23Z" user="Zavgor1990" uid="11591067" lat="60.0451699" lon="30.3438100">
  <tag k="access" v="yes"/>
  <tag k="advertising" v="board"/>
  <tag k="lit" v="yes"/>
  <tag k="source" v="local knowledge"/>
  <tag k="support" v="wall"/>
 </node>
 <node id="9892177321" visible="true" version="11" changeset="154607139" timestamp="2024-07-30T13:39:18Z" user="mavl" uid="564990" lat="60.0446479" lon="30.3431762">
  <tag k="bus" v="yes"/>
  <tag k="name" v="улица Ивана Фомина"/>
  <tag k="name:ru" v="улица Ивана Фомина"/>
  <tag k="public_transport" v="stop_position"/>
  <tag k="source" v="local knowledge"/>
 </node>
 <node id="9892177323" visible="true" version="11" changeset="167838526" timestamp="2025-06-19T17:48:17Z" user="Bobropiton" uid="2055718" lat="60.0494101" lon="30.3464366">
  <tag k="bus" v="yes"/>
  <tag k="name" v="улица Ивана Фомина"/>
  <tag k="name:ru" v="улица Ивана Фомина"/>
  <tag k="public_transport" v="stop_position"/>
 </node>
 <node id="9892177326" visible="true" version="11" changeset="167838562" timestamp="2025-06-19T17:49:04Z" user="Bobropiton" uid="2055718" lat="60.0452056" lon="30.3430262">
  <tag k="bus" v="yes"/>
  <tag k="name" v="улица Ивана Фомина"/>
  <tag k="name:ru" v="улица Ивана Фомина"/>
  <tag k="public_transport" v="stop_position"/>
  <tag k="source" v="local knowledge"/>
 </node>
 <node id="9892177327" visible="true" version="24" changeset="167838562" timestamp="2025-06-19T17:49:04Z" user="Bobropiton" uid="2055718" lat="60.0451826" lon="30.3431590">
  <tag k="bench" v="yes"/>
  <tag k="bin" v="yes"/>
  <tag k="bus" v="yes"/>
  <tag k="highway" v="bus_stop"/>
  <tag k="lit" v="yes"/>
  <tag k="name" v="улица Ивана Фомина"/>
  <tag k="name:ru" v="улица Ивана Фомина"/>
  <tag k="public_transport" v="platform"/>
  <tag k="shelter" v="yes"/>
  <tag k="tactile_paving" v="yes"/>
  <tag k="wheelchair" v="yes"/>
 </node>
 <node id="10603925631" visible="true" version="11" changeset="173017846" timestamp="2025-10-08T18:15:34Z" user="Zavgor1990" uid="11591067" lat="60.0467524" lon="30.3461112">
  <tag k="air_conditioning" v="no"/>
  <tag k="changing_table" v="no"/>
  <tag k="check_date" v="2025-10-08"/>
  <tag k="currency:RUB" v="yes"/>
  <tag k="disused:shop" v="convenience"/>
  <tag k="internet_access" v="no"/>
  <tag k="noname" v="yes"/>
  <tag k="opening_hours" v="24/7"/>
  <tag k="payment:cash" v="yes"/>
  <tag k="payment:credit_cards" v="yes"/>
  <tag k="payment:debit_cards" v="yes"/>
  <tag k="payment:mastercard" v="yes"/>
  <tag k="payment:visa" v="yes"/>
  <tag k="stroller" v="limited"/>
  <tag k="toilets" v="no"/>
  <tag k="toilets:wheelchair" v="no"/>
  <tag k="wheelchair" v="limited"/>
 </node>
 <node id="10624408363" visible="true" version="1" changeset="132276222" timestamp="2023-02-08T20:57:34Z" user="Zavgor1990" uid="11591067" lat="60.0452652" lon="30.3461268">
  <tag k="access" v="yes"/>
  <tag k="dog" v="no"/>
  <tag k="indoor" v="no"/>
  <tag k="leisure" v="playground"/>
  <tag k="source" v="local knowledge"/>
  <tag k="wheelchair" v="yes"/>
 </node>
 <node id="10624408364" visible="true" version="2" changeset="151018482" timestamp="2024-05-07T16:18:38Z" user="Zavgor1990" uid="11591067" lat="60.0454793" lon="30.3462952">
  <tag k="access" v="yes"/>
  <tag k="charge" v="0"/>
  <tag k="covered" v="no"/>
  <tag k="fee" v="no"/>
  <tag k="indoor" v="no"/>
  <tag k="leisure" v="pitch"/>
  <tag k="source" v="local knowledge"/>
 </node>
 <node id="10686979924" visible="true" version="1" changeset="132900980" timestamp="2023-02-22T21:42:45Z" user="Zavgor1990" uid="11591067" lat="60.0467528" lon="30.3461196">
  <tag k="building" v="retail"/>
  <tag k="building:levels" v="1"/>
  <tag k="roof:shape" v="flat"/>
  <tag k="wheelchair" v="limited"/>
 </node>
 <node id="11076269564" visible="true" version="3" changeset="139905145" timestamp="2023-08-15T09:50:20Z" user="khavrenko" uid="645607" lat="60.0435468" lon="30.3495069">
  <tag k="barrier" v="kerb"/>
  <tag k="kerb" v="lowered"/>
  <tag k="tactile_paving" v="no"/>
 </node>
 <node id="11076269566" visible="true" version="1" changeset="139193029" timestamp="2023-07-30T01:16:31Z" user="mini-me" uid="3846961" lat="60.0448370" lon="30.3428390"/>
 <node id="11076269569" visible="true" version="1" changeset="139193029" timestamp="2023-07-30T01:16:31Z" user="mini-me" uid="3846961" lat="60.0459013" lon="30.3376404"/>
 <node id="11076269570" visible="true" version="1" changeset="139193029" timestamp="2023-07-30T01:16:31Z" user="mini-me" uid="3846961" lat="60.0459309" lon="30.3376173"/>
 <node id="11194809888" visible="true" version="1" changeset="141321006" timestamp="2023-09-15T21:37:13Z" user="mini-me" uid="3846961" lat="60.0456579" lon="30.3463027"/>
 <node id="11194809889" visible="true" version="1" changeset="141321006" timestamp="2023-09-15T21:37:13Z" user="mini-me" uid="3846961" lat="60.0457001" lon="30.3468226"/>
 <node id="11194809890" visible="true" version="1" changeset="141321006" timestamp="2023-09-15T21:37:13Z" user="mini-me" uid="3846961" lat="60.0456907" lon="30.3470794"/>
 <node id="11194809891" visible="true" version="1" changeset="141321006" timestamp="2023-09-15T21:37:13Z" user="mini-me" uid="3846961" lat="60.0456618" lon="30.3470952"/>
 <node id="11194809892" visible="true" version="1" changeset="141321006" timestamp="2023-09-15T21:37:13Z" user="mini-me" uid="3846961" lat="60.0454483" lon="30.3481356"/>
 <node id="11194809893" visible="true" version="1" changeset="141321006" timestamp="2023-09-15T21:37:13Z" user="mini-me" uid="3846961" lat="60.0455502" lon="30.3478946"/>
 <node id="11194820897" visible="true" version="1" changeset="141320875" timestamp="2023-09-15T21:30:32Z" user="mini-me" uid="3846961" lat="60.0459563" lon="30.3479684"/>
 <node id="11194820898" visible="true" version="1" changeset="141320875" timestamp="2023-09-15T21:30:32Z" user="mini-me" uid="3846961" lat="60.0460882" lon="30.3479519"/>
 <node id="11194820899" visible="true" version="1" changeset="141320875" timestamp="2023-09-15T21:30:32Z" user="mini-me" uid="3846961" lat="60.0462878" lon="30.3480480"/>
 <node id="11194820903" visible="true" version="1" changeset="141320875" timestamp="2023-09-15T21:30:32Z" user="mini-me" uid="3846961" lat="60.0447580" lon="30.3429134"/>
 <node id="11194820904" visible="true" version="1" changeset="141320875" timestamp="2023-09-15T21:30:32Z" user="mini-me" uid="3846961" lat="60.0446557" lon="30.3428267"/>
 <node id="11194820905" visible="true" version="1" changeset="141320875" timestamp="2023-09-15T21:30:32Z" user="mini-me" uid="3846961" lat="60.0447673" lon="30.3422811"/>
 <node id="11194820906" visible="true" version="1" changeset="141320875" timestamp="2023-09-15T21:30:32Z" user="mini-me" uid="3846961" lat="60.0448718" lon="30.3423629"/>
 <node id="11205100686" visible="true" version="1" changeset="141514188" timestamp="2023-09-20T13:26:15Z" user="mini-me" uid="3846961" lat="60.0445992" lon="30.3437018"/>
 <node id="11205100687" visible="true" version="1" changeset="141514188" timestamp="2023-09-20T13:26:15Z" user="mini-me" uid="3846961" lat="60.0446377" lon="30.3437568"/>
 <node id="11205100688" visible="true" version="1" changeset="141514188" timestamp="2023-09-20T13:26:15Z" user="mini-me" uid="3846961" lat="60.0447894" lon="30.3429937"/>
 <node id="11205100689" visible="true" version="1" changeset="141514188" timestamp="2023-09-20T13:26:15Z" user="mini-me" uid="3846961" lat="60.0447482" lon="30.3429602"/>
 <node id="11205100690" visible="true" version="1" changeset="141514188" timestamp="2023-09-20T13:26:15Z" user="mini-me" uid="3846961" lat="60.0449176" lon="30.3431332"/>
 <node id="11205100691" visible="true" version="1" changeset="141514188" timestamp="2023-09-20T13:26:15Z" user="mini-me" uid="3846961" lat="60.0449180" lon="30.3430446"/>
 <node id="11205100692" visible="true" version="1" changeset="141514188" timestamp="2023-09-20T13:26:15Z" user="mini-me" uid="3846961" lat="60.0449606" lon="30.3437460"/>
 <node id="11534938534" visible="true" version="1" changeset="146491932" timestamp="2024-01-20T20:21:59Z" user="Cmapuk-noxa6bl4" uid="20024786" lat="60.0471995" lon="30.3449581"/>
 <node id="11534938535" visible="true" version="1" changeset="146491932" timestamp="2024-01-20T20:21:59Z" user="Cmapuk-noxa6bl4" uid="20024786" lat="60.0491357" lon="30.3465118"/>
 <node id="11534938536" visible="true" version="1" changeset="146491932" timestamp="2024-01-20T20:21:59Z" user="Cmapuk-noxa6bl4" uid="20024786" lat="60.0490704" lon="30.3468223"/>
 <node id="11534938537" visible="true" version="1" changeset="146491932" timestamp="2024-01-20T20:21:59Z" user="Cmapuk-noxa6bl4" uid="20024786" lat="60.0478300" lon="30.3458276"/>
 <node id="11534938538" visible="true" version="1" changeset="146491932" timestamp="2024-01-20T20:21:59Z" user="Cmapuk-noxa6bl4" uid="20024786" lat="60.0476108" lon="30.3457249"/>
 <node id="11534938539" visible="true" version="1" changeset="146491932" timestamp="2024-01-20T20:21:59Z" user="Cmapuk-noxa6bl4" uid="20024786" lat="60.0470216" lon="30.3457244"/>
 <node id="11534938540" visible="true" version="1" changeset="146491932" timestamp="2024-01-20T20:21:59Z" user="Cmapuk-noxa6bl4" uid="20024786" lat="60.0470072" lon="30.3466746"/>
 <node id="11534938541" visible="true" version="1" changeset="146491932" timestamp="2024-01-20T20:21:59Z" user="Cmapuk-noxa6bl4" uid="20024786" lat="60.0469063" lon="30.3462279"/>
 <node id="11534938542" visible="true" version="1" changeset="146491932" timestamp="2024-01-20T20:21:59Z" user="Cmapuk-noxa6bl4" uid="20024786" lat="60.0477596" lon="30.3457161"/>
 <node id="11534938543" visible="true" version="1" changeset="146491932" timestamp="2024-01-20T20:21:59Z" user="Cmapuk-noxa6bl4" uid="20024786" lat="60.0470162" lon="30.3461965"/>
 <node id="11534938544" visible="true" version="1" changeset="146491932" timestamp="2024-01-20T20:21:59Z" user="Cmapuk-noxa6bl4" uid="20024786" lat="60.0470605" lon="30.3463016"/>
 <node id="11534938545" visible="true" version="1" changeset="146491932" timestamp="2024-01-20T20:21:59Z" user="Cmapuk-noxa6bl4" uid="20024786" lat="60.0470652" lon="30.3464417"/>
 <node id="11534938546" visible="true" version="1" changeset="146491932" timestamp="2024-01-20T20:21:59Z" user="Cmapuk-noxa6bl4" uid="20024786" lat="60.0470221" lon="30.3464861"/>
 <node id="11534938547" visible="true" version="1" changeset="146491932" timestamp="2024-01-20T20:21:59Z" user="Cmapuk-noxa6bl4" uid="20024786" lat="60.0469824" lon="30.3463740"/>
 <node id="11534938548" visible="true" version="1" changeset="146491932" timestamp="2024-01-20T20:21:59Z" user="Cmapuk-noxa6bl4" uid="20024786" lat="60.0469626" lon="30.3462479"/>
 <node id="11534938549" visible="true" version="1" changeset="146491932" timestamp="2024-01-20T20:21:59Z" user="Cmapuk-noxa6bl4" uid="20024786" lat="60.0470861" lon="30.3457768"/>
 <node id="11534938550" visible="true" version="1" changeset="146491932" timestamp="2024-01-20T20:21:59Z" user="Cmapuk-noxa6bl4" uid="20024786" lat="60.0470151" lon="30.3460681"/>
 <node id="11534938551" visible="true" version="1" changeset="146491932" timestamp="2024-01-20T20:21:59Z" user="Cmapuk-noxa6bl4" uid="20024786" lat="60.0469370" lon="30.3461125"/>
 <node id="11534938552" visible="true" version="1" changeset="146491932" timestamp="2024-01-20T20:21:59Z" user="Cmapuk-noxa6bl4" uid="20024786" lat="60.0469323" lon="30.3459700"/>
 <node id="11534938553" visible="true" version="1" changeset="146491932" timestamp="2024-01-20T20:21:59Z" user="Cmapuk-noxa6bl4" uid="20024786" lat="60.0469824" lon="30.3458346"/>
 <node id="11534938554" visible="true" version="1" changeset="146491932" timestamp="2024-01-20T20:21:59Z" user="Cmapuk-noxa6bl4" uid="20024786" lat="60.0460625" lon="30.3439881"/>
 <node id="11534938555" visible="true" version="1" changeset="146491932" timestamp="2024-01-20T20:21:59Z" user="Cmapuk-noxa6bl4" uid="20024786" lat="60.0469982" lon="30.3453435"/>
 <node id="11534938556" visible="true" version="1" changeset="146491932" timestamp="2024-01-20T20:21:59Z" user="Cmapuk-noxa6bl4" uid="20024786" lat="60.0457817" lon="30.3444851"/>
 <node id="11534938557" visible="true" version="1" changeset="146491932" timestamp="2024-01-20T20:21:59Z" user="Cmapuk-noxa6bl4" uid="20024786" lat="60.0454927" lon="30.3448791"/>
 <node id="11534938558" visible="true" version="1" changeset="146491932" timestamp="2024-01-20T20:21:59Z" user="Cmapuk-noxa6bl4" uid="20024786" lat="60.0453550" lon="30.3447427"/>
 <node id="11534938559" visible="true" version="1" changeset="146491932" timestamp="2024-01-20T20:21:59Z" user="Cmapuk-noxa6bl4" uid="20024786" lat="60.0453844" lon="30.3445683"/>
 <node id="11534938560" visible="true" version="1" changeset="146491932" timestamp="2024-01-20T20:21:59Z" user="Cmapuk-noxa6bl4" uid="20024786" lat="60.0465104" lon="30.3443739"/>
 <node id="11534938561" visible="true" version="1" changeset="146491932" timestamp="2024-01-20T20:21:59Z" user="Cmapuk-noxa6bl4" uid="20024786" lat="60.0464950" lon="30.3444395"/>
 <node id="11534938562" visible="true" version="1" changeset="146491932" timestamp="2024-01-20T20:21:59Z" user="Cmapuk-noxa6bl4" uid="20024786" lat="60.0468730" lon="30.3450349"/>
 <node id="12926363615" visible="true" version="1" changeset="167840103" timestamp="2025-06-19T18:26:34Z" user="Bobropiton" uid="2055718" lat="60.0467706" lon="30.3440465"/>
 <node id="12926363616" visible="true" version="1" changeset="167840103" timestamp="2025-06-19T18:26:34Z" user="Bobropiton" uid="2055718" lat="60.0468355" lon="30.3437189">
  <tag k="access" v="private"/>
  <tag k="barrier" v="lift_gate"/>
 </node>
 <node id="12926363617" visible="true" version="1" changeset="167840103" timestamp="2025-06-19T18:26:34Z" user="Bobropiton" uid="2055718" lat="60.0467280" lon="30.3442611"/>
 <node id="12926363618" visible="true" version="1" changeset="167840103" timestamp="2025-06-19T18:26:34Z" user="Bobropiton" uid="2055718" lat="60.0471491" lon="30.3421368"/>
 <node id="12926363619" visible="true" version="1" changeset="167840103" timestamp="2025-06-19T18:26:34Z" user="Bobropiton" uid="2055718" lat="60.0476044" lon="30.3424492"/>
 <node id="12926363620" visible="true" version="1" changeset="167840103" timestamp="2025-06-19T18:26:34Z" user="Bobropiton" uid="2055718" lat="60.0478200" lon="30.3413334"/>
 <node id="12926363621" visible="true" version="1" changeset="167840103" timestamp="2025-06-19T18:26:34Z" user="Bobropiton" uid="2055718" lat="60.0468564" lon="30.3442841"/>
 <node id="12926363622" visible="true" version="1" changeset="167840103" timestamp="2025-06-19T18:26:34Z" user="Bobropiton" uid="2055718" lat="60.0468207" lon="30.3444639"/>
 <node id="12926363625" visible="true" version="2" changeset="188763785" timestamp="2026-09-09T09:54:19Z" user="Pavel239" uid="354001" lat="60.0474570" lon="30.3447088"/>
 <node id="12926363627" visible="true" version="2" changeset="188763785" timestamp="2026-09-09T09:54:19Z" user="Pavel239" uid="354001" lat="60.0474929" lon="30.3448800">
  <tag k="crossing" v="uncontrolled"/>
  <tag k="highway" v="crossing"/>
 </node>
 <node id="12926363628" visible="true" version="1" changeset="167840103" timestamp="2025-06-19T18:26:34Z" user="Bobropiton" uid="2055718" lat="60.0474553" lon="30.3451279"/>
 <node id="12926363630" visible="true" version="1" changeset="167840103" timestamp="2025-06-19T18:26:34Z" user="Bobropiton" uid="2055718" lat="60.0468426" lon="30.3443540">
  <tag k="crossing" v="uncontrolled"/>
  <tag k="highway" v="crossing"/>
 </node>
 <node id="12926363631" visible="true" version="1" changeset="167840103" timestamp="2025-06-19T18:26:34Z" user="Bobropiton" uid="2055718" lat="60.0467953" lon="30.3445922"/>
 <node id="12926363632" visible="true" version="1" changeset="167840103" timestamp="2025-06-19T18:26:34Z" user="Bobropiton" uid="2055718" lat="60.0468629" lon="30.3442517"/>
 <node id="12926363633" visible="true" version="1" changeset="167840103" timestamp="2025-06-19T18:26:34Z" user="Bobropiton" uid="2055718" lat="60.0468327" lon="30.3442188"/>
 <node id="12926363634" visible="true" version="1" changeset="167840103" timestamp="2025-06-19T18:26:34Z" user="Bobropiton" uid="2055718" lat="60.0468113" lon="30.3441417"/>
 <node id="12926363635" visible="true" version="1" changeset="167840103" timestamp="2025-06-19T18:26:34Z" user="Bobropiton" uid="2055718" lat="60.0468009" lon="30.3440706"/>
 <way id="23130183" visible="true" version="7" changeset="150981875" timestamp="2024-05-06T21:49:31Z" user="ComradeSukhov" uid="9059129">
  <nd ref="249746827"/>
  <nd ref="249746826"/>
  <nd ref="2390575015"/>
  <nd ref="2390574969"/>
  <nd ref="2390574955"/>
  <nd ref="2390574948"/>
  <nd ref="249746828"/>
  <nd ref="249746829"/>
  <nd ref="249746823"/>
  <nd ref="2390575230"/>
  <nd ref="2390575201"/>
  <nd ref="249746830"/>
  <nd ref="2390575143"/>
  <nd ref="2390575123"/>
  <nd ref="2390575117"/>
  <nd ref="2390575109"/>
  <nd ref="249746824"/>
  <nd ref="249746825"/>
  <nd ref="249746827"/>
  <tag k="addr:city" v="Санкт-Петербург"/>
  <tag k="addr:country" v="RU"/>
  <tag k="addr:housenumber" v="7 к1"/>
  <tag k="addr:postcode" v="194295"/>
  <tag k="addr:street" v="улица Ивана Фомина"/>
  <tag k="building" v="apartments"/>
  <tag k="building:cladding" v="panel"/>
  <tag k="building:flats" v="357"/>
  <tag k="building:levels" v="9"/>
  <tag k="design:ref" v="1ЛГ-600А"/>
  <tag k="roof:shape" v="flat"/>
 </way>
 <way id="23130188" visible="true" version="8" changeset="150981875" timestamp="2024-05-06T21:49:54Z" user="ComradeSukhov" uid="9059129">
  <nd ref="2390574890"/>
  <nd ref="2390574876"/>
  <nd ref="2390574852"/>
  <nd ref="2390574811"/>
  <nd ref="2390574793"/>
  <nd ref="249746866"/>
  <nd ref="249746867"/>
  <nd ref="249746868"/>
  <nd ref="249746869"/>
  <nd ref="2390574919"/>
  <nd ref="2390574899"/>
  <nd ref="2390574890"/>
  <tag k="addr:city" v="Санкт-Петербург"/>
  <tag k="addr:country" v="RU"/>
  <tag k="addr:housenumber" v="5 к1"/>
  <tag k="addr:postcode" v="194295"/>
  <tag k="addr:street" v="улица Ивана Фомина"/>
  <tag k="building" v="apartments"/>
  <tag k="building:cladding" v="panel"/>
  <tag k="building:flats" v="251"/>
  <tag k="building:levels" v="9"/>
  <tag k="design:code:SPb" v="600А-7"/>
  <tag k="design:ref" v="1ЛГ-600А"/>
  <tag k="operator" v="ООО &quot;НеваСпецСервис&quot;"/>
  <tag k="roof:shape" v="flat"/>
 </way>
 <way id="23130191" visible="true" version="8" changeset="150981875" timestamp="2024-05-06T21:49:54Z" user="ComradeSukhov" uid="9059129">
  <nd ref="2390574817"/>
  <nd ref="2390574796"/>
  <nd ref="2390574776"/>
  <nd ref="2390574758"/>
  <nd ref="2390574731"/>
  <nd ref="249746880"/>
  <nd ref="249746881"/>
  <nd ref="249746882"/>
  <nd ref="249746883"/>
  <nd ref="2390574881"/>
  <nd ref="2390574860"/>
  <nd ref="2390574817"/>
  <tag k="addr:city" v="Санкт-Петербург"/>
  <tag k="addr:country" v="RU"/>
  <tag k="addr:housenumber" v="5 к2"/>
  <tag k="addr:postcode" v="194295"/>
  <tag k="addr:street" v="улица Ивана Фомина"/>
  <tag k="building" v="apartments"/>
  <tag k="building:cladding" v="panel"/>
  <tag k="building:flats" v="251"/>
  <tag k="building:levels" v="9"/>
  <tag k="design:code:SPb" v="600А-7"/>
  <tag k="design:ref" v="1ЛГ-600А"/>
  <tag k="operator" v="ООО &quot;НеваСпецСервис&quot;"/>
  <tag k="roof:shape" v="flat"/>
 </way>
 <way id="23130196" visible="true" version="7" changeset="132317235" timestamp="2023-02-09T16:44:52Z" user="Zavgor1990" uid="11591067">
  <nd ref="2390574741"/>
  <nd ref="249746943"/>
  <nd ref="2390574730"/>
  <nd ref="2390574727"/>
  <nd ref="249746938"/>
  <nd ref="249746939"/>
  <nd ref="2390574746"/>
  <nd ref="2390574747"/>
  <nd ref="2390574749"/>
  <nd ref="2390574755"/>
  <nd ref="249746940"/>
  <nd ref="2390574764"/>
  <nd ref="2390574757"/>
  <nd ref="2390574744"/>
  <nd ref="249746941"/>
  <nd ref="249746942"/>
  <nd ref="2390574741"/>
  <tag k="addr:city" v="Санкт-Петербург"/>
  <tag k="addr:country" v="RU"/>
  <tag k="addr:housenumber" v="3"/>
  <tag k="addr:postcode" v="194295"/>
  <tag k="addr:street" v="улица Ивана Фомина"/>
  <tag k="building" v="apartments"/>
  <tag k="building:cladding" v="brick"/>
  <tag k="building:flats" v="110"/>
  <tag k="building:levels" v="16"/>
  <tag k="building:material" v="brick"/>
  <tag k="design:ref" v="1-528КП-82"/>
 </way>
 <way id="23130198" visible="true" version="12" changeset="149389507" timestamp="2024-03-31T13:01:47Z" user="Zavgor1990" uid="11591067">
  <nd ref="2390574660"/>
  <nd ref="249746954"/>
  <nd ref="249746952"/>
  <nd ref="2390574654"/>
  <nd ref="249746949"/>
  <nd ref="249746950"/>
  <nd ref="2390574667"/>
  <nd ref="2390574668"/>
  <nd ref="2390574672"/>
  <nd ref="2390574676"/>
  <nd ref="249746951"/>
  <nd ref="2390574685"/>
  <nd ref="2390574678"/>
  <nd ref="249746953"/>
  <nd ref="2390574666"/>
  <nd ref="2390574665"/>
  <nd ref="2390574660"/>
  <tag k="addr:city" v="Санкт-Петербург"/>
  <tag k="addr:country" v="RU"/>
  <tag k="addr:housenumber" v="8"/>
  <tag k="addr:postcode" v="194295"/>
  <tag k="addr:street" v="Поэтический бульвар"/>
  <tag k="building" v="apartments"/>
  <tag k="building:cladding" v="brick"/>
  <tag k="building:flats" v="110"/>
  <tag k="building:levels" v="16"/>
  <tag k="building:material" v="brick"/>
  <tag k="design:ref" v="1-528КП-82"/>
  <tag k="operator" v="ЖКС №2 Выборгского р-на"/>
  <tag k="source" v="local knowledge"/>
  <tag k="wheelchair" v="yes"/>
 </way>
 <way id="23130202" visible="true" version="13" changeset="150981875" timestamp="2024-05-06T21:49:54Z" user="ComradeSukhov" uid="9059129">
  <nd ref="249747077"/>
  <nd ref="249747067"/>
  <nd ref="249747078"/>
  <nd ref="1700161451"/>
  <nd ref="249747079"/>
  <nd ref="249747066"/>
  <nd ref="2390574788"/>
  <nd ref="2390574808"/>
  <nd ref="2390574859"/>
  <nd ref="2390574882"/>
  <nd ref="2390574906"/>
  <nd ref="2390574936"/>
  <nd ref="2390574940"/>
  <nd ref="249747072"/>
  <nd ref="249747073"/>
  <nd ref="249747071"/>
  <nd ref="249747074"/>
  <nd ref="249747070"/>
  <nd ref="249747075"/>
  <nd ref="249747069"/>
  <nd ref="249747076"/>
  <nd ref="2390574831"/>
  <nd ref="2390574816"/>
  <nd ref="249747068"/>
  <nd ref="249747077"/>
  <tag k="addr:city" v="Санкт-Петербург"/>
  <tag k="addr:country" v="RU"/>
  <tag k="addr:housenumber" v="24 к3"/>
  <tag k="addr:postcode" v="194295"/>
  <tag k="addr:street" v="проспект Художников"/>
  <tag k="building" v="apartments"/>
  <tag k="building:cladding" v="panel"/>
  <tag k="building:flats" v="357"/>
  <tag k="building:levels" v="9"/>
  <tag k="design:ref" v="1ЛГ-600А"/>
  <tag k="roof:shape" v="flat"/>
 </way>
 <way id="23130205" visible="true" version="17" changeset="155267892" timestamp="2024-08-15T06:30:27Z" user="ComradeSukhov" uid="9059129">
  <nd ref="249747162"/>
  <nd ref="249747163"/>
  <nd ref="249747164"/>
  <nd ref="249747165"/>
  <nd ref="249747166"/>
  <nd ref="249747167"/>
  <nd ref="249747168"/>
  <nd ref="249747157"/>
  <nd ref="249747158"/>
  <nd ref="249747159"/>
  <nd ref="249747160"/>
  <nd ref="249747161"/>
  <nd ref="249747162"/>
  <tag k="addr:housenumber" v="22 к3"/>
  <tag k="addr:postcode" v="194295"/>
  <tag k="addr:street" v="проспект Художников"/>
  <tag k="building" v="kindergarten"/>
  <tag k="building:levels" v="2"/>
  <tag k="design:ref" v="2С-04-3"/>
  <tag k="roof:shape" v="flat"/>
  <tag k="smoking" v="no"/>
 </way>
 <way id="23645191" visible="true" version="4" changeset="44499573" timestamp="2016-12-18T19:50:05Z" user="misht" uid="615059">
  <nd ref="256164159"/>
  <nd ref="256164160"/>
  <nd ref="256164161"/>
  <nd ref="256164162"/>
  <nd ref="256164163"/>
  <nd ref="4560606563"/>
  <nd ref="4560606561"/>
  <nd ref="256164044"/>
  <nd ref="256164040"/>
  <nd ref="256164041"/>
  <nd ref="4560606562"/>
  <nd ref="256164159"/>
  <tag k="addr:city" v="Санкт-Петербург"/>
  <tag k="addr:country" v="RU"/>
  <tag k="addr:housenumber" v="6"/>
  <tag k="addr:postcode" v="194295"/>
  <tag k="addr:street" v="улица Ивана Фомина"/>
  <tag k="building" v="yes"/>
 </way>
 <way id="25336419" visible="true" version="10" changeset="114900664" timestamp="2021-12-13T22:54:10Z" user="mini-me" uid="3846961">
  <nd ref="272477779"/>
  <nd ref="256163719"/>
  <nd ref="256163720"/>
  <nd ref="256163721"/>
  <nd ref="256163722"/>
  <nd ref="256163723"/>
  <nd ref="9335873685"/>
  <nd ref="9335873683"/>
  <nd ref="9335873682"/>
  <nd ref="9335873684"/>
  <nd ref="256163724"/>
  <nd ref="256163725"/>
  <nd ref="256163726"/>
  <nd ref="256163727"/>
  <nd ref="256163728"/>
  <nd ref="256163729"/>
  <nd ref="256163730"/>
  <nd ref="256163731"/>
  <nd ref="256163732"/>
  <nd ref="256163733"/>
  <nd ref="256163734"/>
  <nd ref="276067086"/>
  <nd ref="272477779"/>
  <tag k="addr:city" v="Санкт-Петербург"/>
  <tag k="addr:country" v="RU"/>
  <tag k="addr:housenumber" v="19"/>
  <tag k="addr:postcode" v="194295"/>
  <tag k="addr:street" v="улица Есенина"/>
  <tag k="building" v="industrial"/>
 </way>
 <way id="48001169" visible="true" version="9" changeset="105686452" timestamp="2021-06-01T16:36:31Z" user="sleemp" uid="8660675">
  <nd ref="610456623"/>
  <nd ref="2385381550"/>
  <nd ref="1651905464"/>
  <nd ref="2385381533"/>
  <nd ref="610458307"/>
  <nd ref="1572214646"/>
  <nd ref="2385381511"/>
  <nd ref="2385381502"/>
  <nd ref="610457888"/>
  <nd ref="610457890"/>
  <nd ref="2385381486"/>
  <nd ref="2385381500"/>
  <nd ref="610457891"/>
  <nd ref="2385381522"/>
  <nd ref="610458947"/>
  <tag k="highway" v="service"/>
  <tag k="living_street" v="yes"/>
  <tag k="surface" v="asphalt"/>
 </way>
 <way id="75980718" visible="true" version="5" changeset="43737508" timestamp="2016-11-17T17:42:16Z" user="Pavel47" uid="472653">
  <nd ref="2391523589"/>
  <nd ref="2391523604"/>
  <nd ref="2391523608"/>
  <nd ref="249745840"/>
  <nd ref="249745839"/>
  <nd ref="4506752075"/>
  <nd ref="2391198419"/>
  <nd ref="2390574754"/>
  <nd ref="4506752076"/>
  <nd ref="4506752078"/>
  <nd ref="4506752080"/>
  <nd ref="4506752081"/>
  <nd ref="4506752083"/>
  <nd ref="2390574935"/>
  <nd ref="2390574937"/>
  <nd ref="249745838"/>
  <nd ref="2391523873"/>
  <nd ref="2391523913"/>
  <nd ref="2391523919"/>
  <nd ref="2391523925"/>
  <nd ref="2391523923"/>
  <nd ref="2391523966"/>
  <nd ref="2391523972"/>
  <nd ref="2391523974"/>
  <nd ref="2391523978"/>
  <nd ref="2391523997"/>
  <nd ref="2391523995"/>
  <nd ref="2391524011"/>
  <nd ref="896799728"/>
  <nd ref="896799744"/>
  <nd ref="2391523589"/>
  <tag k="landuse" v="residential"/>
  <tag k="residential" v="urban"/>
 </way>
 <way id="143656876" visible="true" version="2" changeset="17034698" timestamp="2013-07-21T11:37:17Z" user="Danidin9" uid="395588">
  <nd ref="1572151828"/>
  <nd ref="1572151799"/>
  <nd ref="1572151869"/>
  <tag k="highway" v="service"/>
  <tag k="service" v="driveway"/>
 </way>
 <way id="143656885" visible="true" version="3" changeset="141320875" timestamp="2023-09-15T21:30:32Z" user="mini-me" uid="3846961">
  <nd ref="1572151872"/>
  <nd ref="1572151711"/>
  <tag k="highway" v="service"/>
  <tag k="living_street" v="yes"/>
  <tag k="surface" v="asphalt"/>
 </way>
 <way id="143656888" visible="true" version="7" changeset="121588989" timestamp="2022-05-27T18:31:59Z" user="Zavgor1990" uid="11591067">
  <nd ref="1572151803"/>
  <nd ref="2391198498"/>
  <nd ref="2391198472"/>
  <nd ref="1572167557"/>
  <nd ref="1572151749"/>
  <nd ref="2391198462"/>
  <nd ref="1726312246"/>
  <nd ref="1572151907"/>
  <nd ref="2391523876"/>
  <nd ref="2391523882"/>
  <nd ref="1572151690"/>
  <tag k="highway" v="service"/>
  <tag k="surface" v="asphalt"/>
 </way>
 <way id="143656890" visible="true" version="49" changeset="149365634" timestamp="2024-03-30T19:28:00Z" user="Zavgor1990" uid="11591067">
  <nd ref="1572151833"/>
  <nd ref="1572151714"/>
  <nd ref="1572151799"/>
  <nd ref="1572151744"/>
  <nd ref="11194809891"/>
  <nd ref="11194809892"/>
  <nd ref="1572151776"/>
  <nd ref="1572151904"/>
  <nd ref="1572151930"/>
  <nd ref="1572151833"/>
  <tag k="addr:city" v="Санкт-Петербург"/>
  <tag k="addr:housenumber" v="22 к3"/>
  <tag k="addr:street" v="проспект Художников"/>
  <tag k="amenity" v="kindergarten"/>
  <tag k="barrier" v="fence"/>
  <tag k="check_date" v="2024-03-30"/>
  <tag k="contact:phone" v="+7 812 2961922; +7 812 5173091; +7 812 5178954"/>
  <tag k="contact:website" v="https://detsad117.spb.ru"/>
  <tag k="internet_access" v="no"/>
  <tag k="name" v="Детский сад № 117"/>
  <tag k="name:ru" v="Детский сад № 117"/>
  <tag k="official_name" v="Государственное бюджетное дошкольное образовательное учреждение детский сад № 117 Выборгского района Санкт-Петербурга"/>
  <tag k="opening_hours" v="Mo-Fr 07:00-19:00; Sa-Su off"/>
  <tag k="operator:type" v="public"/>
  <tag k="payment:cards" v="no"/>
  <tag k="payment:credit_cards" v="no"/>
  <tag k="payment:debit_cards" v="no"/>
  <tag k="ref" v="117"/>
  <tag k="wheelchair" v="yes"/>
 </way>
 <way id="143656891" visible="true" version="8" changeset="141321006" timestamp="2023-09-15T21:37:13Z" user="mini-me" uid="3846961">
  <nd ref="1572151749"/>
  <nd ref="1572151834"/>
  <nd ref="1572151689"/>
  <nd ref="1572151730"/>
  <nd ref="2391523736"/>
  <nd ref="2391523717"/>
  <nd ref="11194809888"/>
  <nd ref="2391523705"/>
  <nd ref="1572151828"/>
  <nd ref="2391523681"/>
  <nd ref="1572151872"/>
  <nd ref="2391523663"/>
  <nd ref="1572151909"/>
  <tag k="highway" v="service"/>
  <tag k="living_street" v="yes"/>
  <tag k="surface" v="asphalt"/>
 </way>
 <way id="143656892" visible="true" version="8" changeset="132393636" timestamp="2023-02-11T08:34:58Z" user="Zavgor1990" uid="11591067">
  <nd ref="1572151917"/>
  <nd ref="1572151831"/>
  <nd ref="2391523929"/>
  <nd ref="1572151713"/>
  <tag k="highway" v="footway"/>
  <tag k="surface" v="compacted"/>
 </way>
 <way id="143657449" visible="true" version="3" changeset="121502583" timestamp="2022-05-26T05:53:38Z" user="Zavgor1990" uid="11591067">
  <nd ref="1572167443"/>
  <nd ref="2391198478"/>
  <nd ref="1572167506"/>
  <tag k="highway" v="service"/>
  <tag k="surface" v="asphalt"/>
 </way>
 <way id="143657451" visible="true" version="3" changeset="121490539" timestamp="2022-05-25T19:35:24Z" user="Zavgor1990" uid="11591067">
  <nd ref="1572167471"/>
  <nd ref="1572167565"/>
  <tag k="highway" v="service"/>
  <tag k="living_street" v="yes"/>
  <tag k="surface" v="asphalt"/>
 </way>
 <way id="143657452" visible="true" version="3" changeset="141320875" timestamp="2023-09-15T21:30:32Z" user="mini-me" uid="3846961">
  <nd ref="1572167545"/>
  <nd ref="1572167446"/>
  <tag k="highway" v="service"/>
  <tag k="living_street" v="yes"/>
  <tag k="surface" v="asphalt"/>
 </way>
 <way id="143657453" visible="true" version="4" changeset="141320875" timestamp="2023-09-15T21:30:32Z" user="mini-me" uid="3846961">
  <nd ref="1572167499"/>
  <nd ref="1572167480"/>
  <nd ref="1572167446"/>
  <nd ref="2385381503"/>
  <nd ref="1572167449"/>
  <tag k="highway" v="service"/>
  <tag k="living_street" v="yes"/>
  <tag k="surface" v="asphalt"/>
 </way>
 <way id="143657454" visible="true" version="4" changeset="146491932" timestamp="2024-01-20T20:21:59Z" user="Cmapuk-noxa6bl4" uid="20024786">
  <nd ref="1572167485"/>
  <nd ref="1572167474"/>
  <nd ref="11534938560"/>
  <nd ref="11534938561"/>
  <nd ref="1572167506"/>
  <nd ref="1572167543"/>
  <nd ref="1572167527"/>
  <nd ref="11534938562"/>
  <nd ref="1572167485"/>
  <tag k="amenity" v="parking"/>
  <tag k="barrier" v="fence"/>
  <tag k="parking" v="surface"/>
 </way>
 <way id="143657456" visible="true" version="3" changeset="121502583" timestamp="2022-05-26T05:52:54Z" user="Zavgor1990" uid="11591067">
  <nd ref="1572167557"/>
  <nd ref="2391198424"/>
  <nd ref="2391198416"/>
  <nd ref="1572167566"/>
  <tag k="highway" v="service"/>
  <tag k="living_street" v="yes"/>
  <tag k="surface" v="asphalt"/>
 </way>
 <way id="143657462" visible="true" version="3" changeset="132733431" timestamp="2023-02-19T01:10:50Z" user="Zavgor1990" uid="11591067">
  <nd ref="1572167506"/>
  <nd ref="1572167483"/>
  <nd ref="1572167487"/>
  <tag k="highway" v="service"/>
  <tag k="service" v="parking_aisle"/>
  <tag k="surface" v="concrete"/>
 </way>
 <way id="143657463" visible="true" version="5" changeset="141514188" timestamp="2023-09-20T13:26:15Z" user="mini-me" uid="3846961">
  <nd ref="1572167465"/>
  <nd ref="2385381521"/>
  <nd ref="1572167545"/>
  <nd ref="1572167471"/>
  <nd ref="1572167554"/>
  <nd ref="1572167440"/>
  <tag k="highway" v="service"/>
  <tag k="living_street" v="yes"/>
  <tag k="surface" v="asphalt"/>
 </way>
 <way id="143657466" visible="true" version="4" changeset="141320875" timestamp="2023-09-15T21:30:32Z" user="mini-me" uid="3846961">
  <nd ref="1572167480"/>
  <nd ref="2391523641"/>
  <nd ref="1572151909"/>
  <nd ref="1572151711"/>
  <nd ref="2391198399"/>
  <nd ref="2391523602"/>
  <nd ref="1572151774"/>
  <nd ref="1572151753"/>
  <nd ref="2391198396"/>
  <nd ref="1572151914"/>
  <nd ref="1572151852"/>
  <nd ref="1572151944"/>
  <tag k="highway" v="service"/>
  <tag k="living_street" v="yes"/>
  <tag k="surface" v="asphalt"/>
 </way>
 <way id="157760993" visible="true" version="2" changeset="17023834" timestamp="2013-07-20T14:35:25Z" user="Danidin9" uid="395588">
  <nd ref="896799794"/>
  <nd ref="896799717"/>
  <nd ref="896799812"/>
  <nd ref="896799790"/>
  <nd ref="896799784"/>
  <nd ref="896799711"/>
  <nd ref="896799830"/>
 </way>
 <way id="172397908" visible="true" version="23" changeset="167840103" timestamp="2025-06-19T18:26:34Z" user="Bobropiton" uid="2055718">
  <nd ref="61234171"/>
  <nd ref="658478663"/>
  <nd ref="1905891368"/>
  <nd ref="9892177323"/>
  <nd ref="1572167548"/>
  <nd ref="272110016"/>
  <nd ref="1700084643"/>
  <nd ref="12926363627"/>
  <nd ref="2391198524"/>
  <nd ref="1572151803"/>
  <nd ref="1572167443"/>
  <nd ref="12926363630"/>
  <nd ref="12926363617"/>
  <nd ref="9892177326"/>
  <nd ref="3684708543"/>
  <nd ref="2385381539"/>
  <nd ref="1839300915"/>
  <tag k="foot" v="no"/>
  <tag k="highway" v="residential"/>
  <tag k="lanes" v="2"/>
  <tag k="lit" v="yes"/>
  <tag k="maxspeed" v="RU:urban"/>
  <tag k="name" v="улица Ивана Фомина"/>
  <tag k="name:etymology:wikidata" v="Q1377708"/>
  <tag k="smoothness" v="intermediate"/>
  <tag k="surface" v="asphalt"/>
 </way>
 <way id="230004795" visible="true" version="4" changeset="141320875" timestamp="2023-09-15T21:30:32Z" user="mini-me" uid="3846961">
  <nd ref="11194820905"/>
  <nd ref="2385381537"/>
  <nd ref="11194820906"/>
  <tag k="footway" v="crossing"/>
  <tag k="highway" v="footway"/>
  <tag k="lit" v="no"/>
  <tag k="surface" v="asphalt"/>
 </way>
 <way id="230004813" visible="true" version="4" changeset="139193029" timestamp="2023-07-30T01:16:31Z" user="mini-me" uid="3846961">
  <nd ref="2385381542"/>
  <nd ref="2385381539"/>
  <nd ref="11076269566"/>
  <tag k="footway" v="crossing"/>
  <tag k="highway" v="footway"/>
  <tag k="lit" v="yes"/>
  <tag k="surface" v="asphalt"/>
 </way>
 <way id="230004820" visible="true" version="5" changeset="139193029" timestamp="2023-07-30T01:16:31Z" user="mini-me" uid="3846961">
  <nd ref="11076269564"/>
  <nd ref="1572151875"/>
  <nd ref="2385381385"/>
  <nd ref="2385381402"/>
  <nd ref="2385381503"/>
  <nd ref="2385381521"/>
  <nd ref="2385381536"/>
  <nd ref="11076269566"/>
  <tag k="footway" v="sidewalk"/>
  <tag k="highway" v="footway"/>
  <tag k="lit" v="yes"/>
  <tag k="surface" v="asphalt"/>
 </way>
 <way id="230004824" visible="true" version="9" changeset="163378366" timestamp="2025-03-08T20:21:16Z" user="LateGuest" uid="6873752">
  <nd ref="3679353389"/>
  <nd ref="2385381598"/>
  <nd ref="11076269570"/>
  <nd ref="11076269569"/>
  <nd ref="2385381597"/>
  <nd ref="3347934005"/>
  <nd ref="3756791860"/>
  <nd ref="2385381570"/>
  <nd ref="2385381544"/>
  <nd ref="2385381542"/>
  <tag k="footway" v="sidewalk"/>
  <tag k="highway" v="footway"/>
  <tag k="lit" v="yes"/>
  <tag k="surface" v="asphalt"/>
 </way>
 <way id="230565265" visible="true" version="2" changeset="17031977" timestamp="2013-07-21T07:15:16Z" user="Danidin9" uid="395588">
  <nd ref="2390574910"/>
  <nd ref="2390574917"/>
  <nd ref="2390574913"/>
  <nd ref="2390574909"/>
  <tag k="barrier" v="wall"/>
 </way>
 <way id="230565272" visible="true" version="2" changeset="17031977" timestamp="2013-07-21T07:15:12Z" user="Danidin9" uid="395588">
  <nd ref="2390574904"/>
  <nd ref="2390574896"/>
  <nd ref="2390574894"/>
  <nd ref="2390574897"/>
  <nd ref="2390574904"/>
  <tag k="building" v="garages"/>
 </way>
 <way id="230565276" visible="true" version="6" changeset="175387420" timestamp="2025-12-02T06:34:08Z" user="Ozon OSM7" uid="22471995">
  <nd ref="2390574791"/>
  <nd ref="2390574797"/>
  <nd ref="2390574794"/>
  <nd ref="2390574789"/>
  <nd ref="2390574791"/>
  <tag k="addr:housenumber" v="5 к1 литБ"/>
  <tag k="addr:street" v="улица Ивана Фомина"/>
  <tag k="building" v="service"/>
  <tag k="building:cladding" v="brick"/>
  <tag k="building:levels" v="1"/>
  <tag k="power" v="substation"/>
  <tag k="ref" v="2951"/>
 </way>
 <way id="230565279" visible="true" version="3" changeset="130467312" timestamp="2022-12-24T21:20:49Z" user="Zavgor1990" uid="11591067">
  <nd ref="2390574778"/>
  <nd ref="2390574770"/>
  <nd ref="2390574768"/>
  <nd ref="2390574771"/>
  <nd ref="2390574778"/>
  <tag k="addr:street" v="улица Ивана Фомина"/>
  <tag k="building" v="garages"/>
  <tag k="building:levels" v="1"/>
  <tag k="building:material" v="metal"/>
 </way>
 <way id="230565283" visible="true" version="3" changeset="130467312" timestamp="2022-12-24T21:20:49Z" user="Zavgor1990" uid="11591067">
  <nd ref="2390574921"/>
  <nd ref="2390574924"/>
  <nd ref="2390574930"/>
  <nd ref="2390574928"/>
  <nd ref="2390574921"/>
  <tag k="was:building" v="pavilion"/>
 </way>
 <way id="230565291" visible="true" version="3" changeset="130467312" timestamp="2022-12-24T21:20:49Z" user="Zavgor1990" uid="11591067">
  <nd ref="2390574745"/>
  <nd ref="2390574753"/>
  <nd ref="2390574748"/>
  <nd ref="2390574743"/>
  <nd ref="2390574745"/>
  <tag k="addr:street" v="улица Ивана Фомина"/>
  <tag k="building" v="garages"/>
  <tag k="building:levels" v="1"/>
 </way>
 <way id="230565300" visible="true" version="3" changeset="130467312" timestamp="2022-12-24T21:20:49Z" user="Zavgor1990" uid="11591067">
  <nd ref="2390574763"/>
  <nd ref="2390574767"/>
  <nd ref="2390574765"/>
  <nd ref="2390574759"/>
  <nd ref="2390574763"/>
  <tag k="addr:street" v="улица Ивана Фомина"/>
  <tag k="building" v="garage"/>
  <tag k="building:levels" v="1"/>
 </way>
 <way id="230630930" visible="true" version="4" changeset="146491932" timestamp="2024-01-20T20:21:59Z" user="Cmapuk-noxa6bl4" uid="20024786">
  <nd ref="272110016"/>
  <nd ref="1700161506"/>
  <nd ref="11534938542"/>
  <nd ref="1700161470"/>
  <nd ref="1700161464"/>
  <nd ref="1572151749"/>
  <tag k="check_date:surface" v="2023-02-11"/>
  <tag k="highway" v="footway"/>
  <tag k="surface" v="compacted"/>
 </way>
 <way id="230630939" visible="true" version="2" changeset="132393636" timestamp="2023-02-11T08:24:41Z" user="Zavgor1990" uid="11591067">
  <nd ref="2391198425"/>
  <nd ref="2391198423"/>
  <tag k="check_date:surface" v="2023-02-11"/>
  <tag k="highway" v="footway"/>
  <tag k="smoothness" v="bad"/>
  <tag k="surface" v="asphalt"/>
 </way>
 <way id="230630960" visible="true" version="3" changeset="146491932" timestamp="2024-01-20T20:21:59Z" user="Cmapuk-noxa6bl4" uid="20024786">
  <nd ref="2391198426"/>
  <nd ref="11534938557"/>
  <nd ref="2391198424"/>
  <tag k="highway" v="path"/>
  <tag k="surface" v="compacted"/>
 </way>
 <way id="230630962" visible="true" version="3" changeset="122269811" timestamp="2022-06-12T09:54:31Z" user="khavrenko" uid="645607">
  <nd ref="1572167495"/>
  <nd ref="2391523740"/>
  <nd ref="1572151834"/>
  <tag k="highway" v="footway"/>
  <tag k="lit" v="yes"/>
  <tag k="surface" v="compacted"/>
 </way>
 <way id="230631023" visible="true" version="4" changeset="141514188" timestamp="2023-09-20T13:26:15Z" user="mini-me" uid="3846961">
  <nd ref="11205100691"/>
  <nd ref="11205100690"/>
  <nd ref="2391198408"/>
  <nd ref="11205100692"/>
  <nd ref="1572167471"/>
  <tag k="highway" v="footway"/>
  <tag k="lit" v="yes"/>
  <tag k="surface" v="compacted"/>
 </way>
 <way id="230631046" visible="true" version="3" changeset="146491932" timestamp="2024-01-20T20:21:59Z" user="Cmapuk-noxa6bl4" uid="20024786">
  <nd ref="2391198462"/>
  <nd ref="11534938540"/>
  <nd ref="1700161470"/>
  <nd ref="2391198557"/>
  <nd ref="2391198573"/>
  <tag k="check_date:surface" v="2023-02-11"/>
  <tag k="highway" v="footway"/>
  <tag k="surface" v="compacted"/>
 </way>
 <way id="230631048" visible="true" version="1" changeset="17031977" timestamp="2013-07-21T07:10:14Z" user="Danidin9" uid="395588">
  <nd ref="2391198424"/>
  <nd ref="2391198421"/>
  <nd ref="2391198415"/>
  <nd ref="2391198416"/>
  <tag k="highway" v="service"/>
  <tag k="service" v="driveway"/>
 </way>
 <way id="230631050" visible="true" version="2" changeset="121490539" timestamp="2022-05-25T19:35:47Z" user="Zavgor1990" uid="11591067">
  <nd ref="2391198423"/>
  <nd ref="2391198417"/>
  <nd ref="1572167440"/>
  <nd ref="1572167566"/>
  <tag k="highway" v="service"/>
  <tag k="living_street" v="yes"/>
  <tag k="surface" v="asphalt"/>
 </way>
 <way id="230631057" visible="true" version="3" changeset="122269811" timestamp="2022-06-12T09:52:40Z" user="khavrenko" uid="645607">
  <nd ref="2391198459"/>
  <nd ref="2391198454"/>
  <nd ref="2391198447"/>
  <nd ref="1700161459"/>
  <tag k="highway" v="footway"/>
  <tag k="lit" v="no"/>
  <tag k="surface" v="gravel"/>
 </way>
 <way id="230631076" visible="true" version="2" changeset="121502583" timestamp="2022-05-26T05:52:43Z" user="Zavgor1990" uid="11591067">
  <nd ref="1572167566"/>
  <nd ref="1572167452"/>
  <nd ref="1572167495"/>
  <nd ref="1572167499"/>
  <nd ref="1572167554"/>
  <tag k="highway" v="service"/>
  <tag k="living_street" v="yes"/>
  <tag k="surface" v="asphalt"/>
 </way>
 <way id="230631080" visible="true" version="3" changeset="146491932" timestamp="2024-01-20T20:21:59Z" user="Cmapuk-noxa6bl4" uid="20024786">
  <nd ref="2391198417"/>
  <nd ref="2391198426"/>
  <nd ref="2391198427"/>
  <nd ref="11534938556"/>
  <nd ref="2391198461"/>
  <nd ref="2391198472"/>
  <tag k="highway" v="path"/>
  <tag k="surface" v="compacted"/>
 </way>
 <way id="230631088" visible="true" version="3" changeset="122270069" timestamp="2022-06-12T09:51:02Z" user="khavrenko" uid="645607">
  <nd ref="1572151787"/>
  <nd ref="2391523909"/>
  <nd ref="1572151778"/>
  <nd ref="1572151807"/>
  <nd ref="2391198496"/>
  <nd ref="2391198500"/>
  <nd ref="1572151690"/>
  <tag k="highway" v="service"/>
  <tag k="surface" v="asphalt"/>
 </way>
 <way id="230631090" visible="true" version="2" changeset="121588989" timestamp="2022-05-27T18:31:41Z" user="Zavgor1990" uid="11591067">
  <nd ref="1572151690"/>
  <nd ref="1572151923"/>
  <nd ref="1572151772"/>
  <nd ref="2391198553"/>
  <nd ref="1572151920"/>
  <nd ref="1572151787"/>
  <tag k="highway" v="service"/>
  <tag k="surface" v="asphalt"/>
 </way>
 <way id="230631099" visible="true" version="8" changeset="167840103" timestamp="2025-06-19T18:26:34Z" user="Bobropiton" uid="2055718">
  <nd ref="11194820903"/>
  <nd ref="2385381536"/>
  <nd ref="11205100691"/>
  <nd ref="2391198425"/>
  <nd ref="11534938554"/>
  <nd ref="12926363631"/>
  <nd ref="2391198478"/>
  <nd ref="2391198482"/>
  <nd ref="2391198498"/>
  <nd ref="12926363628"/>
  <nd ref="2391198573"/>
  <nd ref="1700161506"/>
  <nd ref="2391198666"/>
  <nd ref="2391198900"/>
  <tag k="footway" v="sidewalk"/>
  <tag k="highway" v="footway"/>
  <tag k="lit" v="yes"/>
  <tag k="smoothness" v="bad"/>
  <tag k="surface" v="asphalt"/>
 </way>
 <way id="230631131" visible="true" version="3" changeset="132457768" timestamp="2023-02-12T18:21:51Z" user="Zavgor1990" uid="11591067">
  <nd ref="2391198446"/>
  <nd ref="2391198450"/>
  <nd ref="2391198449"/>
  <nd ref="2391198443"/>
  <nd ref="2391198446"/>
  <tag k="access" v="yes"/>
  <tag k="dog" v="no"/>
  <tag k="indoor" v="no"/>
  <tag k="leisure" v="playground"/>
  <tag k="wheelchair" v="yes"/>
 </way>
 <way id="230631132" visible="true" version="3" changeset="132900980" timestamp="2023-02-22T21:42:45Z" user="Zavgor1990" uid="11591067">
  <nd ref="2391198503"/>
  <nd ref="2391198494"/>
  <nd ref="2391198476"/>
  <nd ref="2391198490"/>
  <nd ref="2391198503"/>
  <tag k="access" v="yes"/>
  <tag k="indoor" v="no"/>
  <tag k="leisure" v="playground"/>
  <tag k="wheelchair" v="yes"/>
 </way>
 <way id="230631160" visible="true" version="5" changeset="136650287" timestamp="2023-05-28T13:05:14Z" user="SomeoneElse_Revert" uid="1778799">
  <nd ref="2391198480"/>
  <nd ref="2391198484"/>
  <nd ref="2391198470"/>
  <nd ref="2391198466"/>
  <nd ref="2391198480"/>
  <tag k="building" v="service"/>
  <tag k="building:cladding" v="panel"/>
  <tag k="building:levels" v="1"/>
  <tag k="power" v="substation"/>
 </way>
 <way id="230685298" visible="true" version="3" changeset="141320875" timestamp="2023-09-15T21:30:32Z" user="mini-me" uid="3846961">
  <nd ref="1572125380"/>
  <nd ref="2391524017"/>
  <nd ref="1572167522"/>
  <nd ref="2391523952"/>
  <nd ref="1572125434"/>
  <nd ref="1572151713"/>
  <nd ref="1572151907"/>
  <nd ref="1572125438"/>
  <nd ref="2391523745"/>
  <nd ref="11194820899"/>
  <nd ref="1572125356"/>
  <nd ref="1572125352"/>
  <nd ref="11194820898"/>
  <nd ref="1572125417"/>
  <nd ref="11194820897"/>
  <nd ref="1572125415"/>
  <nd ref="1572125441"/>
  <nd ref="1572151722"/>
  <nd ref="1572125350"/>
  <nd ref="1572125409"/>
  <nd ref="2391198474"/>
  <tag k="highway" v="service"/>
  <tag k="living_street" v="yes"/>
  <tag k="surface" v="asphalt"/>
 </way>
 <way id="230685300" visible="true" version="2" changeset="121502586" timestamp="2022-05-26T05:52:49Z" user="Zavgor1990" uid="11591067">
  <nd ref="2391523663"/>
  <nd ref="2391523641"/>
  <tag k="highway" v="footway"/>
  <tag k="lit" v="yes"/>
  <tag k="surface" v="compacted"/>
 </way>
 <way id="230685339" visible="true" version="2" changeset="121502592" timestamp="2022-05-26T05:54:16Z" user="Zavgor1990" uid="11591067">
  <nd ref="1700161457"/>
  <nd ref="2391523719"/>
  <nd ref="2391523717"/>
  <tag k="highway" v="path"/>
  <tag k="surface" v="compacted"/>
 </way>
 <way id="230685342" visible="true" version="1" changeset="17034698" timestamp="2013-07-21T11:37:02Z" user="Danidin9" uid="395588">
  <nd ref="1572151801"/>
  <nd ref="1572151837"/>
  <nd ref="1572151869"/>
  <tag k="highway" v="service"/>
  <tag k="service" v="driveway"/>
 </way>
 <way id="230685345" visible="true" version="1" changeset="17034698" timestamp="2013-07-21T11:37:02Z" user="Danidin9" uid="395588">
  <nd ref="1572151869"/>
  <nd ref="1572151783"/>
  <nd ref="1572151801"/>
  <tag k="highway" v="service"/>
  <tag k="service" v="driveway"/>
 </way>
 <way id="230685358" visible="true" version="2" changeset="122269811" timestamp="2022-06-12T09:52:25Z" user="khavrenko" uid="645607">
  <nd ref="1572151713"/>
  <nd ref="1700161469"/>
  <nd ref="1700161467"/>
  <nd ref="1726312246"/>
  <nd ref="2391198459"/>
  <nd ref="1572151689"/>
  <tag k="highway" v="footway"/>
  <tag k="lit" v="yes"/>
  <tag k="surface" v="compacted"/>
 </way>
 <way id="230685360" visible="true" version="4" changeset="141321006" timestamp="2023-09-15T21:37:13Z" user="mini-me" uid="3846961">
  <nd ref="1572151689"/>
  <nd ref="1700161460"/>
  <nd ref="1700161459"/>
  <nd ref="1700161457"/>
  <nd ref="1700161455"/>
  <nd ref="11194809893"/>
  <nd ref="1700161450"/>
  <nd ref="2391198420"/>
  <tag k="highway" v="footway"/>
  <tag k="surface" v="compacted"/>
 </way>
 <way id="230685375" visible="true" version="2" changeset="17679919" timestamp="2013-09-04T23:23:32Z" user="Danidin9" uid="395588">
  <nd ref="1572167468"/>
  <nd ref="2391523902"/>
  <nd ref="2391523891"/>
  <nd ref="2391523889"/>
  <nd ref="2391523876"/>
  <nd ref="2391523867"/>
  <nd ref="2391523856"/>
  <nd ref="2391523788"/>
  <nd ref="2391523775"/>
  <nd ref="2391523869"/>
  <tag k="barrier" v="fence"/>
 </way>
 <way id="230685378" visible="true" version="3" changeset="132900980" timestamp="2023-02-22T21:42:45Z" user="Zavgor1990" uid="11591067">
  <nd ref="2391523738"/>
  <nd ref="2391523763"/>
  <nd ref="2391523769"/>
  <nd ref="2391523752"/>
  <nd ref="2391523738"/>
  <tag k="access" v="yes"/>
  <tag k="indoor" v="no"/>
  <tag k="leisure" v="playground"/>
  <tag k="wheelchair" v="yes"/>
 </way>
 <way id="230685381" visible="true" version="1" changeset="17034698" timestamp="2013-07-21T11:37:05Z" user="Danidin9" uid="395588">
  <nd ref="2391523917"/>
  <nd ref="2391523911"/>
  <nd ref="2391523893"/>
  <nd ref="2391523898"/>
  <tag k="barrier" v="wall"/>
 </way>
 <way id="230685384" visible="true" version="8" changeset="151018482" timestamp="2024-05-07T16:18:38Z" user="Zavgor1990" uid="11591067">
  <nd ref="2391523696"/>
  <nd ref="2391523688"/>
  <nd ref="2391523665"/>
  <nd ref="2391523684"/>
  <nd ref="2391523696"/>
  <tag k="access" v="yes"/>
  <tag k="charge" v="0"/>
  <tag k="covered" v="no"/>
  <tag k="fee" v="no"/>
  <tag k="indoor" v="no"/>
  <tag k="leisure" v="pitch"/>
  <tag k="lit" v="no"/>
  <tag k="sport" v="multi"/>
  <tag k="surface" v="compacted"/>
 </way>
 <way id="322873527" visible="true" version="4" changeset="132393630" timestamp="2023-02-11T08:30:56Z" user="Zavgor1990" uid="11591067">
  <nd ref="3296637568"/>
  <nd ref="3296637578"/>
  <nd ref="3296637580"/>
  <nd ref="3296637581"/>
  <nd ref="5276966961"/>
  <nd ref="3296637582"/>
  <nd ref="3296637585"/>
  <nd ref="3296637587"/>
  <nd ref="3296637583"/>
  <nd ref="3296637584"/>
  <nd ref="3296637571"/>
  <tag k="highway" v="service"/>
  <tag k="surface" v="asphalt"/>
 </way>
 <way id="364425813" visible="true" version="1" changeset="33166648" timestamp="2015-08-06T21:09:22Z" user="VlIvYur" uid="345975">
  <nd ref="3684708547"/>
  <nd ref="3684708546"/>
  <tag k="barrier" v="wall"/>
  <tag k="height" v="2"/>
 </way>
 <way id="364425814" visible="true" version="2" changeset="114900664" timestamp="2021-12-13T22:54:10Z" user="mini-me" uid="3846961">
  <nd ref="9335873696"/>
  <nd ref="9335873697"/>
  <nd ref="3684708548"/>
  <nd ref="3684708544"/>
  <tag k="barrier" v="wall"/>
  <tag k="height" v="2"/>
 </way>
 <way id="364425817" visible="true" version="1" changeset="33166648" timestamp="2015-08-06T21:09:22Z" user="VlIvYur" uid="345975">
  <nd ref="3684708544"/>
  <nd ref="3684708542"/>
  <nd ref="3684708545"/>
  <nd ref="3684708546"/>
  <nd ref="3684708552"/>
  <nd ref="256163723"/>
  <tag k="barrier" v="wall"/>
  <tag k="height" v="2"/>
 </way>
 <way id="364425819" visible="true" version="2" changeset="132733431" timestamp="2023-02-19T01:10:58Z" user="Zavgor1990" uid="11591067">
  <nd ref="3684708543"/>
  <nd ref="3684708545"/>
  <tag k="highway" v="service"/>
  <tag k="surface" v="asphalt"/>
 </way>
 <way id="460390623" visible="true" version="2" changeset="167840103" timestamp="2025-06-19T18:26:34Z" user="Bobropiton" uid="2055718">
  <nd ref="2391198524"/>
  <nd ref="12926363625"/>
  <nd ref="2391198543"/>
  <nd ref="2391198571"/>
  <tag k="highway" v="service"/>
  <tag k="smoothness" v="bad"/>
  <tag k="surface" v="asphalt"/>
 </way>
 <way id="561402514" visible="true" version="17" changeset="162858732" timestamp="2025-02-23T16:02:36Z" user="mavl" uid="564990">
  <nd ref="1839300915"/>
  <nd ref="2385381527"/>
  <nd ref="9892177321"/>
  <nd ref="2385381519"/>
  <nd ref="1572167465"/>
  <nd ref="2391198397"/>
  <nd ref="1572167449"/>
  <nd ref="2385381487"/>
  <nd ref="2391198394"/>
  <tag k="foot" v="no"/>
  <tag k="highway" v="residential"/>
  <tag k="lanes" v="2"/>
  <tag k="lit" v="yes"/>
  <tag k="maxspeed" v="40"/>
  <tag k="name" v="Поэтический бульвар"/>
  <tag k="smoothness" v="good"/>
  <tag k="surface" v="asphalt"/>
  <tag k="wikidata" v="Q4375679"/>
 </way>
 <way id="1011912453" visible="true" version="1" changeset="114900664" timestamp="2021-12-13T22:54:10Z" user="mini-me" uid="3846961">
  <nd ref="9335873689"/>
  <nd ref="9335873688"/>
  <nd ref="9335873687"/>
  <nd ref="9335873686"/>
  <nd ref="9335873689"/>
  <tag k="building" v="yes"/>
 </way>
 <way id="1079101539" visible="true" version="15" changeset="162858732" timestamp="2025-02-23T16:02:36Z" user="mavl" uid="564990">
  <nd ref="2385381545"/>
  <nd ref="2385381537"/>
  <nd ref="610458947"/>
  <nd ref="1839300915"/>
  <tag k="foot" v="no"/>
  <tag k="highway" v="residential"/>
  <tag k="lanes" v="2"/>
  <tag k="lit" v="yes"/>
  <tag k="maxspeed" v="40"/>
  <tag k="name" v="Поэтический бульвар"/>
  <tag k="smoothness" v="good"/>
  <tag k="surface" v="asphalt"/>
  <tag k="wikidata" v="Q4375679"/>
 </way>
 <way id="1193253583" visible="true" version="2" changeset="141320875" timestamp="2023-09-15T21:30:32Z" user="mini-me" uid="3846961">
  <nd ref="11194820903"/>
  <nd ref="2385381527"/>
  <nd ref="11194820904"/>
  <tag k="footway" v="crossing"/>
  <tag k="highway" v="footway"/>
  <tag k="lit" v="yes"/>
  <tag k="surface" v="asphalt"/>
 </way>
 <way id="1208163162" visible="true" version="1" changeset="141320875" timestamp="2023-09-15T21:30:32Z" user="mini-me" uid="3846961">
  <nd ref="11194820906"/>
  <nd ref="2385381544"/>
  <tag k="footway" v="sidewalk"/>
  <tag k="highway" v="footway"/>
  <tag k="lit" v="no"/>
  <tag k="surface" v="asphalt"/>
 </way>
 <way id="1208163853" visible="true" version="2" changeset="151550609" timestamp="2024-05-19T20:10:54Z" user="Zavgor1990" uid="11591067">
  <nd ref="11194809893"/>
  <nd ref="11194809890"/>
  <nd ref="11194809889"/>
  <nd ref="11194809888"/>
  <tag k="highway" v="footway"/>
  <tag k="surface" v="compacted"/>
 </way>
 <way id="1209381084" visible="true" version="1" changeset="141514188" timestamp="2023-09-20T13:26:15Z" user="mini-me" uid="3846961">
  <nd ref="11205100689"/>
  <nd ref="11205100688"/>
  <nd ref="11205100687"/>
  <nd ref="11205100686"/>
  <nd ref="11205100689"/>
  <tag k="landuse" v="grass"/>
 </way>
 <way id="1209381085" visible="true" version="2" changeset="151550609" timestamp="2024-05-19T20:10:47Z" user="Zavgor1990" uid="11591067">
  <nd ref="11205100690"/>
  <nd ref="1572167565"/>
  <tag k="highway" v="footway"/>
  <tag k="surface" v="compacted"/>
 </way>
 <way id="1241463022" visible="true" version="1" changeset="146491932" timestamp="2024-01-20T20:21:59Z" user="Cmapuk-noxa6bl4" uid="20024786">
  <nd ref="11534938534"/>
  <nd ref="11534938535"/>
  <nd ref="11534938536"/>
  <nd ref="11534938537"/>
  <nd ref="11534938538"/>
  <nd ref="11534938540"/>
  <nd ref="11534938541"/>
  <nd ref="2391198476"/>
  <nd ref="2391198494"/>
  <nd ref="2391198503"/>
  <nd ref="2391198490"/>
  <nd ref="11534938549"/>
  <nd ref="11534938539"/>
  <nd ref="11534938534"/>
  <tag k="landuse" v="grass"/>
 </way>
 <way id="1241463023" visible="true" version="1" changeset="146491932" timestamp="2024-01-20T20:21:59Z" user="Cmapuk-noxa6bl4" uid="20024786">
  <nd ref="11534938543"/>
  <nd ref="11534938544"/>
  <nd ref="11534938545"/>
  <nd ref="11534938546"/>
  <nd ref="11534938547"/>
  <nd ref="11534938548"/>
  <nd ref="11534938543"/>
  <tag k="natural" v="scrub"/>
 </way>
 <way id="1241463024" visible="true" version="1" changeset="146491932" timestamp="2024-01-20T20:21:59Z" user="Cmapuk-noxa6bl4" uid="20024786">
  <nd ref="11534938549"/>
  <nd ref="11534938550"/>
  <nd ref="11534938551"/>
  <nd ref="11534938552"/>
  <nd ref="11534938553"/>
  <nd ref="11534938539"/>
  <nd ref="11534938549"/>
  <tag k="natural" v="scrub"/>
 </way>
 <way id="1241463025" visible="true" version="1" changeset="146491932" timestamp="2024-01-20T20:21:59Z" user="Cmapuk-noxa6bl4" uid="20024786">
  <nd ref="2391198425"/>
  <nd ref="11534938554"/>
  <nd ref="1572167474"/>
  <nd ref="1572167485"/>
  <nd ref="11534938562"/>
  <nd ref="1572167527"/>
  <nd ref="11534938555"/>
  <nd ref="2391198461"/>
  <nd ref="11534938556"/>
  <nd ref="249746867"/>
  <nd ref="249746866"/>
  <nd ref="11534938557"/>
  <nd ref="11534938558"/>
  <nd ref="11534938559"/>
  <nd ref="1572167440"/>
  <nd ref="2391198425"/>
  <tag k="landuse" v="grass"/>
 </way>
 <way id="1396656249" visible="true" version="1" changeset="167840103" timestamp="2025-06-19T18:26:34Z" user="Bobropiton" uid="2055718">
  <nd ref="12926363616"/>
  <nd ref="12926363615"/>
  <nd ref="12926363617"/>
  <tag k="highway" v="service"/>
 </way>
 <way id="1396656250" visible="true" version="1" changeset="167840103" timestamp="2025-06-19T18:26:34Z" user="Bobropiton" uid="2055718">
  <nd ref="12926363620"/>
  <nd ref="12926363619"/>
  <nd ref="12926363618"/>
  <nd ref="12926363616"/>
  <tag k="access" v="private"/>
  <tag k="highway" v="service"/>
 </way>
 <way id="1396656251" visible="true" version="1" changeset="167840103" timestamp="2025-06-19T18:26:34Z" user="Bobropiton" uid="2055718">
  <nd ref="12926363622"/>
  <nd ref="12926363631"/>
  <tag k="highway" v="footway"/>
 </way>
 <way id="1396656252" visible="true" version="1" changeset="167840103" timestamp="2025-06-19T18:26:34Z" user="Bobropiton" uid="2055718">
  <nd ref="12926363621"/>
  <nd ref="12926363630"/>
  <nd ref="12926363622"/>
  <tag k="footway" v="crossing"/>
  <tag k="highway" v="footway"/>
  <tag k="surface" v="asphalt"/>
 </way>
 <way id="1396656256" visible="true" version="1" changeset="167840103" timestamp="2025-06-19T18:26:34Z" user="Bobropiton" uid="2055718">
  <nd ref="12926363615"/>
  <nd ref="12926363635"/>
  <nd ref="12926363634"/>
  <nd ref="12926363633"/>
  <nd ref="12926363632"/>
  <nd ref="12926363621"/>
  <tag k="highway" v="footway"/>
 </way>
 <relation id="1067739" visible="true" version="17" changeset="141361719" timestamp="2023-09-16T23:21:35Z" user="traveleditor" uid="8726248">
  <member type="way" ref="1079101538" role="street"/>
  <member type="way" ref="1079101537" role="street"/>
  <member type="way" ref="172397908" role="street"/>
  <tag k="name" v="улица Ивана Фомина"/>
  <tag k="type" v="street"/>
 </relation>
 <relation id="2109526" visible="true" version="1" changeset="11170912" timestamp="2012-03-31T20:26:09Z" user="FMS" uid="380289">
  <member type="way" ref="75980720" role="outer"/>
  <member type="way" ref="157760993" role="outer"/>
  <tag k="landuse" v="industrial"/>
  <tag k="type" v="multipolygon"/>
 </relation>
 <relation id="14359749" visible="true" version="60" changeset="177280014" timestamp="2026-01-16T01:25:48Z" user="Bobropiton" uid="2055718">
  <member type="node" ref="10066531054" role="stop_entry_only"/>
  <member type="node" ref="10066531053" role="platform_entry_only"/>
  <member type="node" ref="6606427558" role="stop"/>
  <member type="node" ref="7734695001" role="platform"/>
  <member type="node" ref="8323272393" role="stop"/>
  <member type="node" ref="8323272394" role="platform"/>
  <member type="node" ref="8323272391" role="stop"/>
  <member type="node" ref="7734701542" role="platform"/>
  <member type="node" ref="8323272389" role="stop"/>
  <member type="node" ref="8323272390" role="platform"/>
  <member type="node" ref="8323272388" role="stop"/>
  <member type="node" ref="3644755308" role="platform"/>
  <member type="node" ref="9893028144" role="stop"/>
  <member type="node" ref="9893028143" role="platform"/>
  <member type="node" ref="8323272386" role="stop"/>
  <member type="node" ref="8323272387" role="platform"/>
  <member type="node" ref="8323272385" role="stop"/>
  <member type="node" ref="4785757507" role="platform"/>
  <member type="node" ref="1520279808" role="stop"/>
  <member type="node" ref="2142685830" role="platform"/>
  <member type="node" ref="6704164100" role="stop"/>
  <member type="node" ref="2159511390" role="platform"/>
  <member type="node" ref="1902669380" role="stop"/>
  <member type="node" ref="1866426083" role="platform"/>
  <member type="node" ref="9892177325" role="stop"/>
  <member type="node" ref="9892177324" role="platform"/>
  <member type="node" ref="3551741944" role="stop"/>
  <member type="node" ref="2771357257" role="platform"/>
  <member type="node" ref="9936971671" role="stop"/>
  <member type="node" ref="9936971670" role="platform"/>
  <member type="node" ref="3533402668" role="stop"/>
  <member type="node" ref="1024058395" role="platform"/>
  <member type="node" ref="2946610392" role="stop"/>
  <member type="node" ref="3555358507" role="platform"/>
  <member type="node" ref="8323443122" role="stop"/>
  <member type="node" ref="1027658425" role="platform"/>
  <member type="node" ref="9892177323" role="stop"/>
  <member type="node" ref="9892177322" role="platform"/>
  <member type="node" ref="9892177321" role="stop"/>
  <member type="node" ref="9892177320" role="platform"/>
  <member type="node" ref="9892177328" role="stop"/>
  <member type="node" ref="9756417575" role="platform"/>
  <member type="node" ref="4670048100" role="stop"/>
  <member type="node" ref="4670048099" role="platform"/>
  <member type="node" ref="9936971666" role="stop"/>
  <member type="node" ref="9936971665" role="platform"/>
  <member type="node" ref="11211160768" role="stop"/>
  <member type="node" ref="11211160767" role="platform"/>
  <member type="node" ref="9892177319" role="stop"/>
  <member type="node" ref="8121643406" role="platform"/>
  <member type="node" ref="8319582577" role="stop"/>
  <member type="node" ref="8319582576" role="platform"/>
  <member type="node" ref="8319582575" role="stop"/>
  <member type="node" ref="8319582574" role="platform"/>
  <member type="node" ref="3521144483" role="stop"/>
  <member type="node" ref="3521144477" role="platform"/>
  <member type="node" ref="11253007193" role="stop"/>
  <member type="node" ref="11253007194" role="platform"/>
  <member type="node" ref="1573033963" role="stop"/>
  <member type="node" ref="9892177332" role="platform"/>
  <member type="node" ref="8273519749" role="stop"/>
  <member type="node" ref="1140826038" role="platform"/>
  <member type="node" ref="8273519747" role="stop"/>
  <member type="node" ref="561208490" role="platform"/>
  <member type="node" ref="3076229177" role="stop"/>
  <member type="node" ref="3076229210" role="platform"/>
  <member type="node" ref="3401278626" role="stop"/>
  <member type="node" ref="2971749925" role="platform"/>
  <member type="node" ref="13344553497" role="stop"/>
  <member type="node" ref="13344553496" role="platform"/>
  <member type="node" ref="3401278618" role="stop"/>
  <member type="node" ref="2971750633" role="platform"/>
  <member type="node" ref="3401278625" role="stop"/>
  <member type="node" ref="6843834600" role="platform"/>
  <member type="node" ref="5823242602" role="stop"/>
  <member type="node" ref="3380839914" role="platform"/>
  <member type="node" ref="7577490774" role="stop"/>
  <member type="node" ref="2410873929" role="platform"/>
  <member type="node" ref="7594321492" role="stop"/>
  <member type="node" ref="2374751882" role="platform"/>
  <member type="node" ref="7601985425" role="stop"/>
  <member type="node" ref="2374751766" role="platform"/>
  <member type="node" ref="9695434785" role="stop"/>
  <member type="node" ref="9695434786" role="platform"/>
  <member type="node" ref="7602205652" role="stop_exit_only"/>
  <member type="node" ref="2539893620" role="platform_exit_only"/>
  <member type="way" ref="1444814168" role=""/>
  <member type="way" ref="1444814174" role=""/>
  <member type="way" ref="1444814172" role=""/>
  <member type="way" ref="725963244" role=""/>
  <member type="way" ref="1084462870" role=""/>
  <member type="way" ref="797518227" role=""/>
  <member type="way" ref="703479972" role=""/>
  <member type="way" ref="725963247" role=""/>
  <member type="way" ref="1428304982" role=""/>
  <member type="way" ref="1428304981" role=""/>
  <member type="way" ref="703479966" role=""/>
  <member type="way" ref="797518228" role=""/>
  <member type="way" ref="1242831744" role=""/>
  <member type="way" ref="1268134135" role=""/>
  <member type="way" ref="1428304985" role=""/>
  <member type="way" ref="1428304986" role=""/>
  <member type="way" ref="1428304990" role=""/>
  <member type="way" ref="1428304989" role=""/>
  <member type="way" ref="448684666" role=""/>
  <member type="way" ref="648549020" role=""/>
  <member type="way" ref="1428305008" role=""/>
  <member type="way" ref="1428305007" role=""/>
  <member type="way" ref="292491696" role=""/>
  <member type="way" ref="1428305002" role=""/>
  <member type="way" ref="1428305001" role=""/>
  <member type="way" ref="486591290" role=""/>
  <member type="way" ref="668556787" role=""/>
  <member type="way" ref="558123759" role=""/>
  <member type="way" ref="422300257" role=""/>
  <member type="way" ref="1428304998" role=""/>
  <member type="way" ref="1428304997" role=""/>
  <member type="way" ref="313220573" role=""/>
  <member type="way" ref="974572319" role=""/>
  <member type="way" ref="1467480505" role=""/>
  <member type="way" ref="183963512" role=""/>
  <member type="way" ref="1428304996" role=""/>
  <member type="way" ref="1428304995" role=""/>
  <member type="way" ref="176968766" role=""/>
  <member type="way" ref="1428304993" role=""/>
  <member type="way" ref="138646361" role=""/>
  <member type="way" ref="948836657" role=""/>
  <member type="way" ref="1428304994" role=""/>
  <member type="way" ref="401962907" role=""/>
  <member type="way" ref="948836658" role=""/>
  <member type="way" ref="1257227658" role=""/>
  <member type="way" ref="1257227659" role=""/>
  <member type="way" ref="350642229" role=""/>
  <member type="way" ref="765992131" role=""/>
  <member type="way" ref="181331256" role=""/>
  <member type="way" ref="571674185" role=""/>
  <member type="way" ref="721118983" role=""/>
  <member type="way" ref="571674182" role=""/>
  <member type="way" ref="518663756" role=""/>
  <member type="way" ref="49360129" role=""/>
  <member type="way" ref="518663758" role=""/>
  <member type="way" ref="518663762" role=""/>
  <member type="way" ref="107042489" role=""/>
  <member type="way" ref="211408105" role=""/>
  <member type="way" ref="1188143940" role=""/>
  <member type="way" ref="1188143941" role=""/>
  <member type="way" ref="31372201" role=""/>
  <member type="way" ref="1079101534" role=""/>
  <member type="way" ref="1188143939" role=""/>
  <member type="way" ref="406599272" role=""/>
  <member type="way" ref="406599273" role=""/>
  <member type="way" ref="88213665" role=""/>
  <member type="way" ref="144323565" role=""/>
  <member type="way" ref="742839281" role=""/>
  <member type="way" ref="327691111" role=""/>
  <member type="way" ref="265652567" role=""/>
  <member type="way" ref="85104150" role=""/>
  <member type="way" ref="265574285" role=""/>
  <member type="way" ref="1047320311" role=""/>
  <member type="way" ref="746573650" role=""/>
  <member type="way" ref="4462110" role=""/>
  <member type="way" ref="31380253" role=""/>
  <member type="way" ref="849337101" role=""/>
  <member type="way" ref="172397905" role=""/>
  <member type="way" ref="1079101535" role=""/>
  <member type="way" ref="172397908" role=""/>
  <member type="way" ref="561402514" role=""/>
  <member type="way" ref="561402515" role=""/>
  <member type="way" ref="422234024" role=""/>
  <member type="way" ref="422234023" role=""/>
  <member type="way" ref="422234026" role=""/>
  <member type="way" ref="31403789" role=""/>
  <member type="way" ref="762029279" role=""/>
  <member type="way" ref="762029280" role=""/>
  <member type="way" ref="1189497791" role=""/>
  <member type="way" ref="1189497792" role=""/>
  <member type="way" ref="612667495" role=""/>
  <member type="way" ref="1189497788" role=""/>
  <member type="way" ref="327576189" role=""/>
  <member type="way" ref="88964912" role=""/>
  <member type="way" ref="31404364" role=""/>
  <member type="way" ref="1083351854" role=""/>
  <member type="way" ref="691806453" role=""/>
  <member type="way" ref="1253435091" role=""/>
  <member type="way" ref="1253435092" role=""/>
  <member type="way" ref="31364802" role=""/>
  <member type="way" ref="571680541" role=""/>
  <member type="way" ref="571680542" role=""/>
  <member type="way" ref="195870619" role=""/>
  <member type="way" ref="195870617" role=""/>
  <member type="way" ref="200468554" role=""/>
  <member type="way" ref="195870627" role=""/>
  <member type="way" ref="144529113" role=""/>
  <member type="way" ref="762026223" role=""/>
  <member type="way" ref="741957995" role=""/>
  <member type="way" ref="31365359" role=""/>
  <member type="way" ref="361354583" role=""/>
  <member type="way" ref="131611144" role=""/>
  <member type="way" ref="194972629" role=""/>
  <member type="way" ref="450106502" role=""/>
  <member type="way" ref="70746366" role=""/>
  <member type="way" ref="31370364" role=""/>
  <member type="way" ref="130705737" role=""/>
  <member type="way" ref="183892195" role=""/>
  <member type="way" ref="571956628" role=""/>
  <member type="way" ref="571956629" role=""/>
  <member type="way" ref="249794597" role=""/>
  <member type="way" ref="509507728" role=""/>
  <member type="way" ref="249794599" role=""/>
  <member type="way" ref="31366958" role=""/>
  <member type="way" ref="232765007" role=""/>
  <member type="way" ref="184011332" role=""/>
  <member type="way" ref="422014472" role=""/>
  <member type="way" ref="422014474" role=""/>
  <member type="way" ref="422014473" role=""/>
  <member type="way" ref="422014475" role=""/>
  <member type="way" ref="197938364" role=""/>
  <member type="way" ref="77909121" role=""/>
  <member type="way" ref="197935144" role=""/>
  <member type="way" ref="172396502" role=""/>
  <member type="way" ref="764301126" role=""/>
  <member type="way" ref="766860741" role=""/>
  <member type="way" ref="766860740" role=""/>
  <member type="way" ref="31386268" role=""/>
  <member type="way" ref="766860739" role=""/>
  <member type="way" ref="249801097" role=""/>
  <member type="way" ref="249801094" role=""/>
  <member type="way" ref="249801098" role=""/>
  <member type="way" ref="142888189" role=""/>
  <member type="way" ref="249801096" role=""/>
  <member type="way" ref="177564983" role=""/>
  <member type="way" ref="172798642" role=""/>
  <member type="way" ref="183887054" role=""/>
  <member type="way" ref="888726500" role=""/>
  <tag k="air_conditioning" v="yes"/>
  <tag k="blind" v="limited"/>
  <tag k="bus_class:length" v="3"/>
  <tag k="charge" v="88 RUB"/>
  <tag k="charge:cards" v="88 RUB"/>
  <tag k="charge:cash" v="88 RUB"/>
  <tag k="charge:ekp_card" v="65 RUB"/>
  <tag k="charge:ekp_nfc" v="65 RUB"/>
  <tag k="charge:podorozhnik" v="65 RUB"/>
  <tag k="charge:qr_ticket" v="88 RUB"/>
  <tag k="colour" v="#10a855"/>
  <tag k="deaf" v="yes"/>
  <tag k="fee" v="yes"/>
  <tag k="from" v="Толубеевский проезд"/>
  <tag k="name" v="Автобус № 199: Толубеевский проезд =&gt; железнодорожная станция «Ручьи»"/>
  <tag k="name:uk" v="Автобус № 199: Толубіївський проїзд =&gt; залізнична станція «Струмки»"/>
  <tag k="network" v="Комитет по Транспорту Санкт-Петербурга"/>
  <tag k="network:en" v="Saint-Petersburg Transport Committee"/>
  <tag k="network:ru" v="Комитет по Транспорту Санкт-Петербурга"/>
  <tag k="network:wikidata" v="Q115120075"/>
  <tag k="operator" v="АО «Третий парк»"/>
  <tag k="payment:cards" v="yes"/>
  <tag k="payment:cash" v="no"/>
  <tag k="payment:contactless" v="yes"/>
  <tag k="payment:maestro" v="no"/>
  <tag k="payment:mastercard" v="no"/>
  <tag k="payment:mir" v="yes"/>
  <tag k="payment:nfc" v="yes"/>
  <tag k="payment:podorozhnik" v="yes"/>
  <tag k="payment:podorozhnik:activation" v="yes"/>
  <tag k="payment:social_cards" v="yes"/>
  <tag k="payment:strelka" v="no"/>
  <tag k="payment:troika" v="no"/>
  <tag k="payment:visa" v="no"/>
  <tag k="public_transport:version" v="2"/>
  <tag k="ref" v="199"/>
  <tag k="route" v="bus"/>
  <tag k="source" v="Реестр муниципальных маршрутов регулярных перевозок в Санкт-Петербурге"/>
  <tag k="to" v="железнодорожная станция «Ручьи»"/>
  <tag k="type" v="route"/>
  <tag k="website" v="https://transport.orgp.spb.ru/Portal/transport/route/6122"/>
  <tag k="wheelchair" v="yes"/>
 </relation>
 <relation id="14359750" visible="true" version="59" changeset="188497090" timestamp="2026-09-03T21:03:48Z" user="Bobropiton" uid="2055718">
  <member type="node" ref="7602205653" role="stop_entry_only"/>
  <member type="node" ref="1396352493" role="platform_entry_only"/>
  <member type="node" ref="9695434787" role="stop"/>
  <member type="node" ref="9695434788" role="platform"/>
  <member type="node" ref="3403203957" role="stop"/>
  <member type="node" ref="2374751795" role="platform"/>
  <member type="node" ref="7594321493" role="stop"/>
  <member type="node" ref="2374751892" role="platform"/>
  <member type="node" ref="9155816272" role="stop"/>
  <member type="node" ref="9155816271" role="platform"/>
  <member type="node" ref="3400369541" role="stop"/>
  <member type="node" ref="2971750638" role="platform"/>
  <member type="node" ref="3400369542" role="stop"/>
  <member type="node" ref="2971749931" role="platform"/>
  <member type="node" ref="3400369540" role="stop"/>
  <member type="node" ref="1601509668" role="platform"/>
  <member type="node" ref="3049504446" role="stop"/>
  <member type="node" ref="3076229182" role="platform"/>
  <member type="node" ref="8273911683" role="stop"/>
  <member type="node" ref="561208478" role="platform"/>
  <member type="node" ref="8273519748" role="stop"/>
  <member type="node" ref="1140823100" role="platform"/>
  <member type="node" ref="10292170991" role="stop"/>
  <member type="node" ref="10292170992" role="platform"/>
  <member type="node" ref="1569306060" role="stop"/>
  <member type="node" ref="9892177333" role="platform"/>
  <member type="node" ref="3521144895" role="stop"/>
  <member type="node" ref="3521144490" role="platform"/>
  <member type="node" ref="8319582590" role="stop"/>
  <member type="node" ref="619699697" role="platform"/>
  <member type="node" ref="8319582588" role="stop"/>
  <member type="node" ref="8319582589" role="platform"/>
  <member type="node" ref="7592047460" role="stop"/>
  <member type="node" ref="1030461646" role="platform"/>
  <member type="node" ref="9953611029" role="stop"/>
  <member type="node" ref="9953611028" role="platform"/>
  <member type="node" ref="9892177331" role="stop"/>
  <member type="node" ref="9892177330" role="platform"/>
  <member type="node" ref="4670048098" role="stop"/>
  <member type="node" ref="4670048097" role="platform"/>
  <member type="node" ref="9892177329" role="stop"/>
  <member type="node" ref="9756417576" role="platform"/>
  <member type="node" ref="9892177326" role="stop"/>
  <member type="node" ref="9892177327" role="platform"/>
  <member type="node" ref="8323434514" role="stop"/>
  <member type="node" ref="1029310358" role="platform"/>
  <member type="node" ref="8323434513" role="stop"/>
  <member type="node" ref="1027658833" role="platform"/>
  <member type="node" ref="8328726563" role="stop"/>
  <member type="node" ref="1917612046" role="platform"/>
  <member type="node" ref="8328726562" role="stop"/>
  <member type="node" ref="8328726561" role="platform"/>
  <member type="node" ref="8328726558" role="stop"/>
  <member type="node" ref="8328726559" role="platform"/>
  <member type="node" ref="8328162779" role="stop"/>
  <member type="node" ref="1917612045" role="platform"/>
  <member type="node" ref="8328726557" role="stop"/>
  <member type="node" ref="2142685836" role="platform"/>
  <member type="node" ref="8328726556" role="stop"/>
  <member type="node" ref="4225228119" role="platform"/>
  <member type="node" ref="11253007191" role="stop"/>
  <member type="node" ref="11253007192" role="platform"/>
  <member type="node" ref="3644756201" role="stop"/>
  <member type="node" ref="3790738902" role="platform"/>
  <member type="node" ref="8328726555" role="stop"/>
  <member type="node" ref="8328726554" role="platform"/>
  <member type="node" ref="8328726553" role="stop"/>
  <member type="node" ref="8328726552" role="platform"/>
  <member type="node" ref="8323272392" role="stop"/>
  <member type="node" ref="7734704136" role="platform"/>
  <member type="node" ref="6806447804" role="stop"/>
  <member type="node" ref="8323272395" role="platform"/>
  <member type="node" ref="10066531054" role="stop_exit_only"/>
  <member type="node" ref="10066531053" role="platform_exit_only"/>
  <member type="way" ref="247049363" role=""/>
  <member type="way" ref="4456566" role=""/>
  <member type="way" ref="247049364" role=""/>
  <member type="way" ref="172798642" role=""/>
  <member type="way" ref="177564984" role=""/>
  <member type="way" ref="249801100" role=""/>
  <member type="way" ref="172396851" role=""/>
  <member type="way" ref="31388138" role=""/>
  <member type="way" ref="766860742" role=""/>
  <member type="way" ref="31402109" role=""/>
  <member type="way" ref="172396503" role=""/>
  <member type="way" ref="31371500" role=""/>
  <member type="way" ref="4459534" role=""/>
  <member type="way" ref="31403670" role=""/>
  <member type="way" ref="1083855008" role=""/>
  <member type="way" ref="571838725" role=""/>
  <member type="way" ref="571956627" role=""/>
  <member type="way" ref="31386920" role=""/>
  <member type="way" ref="70746355" role=""/>
  <member type="way" ref="770344812" role=""/>
  <member type="way" ref="31396561" role=""/>
  <member type="way" ref="144526044" role=""/>
  <member type="way" ref="1553820528" role=""/>
  <member type="way" ref="131611143" role=""/>
  <member type="way" ref="361354572" role=""/>
  <member type="way" ref="741957996" role=""/>
  <member type="way" ref="31386228" role=""/>
  <member type="way" ref="181344175" role=""/>
  <member type="way" ref="1047314586" role=""/>
  <member type="way" ref="1554871118" role=""/>
  <member type="way" ref="176032414" role=""/>
  <member type="way" ref="762026224" role=""/>
  <member type="way" ref="144529127" role=""/>
  <member type="way" ref="195870627" role=""/>
  <member type="way" ref="200468554" role=""/>
  <member type="way" ref="195870617" role=""/>
  <member type="way" ref="195870619" role=""/>
  <member type="way" ref="571680542" role=""/>
  <member type="way" ref="571680541" role=""/>
  <member type="way" ref="31364802" role=""/>
  <member type="way" ref="1253435094" role=""/>
  <member type="way" ref="1253435093" role=""/>
  <member type="way" ref="198276030" role=""/>
  <member type="way" ref="1187709141" role=""/>
  <member type="way" ref="1187709140" role=""/>
  <member type="way" ref="390879424" role=""/>
  <member type="way" ref="1079101540" role=""/>
  <member type="way" ref="1189497796" role=""/>
  <member type="way" ref="1189497797" role=""/>
  <member type="way" ref="31371520" role=""/>
  <member type="way" ref="422234023" role=""/>
  <member type="way" ref="422234024" role=""/>
  <member type="way" ref="561402515" role=""/>
  <member type="way" ref="561402514" role=""/>
  <member type="way" ref="172397908" role=""/>
  <member type="way" ref="1079101537" role=""/>
  <member type="way" ref="1079101536" role=""/>
  <member type="way" ref="172397906" role=""/>
  <member type="way" ref="746573649" role=""/>
  <member type="way" ref="31389782" role=""/>
  <member type="way" ref="143013959" role=""/>
  <member type="way" ref="979690348" role=""/>
  <member type="way" ref="484376269" role=""/>
  <member type="way" ref="766848766" role=""/>
  <member type="way" ref="518663760" role=""/>
  <member type="way" ref="518663759" role=""/>
  <member type="way" ref="484376271" role=""/>
  <member type="way" ref="518663757" role=""/>
  <member type="way" ref="148227814" role=""/>
  <member type="way" ref="348102923" role=""/>
  <member type="way" ref="799847033" role=""/>
  <member type="way" ref="171213137" role=""/>
  <member type="way" ref="1550298532" role=""/>
  <member type="way" ref="171213139" role=""/>
  <member type="way" ref="540483184" role=""/>
  <member type="way" ref="895936082" role=""/>
  <member type="way" ref="1257227656" role=""/>
  <member type="way" ref="401962908" role=""/>
  <member type="way" ref="1257227657" role=""/>
  <member type="way" ref="144330169" role=""/>
  <member type="way" ref="422300260" role=""/>
  <member type="way" ref="1257227653" role=""/>
  <member type="way" ref="1257227652" role=""/>
  <member type="way" ref="1467480506" role=""/>
  <member type="way" ref="184731552" role=""/>
  <member type="way" ref="567559695" role=""/>
  <member type="way" ref="558123759" role=""/>
  <member type="way" ref="668556787" role=""/>
  <member type="way" ref="313220580" role=""/>
  <member type="way" ref="1428305000" role=""/>
  <member type="way" ref="1428304999" role=""/>
  <member type="way" ref="562349295" role=""/>
  <member type="way" ref="422300263" role=""/>
  <member type="way" ref="540483194" role=""/>
  <member type="way" ref="1428305006" role=""/>
  <member type="way" ref="1428305005" role=""/>
  <member type="way" ref="387305084" role=""/>
  <member type="way" ref="1428304988" role=""/>
  <member type="way" ref="1428304987" role=""/>
  <member type="way" ref="379502006" role=""/>
  <member type="way" ref="1428304984" role=""/>
  <member type="way" ref="1428304983" role=""/>
  <member type="way" ref="725963246" role=""/>
  <member type="way" ref="1428304979" role=""/>
  <member type="way" ref="1428304980" role=""/>
  <member type="way" ref="703479967" role=""/>
  <member type="way" ref="725963245" role=""/>
  <member type="way" ref="1084462869" role=""/>
  <member type="way" ref="703479969" role=""/>
  <member type="way" ref="1444814170" role=""/>
  <member type="way" ref="1444814175" role=""/>
  <member type="way" ref="1444814167" role=""/>
  <tag k="air_conditioning" v="yes"/>
  <tag k="blind" v="limited"/>
  <tag k="bus_class:length" v="3"/>
  <tag k="charge" v="88 RUB"/>
  <tag k="charge:cards" v="88 RUB"/>
  <tag k="charge:cash" v="88 RUB"/>
  <tag k="charge:ekp_card" v="65 RUB"/>
  <tag k="charge:ekp_nfc" v="65 RUB"/>
  <tag k="charge:podorozhnik" v="65 RUB"/>
  <tag k="charge:qr_ticket" v="88 RUB"/>
  <tag k="colour" v="#10a855"/>
  <tag k="deaf" v="yes"/>
  <tag k="fee" v="yes"/>
  <tag k="from" v="железнодорожная станция «Ручьи»"/>
  <tag k="name" v="Автобус № 199: железнодорожная станция «Ручьи» =&gt; Толубеевский проезд"/>
  <tag k="name:uk" v="Автобус № 199: залізнична станція «Струмки» =&gt; Толубіївський проїзд"/>
  <tag k="network" v="Комитет по Транспорту Санкт-Петербурга"/>
  <tag k="network:en" v="Saint-Petersburg Transport Committee"/>
  <tag k="network:ru" v="Комитет по Транспорту Санкт-Петербурга"/>
  <tag k="network:wikidata" v="Q115120075"/>
  <tag k="operator" v="АО «Третий парк»"/>
  <tag k="payment:cards" v="yes"/>
  <tag k="payment:cash" v="no"/>
  <tag k="payment:contactless" v="yes"/>
  <tag k="payment:maestro" v="no"/>
  <tag k="payment:mastercard" v="no"/>
  <tag k="payment:mir" v="yes"/>
  <tag k="payment:nfc" v="yes"/>
  <tag k="payment:podorozhnik" v="yes"/>
  <tag k="payment:podorozhnik:activation" v="yes"/>
  <tag k="payment:social_cards" v="yes"/>
  <tag k="payment:strelka" v="no"/>
  <tag k="payment:troika" v="no"/>
  <tag k="payment:visa" v="no"/>
  <tag k="public_transport:version" v="2"/>
  <tag k="ref" v="199"/>
  <tag k="route" v="bus"/>
  <tag k="source" v="Реестр муниципальных маршрутов регулярных перевозок в Санкт-Петербурге"/>
  <tag k="to" v="Толубеевский проезд"/>
  <tag k="type" v="route"/>
  <tag k="website" v="https://transport.orgp.spb.ru/Portal/transport/route/6122"/>
  <tag k="wheelchair" v="yes"/>
 </relation>
 <relation id="14359751" visible="true" version="6" changeset="132611132" timestamp="2023-02-16T05:38:47Z" user="OSM FTW" uid="17746333">
  <member type="relation" ref="14359750" role=""/>
  <member type="relation" ref="14359749" role=""/>
  <tag k="colour" v="#10a855"/>
  <tag k="name" v="Автобус № 199"/>
  <tag k="network" v="Комитет по Транспорту Санкт-Петербурга"/>
  <tag k="network:en" v="Saint-Petersburg Transport Committee"/>
  <tag k="network:wikidata" v="Q115120075"/>
  <tag k="operator" v="АО «Третий парк»"/>
  <tag k="ref" v="199"/>
  <tag k="route_master" v="bus"/>
  <tag k="type" v="route_master"/>
 </relation>
 <relation id="14481861" visible="true" version="12" changeset="141361719" timestamp="2023-09-16T23:21:35Z" user="traveleditor" uid="8726248">
  <member type="node" ref="9892177326" role="stop"/>
  <member type="node" ref="9892177327" role="platform"/>
  <tag k="name" v="улица Ивана Фомина"/>
  <tag k="public_transport" v="stop_area"/>
  <tag k="type" v="public_transport"/>
 </relation>
 <relation id="14481862" visible="true" version="12" changeset="141361719" timestamp="2023-09-16T23:21:35Z" user="traveleditor" uid="8726248">
  <member type="node" ref="9892177321" role="stop"/>
  <member type="node" ref="9892177320" role="platform"/>
  <tag k="name" v="улица Ивана Фомина"/>
  <tag k="public_transport" v="stop_area"/>
  <tag k="type" v="public_transport"/>
 </relation>
 <relation id="15346490" visible="true" version="12" changeset="141361719" timestamp="2023-09-16T23:21:35Z" user="traveleditor" uid="8726248">
  <member type="node" ref="9892177323" role="stop"/>
  <member type="node" ref="9892177322" role="platform"/>
  <tag k="name" v="улица Ивана Фомина"/>
  <tag k="public_transport" v="stop_area"/>
  <tag k="type" v="public_transport"/>
 </relation>
</osm>
