<?xml version="1.0" encoding="UTF-8"?>
<osm version="0.6" generator="openstreetmap-cgimap 2.1.0 (862522 spike-07.openstreetmap.org)" copyright="OpenStreetMap and contributors" attribution="http://www.openstreetmap.org/copyright" license="http://opendatacommons.org/licenses/odbl/1-0/">
 <bounds minlat="60.0829238" minlon="30.3422982" maxlat="60.0856188" maxlon="30.3477018"/>
 <node id="1103068062" visible="true" version="6" changeset="117565697" timestamp="2022-02-18T13:37:54Z" user="anastasia_" uid="12947812" lat="60.0840215" lon="30.3482564"/>
 <node id="1756855113" visible="true" version="8" changeset="188739602" timestamp="2026-09-08T19:12:46Z" user="TrickyFoxy" uid="11528195" lat="60.0858513" lon="30.3446419"/>
 <node id="4097972057" visible="true" version="5" changeset="143619638" timestamp="2023-11-04T15:43:24Z" user="mini-me" uid="3846961" lat="60.0831167" lon="30.3453202"/>
 <node id="4099224078" visible="true" version="3" changeset="143619638" timestamp="2023-11-04T15:43:24Z" user="mini-me" uid="3846961" lat="60.0815031" lon="30.3428873"/>
 <node id="4099224079" visible="true" version="4" changeset="143619638" timestamp="2023-11-04T15:43:24Z" user="mini-me" uid="3846961" lat="60.0813913" lon="30.3440746"/>
 <node id="4099224081" visible="true" version="4" changeset="90490478" timestamp="2020-09-06T18:57:43Z" user="sleemp" uid="8660675" lat="60.0828425" lon="30.3442150"/>
 <node id="4099224082" visible="true" version="3" changeset="90489842" timestamp="2020-09-06T18:29:37Z" user="sleemp" uid="8660675" lat="60.0827233" lon="30.3444088"/>
 <node id="4099226793" visible="true" version="5" changeset="187866127" timestamp="2026-08-23T01:15:01Z" user="mini-me" uid="3846961" lat="60.0826168" lon="30.3476042"/>
 <node id="4099226795" visible="true" version="3" changeset="143619638" timestamp="2023-11-04T15:43:24Z" user="mini-me" uid="3846961" lat="60.0824290" lon="30.3464603"/>
 <node id="4099226827" visible="true" version="3" changeset="143619638" timestamp="2023-11-04T15:43:24Z" user="mini-me" uid="3846961" lat="60.0835554" lon="30.3488831"/>
 <node id="4099226828" visible="true" version="5" changeset="143619638" timestamp="2023-11-04T15:43:24Z" user="mini-me" uid="3846961" lat="60.0836021" lon="30.3497589"/>
 <node id="4099226884" visible="true" version="4" changeset="51520960" timestamp="2017-08-28T20:19:44Z" user="Danidin9" uid="395588" lat="60.0828340" lon="30.3491419"/>
 <node id="4213129893" visible="true" version="3" changeset="90489842" timestamp="2020-09-06T18:29:37Z" user="sleemp" uid="8660675" lat="60.0824573" lon="30.3449274"/>
 <node id="4213129894" visible="true" version="3" changeset="90489842" timestamp="2020-09-06T18:29:37Z" user="sleemp" uid="8660675" lat="60.0825557" lon="30.3451651"/>
 <node id="4213129896" visible="true" version="3" changeset="90489842" timestamp="2020-09-06T18:29:37Z" user="sleemp" uid="8660675" lat="60.0826390" lon="30.3450090"/>
 <node id="4213129897" visible="true" version="3" changeset="90489842" timestamp="2020-09-06T18:29:37Z" user="sleemp" uid="8660675" lat="60.0828028" lon="30.3447137"/>
 <node id="4213129898" visible="true" version="2" changeset="90489842" timestamp="2020-09-06T18:29:37Z" user="sleemp" uid="8660675" lat="60.0829401" lon="30.3444296"/>
 <node id="4213129899" visible="true" version="2" changeset="90489842" timestamp="2020-09-06T18:29:37Z" user="sleemp" uid="8660675" lat="60.0826782" lon="30.3444939"/>
 <node id="4437533328" visible="true" version="4" changeset="143619638" timestamp="2023-11-04T15:43:24Z" user="mini-me" uid="3846961" lat="60.0824788" lon="30.3476398"/>
 <node id="4449047489" visible="true" version="6" changeset="143619638" timestamp="2023-11-04T15:43:24Z" user="mini-me" uid="3846961" lat="60.0830389" lon="30.3432451"/>
 <node id="4712069766" visible="true" version="4" changeset="143619638" timestamp="2023-11-04T15:43:24Z" user="mini-me" uid="3846961" lat="60.0828759" lon="30.3419287"/>
 <node id="4712069767" visible="true" version="4" changeset="143619638" timestamp="2023-11-04T15:43:24Z" user="mini-me" uid="3846961" lat="60.0828441" lon="30.3417838"/>
 <node id="4712069768" visible="true" version="4" changeset="143619638" timestamp="2023-11-04T15:43:24Z" user="mini-me" uid="3846961" lat="60.0827752" lon="30.3417188"/>
 <node id="4712069769" visible="true" version="4" changeset="143619638" timestamp="2023-11-04T15:43:24Z" user="mini-me" uid="3846961" lat="60.0827314" lon="30.3417275"/>
 <node id="4712069770" visible="true" version="4" changeset="143619638" timestamp="2023-11-04T15:43:24Z" user="mini-me" uid="3846961" lat="60.0826751" lon="30.3417560"/>
 <node id="5064990290" visible="true" version="4" changeset="147376033" timestamp="2024-02-12T16:58:38Z" user="anastasia_" uid="12947812" lat="60.0843474" lon="30.3440374"/>
 <node id="5064990555" visible="true" version="5" changeset="143621742" timestamp="2023-11-04T16:36:56Z" user="mini-me" uid="3846961" lat="60.0833810" lon="30.3434290"/>
 <node id="5064990556" visible="true" version="1" changeset="51520960" timestamp="2017-08-28T20:19:30Z" user="Danidin9" uid="395588" lat="60.0834748" lon="30.3433907"/>
 <node id="5064990557" visible="true" version="4" changeset="147376033" timestamp="2024-02-12T16:58:38Z" user="anastasia_" uid="12947812" lat="60.0842130" lon="30.3430590"/>
 <node id="5064990561" visible="true" version="5" changeset="147377155" timestamp="2024-02-12T17:23:33Z" user="anastasia_" uid="12947812" lat="60.0832164" lon="30.3414358"/>
 <node id="5064990567" visible="true" version="6" changeset="188424007" timestamp="2026-09-02T14:56:18Z" user="TrickyFoxy" uid="11528195" lat="60.0848204" lon="30.3406050"/>
 <node id="6175283184" visible="true" version="6" changeset="143619638" timestamp="2023-11-04T15:43:24Z" user="mini-me" uid="3846961" lat="60.0827044" lon="30.3417440"/>
 <node id="6606406795" visible="true" version="5" changeset="146674759" timestamp="2024-01-25T13:55:20Z" user="Bobropiton" uid="2055718" lat="60.0831049" lon="30.3428075"/>
 <node id="6606406797" visible="true" version="3" changeset="143619638" timestamp="2023-11-04T15:43:24Z" user="mini-me" uid="3846961" lat="60.0839888" lon="30.3489492"/>
 <node id="6606406798" visible="true" version="3" changeset="143619638" timestamp="2023-11-04T15:43:24Z" user="mini-me" uid="3846961" lat="60.0840136" lon="30.3497263"/>
 <node id="6606406799" visible="true" version="3" changeset="143619638" timestamp="2023-11-04T15:43:24Z" user="mini-me" uid="3846961" lat="60.0839734" lon="30.3505434"/>
 <node id="6606406800" visible="true" version="3" changeset="143619638" timestamp="2023-11-04T15:43:24Z" user="mini-me" uid="3846961" lat="60.0838522" lon="30.3514133"/>
 <node id="6606406801" visible="true" version="3" changeset="143619638" timestamp="2023-11-04T15:43:24Z" user="mini-me" uid="3846961" lat="60.0835943" lon="30.3526991"/>
 <node id="6606406802" visible="true" version="4" changeset="143619638" timestamp="2023-11-04T15:43:24Z" user="mini-me" uid="3846961" lat="60.0833982" lon="30.3529870"/>
 <node id="6606406803" visible="true" version="3" changeset="143619638" timestamp="2023-11-04T15:43:24Z" user="mini-me" uid="3846961" lat="60.0832087" lon="30.3533958"/>
 <node id="6606406804" visible="true" version="3" changeset="143619638" timestamp="2023-11-04T15:43:24Z" user="mini-me" uid="3846961" lat="60.0831992" lon="30.3528362"/>
 <node id="6606406805" visible="true" version="3" changeset="143619638" timestamp="2023-11-04T15:43:24Z" user="mini-me" uid="3846961" lat="60.0835808" lon="30.3508600"/>
 <node id="6606406806" visible="true" version="3" changeset="143619638" timestamp="2023-11-04T15:43:24Z" user="mini-me" uid="3846961" lat="60.0836490" lon="30.3502203"/>
 <node id="6606406807" visible="true" version="3" changeset="143619638" timestamp="2023-11-04T15:43:24Z" user="mini-me" uid="3846961" lat="60.0836614" lon="30.3496402"/>
 <node id="6606406808" visible="true" version="4" changeset="143619638" timestamp="2023-11-04T15:43:24Z" user="mini-me" uid="3846961" lat="60.0836210" lon="30.3488669"/>
 <node id="6606406810" visible="true" version="3" changeset="143619638" timestamp="2023-11-04T15:43:24Z" user="mini-me" uid="3846961" lat="60.0831301" lon="30.3436933"/>
 <node id="6606427536" visible="true" version="7" changeset="151780894" timestamp="2024-05-24T17:13:20Z" user="Zavgor1990" uid="11591067" lat="60.0836084" lon="30.3468857">
  <tag k="button_operated" v="yes"/>
  <tag k="crossing" v="traffic_signals"/>
  <tag k="highway" v="traffic_signals"/>
  <tag k="tactile_paving" v="yes"/>
  <tag k="traffic_signals:sound" v="yes"/>
 </node>
 <node id="6606427537" visible="true" version="7" changeset="151780894" timestamp="2024-05-24T17:13:22Z" user="Zavgor1990" uid="11591067" lat="60.0835237" lon="30.3469277">
  <tag k="button_operated" v="yes"/>
  <tag k="crossing" v="traffic_signals"/>
  <tag k="highway" v="traffic_signals"/>
  <tag k="tactile_paving" v="yes"/>
  <tag k="traffic_signals:sound" v="yes"/>
 </node>
 <node id="6606427542" visible="true" version="2" changeset="143619638" timestamp="2023-11-04T15:43:24Z" user="mini-me" uid="3846961" lat="60.0832852" lon="30.3442702"/>
 <node id="6606427553" visible="true" version="13" changeset="151780029" timestamp="2024-05-24T16:51:47Z" user="Zavgor1990" uid="11591067" lat="60.0829852" lon="30.3418180">
  <tag k="button_operated" v="no"/>
  <tag k="crossing" v="traffic_signals"/>
  <tag k="highway" v="crossing"/>
  <tag k="tactile_paving" v="yes"/>
 </node>
 <node id="6806447804" visible="true" version="13" changeset="171409094" timestamp="2025-09-03T13:47:39Z" user="Bobropiton" uid="2055718" lat="60.0836130" lon="30.3476205">
  <tag k="bus" v="yes"/>
  <tag k="name" v="Заречная улица, 42"/>
  <tag k="public_transport" v="stop_position"/>
  <tag k="trolleybus" v="yes"/>
 </node>
 <node id="6806447805" visible="true" version="2" changeset="143619638" timestamp="2023-11-04T15:43:24Z" user="mini-me" uid="3846961" lat="60.0837348" lon="30.3479274"/>
 <node id="6900621600" visible="true" version="4" changeset="143619638" timestamp="2023-11-04T15:43:24Z" user="mini-me" uid="3846961" lat="60.0836574" lon="30.3499556"/>
 <node id="7061502494" visible="true" version="2" changeset="143619638" timestamp="2023-11-04T15:43:24Z" user="mini-me" uid="3846961" lat="60.0821965" lon="30.3464729"/>
 <node id="7061502495" visible="true" version="1" changeset="78490436" timestamp="2019-12-16T20:10:26Z" user="FarmFreshMaps" uid="9461062" lat="60.0828755" lon="30.3452414"/>
 <node id="7061502496" visible="true" version="1" changeset="78490436" timestamp="2019-12-16T20:10:26Z" user="FarmFreshMaps" uid="9461062" lat="60.0829517" lon="30.3451261"/>
 <node id="7061502497" visible="true" version="2" changeset="143619638" timestamp="2023-11-04T15:43:24Z" user="mini-me" uid="3846961" lat="60.0830237" lon="30.3450550"/>
 <node id="7061502498" visible="true" version="3" changeset="143619638" timestamp="2023-11-04T15:43:24Z" user="mini-me" uid="3846961" lat="60.0831503" lon="30.3449894"/>
 <node id="7260593077" visible="true" version="3" changeset="143619638" timestamp="2023-11-04T15:43:24Z" user="mini-me" uid="3846961" lat="60.0833809" lon="30.3468539">
  <tag k="traffic_calming" v="bump"/>
 </node>
 <node id="7260593078" visible="true" version="7" changeset="151780889" timestamp="2024-05-24T17:13:12Z" user="Zavgor1990" uid="11591067" lat="60.0833975" lon="30.3469902">
  <tag k="crossing" v="uncontrolled"/>
  <tag k="highway" v="crossing"/>
  <tag k="tactile_paving" v="yes"/>
 </node>
 <node id="7260593079" visible="true" version="3" changeset="143619638" timestamp="2023-11-04T15:43:24Z" user="mini-me" uid="3846961" lat="60.0837803" lon="30.3471687">
  <tag k="traffic_calming" v="bump"/>
 </node>
 <node id="7260593080" visible="true" version="6" changeset="143619638" timestamp="2023-11-04T15:43:24Z" user="mini-me" uid="3846961" lat="60.0837373" lon="30.3468218">
  <tag k="crossing" v="uncontrolled"/>
  <tag k="highway" v="crossing"/>
 </node>
 <node id="7881758851" visible="true" version="1" changeset="90489842" timestamp="2020-09-06T18:29:37Z" user="sleemp" uid="8660675" lat="60.0825197" lon="30.3447747"/>
 <node id="7881765941" visible="true" version="1" changeset="90490478" timestamp="2020-09-06T18:57:43Z" user="sleemp" uid="8660675" lat="60.0827538" lon="30.3443666"/>
 <node id="7881771099" visible="true" version="2" changeset="91931436" timestamp="2020-10-04T12:41:59Z" user="sleemp" uid="8660675" lat="60.0826574" lon="30.3445308">
  <tag k="access" v="private"/>
  <tag k="addr:flats" v="801-950"/>
  <tag k="door" v="hinged"/>
  <tag k="entrance" v="staircase"/>
  <tag k="ref" v="6"/>
 </node>
 <node id="7881771100" visible="true" version="2" changeset="91931436" timestamp="2020-10-04T12:41:59Z" user="sleemp" uid="8660675" lat="60.0825328" lon="30.3447515">
  <tag k="access" v="private"/>
  <tag k="addr:flats" v="626-800"/>
  <tag k="door" v="hinged"/>
  <tag k="entrance" v="staircase"/>
  <tag k="ref" v="5"/>
 </node>
 <node id="7944418374" visible="true" version="2" changeset="119872405" timestamp="2022-04-18T18:10:11Z" user="mini-me" uid="3846961" lat="60.0827717" lon="30.3546115"/>
 <node id="7964713203" visible="true" version="6" changeset="147376033" timestamp="2024-02-12T16:58:38Z" user="anastasia_" uid="12947812" lat="60.0840933" lon="30.3435478"/>
 <node id="7964713204" visible="true" version="3" changeset="93469475" timestamp="2020-11-03T09:17:00Z" user="sleemp" uid="8660675" lat="60.0836349" lon="30.3437728"/>
 <node id="7964713205" visible="true" version="6" changeset="147376033" timestamp="2024-02-12T16:58:38Z" user="anastasia_" uid="12947812" lat="60.0841495" lon="30.3440326"/>
 <node id="7964713206" visible="true" version="6" changeset="147376033" timestamp="2024-02-12T16:58:38Z" user="anastasia_" uid="12947812" lat="60.0839749" lon="30.3436029"/>
 <node id="7964713207" visible="true" version="4" changeset="147376033" timestamp="2024-02-12T16:58:38Z" user="anastasia_" uid="12947812" lat="60.0844419" lon="30.3446807"/>
 <node id="7964713208" visible="true" version="4" changeset="147376033" timestamp="2024-02-12T16:58:38Z" user="anastasia_" uid="12947812" lat="60.0844824" lon="30.3449956"/>
 <node id="7964713209" visible="true" version="3" changeset="93469475" timestamp="2020-11-03T09:17:00Z" user="sleemp" uid="8660675" lat="60.0834750" lon="30.3435710"/>
 <node id="7964713210" visible="true" version="4" changeset="147376033" timestamp="2024-02-12T16:58:38Z" user="anastasia_" uid="12947812" lat="60.0847569" lon="30.3448539"/>
 <node id="7964713211" visible="true" version="6" changeset="147376033" timestamp="2024-02-12T16:58:38Z" user="anastasia_" uid="12947812" lat="60.0840311" lon="30.3440877"/>
 <node id="7964713212" visible="true" version="3" changeset="93469475" timestamp="2020-11-03T09:17:00Z" user="sleemp" uid="8660675" lat="60.0835913" lon="30.3445765"/>
 <node id="7964713213" visible="true" version="4" changeset="147376033" timestamp="2024-02-12T16:58:38Z" user="anastasia_" uid="12947812" lat="60.0837233" lon="30.3453711"/>
 <node id="7964713214" visible="true" version="4" changeset="147376033" timestamp="2024-02-12T16:58:38Z" user="anastasia_" uid="12947812" lat="60.0842835" lon="30.3450817"/>
 <node id="7964713215" visible="true" version="4" changeset="147376033" timestamp="2024-02-12T16:58:38Z" user="anastasia_" uid="12947812" lat="60.0842452" lon="30.3447835"/>
 <node id="7964713216" visible="true" version="4" changeset="147376033" timestamp="2024-02-12T16:58:38Z" user="anastasia_" uid="12947812" lat="60.0836850" lon="30.3450729"/>
 <node id="7964713217" visible="true" version="4" changeset="147376033" timestamp="2024-02-12T16:58:38Z" user="anastasia_" uid="12947812" lat="60.0847165" lon="30.3445389"/>
 <node id="7964713218" visible="true" version="3" changeset="93469475" timestamp="2020-11-03T09:17:00Z" user="sleemp" uid="8660675" lat="60.0836908" lon="30.3442554"/>
 <node id="7964743730" visible="true" version="5" changeset="143621742" timestamp="2023-11-04T16:36:56Z" user="mini-me" uid="3846961" lat="60.0844137" lon="30.3452492"/>
 <node id="7964743744" visible="true" version="3" changeset="117565697" timestamp="2022-02-18T13:37:54Z" user="anastasia_" uid="12947812" lat="60.0843751" lon="30.3457899"/>
 <node id="7964743749" visible="true" version="3" changeset="117565697" timestamp="2022-02-18T13:37:54Z" user="anastasia_" uid="12947812" lat="60.0839946" lon="30.3464806"/>
 <node id="7964743751" visible="true" version="3" changeset="188738270" timestamp="2026-09-08T18:41:07Z" user="TrickyFoxy" uid="11528195" lat="60.0840407" lon="30.3480261"/>
 <node id="7964743752" visible="true" version="3" changeset="117565697" timestamp="2022-02-18T13:37:54Z" user="anastasia_" uid="12947812" lat="60.0842452" lon="30.3458570"/>
 <node id="7964743753" visible="true" version="3" changeset="117565697" timestamp="2022-02-18T13:37:54Z" user="anastasia_" uid="12947812" lat="60.0837704" lon="30.3458031"/>
 <node id="7964743761" visible="true" version="3" changeset="188738270" timestamp="2026-09-08T18:41:07Z" user="TrickyFoxy" uid="11528195" lat="60.0841444" lon="30.3477059"/>
 <node id="7964743762" visible="true" version="3" changeset="188738270" timestamp="2026-09-08T18:41:07Z" user="TrickyFoxy" uid="11528195" lat="60.0840813" lon="30.3472148"/>
 <node id="7964743771" visible="true" version="3" changeset="117565697" timestamp="2022-02-18T13:37:54Z" user="anastasia_" uid="12947812" lat="60.0839350" lon="30.3460170"/>
 <node id="7964743772" visible="true" version="3" changeset="117565697" timestamp="2022-02-18T13:37:54Z" user="anastasia_" uid="12947812" lat="60.0845170" lon="30.3469517"/>
 <node id="7964743774" visible="true" version="3" changeset="117565697" timestamp="2022-02-18T13:37:54Z" user="anastasia_" uid="12947812" lat="60.0838983" lon="30.3467980"/>
 <node id="7964743778" visible="true" version="3" changeset="117565697" timestamp="2022-02-18T13:37:54Z" user="anastasia_" uid="12947812" lat="60.0845807" lon="30.3474474"/>
 <node id="7964743779" visible="true" version="3" changeset="117565697" timestamp="2022-02-18T13:37:54Z" user="anastasia_" uid="12947812" lat="60.0844388" lon="30.3462860"/>
 <node id="7964743781" visible="true" version="3" changeset="117565697" timestamp="2022-02-18T13:37:54Z" user="anastasia_" uid="12947812" lat="60.0844533" lon="30.3475132"/>
 <node id="7964743782" visible="true" version="3" changeset="117565697" timestamp="2022-02-18T13:37:54Z" user="anastasia_" uid="12947812" lat="60.0843896" lon="30.3470175"/>
 <node id="7964743784" visible="true" version="3" changeset="188738270" timestamp="2026-09-08T18:41:07Z" user="TrickyFoxy" uid="11528195" lat="60.0839123" lon="30.3470284"/>
 <node id="7964745585" visible="true" version="3" changeset="117565697" timestamp="2022-02-18T13:37:54Z" user="anastasia_" uid="12947812" lat="60.0843089" lon="30.3463531"/>
 <node id="8064630888" visible="true" version="3" changeset="143619638" timestamp="2023-11-04T15:43:24Z" user="mini-me" uid="3846961" lat="60.0830617" lon="30.3441898"/>
 <node id="8064630891" visible="true" version="2" changeset="143619638" timestamp="2023-11-04T15:43:24Z" user="mini-me" uid="3846961" lat="60.0820703" lon="30.3421221"/>
 <node id="8064667389" visible="true" version="4" changeset="143619638" timestamp="2023-11-04T15:43:24Z" user="mini-me" uid="3846961" lat="60.0828651" lon="30.3418487"/>
 <node id="8068052362" visible="true" version="2" changeset="143619638" timestamp="2023-11-04T15:43:24Z" user="mini-me" uid="3846961" lat="60.0830535" lon="30.3447683"/>
 <node id="8068064608" visible="true" version="2" changeset="143619638" timestamp="2023-11-04T15:43:24Z" user="mini-me" uid="3846961" lat="60.0828008" lon="30.3436629"/>
 <node id="8068064610" visible="true" version="2" changeset="143619638" timestamp="2023-11-04T15:43:24Z" user="mini-me" uid="3846961" lat="60.0822273" lon="30.3424598"/>
 <node id="8068064611" visible="true" version="2" changeset="143619638" timestamp="2023-11-04T15:43:24Z" user="mini-me" uid="3846961" lat="60.0840063" lon="30.3492917"/>
 <node id="8068064634" visible="true" version="3" changeset="143619638" timestamp="2023-11-04T15:43:24Z" user="mini-me" uid="3846961" lat="60.0833006" lon="30.3432767"/>
 <node id="8068064655" visible="true" version="2" changeset="143619638" timestamp="2023-11-04T15:43:24Z" user="mini-me" uid="3846961" lat="60.0828886" lon="30.3420421"/>
 <node id="8077249137" visible="true" version="4" changeset="188424007" timestamp="2026-09-02T14:56:18Z" user="TrickyFoxy" uid="11528195" lat="60.0847339" lon="30.3477814"/>
 <node id="8077249138" visible="true" version="4" changeset="143621742" timestamp="2023-11-04T16:36:56Z" user="mini-me" uid="3846961" lat="60.0853710" lon="30.3472321"/>
 <node id="8077249139" visible="true" version="3" changeset="143621742" timestamp="2023-11-04T16:36:56Z" user="mini-me" uid="3846961" lat="60.0852539" lon="30.3462768"/>
 <node id="8077249141" visible="true" version="5" changeset="143621742" timestamp="2023-11-04T16:36:56Z" user="mini-me" uid="3846961" lat="60.0836828" lon="30.3455353"/>
 <node id="8077249142" visible="true" version="6" changeset="170890887" timestamp="2025-08-23T16:50:03Z" user="Алекс Мок" uid="4814295" lat="60.0839633" lon="30.3420154"/>
 <node id="8077249144" visible="true" version="4" changeset="143621742" timestamp="2023-11-04T16:36:56Z" user="mini-me" uid="3846961" lat="60.0843157" lon="30.3445135"/>
 <node id="8077249146" visible="true" version="3" changeset="147377155" timestamp="2024-02-12T17:23:33Z" user="anastasia_" uid="12947812" lat="60.0834017" lon="30.3422845"/>
 <node id="8077249147" visible="true" version="5" changeset="147377155" timestamp="2024-02-12T17:23:33Z" user="anastasia_" uid="12947812" lat="60.0840038" lon="30.3417779"/>
 <node id="8077249149" visible="true" version="5" changeset="170890887" timestamp="2025-08-23T16:50:03Z" user="Алекс Мок" uid="4814295" lat="60.0849595" lon="30.3413548"/>
 <node id="8077249150" visible="true" version="4" changeset="143621742" timestamp="2023-11-04T16:36:56Z" user="mini-me" uid="3846961" lat="60.0856239" lon="30.3446680"/>
 <node id="8077249152" visible="true" version="4" changeset="143621742" timestamp="2023-11-04T16:36:56Z" user="mini-me" uid="3846961" lat="60.0854234" lon="30.3439282"/>
 <node id="8077249154" visible="true" version="4" changeset="143621742" timestamp="2023-11-04T16:36:56Z" user="mini-me" uid="3846961" lat="60.0851526" lon="30.3417641"/>
 <node id="8077257428" visible="true" version="2" changeset="188738270" timestamp="2026-09-08T18:41:07Z" user="TrickyFoxy" uid="11528195" lat="60.0840086" lon="30.3477762"/>
 <node id="8077257429" visible="true" version="2" changeset="188738270" timestamp="2026-09-08T18:41:07Z" user="TrickyFoxy" uid="11528195" lat="60.0839454" lon="30.3472850"/>
 <node id="8077257430" visible="true" version="2" changeset="117565697" timestamp="2022-02-18T13:37:54Z" user="anastasia_" uid="12947812" lat="60.0838660" lon="30.3465470"/>
 <node id="8077257431" visible="true" version="2" changeset="117565697" timestamp="2022-02-18T13:37:54Z" user="anastasia_" uid="12947812" lat="60.0838065" lon="30.3460834"/>
 <node id="8077257432" visible="true" version="1" changeset="93469475" timestamp="2020-11-03T09:17:00Z" user="sleemp" uid="8660675" lat="60.0835611" lon="30.3443157"/>
 <node id="8077257433" visible="true" version="1" changeset="93469475" timestamp="2020-11-03T09:17:00Z" user="sleemp" uid="8660675" lat="60.0835053" lon="30.3438331"/>
 <node id="8077257472" visible="true" version="3" changeset="147376033" timestamp="2024-02-12T16:58:38Z" user="anastasia_" uid="12947812" lat="60.0855202" lon="30.3427141"/>
 <node id="8077257473" visible="true" version="3" changeset="147376033" timestamp="2024-02-12T16:58:38Z" user="anastasia_" uid="12947812" lat="60.0854860" lon="30.3424656"/>
 <node id="8077257474" visible="true" version="3" changeset="147376033" timestamp="2024-02-12T16:58:38Z" user="anastasia_" uid="12947812" lat="60.0855849" lon="30.3432337"/>
 <node id="8077257475" visible="true" version="3" changeset="147376033" timestamp="2024-02-12T16:58:38Z" user="anastasia_" uid="12947812" lat="60.0855519" lon="30.3429946"/>
 <node id="8077257476" visible="true" version="3" changeset="147376033" timestamp="2024-02-12T16:58:38Z" user="anastasia_" uid="12947812" lat="60.0855742" lon="30.3432396"/>
 <node id="8077257477" visible="true" version="3" changeset="147376033" timestamp="2024-02-12T16:58:38Z" user="anastasia_" uid="12947812" lat="60.0855412" lon="30.3430005"/>
 <node id="8077257478" visible="true" version="3" changeset="147376033" timestamp="2024-02-12T16:58:38Z" user="anastasia_" uid="12947812" lat="60.0855030" lon="30.3427236"/>
 <node id="8077257479" visible="true" version="3" changeset="147376033" timestamp="2024-02-12T16:58:38Z" user="anastasia_" uid="12947812" lat="60.0854687" lon="30.3424752"/>
 <node id="8077257480" visible="true" version="3" changeset="147376033" timestamp="2024-02-12T16:58:38Z" user="anastasia_" uid="12947812" lat="60.0855794" lon="30.3432771"/>
 <node id="8077257481" visible="true" version="3" changeset="147376033" timestamp="2024-02-12T16:58:38Z" user="anastasia_" uid="12947812" lat="60.0854626" lon="30.3424307"/>
 <node id="8077257482" visible="true" version="3" changeset="147376033" timestamp="2024-02-12T16:58:38Z" user="anastasia_" uid="12947812" lat="60.0855687" lon="30.3432831"/>
 <node id="8077257483" visible="true" version="3" changeset="147376033" timestamp="2024-02-12T16:58:38Z" user="anastasia_" uid="12947812" lat="60.0854519" lon="30.3424366"/>
 <node id="8077257484" visible="true" version="3" changeset="147376033" timestamp="2024-02-12T16:58:38Z" user="anastasia_" uid="12947812" lat="60.0855748" lon="30.3433275"/>
 <node id="8077257485" visible="true" version="3" changeset="147376033" timestamp="2024-02-12T16:58:38Z" user="anastasia_" uid="12947812" lat="60.0854449" lon="30.3423855"/>
 <node id="8077257486" visible="true" version="3" changeset="147376033" timestamp="2024-02-12T16:58:38Z" user="anastasia_" uid="12947812" lat="60.0854293" lon="30.3423941"/>
 <node id="8077257487" visible="true" version="3" changeset="147376033" timestamp="2024-02-12T16:58:38Z" user="anastasia_" uid="12947812" lat="60.0855592" lon="30.3433362"/>
 <node id="8077257488" visible="true" version="3" changeset="147376033" timestamp="2024-02-12T16:58:38Z" user="anastasia_" uid="12947812" lat="60.0853702" lon="30.3428394"/>
 <node id="8077257489" visible="true" version="3" changeset="147376033" timestamp="2024-02-12T16:58:38Z" user="anastasia_" uid="12947812" lat="60.0853935" lon="30.3430499"/>
 <node id="8077257490" visible="true" version="3" changeset="147376033" timestamp="2024-02-12T16:58:38Z" user="anastasia_" uid="12947812" lat="60.0854348" lon="30.3433491"/>
 <node id="8077257491" visible="true" version="3" changeset="147376033" timestamp="2024-02-12T16:58:38Z" user="anastasia_" uid="12947812" lat="60.0854537" lon="30.3433386"/>
 <node id="8077257492" visible="true" version="3" changeset="147376033" timestamp="2024-02-12T16:58:38Z" user="anastasia_" uid="12947812" lat="60.0854125" lon="30.3430394"/>
 <node id="8077257493" visible="true" version="3" changeset="147376033" timestamp="2024-02-12T16:58:38Z" user="anastasia_" uid="12947812" lat="60.0853838" lon="30.3428318"/>
 <node id="8077257494" visible="true" version="3" changeset="147376033" timestamp="2024-02-12T16:58:38Z" user="anastasia_" uid="12947812" lat="60.0853297" lon="30.3425464"/>
 <node id="8077257495" visible="true" version="3" changeset="147376033" timestamp="2024-02-12T16:58:38Z" user="anastasia_" uid="12947812" lat="60.0853574" lon="30.3425311"/>
 <node id="8077257496" visible="true" version="3" changeset="147376033" timestamp="2024-02-12T16:58:38Z" user="anastasia_" uid="12947812" lat="60.0853425" lon="30.3424236"/>
 <node id="8077257497" visible="true" version="3" changeset="147376033" timestamp="2024-02-12T16:58:38Z" user="anastasia_" uid="12947812" lat="60.0854683" lon="30.3434440"/>
 <node id="8077257498" visible="true" version="3" changeset="147376033" timestamp="2024-02-12T16:58:38Z" user="anastasia_" uid="12947812" lat="60.0853653" lon="30.3424110"/>
 <node id="8077257499" visible="true" version="3" changeset="147376033" timestamp="2024-02-12T16:58:38Z" user="anastasia_" uid="12947812" lat="60.0855658" lon="30.3433839"/>
 <node id="8077257500" visible="true" version="3" changeset="147376033" timestamp="2024-02-12T16:58:38Z" user="anastasia_" uid="12947812" lat="60.0855050" lon="30.3434236"/>
 <node id="8077257501" visible="true" version="3" changeset="147376033" timestamp="2024-02-12T16:58:38Z" user="anastasia_" uid="12947812" lat="60.0855373" lon="30.3433997"/>
 <node id="8077257502" visible="true" version="3" changeset="147376033" timestamp="2024-02-12T16:58:38Z" user="anastasia_" uid="12947812" lat="60.0854236" lon="30.3423530"/>
 <node id="8077257503" visible="true" version="3" changeset="147376033" timestamp="2024-02-12T16:58:38Z" user="anastasia_" uid="12947812" lat="60.0855412" lon="30.3434279"/>
 <node id="8077257504" visible="true" version="3" changeset="147376033" timestamp="2024-02-12T16:58:38Z" user="anastasia_" uid="12947812" lat="60.0855081" lon="30.3434463"/>
 <node id="8077257505" visible="true" version="3" changeset="147376033" timestamp="2024-02-12T16:58:38Z" user="anastasia_" uid="12947812" lat="60.0853620" lon="30.3423872"/>
 <node id="8077257506" visible="true" version="2" changeset="188738270" timestamp="2026-09-08T18:41:07Z" user="TrickyFoxy" uid="11528195" lat="60.0839920" lon="30.3469871"/>
 <node id="8077257507" visible="true" version="2" changeset="188738270" timestamp="2026-09-08T18:41:07Z" user="TrickyFoxy" uid="11528195" lat="60.0841146" lon="30.3479878"/>
 <node id="8077257508" visible="true" version="2" changeset="188738270" timestamp="2026-09-08T18:41:07Z" user="TrickyFoxy" uid="11528195" lat="60.0840250" lon="30.3472438"/>
 <node id="8077257509" visible="true" version="2" changeset="188738270" timestamp="2026-09-08T18:41:07Z" user="TrickyFoxy" uid="11528195" lat="60.0840825" lon="30.3477380"/>
 <node id="8077257510" visible="true" version="2" changeset="117565697" timestamp="2022-02-18T13:37:54Z" user="anastasia_" uid="12947812" lat="60.0838496" lon="30.3457622"/>
 <node id="8077257511" visible="true" version="2" changeset="117565697" timestamp="2022-02-18T13:37:54Z" user="anastasia_" uid="12947812" lat="60.0839686" lon="30.3467617"/>
 <node id="8077257512" visible="true" version="2" changeset="117565697" timestamp="2022-02-18T13:37:54Z" user="anastasia_" uid="12947812" lat="60.0838856" lon="30.3460425"/>
 <node id="8077257513" visible="true" version="2" changeset="117565697" timestamp="2022-02-18T13:37:54Z" user="anastasia_" uid="12947812" lat="60.0839363" lon="30.3465107"/>
 <node id="8077257514" visible="true" version="1" changeset="93469475" timestamp="2020-11-03T09:17:00Z" user="sleemp" uid="8660675" lat="60.0835589" lon="30.3435320"/>
 <node id="8077257515" visible="true" version="1" changeset="93469475" timestamp="2020-11-03T09:17:00Z" user="sleemp" uid="8660675" lat="60.0836775" lon="30.3445364"/>
 <node id="8077257516" visible="true" version="1" changeset="93469475" timestamp="2020-11-03T09:17:00Z" user="sleemp" uid="8660675" lat="60.0835893" lon="30.3437940"/>
 <node id="8077257517" visible="true" version="1" changeset="93469475" timestamp="2020-11-03T09:17:00Z" user="sleemp" uid="8660675" lat="60.0836473" lon="30.3442756"/>
 <node id="8077257518" visible="true" version="4" changeset="147376033" timestamp="2024-02-12T16:58:38Z" user="anastasia_" uid="12947812" lat="60.0849533" lon="30.3444416"/>
 <node id="8077257519" visible="true" version="4" changeset="147376033" timestamp="2024-02-12T16:58:38Z" user="anastasia_" uid="12947812" lat="60.0855350" lon="30.3441608"/>
 <node id="8077257520" visible="true" version="4" changeset="147376033" timestamp="2024-02-12T16:58:38Z" user="anastasia_" uid="12947812" lat="60.0855681" lon="30.3444361"/>
 <node id="8077257521" visible="true" version="4" changeset="147376033" timestamp="2024-02-12T16:58:38Z" user="anastasia_" uid="12947812" lat="60.0849864" lon="30.3447169"/>
 <node id="8226991519" visible="true" version="2" changeset="143619638" timestamp="2023-11-04T15:43:24Z" user="mini-me" uid="3846961" lat="60.0826053" lon="30.3457292"/>
 <node id="8323272392" visible="true" version="11" changeset="169022974" timestamp="2025-07-16T16:32:34Z" user="Bobropiton" uid="2055718" lat="60.0829989" lon="30.3426236">
  <tag k="bus" v="yes"/>
  <tag k="name" v="Заречная улица"/>
  <tag k="public_transport" v="stop_position"/>
  <tag k="trolleybus" v="yes"/>
 </node>
 <node id="8323272393" visible="true" version="12" changeset="171409094" timestamp="2025-09-03T13:47:39Z" user="Bobropiton" uid="2055718" lat="60.0835084" lon="30.3460914">
  <tag k="bus" v="yes"/>
  <tag k="name" v="Заречная улица, 42"/>
  <tag k="public_transport" v="stop_position"/>
  <tag k="trolleybus" v="yes"/>
 </node>
 <node id="8323272394" visible="true" version="20" changeset="171409094" timestamp="2025-09-03T13:47:39Z" user="Bobropiton" uid="2055718" lat="60.0835898" lon="30.3460521">
  <tag k="bench" v="yes"/>
  <tag k="bin" v="yes"/>
  <tag k="bus" v="yes"/>
  <tag k="highway" v="bus_stop"/>
  <tag k="lit" v="yes"/>
  <tag k="name" v="Заречная улица, 42"/>
  <tag k="public_transport" v="platform"/>
  <tag k="shelter" v="yes"/>
  <tag k="tactile_paving" v="yes"/>
  <tag k="trolleybus" v="yes"/>
 </node>
 <node id="8323272395" visible="true" version="20" changeset="171409094" timestamp="2025-09-03T13:47:39Z" user="Bobropiton" uid="2055718" lat="60.0835424" lon="30.3476547">
  <tag k="bench" v="yes"/>
  <tag k="bin" v="yes"/>
  <tag k="bus" v="yes"/>
  <tag k="highway" v="bus_stop"/>
  <tag k="lit" v="yes"/>
  <tag k="name" v="Заречная улица, 42"/>
  <tag k="public_transport" v="platform"/>
  <tag k="shelter" v="yes"/>
  <tag k="tactile_paving" v="yes"/>
  <tag k="trolleybus" v="yes"/>
 </node>
 <node id="8755408217" visible="true" version="2" changeset="105563205" timestamp="2021-05-30T11:08:08Z" user="sleemp" uid="8660675" lat="60.0843617" lon="30.3474100">
  <tag k="access" v="private"/>
  <tag k="leisure" v="playground"/>
 </node>
 <node id="8755421917" visible="true" version="2" changeset="151780901" timestamp="2024-05-24T17:13:32Z" user="Zavgor1990" uid="11591067" lat="60.0841367" lon="30.3462005">
  <tag k="access" v="customers"/>
  <tag k="leisure" v="playground"/>
 </node>
 <node id="8769657694" visible="true" version="2" changeset="143619638" timestamp="2023-11-04T15:43:24Z" user="mini-me" uid="3846961" lat="60.0821285" lon="30.3422501"/>
 <node id="8780791883" visible="true" version="3" changeset="105562988" timestamp="2021-05-30T11:01:12Z" user="sleemp" uid="8660675" lat="60.0838554" lon="30.3465048">
  <tag k="amenity" v="bicycle_parking"/>
  <tag k="bicycle_parking" v="wall_loops"/>
  <tag k="capacity" v="3"/>
  <tag k="covered" v="no"/>
 </node>
 <node id="8780798777" visible="true" version="3" changeset="105562988" timestamp="2021-05-30T11:01:04Z" user="sleemp" uid="8660675" lat="60.0838826" lon="30.3467265">
  <tag k="amenity" v="bicycle_parking"/>
  <tag k="bicycle_parking" v="wall_loops"/>
  <tag k="capacity" v="6"/>
  <tag k="covered" v="no"/>
 </node>
 <node id="8780802493" visible="true" version="5" changeset="188738270" timestamp="2026-09-08T18:41:07Z" user="TrickyFoxy" uid="11528195" lat="60.0839430" lon="30.3473088">
  <tag k="amenity" v="bicycle_parking"/>
  <tag k="bicycle_parking" v="wall_loops"/>
  <tag k="capacity" v="3"/>
  <tag k="covered" v="no"/>
 </node>
 <node id="8780810971" visible="true" version="2" changeset="188738270" timestamp="2026-09-08T18:41:07Z" user="TrickyFoxy" uid="11528195" lat="60.0839318" lon="30.3472287">
  <tag k="amenity" v="waste_basket"/>
 </node>
 <node id="8780813340" visible="true" version="4" changeset="188735310" timestamp="2026-09-08T17:27:47Z" user="TrickyFoxy" uid="11528195" lat="60.0838600" lon="30.3465606">
  <tag k="amenity" v="bench"/>
  <tag k="armrest" v="no"/>
  <tag k="backrest" v="yes"/>
  <tag k="material" v="wood"/>
 </node>
 <node id="8780814219" visible="true" version="3" changeset="188738270" timestamp="2026-09-08T18:41:07Z" user="TrickyFoxy" uid="11528195" lat="60.0839908" lon="30.3476725">
  <tag k="amenity" v="bench"/>
  <tag k="backrest" v="yes"/>
 </node>
 <node id="8780815851" visible="true" version="3" changeset="188738270" timestamp="2026-09-08T18:41:07Z" user="TrickyFoxy" uid="11528195" lat="60.0839322" lon="30.3472625">
  <tag k="amenity" v="bench"/>
  <tag k="backrest" v="yes"/>
 </node>
 <node id="8780817423" visible="true" version="2" changeset="188738270" timestamp="2026-09-08T18:41:07Z" user="TrickyFoxy" uid="11528195" lat="60.0839661" lon="30.3475139">
  <tag k="amenity" v="waste_basket"/>
 </node>
 <node id="8780830068" visible="true" version="4" changeset="188738270" timestamp="2026-09-08T18:41:07Z" user="TrickyFoxy" uid="11528195" lat="60.0839593" lon="30.3474329">
  <tag k="amenity" v="bicycle_parking"/>
  <tag k="bicycle_parking" v="wall_loops"/>
  <tag k="capacity" v="3"/>
  <tag k="covered" v="no"/>
 </node>
 <node id="8780839042" visible="true" version="4" changeset="151311126" timestamp="2024-05-14T12:24:43Z" user="Zavgor1990" uid="11591067" lat="60.0837883" lon="30.3454091">
  <tag k="amenity" v="waste_basket"/>
 </node>
 <node id="8780851152" visible="true" version="5" changeset="188735310" timestamp="2026-09-08T17:27:47Z" user="TrickyFoxy" uid="11528195" lat="60.0837895" lon="30.3454445">
  <tag k="amenity" v="bench"/>
  <tag k="armrest" v="no"/>
  <tag k="backrest" v="yes"/>
  <tag k="material" v="wood"/>
 </node>
 <node id="8780968105" visible="true" version="2" changeset="143619638" timestamp="2023-11-04T15:43:24Z" user="mini-me" uid="3846961" lat="60.0834440" lon="30.3467318"/>
 <node id="8780968106" visible="true" version="2" changeset="143619638" timestamp="2023-11-04T15:43:24Z" user="mini-me" uid="3846961" lat="60.0833976" lon="30.3467547"/>
 <node id="8780968107" visible="true" version="2" changeset="143619638" timestamp="2023-11-04T15:43:24Z" user="mini-me" uid="3846961" lat="60.0831017" lon="30.3443452"/>
 <node id="8780968108" visible="true" version="2" changeset="143619638" timestamp="2023-11-04T15:43:24Z" user="mini-me" uid="3846961" lat="60.0831480" lon="30.3443223"/>
 <node id="8780968109" visible="true" version="2" changeset="143619638" timestamp="2023-11-04T15:43:24Z" user="mini-me" uid="3846961" lat="60.0833474" lon="30.3470151"/>
 <node id="8780968110" visible="true" version="2" changeset="143619638" timestamp="2023-11-04T15:43:24Z" user="mini-me" uid="3846961" lat="60.0836148" lon="30.3499500"/>
 <node id="8780968111" visible="true" version="2" changeset="143619638" timestamp="2023-11-04T15:43:24Z" user="mini-me" uid="3846961" lat="60.0836223" lon="30.3496530"/>
 <node id="8780968112" visible="true" version="2" changeset="143619638" timestamp="2023-11-04T15:43:24Z" user="mini-me" uid="3846961" lat="60.0836153" lon="30.3493305"/>
 <node id="8780968113" visible="true" version="2" changeset="143619638" timestamp="2023-11-04T15:43:24Z" user="mini-me" uid="3846961" lat="60.0835808" lon="30.3488799"/>
 <node id="8780968115" visible="true" version="2" changeset="143619638" timestamp="2023-11-04T15:43:24Z" user="mini-me" uid="3846961" lat="60.0831060" lon="30.3450108"/>
 <node id="8780968116" visible="true" version="3" changeset="143621742" timestamp="2023-11-04T16:36:56Z" user="mini-me" uid="3846961" lat="60.0838380" lon="30.3467715"/>
 <node id="8780989630" visible="true" version="2" changeset="143621742" timestamp="2023-11-04T16:36:56Z" user="mini-me" uid="3846961" lat="60.0834287" lon="30.3435470"/>
 <node id="8780989631" visible="true" version="2" changeset="143621742" timestamp="2023-11-04T16:36:56Z" user="mini-me" uid="3846961" lat="60.0838578" lon="30.3469264"/>
 <node id="8780989632" visible="true" version="4" changeset="171783452" timestamp="2025-09-11T12:52:10Z" user="ZinaidaZ" uid="9465790" lat="60.0839785" lon="30.3479123"/>
 <node id="8780989637" visible="true" version="3" changeset="143621742" timestamp="2023-11-04T16:36:56Z" user="mini-me" uid="3846961" lat="60.0845833" lon="30.3465646"/>
 <node id="8780989638" visible="true" version="2" changeset="143619638" timestamp="2023-11-04T15:43:24Z" user="mini-me" uid="3846961" lat="60.0837569" lon="30.3469799"/>
 <node id="9070006899" visible="true" version="2" changeset="143619638" timestamp="2023-11-04T15:43:24Z" user="mini-me" uid="3846961" lat="60.0827323" lon="30.3419609"/>
 <node id="9070006900" visible="true" version="4" changeset="188424007" timestamp="2026-09-02T14:56:18Z" user="TrickyFoxy" uid="11528195" lat="60.0853176" lon="30.3435720"/>
 <node id="9070006901" visible="true" version="4" changeset="188738270" timestamp="2026-09-08T18:41:07Z" user="TrickyFoxy" uid="11528195" lat="60.0851033" lon="30.3416881"/>
 <node id="9070006905" visible="true" version="3" changeset="143621742" timestamp="2023-11-04T16:36:56Z" user="mini-me" uid="3846961" lat="60.0835066" lon="30.3449161"/>
 <node id="9070006906" visible="true" version="2" changeset="143621742" timestamp="2023-11-04T16:36:56Z" user="mini-me" uid="3846961" lat="60.0835701" lon="30.3448869"/>
 <node id="9070006907" visible="true" version="4" changeset="143621742" timestamp="2023-11-04T16:36:56Z" user="mini-me" uid="3846961" lat="60.0848642" lon="30.3442353"/>
 <node id="9070006909" visible="true" version="6" changeset="188739602" timestamp="2026-09-08T19:12:46Z" user="TrickyFoxy" uid="11528195" lat="60.0849577" lon="30.3449880"/>
 <node id="9070006910" visible="true" version="3" changeset="183791534" timestamp="2026-06-07T17:15:15Z" user="masmirnov" uid="16256027" lat="60.0840082" lon="30.3442817">
  <tag k="access" v="private"/>
  <tag k="barrier" v="gate"/>
 </node>
 <node id="9070006911" visible="true" version="2" changeset="117565697" timestamp="2022-02-18T13:37:54Z" user="anastasia_" uid="12947812" lat="60.0840405" lon="30.3431275"/>
 <node id="9070006913" visible="true" version="2" changeset="147376033" timestamp="2024-02-12T16:58:38Z" user="anastasia_" uid="12947812" lat="60.0836664" lon="30.3444409"/>
 <node id="9070006914" visible="true" version="2" changeset="147376033" timestamp="2024-02-12T16:58:38Z" user="anastasia_" uid="12947812" lat="60.0841696" lon="30.3442066"/>
 <node id="9070006915" visible="true" version="3" changeset="183791534" timestamp="2026-06-07T17:15:15Z" user="masmirnov" uid="16256027" lat="60.0837677" lon="30.3443937">
  <tag k="access" v="private"/>
  <tag k="barrier" v="gate"/>
 </node>
 <node id="9070006916" visible="true" version="1" changeset="110849201" timestamp="2021-09-07T10:03:49Z" user="Local Dog" uid="14064954" lat="60.0838319" lon="30.3438458">
  <tag k="access" v="private"/>
  <tag k="leisure" v="playground"/>
  <tag k="surface" v="rubber"/>
 </node>
 <node id="9070048818" visible="true" version="2" changeset="147376033" timestamp="2024-02-12T16:58:38Z" user="anastasia_" uid="12947812" lat="60.0850722" lon="30.3439331">
  <tag k="access" v="yes"/>
  <tag k="leisure" v="playground"/>
  <tag k="surface" v="sand"/>
 </node>
 <node id="9070048819" visible="true" version="3" changeset="167258229" timestamp="2025-06-06T09:51:11Z" user="Константин Гам" uid="392109" lat="60.0831525" lon="30.3417235"/>
 <node id="9070048821" visible="true" version="3" changeset="143621742" timestamp="2023-11-04T16:36:56Z" user="mini-me" uid="3846961" lat="60.0840059" lon="30.3485026"/>
 <node id="9070048822" visible="true" version="2" changeset="117565697" timestamp="2022-02-18T13:37:54Z" user="anastasia_" uid="12947812" lat="60.0840463" lon="30.3484770"/>
 <node id="9070048823" visible="true" version="4" changeset="188739602" timestamp="2026-09-08T19:12:46Z" user="TrickyFoxy" uid="11528195" lat="60.0847022" lon="30.3478352"/>
 <node id="9070048824" visible="true" version="4" changeset="188739602" timestamp="2026-09-08T19:12:46Z" user="TrickyFoxy" uid="11528195" lat="60.0843962" lon="30.3454216"/>
 <node id="9516542191" visible="true" version="3" changeset="188424007" timestamp="2026-09-02T14:56:18Z" user="TrickyFoxy" uid="11528195" lat="60.0841433" lon="30.3430869"/>
 <node id="9516542199" visible="true" version="1" changeset="117565697" timestamp="2022-02-18T13:37:54Z" user="anastasia_" uid="12947812" lat="60.0838078" lon="30.3469016"/>
 <node id="9516542200" visible="true" version="2" changeset="143621742" timestamp="2023-11-04T16:36:56Z" user="mini-me" uid="3846961" lat="60.0835465" lon="30.3447548"/>
 <node id="9516542201" visible="true" version="2" changeset="143619638" timestamp="2023-11-04T15:43:24Z" user="mini-me" uid="3846961" lat="60.0833669" lon="30.3434688"/>
 <node id="9516542206" visible="true" version="4" changeset="188424007" timestamp="2026-09-02T14:56:18Z" user="TrickyFoxy" uid="11528195" lat="60.0857884" lon="30.3461807"/>
 <node id="9516542207" visible="true" version="4" changeset="188424007" timestamp="2026-09-02T14:56:18Z" user="TrickyFoxy" uid="11528195" lat="60.0853718" lon="30.3463763"/>
 <node id="9516542208" visible="true" version="4" changeset="188424007" timestamp="2026-09-02T14:56:18Z" user="TrickyFoxy" uid="11528195" lat="60.0854455" lon="30.3470072"/>
 <node id="9516542209" visible="true" version="4" changeset="188424007" timestamp="2026-09-02T14:56:18Z" user="TrickyFoxy" uid="11528195" lat="60.0858621" lon="30.3468116"/>
 <node id="9516542210" visible="true" version="2" changeset="143619638" timestamp="2023-11-04T15:43:24Z" user="mini-me" uid="3846961" lat="60.0832539" lon="30.3431086"/>
 <node id="9743718856" visible="true" version="4" changeset="147376033" timestamp="2024-02-12T16:58:38Z" user="anastasia_" uid="12947812" lat="60.0835331" lon="30.3440732">
  <tag k="access" v="private"/>
  <tag k="addr:flats" v="1-180"/>
  <tag k="entrance" v="staircase"/>
  <tag k="ref" v="1"/>
  <tag k="wheelchair" v="yes"/>
 </node>
 <node id="9753600902" visible="true" version="4" changeset="163597859" timestamp="2025-03-14T07:02:27Z" user="Zavgor1990" uid="11591067" lat="60.0840034" lon="30.3438485">
  <tag k="access" v="private"/>
  <tag k="addr:flats" v="1-146"/>
  <tag k="entrance" v="staircase"/>
  <tag k="ref" v="1"/>
 </node>
 <node id="9753660230" visible="true" version="2" changeset="183791534" timestamp="2026-06-07T17:15:15Z" user="masmirnov" uid="16256027" lat="60.0839383" lon="30.3443143">
  <tag k="barrier" v="gate"/>
  <tag k="locked" v="yes"/>
 </node>
 <node id="9755234252" visible="true" version="9" changeset="188738270" timestamp="2026-09-08T18:41:07Z" user="TrickyFoxy" uid="11528195" lat="60.0839519" lon="30.3471818">
  <tag k="addr:floor" v="1"/>
  <tag k="addr:housenumber" v="44 к1"/>
  <tag k="addr:street" v="Заречная улица"/>
  <tag k="brand" v="Винлаб"/>
  <tag k="brand:wikidata" v="Q109907753"/>
  <tag k="building:levels" v="1"/>
  <tag k="changing_table" v="no"/>
  <tag k="check_date" v="2024-07-14"/>
  <tag k="contact:email" v="call@winelab.ru"/>
  <tag k="contact:phone" v="+7 800 3017755"/>
  <tag k="contact:website" v="https://www.winelab.ru/"/>
  <tag k="currency:RUB" v="yes"/>
  <tag k="drive_through" v="no"/>
  <tag k="internet_access" v="no"/>
  <tag k="level" v="0"/>
  <tag k="name" v="Винлаб"/>
  <tag k="opening_hours" v="Mo-Su 10:00-22:00"/>
  <tag k="payment:mastercard" v="yes"/>
  <tag k="payment:visa" v="yes"/>
  <tag k="shop" v="alcohol"/>
  <tag k="toilets" v="no"/>
  <tag k="toilets:wheelchair" v="no"/>
  <tag k="wheelchair" v="yes"/>
 </node>
 <node id="9785174293" visible="true" version="1" changeset="121761141" timestamp="2022-05-31T10:29:57Z" user="GaM&amp;Ko" uid="14115937" lat="60.0846606" lon="30.3478612"/>
 <node id="9799163218" visible="true" version="3" changeset="143621742" timestamp="2023-11-04T16:36:56Z" user="mini-me" uid="3846961" lat="60.0858581" lon="30.3459650"/>
 <node id="9799163219" visible="true" version="3" changeset="143621742" timestamp="2023-11-04T16:36:56Z" user="mini-me" uid="3846961" lat="60.0860377" lon="30.3469105"/>
 <node id="9799163221" visible="true" version="3" changeset="143621742" timestamp="2023-11-04T16:36:56Z" user="mini-me" uid="3846961" lat="60.0857847" lon="30.3445834"/>
 <node id="9866112799" visible="true" version="8" changeset="188331208" timestamp="2026-08-31T21:13:46Z" user="TrickyFoxy" uid="11528195" lat="60.0843617" lon="30.3458288">
  <tag k="brand" v="Ozon"/>
  <tag k="brand:wikidata" v="Q2365235"/>
  <tag k="check_date" v="2026-08-31"/>
  <tag k="contact:phone" v="+7 495 2321000"/>
  <tag k="contact:website" v="https://www.ozon.ru"/>
  <tag k="currency:RUB" v="yes"/>
  <tag k="internet_access" v="no"/>
  <tag k="name" v="Ozon"/>
  <tag k="name:ru" v="Озон"/>
  <tag k="opening_hours" v="Mo-Su 09:00-21:00"/>
  <tag k="payment:mastercard" v="yes"/>
  <tag k="payment:visa" v="yes"/>
  <tag k="shop" v="outpost"/>
  <tag k="wheelchair" v="yes"/>
 </node>
 <node id="9866112835" visible="true" version="5" changeset="188331208" timestamp="2026-08-31T21:13:46Z" user="TrickyFoxy" uid="11528195" lat="60.0852980" lon="30.3442812">
  <tag k="brand" v="Ozon"/>
  <tag k="brand:wikidata" v="Q2365235"/>
  <tag k="check_date" v="2026-08-31"/>
  <tag k="contact:phone" v="+7 495 2321000"/>
  <tag k="contact:website" v="https://www.ozon.ru"/>
  <tag k="name" v="Ozon"/>
  <tag k="opening_hours" v="Mo-Su 09:00-21:00"/>
  <tag k="shop" v="outpost"/>
 </node>
 <node id="9867030562" visible="true" version="18" changeset="188738270" timestamp="2026-09-08T18:41:07Z" user="TrickyFoxy" uid="11528195" lat="60.0839384" lon="30.3470816">
  <tag k="addr:floor" v="1"/>
  <tag k="addr:housenumber" v="44 к1"/>
  <tag k="addr:street" v="Заречная улица"/>
  <tag k="amenity" v="pharmacy"/>
  <tag k="brand" v="Вита Экспресс"/>
  <tag k="brand:wikidata" v="Q109810737"/>
  <tag k="check_date" v="2024-07-14"/>
  <tag k="contact:phone" v="+7 800 7550003"/>
  <tag k="contact:website" v="https://vitaexpress.ru/"/>
  <tag k="drive_through" v="no"/>
  <tag k="healthcare" v="pharmacy"/>
  <tag k="internet_access" v="no"/>
  <tag k="level" v="0"/>
  <tag k="name" v="Вита Экспресс"/>
  <tag k="opening_hours" v="Mo-Su 08:00-22:00"/>
  <tag k="payment:cash" v="yes"/>
  <tag k="payment:contactless" v="yes"/>
  <tag k="payment:credit_cards" v="yes"/>
  <tag k="payment:debit_cards" v="yes"/>
  <tag k="payment:mastercard" v="yes"/>
  <tag k="payment:mir" v="yes"/>
  <tag k="payment:sbp" v="yes"/>
  <tag k="payment:visa" v="yes"/>
  <tag k="wheelchair" v="yes"/>
 </node>
 <node id="9926742727" visible="true" version="23" changeset="164407805" timestamp="2025-04-02T08:09:57Z" user="Zavgor1990" uid="11591067" lat="60.0836029" lon="30.3444386">
  <tag k="addr:city" v="Парголово"/>
  <tag k="addr:floor" v="1"/>
  <tag k="addr:housenumber" v="38 к1"/>
  <tag k="addr:street" v="Заречная улица"/>
  <tag k="amenity" v="cafe"/>
  <tag k="changing_table" v="no"/>
  <tag k="check_date" v="2025-03-31"/>
  <tag k="cuisine" v="coffee_shop;sandwich"/>
  <tag k="drive_through" v="no"/>
  <tag k="internet_access" v="no"/>
  <tag k="level" v="0"/>
  <tag k="name" v="Коржов"/>
  <tag k="opening_hours" v="Mo-Fr 08:00-22:00 Sa-Su 09:00-22:00"/>
  <tag k="outdoor_seating" v="no"/>
  <tag k="payment:mastercard" v="yes"/>
  <tag k="payment:visa" v="yes"/>
  <tag k="takeaway" v="yes"/>
  <tag k="website" v="https://korjov.com/"/>
  <tag k="wheelchair" v="yes"/>
 </node>
 <node id="10240131789" visible="true" version="18" changeset="153927164" timestamp="2024-07-14T11:55:17Z" user="Zavgor1990" uid="11591067" lat="60.0838988" lon="30.3466724">
  <tag k="addr:floor" v="1"/>
  <tag k="addr:housenumber" v="42 к1"/>
  <tag k="addr:street" v="Заречная улица"/>
  <tag k="building:levels" v="1"/>
  <tag k="changing_table" v="no"/>
  <tag k="check_date" v="2024-07-14"/>
  <tag k="currency:RUB" v="yes"/>
  <tag k="internet_access" v="no"/>
  <tag k="level" v="0"/>
  <tag k="name" v="Вкустер"/>
  <tag k="payment:cash" v="yes"/>
  <tag k="payment:contactless" v="yes"/>
  <tag k="payment:credit_cards" v="yes"/>
  <tag k="payment:debit_cards" v="yes"/>
  <tag k="payment:mastercard" v="yes"/>
  <tag k="payment:mir" v="yes"/>
  <tag k="payment:sbp" v="yes"/>
  <tag k="payment:visa" v="yes"/>
  <tag k="second_hand" v="no"/>
  <tag k="shop" v="supermarket"/>
  <tag k="toilets" v="no"/>
  <tag k="toilets:wheelchair" v="no"/>
  <tag k="wheelchair" v="yes"/>
 </node>
 <node id="10240145793" visible="true" version="8" changeset="188735310" timestamp="2026-09-08T17:27:47Z" user="TrickyFoxy" uid="11528195" lat="60.0836999" lon="30.3450910">
  <tag k="addr:floor" v="1"/>
  <tag k="addr:housenumber" v="40 к1"/>
  <tag k="addr:street" v="Заречная улица"/>
  <tag k="air_conditioning" v="yes"/>
  <tag k="brand" v="РосАл"/>
  <tag k="brand:wikidata" v="Q110137999"/>
  <tag k="changing_table" v="no"/>
  <tag k="check_date" v="2026-09-08"/>
  <tag k="currency:RUB" v="yes"/>
  <tag k="drive_through" v="no"/>
  <tag k="internet_access" v="no"/>
  <tag k="level" v="0"/>
  <tag k="name" v="РосАл"/>
  <tag k="opening_hours" v="24/7"/>
  <tag k="payment:cash" v="yes"/>
  <tag k="payment:mastercard" v="yes"/>
  <tag k="payment:visa" v="yes"/>
  <tag k="second_hand" v="no"/>
  <tag k="shop" v="alcohol"/>
  <tag k="toilets" v="no"/>
  <tag k="toilets:wheelchair" v="no"/>
  <tag k="wheelchair" v="yes"/>
 </node>
 <node id="10570956396" visible="true" version="3" changeset="147376033" timestamp="2024-02-12T16:58:38Z" user="anastasia_" uid="12947812" lat="60.0838043" lon="30.3450113">
  <tag k="access" v="private"/>
  <tag k="addr:flats" v="1-317"/>
  <tag k="entrance" v="staircase"/>
  <tag k="ref" v="2"/>
 </node>
 <node id="10570956397" visible="true" version="3" changeset="147376033" timestamp="2024-02-12T16:58:38Z" user="anastasia_" uid="12947812" lat="60.0840799" lon="30.3448689">
  <tag k="access" v="private"/>
  <tag k="addr:flats" v="1-317"/>
  <tag k="entrance" v="staircase"/>
  <tag k="ref" v="1"/>
 </node>
 <node id="10786913365" visible="true" version="2" changeset="143621742" timestamp="2023-11-04T16:36:56Z" user="mini-me" uid="3846961" lat="60.0843360" lon="30.3451998"/>
 <node id="10786913366" visible="true" version="3" changeset="188424007" timestamp="2026-09-02T14:56:18Z" user="TrickyFoxy" uid="11528195" lat="60.0850647" lon="30.3418045"/>
 <node id="10786913367" visible="true" version="3" changeset="188424007" timestamp="2026-09-02T14:56:18Z" user="TrickyFoxy" uid="11528195" lat="60.0852607" lon="30.3454251"/>
 <node id="10786913368" visible="true" version="3" changeset="188424007" timestamp="2026-09-02T14:56:18Z" user="TrickyFoxy" uid="11528195" lat="60.0853332" lon="30.3460460"/>
 <node id="10786913369" visible="true" version="3" changeset="188424007" timestamp="2026-09-02T14:56:18Z" user="TrickyFoxy" uid="11528195" lat="60.0857531" lon="30.3458488"/>
 <node id="10786913370" visible="true" version="3" changeset="188424007" timestamp="2026-09-02T14:56:18Z" user="TrickyFoxy" uid="11528195" lat="60.0856806" lon="30.3452279"/>
 <node id="10786913373" visible="true" version="2" changeset="147377155" timestamp="2024-02-12T17:23:33Z" user="anastasia_" uid="12947812" lat="60.0840021" lon="30.3425407"/>
 <node id="10786913374" visible="true" version="2" changeset="147377155" timestamp="2024-02-12T17:23:33Z" user="anastasia_" uid="12947812" lat="60.0834421" lon="30.3428066"/>
 <node id="10786913375" visible="true" version="2" changeset="147377155" timestamp="2024-02-12T17:23:33Z" user="anastasia_" uid="12947812" lat="60.0834739" lon="30.3430759"/>
 <node id="10786913376" visible="true" version="2" changeset="147377155" timestamp="2024-02-12T17:23:33Z" user="anastasia_" uid="12947812" lat="60.0840339" lon="30.3428101"/>
 <node id="10786913381" visible="true" version="4" changeset="170890887" timestamp="2025-08-23T16:50:03Z" user="Алекс Мок" uid="4814295" lat="60.0848709" lon="30.3413644"/>
 <node id="10786965926" visible="true" version="2" changeset="147376033" timestamp="2024-02-12T16:58:38Z" user="anastasia_" uid="12947812" lat="60.0844082" lon="30.3434083"/>
 <node id="10786965927" visible="true" version="2" changeset="147376033" timestamp="2024-02-12T16:58:38Z" user="anastasia_" uid="12947812" lat="60.0844336" lon="30.3433960"/>
 <node id="10786965928" visible="true" version="2" changeset="147376033" timestamp="2024-02-12T16:58:38Z" user="anastasia_" uid="12947812" lat="60.0844253" lon="30.3431569"/>
 <node id="10786965929" visible="true" version="2" changeset="147376033" timestamp="2024-02-12T16:58:38Z" user="anastasia_" uid="12947812" lat="60.0843804" lon="30.3431789"/>
 <node id="10786965930" visible="true" version="2" changeset="147376033" timestamp="2024-02-12T16:58:38Z" user="anastasia_" uid="12947812" lat="60.0845804" lon="30.3430201"/>
 <node id="10786965931" visible="true" version="2" changeset="147376033" timestamp="2024-02-12T16:58:38Z" user="anastasia_" uid="12947812" lat="60.0845076" lon="30.3430557"/>
 <node id="10786965932" visible="true" version="2" changeset="147376033" timestamp="2024-02-12T16:58:38Z" user="anastasia_" uid="12947812" lat="60.0844907" lon="30.3429164"/>
 <node id="10786965933" visible="true" version="2" changeset="147376033" timestamp="2024-02-12T16:58:38Z" user="anastasia_" uid="12947812" lat="60.0845635" lon="30.3428809"/>
 <node id="10786965934" visible="true" version="2" changeset="147376033" timestamp="2024-02-12T16:58:38Z" user="anastasia_" uid="12947812" lat="60.0848593" lon="30.3428461"/>
 <node id="10786965935" visible="true" version="2" changeset="147376033" timestamp="2024-02-12T16:58:38Z" user="anastasia_" uid="12947812" lat="60.0847878" lon="30.3428811"/>
 <node id="10786965936" visible="true" version="2" changeset="147376033" timestamp="2024-02-12T16:58:38Z" user="anastasia_" uid="12947812" lat="60.0847752" lon="30.3427775"/>
 <node id="10786965937" visible="true" version="2" changeset="147376033" timestamp="2024-02-12T16:58:38Z" user="anastasia_" uid="12947812" lat="60.0848468" lon="30.3427426"/>
 <node id="10786965938" visible="true" version="2" changeset="147376033" timestamp="2024-02-12T16:58:38Z" user="anastasia_" uid="12947812" lat="60.0850229" lon="30.3429509"/>
 <node id="10786965939" visible="true" version="2" changeset="147376033" timestamp="2024-02-12T16:58:38Z" user="anastasia_" uid="12947812" lat="60.0850011" lon="30.3429616"/>
 <node id="10786965940" visible="true" version="2" changeset="147376033" timestamp="2024-02-12T16:58:38Z" user="anastasia_" uid="12947812" lat="60.0849943" lon="30.3431820"/>
 <node id="10786965941" visible="true" version="2" changeset="147376033" timestamp="2024-02-12T16:58:38Z" user="anastasia_" uid="12947812" lat="60.0849985" lon="30.3432166"/>
 <node id="10786965942" visible="true" version="2" changeset="147376033" timestamp="2024-02-12T16:58:38Z" user="anastasia_" uid="12947812" lat="60.0850138" lon="30.3428759"/>
 <node id="10786965943" visible="true" version="2" changeset="147376033" timestamp="2024-02-12T16:58:38Z" user="anastasia_" uid="12947812" lat="60.0849723" lon="30.3428962"/>
 <node id="10786965944" visible="true" version="2" changeset="147376033" timestamp="2024-02-12T16:58:38Z" user="anastasia_" uid="12947812" lat="60.0845670" lon="30.3432933"/>
 <node id="10786965945" visible="true" version="2" changeset="147376033" timestamp="2024-02-12T16:58:38Z" user="anastasia_" uid="12947812" lat="60.0847811" lon="30.3431888"/>
 <node id="10786965946" visible="true" version="2" changeset="147376033" timestamp="2024-02-12T16:58:38Z" user="anastasia_" uid="12947812" lat="60.0847964" lon="30.3433152"/>
 <node id="10786965947" visible="true" version="2" changeset="147376033" timestamp="2024-02-12T16:58:38Z" user="anastasia_" uid="12947812" lat="60.0845824" lon="30.3434197"/>
 <node id="10786965948" visible="true" version="2" changeset="147376033" timestamp="2024-02-12T16:58:38Z" user="anastasia_" uid="12947812" lat="60.0850260" lon="30.3431665"/>
 <node id="10786965949" visible="true" version="2" changeset="147376033" timestamp="2024-02-12T16:58:38Z" user="anastasia_" uid="12947812" lat="60.0844446" lon="30.3434870"/>
 <node id="10786965950" visible="true" version="2" changeset="147376033" timestamp="2024-02-12T16:58:38Z" user="anastasia_" uid="12947812" lat="60.0844014" lon="30.3429600"/>
 <node id="10786965951" visible="true" version="2" changeset="147376033" timestamp="2024-02-12T16:58:38Z" user="anastasia_" uid="12947812" lat="60.0849476" lon="30.3426933"/>
 <node id="11314475003" visible="true" version="1" changeset="143619638" timestamp="2023-11-04T15:43:24Z" user="mini-me" uid="3846961" lat="60.0834434" lon="30.3467428"/>
 <node id="11314475004" visible="true" version="1" changeset="143619638" timestamp="2023-11-04T15:43:24Z" user="mini-me" uid="3846961" lat="60.0834196" lon="30.3467750"/>
 <node id="11314475005" visible="true" version="1" changeset="143619638" timestamp="2023-11-04T15:43:24Z" user="mini-me" uid="3846961" lat="60.0834146" lon="30.3468326"/>
 <node id="11314475006" visible="true" version="1" changeset="143619638" timestamp="2023-11-04T15:43:24Z" user="mini-me" uid="3846961" lat="60.0834250" lon="30.3469238"/>
 <node id="11314475007" visible="true" version="1" changeset="143619638" timestamp="2023-11-04T15:43:24Z" user="mini-me" uid="3846961" lat="60.0834972" lon="30.3470184"/>
 <node id="11314475008" visible="true" version="1" changeset="143619638" timestamp="2023-11-04T15:43:24Z" user="mini-me" uid="3846961" lat="60.0835069" lon="30.3470955"/>
 <node id="11314475009" visible="true" version="1" changeset="143619638" timestamp="2023-11-04T15:43:24Z" user="mini-me" uid="3846961" lat="60.0835220" lon="30.3474475"/>
 <node id="11314475010" visible="true" version="1" changeset="143619638" timestamp="2023-11-04T15:43:24Z" user="mini-me" uid="3846961" lat="60.0834397" lon="30.3470331"/>
 <node id="11314475011" visible="true" version="1" changeset="143619638" timestamp="2023-11-04T15:43:24Z" user="mini-me" uid="3846961" lat="60.0835875" lon="30.3482368"/>
 <node id="11314475012" visible="true" version="1" changeset="143619638" timestamp="2023-11-04T15:43:24Z" user="mini-me" uid="3846961" lat="60.0835939" lon="30.3482676"/>
 <node id="11314475013" visible="true" version="1" changeset="143619638" timestamp="2023-11-04T15:43:24Z" user="mini-me" uid="3846961" lat="60.0836112" lon="30.3483005"/>
 <node id="11314475014" visible="true" version="1" changeset="143619638" timestamp="2023-11-04T15:43:24Z" user="mini-me" uid="3846961" lat="60.0836370" lon="30.3483152"/>
 <node id="11314475015" visible="true" version="1" changeset="143619638" timestamp="2023-11-04T15:43:24Z" user="mini-me" uid="3846961" lat="60.0836076" lon="30.3482509"/>
 <node id="11314475016" visible="true" version="1" changeset="143619638" timestamp="2023-11-04T15:43:24Z" user="mini-me" uid="3846961" lat="60.0834520" lon="30.3469632"/>
 <node id="11314475017" visible="true" version="1" changeset="143619638" timestamp="2023-11-04T15:43:24Z" user="mini-me" uid="3846961" lat="60.0834275" lon="30.3469753"/>
 <node id="11314475018" visible="true" version="1" changeset="143619638" timestamp="2023-11-04T15:43:24Z" user="mini-me" uid="3846961" lat="60.0834894" lon="30.3469447"/>
 <node id="11314475019" visible="true" version="1" changeset="143619638" timestamp="2023-11-04T15:43:24Z" user="mini-me" uid="3846961" lat="60.0836433" lon="30.3468219"/>
 <node id="11314475020" visible="true" version="1" changeset="143619638" timestamp="2023-11-04T15:43:24Z" user="mini-me" uid="3846961" lat="60.0836306" lon="30.3467099"/>
 <node id="11314475021" visible="true" version="1" changeset="143619638" timestamp="2023-11-04T15:43:24Z" user="mini-me" uid="3846961" lat="60.0836173" lon="30.3463720"/>
 <node id="11314475022" visible="true" version="1" changeset="143619638" timestamp="2023-11-04T15:43:24Z" user="mini-me" uid="3846961" lat="60.0837005" lon="30.3468005"/>
 <node id="11314475023" visible="true" version="1" changeset="143619638" timestamp="2023-11-04T15:43:24Z" user="mini-me" uid="3846961" lat="60.0835691" lon="30.3458503">
  <tag k="noexit" v="yes"/>
 </node>
 <node id="11314475024" visible="true" version="1" changeset="143619638" timestamp="2023-11-04T15:43:24Z" user="mini-me" uid="3846961" lat="60.0836912" lon="30.3468447"/>
 <node id="11314475025" visible="true" version="1" changeset="143619638" timestamp="2023-11-04T15:43:24Z" user="mini-me" uid="3846961" lat="60.0836445" lon="30.3468679"/>
 <node id="11314475026" visible="true" version="1" changeset="143619638" timestamp="2023-11-04T15:43:24Z" user="mini-me" uid="3846961" lat="60.0837060" lon="30.3468374"/>
 <node id="11314475031" visible="true" version="1" changeset="143619638" timestamp="2023-11-04T15:43:24Z" user="mini-me" uid="3846961" lat="60.0815525" lon="30.3432750"/>
 <node id="11314475032" visible="true" version="1" changeset="143619638" timestamp="2023-11-04T15:43:24Z" user="mini-me" uid="3846961" lat="60.0830297" lon="30.3442718"/>
 <node id="11314475033" visible="true" version="1" changeset="143619638" timestamp="2023-11-04T15:43:24Z" user="mini-me" uid="3846961" lat="60.0830318" lon="30.3441034"/>
 <node id="11314475034" visible="true" version="1" changeset="143619638" timestamp="2023-11-04T15:43:24Z" user="mini-me" uid="3846961" lat="60.0830784" lon="30.3437890"/>
 <node id="11314475035" visible="true" version="1" changeset="143619638" timestamp="2023-11-04T15:43:24Z" user="mini-me" uid="3846961" lat="60.0830871" lon="30.3436930"/>
 <node id="11314475036" visible="true" version="1" changeset="143619638" timestamp="2023-11-04T15:43:24Z" user="mini-me" uid="3846961" lat="60.0830807" lon="30.3435878"/>
 <node id="11314475037" visible="true" version="1" changeset="143619638" timestamp="2023-11-04T15:43:24Z" user="mini-me" uid="3846961" lat="60.0829645" lon="30.3429158"/>
 <node id="11314475038" visible="true" version="1" changeset="143619638" timestamp="2023-11-04T15:43:24Z" user="mini-me" uid="3846961" lat="60.0829005" lon="30.3423897"/>
 <node id="11314475039" visible="true" version="1" changeset="143619638" timestamp="2023-11-04T15:43:24Z" user="mini-me" uid="3846961" lat="60.0828135" lon="30.3417386"/>
 <node id="11314475040" visible="true" version="1" changeset="143619638" timestamp="2023-11-04T15:43:24Z" user="mini-me" uid="3846961" lat="60.0830425" lon="30.3532911"/>
 <node id="11314475041" visible="true" version="1" changeset="143619638" timestamp="2023-11-04T15:43:24Z" user="mini-me" uid="3846961" lat="60.0834654" lon="30.3511939"/>
 <node id="11314475042" visible="true" version="1" changeset="143619638" timestamp="2023-11-04T15:43:24Z" user="mini-me" uid="3846961" lat="60.0835263" lon="30.3508258"/>
 <node id="11314475043" visible="true" version="1" changeset="143619638" timestamp="2023-11-04T15:43:24Z" user="mini-me" uid="3846961" lat="60.0835791" lon="30.3504771"/>
 <node id="11314475044" visible="true" version="1" changeset="143619638" timestamp="2023-11-04T15:43:24Z" user="mini-me" uid="3846961" lat="60.0836046" lon="30.3502035"/>
 <node id="11314475045" visible="true" version="1" changeset="143619638" timestamp="2023-11-04T15:43:24Z" user="mini-me" uid="3846961" lat="60.0831290" lon="30.3440448"/>
 <node id="11314475046" visible="true" version="1" changeset="143619638" timestamp="2023-11-04T15:43:24Z" user="mini-me" uid="3846961" lat="60.0831256" lon="30.3440359"/>
 <node id="11314475047" visible="true" version="1" changeset="143619638" timestamp="2023-11-04T15:43:24Z" user="mini-me" uid="3846961" lat="60.0831202" lon="30.3440348"/>
 <node id="11314475048" visible="true" version="1" changeset="143619638" timestamp="2023-11-04T15:43:24Z" user="mini-me" uid="3846961" lat="60.0831163" lon="30.3440385"/>
 <node id="11314475049" visible="true" version="1" changeset="143619638" timestamp="2023-11-04T15:43:24Z" user="mini-me" uid="3846961" lat="60.0831012" lon="30.3441384"/>
 <node id="11314475050" visible="true" version="1" changeset="143619638" timestamp="2023-11-04T15:43:24Z" user="mini-me" uid="3846961" lat="60.0830982" lon="30.3442135"/>
 <node id="11314475051" visible="true" version="1" changeset="143619638" timestamp="2023-11-04T15:43:24Z" user="mini-me" uid="3846961" lat="60.0831032" lon="30.3442638"/>
 <node id="11314475052" visible="true" version="1" changeset="143619638" timestamp="2023-11-04T15:43:24Z" user="mini-me" uid="3846961" lat="60.0831153" lon="30.3442966"/>
 <node id="11314475053" visible="true" version="1" changeset="143619638" timestamp="2023-11-04T15:43:24Z" user="mini-me" uid="3846961" lat="60.0831337" lon="30.3443060"/>
 <node id="11314475054" visible="true" version="1" changeset="143619638" timestamp="2023-11-04T15:43:24Z" user="mini-me" uid="3846961" lat="60.0831608" lon="30.3442993"/>
 <node id="11314475055" visible="true" version="1" changeset="143619638" timestamp="2023-11-04T15:43:24Z" user="mini-me" uid="3846961" lat="60.0829107" lon="30.3429453"/>
 <node id="11314475056" visible="true" version="1" changeset="143619638" timestamp="2023-11-04T15:43:24Z" user="mini-me" uid="3846961" lat="60.0828936" lon="30.3429622"/>
 <node id="11314475057" visible="true" version="1" changeset="143619638" timestamp="2023-11-04T15:43:24Z" user="mini-me" uid="3846961" lat="60.0828825" lon="30.3429944"/>
 <node id="11314475058" visible="true" version="1" changeset="143619638" timestamp="2023-11-04T15:43:24Z" user="mini-me" uid="3846961" lat="60.0828798" lon="30.3430346"/>
 <node id="11314475059" visible="true" version="1" changeset="143619638" timestamp="2023-11-04T15:43:24Z" user="mini-me" uid="3846961" lat="60.0830099" lon="30.3440981"/>
 <node id="11314475060" visible="true" version="1" changeset="143619638" timestamp="2023-11-04T15:43:24Z" user="mini-me" uid="3846961" lat="60.0830263" lon="30.3440887"/>
 <node id="11314475061" visible="true" version="1" changeset="143619638" timestamp="2023-11-04T15:43:24Z" user="mini-me" uid="3846961" lat="60.0830688" lon="30.3437830"/>
 <node id="11314475062" visible="true" version="1" changeset="143619638" timestamp="2023-11-04T15:43:24Z" user="mini-me" uid="3846961" lat="60.0830755" lon="30.3436925"/>
 <node id="11314475063" visible="true" version="1" changeset="143619638" timestamp="2023-11-04T15:43:24Z" user="mini-me" uid="3846961" lat="60.0830718" lon="30.3435979"/>
 <node id="11314475064" visible="true" version="1" changeset="143619638" timestamp="2023-11-04T15:43:24Z" user="mini-me" uid="3846961" lat="60.0830317" lon="30.3432700"/>
 <node id="11314475065" visible="true" version="1" changeset="143619638" timestamp="2023-11-04T15:43:24Z" user="mini-me" uid="3846961" lat="60.0829561" lon="30.3429240"/>
 <node id="11314475066" visible="true" version="1" changeset="143619638" timestamp="2023-11-04T15:43:24Z" user="mini-me" uid="3846961" lat="60.0830025" lon="30.3441744"/>
 <node id="11314475069" visible="true" version="1" changeset="143619638" timestamp="2023-11-04T15:43:24Z" user="mini-me" uid="3846961" lat="60.0837680" lon="30.3468067"/>
 <node id="11314475070" visible="true" version="1" changeset="143619638" timestamp="2023-11-04T15:43:24Z" user="mini-me" uid="3846961" lat="60.0834775" lon="30.3455123"/>
 <node id="11314475071" visible="true" version="1" changeset="143619638" timestamp="2023-11-04T15:43:24Z" user="mini-me" uid="3846961" lat="60.0835487" lon="30.3458476"/>
 <node id="11314475072" visible="true" version="1" changeset="143619638" timestamp="2023-11-04T15:43:24Z" user="mini-me" uid="3846961" lat="60.0835823" lon="30.3458308"/>
 <node id="11314475073" visible="true" version="1" changeset="143619638" timestamp="2023-11-04T15:43:24Z" user="mini-me" uid="3846961" lat="60.0832658" lon="30.3432546"/>
 <node id="11314475074" visible="true" version="1" changeset="143619638" timestamp="2023-11-04T15:43:24Z" user="mini-me" uid="3846961" lat="60.0832591" lon="30.3432170"/>
 <node id="11314475075" visible="true" version="1" changeset="143619638" timestamp="2023-11-04T15:43:24Z" user="mini-me" uid="3846961" lat="60.0832482" lon="30.3431858"/>
 <node id="11314475076" visible="true" version="1" changeset="143619638" timestamp="2023-11-04T15:43:24Z" user="mini-me" uid="3846961" lat="60.0832342" lon="30.3431728"/>
 <node id="11314475077" visible="true" version="1" changeset="143619638" timestamp="2023-11-04T15:43:24Z" user="mini-me" uid="3846961" lat="60.0832163" lon="30.3431741"/>
 <node id="11314475078" visible="true" version="1" changeset="143619638" timestamp="2023-11-04T15:43:24Z" user="mini-me" uid="3846961" lat="60.0832039" lon="30.3431869"/>
 <node id="11314475079" visible="true" version="1" changeset="143619638" timestamp="2023-11-04T15:43:24Z" user="mini-me" uid="3846961" lat="60.0831955" lon="30.3432070"/>
 <node id="11314475080" visible="true" version="1" changeset="143619638" timestamp="2023-11-04T15:43:24Z" user="mini-me" uid="3846961" lat="60.0831955" lon="30.3432351"/>
 <node id="11314475081" visible="true" version="1" changeset="143619638" timestamp="2023-11-04T15:43:24Z" user="mini-me" uid="3846961" lat="60.0835628" lon="30.3468635"/>
 <node id="11314475082" visible="true" version="1" changeset="143619638" timestamp="2023-11-04T15:43:24Z" user="mini-me" uid="3846961" lat="60.0829511" lon="30.3419034"/>
 <node id="11314475083" visible="true" version="1" changeset="143619638" timestamp="2023-11-04T15:43:24Z" user="mini-me" uid="3846961" lat="60.0835634" lon="30.3483690"/>
 <node id="11314475084" visible="true" version="1" changeset="143619638" timestamp="2023-11-04T15:43:24Z" user="mini-me" uid="3846961" lat="60.0832804" lon="30.3431779"/>
 <node id="11314475085" visible="true" version="1" changeset="143619638" timestamp="2023-11-04T15:43:24Z" user="mini-me" uid="3846961" lat="60.0831585" lon="30.3432511"/>
 <node id="11314475086" visible="true" version="1" changeset="143619638" timestamp="2023-11-04T15:43:24Z" user="mini-me" uid="3846961" lat="60.0830685" lon="30.3440767"/>
 <node id="11314475087" visible="true" version="1" changeset="143619638" timestamp="2023-11-04T15:43:24Z" user="mini-me" uid="3846961" lat="60.0830656" lon="30.3442819"/>
 <node id="11314475090" visible="true" version="1" changeset="143619638" timestamp="2023-11-04T15:43:24Z" user="mini-me" uid="3846961" lat="60.0826831" lon="30.3435003"/>
 <node id="11314475092" visible="true" version="1" changeset="143619638" timestamp="2023-11-04T15:43:24Z" user="mini-me" uid="3846961" lat="60.0829670" lon="30.3441517"/>
 <node id="11314475093" visible="true" version="1" changeset="143619638" timestamp="2023-11-04T15:43:24Z" user="mini-me" uid="3846961" lat="60.0829354" lon="30.3441100"/>
 <node id="11314475094" visible="true" version="1" changeset="143619638" timestamp="2023-11-04T15:43:24Z" user="mini-me" uid="3846961" lat="60.0828632" lon="30.3439188"/>
 <node id="11314475102" visible="true" version="1" changeset="143619638" timestamp="2023-11-04T15:43:24Z" user="mini-me" uid="3846961" lat="60.0836247" lon="30.3504953"/>
 <node id="11314475103" visible="true" version="1" changeset="143619638" timestamp="2023-11-04T15:43:24Z" user="mini-me" uid="3846961" lat="60.0835193" lon="30.3512258"/>
 <node id="11314475114" visible="true" version="1" changeset="143619638" timestamp="2023-11-04T15:43:24Z" user="mini-me" uid="3846961" lat="60.0830140" lon="30.3546486"/>
 <node id="11314475115" visible="true" version="1" changeset="143619638" timestamp="2023-11-04T15:43:24Z" user="mini-me" uid="3846961" lat="60.0836858" lon="30.3513267"/>
 <node id="11314475116" visible="true" version="1" changeset="143619638" timestamp="2023-11-04T15:43:24Z" user="mini-me" uid="3846961" lat="60.0837510" lon="30.3509109"/>
 <node id="11314475117" visible="true" version="1" changeset="143619638" timestamp="2023-11-04T15:43:24Z" user="mini-me" uid="3846961" lat="60.0837898" lon="30.3505830"/>
 <node id="11314475118" visible="true" version="1" changeset="143619638" timestamp="2023-11-04T15:43:24Z" user="mini-me" uid="3846961" lat="60.0838176" lon="30.3502491"/>
 <node id="11314475119" visible="true" version="1" changeset="143619638" timestamp="2023-11-04T15:43:24Z" user="mini-me" uid="3846961" lat="60.0838306" lon="30.3499071"/>
 <node id="11314475120" visible="true" version="1" changeset="143619638" timestamp="2023-11-04T15:43:24Z" user="mini-me" uid="3846961" lat="60.0838330" lon="30.3496054"/>
 <node id="11314475121" visible="true" version="1" changeset="143619638" timestamp="2023-11-04T15:43:24Z" user="mini-me" uid="3846961" lat="60.0838263" lon="30.3493191"/>
 <node id="11314475122" visible="true" version="1" changeset="143619638" timestamp="2023-11-04T15:43:24Z" user="mini-me" uid="3846961" lat="60.0838086" lon="30.3489945"/>
 <node id="11314475123" visible="true" version="1" changeset="143619638" timestamp="2023-11-04T15:43:24Z" user="mini-me" uid="3846961" lat="60.0837778" lon="30.3486492"/>
 <node id="11314475124" visible="true" version="1" changeset="143619638" timestamp="2023-11-04T15:43:24Z" user="mini-me" uid="3846961" lat="60.0836975" lon="30.3479478"/>
 <node id="11314475125" visible="true" version="1" changeset="143619638" timestamp="2023-11-04T15:43:24Z" user="mini-me" uid="3846961" lat="60.0835758" lon="30.3469735"/>
 <node id="11314475136" visible="true" version="1" changeset="143619638" timestamp="2023-11-04T15:43:24Z" user="mini-me" uid="3846961" lat="60.0838537" lon="30.3486069"/>
 <node id="11314475137" visible="true" version="1" changeset="143619638" timestamp="2023-11-04T15:43:24Z" user="mini-me" uid="3846961" lat="60.0838875" lon="30.3489690"/>
 <node id="11314475138" visible="true" version="1" changeset="143619638" timestamp="2023-11-04T15:43:24Z" user="mini-me" uid="3846961" lat="60.0839089" lon="30.3493030"/>
 <node id="11314475139" visible="true" version="1" changeset="143619638" timestamp="2023-11-04T15:43:24Z" user="mini-me" uid="3846961" lat="60.0839179" lon="30.3496047"/>
 <node id="11314475140" visible="true" version="1" changeset="143619638" timestamp="2023-11-04T15:43:24Z" user="mini-me" uid="3846961" lat="60.0839149" lon="30.3499018"/>
 <node id="11314475141" visible="true" version="1" changeset="143619638" timestamp="2023-11-04T15:43:24Z" user="mini-me" uid="3846961" lat="60.0838999" lon="30.3502766"/>
 <node id="11314475142" visible="true" version="1" changeset="143619638" timestamp="2023-11-04T15:43:24Z" user="mini-me" uid="3846961" lat="60.0838734" lon="30.3506112"/>
 <node id="11314475143" visible="true" version="1" changeset="143619638" timestamp="2023-11-04T15:43:24Z" user="mini-me" uid="3846961" lat="60.0838300" lon="30.3509579"/>
 <node id="11314475144" visible="true" version="1" changeset="143619638" timestamp="2023-11-04T15:43:24Z" user="mini-me" uid="3846961" lat="60.0837621" lon="30.3513790"/>
 <node id="11314475145" visible="true" version="1" changeset="143619638" timestamp="2023-11-04T15:43:24Z" user="mini-me" uid="3846961" lat="60.0834843" lon="30.3527473"/>
 <node id="11314475146" visible="true" version="1" changeset="143619638" timestamp="2023-11-04T15:43:24Z" user="mini-me" uid="3846961" lat="60.0834857" lon="30.3527610"/>
 <node id="11314475147" visible="true" version="1" changeset="143619638" timestamp="2023-11-04T15:43:24Z" user="mini-me" uid="3846961" lat="60.0834914" lon="30.3527674"/>
 <node id="11314475148" visible="true" version="1" changeset="143619638" timestamp="2023-11-04T15:43:24Z" user="mini-me" uid="3846961" lat="60.0834977" lon="30.3527674"/>
 <node id="11314475149" visible="true" version="1" changeset="143619638" timestamp="2023-11-04T15:43:24Z" user="mini-me" uid="3846961" lat="60.0835534" lon="30.3526765"/>
 <node id="11314475150" visible="true" version="1" changeset="143619638" timestamp="2023-11-04T15:43:24Z" user="mini-me" uid="3846961" lat="60.0835775" lon="30.3526282"/>
 <node id="11314475151" visible="true" version="1" changeset="143619638" timestamp="2023-11-04T15:43:24Z" user="mini-me" uid="3846961" lat="60.0835949" lon="30.3525592"/>
 <node id="11314475152" visible="true" version="1" changeset="143619638" timestamp="2023-11-04T15:43:24Z" user="mini-me" uid="3846961" lat="60.0838346" lon="30.3513817"/>
 <node id="11314475153" visible="true" version="1" changeset="143619638" timestamp="2023-11-04T15:43:24Z" user="mini-me" uid="3846961" lat="60.0838989" lon="30.3509800"/>
 <node id="11314475154" visible="true" version="1" changeset="143619638" timestamp="2023-11-04T15:43:24Z" user="mini-me" uid="3846961" lat="60.0839386" lon="30.3506400"/>
 <node id="11314475155" visible="true" version="1" changeset="143619638" timestamp="2023-11-04T15:43:24Z" user="mini-me" uid="3846961" lat="60.0839654" lon="30.3502887"/>
 <node id="11314475156" visible="true" version="1" changeset="143619638" timestamp="2023-11-04T15:43:24Z" user="mini-me" uid="3846961" lat="60.0839801" lon="30.3499112"/>
 <node id="11314475157" visible="true" version="1" changeset="143619638" timestamp="2023-11-04T15:43:24Z" user="mini-me" uid="3846961" lat="60.0839821" lon="30.3496087"/>
 <node id="11314475158" visible="true" version="1" changeset="143619638" timestamp="2023-11-04T15:43:24Z" user="mini-me" uid="3846961" lat="60.0839751" lon="30.3492976"/>
 <node id="11314475159" visible="true" version="1" changeset="143619638" timestamp="2023-11-04T15:43:24Z" user="mini-me" uid="3846961" lat="60.0839567" lon="30.3489603"/>
 <node id="11314475160" visible="true" version="1" changeset="143619638" timestamp="2023-11-04T15:43:24Z" user="mini-me" uid="3846961" lat="60.0839206" lon="30.3485848"/>
 <node id="11314475161" visible="true" version="1" changeset="143619638" timestamp="2023-11-04T15:43:24Z" user="mini-me" uid="3846961" lat="60.0837129" lon="30.3468984"/>
 <node id="11314475162" visible="true" version="1" changeset="143619638" timestamp="2023-11-04T15:43:24Z" user="mini-me" uid="3846961" lat="60.0836544" lon="30.3469285"/>
 <node id="11314475167" visible="true" version="1" changeset="143619638" timestamp="2023-11-04T15:43:24Z" user="mini-me" uid="3846961" lat="60.0836543" lon="30.3493264"/>
 <node id="11314475170" visible="true" version="1" changeset="143619638" timestamp="2023-11-04T15:43:24Z" user="mini-me" uid="3846961" lat="60.0835903" lon="30.3493345"/>
 <node id="11314475171" visible="true" version="1" changeset="143619638" timestamp="2023-11-04T15:43:24Z" user="mini-me" uid="3846961" lat="60.0839542" lon="30.3485699"/>
 <node id="11314475172" visible="true" version="1" changeset="143619638" timestamp="2023-11-04T15:43:24Z" user="mini-me" uid="3846961" lat="60.0840018" lon="30.3501337"/>
 <node id="11314475173" visible="true" version="1" changeset="143619638" timestamp="2023-11-04T15:43:24Z" user="mini-me" uid="3846961" lat="60.0839184" lon="30.3510311"/>
 <node id="11314501846" visible="true" version="1" changeset="143621742" timestamp="2023-11-04T16:36:56Z" user="mini-me" uid="3846961" lat="60.0853747" lon="30.3439746"/>
 <node id="11314501847" visible="true" version="1" changeset="143621742" timestamp="2023-11-04T16:36:56Z" user="mini-me" uid="3846961" lat="60.0856432" lon="30.3438614"/>
 <node id="11314501848" visible="true" version="1" changeset="143621742" timestamp="2023-11-04T16:36:56Z" user="mini-me" uid="3846961" lat="60.0854693" lon="30.3439499"/>
 <node id="11314501849" visible="true" version="1" changeset="143621742" timestamp="2023-11-04T16:36:56Z" user="mini-me" uid="3846961" lat="60.0854044" lon="30.3438655"/>
 <node id="11314501850" visible="true" version="1" changeset="143621742" timestamp="2023-11-04T16:36:56Z" user="mini-me" uid="3846961" lat="60.0853812" lon="30.3436742"/>
 <node id="11314501851" visible="true" version="1" changeset="143621742" timestamp="2023-11-04T16:36:56Z" user="mini-me" uid="3846961" lat="60.0859399" lon="30.3469577"/>
 <node id="11314501852" visible="true" version="1" changeset="143621742" timestamp="2023-11-04T16:36:56Z" user="mini-me" uid="3846961" lat="60.0859803" lon="30.3472947"/>
 <node id="11314501853" visible="true" version="1" changeset="143621742" timestamp="2023-11-04T16:36:56Z" user="mini-me" uid="3846961" lat="60.0852626" lon="30.3476440"/>
 <node id="11314501854" visible="true" version="1" changeset="143621742" timestamp="2023-11-04T16:36:56Z" user="mini-me" uid="3846961" lat="60.0850994" lon="30.3463532"/>
 <node id="11314851896" visible="true" version="1" changeset="143621742" timestamp="2023-11-04T16:36:56Z" user="mini-me" uid="3846961" lat="60.0836491" lon="30.3455524"/>
 <node id="11314851897" visible="true" version="1" changeset="143621742" timestamp="2023-11-04T16:36:56Z" user="mini-me" uid="3846961" lat="60.0836416" lon="30.3456612"/>
 <node id="11314851898" visible="true" version="1" changeset="143621742" timestamp="2023-11-04T16:36:56Z" user="mini-me" uid="3846961" lat="60.0835308" lon="30.3447696"/>
 <node id="11314851899" visible="true" version="1" changeset="143621742" timestamp="2023-11-04T16:36:56Z" user="mini-me" uid="3846961" lat="60.0835751" lon="30.3447449"/>
 <node id="11314851900" visible="true" version="1" changeset="143621742" timestamp="2023-11-04T16:36:56Z" user="mini-me" uid="3846961" lat="60.0837785" lon="30.3468014"/>
 <node id="11314851901" visible="true" version="1" changeset="143621742" timestamp="2023-11-04T16:36:56Z" user="mini-me" uid="3846961" lat="60.0837983" lon="30.3469571"/>
 <node id="11314851902" visible="true" version="1" changeset="143621742" timestamp="2023-11-04T16:36:56Z" user="mini-me" uid="3846961" lat="60.0839232" lon="30.3479401"/>
 <node id="11319732046" visible="true" version="1" changeset="143632912" timestamp="2023-11-04T23:04:16Z" user="mini-me" uid="3846961" lat="60.0835934" lon="30.3503240"/>
 <node id="11319732055" visible="true" version="1" changeset="143632912" timestamp="2023-11-04T23:04:16Z" user="mini-me" uid="3846961" lat="60.0828020" lon="30.3544639"/>
 <node id="11319732062" visible="true" version="1" changeset="143632912" timestamp="2023-11-04T23:04:16Z" user="mini-me" uid="3846961" lat="60.0830562" lon="30.3446080"/>
 <node id="11319732063" visible="true" version="1" changeset="143632912" timestamp="2023-11-04T23:04:16Z" user="mini-me" uid="3846961" lat="60.0825251" lon="30.3455430"/>
 <node id="11409705200" visible="true" version="2" changeset="147108321" timestamp="2024-02-05T20:17:52Z" user="Zavgor1990" uid="11591067" lat="60.0838354" lon="30.3463082">
  <tag k="access" v="private"/>
  <tag k="addr:flats" v="1-118"/>
  <tag k="entrance" v="staircase"/>
  <tag k="level" v="0"/>
  <tag k="ref" v="1"/>
 </node>
 <node id="11504764732" visible="true" version="1" changeset="146086517" timestamp="2024-01-10T01:46:05Z" user="Pavel239" uid="354001" lat="60.0857288" lon="30.3435033"/>
 <node id="11514289694" visible="true" version="2" changeset="147376033" timestamp="2024-02-12T16:58:38Z" user="anastasia_" uid="12947812" lat="60.0850772" lon="30.3443818">
  <tag k="access" v="private"/>
  <tag k="addr:flats" v="1-436"/>
  <tag k="entrance" v="staircase"/>
  <tag k="ref" v="2"/>
  <tag k="wheelchair" v="yes"/>
 </node>
 <node id="11514289695" visible="true" version="2" changeset="147376033" timestamp="2024-02-12T16:58:38Z" user="anastasia_" uid="12947812" lat="60.0853728" lon="30.3442391">
  <tag k="access" v="private"/>
  <tag k="addr:flats" v="1-436"/>
  <tag k="entrance" v="staircase"/>
  <tag k="ref" v="1"/>
  <tag k="wheelchair" v="yes"/>
 </node>
 <node id="11549954461" visible="true" version="3" changeset="188738270" timestamp="2026-09-08T18:41:07Z" user="TrickyFoxy" uid="11528195" lat="60.0849129" lon="30.3406742"/>
 <node id="11549954465" visible="true" version="2" changeset="170890887" timestamp="2025-08-23T16:50:03Z" user="Алекс Мок" uid="4814295" lat="60.0829446" lon="30.3414959">
  <tag k="highway" v="traffic_signals"/>
 </node>
 <node id="11581680924" visible="true" version="1" changeset="147017746" timestamp="2024-02-03T12:21:09Z" user="Zavgor1990" uid="11591067" lat="60.0842794" lon="30.3461235">
  <tag k="access" v="private"/>
  <tag k="entrance" v="staircase"/>
  <tag k="ref" v="1"/>
 </node>
 <node id="11581680925" visible="true" version="4" changeset="188738270" timestamp="2026-09-08T18:41:07Z" user="TrickyFoxy" uid="11528195" lat="60.0839818" lon="30.3475682">
  <tag k="access" v="private"/>
  <tag k="addr:flats" v="1-118"/>
  <tag k="entrance" v="staircase"/>
  <tag k="ref" v="1"/>
  <tag k="wheelchair" v="yes"/>
 </node>
 <node id="11581680926" visible="true" version="2" changeset="163597859" timestamp="2025-03-14T07:02:27Z" user="Zavgor1990" uid="11591067" lat="60.0844230" lon="30.3472776">
  <tag k="access" v="private"/>
  <tag k="addr:flats" v="1-146"/>
  <tag k="entrance" v="staircase"/>
  <tag k="ref" v="1"/>
 </node>
 <node id="11581680927" visible="true" version="3" changeset="147376033" timestamp="2024-02-12T16:58:38Z" user="anastasia_" uid="12947812" lat="60.0845786" lon="30.3446101">
  <tag k="access" v="private"/>
  <tag k="addr:flats" v="1-122"/>
  <tag k="entrance" v="staircase"/>
  <tag k="ref" v="1"/>
 </node>
 <node id="11589122081" visible="true" version="1" changeset="147108321" timestamp="2024-02-05T20:17:52Z" user="Zavgor1990" uid="11591067" lat="60.0844080" lon="30.3460464">
  <tag k="access" v="private"/>
  <tag k="addr:flats" v="1-146"/>
  <tag k="entrance" v="staircase"/>
  <tag k="ref" v="1"/>
 </node>
 <node id="11589122082" visible="true" version="2" changeset="163597859" timestamp="2025-03-14T07:02:27Z" user="Zavgor1990" uid="11591067" lat="60.0845491" lon="30.3472018">
  <tag k="access" v="private"/>
  <tag k="addr:flats" v="1-146"/>
  <tag k="entrance" v="staircase"/>
  <tag k="ref" v="1"/>
 </node>
 <node id="11615099751" visible="true" version="1" changeset="147377155" timestamp="2024-02-12T17:23:33Z" user="anastasia_" uid="12947812" lat="60.0834401" lon="30.3426101"/>
 <node id="11615099752" visible="true" version="1" changeset="147377155" timestamp="2024-02-12T17:23:33Z" user="anastasia_" uid="12947812" lat="60.0840506" lon="30.3423203"/>
 <node id="11615099754" visible="true" version="2" changeset="149320822" timestamp="2024-03-29T16:29:15Z" user="Zavgor1990" uid="11591067" lat="60.0836139" lon="30.3430095">
  <tag k="access" v="private"/>
  <tag k="addr:flats" v="1-371"/>
  <tag k="entrance" v="staircase"/>
  <tag k="ref" v="2"/>
 </node>
 <node id="11615099755" visible="true" version="2" changeset="149320822" timestamp="2024-03-29T16:29:15Z" user="Zavgor1990" uid="11591067" lat="60.0838939" lon="30.3428765">
  <tag k="access" v="private"/>
  <tag k="addr:flats" v="1-371"/>
  <tag k="entrance" v="staircase"/>
  <tag k="ref" v="1"/>
  <tag k="wheelchair" v="yes"/>
 </node>
 <node id="11771910785" visible="true" version="1" changeset="149319830" timestamp="2024-03-29T16:07:32Z" user="Zavgor1990" uid="11591067" lat="60.0853499" lon="30.3426927">
  <tag k="access" v="private"/>
  <tag k="addr:flats" v="1-171"/>
  <tag k="entrance" v="staircase"/>
  <tag k="ref" v="1"/>
  <tag k="wheelchair" v="yes"/>
 </node>
 <node id="11771910786" visible="true" version="1" changeset="149319830" timestamp="2024-03-29T16:07:32Z" user="Zavgor1990" uid="11591067" lat="60.0854121" lon="30.3431849">
  <tag k="access" v="private"/>
  <tag k="addr:flats" v="172-319"/>
  <tag k="entrance" v="staircase"/>
  <tag k="ref" v="2"/>
  <tag k="wheelchair" v="yes"/>
 </node>
 <node id="11771924265" visible="true" version="2" changeset="172138864" timestamp="2025-09-19T02:26:28Z" user="sshsh" uid="5283791" lat="60.0835806" lon="30.3427408">
  <tag k="access" v="private"/>
  <tag k="addr:flats" v="1-371"/>
  <tag k="entrance" v="staircase"/>
  <tag k="ref" v="2"/>
  <tag k="wheelchair" v="yes"/>
 </node>
 <node id="11771924266" visible="true" version="2" changeset="172138864" timestamp="2025-09-19T02:26:28Z" user="sshsh" uid="5283791" lat="60.0838467" lon="30.3426145">
  <tag k="access" v="private"/>
  <tag k="addr:flats" v="1-371"/>
  <tag k="entrance" v="staircase"/>
  <tag k="ref" v="1"/>
  <tag k="wheelchair" v="yes"/>
 </node>
 <node id="11873658062" visible="true" version="1" changeset="150783380" timestamp="2024-05-02T09:00:53Z" user="kate_rocketdata" uid="12100948" lat="60.0843684" lon="30.3462445">
  <tag k="contact:email" v="mail@lavadora.ru"/>
  <tag k="contact:phone" v="+7 812 4256062"/>
  <tag k="contact:website" v="https://www.lavadora.ru"/>
  <tag k="name" v="Lavadora"/>
  <tag k="opening_hours" v="Mo-Su 10:00-21:00"/>
  <tag k="shop" v="laundry"/>
 </node>
 <node id="12061634869" visible="true" version="2" changeset="183791534" timestamp="2026-06-07T17:15:15Z" user="masmirnov" uid="16256027" lat="60.0836624" lon="30.3440105">
  <tag k="access" v="private"/>
  <tag k="entrance" v="emergency"/>
  <tag k="ref" v="1"/>
  <tag k="wheelchair" v="yes"/>
 </node>
 <node id="12662174657" visible="true" version="1" changeset="163597859" timestamp="2025-03-14T07:02:27Z" user="Zavgor1990" uid="11591067" lat="60.0841214" lon="30.3437899">
  <tag k="access" v="private"/>
  <tag k="addr:flats" v="1-146"/>
  <tag k="entrance" v="staircase"/>
  <tag k="ref" v="1"/>
 </node>
 <node id="12791310713" visible="true" version="1" changeset="165496867" timestamp="2025-04-27T09:29:40Z" user="UrbanPlanner69" uid="20466204" lat="60.0847507" lon="30.3479062"/>
 <node id="12791310714" visible="true" version="1" changeset="165496867" timestamp="2025-04-27T09:29:40Z" user="UrbanPlanner69" uid="20466204" lat="60.0839947" lon="30.3490655"/>
 <node id="12791310715" visible="true" version="1" changeset="165496867" timestamp="2025-04-27T09:29:40Z" user="UrbanPlanner69" uid="20466204" lat="60.0848486" lon="30.3486264"/>
 <node id="12896996022" visible="true" version="1" changeset="167356333" timestamp="2025-06-08T15:16:46Z" user="Константин Гам" uid="392109" lat="60.0834696" lon="30.3413948"/>
 <node id="12896996023" visible="true" version="1" changeset="167356333" timestamp="2025-06-08T15:16:46Z" user="Константин Гам" uid="392109" lat="60.0831477" lon="30.3415504"/>
 <node id="13092725819" visible="true" version="1" changeset="170888175" timestamp="2025-08-23T15:53:30Z" user="Алекс Мок" uid="4814295" lat="60.0858061" lon="30.3449865"/>
 <node id="13092725820" visible="true" version="1" changeset="170888175" timestamp="2025-08-23T15:53:30Z" user="Алекс Мок" uid="4814295" lat="60.0851419" lon="30.3453365"/>
 <node id="13092725834" visible="true" version="1" changeset="170888175" timestamp="2025-08-23T15:53:30Z" user="Алекс Мок" uid="4814295" lat="60.0838618" lon="30.3513581"/>
 <node id="13092725878" visible="true" version="1" changeset="170888175" timestamp="2025-08-23T15:53:30Z" user="Алекс Мок" uid="4814295" lat="60.0825496" lon="30.3475527"/>
 <node id="13092725879" visible="true" version="1" changeset="170888175" timestamp="2025-08-23T15:53:30Z" user="Алекс Мок" uid="4814295" lat="60.0834111" lon="30.3475241"/>
 <node id="13092753322" visible="true" version="1" changeset="170890887" timestamp="2025-08-23T16:50:03Z" user="Алекс Мок" uid="4814295" lat="60.0834039" lon="30.3425968"/>
 <node id="13092753323" visible="true" version="1" changeset="170890887" timestamp="2025-08-23T16:50:03Z" user="Алекс Мок" uid="4814295" lat="60.0833777" lon="30.3423751"/>
 <node id="13092753324" visible="true" version="1" changeset="170890887" timestamp="2025-08-23T16:50:03Z" user="Алекс Мок" uid="4814295" lat="60.0833798" lon="30.3424732"/>
 <node id="13131124264" visible="true" version="1" changeset="171691297" timestamp="2025-09-09T15:00:37Z" user="Bobropiton" uid="2055718" lat="60.0836995" lon="30.3483377"/>
 <node id="13131124265" visible="true" version="1" changeset="171691297" timestamp="2025-09-09T15:00:37Z" user="Bobropiton" uid="2055718" lat="60.0835444" lon="30.3470881"/>
 <node id="13131124266" visible="true" version="1" changeset="171691297" timestamp="2025-09-09T15:00:37Z" user="Bobropiton" uid="2055718" lat="60.0834391" lon="30.3455259"/>
 <node id="13131124267" visible="true" version="1" changeset="171691297" timestamp="2025-09-09T15:00:37Z" user="Bobropiton" uid="2055718" lat="60.0835891" lon="30.3467321"/>
 <node id="13131124268" visible="true" version="1" changeset="171691297" timestamp="2025-09-09T15:00:37Z" user="Bobropiton" uid="2055718" lat="60.0830729" lon="30.3432270"/>
 <node id="13131124269" visible="true" version="1" changeset="171691297" timestamp="2025-09-09T15:00:37Z" user="Bobropiton" uid="2055718" lat="60.0829250" lon="30.3420217"/>
 <node id="13136283771" visible="true" version="1" changeset="171783452" timestamp="2025-09-11T12:52:10Z" user="ZinaidaZ" uid="9465790" lat="60.0840322" lon="30.3483612"/>
 <node id="13136283777" visible="true" version="1" changeset="171783452" timestamp="2025-09-11T12:52:10Z" user="ZinaidaZ" uid="9465790" lat="60.0842433" lon="30.3469865">
  <tag k="barrier" v="gate"/>
 </node>
 <node id="13136283778" visible="true" version="2" changeset="188738270" timestamp="2026-09-08T18:41:07Z" user="TrickyFoxy" uid="11528195" lat="60.0841005" lon="30.3469293">
  <tag k="barrier" v="wicket_gate"/>
 </node>
 <node id="13136283779" visible="true" version="1" changeset="171783452" timestamp="2025-09-11T12:52:10Z" user="ZinaidaZ" uid="9465790" lat="60.0840775" lon="30.3467417">
  <tag k="barrier" v="wicket_gate"/>
 </node>
 <node id="13136283780" visible="true" version="1" changeset="171783452" timestamp="2025-09-11T12:52:10Z" user="ZinaidaZ" uid="9465790" lat="60.0841924" lon="30.3465863">
  <tag k="barrier" v="gate"/>
 </node>
 <node id="13136283781" visible="true" version="1" changeset="171783452" timestamp="2025-09-11T12:52:10Z" user="ZinaidaZ" uid="9465790" lat="60.0840862" lon="30.3468125"/>
 <node id="13136283782" visible="true" version="1" changeset="171783452" timestamp="2025-09-11T12:52:10Z" user="ZinaidaZ" uid="9465790" lat="60.0841870" lon="30.3482822"/>
 <node id="13136283783" visible="true" version="1" changeset="171783452" timestamp="2025-09-11T12:52:10Z" user="ZinaidaZ" uid="9465790" lat="60.0841503" lon="30.3479424"/>
 <node id="13136283784" visible="true" version="1" changeset="171783452" timestamp="2025-09-11T12:52:10Z" user="ZinaidaZ" uid="9465790" lat="60.0842012" lon="30.3477520"/>
 <node id="13136283785" visible="true" version="1" changeset="171783452" timestamp="2025-09-11T12:52:10Z" user="ZinaidaZ" uid="9465790" lat="60.0839153" lon="30.3454159"/>
 <node id="13136283786" visible="true" version="1" changeset="171783452" timestamp="2025-09-11T12:52:10Z" user="ZinaidaZ" uid="9465790" lat="60.0840359" lon="30.3453539"/>
 <node id="13136283788" visible="true" version="1" changeset="171783452" timestamp="2025-09-11T12:52:10Z" user="ZinaidaZ" uid="9465790" lat="60.0839638" lon="30.3483961"/>
 <node id="13136283789" visible="true" version="1" changeset="171783452" timestamp="2025-09-11T12:52:10Z" user="ZinaidaZ" uid="9465790" lat="60.0843944" lon="30.3481763"/>
 <node id="13136283790" visible="true" version="1" changeset="171783452" timestamp="2025-09-11T12:52:10Z" user="ZinaidaZ" uid="9465790" lat="60.0842131" lon="30.3467492"/>
 <node id="13541847194" visible="true" version="1" changeset="178379593" timestamp="2026-02-10T21:27:23Z" user="Константин Гам" uid="392109" lat="60.0831945" lon="30.3429763">
  <tag k="highway" v="give_way"/>
 </node>
 <node id="13541847195" visible="true" version="1" changeset="178379593" timestamp="2026-02-10T21:27:23Z" user="Константин Гам" uid="392109" lat="60.0832032" lon="30.3531311">
  <tag k="highway" v="give_way"/>
 </node>
 <node id="13658705487" visible="true" version="2" changeset="188331208" timestamp="2026-08-31T21:13:46Z" user="TrickyFoxy" uid="11528195" lat="60.0845219" lon="30.3470358">
  <tag k="brand" v="Wildberries"/>
  <tag k="brand:wikidata" v="Q24933714"/>
  <tag k="check_date" v="2026-08-31"/>
  <tag k="name" v="Wildberries"/>
  <tag k="shop" v="outpost"/>
  <tag k="source" v="пункт выдачи"/>
 </node>
 <node id="14138343084" visible="true" version="2" changeset="188424007" timestamp="2026-09-02T14:56:18Z" user="TrickyFoxy" uid="11528195" lat="60.0846364" lon="30.3449570">
  <tag k="amenity" v="bicycle_parking"/>
 </node>
 <node id="14138343095" visible="true" version="1" changeset="188331208" timestamp="2026-08-31T21:13:46Z" user="TrickyFoxy" uid="11528195" lat="60.0852223" lon="30.3443697">
  <tag k="amenity" v="fast_food"/>
  <tag k="check_date" v="2026-08-31"/>
  <tag k="cuisine" v="kebab;shawarma"/>
  <tag k="opening_hours" v="24/7"/>
 </node>
 <node id="14138343096" visible="true" version="1" changeset="188331208" timestamp="2026-08-31T21:13:46Z" user="TrickyFoxy" uid="11528195" lat="60.0851804" lon="30.3444079">
  <tag k="check_date" v="2026-08-31"/>
  <tag k="name" v="Белорусские продукты"/>
  <tag k="opening_hours" v="09:00-22:00"/>
  <tag k="shop" v="convenience"/>
 </node>
 <node id="14138343097" visible="true" version="1" changeset="188331208" timestamp="2026-08-31T21:13:46Z" user="TrickyFoxy" uid="11528195" lat="60.0853351" lon="30.3442874">
  <tag k="check_date" v="2026-08-31"/>
  <tag k="shop" v="beauty"/>
 </node>
 <node id="14138343098" visible="true" version="1" changeset="188331208" timestamp="2026-08-31T21:13:46Z" user="TrickyFoxy" uid="11528195" lat="60.0854504" lon="30.3441590">
  <tag k="amenity" v="bicycle_parking"/>
 </node>
 <node id="14138343099" visible="true" version="2" changeset="188424007" timestamp="2026-09-02T14:56:18Z" user="TrickyFoxy" uid="11528195" lat="60.0855121" lon="30.3440505">
  <tag k="amenity" v="bicycle_parking"/>
 </node>
 <node id="14138343100" visible="true" version="2" changeset="188424007" timestamp="2026-09-02T14:56:18Z" user="TrickyFoxy" uid="11528195" lat="60.0854812" lon="30.3445239">
  <tag k="amenity" v="bicycle_parking"/>
 </node>
 <node id="14138345901" visible="true" version="2" changeset="188424007" timestamp="2026-09-02T14:56:18Z" user="TrickyFoxy" uid="11528195" lat="60.0854452" lon="30.3446047">
  <tag k="amenity" v="bicycle_parking"/>
 </node>
 <node id="14138345902" visible="true" version="2" changeset="188424007" timestamp="2026-09-02T14:56:18Z" user="TrickyFoxy" uid="11528195" lat="60.0854292" lon="30.3445506">
  <tag k="amenity" v="bench"/>
  <tag k="backrest" v="yes"/>
  <tag k="material" v="wood"/>
 </node>
 <node id="14138345903" visible="true" version="1" changeset="188331208" timestamp="2026-08-31T21:13:46Z" user="TrickyFoxy" uid="11528195" lat="60.0851145" lon="30.3447356">
  <tag k="amenity" v="bench"/>
  <tag k="armrest" v="no"/>
  <tag k="backrest" v="yes"/>
  <tag k="material" v="wood"/>
 </node>
 <node id="14138345904" visible="true" version="1" changeset="188331208" timestamp="2026-08-31T21:13:46Z" user="TrickyFoxy" uid="11528195" lat="60.0850466" lon="30.3446601">
  <tag k="check_date" v="2026-08-31"/>
  <tag k="name" v="Около"/>
  <tag k="shop" v="convenience"/>
 </node>
 <node id="14138345905" visible="true" version="1" changeset="188331208" timestamp="2026-08-31T21:13:46Z" user="TrickyFoxy" uid="11528195" lat="60.0850519" lon="30.3447258">
  <tag k="amenity" v="bicycle_parking"/>
 </node>
 <node id="14138345906" visible="true" version="1" changeset="188331208" timestamp="2026-08-31T21:13:46Z" user="TrickyFoxy" uid="11528195" lat="60.0846934" lon="30.3448309">
  <tag k="check_date" v="2026-08-31"/>
  <tag k="name" v="Домовёнок"/>
  <tag k="opening_hours" v="10:00-21:00"/>
  <tag k="shop" v="hardware"/>
 </node>
 <node id="14138345908" visible="true" version="2" changeset="188424007" timestamp="2026-09-02T14:56:18Z" user="TrickyFoxy" uid="11528195" lat="60.0845806" lon="30.3450583">
  <tag k="amenity" v="bench"/>
  <tag k="armrest" v="no"/>
  <tag k="backrest" v="yes"/>
  <tag k="material" v="wood"/>
 </node>
 <node id="14138345909" visible="true" version="1" changeset="188331208" timestamp="2026-08-31T21:13:46Z" user="TrickyFoxy" uid="11528195" lat="60.0843689" lon="30.3455184">
  <tag k="amenity" v="waste_disposal"/>
 </node>
 <node id="14138345910" visible="true" version="1" changeset="188331208" timestamp="2026-08-31T21:13:46Z" user="TrickyFoxy" uid="11528195" lat="60.0847248" lon="30.3457460">
  <tag k="amenity" v="bench"/>
  <tag k="armrest" v="no"/>
  <tag k="backrest" v="no"/>
  <tag k="material" v="wood"/>
 </node>
 <node id="14138345911" visible="true" version="1" changeset="188331208" timestamp="2026-08-31T21:13:46Z" user="TrickyFoxy" uid="11528195" lat="60.0845799" lon="30.3458678">
  <tag k="amenity" v="bench"/>
  <tag k="armrest" v="no"/>
  <tag k="backrest" v="no"/>
  <tag k="material" v="wood"/>
 </node>
 <node id="14138345912" visible="true" version="1" changeset="188331208" timestamp="2026-08-31T21:13:46Z" user="TrickyFoxy" uid="11528195" lat="60.0845771" lon="30.3470631">
  <tag k="amenity" v="bicycle_parking"/>
 </node>
 <node id="14138345913" visible="true" version="1" changeset="188331208" timestamp="2026-08-31T21:13:46Z" user="TrickyFoxy" uid="11528195" lat="60.0848343" lon="30.3472675">
  <tag k="leisure" v="pitch"/>
  <tag k="sport" v="table_tennis"/>
 </node>
 <node id="14142579115" visible="true" version="1" changeset="188424007" timestamp="2026-09-02T14:56:18Z" user="TrickyFoxy" uid="11528195" lat="60.0848246" lon="30.3419764"/>
 <node id="14142579117" visible="true" version="1" changeset="188424007" timestamp="2026-09-02T14:56:18Z" user="TrickyFoxy" uid="11528195" lat="60.0849138" lon="30.3422899"/>
 <node id="14142579118" visible="true" version="1" changeset="188424007" timestamp="2026-09-02T14:56:18Z" user="TrickyFoxy" uid="11528195" lat="60.0848786" lon="30.3416576"/>
 <node id="14142579119" visible="true" version="1" changeset="188424007" timestamp="2026-09-02T14:56:18Z" user="TrickyFoxy" uid="11528195" lat="60.0848188" lon="30.3419302"/>
 <node id="14142579120" visible="true" version="1" changeset="188424007" timestamp="2026-09-02T14:56:18Z" user="TrickyFoxy" uid="11528195" lat="60.0848531" lon="30.3422031"/>
 <node id="14142579121" visible="true" version="1" changeset="188424007" timestamp="2026-09-02T14:56:18Z" user="TrickyFoxy" uid="11528195" lat="60.0848604" lon="30.3422324"/>
 <node id="14142579122" visible="true" version="1" changeset="188424007" timestamp="2026-09-02T14:56:18Z" user="TrickyFoxy" uid="11528195" lat="60.0849273" lon="30.3423046"/>
 <node id="14142579123" visible="true" version="1" changeset="188424007" timestamp="2026-09-02T14:56:18Z" user="TrickyFoxy" uid="11528195" lat="60.0849419" lon="30.3423113"/>
 <node id="14142579124" visible="true" version="1" changeset="188424007" timestamp="2026-09-02T14:56:18Z" user="TrickyFoxy" uid="11528195" lat="60.0849588" lon="30.3423057"/>
 <node id="14142579125" visible="true" version="1" changeset="188424007" timestamp="2026-09-02T14:56:18Z" user="TrickyFoxy" uid="11528195" lat="60.0849734" lon="30.3422741"/>
 <node id="14142579126" visible="true" version="1" changeset="188424007" timestamp="2026-09-02T14:56:18Z" user="TrickyFoxy" uid="11528195" lat="60.0850232" lon="30.3420965"/>
 <node id="14142579127" visible="true" version="1" changeset="188424007" timestamp="2026-09-02T14:56:18Z" user="TrickyFoxy" uid="11528195" lat="60.0837381" lon="30.3455069">
  <tag k="access" v="private"/>
  <tag k="barrier" v="gate"/>
 </node>
 <node id="14142579128" visible="true" version="1" changeset="188424007" timestamp="2026-09-02T14:56:18Z" user="TrickyFoxy" uid="11528195" lat="60.0843011" lon="30.3452177">
  <tag k="access" v="private"/>
  <tag k="barrier" v="gate"/>
 </node>
 <node id="14142579129" visible="true" version="1" changeset="188424007" timestamp="2026-09-02T14:56:18Z" user="TrickyFoxy" uid="11528195" lat="60.0848394" lon="30.3413794"/>
 <node id="14142579131" visible="true" version="1" changeset="188424007" timestamp="2026-09-02T14:56:18Z" user="TrickyFoxy" uid="11528195" lat="60.0849841" lon="30.3414182"/>
 <node id="14142579132" visible="true" version="1" changeset="188424007" timestamp="2026-09-02T14:56:18Z" user="TrickyFoxy" uid="11528195" lat="60.0850274" lon="30.3417599"/>
 <node id="14142579133" visible="true" version="1" changeset="188424007" timestamp="2026-09-02T14:56:18Z" user="TrickyFoxy" uid="11528195" lat="60.0850308" lon="30.3418771"/>
 <node id="14142579134" visible="true" version="1" changeset="188424007" timestamp="2026-09-02T14:56:18Z" user="TrickyFoxy" uid="11528195" lat="60.0850600" lon="30.3421388"/>
 <node id="14142579136" visible="true" version="1" changeset="188424007" timestamp="2026-09-02T14:56:18Z" user="TrickyFoxy" uid="11528195" lat="60.0848464" lon="30.3424320"/>
 <node id="14142579137" visible="true" version="1" changeset="188424007" timestamp="2026-09-02T14:56:18Z" user="TrickyFoxy" uid="11528195" lat="60.0847454" lon="30.3415865"/>
 <node id="14142579138" visible="true" version="1" changeset="188424007" timestamp="2026-09-02T14:56:18Z" user="TrickyFoxy" uid="11528195" lat="60.0842404" lon="30.3418291"/>
 <node id="14142579139" visible="true" version="1" changeset="188424007" timestamp="2026-09-02T14:56:18Z" user="TrickyFoxy" uid="11528195" lat="60.0843155" lon="30.3424573"/>
 <node id="14142579140" visible="true" version="1" changeset="188424007" timestamp="2026-09-02T14:56:18Z" user="TrickyFoxy" uid="11528195" lat="60.0842067" lon="30.3425096"/>
 <node id="14142579141" visible="true" version="1" changeset="188424007" timestamp="2026-09-02T14:56:18Z" user="TrickyFoxy" uid="11528195" lat="60.0843491" lon="30.3437020"/>
 <node id="14142579142" visible="true" version="1" changeset="188424007" timestamp="2026-09-02T14:56:18Z" user="TrickyFoxy" uid="11528195" lat="60.0851462" lon="30.3433129"/>
 <node id="14142579143" visible="true" version="1" changeset="188424007" timestamp="2026-09-02T14:56:18Z" user="TrickyFoxy" uid="11528195" lat="60.0850780" lon="30.3427387"/>
 <node id="14142579144" visible="true" version="1" changeset="188424007" timestamp="2026-09-02T14:56:18Z" user="TrickyFoxy" uid="11528195" lat="60.0850972" lon="30.3426835"/>
 <node id="14142579145" visible="true" version="1" changeset="188424007" timestamp="2026-09-02T14:56:18Z" user="TrickyFoxy" uid="11528195" lat="60.0852057" lon="30.3426282"/>
 <node id="14142579146" visible="true" version="1" changeset="188424007" timestamp="2026-09-02T14:56:18Z" user="TrickyFoxy" uid="11528195" lat="60.0851650" lon="30.3422789"/>
 <node id="14142579147" visible="true" version="1" changeset="188424007" timestamp="2026-09-02T14:56:18Z" user="TrickyFoxy" uid="11528195" lat="60.0846315" lon="30.3469537"/>
 <node id="14142579148" visible="true" version="1" changeset="188424007" timestamp="2026-09-02T14:56:18Z" user="TrickyFoxy" uid="11528195" lat="60.0847183" lon="30.3469105"/>
 <node id="14142579149" visible="true" version="1" changeset="188424007" timestamp="2026-09-02T14:56:18Z" user="TrickyFoxy" uid="11528195" lat="60.0845272" lon="30.3461292"/>
 <node id="14142579150" visible="true" version="1" changeset="188424007" timestamp="2026-09-02T14:56:18Z" user="TrickyFoxy" uid="11528195" lat="60.0846119" lon="30.3460853"/>
 <node id="14142579151" visible="true" version="1" changeset="188424007" timestamp="2026-09-02T14:56:18Z" user="TrickyFoxy" uid="11528195" lat="60.0845946" lon="30.3466563"/>
 <node id="14142579152" visible="true" version="1" changeset="188424007" timestamp="2026-09-02T14:56:18Z" user="TrickyFoxy" uid="11528195" lat="60.0846800" lon="30.3466138"/>
 <node id="14142579161" visible="true" version="1" changeset="188424007" timestamp="2026-09-02T14:56:18Z" user="TrickyFoxy" uid="11528195" lat="60.0852724" lon="30.3477181"/>
 <node id="14142579164" visible="true" version="1" changeset="188424007" timestamp="2026-09-02T14:56:18Z" user="TrickyFoxy" uid="11528195" lat="60.0847812" lon="30.3478906"/>
 <node id="14142579166" visible="true" version="1" changeset="188424007" timestamp="2026-09-02T14:56:18Z" user="TrickyFoxy" uid="11528195" lat="60.0852464" lon="30.3475159"/>
 <node id="14142579167" visible="true" version="1" changeset="188424007" timestamp="2026-09-02T14:56:18Z" user="TrickyFoxy" uid="11528195" lat="60.0847843" lon="30.3477509"/>
 <node id="14142579168" visible="true" version="1" changeset="188424007" timestamp="2026-09-02T14:56:18Z" user="TrickyFoxy" uid="11528195" lat="60.0848128" lon="30.3476439"/>
 <node id="14142579169" visible="true" version="2" changeset="188739602" timestamp="2026-09-08T19:12:46Z" user="TrickyFoxy" uid="11528195" lat="60.0844989" lon="30.3452083"/>
 <node id="14142579170" visible="true" version="1" changeset="188424007" timestamp="2026-09-02T14:56:18Z" user="TrickyFoxy" uid="11528195" lat="60.0848548" lon="30.3444239"/>
 <node id="14142579171" visible="true" version="1" changeset="188424007" timestamp="2026-09-02T14:56:18Z" user="TrickyFoxy" uid="11528195" lat="60.0848856" lon="30.3444081"/>
 <node id="14142579172" visible="true" version="1" changeset="188424007" timestamp="2026-09-02T14:56:18Z" user="TrickyFoxy" uid="11528195" lat="60.0853552" lon="30.3441682"/>
 <node id="14142579173" visible="true" version="1" changeset="188424007" timestamp="2026-09-02T14:56:18Z" user="TrickyFoxy" uid="11528195" lat="60.0853889" lon="30.3440947"/>
 <node id="14142579174" visible="true" version="1" changeset="188424007" timestamp="2026-09-02T14:56:18Z" user="TrickyFoxy" uid="11528195" lat="60.0851726" lon="30.3422664"/>
 <node id="14142579175" visible="true" version="1" changeset="188424007" timestamp="2026-09-02T14:56:18Z" user="TrickyFoxy" uid="11528195" lat="60.0857442" lon="30.3446047"/>
 <node id="14142579176" visible="true" version="1" changeset="188424007" timestamp="2026-09-02T14:56:18Z" user="TrickyFoxy" uid="11528195" lat="60.0857164" lon="30.3446193"/>
 <node id="14142579177" visible="true" version="1" changeset="188424007" timestamp="2026-09-02T14:56:18Z" user="TrickyFoxy" uid="11528195" lat="60.0856294" lon="30.3438684"/>
 <node id="14142579178" visible="true" version="1" changeset="188424007" timestamp="2026-09-02T14:56:18Z" user="TrickyFoxy" uid="11528195" lat="60.0856590" lon="30.3438971"/>
 <node id="14142579179" visible="true" version="1" changeset="188424007" timestamp="2026-09-02T14:56:18Z" user="TrickyFoxy" uid="11528195" lat="60.0856666" lon="30.3439605"/>
 <node id="14142579180" visible="true" version="1" changeset="188424007" timestamp="2026-09-02T14:56:18Z" user="TrickyFoxy" uid="11528195" lat="60.0856182" lon="30.3435577"/>
 <node id="14142579181" visible="true" version="1" changeset="188424007" timestamp="2026-09-02T14:56:18Z" user="TrickyFoxy" uid="11528195" lat="60.0857301" lon="30.3444883"/>
 <node id="14142579182" visible="true" version="1" changeset="188424007" timestamp="2026-09-02T14:56:18Z" user="TrickyFoxy" uid="11528195" lat="60.0855897" lon="30.3439977"/>
 <node id="14142579183" visible="true" version="1" changeset="188424007" timestamp="2026-09-02T14:56:18Z" user="TrickyFoxy" uid="11528195" lat="60.0855024" lon="30.3440399"/>
 <node id="14142579184" visible="true" version="1" changeset="188424007" timestamp="2026-09-02T14:56:18Z" user="TrickyFoxy" uid="11528195" lat="60.0855866" lon="30.3438902"/>
 <node id="14142579185" visible="true" version="1" changeset="188424007" timestamp="2026-09-02T14:56:18Z" user="TrickyFoxy" uid="11528195" lat="60.0856157" lon="30.3439298"/>
 <node id="14142579186" visible="true" version="1" changeset="188424007" timestamp="2026-09-02T14:56:18Z" user="TrickyFoxy" uid="11528195" lat="60.0856370" lon="30.3439748"/>
 <node id="14142579187" visible="true" version="1" changeset="188424007" timestamp="2026-09-02T14:56:18Z" user="TrickyFoxy" uid="11528195" lat="60.0857007" lon="30.3445045"/>
 <node id="14142579188" visible="true" version="1" changeset="188424007" timestamp="2026-09-02T14:56:18Z" user="TrickyFoxy" uid="11528195" lat="60.0857194" lon="30.3450322"/>
 <node id="14142579189" visible="true" version="1" changeset="188424007" timestamp="2026-09-02T14:56:18Z" user="TrickyFoxy" uid="11528195" lat="60.0856687" lon="30.3446444"/>
 <node id="14142579190" visible="true" version="1" changeset="188424007" timestamp="2026-09-02T14:56:18Z" user="TrickyFoxy" uid="11528195" lat="60.0849181" lon="30.3449343"/>
 <node id="14142579191" visible="true" version="1" changeset="188424007" timestamp="2026-09-02T14:56:18Z" user="TrickyFoxy" uid="11528195" lat="60.0849490" lon="30.3449189"/>
 <node id="14142579192" visible="true" version="1" changeset="188424007" timestamp="2026-09-02T14:56:18Z" user="TrickyFoxy" uid="11528195" lat="60.0855773" lon="30.3438949"/>
 <node id="14142579193" visible="true" version="1" changeset="188424007" timestamp="2026-09-02T14:56:18Z" user="TrickyFoxy" uid="11528195" lat="60.0856538" lon="30.3445304"/>
 <node id="14142579194" visible="true" version="1" changeset="188424007" timestamp="2026-09-02T14:56:18Z" user="TrickyFoxy" uid="11528195" lat="60.0848333" lon="30.3442510"/>
 <node id="14142579195" visible="true" version="1" changeset="188424007" timestamp="2026-09-02T14:56:18Z" user="TrickyFoxy" uid="11528195" lat="60.0847621" lon="30.3449431"/>
 <node id="14142579196" visible="true" version="1" changeset="188424007" timestamp="2026-09-02T14:56:18Z" user="TrickyFoxy" uid="11528195" lat="60.0843972" lon="30.3451252"/>
 <node id="14163279016" visible="true" version="1" changeset="188735310" timestamp="2026-09-08T17:27:47Z" user="TrickyFoxy" uid="11528195" lat="60.0853789" lon="30.3424807">
  <tag k="brand" v="Ozon"/>
  <tag k="brand:wikidata" v="Q2365235"/>
  <tag k="check_date" v="2026-09-08"/>
  <tag k="name" v="Ozon"/>
  <tag k="shop" v="outpost"/>
 </node>
 <node id="14163279019" visible="true" version="1" changeset="188735310" timestamp="2026-09-08T17:27:47Z" user="TrickyFoxy" uid="11528195" lat="60.0835142" lon="30.3424100">
  <tag k="amenity" v="bench"/>
  <tag k="armrest" v="no"/>
  <tag k="backrest" v="yes"/>
  <tag k="material" v="wood"/>
 </node>
 <node id="14163279020" visible="true" version="1" changeset="188735310" timestamp="2026-09-08T17:27:47Z" user="TrickyFoxy" uid="11528195" lat="60.0835272" lon="30.3426813">
  <tag k="amenity" v="bench"/>
  <tag k="armrest" v="no"/>
  <tag k="backrest" v="yes"/>
  <tag k="material" v="wood"/>
 </node>
 <node id="14163279021" visible="true" version="1" changeset="188735310" timestamp="2026-09-08T17:27:47Z" user="TrickyFoxy" uid="11528195" lat="60.0836008" lon="30.3426486">
  <tag k="amenity" v="bicycle_parking"/>
 </node>
 <node id="14163279022" visible="true" version="1" changeset="188735310" timestamp="2026-09-08T17:27:47Z" user="TrickyFoxy" uid="11528195" lat="60.0838202" lon="30.3425559">
  <tag k="amenity" v="bicycle_parking"/>
 </node>
 <node id="14163279023" visible="true" version="1" changeset="188735310" timestamp="2026-09-08T17:27:47Z" user="TrickyFoxy" uid="11528195" lat="60.0838766" lon="30.3425087">
  <tag k="amenity" v="bench"/>
  <tag k="armrest" v="no"/>
  <tag k="backrest" v="yes"/>
  <tag k="material" v="wood"/>
 </node>
 <node id="14163279024" visible="true" version="1" changeset="188735310" timestamp="2026-09-08T17:27:47Z" user="TrickyFoxy" uid="11528195" lat="60.0841297" lon="30.3429741">
  <tag k="traffic_calming" v="bump"/>
 </node>
 <node id="14163279025" visible="true" version="1" changeset="188735310" timestamp="2026-09-08T17:27:47Z" user="TrickyFoxy" uid="11528195" lat="60.0840654" lon="30.3436330">
  <tag k="brand" v="Wildberries"/>
  <tag k="brand:wikidata" v="Q24933714"/>
  <tag k="check_date" v="2026-09-08"/>
  <tag k="name" v="Wildberries"/>
  <tag k="shop" v="outpost"/>
 </node>
 <node id="14163279030" visible="true" version="1" changeset="188735310" timestamp="2026-09-08T17:27:47Z" user="TrickyFoxy" uid="11528195" lat="60.0829770" lon="30.3445937">
  <tag k="amenity" v="bench"/>
  <tag k="armrest" v="yes"/>
  <tag k="backrest" v="yes"/>
  <tag k="material" v="wood"/>
 </node>
 <node id="14163279050" visible="true" version="1" changeset="188735310" timestamp="2026-09-08T17:27:47Z" user="TrickyFoxy" uid="11528195" lat="60.0848055" lon="30.3413956">
  <tag k="traffic_calming" v="bump"/>
 </node>
 <node id="14163279057" visible="true" version="1" changeset="188735310" timestamp="2026-09-08T17:27:47Z" user="TrickyFoxy" uid="11528195" lat="60.0853863" lon="30.3423895">
  <tag k="brand" v="Wildberries"/>
  <tag k="brand:wikidata" v="Q24933714"/>
  <tag k="check_date" v="2026-09-08"/>
  <tag k="name" v="Wildberries"/>
  <tag k="shop" v="outpost"/>
 </node>
 <node id="14163279058" visible="true" version="1" changeset="188735310" timestamp="2026-09-08T17:27:47Z" user="TrickyFoxy" uid="11528195" lat="60.0852115" lon="30.3422559">
  <tag k="traffic_calming" v="bump"/>
 </node>
 <node id="14163279059" visible="true" version="1" changeset="188735310" timestamp="2026-09-08T17:27:47Z" user="TrickyFoxy" uid="11528195" lat="60.0852012" lon="30.3425083">
  <tag k="barrier" v="gate"/>
 </node>
 <node id="14163279060" visible="true" version="1" changeset="188735310" timestamp="2026-09-08T17:27:47Z" user="TrickyFoxy" uid="11528195" lat="60.0853134" lon="30.3426506">
  <tag k="amenity" v="bicycle_parking"/>
 </node>
 <node id="14163279061" visible="true" version="1" changeset="188735310" timestamp="2026-09-08T17:27:47Z" user="TrickyFoxy" uid="11528195" lat="60.0839309" lon="30.3442181">
  <tag k="amenity" v="bicycle_parking"/>
 </node>
 <node id="14163279062" visible="true" version="1" changeset="188735310" timestamp="2026-09-08T17:27:47Z" user="TrickyFoxy" uid="11528195" lat="60.0853202" lon="30.3427621">
  <tag k="amenity" v="bench"/>
  <tag k="armrest" v="no"/>
  <tag k="backrest" v="yes"/>
  <tag k="material" v="wood"/>
 </node>
 <node id="14163279063" visible="true" version="1" changeset="188735310" timestamp="2026-09-08T17:27:47Z" user="TrickyFoxy" uid="11528195" lat="60.0853927" lon="30.3431337">
  <tag k="amenity" v="bench"/>
  <tag k="armrest" v="no"/>
  <tag k="backrest" v="yes"/>
  <tag k="material" v="wood"/>
 </node>
 <node id="14163279064" visible="true" version="1" changeset="188735310" timestamp="2026-09-08T17:27:47Z" user="TrickyFoxy" uid="11528195" lat="60.0854033" lon="30.3432899">
  <tag k="amenity" v="bicycle_parking"/>
 </node>
 <node id="14163279065" visible="true" version="1" changeset="188735310" timestamp="2026-09-08T17:27:47Z" user="TrickyFoxy" uid="11528195" lat="60.0850155" lon="30.3443893">
  <tag k="amenity" v="bench"/>
  <tag k="armrest" v="no"/>
  <tag k="backrest" v="yes"/>
  <tag k="material" v="wood"/>
 </node>
 <node id="14163279066" visible="true" version="1" changeset="188735310" timestamp="2026-09-08T17:27:47Z" user="TrickyFoxy" uid="11528195" lat="60.0849761" lon="30.3451638">
  <tag k="traffic_calming" v="bump"/>
 </node>
 <node id="14163279067" visible="true" version="1" changeset="188735310" timestamp="2026-09-08T17:27:47Z" user="TrickyFoxy" uid="11528195" lat="60.0853610" lon="30.3464464">
  <tag k="amenity" v="bicycle_parking"/>
 </node>
 <node id="14163279068" visible="true" version="1" changeset="188735310" timestamp="2026-09-08T17:27:47Z" user="TrickyFoxy" uid="11528195" lat="60.0854063" lon="30.3467719">
  <tag k="amenity" v="bicycle_parking"/>
 </node>
 <node id="14163279069" visible="true" version="1" changeset="188735310" timestamp="2026-09-08T17:27:47Z" user="TrickyFoxy" uid="11528195" lat="60.0853327" lon="30.3469194">
  <tag k="traffic_calming" v="bump"/>
 </node>
 <node id="14163279070" visible="true" version="1" changeset="188735310" timestamp="2026-09-08T17:27:47Z" user="TrickyFoxy" uid="11528195" lat="60.0854159" lon="30.3468245">
  <tag k="amenity" v="bench"/>
  <tag k="armrest" v="no"/>
  <tag k="backrest" v="yes"/>
  <tag k="material" v="wood"/>
 </node>
 <node id="14163279071" visible="true" version="1" changeset="188735310" timestamp="2026-09-08T17:27:47Z" user="TrickyFoxy" uid="11528195" lat="60.0851700" lon="30.3473585">
  <tag k="power" v="substation"/>
 </node>
 <node id="14163279074" visible="true" version="1" changeset="188735310" timestamp="2026-09-08T17:27:47Z" user="TrickyFoxy" uid="11528195" lat="60.0853029" lon="30.3476244">
  <tag k="traffic_calming" v="bump"/>
 </node>
 <node id="14163284605" visible="true" version="1" changeset="188735310" timestamp="2026-09-08T17:27:47Z" user="TrickyFoxy" uid="11528195" lat="60.0841031" lon="30.3447696">
  <tag k="amenity" v="bench"/>
  <tag k="armrest" v="no"/>
  <tag k="backrest" v="yes"/>
  <tag k="material" v="wood"/>
 </node>
 <node id="14163284607" visible="true" version="1" changeset="188735310" timestamp="2026-09-08T17:27:47Z" user="TrickyFoxy" uid="11528195" lat="60.0846144" lon="30.3472107">
  <tag k="amenity" v="bench"/>
  <tag k="armrest" v="no"/>
  <tag k="backrest" v="yes"/>
  <tag k="material" v="wood"/>
 </node>
 <node id="14163284608" visible="true" version="1" changeset="188735310" timestamp="2026-09-08T17:27:47Z" user="TrickyFoxy" uid="11528195" lat="60.0845665" lon="30.3471366">
  <tag k="amenity" v="bench"/>
  <tag k="armrest" v="no"/>
  <tag k="backrest" v="yes"/>
  <tag k="material" v="wood"/>
 </node>
 <node id="14163284609" visible="true" version="1" changeset="188735310" timestamp="2026-09-08T17:27:47Z" user="TrickyFoxy" uid="11528195" lat="60.0838296" lon="30.3469410">
  <tag k="traffic_calming" v="bump"/>
 </node>
 <node id="14163284610" visible="true" version="1" changeset="188735310" timestamp="2026-09-08T17:27:47Z" user="TrickyFoxy" uid="11528195" lat="60.0838457" lon="30.3461329">
  <tag k="brand" v="Ozon"/>
  <tag k="brand:wikidata" v="Q2365235"/>
  <tag k="check_date" v="2026-09-08"/>
  <tag k="name" v="Ozon"/>
  <tag k="opening_hours" v="10:00-22:00"/>
  <tag k="shop" v="outpost"/>
 </node>
 <node id="14163284611" visible="true" version="1" changeset="188735310" timestamp="2026-09-08T17:27:47Z" user="TrickyFoxy" uid="11528195" lat="60.0838326" lon="30.3459717">
  <tag k="check_date" v="2026-09-08"/>
  <tag k="name" v="Цвет &amp; Торг"/>
  <tag k="opening_hours" v="24/7"/>
  <tag k="shop" v="florist"/>
 </node>
 <node id="14163284612" visible="true" version="1" changeset="188735310" timestamp="2026-09-08T17:27:47Z" user="TrickyFoxy" uid="11528195" lat="60.0837907" lon="30.3460560">
  <tag k="amenity" v="bench"/>
  <tag k="armrest" v="no"/>
  <tag k="backrest" v="yes"/>
  <tag k="material" v="wood"/>
 </node>
 <node id="14163284613" visible="true" version="1" changeset="188735310" timestamp="2026-09-08T17:27:47Z" user="TrickyFoxy" uid="11528195" lat="60.0837638" lon="30.3458183">
  <tag k="amenity" v="bicycle_parking"/>
 </node>
 <node id="14163284614" visible="true" version="1" changeset="188735310" timestamp="2026-09-08T17:27:47Z" user="TrickyFoxy" uid="11528195" lat="60.0837708" lon="30.3458802">
  <tag k="amenity" v="bicycle_parking"/>
 </node>
 <node id="14163284615" visible="true" version="1" changeset="188735310" timestamp="2026-09-08T17:27:47Z" user="TrickyFoxy" uid="11528195" lat="60.0838056" lon="30.3458296">
  <tag k="brand" v="Пивточка"/>
  <tag k="brand:wikidata" v="Q110138021"/>
  <tag k="check_date" v="2026-09-08"/>
  <tag k="name" v="Пивточка"/>
  <tag k="shop" v="alcohol"/>
 </node>
 <node id="14163284616" visible="true" version="1" changeset="188735310" timestamp="2026-09-08T17:27:47Z" user="TrickyFoxy" uid="11528195" lat="60.0837955" lon="30.3457901">
  <tag k="door" v="hinged"/>
  <tag k="entrance" v="shop"/>
 </node>
 <node id="14163284617" visible="true" version="1" changeset="188735310" timestamp="2026-09-08T17:27:47Z" user="TrickyFoxy" uid="11528195" lat="60.0838371" lon="30.3453233">
  <tag k="amenity" v="bicycle_parking"/>
 </node>
 <node id="14163284618" visible="true" version="1" changeset="188735310" timestamp="2026-09-08T17:27:47Z" user="TrickyFoxy" uid="11528195" lat="60.0837167" lon="30.3453201">
  <tag k="door" v="hinged"/>
  <tag k="entrance" v="service"/>
 </node>
 <node id="14163284619" visible="true" version="1" changeset="188735310" timestamp="2026-09-08T17:27:47Z" user="TrickyFoxy" uid="11528195" lat="60.0837071" lon="30.3450615">
  <tag k="door" v="hinged"/>
  <tag k="entrance" v="shop"/>
 </node>
 <node id="14163284620" visible="true" version="1" changeset="188735310" timestamp="2026-09-08T17:27:47Z" user="TrickyFoxy" uid="11528195" lat="60.0836703" lon="30.3449454">
  <tag k="amenity" v="bicycle_parking"/>
 </node>
 <node id="14163284621" visible="true" version="1" changeset="188735310" timestamp="2026-09-08T17:27:47Z" user="TrickyFoxy" uid="11528195" lat="60.0838505" lon="30.3448731">
  <tag k="amenity" v="bench"/>
  <tag k="armrest" v="no"/>
  <tag k="backrest" v="yes"/>
  <tag k="material" v="wood"/>
 </node>
 <node id="14163284622" visible="true" version="1" changeset="188735310" timestamp="2026-09-08T17:27:47Z" user="TrickyFoxy" uid="11528195" lat="60.0838335" lon="30.3444315">
  <tag k="amenity" v="waste_disposal"/>
 </node>
 <node id="14163284623" visible="true" version="1" changeset="188735310" timestamp="2026-09-08T17:27:47Z" user="TrickyFoxy" uid="11528195" lat="60.0839792" lon="30.3448891">
  <tag k="amenity" v="bicycle_parking"/>
 </node>
 <node id="14163284624" visible="true" version="1" changeset="188735310" timestamp="2026-09-08T17:27:47Z" user="TrickyFoxy" uid="11528195" lat="60.0840227" lon="30.3448276">
  <tag k="amenity" v="bicycle_parking"/>
 </node>
 <node id="14163424152" visible="true" version="1" changeset="188738270" timestamp="2026-09-08T18:41:07Z" user="TrickyFoxy" uid="11528195" lat="60.0841701" lon="30.3468922"/>
 <node id="14163424153" visible="true" version="1" changeset="188738270" timestamp="2026-09-08T18:41:07Z" user="TrickyFoxy" uid="11528195" lat="60.0841860" lon="30.3470159"/>
 <node id="14163424154" visible="true" version="1" changeset="188738270" timestamp="2026-09-08T18:41:07Z" user="TrickyFoxy" uid="11528195" lat="60.0845041" lon="30.3468516"/>
 <node id="14163424155" visible="true" version="1" changeset="188738270" timestamp="2026-09-08T18:41:07Z" user="TrickyFoxy" uid="11528195" lat="60.0831731" lon="30.3418912"/>
 <node id="14163424156" visible="true" version="1" changeset="188738270" timestamp="2026-09-08T18:41:07Z" user="TrickyFoxy" uid="11528195" lat="60.0835407" lon="30.3424920"/>
 <node id="14163424157" visible="true" version="1" changeset="188738270" timestamp="2026-09-08T18:41:07Z" user="TrickyFoxy" uid="11528195" lat="60.0835352" lon="30.3424458"/>
 <node id="14163424158" visible="true" version="1" changeset="188738270" timestamp="2026-09-08T18:41:07Z" user="TrickyFoxy" uid="11528195" lat="60.0835226" lon="30.3423401"/>
 <node id="14163424159" visible="true" version="1" changeset="188738270" timestamp="2026-09-08T18:41:07Z" user="TrickyFoxy" uid="11528195" lat="60.0835168" lon="30.3422920"/>
 <node id="14163424160" visible="true" version="1" changeset="188738270" timestamp="2026-09-08T18:41:07Z" user="TrickyFoxy" uid="11528195" lat="60.0835098" lon="30.3422327"/>
 <node id="14163424161" visible="true" version="1" changeset="188738270" timestamp="2026-09-08T18:41:07Z" user="TrickyFoxy" uid="11528195" lat="60.0835486" lon="30.3425586"/>
 <node id="14163424172" visible="true" version="1" changeset="188738270" timestamp="2026-09-08T18:41:07Z" user="TrickyFoxy" uid="11528195" lat="60.0840804" lon="30.3410899"/>
 <node id="14163424175" visible="true" version="1" changeset="188738270" timestamp="2026-09-08T18:41:07Z" user="TrickyFoxy" uid="11528195" lat="60.0847020" lon="30.3407796"/>
 <node id="14163424181" visible="true" version="1" changeset="188738270" timestamp="2026-09-08T18:41:07Z" user="TrickyFoxy" uid="11528195" lat="60.0851551" lon="30.3405622"/>
 <node id="14163552922" visible="true" version="1" changeset="188739602" timestamp="2026-09-08T19:12:46Z" user="TrickyFoxy" uid="11528195" lat="60.0852925" lon="30.3440166"/>
 <node id="14163552923" visible="true" version="1" changeset="188739602" timestamp="2026-09-08T19:12:46Z" user="TrickyFoxy" uid="11528195" lat="60.0853510" lon="30.3437741"/>
 <node id="14163552924" visible="true" version="1" changeset="188739602" timestamp="2026-09-08T19:12:46Z" user="TrickyFoxy" uid="11528195" lat="60.0850380" lon="30.3451332"/>
 <node id="14163552925" visible="true" version="1" changeset="188739602" timestamp="2026-09-08T19:12:46Z" user="TrickyFoxy" uid="11528195" lat="60.0849947" lon="30.3451561"/>
 <node id="14163552926" visible="true" version="1" changeset="188739602" timestamp="2026-09-08T19:12:46Z" user="TrickyFoxy" uid="11528195" lat="60.0850032" lon="30.3452214"/>
 <node id="14163552927" visible="true" version="1" changeset="188739602" timestamp="2026-09-08T19:12:46Z" user="TrickyFoxy" uid="11528195" lat="60.0850466" lon="30.3451985"/>
 <node id="14163552929" visible="true" version="1" changeset="188739602" timestamp="2026-09-08T19:12:46Z" user="TrickyFoxy" uid="11528195" lat="60.0853063" lon="30.3479725"/>
 <way id="407583252" visible="true" version="12" changeset="143619638" timestamp="2023-11-04T15:43:24Z" user="mini-me" uid="3846961">
  <nd ref="4449047489"/>
  <nd ref="11314475036"/>
  <nd ref="11314475035"/>
  <nd ref="11314475034"/>
  <nd ref="11314475033"/>
  <nd ref="11314475032"/>
  <nd ref="8068052362"/>
  <nd ref="4097972057"/>
  <nd ref="4099226795"/>
  <nd ref="4099224079"/>
  <nd ref="11314475031"/>
  <nd ref="4099224078"/>
 </way>
 <way id="407901330" visible="true" version="6" changeset="143619638" timestamp="2023-11-04T15:43:24Z" user="mini-me" uid="3846961">
  <nd ref="4097972057"/>
  <nd ref="4099226827"/>
  <nd ref="11314475170"/>
  <nd ref="4099226828"/>
  <nd ref="4099226884"/>
  <nd ref="4099226793"/>
  <nd ref="4099226795"/>
  <nd ref="4097972057"/>
  <tag k="description" v="Земля под постройку паркинга, северная Долина"/>
  <tag k="landuse" v="greenfield"/>
 </way>
 <way id="421563015" visible="true" version="8" changeset="92299281" timestamp="2020-10-11T11:47:31Z" user="sleemp" uid="8660675">
  <nd ref="4213129893"/>
  <nd ref="4213129894"/>
  <nd ref="4213129896"/>
  <nd ref="4213129897"/>
  <nd ref="4213129898"/>
  <nd ref="4099224081"/>
  <nd ref="7881765941"/>
  <nd ref="4099224082"/>
  <nd ref="4213129899"/>
  <nd ref="7881771099"/>
  <nd ref="7881771100"/>
  <nd ref="7881758851"/>
  <nd ref="4213129893"/>
  <tag k="building" v="apartments"/>
  <tag k="building:levels" v="26"/>
  <tag k="description" v="очередь 12 корпус 12"/>
 </way>
 <way id="703479966" visible="true" version="16" changeset="169023054" timestamp="2025-07-16T16:34:13Z" user="Bobropiton" uid="2055718">
  <nd ref="6606427542"/>
  <nd ref="11314475085"/>
  <nd ref="6606406795"/>
  <tag k="foot" v="no"/>
  <tag k="highway" v="tertiary"/>
  <tag k="lanes" v="2"/>
  <tag k="lit" v="no"/>
  <tag k="maxspeed" v="RU:urban"/>
  <tag k="name" v="Заречная улица"/>
  <tag k="oneway" v="yes"/>
  <tag k="surface" v="asphalt"/>
  <tag k="trolley_wire" v="no"/>
 </way>
 <way id="703480431" visible="true" version="17" changeset="178379593" timestamp="2026-02-10T21:27:23Z" user="Константин Гам" uid="392109">
  <nd ref="6606406802"/>
  <nd ref="6606406801"/>
  <nd ref="6606406800"/>
  <nd ref="13092725834"/>
  <nd ref="11314475173"/>
  <nd ref="6606406799"/>
  <nd ref="11314475172"/>
  <nd ref="6606406798"/>
  <nd ref="8068064611"/>
  <nd ref="12791310714"/>
  <nd ref="6606406797"/>
  <nd ref="11314475171"/>
  <nd ref="7260593079"/>
  <nd ref="8780989638"/>
  <nd ref="7260593080"/>
  <nd ref="9070006905"/>
  <nd ref="8068064634"/>
  <nd ref="11314475084"/>
  <nd ref="9516542210"/>
  <nd ref="13541847194"/>
  <nd ref="6606406795"/>
  <tag k="foot" v="no"/>
  <tag k="highway" v="residential"/>
  <tag k="lanes" v="1"/>
  <tag k="lit" v="yes"/>
  <tag k="maxspeed" v="RU:urban"/>
  <tag k="noname" v="yes"/>
  <tag k="oneway" v="yes"/>
  <tag k="side_road" v="yes"/>
  <tag k="surface" v="asphalt"/>
 </way>
 <way id="703480432" visible="true" version="10" changeset="178379593" timestamp="2026-02-10T21:27:23Z" user="Константин Гам" uid="392109">
  <nd ref="6606406810"/>
  <nd ref="11314475086"/>
  <nd ref="8064630888"/>
  <nd ref="11314475087"/>
  <nd ref="7061502498"/>
  <nd ref="7260593077"/>
  <nd ref="7260593078"/>
  <nd ref="11314475083"/>
  <nd ref="6606406808"/>
  <nd ref="11314475167"/>
  <nd ref="6606406807"/>
  <nd ref="6900621600"/>
  <nd ref="6606406806"/>
  <nd ref="11314475102"/>
  <nd ref="6606406805"/>
  <nd ref="11314475103"/>
  <nd ref="6606406804"/>
  <nd ref="13541847195"/>
  <nd ref="6606406803"/>
  <tag k="foot" v="no"/>
  <tag k="highway" v="residential"/>
  <tag k="lanes" v="1"/>
  <tag k="lit" v="no"/>
  <tag k="maxspeed" v="RU:urban"/>
  <tag k="noname" v="yes"/>
  <tag k="oneway" v="yes"/>
  <tag k="side_road" v="yes"/>
  <tag k="surface" v="asphalt"/>
 </way>
 <way id="725963246" visible="true" version="13" changeset="171691297" timestamp="2025-09-09T15:00:37Z" user="Bobropiton" uid="2055718">
  <nd ref="13131124268"/>
  <nd ref="6606406810"/>
  <nd ref="6606427537"/>
  <nd ref="13131124265"/>
  <tag k="foot" v="no"/>
  <tag k="highway" v="tertiary"/>
  <tag k="lanes" v="2"/>
  <tag k="lit" v="yes"/>
  <tag k="maxspeed" v="RU:urban"/>
  <tag k="name" v="Заречная улица"/>
  <tag k="oneway" v="yes"/>
  <tag k="surface" v="asphalt"/>
  <tag k="trolley_wire" v="no"/>
 </way>
 <way id="725963247" visible="true" version="14" changeset="171691297" timestamp="2025-09-09T15:00:37Z" user="Bobropiton" uid="2055718">
  <nd ref="6806447805"/>
  <nd ref="6606427536"/>
  <nd ref="13131124267"/>
  <tag k="foot" v="no"/>
  <tag k="highway" v="tertiary"/>
  <tag k="lanes" v="2"/>
  <tag k="lit" v="no"/>
  <tag k="maxspeed" v="RU:urban"/>
  <tag k="name" v="Заречная улица"/>
  <tag k="oneway" v="yes"/>
  <tag k="surface" v="asphalt"/>
  <tag k="trolley_wire" v="no"/>
 </way>
 <way id="756057542" visible="true" version="5" changeset="143621742" timestamp="2023-11-04T16:36:56Z" user="mini-me" uid="3846961">
  <nd ref="7061502498"/>
  <nd ref="8780968115"/>
  <nd ref="7061502497"/>
  <nd ref="7061502496"/>
  <nd ref="7061502495"/>
  <nd ref="8226991519"/>
  <nd ref="7061502494"/>
  <tag k="highway" v="service"/>
  <tag k="living_street" v="yes"/>
  <tag k="surface" v="asphalt"/>
 </way>
 <way id="777970121" visible="true" version="6" changeset="143619638" timestamp="2023-11-04T15:43:24Z" user="mini-me" uid="3846961">
  <nd ref="11314475025"/>
  <nd ref="6606427536"/>
  <nd ref="6606427537"/>
  <nd ref="11314475018"/>
  <tag k="crossing" v="traffic_signals"/>
  <tag k="crossing:island" v="yes"/>
  <tag k="footway" v="crossing"/>
  <tag k="highway" v="footway"/>
  <tag k="lit" v="yes"/>
  <tag k="surface" v="asphalt"/>
  <tag k="tactile_paving" v="yes"/>
 </way>
 <way id="797518228" visible="true" version="12" changeset="169023054" timestamp="2025-07-16T16:34:13Z" user="Bobropiton" uid="2055718">
  <nd ref="6606406795"/>
  <nd ref="6606427553"/>
  <nd ref="11549954465"/>
  <tag k="foot" v="no"/>
  <tag k="highway" v="tertiary"/>
  <tag k="lanes" v="3"/>
  <tag k="lit" v="yes"/>
  <tag k="maxspeed" v="RU:urban"/>
  <tag k="name" v="Заречная улица"/>
  <tag k="oneway" v="yes"/>
  <tag k="placement" v="right_of:1"/>
  <tag k="surface" v="asphalt"/>
  <tag k="trolley_wire" v="no"/>
  <tag k="turn:lanes" v="left|left;right|right"/>
 </way>
 <way id="854020506" visible="true" version="12" changeset="183791534" timestamp="2026-06-07T17:15:15Z" user="masmirnov" uid="16256027">
  <nd ref="7964713204"/>
  <nd ref="12061634869"/>
  <nd ref="7964713218"/>
  <nd ref="8077257517"/>
  <nd ref="9070006913"/>
  <nd ref="8077257515"/>
  <nd ref="7964713212"/>
  <nd ref="8077257432"/>
  <nd ref="9743718856"/>
  <nd ref="8077257433"/>
  <nd ref="7964713209"/>
  <nd ref="8077257514"/>
  <nd ref="8077257516"/>
  <nd ref="7964713204"/>
  <tag k="addr:city" v="Парголово"/>
  <tag k="addr:housenumber" v="38 к1"/>
  <tag k="addr:postcode" v="194363"/>
  <tag k="addr:street" v="Заречная улица"/>
  <tag k="building" v="apartments"/>
  <tag k="building:flats" v="118"/>
  <tag k="building:levels" v="16"/>
  <tag k="building:levels:underground" v="1"/>
  <tag k="energy_class" v="C"/>
  <tag k="roof:shape" v="flat"/>
  <tag k="source" v="Maxar"/>
  <tag k="start_date" v="2021-02-04"/>
 </way>
 <way id="854020507" visible="true" version="9" changeset="183791534" timestamp="2026-06-07T17:15:15Z" user="masmirnov" uid="16256027">
  <nd ref="7964713217"/>
  <nd ref="7964713210"/>
  <nd ref="7964713208"/>
  <nd ref="7964713207"/>
  <nd ref="11581680927"/>
  <nd ref="7964713217"/>
  <tag k="addr:city" v="Парголово"/>
  <tag k="addr:housenumber" v="40 к2"/>
  <tag k="addr:postcode" v="194363"/>
  <tag k="addr:street" v="Заречная улица"/>
  <tag k="building" v="apartments"/>
  <tag k="building:flats" v="122"/>
  <tag k="building:levels" v="25"/>
  <tag k="building:levels:underground" v="1"/>
  <tag k="energy_class" v="C"/>
  <tag k="roof:shape" v="flat"/>
  <tag k="source" v="Maxar"/>
  <tag k="start_date" v="2021-02-04"/>
 </way>
 <way id="854020508" visible="true" version="8" changeset="183791534" timestamp="2026-06-07T17:15:15Z" user="masmirnov" uid="16256027">
  <nd ref="7964713203"/>
  <nd ref="12662174657"/>
  <nd ref="7964713205"/>
  <nd ref="7964713211"/>
  <nd ref="9753600902"/>
  <nd ref="7964713206"/>
  <nd ref="7964713203"/>
  <tag k="addr:city" v="Парголово"/>
  <tag k="addr:housenumber" v="38 к2"/>
  <tag k="addr:postcode" v="194363"/>
  <tag k="addr:street" v="Заречная улица"/>
  <tag k="building" v="apartments"/>
  <tag k="building:flats" v="146"/>
  <tag k="building:levels" v="25"/>
  <tag k="building:levels:underground" v="1"/>
  <tag k="energy_class" v="C"/>
  <tag k="roof:shape" v="flat"/>
  <tag k="source" v="Maxar"/>
  <tag k="start_date" v="2021-02-04"/>
 </way>
 <way id="854020509" visible="true" version="10" changeset="188735310" timestamp="2026-09-08T17:27:47Z" user="TrickyFoxy" uid="11528195">
  <nd ref="7964713215"/>
  <nd ref="7964713214"/>
  <nd ref="7964713213"/>
  <nd ref="14163284618"/>
  <nd ref="7964713216"/>
  <nd ref="14163284619"/>
  <nd ref="10570956396"/>
  <nd ref="10570956397"/>
  <nd ref="7964713215"/>
  <tag k="addr:city" v="Парголово"/>
  <tag k="addr:housenumber" v="40 к1"/>
  <tag k="addr:postcode" v="194363"/>
  <tag k="addr:street" v="Заречная улица"/>
  <tag k="building" v="apartments"/>
  <tag k="building:flats" v="317"/>
  <tag k="building:levels" v="25"/>
  <tag k="building:levels:underground" v="1"/>
  <tag k="energy_class" v="C"/>
  <tag k="roof:shape" v="flat"/>
  <tag k="source" v="Maxar"/>
  <tag k="start_date" v="2021-02-04"/>
 </way>
 <way id="854024204" visible="true" version="11" changeset="188735310" timestamp="2026-09-08T17:27:47Z" user="TrickyFoxy" uid="11528195">
  <nd ref="7964743753"/>
  <nd ref="8077257431"/>
  <nd ref="11409705200"/>
  <nd ref="8077257430"/>
  <nd ref="7964743774"/>
  <nd ref="8077257511"/>
  <nd ref="8077257513"/>
  <nd ref="7964743749"/>
  <nd ref="7964743771"/>
  <nd ref="8077257512"/>
  <nd ref="8077257510"/>
  <nd ref="14163284616"/>
  <nd ref="7964743753"/>
  <tag k="addr:city" v="Парголово"/>
  <tag k="addr:housenumber" v="42 к1"/>
  <tag k="addr:postcode" v="194363"/>
  <tag k="addr:street" v="Заречная улица"/>
  <tag k="building" v="apartments"/>
  <tag k="building:flats" v="118"/>
  <tag k="building:levels" v="16"/>
  <tag k="building:levels:underground" v="1"/>
  <tag k="energy_class" v="C"/>
  <tag k="roof:shape" v="flat"/>
  <tag k="source" v="Maxar"/>
  <tag k="start_date" v="2021-02-04"/>
 </way>
 <way id="854024209" visible="true" version="10" changeset="183791534" timestamp="2026-06-07T17:15:15Z" user="masmirnov" uid="16256027">
  <nd ref="7964743762"/>
  <nd ref="7964743761"/>
  <nd ref="8077257509"/>
  <nd ref="8077257507"/>
  <nd ref="7964743751"/>
  <nd ref="8077257428"/>
  <nd ref="11581680925"/>
  <nd ref="8077257429"/>
  <nd ref="7964743784"/>
  <nd ref="8077257506"/>
  <nd ref="8077257508"/>
  <nd ref="7964743762"/>
  <tag k="addr:city" v="Парголово"/>
  <tag k="addr:housenumber" v="44 к1"/>
  <tag k="addr:postcode" v="194363"/>
  <tag k="addr:street" v="Заречная улица"/>
  <tag k="building" v="apartments"/>
  <tag k="building:flats" v="118"/>
  <tag k="building:levels" v="16"/>
  <tag k="building:levels:underground" v="1"/>
  <tag k="energy_class" v="C"/>
  <tag k="roof:shape" v="flat"/>
  <tag k="source" v="Maxar"/>
  <tag k="start_date" v="2021-02-04"/>
 </way>
 <way id="854024210" visible="true" version="9" changeset="183791534" timestamp="2026-06-07T17:15:15Z" user="masmirnov" uid="16256027">
  <nd ref="7964743744"/>
  <nd ref="11589122081"/>
  <nd ref="7964743779"/>
  <nd ref="7964745585"/>
  <nd ref="11581680924"/>
  <nd ref="7964743752"/>
  <nd ref="7964743744"/>
  <tag k="addr:city" v="Парголово"/>
  <tag k="addr:housenumber" v="42 к2"/>
  <tag k="addr:postcode" v="194363"/>
  <tag k="addr:street" v="Заречная улица"/>
  <tag k="building" v="apartments"/>
  <tag k="building:flats" v="146"/>
  <tag k="building:levels" v="26"/>
  <tag k="building:levels:underground" v="1"/>
  <tag k="energy_class" v="C"/>
  <tag k="roof:shape" v="flat"/>
  <tag k="source" v="Maxar"/>
  <tag k="start_date" v="2021-02-04"/>
 </way>
 <way id="854024211" visible="true" version="11" changeset="183791534" timestamp="2026-06-07T17:15:15Z" user="masmirnov" uid="16256027">
  <nd ref="7964743782"/>
  <nd ref="11581680926"/>
  <nd ref="7964743781"/>
  <nd ref="7964743778"/>
  <nd ref="11589122082"/>
  <nd ref="7964743772"/>
  <nd ref="7964743782"/>
  <tag k="addr:city" v="Парголово"/>
  <tag k="addr:housenumber" v="44 к2"/>
  <tag k="addr:postcode" v="194363"/>
  <tag k="addr:street" v="Заречная улица"/>
  <tag k="building" v="apartments"/>
  <tag k="building:flats" v="146"/>
  <tag k="building:levels" v="26"/>
  <tag k="building:levels:underground" v="1"/>
  <tag k="energy_class" v="C"/>
  <tag k="roof:shape" v="flat"/>
  <tag k="source" v="Maxar"/>
  <tag k="start_date" v="2021-02-04"/>
 </way>
 <way id="865234126" visible="true" version="3" changeset="143619638" timestamp="2023-11-04T15:43:24Z" user="mini-me" uid="3846961">
  <nd ref="8064630891"/>
  <nd ref="8769657694"/>
  <nd ref="8068064610"/>
  <nd ref="11314475090"/>
  <nd ref="8068064608"/>
  <nd ref="11314475094"/>
  <nd ref="11314475093"/>
  <nd ref="11314475092"/>
  <nd ref="11314475066"/>
  <nd ref="8064630888"/>
  <tag k="highway" v="service"/>
  <tag k="living_street" v="yes"/>
  <tag k="surface" v="asphalt"/>
 </way>
 <way id="865234129" visible="true" version="3" changeset="143619638" timestamp="2023-11-04T15:43:24Z" user="mini-me" uid="3846961">
  <nd ref="4449047489"/>
  <nd ref="11314475037"/>
  <nd ref="11314475038"/>
  <nd ref="8068064655"/>
  <nd ref="4712069766"/>
  <nd ref="8064667389"/>
  <nd ref="4712069767"/>
  <nd ref="11314475039"/>
  <nd ref="4712069768"/>
  <nd ref="4712069769"/>
  <nd ref="4712069770"/>
 </way>
 <way id="866583162" visible="true" version="6" changeset="188735310" timestamp="2026-09-08T17:27:47Z" user="TrickyFoxy" uid="11528195">
  <nd ref="9799163218"/>
  <nd ref="8077249139"/>
  <nd ref="14163279069"/>
  <nd ref="8077249138"/>
  <nd ref="11314501851"/>
  <nd ref="9799163219"/>
  <tag k="highway" v="service"/>
  <tag k="living_street" v="yes"/>
  <tag k="surface" v="asphalt"/>
 </way>
 <way id="866583164" visible="true" version="7" changeset="188424007" timestamp="2026-09-02T14:56:18Z" user="TrickyFoxy" uid="11528195">
  <nd ref="14142579127"/>
  <nd ref="13136283785"/>
  <nd ref="13136283786"/>
  <nd ref="14142579128"/>
  <tag k="highway" v="footway"/>
  <tag k="surface" v="paving_stones"/>
 </way>
 <way id="866583166" visible="true" version="7" changeset="188735310" timestamp="2026-09-08T17:27:47Z" user="TrickyFoxy" uid="11528195">
  <nd ref="11615099752"/>
  <nd ref="14163279024"/>
  <nd ref="9516542191"/>
  <tag k="highway" v="service"/>
 </way>
 <way id="866583167" visible="true" version="8" changeset="188738270" timestamp="2026-09-08T18:41:07Z" user="TrickyFoxy" uid="11528195">
  <nd ref="8077249149"/>
  <nd ref="10786913381"/>
  <nd ref="14142579129"/>
  <nd ref="14163279050"/>
  <nd ref="8077249147"/>
  <nd ref="8077249142"/>
  <nd ref="14163424160"/>
  <nd ref="8077249146"/>
  <nd ref="13092753323"/>
  <nd ref="13092753324"/>
  <nd ref="13092753322"/>
  <nd ref="11615099751"/>
  <nd ref="14163424161"/>
  <nd ref="11615099752"/>
  <tag k="highway" v="service"/>
 </way>
 <way id="866583168" visible="true" version="9" changeset="188735310" timestamp="2026-09-08T17:27:47Z" user="TrickyFoxy" uid="11528195">
  <nd ref="8077249149"/>
  <nd ref="14142579131"/>
  <nd ref="14142579132"/>
  <nd ref="10786913366"/>
  <nd ref="8077249154"/>
  <nd ref="14163279058"/>
  <nd ref="11314501850"/>
  <nd ref="14142579180"/>
  <nd ref="11504764732"/>
  <tag k="highway" v="service"/>
  <tag k="living_street" v="yes"/>
  <tag k="surface" v="asphalt"/>
 </way>
 <way id="866583188" visible="true" version="1" changeset="93469475" timestamp="2020-11-03T09:17:00Z" user="sleemp" uid="8660675">
  <nd ref="8077257429"/>
  <nd ref="8077257508"/>
  <nd ref="7964743762"/>
  <nd ref="7964743761"/>
  <nd ref="8077257509"/>
  <nd ref="8077257428"/>
  <nd ref="8077257429"/>
  <tag k="building:levels" v="16"/>
  <tag k="building:part" v="yes"/>
 </way>
 <way id="866583189" visible="true" version="2" changeset="147376033" timestamp="2024-02-12T16:58:38Z" user="anastasia_" uid="12947812">
  <nd ref="7964743771"/>
  <nd ref="8077257512"/>
  <nd ref="8077257431"/>
  <nd ref="11409705200"/>
  <nd ref="8077257430"/>
  <nd ref="8077257513"/>
  <nd ref="7964743749"/>
  <nd ref="7964743771"/>
  <tag k="building:levels" v="16"/>
  <tag k="building:part" v="yes"/>
 </way>
 <way id="866583191" visible="true" version="1" changeset="93469475" timestamp="2020-11-03T09:17:00Z" user="sleemp" uid="8660675">
  <nd ref="8077257506"/>
  <nd ref="8077257508"/>
  <nd ref="8077257429"/>
  <nd ref="7964743784"/>
  <nd ref="8077257506"/>
  <tag k="building:levels" v="1"/>
  <tag k="building:part" v="yes"/>
 </way>
 <way id="866583192" visible="true" version="1" changeset="93469475" timestamp="2020-11-03T09:17:00Z" user="sleemp" uid="8660675">
  <nd ref="8077257513"/>
  <nd ref="8077257430"/>
  <nd ref="7964743774"/>
  <nd ref="8077257511"/>
  <nd ref="8077257513"/>
  <tag k="building:levels" v="1"/>
  <tag k="building:part" v="yes"/>
 </way>
 <way id="866583193" visible="true" version="1" changeset="93469475" timestamp="2020-11-03T09:17:00Z" user="sleemp" uid="8660675">
  <nd ref="8077257512"/>
  <nd ref="8077257510"/>
  <nd ref="7964743753"/>
  <nd ref="8077257431"/>
  <nd ref="8077257512"/>
  <tag k="building:levels" v="1"/>
  <tag k="building:part" v="yes"/>
 </way>
 <way id="866583194" visible="true" version="2" changeset="110849201" timestamp="2021-09-07T10:03:49Z" user="Local Dog" uid="14064954">
  <nd ref="8077257517"/>
  <nd ref="9070006913"/>
  <nd ref="8077257515"/>
  <nd ref="7964713212"/>
  <nd ref="8077257432"/>
  <nd ref="8077257517"/>
  <tag k="building:levels" v="1"/>
  <tag k="building:part" v="yes"/>
 </way>
 <way id="866583195" visible="true" version="3" changeset="183791534" timestamp="2026-06-07T17:15:15Z" user="masmirnov" uid="16256027">
  <nd ref="8077257514"/>
  <nd ref="8077257516"/>
  <nd ref="8077257433"/>
  <nd ref="7964713209"/>
  <nd ref="8077257514"/>
  <tag k="building:levels" v="1"/>
  <tag k="building:part" v="yes"/>
 </way>
 <way id="866583196" visible="true" version="3" changeset="183791534" timestamp="2026-06-07T17:15:15Z" user="masmirnov" uid="16256027">
  <nd ref="7964713204"/>
  <nd ref="8077257516"/>
  <nd ref="8077257433"/>
  <nd ref="9743718856"/>
  <nd ref="8077257432"/>
  <nd ref="8077257517"/>
  <nd ref="7964713218"/>
  <nd ref="12061634869"/>
  <nd ref="7964713204"/>
  <tag k="building:levels" v="16"/>
  <tag k="building:part" v="yes"/>
 </way>
 <way id="866583199" visible="true" version="5" changeset="149319830" timestamp="2024-03-29T16:07:32Z" user="Zavgor1990" uid="11591067">
  <nd ref="8077257505"/>
  <nd ref="8077257502"/>
  <nd ref="8077257486"/>
  <nd ref="8077257485"/>
  <nd ref="8077257483"/>
  <nd ref="8077257481"/>
  <nd ref="8077257479"/>
  <nd ref="8077257473"/>
  <nd ref="8077257472"/>
  <nd ref="8077257478"/>
  <nd ref="8077257477"/>
  <nd ref="8077257475"/>
  <nd ref="8077257474"/>
  <nd ref="8077257476"/>
  <nd ref="8077257480"/>
  <nd ref="8077257482"/>
  <nd ref="8077257484"/>
  <nd ref="8077257487"/>
  <nd ref="8077257499"/>
  <nd ref="8077257501"/>
  <nd ref="8077257503"/>
  <nd ref="8077257504"/>
  <nd ref="8077257500"/>
  <nd ref="8077257497"/>
  <nd ref="8077257491"/>
  <nd ref="8077257490"/>
  <nd ref="11771910786"/>
  <nd ref="8077257489"/>
  <nd ref="8077257492"/>
  <nd ref="8077257493"/>
  <nd ref="8077257488"/>
  <nd ref="11771910785"/>
  <nd ref="8077257494"/>
  <nd ref="8077257495"/>
  <nd ref="8077257496"/>
  <nd ref="8077257498"/>
  <nd ref="8077257505"/>
  <tag k="addr:city" v="Парголово"/>
  <tag k="addr:housenumber" v="291 к1"/>
  <tag k="addr:postcode" v="194363"/>
  <tag k="addr:street" v="улица Шишкина"/>
  <tag k="building" v="apartments"/>
  <tag k="building:flats" v="319"/>
  <tag k="building:levels" v="25"/>
  <tag k="building:levels:underground" v="1"/>
  <tag k="energy_class" v="C"/>
  <tag k="roof:shape" v="flat"/>
  <tag k="source" v="Maxar"/>
  <tag k="start_date" v="2021-02-04"/>
 </way>
 <way id="866583200" visible="true" version="7" changeset="147376033" timestamp="2024-02-12T16:58:38Z" user="anastasia_" uid="12947812">
  <nd ref="8077257521"/>
  <nd ref="8077257518"/>
  <nd ref="11514289694"/>
  <nd ref="11514289695"/>
  <nd ref="8077257519"/>
  <nd ref="8077257520"/>
  <nd ref="8077257521"/>
  <tag k="addr:city" v="Парголово"/>
  <tag k="addr:housenumber" v="293"/>
  <tag k="addr:postcode" v="194363"/>
  <tag k="addr:street" v="улица Шишкина"/>
  <tag k="building" v="apartments"/>
  <tag k="building:flats" v="436"/>
  <tag k="building:levels" v="25"/>
  <tag k="building:levels:underground" v="1"/>
  <tag k="energy_class" v="C"/>
  <tag k="roof:shape" v="flat"/>
  <tag k="source" v="Maxar;local knowledge"/>
  <tag k="start_date" v="2021-02-04"/>
 </way>
 <way id="948674438" visible="true" version="5" changeset="143621742" timestamp="2023-11-04T16:36:56Z" user="mini-me" uid="3846961">
  <nd ref="11314851902"/>
  <nd ref="8780989632"/>
  <nd ref="8780989631"/>
  <nd ref="8780968116"/>
  <nd ref="8077249141"/>
  <nd ref="11314851896"/>
  <tag k="footway" v="sidewalk"/>
  <tag k="highway" v="footway"/>
  <tag k="surface" v="asphalt"/>
 </way>
 <way id="948674440" visible="true" version="5" changeset="188424007" timestamp="2026-09-02T14:56:18Z" user="TrickyFoxy" uid="11528195">
  <nd ref="7964743730"/>
  <nd ref="14142579169"/>
  <nd ref="9070006909"/>
  <nd ref="8077249150"/>
  <nd ref="14142579189"/>
  <nd ref="14142579176"/>
  <nd ref="14142579175"/>
  <nd ref="9799163221"/>
  <tag k="highway" v="service"/>
  <tag k="living_street" v="yes"/>
  <tag k="surface" v="asphalt"/>
 </way>
 <way id="948674441" visible="true" version="5" changeset="188739602" timestamp="2026-09-08T19:12:46Z" user="TrickyFoxy" uid="11528195">
  <nd ref="12791310715"/>
  <nd ref="12791310713"/>
  <nd ref="8077249137"/>
  <nd ref="14142579147"/>
  <nd ref="14142579151"/>
  <nd ref="8780989637"/>
  <tag k="highway" v="service"/>
  <tag k="living_street" v="yes"/>
  <tag k="surface" v="asphalt"/>
 </way>
 <way id="948674442" visible="true" version="3" changeset="188424007" timestamp="2026-09-02T14:56:18Z" user="TrickyFoxy" uid="11528195">
  <nd ref="8780989637"/>
  <nd ref="14142579149"/>
  <nd ref="7964743730"/>
  <tag k="highway" v="service"/>
  <tag k="living_street" v="yes"/>
  <tag k="surface" v="asphalt"/>
 </way>
 <way id="948674443" visible="true" version="6" changeset="188735310" timestamp="2026-09-08T17:27:47Z" user="TrickyFoxy" uid="11528195">
  <nd ref="8780989638"/>
  <nd ref="11314851901"/>
  <nd ref="14163284609"/>
  <nd ref="8780989631"/>
  <nd ref="13136283781"/>
  <nd ref="13136283790"/>
  <nd ref="8780989637"/>
  <tag k="highway" v="service"/>
  <tag k="living_street" v="yes"/>
  <tag k="surface" v="asphalt"/>
 </way>
 <way id="948675005" visible="true" version="4" changeset="105644701" timestamp="2021-05-31T21:06:47Z" user="sleemp" uid="8660675">
  <nd ref="8780968108"/>
  <nd ref="8780968107"/>
  <nd ref="8780968106"/>
  <nd ref="8780968105"/>
  <nd ref="8780968108"/>
  <tag k="access" v="yes"/>
  <tag k="amenity" v="parking"/>
  <tag k="fee" v="no"/>
  <tag k="parking" v="street_side"/>
 </way>
 <way id="948675007" visible="true" version="3" changeset="143621742" timestamp="2023-11-04T16:36:56Z" user="mini-me" uid="3846961">
  <nd ref="8780968116"/>
  <nd ref="11314851900"/>
  <nd ref="11314475069"/>
  <tag k="footway" v="sidewalk"/>
  <tag k="highway" v="footway"/>
  <tag k="surface" v="asphalt"/>
 </way>
 <way id="980516558" visible="true" version="4" changeset="170888175" timestamp="2025-08-23T15:53:30Z" user="Алекс Мок" uid="4814295">
  <nd ref="6175283184"/>
  <nd ref="9070006899"/>
  <nd ref="11314475066"/>
  <nd ref="11319732062"/>
  <nd ref="8780968115"/>
  <nd ref="8780968109"/>
  <nd ref="13092725879"/>
  <nd ref="8780968113"/>
  <nd ref="8780968112"/>
  <nd ref="8780968111"/>
  <nd ref="8780968110"/>
  <nd ref="11314475044"/>
  <nd ref="11319732046"/>
  <nd ref="11314475043"/>
  <nd ref="11314475042"/>
  <nd ref="11314475041"/>
  <nd ref="11314475040"/>
  <nd ref="11319732055"/>
  <nd ref="7944418374"/>
  <tag k="footway" v="sidewalk"/>
  <tag k="highway" v="footway"/>
  <tag k="surface" v="asphalt"/>
 </way>
 <way id="980516560" visible="true" version="3" changeset="143621742" timestamp="2023-11-04T16:36:56Z" user="mini-me" uid="3846961">
  <nd ref="8077249144"/>
  <nd ref="9070006906"/>
  <nd ref="9070006905"/>
  <tag k="highway" v="service"/>
  <tag k="living_street" v="yes"/>
  <tag k="surface" v="asphalt"/>
 </way>
 <way id="980516561" visible="true" version="3" changeset="188424007" timestamp="2026-09-02T14:56:18Z" user="TrickyFoxy" uid="11528195">
  <nd ref="8077249144"/>
  <nd ref="14142579196"/>
  <nd ref="7964743730"/>
  <tag k="highway" v="service"/>
  <tag k="living_street" v="yes"/>
  <tag k="surface" v="asphalt"/>
 </way>
 <way id="980516562" visible="true" version="5" changeset="188739602" timestamp="2026-09-08T19:12:46Z" user="TrickyFoxy" uid="11528195">
  <nd ref="8077249144"/>
  <nd ref="14142579194"/>
  <nd ref="9070006907"/>
  <nd ref="14163552922"/>
  <nd ref="11314501846"/>
  <nd ref="8077249152"/>
  <tag k="footway" v="sidewalk"/>
  <tag k="highway" v="footway"/>
  <tag k="surface" v="paving_stones"/>
 </way>
 <way id="980516563" visible="true" version="2" changeset="188424007" timestamp="2026-09-02T14:56:18Z" user="TrickyFoxy" uid="11528195">
  <nd ref="9070006907"/>
  <nd ref="14142579171"/>
  <nd ref="14142579191"/>
  <nd ref="9070006909"/>
  <tag k="footway" v="sidewalk"/>
  <tag k="highway" v="footway"/>
  <tag k="surface" v="paving_stones"/>
 </way>
 <way id="980516564" visible="true" version="3" changeset="183791534" timestamp="2026-06-07T17:15:15Z" user="masmirnov" uid="16256027">
  <nd ref="7964713205"/>
  <nd ref="9070006914"/>
  <nd ref="9070006910"/>
  <nd ref="9753660230"/>
  <nd ref="9070006915"/>
  <nd ref="9070006913"/>
  <tag k="barrier" v="fence"/>
 </way>
 <way id="980516565" visible="true" version="2" changeset="117565697" timestamp="2022-02-18T13:37:54Z" user="anastasia_" uid="12947812">
  <nd ref="7964713203"/>
  <nd ref="9070006911"/>
  <nd ref="5064990556"/>
  <tag k="barrier" v="fence"/>
 </way>
 <way id="980516566" visible="true" version="7" changeset="188738270" timestamp="2026-09-08T18:41:07Z" user="TrickyFoxy" uid="11528195">
  <nd ref="14163424181"/>
  <nd ref="11549954461"/>
  <nd ref="14163424175"/>
  <nd ref="14163424172"/>
  <nd ref="12896996022"/>
  <nd ref="12896996023"/>
  <nd ref="9070048819"/>
  <nd ref="14163424155"/>
  <nd ref="9516542201"/>
  <nd ref="11314851898"/>
  <nd ref="9070006906"/>
  <nd ref="11314851896"/>
  <nd ref="11314851897"/>
  <nd ref="11314851900"/>
  <nd ref="11314851901"/>
  <nd ref="11314851902"/>
  <tag k="footway" v="sidewalk"/>
  <tag k="highway" v="footway"/>
  <tag k="surface" v="asphalt"/>
 </way>
 <way id="1032903894" visible="true" version="2" changeset="158987273" timestamp="2024-11-10T22:10:18Z" user="Константин Гам" uid="392109">
  <nd ref="5064990556"/>
  <nd ref="5064990555"/>
 </way>
 <way id="1032903895" visible="true" version="3" changeset="134531365" timestamp="2023-04-05T09:57:15Z" user="anastasia_" uid="12947812">
  <nd ref="9070048821"/>
  <nd ref="9070048822"/>
  <nd ref="1103068062"/>
  <nd ref="9785174293"/>
  <nd ref="9070048823"/>
  <nd ref="9070048824"/>
  <nd ref="1756855113"/>
 </way>
 <way id="1032903896" visible="true" version="2" changeset="143621742" timestamp="2023-11-04T16:36:56Z" user="mini-me" uid="3846961">
  <nd ref="5064990555"/>
  <nd ref="9516542200"/>
  <nd ref="9516542199"/>
  <nd ref="9070048821"/>
 </way>
 <way id="1032903897" visible="true" version="1" changeset="117565697" timestamp="2022-02-18T13:37:54Z" user="anastasia_" uid="12947812">
  <nd ref="9070006901"/>
  <nd ref="9070006900"/>
  <nd ref="5064990290"/>
  <nd ref="5064990557"/>
  <nd ref="9516542191"/>
  <nd ref="9070006911"/>
  <nd ref="5064990556"/>
 </way>
 <way id="1032903900" visible="true" version="1" changeset="117565697" timestamp="2022-02-18T13:37:54Z" user="anastasia_" uid="12947812">
  <nd ref="5064990567"/>
  <nd ref="5064990561"/>
  <nd ref="5064990556"/>
 </way>
 <way id="1032903904" visible="true" version="4" changeset="183791534" timestamp="2026-06-07T17:15:15Z" user="masmirnov" uid="16256027">
  <nd ref="9516542209"/>
  <nd ref="9516542208"/>
  <nd ref="9516542207"/>
  <nd ref="9516542206"/>
  <nd ref="9516542209"/>
  <tag k="addr:city" v="Парголово"/>
  <tag k="addr:housenumber" v="297"/>
  <tag k="addr:postcode" v="194363"/>
  <tag k="addr:street" v="улица Шишкина"/>
  <tag k="amenity" v="parking"/>
  <tag k="building" v="parking"/>
  <tag k="building:levels" v="8"/>
  <tag k="capacity" v="499"/>
  <tag k="parking" v="multi-storey"/>
  <tag k="start_date" v="2022-01-14"/>
 </way>
 <way id="1065488052" visible="true" version="2" changeset="122034103" timestamp="2022-06-06T16:27:20Z" user="GaM&amp;Ko" uid="14115937">
  <nd ref="9516542191"/>
  <nd ref="8077249144"/>
  <tag k="highway" v="service"/>
  <tag k="living_street" v="yes"/>
  <tag k="surface" v="asphalt"/>
 </way>
 <way id="1159878676" visible="true" version="5" changeset="183791534" timestamp="2026-06-07T17:15:15Z" user="masmirnov" uid="16256027">
  <nd ref="10786913370"/>
  <nd ref="10786913369"/>
  <nd ref="10786913368"/>
  <nd ref="10786913367"/>
  <nd ref="10786913370"/>
  <tag k="addr:city" v="Парголово"/>
  <tag k="addr:housenumber" v="295"/>
  <tag k="addr:street" v="улица Шишкина"/>
  <tag k="building" v="parking"/>
  <tag k="building:levels" v="8"/>
  <tag k="note" v="Паркинг."/>
 </way>
 <way id="1159878677" visible="true" version="4" changeset="172138864" timestamp="2025-09-19T02:26:28Z" user="sshsh" uid="5283791">
  <nd ref="10786913376"/>
  <nd ref="11615099755"/>
  <nd ref="11615099754"/>
  <nd ref="10786913375"/>
  <nd ref="10786913374"/>
  <nd ref="11771924265"/>
  <nd ref="11771924266"/>
  <nd ref="10786913373"/>
  <nd ref="10786913376"/>
  <tag k="building:levels" v="25"/>
  <tag k="building:part" v="apartments"/>
 </way>
 <way id="1159884032" visible="true" version="3" changeset="183791534" timestamp="2026-06-07T17:15:15Z" user="masmirnov" uid="16256027">
  <nd ref="10786965951"/>
  <nd ref="10786965943"/>
  <nd ref="10786965942"/>
  <nd ref="10786965938"/>
  <nd ref="10786965939"/>
  <nd ref="10786965948"/>
  <nd ref="10786965940"/>
  <nd ref="10786965941"/>
  <nd ref="10786965946"/>
  <nd ref="10786965945"/>
  <nd ref="10786965944"/>
  <nd ref="10786965947"/>
  <nd ref="10786965949"/>
  <nd ref="10786965927"/>
  <nd ref="10786965926"/>
  <nd ref="10786965929"/>
  <nd ref="10786965928"/>
  <nd ref="10786965950"/>
  <nd ref="10786965932"/>
  <nd ref="10786965931"/>
  <nd ref="10786965930"/>
  <nd ref="10786965933"/>
  <nd ref="10786965936"/>
  <nd ref="10786965935"/>
  <nd ref="10786965934"/>
  <nd ref="10786965937"/>
  <nd ref="10786965951"/>
  <tag k="addr:city" v="Парголово"/>
  <tag k="addr:housenumber" v="291 к2"/>
  <tag k="addr:postcode" v="194363"/>
  <tag k="addr:street" v="улица Шишкина"/>
  <tag k="building" v="kindergarten"/>
  <tag k="capacity" v="280"/>
  <tag k="roof:shape" v="flat"/>
 </way>
 <way id="1221013568" visible="true" version="1" changeset="143619638" timestamp="2023-11-04T15:43:24Z" user="mini-me" uid="3846961">
  <nd ref="11314475006"/>
  <nd ref="11314475005"/>
  <nd ref="11314475004"/>
  <nd ref="11314475003"/>
  <tag k="barrier" v="fence"/>
 </way>
 <way id="1221013569" visible="true" version="1" changeset="143619638" timestamp="2023-11-04T15:43:24Z" user="mini-me" uid="3846961">
  <nd ref="11314475009"/>
  <nd ref="11314475008"/>
  <nd ref="11314475007"/>
  <tag k="barrier" v="fence"/>
 </way>
 <way id="1221013570" visible="true" version="1" changeset="143619638" timestamp="2023-11-04T15:43:24Z" user="mini-me" uid="3846961">
  <nd ref="11314475014"/>
  <nd ref="11314475013"/>
  <nd ref="11314475012"/>
  <nd ref="11314475011"/>
  <nd ref="11314475010"/>
  <tag k="barrier" v="fence"/>
 </way>
 <way id="1221013571" visible="true" version="1" changeset="143619638" timestamp="2023-11-04T15:43:24Z" user="mini-me" uid="3846961">
  <nd ref="11314475016"/>
  <nd ref="11314475015"/>
  <tag k="highway" v="footway"/>
  <tag k="surface" v="asphalt"/>
 </way>
 <way id="1221013572" visible="true" version="1" changeset="143619638" timestamp="2023-11-04T15:43:24Z" user="mini-me" uid="3846961">
  <nd ref="11314475017"/>
  <nd ref="7260593078"/>
  <nd ref="8780968109"/>
  <tag k="crossing" v="traffic_signals"/>
  <tag k="crossing:island" v="yes"/>
  <tag k="footway" v="crossing"/>
  <tag k="highway" v="footway"/>
  <tag k="lit" v="yes"/>
  <tag k="surface" v="asphalt"/>
  <tag k="tactile_paving" v="yes"/>
 </way>
 <way id="1221013573" visible="true" version="1" changeset="143619638" timestamp="2023-11-04T15:43:24Z" user="mini-me" uid="3846961">
  <nd ref="11314475018"/>
  <nd ref="11314475016"/>
  <nd ref="11314475017"/>
  <tag k="highway" v="footway"/>
  <tag k="lit" v="yes"/>
  <tag k="surface" v="asphalt"/>
 </way>
 <way id="1221013574" visible="true" version="1" changeset="143619638" timestamp="2023-11-04T15:43:24Z" user="mini-me" uid="3846961">
  <nd ref="11314475021"/>
  <nd ref="11314475020"/>
  <nd ref="11314475019"/>
  <tag k="barrier" v="fence"/>
 </way>
 <way id="1221013575" visible="true" version="1" changeset="143619638" timestamp="2023-11-04T15:43:24Z" user="mini-me" uid="3846961">
  <nd ref="11314475022"/>
  <nd ref="11314475072"/>
  <tag k="barrier" v="fence"/>
 </way>
 <way id="1221013576" visible="true" version="1" changeset="143619638" timestamp="2023-11-04T15:43:24Z" user="mini-me" uid="3846961">
  <nd ref="11314475024"/>
  <nd ref="11314475023"/>
  <tag k="highway" v="footway"/>
  <tag k="surface" v="asphalt"/>
 </way>
 <way id="1221013577" visible="true" version="1" changeset="143619638" timestamp="2023-11-04T15:43:24Z" user="mini-me" uid="3846961">
  <nd ref="11314475026"/>
  <nd ref="11314475024"/>
  <nd ref="11314475025"/>
  <tag k="highway" v="footway"/>
  <tag k="lit" v="yes"/>
  <tag k="surface" v="asphalt"/>
 </way>
 <way id="1221013578" visible="true" version="1" changeset="143619638" timestamp="2023-11-04T15:43:24Z" user="mini-me" uid="3846961">
  <nd ref="11314475069"/>
  <nd ref="7260593080"/>
  <nd ref="11314475026"/>
  <tag k="crossing" v="traffic_signals"/>
  <tag k="crossing:island" v="yes"/>
  <tag k="footway" v="crossing"/>
  <tag k="highway" v="footway"/>
  <tag k="lit" v="yes"/>
  <tag k="surface" v="asphalt"/>
  <tag k="tactile_paving" v="yes"/>
 </way>
 <way id="1221013579" visible="true" version="1" changeset="143619638" timestamp="2023-11-04T15:43:24Z" user="mini-me" uid="3846961">
  <nd ref="11314475054"/>
  <nd ref="11314475053"/>
  <nd ref="11314475052"/>
  <nd ref="11314475051"/>
  <nd ref="11314475050"/>
  <nd ref="11314475049"/>
  <nd ref="11314475048"/>
  <nd ref="11314475047"/>
  <nd ref="11314475046"/>
  <nd ref="11314475045"/>
  <nd ref="11314475054"/>
  <tag k="landuse" v="grass"/>
 </way>
 <way id="1221013580" visible="true" version="1" changeset="143619638" timestamp="2023-11-04T15:43:24Z" user="mini-me" uid="3846961">
  <nd ref="11314475065"/>
  <nd ref="11314475064"/>
  <nd ref="11314475063"/>
  <nd ref="11314475062"/>
  <nd ref="11314475061"/>
  <nd ref="11314475060"/>
  <nd ref="11314475059"/>
  <nd ref="11314475058"/>
  <nd ref="11314475057"/>
  <nd ref="11314475056"/>
  <nd ref="11314475055"/>
  <nd ref="11314475065"/>
  <tag k="landuse" v="grass"/>
 </way>
 <way id="1221013581" visible="true" version="1" changeset="143619638" timestamp="2023-11-04T15:43:24Z" user="mini-me" uid="3846961">
  <nd ref="11314475080"/>
  <nd ref="11314475079"/>
  <nd ref="11314475078"/>
  <nd ref="11314475077"/>
  <nd ref="11314475076"/>
  <nd ref="11314475075"/>
  <nd ref="11314475074"/>
  <nd ref="11314475073"/>
  <nd ref="11314475072"/>
  <nd ref="11314475071"/>
  <nd ref="11314475070"/>
  <nd ref="11314475080"/>
  <tag k="landuse" v="grass"/>
 </way>
 <way id="1221013582" visible="true" version="1" changeset="143619638" timestamp="2023-11-04T15:43:24Z" user="mini-me" uid="3846961">
  <nd ref="11314475082"/>
  <nd ref="11314475081"/>
  <tag k="barrier" v="fence"/>
 </way>
 <way id="1221013584" visible="true" version="1" changeset="143619638" timestamp="2023-11-04T15:43:24Z" user="mini-me" uid="3846961">
  <nd ref="11314475125"/>
  <nd ref="11314475124"/>
  <nd ref="11314475123"/>
  <nd ref="11314475122"/>
  <nd ref="11314475121"/>
  <nd ref="11314475120"/>
  <nd ref="11314475119"/>
  <nd ref="11314475118"/>
  <nd ref="11314475117"/>
  <nd ref="11314475116"/>
  <nd ref="11314475115"/>
  <nd ref="11314475114"/>
  <tag k="barrier" v="fence"/>
 </way>
 <way id="1221013586" visible="true" version="1" changeset="143619638" timestamp="2023-11-04T15:43:24Z" user="mini-me" uid="3846961">
  <nd ref="11314475162"/>
  <nd ref="11314475161"/>
  <nd ref="11314475160"/>
  <nd ref="11314475159"/>
  <nd ref="11314475158"/>
  <nd ref="11314475157"/>
  <nd ref="11314475156"/>
  <nd ref="11314475155"/>
  <nd ref="11314475154"/>
  <nd ref="11314475153"/>
  <nd ref="11314475152"/>
  <nd ref="11314475151"/>
  <nd ref="11314475150"/>
  <nd ref="11314475149"/>
  <nd ref="11314475148"/>
  <nd ref="11314475147"/>
  <nd ref="11314475146"/>
  <nd ref="11314475145"/>
  <nd ref="11314475144"/>
  <nd ref="11314475143"/>
  <nd ref="11314475142"/>
  <nd ref="11314475141"/>
  <nd ref="11314475140"/>
  <nd ref="11314475139"/>
  <nd ref="11314475138"/>
  <nd ref="11314475137"/>
  <nd ref="11314475136"/>
  <nd ref="11314475162"/>
  <tag k="landuse" v="grass"/>
 </way>
 <way id="1221027669" visible="true" version="2" changeset="188424007" timestamp="2026-09-02T14:56:18Z" user="TrickyFoxy" uid="11528195">
  <nd ref="11314501850"/>
  <nd ref="11314501849"/>
  <nd ref="8077249152"/>
  <nd ref="11314501848"/>
  <nd ref="14142579192"/>
  <nd ref="14142579184"/>
  <nd ref="14142579177"/>
  <nd ref="11314501847"/>
  <tag k="highway" v="service"/>
  <tag k="living_street" v="yes"/>
  <tag k="surface" v="asphalt"/>
 </way>
 <way id="1221027670" visible="true" version="4" changeset="188735310" timestamp="2026-09-08T17:27:47Z" user="TrickyFoxy" uid="11528195">
  <nd ref="13092725819"/>
  <nd ref="14142579188"/>
  <nd ref="13092725820"/>
  <nd ref="8077249139"/>
  <nd ref="11314501854"/>
  <nd ref="14142579166"/>
  <nd ref="11314501853"/>
  <nd ref="14163279074"/>
  <nd ref="11314501852"/>
  <nd ref="11314501851"/>
  <tag k="highway" v="service"/>
  <tag k="living_street" v="yes"/>
  <tag k="surface" v="asphalt"/>
 </way>
 <way id="1221027675" visible="true" version="2" changeset="167258229" timestamp="2025-06-06T09:51:11Z" user="Константин Гам" uid="392109">
  <nd ref="9070006906"/>
  <nd ref="11314851899"/>
  <nd ref="8780989630"/>
  <nd ref="9516542201"/>
  <tag k="footway" v="sidewalk"/>
  <tag k="highway" v="footway"/>
  <tag k="surface" v="asphalt"/>
 </way>
 <way id="1221150002" visible="true" version="1" changeset="143632912" timestamp="2023-11-04T23:04:16Z" user="mini-me" uid="3846961">
  <nd ref="11319732063"/>
  <nd ref="11319732062"/>
  <tag k="highway" v="footway"/>
  <tag k="surface" v="asphalt"/>
 </way>
 <way id="1381619247" visible="true" version="3" changeset="188739602" timestamp="2026-09-08T19:12:46Z" user="TrickyFoxy" uid="11528195">
  <nd ref="14163552929"/>
  <nd ref="14142579161"/>
  <nd ref="11314501853"/>
  <tag k="highway" v="footway"/>
 </way>
 <way id="1381619248" visible="true" version="2" changeset="188424007" timestamp="2026-09-02T14:56:18Z" user="TrickyFoxy" uid="11528195">
  <nd ref="11314501853"/>
  <nd ref="14142579164"/>
  <nd ref="12791310713"/>
  <tag k="highway" v="service"/>
 </way>
 <way id="1424427227" visible="true" version="2" changeset="188735310" timestamp="2026-09-08T17:27:47Z" user="TrickyFoxy" uid="11528195">
  <nd ref="11314501854"/>
  <nd ref="14163279066"/>
  <nd ref="9070006909"/>
  <tag k="highway" v="service"/>
 </way>
 <way id="1424427242" visible="true" version="1" changeset="170888175" timestamp="2025-08-23T15:53:30Z" user="Алекс Мок" uid="4814295">
  <nd ref="13092725879"/>
  <nd ref="13092725878"/>
  <nd ref="4437533328"/>
  <tag k="highway" v="footway"/>
 </way>
 <way id="1428304979" visible="true" version="1" changeset="171691297" timestamp="2025-09-09T15:00:37Z" user="Bobropiton" uid="2055718">
  <nd ref="13131124265"/>
  <nd ref="6806447804"/>
  <tag k="bus_bay" v="right"/>
  <tag k="foot" v="no"/>
  <tag k="highway" v="tertiary"/>
  <tag k="lanes" v="2"/>
  <tag k="lit" v="yes"/>
  <tag k="maxspeed" v="RU:urban"/>
  <tag k="name" v="Заречная улица"/>
  <tag k="oneway" v="yes"/>
  <tag k="surface" v="asphalt"/>
  <tag k="trolley_wire" v="no"/>
 </way>
 <way id="1428304980" visible="true" version="1" changeset="171691297" timestamp="2025-09-09T15:00:37Z" user="Bobropiton" uid="2055718">
  <nd ref="6806447804"/>
  <nd ref="13131124264"/>
  <tag k="bus_bay" v="right"/>
  <tag k="foot" v="no"/>
  <tag k="highway" v="tertiary"/>
  <tag k="lanes" v="2"/>
  <tag k="lit" v="yes"/>
  <tag k="maxspeed" v="40"/>
  <tag k="name" v="Заречная улица"/>
  <tag k="oneway" v="yes"/>
  <tag k="surface" v="asphalt"/>
  <tag k="trolley_wire" v="no"/>
 </way>
 <way id="1428304981" visible="true" version="1" changeset="171691297" timestamp="2025-09-09T15:00:37Z" user="Bobropiton" uid="2055718">
  <nd ref="13131124266"/>
  <nd ref="6606427542"/>
  <tag k="foot" v="no"/>
  <tag k="highway" v="tertiary"/>
  <tag k="lanes" v="2"/>
  <tag k="lit" v="no"/>
  <tag k="maxspeed" v="RU:urban"/>
  <tag k="name" v="Заречная улица"/>
  <tag k="oneway" v="yes"/>
  <tag k="surface" v="asphalt"/>
  <tag k="trolley_wire" v="no"/>
 </way>
 <way id="1428304982" visible="true" version="1" changeset="171691297" timestamp="2025-09-09T15:00:37Z" user="Bobropiton" uid="2055718">
  <nd ref="13131124267"/>
  <nd ref="8323272393"/>
  <nd ref="13131124266"/>
  <tag k="bus_bay" v="right"/>
  <tag k="foot" v="no"/>
  <tag k="highway" v="tertiary"/>
  <tag k="lanes" v="2"/>
  <tag k="lit" v="no"/>
  <tag k="maxspeed" v="RU:urban"/>
  <tag k="name" v="Заречная улица"/>
  <tag k="oneway" v="yes"/>
  <tag k="surface" v="asphalt"/>
  <tag k="trolley_wire" v="no"/>
 </way>
 <way id="1428304983" visible="true" version="1" changeset="171691297" timestamp="2025-09-09T15:00:37Z" user="Bobropiton" uid="2055718">
  <nd ref="13131124269"/>
  <nd ref="8323272392"/>
  <nd ref="13131124268"/>
  <tag k="bus_bay" v="right"/>
  <tag k="foot" v="no"/>
  <tag k="highway" v="tertiary"/>
  <tag k="lanes" v="2"/>
  <tag k="lit" v="yes"/>
  <tag k="maxspeed" v="RU:urban"/>
  <tag k="name" v="Заречная улица"/>
  <tag k="oneway" v="yes"/>
  <tag k="surface" v="asphalt"/>
  <tag k="trolley_wire" v="no"/>
 </way>
 <way id="1429002816" visible="true" version="2" changeset="188738270" timestamp="2026-09-08T18:41:07Z" user="TrickyFoxy" uid="11528195">
  <nd ref="13136283785"/>
  <nd ref="13136283779"/>
  <nd ref="13136283781"/>
  <nd ref="13136283778"/>
  <nd ref="13136283784"/>
  <nd ref="13136283783"/>
  <nd ref="13136283782"/>
  <tag k="highway" v="footway"/>
 </way>
 <way id="1429002818" visible="true" version="1" changeset="171783452" timestamp="2025-09-11T12:52:10Z" user="ZinaidaZ" uid="9465790">
  <nd ref="13136283786"/>
  <nd ref="13136283780"/>
  <nd ref="13136283790"/>
  <nd ref="13136283777"/>
  <nd ref="13136283789"/>
  <nd ref="13136283782"/>
  <nd ref="13136283771"/>
  <nd ref="13136283788"/>
  <tag k="highway" v="footway"/>
 </way>
 <way id="1554531219" visible="true" version="1" changeset="188424007" timestamp="2026-09-02T14:56:18Z" user="TrickyFoxy" uid="11528195">
  <nd ref="14142579126"/>
  <nd ref="14142579125"/>
  <nd ref="14142579124"/>
  <nd ref="14142579123"/>
  <nd ref="14142579122"/>
  <nd ref="14142579117"/>
  <nd ref="14142579121"/>
  <nd ref="14142579120"/>
  <nd ref="14142579115"/>
  <nd ref="14142579119"/>
  <nd ref="14142579118"/>
  <tag k="footway" v="sidewalk"/>
  <tag k="highway" v="footway"/>
  <tag k="surface" v="paving_stones"/>
 </way>
 <way id="1554531220" visible="true" version="1" changeset="188424007" timestamp="2026-09-02T14:56:18Z" user="TrickyFoxy" uid="11528195">
  <nd ref="8077249141"/>
  <nd ref="14142579127"/>
  <tag k="highway" v="footway"/>
  <tag k="surface" v="paving_stones"/>
 </way>
 <way id="1554531221" visible="true" version="1" changeset="188424007" timestamp="2026-09-02T14:56:18Z" user="TrickyFoxy" uid="11528195">
  <nd ref="14142579128"/>
  <nd ref="10786913365"/>
  <nd ref="7964743730"/>
  <tag k="highway" v="footway"/>
  <tag k="surface" v="paving_stones"/>
 </way>
 <way id="1554531222" visible="true" version="1" changeset="188424007" timestamp="2026-09-02T14:56:18Z" user="TrickyFoxy" uid="11528195">
  <nd ref="7964713213"/>
  <nd ref="14142579127"/>
  <nd ref="7964743753"/>
  <tag k="barrier" v="fence"/>
 </way>
 <way id="1554531223" visible="true" version="1" changeset="188424007" timestamp="2026-09-02T14:56:18Z" user="TrickyFoxy" uid="11528195">
  <nd ref="7964713214"/>
  <nd ref="14142579128"/>
  <nd ref="7964743744"/>
  <tag k="barrier" v="fence"/>
 </way>
 <way id="1554531225" visible="true" version="1" changeset="188424007" timestamp="2026-09-02T14:56:18Z" user="TrickyFoxy" uid="11528195">
  <nd ref="14142579146"/>
  <nd ref="14142579145"/>
  <nd ref="14142579144"/>
  <nd ref="14142579143"/>
  <nd ref="14142579142"/>
  <nd ref="14142579141"/>
  <nd ref="14142579140"/>
  <nd ref="14142579139"/>
  <nd ref="14142579138"/>
  <nd ref="14142579137"/>
  <nd ref="14142579136"/>
  <nd ref="14142579146"/>
  <tag k="amenity" v="kindergarten"/>
 </way>
 <way id="1554531226" visible="true" version="1" changeset="188424007" timestamp="2026-09-02T14:56:18Z" user="TrickyFoxy" uid="11528195">
  <nd ref="14142579148"/>
  <nd ref="14142579147"/>
  <tag k="footway" v="sidewalk"/>
  <tag k="highway" v="footway"/>
  <tag k="surface" v="paving_stones"/>
 </way>
 <way id="1554531227" visible="true" version="1" changeset="188424007" timestamp="2026-09-02T14:56:18Z" user="TrickyFoxy" uid="11528195">
  <nd ref="14142579150"/>
  <nd ref="14142579149"/>
  <tag k="footway" v="sidewalk"/>
  <tag k="highway" v="footway"/>
  <tag k="surface" v="paving_stones"/>
 </way>
 <way id="1554531228" visible="true" version="1" changeset="188424007" timestamp="2026-09-02T14:56:18Z" user="TrickyFoxy" uid="11528195">
  <nd ref="14142579152"/>
  <nd ref="14142579151"/>
  <tag k="footway" v="sidewalk"/>
  <tag k="highway" v="footway"/>
  <tag k="surface" v="paving_stones"/>
 </way>
 <way id="1554531236" visible="true" version="1" changeset="188424007" timestamp="2026-09-02T14:56:18Z" user="TrickyFoxy" uid="11528195">
  <nd ref="14142579167"/>
  <nd ref="14142579166"/>
  <tag k="footway" v="sidewalk"/>
  <tag k="highway" v="footway"/>
  <tag k="surface" v="paving_stones"/>
 </way>
 <way id="1554531237" visible="true" version="1" changeset="188424007" timestamp="2026-09-02T14:56:18Z" user="TrickyFoxy" uid="11528195">
  <nd ref="14142579169"/>
  <nd ref="14142579150"/>
  <nd ref="14142579152"/>
  <nd ref="14142579148"/>
  <nd ref="14142579168"/>
  <nd ref="14142579167"/>
  <tag k="footway" v="sidewalk"/>
  <tag k="highway" v="footway"/>
  <tag k="surface" v="paving_stones"/>
 </way>
 <way id="1554531238" visible="true" version="1" changeset="188424007" timestamp="2026-09-02T14:56:18Z" user="TrickyFoxy" uid="11528195">
  <nd ref="14142579173"/>
  <nd ref="14142579172"/>
  <nd ref="14142579171"/>
  <nd ref="14142579170"/>
  <tag k="footway" v="sidewalk"/>
  <tag k="highway" v="footway"/>
  <tag k="surface" v="paving_stones"/>
 </way>
 <way id="1554531239" visible="true" version="3" changeset="188739602" timestamp="2026-09-08T19:12:46Z" user="TrickyFoxy" uid="11528195">
  <nd ref="14142579132"/>
  <nd ref="14142579133"/>
  <nd ref="14142579134"/>
  <nd ref="14142579174"/>
  <nd ref="14163279059"/>
  <nd ref="14163552923"/>
  <nd ref="11314501846"/>
  <nd ref="14142579173"/>
  <tag k="footway" v="sidewalk"/>
  <tag k="highway" v="footway"/>
  <tag k="surface" v="paving_stones"/>
 </way>
 <way id="1554531245" visible="true" version="1" changeset="188424007" timestamp="2026-09-02T14:56:18Z" user="TrickyFoxy" uid="11528195">
  <nd ref="14142579181"/>
  <nd ref="14142579179"/>
  <nd ref="14142579178"/>
  <nd ref="14142579180"/>
  <tag k="footway" v="sidewalk"/>
  <tag k="highway" v="footway"/>
  <tag k="surface" v="paving_stones"/>
 </way>
 <way id="1554531246" visible="true" version="1" changeset="188424007" timestamp="2026-09-02T14:56:18Z" user="TrickyFoxy" uid="11528195">
  <nd ref="14142579179"/>
  <nd ref="14142579186"/>
  <nd ref="14142579182"/>
  <nd ref="14142579183"/>
  <nd ref="14142579173"/>
  <tag k="footway" v="sidewalk"/>
  <tag k="highway" v="footway"/>
  <tag k="surface" v="paving_stones"/>
 </way>
 <way id="1554531247" visible="true" version="1" changeset="188424007" timestamp="2026-09-02T14:56:18Z" user="TrickyFoxy" uid="11528195">
  <nd ref="14142579187"/>
  <nd ref="14142579186"/>
  <nd ref="14142579185"/>
  <nd ref="14142579184"/>
  <tag k="footway" v="sidewalk"/>
  <tag k="highway" v="footway"/>
  <tag k="surface" v="paving_stones"/>
 </way>
 <way id="1554531248" visible="true" version="1" changeset="188424007" timestamp="2026-09-02T14:56:18Z" user="TrickyFoxy" uid="11528195">
  <nd ref="14142579193"/>
  <nd ref="14142579182"/>
  <nd ref="14142579192"/>
  <tag k="footway" v="sidewalk"/>
  <tag k="highway" v="footway"/>
  <tag k="surface" v="paving_stones"/>
 </way>
 <way id="1554531250" visible="true" version="1" changeset="188424007" timestamp="2026-09-02T14:56:18Z" user="TrickyFoxy" uid="11528195">
  <nd ref="14142579190"/>
  <nd ref="14142579191"/>
  <nd ref="14142579193"/>
  <tag k="footway" v="sidewalk"/>
  <tag k="highway" v="footway"/>
  <tag k="surface" v="paving_stones"/>
 </way>
 <way id="1554531251" visible="true" version="1" changeset="188424007" timestamp="2026-09-02T14:56:18Z" user="TrickyFoxy" uid="11528195">
  <nd ref="14142579194"/>
  <nd ref="14142579170"/>
  <nd ref="14142579190"/>
  <tag k="footway" v="sidewalk"/>
  <tag k="highway" v="footway"/>
  <tag k="surface" v="paving_stones"/>
 </way>
 <way id="1554531252" visible="true" version="1" changeset="188424007" timestamp="2026-09-02T14:56:18Z" user="TrickyFoxy" uid="11528195">
  <nd ref="14142579196"/>
  <nd ref="14142579195"/>
  <nd ref="14142579190"/>
  <tag k="footway" v="sidewalk"/>
  <tag k="highway" v="footway"/>
  <tag k="surface" v="paving_stones"/>
 </way>
 <way id="1557418097" visible="true" version="1" changeset="188738270" timestamp="2026-09-08T18:41:07Z" user="TrickyFoxy" uid="11528195">
  <nd ref="14163424152"/>
  <nd ref="13136283778"/>
  <nd ref="8077257506"/>
  <tag k="barrier" v="fence"/>
 </way>
 <way id="1557418098" visible="true" version="1" changeset="188738270" timestamp="2026-09-08T18:41:07Z" user="TrickyFoxy" uid="11528195">
  <nd ref="7964743772"/>
  <nd ref="14163424154"/>
  <nd ref="14163424153"/>
  <nd ref="14163424152"/>
  <tag k="barrier" v="fence"/>
 </way>
 <way id="1557418101" visible="true" version="1" changeset="188738270" timestamp="2026-09-08T18:41:07Z" user="TrickyFoxy" uid="11528195">
  <nd ref="14163424158"/>
  <nd ref="14163424159"/>
  <tag k="highway" v="steps"/>
 </way>
 <way id="1557418102" visible="true" version="1" changeset="188738270" timestamp="2026-09-08T18:41:07Z" user="TrickyFoxy" uid="11528195">
  <nd ref="14163424157"/>
  <nd ref="14163424158"/>
  <tag k="highway" v="footway"/>
 </way>
 <way id="1557418103" visible="true" version="1" changeset="188738270" timestamp="2026-09-08T18:41:07Z" user="TrickyFoxy" uid="11528195">
  <nd ref="14163424156"/>
  <nd ref="14163424157"/>
  <tag k="highway" v="steps"/>
 </way>
 <way id="1557418104" visible="true" version="1" changeset="188738270" timestamp="2026-09-08T18:41:07Z" user="TrickyFoxy" uid="11528195">
  <nd ref="14163424161"/>
  <nd ref="14163424156"/>
  <tag k="highway" v="footway"/>
 </way>
 <way id="1557422537" visible="true" version="1" changeset="188739602" timestamp="2026-09-08T19:12:46Z" user="TrickyFoxy" uid="11528195">
  <nd ref="14163552923"/>
  <nd ref="14163552922"/>
  <tag k="highway" v="path"/>
 </way>
 <way id="1557422538" visible="true" version="1" changeset="188739602" timestamp="2026-09-08T19:12:46Z" user="TrickyFoxy" uid="11528195">
  <nd ref="14163552927"/>
  <nd ref="14163552926"/>
  <nd ref="14163552925"/>
  <nd ref="14163552924"/>
  <nd ref="14163552927"/>
  <tag k="building" v="yes"/>
 </way>
 <relation id="1311344" visible="true" version="161" changeset="188470163" timestamp="2026-09-03T12:46:56Z" user="Bobropiton" uid="2055718">
  <member type="node" ref="5999042357" role="stop_entry_only"/>
  <member type="node" ref="5999042358" role="platform_entry_only"/>
  <member type="node" ref="6582662445" role="stop"/>
  <member type="node" ref="1912267415" role="platform"/>
  <member type="node" ref="7591551328" role="stop"/>
  <member type="node" ref="6481724999" role="platform"/>
  <member type="node" ref="7591953674" role="stop"/>
  <member type="node" ref="6924446358" role="platform"/>
  <member type="node" ref="7591953669" role="stop"/>
  <member type="node" ref="6924446359" role="platform"/>
  <member type="node" ref="13004840943" role="stop"/>
  <member type="node" ref="13004840946" role="platform"/>
  <member type="node" ref="3521144485" role="stop"/>
  <member type="node" ref="505115790" role="platform"/>
  <member type="node" ref="3521144475" role="stop"/>
  <member type="node" ref="1499067578" role="platform"/>
  <member type="node" ref="7176906245" role="stop"/>
  <member type="node" ref="1483573371" role="platform"/>
  <member type="node" ref="3521148949" role="stop"/>
  <member type="node" ref="1483572570" role="platform"/>
  <member type="node" ref="7179749876" role="stop"/>
  <member type="node" ref="1029184657" role="platform"/>
  <member type="node" ref="8321524372" role="stop"/>
  <member type="node" ref="1659398730" role="platform"/>
  <member type="node" ref="10185350596" role="stop"/>
  <member type="node" ref="10185350595" role="platform"/>
  <member type="node" ref="3673058589" role="stop"/>
  <member type="node" ref="3004086575" role="platform"/>
  <member type="node" ref="3673058585" role="stop"/>
  <member type="node" ref="1685727400" role="platform"/>
  <member type="node" ref="3673058590" role="stop"/>
  <member type="node" ref="1217861959" role="platform"/>
  <member type="node" ref="3673088986" role="stop"/>
  <member type="node" ref="1146914433" role="platform"/>
  <member type="node" ref="3673088989" role="stop"/>
  <member type="node" ref="1146912985" role="platform"/>
  <member type="node" ref="9693547081" role="stop"/>
  <member type="node" ref="9693547082" role="platform"/>
  <member type="node" ref="3673088991" role="stop"/>
  <member type="node" ref="1160017886" role="platform"/>
  <member type="node" ref="3551742200" role="stop"/>
  <member type="node" ref="1172471662" role="platform"/>
  <member type="node" ref="8321524370" role="stop"/>
  <member type="node" ref="2381892557" role="platform"/>
  <member type="node" ref="8321524369" role="stop"/>
  <member type="node" ref="2381893444" role="platform"/>
  <member type="node" ref="8321524350" role="stop"/>
  <member type="node" ref="8321524349" role="platform"/>
  <member type="node" ref="8321524368" role="stop"/>
  <member type="node" ref="8321524367" role="platform"/>
  <member type="node" ref="8321524361" role="stop"/>
  <member type="node" ref="2390816100" role="platform"/>
  <member type="node" ref="8323434513" role="stop"/>
  <member type="node" ref="1027658833" role="platform"/>
  <member type="node" ref="8328726563" role="stop"/>
  <member type="node" ref="1917612046" role="platform"/>
  <member type="node" ref="8328726562" role="stop"/>
  <member type="node" ref="8328726561" role="platform"/>
  <member type="node" ref="8328726558" role="stop"/>
  <member type="node" ref="8328726559" role="platform"/>
  <member type="node" ref="8323272384" role="stop"/>
  <member type="node" ref="3644748723" role="platform"/>
  <member type="node" ref="9197326363" role="stop"/>
  <member type="node" ref="3324760564" role="platform"/>
  <member type="node" ref="8328726555" role="stop"/>
  <member type="node" ref="8328726554" role="platform"/>
  <member type="node" ref="8328726553" role="stop"/>
  <member type="node" ref="8328726552" role="platform"/>
  <member type="node" ref="8323272392" role="stop"/>
  <member type="node" ref="7734704136" role="platform"/>
  <member type="node" ref="6806447804" role="stop"/>
  <member type="node" ref="8323272395" role="platform"/>
  <member type="node" ref="10066531054" role="stop_exit_only"/>
  <member type="node" ref="10066531053" role="platform_exit_only"/>
  <member type="way" ref="88987114" role=""/>
  <member type="way" ref="751158628" role=""/>
  <member type="way" ref="195870606" role=""/>
  <member type="way" ref="751158626" role=""/>
  <member type="way" ref="751158627" role=""/>
  <member type="way" ref="200468565" role=""/>
  <member type="way" ref="751158629" role=""/>
  <member type="way" ref="200468548" role=""/>
  <member type="way" ref="1547842212" role=""/>
  <member type="way" ref="195870608" role=""/>
  <member type="way" ref="1116327656" role=""/>
  <member type="way" ref="1116327655" role=""/>
  <member type="way" ref="31401691" role=""/>
  <member type="way" ref="200468559" role=""/>
  <member type="way" ref="1047320310" role=""/>
  <member type="way" ref="138017160" role=""/>
  <member type="way" ref="449768842" role=""/>
  <member type="way" ref="200468562" role=""/>
  <member type="way" ref="144323745" role=""/>
  <member type="way" ref="31396305" role=""/>
  <member type="way" ref="1120199342" role=""/>
  <member type="way" ref="144525714" role=""/>
  <member type="way" ref="1120199340" role=""/>
  <member type="way" ref="1120199338" role=""/>
  <member type="way" ref="1120199335" role=""/>
  <member type="way" ref="1120199334" role=""/>
  <member type="way" ref="1554756768" role=""/>
  <member type="way" ref="768738667" role=""/>
  <member type="way" ref="1120199333" role=""/>
  <member type="way" ref="768738673" role=""/>
  <member type="way" ref="769136676" role=""/>
  <member type="way" ref="1159273551" role=""/>
  <member type="way" ref="769136673" role=""/>
  <member type="way" ref="769136670" role=""/>
  <member type="way" ref="770390570" role=""/>
  <member type="way" ref="770390573" role=""/>
  <member type="way" ref="770390565" role=""/>
  <member type="way" ref="770390566" role=""/>
  <member type="way" ref="1120199330" role=""/>
  <member type="way" ref="769400948" role=""/>
  <member type="way" ref="895277753" role=""/>
  <member type="way" ref="769347434" role=""/>
  <member type="way" ref="90025768" role=""/>
  <member type="way" ref="990965398" role=""/>
  <member type="way" ref="1113275703" role=""/>
  <member type="way" ref="4458592" role=""/>
  <member type="way" ref="772987366" role=""/>
  <member type="way" ref="363103043" role=""/>
  <member type="way" ref="1442701063" role=""/>
  <member type="way" ref="753590996" role=""/>
  <member type="way" ref="449768845" role=""/>
  <member type="way" ref="126388262" role=""/>
  <member type="way" ref="126388265" role=""/>
  <member type="way" ref="753590985" role=""/>
  <member type="way" ref="753590984" role=""/>
  <member type="way" ref="138017888" role=""/>
  <member type="way" ref="1435057086" role=""/>
  <member type="way" ref="1435057085" role=""/>
  <member type="way" ref="753590986" role=""/>
  <member type="way" ref="608206931" role=""/>
  <member type="way" ref="1188143945" role=""/>
  <member type="way" ref="1188143944" role=""/>
  <member type="way" ref="372932127" role=""/>
  <member type="way" ref="1112129147" role=""/>
  <member type="way" ref="1112129161" role=""/>
  <member type="way" ref="1547474923" role=""/>
  <member type="way" ref="1112129149" role=""/>
  <member type="way" ref="1332738021" role=""/>
  <member type="way" ref="1112129143" role=""/>
  <member type="way" ref="1112134921" role=""/>
  <member type="way" ref="31386230" role=""/>
  <member type="way" ref="350642228" role=""/>
  <member type="way" ref="1413141070" role=""/>
  <member type="way" ref="350642227" role=""/>
  <member type="way" ref="1081280743" role=""/>
  <member type="way" ref="31401559" role=""/>
  <member type="way" ref="300063713" role=""/>
  <member type="way" ref="172397906" role=""/>
  <member type="way" ref="746573649" role=""/>
  <member type="way" ref="31389782" role=""/>
  <member type="way" ref="143013959" role=""/>
  <member type="way" ref="979690348" role=""/>
  <member type="way" ref="484376269" role=""/>
  <member type="way" ref="766848766" role=""/>
  <member type="way" ref="518663760" role=""/>
  <member type="way" ref="518663759" role=""/>
  <member type="way" ref="484376271" role=""/>
  <member type="way" ref="518663757" role=""/>
  <member type="way" ref="148227814" role=""/>
  <member type="way" ref="348102923" role=""/>
  <member type="way" ref="799847033" role=""/>
  <member type="way" ref="171213137" role=""/>
  <member type="way" ref="1550298532" role=""/>
  <member type="way" ref="171213139" role=""/>
  <member type="way" ref="895417348" role=""/>
  <member type="way" ref="1257227654" role=""/>
  <member type="way" ref="1257227655" role=""/>
  <member type="way" ref="639234059" role=""/>
  <member type="way" ref="1428305012" role=""/>
  <member type="way" ref="1382927922" role=""/>
  <member type="way" ref="1428305011" role=""/>
  <member type="way" ref="765992132" role=""/>
  <member type="way" ref="540483194" role=""/>
  <member type="way" ref="1428305006" role=""/>
  <member type="way" ref="1428305005" role=""/>
  <member type="way" ref="387305084" role=""/>
  <member type="way" ref="1428304988" role=""/>
  <member type="way" ref="1428304987" role=""/>
  <member type="way" ref="379502006" role=""/>
  <member type="way" ref="1428304984" role=""/>
  <member type="way" ref="1428304983" role=""/>
  <member type="way" ref="725963246" role=""/>
  <member type="way" ref="1428304979" role=""/>
  <member type="way" ref="1428304980" role=""/>
  <member type="way" ref="703479967" role=""/>
  <member type="way" ref="725963245" role=""/>
  <member type="way" ref="1084462869" role=""/>
  <member type="way" ref="703479969" role=""/>
  <member type="way" ref="1444814170" role=""/>
  <member type="way" ref="1444814175" role=""/>
  <member type="way" ref="1444814167" role=""/>
  <tag k="blind" v="yes"/>
  <tag k="blind:information" v="https://speakingcity.org/system/user/"/>
  <tag k="charge" v="88 RUB"/>
  <tag k="charge:cards" v="88 RUB"/>
  <tag k="charge:cash" v="88 RUB"/>
  <tag k="charge:ekp_card" v="65 RUB"/>
  <tag k="charge:ekp_nfc" v="65 RUB"/>
  <tag k="charge:podorozhnik" v="65 RUB"/>
  <tag k="charge:qr_ticket" v="88 RUB"/>
  <tag k="colour" v="#3d8ac2"/>
  <tag k="deaf" v="yes"/>
  <tag k="description" v="Маршрут обслуживается троллейбусами с увеличенным автономным ходом"/>
  <tag k="electric_bus" v="yes"/>
  <tag k="electric_bus:type" v="IMC"/>
  <tag k="fee" v="yes"/>
  <tag k="from" v="Суздальский проспект (Светлановский проспект)"/>
  <tag k="name" v="Троллейбус № 51: Светлановский проспект =&gt; Толубеевский проезд"/>
  <tag k="network" v="Комитет по Транспорту Санкт-Петербурга"/>
  <tag k="network:en" v="Saint-Petersburg Transport Committee"/>
  <tag k="network:ru" v="Комитет по Транспорту Санкт-Петербурга"/>
  <tag k="network:wikidata" v="Q115120075"/>
  <tag k="operator" v="ГУП «Горэлектротранс»"/>
  <tag k="payment:cards" v="yes"/>
  <tag k="payment:cash" v="no"/>
  <tag k="payment:contactless" v="yes"/>
  <tag k="payment:maestro" v="no"/>
  <tag k="payment:mastercard" v="no"/>
  <tag k="payment:mir" v="yes"/>
  <tag k="payment:nfc" v="yes"/>
  <tag k="payment:podorozhnik" v="yes"/>
  <tag k="payment:podorozhnik:activation" v="yes"/>
  <tag k="payment:social_cards" v="yes"/>
  <tag k="payment:strelka" v="no"/>
  <tag k="payment:troika" v="no"/>
  <tag k="payment:visa" v="no"/>
  <tag k="public_transport:version" v="2"/>
  <tag k="ref" v="51"/>
  <tag k="route" v="trolleybus"/>
  <tag k="source" v="Реестр муниципальных маршрутов регулярных перевозок в Санкт-Петербурге"/>
  <tag k="source:description" v="https://www.electrotrans.spb.ru/marshruti_trolleybusov"/>
  <tag k="to" v="Толубеевский проезд"/>
  <tag k="trolleybus_class:length" v="4"/>
  <tag k="type" v="route"/>
  <tag k="website" v="https://transport.orgp.spb.ru/Portal/transport/route/14467"/>
  <tag k="wheelchair" v="yes"/>
 </relation>
 <relation id="1342796" visible="true" version="110" changeset="177280014" timestamp="2026-01-16T01:25:48Z" user="Bobropiton" uid="2055718">
  <member type="node" ref="3533402624" role="stop_entry_only"/>
  <member type="node" ref="1700962628" role="platform_entry_only"/>
  <member type="node" ref="3551741954" role="stop"/>
  <member type="node" ref="3551741982" role="platform"/>
  <member type="node" ref="3551741980" role="stop"/>
  <member type="node" ref="3551741981" role="platform"/>
  <member type="node" ref="3551741944" role="stop"/>
  <member type="node" ref="2771357257" role="platform"/>
  <member type="node" ref="9936971671" role="stop"/>
  <member type="node" ref="9936971670" role="platform"/>
  <member type="node" ref="3533402668" role="stop"/>
  <member type="node" ref="1024058395" role="platform"/>
  <member type="node" ref="8328726563" role="stop"/>
  <member type="node" ref="1917612046" role="platform"/>
  <member type="node" ref="8328726562" role="stop"/>
  <member type="node" ref="8328726561" role="platform"/>
  <member type="node" ref="6704164101" role="stop"/>
  <member type="node" ref="6704164102" role="platform"/>
  <member type="node" ref="12803668381" role="stop"/>
  <member type="node" ref="12803668382" role="platform"/>
  <member type="node" ref="4220424777" role="stop"/>
  <member type="node" ref="3324758601" role="platform"/>
  <member type="node" ref="8328162779" role="stop"/>
  <member type="node" ref="1917612045" role="platform"/>
  <member type="node" ref="8328726557" role="stop"/>
  <member type="node" ref="2142685836" role="platform"/>
  <member type="node" ref="8328726556" role="stop"/>
  <member type="node" ref="4225228119" role="platform"/>
  <member type="node" ref="11253007191" role="stop"/>
  <member type="node" ref="11253007192" role="platform"/>
  <member type="node" ref="3644756201" role="stop"/>
  <member type="node" ref="3790738902" role="platform"/>
  <member type="node" ref="8328726555" role="stop"/>
  <member type="node" ref="8328726554" role="platform"/>
  <member type="node" ref="8328726553" role="stop"/>
  <member type="node" ref="8328726552" role="platform"/>
  <member type="node" ref="8323272392" role="stop"/>
  <member type="node" ref="7734704136" role="platform"/>
  <member type="node" ref="6806447804" role="stop"/>
  <member type="node" ref="8323272395" role="platform"/>
  <member type="node" ref="10066531054" role="stop_exit_only"/>
  <member type="node" ref="10066531053" role="platform_exit_only"/>
  <member type="way" ref="878160379" role=""/>
  <member type="way" ref="1282043622" role=""/>
  <member type="way" ref="85104151" role=""/>
  <member type="way" ref="672532982" role=""/>
  <member type="way" ref="85104147" role=""/>
  <member type="way" ref="144323566" role=""/>
  <member type="way" ref="1079101534" role=""/>
  <member type="way" ref="1188143939" role=""/>
  <member type="way" ref="406599272" role=""/>
  <member type="way" ref="406599273" role=""/>
  <member type="way" ref="88213665" role=""/>
  <member type="way" ref="144323565" role=""/>
  <member type="way" ref="742839281" role=""/>
  <member type="way" ref="327691111" role=""/>
  <member type="way" ref="265652567" role=""/>
  <member type="way" ref="85104150" role=""/>
  <member type="way" ref="265574285" role=""/>
  <member type="way" ref="1047320311" role=""/>
  <member type="way" ref="746573650" role=""/>
  <member type="way" ref="4462110" role=""/>
  <member type="way" ref="143013957" role=""/>
  <member type="way" ref="143013959" role=""/>
  <member type="way" ref="979690348" role=""/>
  <member type="way" ref="484376269" role=""/>
  <member type="way" ref="766848766" role=""/>
  <member type="way" ref="518663760" role=""/>
  <member type="way" ref="518663759" role=""/>
  <member type="way" ref="484376271" role=""/>
  <member type="way" ref="518663757" role=""/>
  <member type="way" ref="148227814" role=""/>
  <member type="way" ref="348102923" role=""/>
  <member type="way" ref="799847033" role=""/>
  <member type="way" ref="1257227651" role=""/>
  <member type="way" ref="1257227650" role=""/>
  <member type="way" ref="1362017651" role=""/>
  <member type="way" ref="1362017649" role=""/>
  <member type="way" ref="1362017650" role=""/>
  <member type="way" ref="1362017652" role=""/>
  <member type="way" ref="1249957747" role=""/>
  <member type="way" ref="1382926223" role=""/>
  <member type="way" ref="770326028" role=""/>
  <member type="way" ref="1382927924" role=""/>
  <member type="way" ref="422300265" role=""/>
  <member type="way" ref="1428305014" role=""/>
  <member type="way" ref="1428305013" role=""/>
  <member type="way" ref="564463343" role=""/>
  <member type="way" ref="895936082" role=""/>
  <member type="way" ref="1257227656" role=""/>
  <member type="way" ref="401962908" role=""/>
  <member type="way" ref="1257227657" role=""/>
  <member type="way" ref="144330169" role=""/>
  <member type="way" ref="422300260" role=""/>
  <member type="way" ref="1257227653" role=""/>
  <member type="way" ref="1257227652" role=""/>
  <member type="way" ref="1467480506" role=""/>
  <member type="way" ref="184731552" role=""/>
  <member type="way" ref="567559695" role=""/>
  <member type="way" ref="558123759" role=""/>
  <member type="way" ref="668556787" role=""/>
  <member type="way" ref="313220580" role=""/>
  <member type="way" ref="1428305000" role=""/>
  <member type="way" ref="1428304999" role=""/>
  <member type="way" ref="562349295" role=""/>
  <member type="way" ref="422300263" role=""/>
  <member type="way" ref="540483194" role=""/>
  <member type="way" ref="1428305006" role=""/>
  <member type="way" ref="1428305005" role=""/>
  <member type="way" ref="387305084" role=""/>
  <member type="way" ref="1428304988" role=""/>
  <member type="way" ref="1428304987" role=""/>
  <member type="way" ref="379502006" role=""/>
  <member type="way" ref="1428304984" role=""/>
  <member type="way" ref="1428304983" role=""/>
  <member type="way" ref="725963246" role=""/>
  <member type="way" ref="1428304979" role=""/>
  <member type="way" ref="1428304980" role=""/>
  <member type="way" ref="703479967" role=""/>
  <member type="way" ref="725963245" role=""/>
  <member type="way" ref="1084462869" role=""/>
  <member type="way" ref="703479969" role=""/>
  <member type="way" ref="1444814170" role=""/>
  <member type="way" ref="1444814175" role=""/>
  <member type="way" ref="1444814167" role=""/>
  <tag k="blind" v="limited"/>
  <tag k="bus_class:length" v="4;5"/>
  <tag k="charge" v="88 RUB"/>
  <tag k="charge:cards" v="88 RUB"/>
  <tag k="charge:cash" v="88 RUB"/>
  <tag k="charge:ekp_card" v="65 RUB"/>
  <tag k="charge:ekp_nfc" v="65 RUB"/>
  <tag k="charge:podorozhnik" v="65 RUB"/>
  <tag k="charge:qr_ticket" v="88 RUB"/>
  <tag k="colour" v="#10a855"/>
  <tag k="deaf" v="yes"/>
  <tag k="fee" v="yes"/>
  <tag k="from" v="улица Жени Егоровой"/>
  <tag k="name" v="Автобус № 143: улица Жени Егоровой =&gt; Толубеевский проезд"/>
  <tag k="network" v="Комитет по Транспорту Санкт-Петербурга"/>
  <tag k="network:en" v="Saint-Petersburg Transport Committee"/>
  <tag k="network:ru" v="Комитет по Транспорту Санкт-Петербурга"/>
  <tag k="network:wikidata" v="Q115120075"/>
  <tag k="operator" v="СПб ГУП «Пассажиравтотранс»"/>
  <tag k="payment:cards" v="yes"/>
  <tag k="payment:cash" v="no"/>
  <tag k="payment:contactless" v="yes"/>
  <tag k="payment:maestro" v="no"/>
  <tag k="payment:mastercard" v="no"/>
  <tag k="payment:mir" v="yes"/>
  <tag k="payment:nfc" v="yes"/>
  <tag k="payment:podorozhnik" v="yes"/>
  <tag k="payment:podorozhnik:activation" v="yes"/>
  <tag k="payment:social_cards" v="yes"/>
  <tag k="payment:strelka" v="no"/>
  <tag k="payment:troika" v="no"/>
  <tag k="payment:visa" v="no"/>
  <tag k="public_transport:version" v="2"/>
  <tag k="ref" v="143"/>
  <tag k="route" v="bus"/>
  <tag k="source" v="Реестр муниципальных маршрутов регулярных перевозок в Санкт-Петербурге"/>
  <tag k="to" v="Толубеевский проезд"/>
  <tag k="type" v="route"/>
  <tag k="website" v="https://transport.orgp.spb.ru/Portal/transport/route/335"/>
  <tag k="wheelchair" v="yes"/>
 </relation>
 <relation id="1348154" visible="true" version="136" changeset="188470163" timestamp="2026-09-03T12:46:56Z" user="Bobropiton" uid="2055718">
  <member type="node" ref="10066531054" role="stop_entry_only"/>
  <member type="node" ref="10066531053" role="platform_entry_only"/>
  <member type="node" ref="6606427558" role="stop"/>
  <member type="node" ref="7734695001" role="platform"/>
  <member type="node" ref="8323272393" role="stop"/>
  <member type="node" ref="8323272394" role="platform"/>
  <member type="node" ref="8323272391" role="stop"/>
  <member type="node" ref="7734701542" role="platform"/>
  <member type="node" ref="8323272389" role="stop"/>
  <member type="node" ref="8323272390" role="platform"/>
  <member type="node" ref="8328726551" role="stop"/>
  <member type="node" ref="3644753210" role="platform"/>
  <member type="node" ref="4220424777" role="stop"/>
  <member type="node" ref="3324758601" role="platform"/>
  <member type="node" ref="6704164100" role="stop"/>
  <member type="node" ref="2159511390" role="platform"/>
  <member type="node" ref="1902669380" role="stop"/>
  <member type="node" ref="1866426083" role="platform"/>
  <member type="node" ref="8328726560" role="stop"/>
  <member type="node" ref="5495060603" role="platform"/>
  <member type="node" ref="8322158842" role="stop"/>
  <member type="node" ref="6397031810" role="platform"/>
  <member type="node" ref="8321524357" role="stop"/>
  <member type="node" ref="1027659160" role="platform"/>
  <member type="node" ref="8321524358" role="stop"/>
  <member type="node" ref="2390816076" role="platform"/>
  <member type="node" ref="8321524353" role="stop"/>
  <member type="node" ref="8321524354" role="platform"/>
  <member type="node" ref="8321524351" role="stop"/>
  <member type="node" ref="8321524352" role="platform"/>
  <member type="node" ref="8321524348" role="stop"/>
  <member type="node" ref="2381893443" role="platform"/>
  <member type="node" ref="3551742203" role="stop"/>
  <member type="node" ref="3551741951" role="platform"/>
  <member type="node" ref="3673088987" role="stop"/>
  <member type="node" ref="1172471739" role="platform"/>
  <member type="node" ref="3673088990" role="stop"/>
  <member type="node" ref="1160016522" role="platform"/>
  <member type="node" ref="9693547079" role="stop"/>
  <member type="node" ref="9693547080" role="platform"/>
  <member type="node" ref="3673088988" role="stop"/>
  <member type="node" ref="1146912442" role="platform"/>
  <member type="node" ref="3551741988" role="stop"/>
  <member type="node" ref="1146914677" role="platform"/>
  <member type="node" ref="3058638346" role="stop"/>
  <member type="node" ref="1156221018" role="platform"/>
  <member type="node" ref="3673058584" role="stop"/>
  <member type="node" ref="1674397490" role="platform"/>
  <member type="node" ref="3673058588" role="stop"/>
  <member type="node" ref="3004086574" role="platform"/>
  <member type="node" ref="3673058587" role="stop"/>
  <member type="node" ref="1659398664" role="platform"/>
  <member type="node" ref="8321524371" role="stop"/>
  <member type="node" ref="762649743" role="platform"/>
  <member type="node" ref="3521144489" role="stop"/>
  <member type="node" ref="7146353757" role="platform"/>
  <member type="node" ref="3521764969" role="stop"/>
  <member type="node" ref="1483572558" role="platform"/>
  <member type="node" ref="3521155166" role="stop"/>
  <member type="node" ref="2086694403" role="platform"/>
  <member type="node" ref="3521144897" role="stop"/>
  <member type="node" ref="3521144482" role="platform"/>
  <member type="node" ref="3521144476" role="stop"/>
  <member type="node" ref="1499067580" role="platform"/>
  <member type="node" ref="3521144486" role="stop"/>
  <member type="node" ref="660176510" role="platform"/>
  <member type="node" ref="13004840944" role="stop"/>
  <member type="node" ref="13004840945" role="platform"/>
  <member type="node" ref="7591953671" role="stop"/>
  <member type="node" ref="1056588194" role="platform"/>
  <member type="node" ref="7591953673" role="stop"/>
  <member type="node" ref="7591953672" role="platform"/>
  <member type="node" ref="7591551329" role="stop"/>
  <member type="node" ref="2971696695" role="platform"/>
  <member type="node" ref="6582662444" role="stop"/>
  <member type="node" ref="1912267420" role="platform"/>
  <member type="node" ref="5999042360" role="stop_exit_only"/>
  <member type="node" ref="5999042359" role="platform_exit_only"/>
  <member type="way" ref="1444814168" role=""/>
  <member type="way" ref="1444814174" role=""/>
  <member type="way" ref="1444814172" role=""/>
  <member type="way" ref="725963244" role=""/>
  <member type="way" ref="1084462870" role=""/>
  <member type="way" ref="797518227" role=""/>
  <member type="way" ref="703479972" role=""/>
  <member type="way" ref="725963247" role=""/>
  <member type="way" ref="1428304982" role=""/>
  <member type="way" ref="1428304981" role=""/>
  <member type="way" ref="703479966" role=""/>
  <member type="way" ref="797518228" role=""/>
  <member type="way" ref="1242831744" role=""/>
  <member type="way" ref="1268134135" role=""/>
  <member type="way" ref="1428304985" role=""/>
  <member type="way" ref="1428304986" role=""/>
  <member type="way" ref="1428304990" role=""/>
  <member type="way" ref="1428304989" role=""/>
  <member type="way" ref="448684666" role=""/>
  <member type="way" ref="648549020" role=""/>
  <member type="way" ref="422300264" role=""/>
  <member type="way" ref="292491700" role=""/>
  <member type="way" ref="1428305004" role=""/>
  <member type="way" ref="1428305003" role=""/>
  <member type="way" ref="422300265" role=""/>
  <member type="way" ref="1428305014" role=""/>
  <member type="way" ref="1428305013" role=""/>
  <member type="way" ref="564463343" role=""/>
  <member type="way" ref="446493277" role=""/>
  <member type="way" ref="948836658" role=""/>
  <member type="way" ref="1257227658" role=""/>
  <member type="way" ref="1257227659" role=""/>
  <member type="way" ref="350642229" role=""/>
  <member type="way" ref="765992131" role=""/>
  <member type="way" ref="181331256" role=""/>
  <member type="way" ref="571674185" role=""/>
  <member type="way" ref="721118983" role=""/>
  <member type="way" ref="571674182" role=""/>
  <member type="way" ref="518663756" role=""/>
  <member type="way" ref="49360129" role=""/>
  <member type="way" ref="518663758" role=""/>
  <member type="way" ref="518663762" role=""/>
  <member type="way" ref="143010430" role=""/>
  <member type="way" ref="439920802" role=""/>
  <member type="way" ref="749028561" role=""/>
  <member type="way" ref="143019427" role=""/>
  <member type="way" ref="4462110" role=""/>
  <member type="way" ref="31380253" role=""/>
  <member type="way" ref="849337101" role=""/>
  <member type="way" ref="172397905" role=""/>
  <member type="way" ref="31401559" role=""/>
  <member type="way" ref="1081280743" role=""/>
  <member type="way" ref="350642227" role=""/>
  <member type="way" ref="1413141070" role=""/>
  <member type="way" ref="350642228" role=""/>
  <member type="way" ref="31386230" role=""/>
  <member type="way" ref="1112129142" role=""/>
  <member type="way" ref="1547474476" role=""/>
  <member type="way" ref="1112129148" role=""/>
  <member type="way" ref="1112129160" role=""/>
  <member type="way" ref="1112129146" role=""/>
  <member type="way" ref="1112129159" role=""/>
  <member type="way" ref="1188143943" role=""/>
  <member type="way" ref="1188143942" role=""/>
  <member type="way" ref="363106850" role=""/>
  <member type="way" ref="753590283" role=""/>
  <member type="way" ref="608206937" role=""/>
  <member type="way" ref="608206947" role=""/>
  <member type="way" ref="1435057084" role=""/>
  <member type="way" ref="1435057083" role=""/>
  <member type="way" ref="753590810" role=""/>
  <member type="way" ref="363106851" role=""/>
  <member type="way" ref="180160611" role=""/>
  <member type="way" ref="138017885" role=""/>
  <member type="way" ref="126388263" role=""/>
  <member type="way" ref="772987368" role=""/>
  <member type="way" ref="1442701062" role=""/>
  <member type="way" ref="772987367" role=""/>
  <member type="way" ref="126388266" role=""/>
  <member type="way" ref="990965397" role=""/>
  <member type="way" ref="31377713" role=""/>
  <member type="way" ref="515669201" role=""/>
  <member type="way" ref="165555866" role=""/>
  <member type="way" ref="144840228" role=""/>
  <member type="way" ref="165555867" role=""/>
  <member type="way" ref="144840227" role=""/>
  <member type="way" ref="144840225" role=""/>
  <member type="way" ref="144840226" role=""/>
  <member type="way" ref="88879778" role=""/>
  <member type="way" ref="770390574" role=""/>
  <member type="way" ref="769136665" role=""/>
  <member type="way" ref="1120199331" role=""/>
  <member type="way" ref="770390572" role=""/>
  <member type="way" ref="770390568" role=""/>
  <member type="way" ref="770390564" role=""/>
  <member type="way" ref="770390571" role=""/>
  <member type="way" ref="770014935" role=""/>
  <member type="way" ref="769400946" role=""/>
  <member type="way" ref="769136675" role=""/>
  <member type="way" ref="769136674" role=""/>
  <member type="way" ref="1169744016" role=""/>
  <member type="way" ref="1169744015" role=""/>
  <member type="way" ref="769136668" role=""/>
  <member type="way" ref="1120199332" role=""/>
  <member type="way" ref="1120199336" role=""/>
  <member type="way" ref="799841988" role=""/>
  <member type="way" ref="1554756769" role=""/>
  <member type="way" ref="768738672" role=""/>
  <member type="way" ref="1120199337" role=""/>
  <member type="way" ref="1120199339" role=""/>
  <member type="way" ref="1120199341" role=""/>
  <member type="way" ref="1025931393" role=""/>
  <member type="way" ref="1120199343" role=""/>
  <member type="way" ref="768738671" role=""/>
  <member type="way" ref="138017157" role=""/>
  <member type="way" ref="138017159" role=""/>
  <member type="way" ref="200468558" role=""/>
  <member type="way" ref="198267161" role=""/>
  <member type="way" ref="1116327657" role=""/>
  <member type="way" ref="31374220" role=""/>
  <member type="way" ref="195909894" role=""/>
  <member type="way" ref="751161304" role=""/>
  <member type="way" ref="751161305" role=""/>
  <member type="way" ref="751161303" role=""/>
  <member type="way" ref="195870611" role=""/>
  <member type="way" ref="751161302" role=""/>
  <member type="way" ref="200468555" role=""/>
  <member type="way" ref="181344172" role=""/>
  <member type="way" ref="751161300" role=""/>
  <member type="way" ref="751161301" role=""/>
  <member type="way" ref="636111163" role=""/>
  <member type="way" ref="975784330" role=""/>
  <member type="way" ref="172851576" role=""/>
  <tag k="blind" v="yes"/>
  <tag k="blind:information" v="https://speakingcity.org/system/user/"/>
  <tag k="charge" v="88 RUB"/>
  <tag k="charge:cards" v="88 RUB"/>
  <tag k="charge:cash" v="88 RUB"/>
  <tag k="charge:ekp_card" v="65 RUB"/>
  <tag k="charge:ekp_nfc" v="65 RUB"/>
  <tag k="charge:podorozhnik" v="65 RUB"/>
  <tag k="charge:qr_ticket" v="88 RUB"/>
  <tag k="colour" v="#3d8ac2"/>
  <tag k="deaf" v="yes"/>
  <tag k="description" v="Маршрут обслуживается троллейбусами с увеличенным автономным ходом"/>
  <tag k="electric_bus" v="yes"/>
  <tag k="electric_bus:type" v="IMC"/>
  <tag k="fee" v="yes"/>
  <tag k="from" v="Толубеевский проезд"/>
  <tag k="name" v="Троллейбус № 51: Толубеевский проезд =&gt; Суздальский проспект"/>
  <tag k="network" v="Комитет по Транспорту Санкт-Петербурга"/>
  <tag k="network:en" v="Saint-Petersburg Transport Committee"/>
  <tag k="network:ru" v="Комитет по Транспорту Санкт-Петербурга"/>
  <tag k="network:wikidata" v="Q115120075"/>
  <tag k="operator" v="ГУП «Горэлектротранс»"/>
  <tag k="payment:cards" v="yes"/>
  <tag k="payment:cash" v="no"/>
  <tag k="payment:contactless" v="yes"/>
  <tag k="payment:maestro" v="no"/>
  <tag k="payment:mastercard" v="no"/>
  <tag k="payment:mir" v="yes"/>
  <tag k="payment:nfc" v="yes"/>
  <tag k="payment:podorozhnik" v="yes"/>
  <tag k="payment:podorozhnik:activation" v="yes"/>
  <tag k="payment:social_cards" v="yes"/>
  <tag k="payment:strelka" v="no"/>
  <tag k="payment:troika" v="no"/>
  <tag k="payment:visa" v="no"/>
  <tag k="public_transport:version" v="2"/>
  <tag k="ref" v="51"/>
  <tag k="route" v="trolleybus"/>
  <tag k="source" v="Реестр муниципальных маршрутов регулярных перевозок в Санкт-Петербурге"/>
  <tag k="source:description" v="https://www.electrotrans.spb.ru/marshruti_trolleybusov"/>
  <tag k="to" v="Суздальский проспект"/>
  <tag k="trolleybus_class:length" v="4"/>
  <tag k="type" v="route"/>
  <tag k="website" v="https://transport.orgp.spb.ru/Portal/transport/route/14467"/>
  <tag k="wheelchair" v="yes"/>
 </relation>
 <relation id="2653419" visible="true" version="7" changeset="176962093" timestamp="2026-01-07T21:58:55Z" user="Bobropiton" uid="2055718">
  <member type="relation" ref="1348154" role=""/>
  <member type="relation" ref="1311344" role=""/>
  <tag k="colour" v="#3d8ac2"/>
  <tag k="name" v="Троллейбус № 51"/>
  <tag k="network" v="Комитет по Транспорту Санкт-Петербурга"/>
  <tag k="network:en" v="Saint-Petersburg Transport Committee"/>
  <tag k="network:wikidata" v="Q115120075"/>
  <tag k="operator" v="ГУП «Горэлектротранс»"/>
  <tag k="ref" v="51"/>
  <tag k="route_master" v="trolleybus"/>
  <tag k="type" v="route_master"/>
 </relation>
 <relation id="2707228" visible="true" version="171" changeset="181990203" timestamp="2026-04-29T13:52:29Z" user="Bobropiton" uid="2055718">
  <member type="node" ref="3533402632" role="stop_entry_only"/>
  <member type="node" ref="987229175" role="platform_entry_only"/>
  <member type="node" ref="3533402670" role="stop"/>
  <member type="node" ref="1872507602" role="platform"/>
  <member type="node" ref="8122249749" role="stop"/>
  <member type="node" ref="8122249750" role="platform"/>
  <member type="node" ref="3533402633" role="stop"/>
  <member type="node" ref="2028763222" role="platform"/>
  <member type="node" ref="3533402641" role="stop"/>
  <member type="node" ref="1872484674" role="platform"/>
  <member type="node" ref="2028763238" role="stop"/>
  <member type="node" ref="5923134499" role="platform"/>
  <member type="node" ref="3533402599" role="stop"/>
  <member type="node" ref="691246419" role="platform"/>
  <member type="node" ref="3533402644" role="stop"/>
  <member type="node" ref="2028763171" role="platform"/>
  <member type="node" ref="3533402642" role="stop"/>
  <member type="node" ref="798645177" role="platform"/>
  <member type="node" ref="3533402651" role="stop"/>
  <member type="node" ref="2721333239" role="platform"/>
  <member type="node" ref="3533402616" role="stop"/>
  <member type="node" ref="691246471" role="platform"/>
  <member type="node" ref="1647105799" role="stop"/>
  <member type="node" ref="691246469" role="platform"/>
  <member type="node" ref="3533402653" role="stop"/>
  <member type="node" ref="2028763204" role="platform"/>
  <member type="node" ref="4279080375" role="stop"/>
  <member type="node" ref="691246453" role="platform"/>
  <member type="node" ref="8323310938" role="stop"/>
  <member type="node" ref="2275247951" role="platform"/>
  <member type="node" ref="1461389086" role="stop"/>
  <member type="node" ref="9723756831" role="platform"/>
  <member type="node" ref="8323310918" role="stop"/>
  <member type="node" ref="3685208837" role="platform"/>
  <member type="node" ref="83925479" role="stop"/>
  <member type="node" ref="5573057705" role="platform"/>
  <member type="node" ref="8323272415" role="stop"/>
  <member type="node" ref="2365408430" role="platform"/>
  <member type="node" ref="2196398602" role="stop"/>
  <member type="node" ref="7734697787" role="platform"/>
  <member type="node" ref="8323272402" role="stop"/>
  <member type="node" ref="2365408455" role="platform"/>
  <member type="node" ref="98222996" role="stop"/>
  <member type="node" ref="1728387409" role="platform"/>
  <member type="node" ref="8323272401" role="stop"/>
  <member type="node" ref="7734696845" role="platform"/>
  <member type="node" ref="8323272398" role="stop"/>
  <member type="node" ref="5120484932" role="platform"/>
  <member type="node" ref="8323272397" role="stop"/>
  <member type="node" ref="1728387334" role="platform"/>
  <member type="node" ref="1902653319" role="stop_exit_only"/>
  <member type="node" ref="9676730251" role="platform_exit_only"/>
  <member type="node" ref="9022327395" role="stop"/>
  <member type="node" ref="9022327401" role="platform"/>
  <member type="node" ref="6606427558" role="stop"/>
  <member type="node" ref="7734695001" role="platform"/>
  <member type="node" ref="8323272393" role="stop"/>
  <member type="node" ref="8323272394" role="platform"/>
  <member type="node" ref="8323272391" role="stop"/>
  <member type="node" ref="7734701542" role="platform"/>
  <member type="node" ref="8323272389" role="stop"/>
  <member type="node" ref="8323272390" role="platform"/>
  <member type="node" ref="8328726551" role="stop"/>
  <member type="node" ref="3644753210" role="platform"/>
  <member type="node" ref="4220424777" role="stop"/>
  <member type="node" ref="3324758601" role="platform"/>
  <member type="node" ref="8328162779" role="stop"/>
  <member type="node" ref="1917612045" role="platform"/>
  <member type="node" ref="8328726557" role="stop"/>
  <member type="node" ref="2142685836" role="platform"/>
  <member type="node" ref="8328726556" role="stop_exit_only"/>
  <member type="node" ref="4225228119" role="platform_exit_only"/>
  <member type="way" ref="1356879159" role=""/>
  <member type="way" ref="1446997916" role=""/>
  <member type="way" ref="265652569" role=""/>
  <member type="way" ref="327467579" role=""/>
  <member type="way" ref="327691112" role=""/>
  <member type="way" ref="143169199" role=""/>
  <member type="way" ref="256540876" role=""/>
  <member type="way" ref="759798030" role=""/>
  <member type="way" ref="233961974" role=""/>
  <member type="way" ref="759798029" role=""/>
  <member type="way" ref="759800526" role=""/>
  <member type="way" ref="759800525" role=""/>
  <member type="way" ref="216408228" role=""/>
  <member type="way" ref="399135409" role=""/>
  <member type="way" ref="256540872" role=""/>
  <member type="way" ref="1280823803" role=""/>
  <member type="way" ref="1280825418" role=""/>
  <member type="way" ref="1280825419" role=""/>
  <member type="way" ref="518679358" role=""/>
  <member type="way" ref="1280823801" role=""/>
  <member type="way" ref="1280823802" role=""/>
  <member type="way" ref="518679356" role=""/>
  <member type="way" ref="51544490" role=""/>
  <member type="way" ref="518679350" role=""/>
  <member type="way" ref="518679353" role=""/>
  <member type="way" ref="518679347" role=""/>
  <member type="way" ref="80217575" role=""/>
  <member type="way" ref="256540873" role=""/>
  <member type="way" ref="233612224" role=""/>
  <member type="way" ref="518676635" role=""/>
  <member type="way" ref="233612218" role=""/>
  <member type="way" ref="151871798" role=""/>
  <member type="way" ref="518799252" role=""/>
  <member type="way" ref="518798795" role=""/>
  <member type="way" ref="233612223" role=""/>
  <member type="way" ref="723751089" role=""/>
  <member type="way" ref="765988209" role=""/>
  <member type="way" ref="723751088" role=""/>
  <member type="way" ref="172924433" role=""/>
  <member type="way" ref="51341428" role=""/>
  <member type="way" ref="291244428" role=""/>
  <member type="way" ref="51341427" role=""/>
  <member type="way" ref="34366440" role=""/>
  <member type="way" ref="31380173" role=""/>
  <member type="way" ref="723751091" role=""/>
  <member type="way" ref="203345448" role=""/>
  <member type="way" ref="723751090" role=""/>
  <member type="way" ref="499670539" role=""/>
  <member type="way" ref="428807667" role=""/>
  <member type="way" ref="1116090514" role=""/>
  <member type="way" ref="132831584" role=""/>
  <member type="way" ref="1315581488" role=""/>
  <member type="way" ref="1315581487" role=""/>
  <member type="way" ref="1315581486" role=""/>
  <member type="way" ref="166535326" role=""/>
  <member type="way" ref="1313717052" role=""/>
  <member type="way" ref="1313717051" role=""/>
  <member type="way" ref="132831587" role=""/>
  <member type="way" ref="77722192" role=""/>
  <member type="way" ref="201509677" role=""/>
  <member type="way" ref="265587432" role=""/>
  <member type="way" ref="201509676" role=""/>
  <member type="way" ref="173981258" role=""/>
  <member type="way" ref="1313717053" role=""/>
  <member type="way" ref="227455565" role=""/>
  <member type="way" ref="633499772" role=""/>
  <member type="way" ref="31370925" role=""/>
  <member type="way" ref="352554850" role=""/>
  <member type="way" ref="303879072" role=""/>
  <member type="way" ref="326379201" role=""/>
  <member type="way" ref="303871811" role=""/>
  <member type="way" ref="303879077" role=""/>
  <member type="way" ref="303879076" role=""/>
  <member type="way" ref="88205214" role=""/>
  <member type="way" ref="303879079" role=""/>
  <member type="way" ref="326379178" role=""/>
  <member type="way" ref="88205213" role=""/>
  <member type="way" ref="326379190" role=""/>
  <member type="way" ref="88205203" role=""/>
  <member type="way" ref="303871814" role=""/>
  <member type="way" ref="88205201" role=""/>
  <member type="way" ref="303871815" role=""/>
  <member type="way" ref="249807923" role=""/>
  <member type="way" ref="121228740" role=""/>
  <member type="way" ref="857364652" role=""/>
  <member type="way" ref="9894073" role=""/>
  <member type="way" ref="179839016" role=""/>
  <member type="way" ref="31378806" role=""/>
  <member type="way" ref="1053041556" role=""/>
  <member type="way" ref="147299587" role=""/>
  <member type="way" ref="71133309" role=""/>
  <member type="way" ref="226404821" role=""/>
  <member type="way" ref="179837198" role=""/>
  <member type="way" ref="58075450" role=""/>
  <member type="way" ref="147299587" role=""/>
  <member type="way" ref="226404822" role=""/>
  <member type="way" ref="249807917" role=""/>
  <member type="way" ref="974939346" role=""/>
  <member type="way" ref="1052964453" role=""/>
  <member type="way" ref="58075452" role=""/>
  <member type="way" ref="979678947" role=""/>
  <member type="way" ref="979678946" role=""/>
  <member type="way" ref="71133297" role=""/>
  <member type="way" ref="974939343" role=""/>
  <member type="way" ref="974939344" role=""/>
  <member type="way" ref="974939345" role=""/>
  <member type="way" ref="1052967549" role=""/>
  <member type="way" ref="974939342" role=""/>
  <member type="way" ref="1052967552" role=""/>
  <member type="way" ref="58075452" role=""/>
  <member type="way" ref="979678947" role=""/>
  <member type="way" ref="979678946" role=""/>
  <member type="way" ref="179837199" role=""/>
  <member type="way" ref="943648800" role=""/>
  <member type="way" ref="31372002" role=""/>
  <member type="way" ref="170350281" role=""/>
  <member type="way" ref="170350286" role=""/>
  <member type="way" ref="1266449206" role=""/>
  <member type="way" ref="1133914240" role=""/>
  <member type="way" ref="170350282" role=""/>
  <member type="way" ref="121228742" role=""/>
  <member type="way" ref="951430430" role=""/>
  <member type="way" ref="951430428" role=""/>
  <member type="way" ref="303871813" role=""/>
  <member type="way" ref="88205201" role=""/>
  <member type="way" ref="303871812" role=""/>
  <member type="way" ref="326379185" role=""/>
  <member type="way" ref="182567441" role=""/>
  <member type="way" ref="249807926" role=""/>
  <member type="way" ref="303879078" role=""/>
  <member type="way" ref="88205214" role=""/>
  <member type="way" ref="303879076" role=""/>
  <member type="way" ref="303879077" role=""/>
  <member type="way" ref="303871816" role=""/>
  <member type="way" ref="249807930" role=""/>
  <member type="way" ref="88206307" role=""/>
  <member type="way" ref="179839019" role=""/>
  <member type="way" ref="127681908" role=""/>
  <member type="way" ref="127681911" role=""/>
  <member type="way" ref="232426827" role=""/>
  <member type="way" ref="109151045" role=""/>
  <member type="way" ref="124777809" role=""/>
  <member type="way" ref="82915645" role=""/>
  <member type="way" ref="172407105" role=""/>
  <member type="way" ref="159745995" role=""/>
  <member type="way" ref="109151046" role=""/>
  <member type="way" ref="416399678" role=""/>
  <member type="way" ref="128606509" role=""/>
  <member type="way" ref="616188485" role=""/>
  <member type="way" ref="616188484" role=""/>
  <member type="way" ref="667757549" role=""/>
  <member type="way" ref="703479959" role=""/>
  <member type="way" ref="1065555118" role=""/>
  <member type="way" ref="1444814169" role=""/>
  <member type="way" ref="725963244" role=""/>
  <member type="way" ref="1084462870" role=""/>
  <member type="way" ref="797518227" role=""/>
  <member type="way" ref="703479972" role=""/>
  <member type="way" ref="725963247" role=""/>
  <member type="way" ref="1428304982" role=""/>
  <member type="way" ref="1428304981" role=""/>
  <member type="way" ref="703479966" role=""/>
  <member type="way" ref="797518228" role=""/>
  <member type="way" ref="1242831744" role=""/>
  <member type="way" ref="1268134135" role=""/>
  <member type="way" ref="1428304985" role=""/>
  <member type="way" ref="1428304986" role=""/>
  <member type="way" ref="1428304990" role=""/>
  <member type="way" ref="1428304989" role=""/>
  <member type="way" ref="448684666" role=""/>
  <member type="way" ref="648549020" role=""/>
  <member type="way" ref="422300264" role=""/>
  <member type="way" ref="292491700" role=""/>
  <member type="way" ref="1428305004" role=""/>
  <member type="way" ref="1428305003" role=""/>
  <member type="way" ref="422300265" role=""/>
  <member type="way" ref="1428305014" role=""/>
  <member type="way" ref="1428305013" role=""/>
  <member type="way" ref="564463343" role=""/>
  <member type="way" ref="895936082" role=""/>
  <member type="way" ref="1257227656" role=""/>
  <member type="way" ref="401962908" role=""/>
  <member type="way" ref="1257227657" role=""/>
  <member type="way" ref="144330169" role=""/>
  <member type="way" ref="422300260" role=""/>
  <member type="way" ref="1257227653" role=""/>
  <member type="way" ref="1257227652" role=""/>
  <tag k="air_conditioning" v="yes"/>
  <tag k="blind" v="limited"/>
  <tag k="bus_class:length" v="4"/>
  <tag k="charge" v="88 RUB"/>
  <tag k="charge:cards" v="88 RUB"/>
  <tag k="charge:cash" v="88 RUB"/>
  <tag k="charge:ekp_card" v="65 RUB"/>
  <tag k="charge:ekp_nfc" v="65 RUB"/>
  <tag k="charge:podorozhnik" v="65 RUB"/>
  <tag k="charge:qr_ticket" v="88 RUB"/>
  <tag k="colour" v="#10a855"/>
  <tag k="deaf" v="yes"/>
  <tag k="fee" v="yes"/>
  <tag k="from" v="станция метро «Проспект Просвещения»"/>
  <tag k="name" v="Автобус № 148: станция метро «Проспект Просвещения» =&gt; Заречная улица"/>
  <tag k="network" v="Комитет по Транспорту Санкт-Петербурга"/>
  <tag k="network:en" v="Saint-Petersburg Transport Committee"/>
  <tag k="network:ru" v="Комитет по Транспорту Санкт-Петербурга"/>
  <tag k="network:wikidata" v="Q115120075"/>
  <tag k="operator" v="АО «Третий парк»"/>
  <tag k="payment:cards" v="yes"/>
  <tag k="payment:cash" v="no"/>
  <tag k="payment:contactless" v="yes"/>
  <tag k="payment:maestro" v="no"/>
  <tag k="payment:mastercard" v="no"/>
  <tag k="payment:mir" v="yes"/>
  <tag k="payment:nfc" v="yes"/>
  <tag k="payment:podorozhnik" v="yes"/>
  <tag k="payment:podorozhnik:activation" v="yes"/>
  <tag k="payment:social_cards" v="yes"/>
  <tag k="payment:strelka" v="no"/>
  <tag k="payment:troika" v="no"/>
  <tag k="payment:visa" v="no"/>
  <tag k="public_transport:version" v="2"/>
  <tag k="ref" v="148"/>
  <tag k="route" v="bus"/>
  <tag k="source" v="Реестр смежных межрегиональных маршрутов регулярных перевозок в Санкт-Петербурге и Ленинградской области"/>
  <tag k="to" v="Заречная улица, угол улицы Михаила Дудина"/>
  <tag k="type" v="route"/>
  <tag k="website" v="https://transport.orgp.spb.ru/Portal/transport/route/2556"/>
  <tag k="wheelchair" v="yes"/>
 </relation>
 <relation id="2729417" visible="true" version="170" changeset="181990203" timestamp="2026-04-29T13:52:29Z" user="Bobropiton" uid="2055718">
  <member type="node" ref="8323272385" role="stop_entry_only"/>
  <member type="node" ref="4785757507" role="platform_entry_only"/>
  <member type="node" ref="1520279808" role="stop"/>
  <member type="node" ref="2142685830" role="platform"/>
  <member type="node" ref="6704164103" role="stop"/>
  <member type="node" ref="2159511517" role="platform"/>
  <member type="node" ref="8323272384" role="stop"/>
  <member type="node" ref="3644748723" role="platform"/>
  <member type="node" ref="9197326363" role="stop"/>
  <member type="node" ref="3324760564" role="platform"/>
  <member type="node" ref="8328726555" role="stop"/>
  <member type="node" ref="8328726554" role="platform"/>
  <member type="node" ref="8328726553" role="stop"/>
  <member type="node" ref="8328726552" role="platform"/>
  <member type="node" ref="8323272392" role="stop"/>
  <member type="node" ref="7734704136" role="platform"/>
  <member type="node" ref="6806447804" role="stop"/>
  <member type="node" ref="8323272395" role="platform"/>
  <member type="node" ref="1902653319" role="stop_exit_only"/>
  <member type="node" ref="9676730251" role="platform_exit_only"/>
  <member type="node" ref="9022327397" role="stop"/>
  <member type="node" ref="9022327403" role="platform"/>
  <member type="node" ref="8323272396" role="stop"/>
  <member type="node" ref="1728387340" role="platform"/>
  <member type="node" ref="10125676105" role="stop"/>
  <member type="node" ref="10125676106" role="platform"/>
  <member type="node" ref="8323272400" role="stop"/>
  <member type="node" ref="8323272399" role="platform"/>
  <member type="node" ref="98223000" role="stop"/>
  <member type="node" ref="1728387413" role="platform"/>
  <member type="node" ref="98222989" role="stop"/>
  <member type="node" ref="4209072643" role="platform"/>
  <member type="node" ref="8323272408" role="stop"/>
  <member type="node" ref="7734664124" role="platform"/>
  <member type="node" ref="2115070143" role="stop"/>
  <member type="node" ref="1290238145" role="platform"/>
  <member type="node" ref="8323272416" role="stop"/>
  <member type="node" ref="1290238191" role="platform"/>
  <member type="node" ref="8323310919" role="stop"/>
  <member type="node" ref="3334054924" role="platform"/>
  <member type="node" ref="9723756829" role="stop"/>
  <member type="node" ref="9723756830" role="platform"/>
  <member type="node" ref="8323310929" role="stop"/>
  <member type="node" ref="2275247954" role="platform"/>
  <member type="node" ref="4279080380" role="stop"/>
  <member type="node" ref="691246463" role="platform"/>
  <member type="node" ref="3533402647" role="stop"/>
  <member type="node" ref="691246480" role="platform"/>
  <member type="node" ref="3533402606" role="stop"/>
  <member type="node" ref="2028763240" role="platform"/>
  <member type="node" ref="3533402628" role="stop"/>
  <member type="node" ref="691246430" role="platform"/>
  <member type="node" ref="3533402605" role="stop"/>
  <member type="node" ref="691246476" role="platform"/>
  <member type="node" ref="3533402665" role="stop"/>
  <member type="node" ref="798645176" role="platform"/>
  <member type="node" ref="3533402603" role="stop"/>
  <member type="node" ref="2028763167" role="platform"/>
  <member type="node" ref="3533402645" role="stop"/>
  <member type="node" ref="2028763212" role="platform"/>
  <member type="node" ref="3533402634" role="stop"/>
  <member type="node" ref="691246458" role="platform"/>
  <member type="node" ref="3533402613" role="stop"/>
  <member type="node" ref="2028763235" role="platform"/>
  <member type="node" ref="3533402637" role="stop"/>
  <member type="node" ref="1872484666" role="platform"/>
  <member type="node" ref="3533402629" role="stop"/>
  <member type="node" ref="2028763220" role="platform"/>
  <member type="node" ref="8322286745" role="stop"/>
  <member type="node" ref="8322286744" role="platform"/>
  <member type="node" ref="3533402639" role="stop"/>
  <member type="node" ref="3533402636" role="platform"/>
  <member type="node" ref="3533402621" role="stop_exit_only"/>
  <member type="node" ref="987229161" role="platform_exit_only"/>
  <member type="way" ref="183963512" role=""/>
  <member type="way" ref="1428304996" role=""/>
  <member type="way" ref="1428304995" role=""/>
  <member type="way" ref="176968766" role=""/>
  <member type="way" ref="1428304993" role=""/>
  <member type="way" ref="138646361" role=""/>
  <member type="way" ref="948836657" role=""/>
  <member type="way" ref="1428304994" role=""/>
  <member type="way" ref="401962907" role=""/>
  <member type="way" ref="348102929" role=""/>
  <member type="way" ref="895417348" role=""/>
  <member type="way" ref="1257227654" role=""/>
  <member type="way" ref="1257227655" role=""/>
  <member type="way" ref="639234059" role=""/>
  <member type="way" ref="1428305012" role=""/>
  <member type="way" ref="1382927922" role=""/>
  <member type="way" ref="1428305011" role=""/>
  <member type="way" ref="765992132" role=""/>
  <member type="way" ref="540483194" role=""/>
  <member type="way" ref="1428305006" role=""/>
  <member type="way" ref="1428305005" role=""/>
  <member type="way" ref="387305084" role=""/>
  <member type="way" ref="1428304988" role=""/>
  <member type="way" ref="1428304987" role=""/>
  <member type="way" ref="379502006" role=""/>
  <member type="way" ref="1428304984" role=""/>
  <member type="way" ref="1428304983" role=""/>
  <member type="way" ref="725963246" role=""/>
  <member type="way" ref="1428304979" role=""/>
  <member type="way" ref="1428304980" role=""/>
  <member type="way" ref="703479967" role=""/>
  <member type="way" ref="725963245" role=""/>
  <member type="way" ref="1084462869" role=""/>
  <member type="way" ref="703479969" role=""/>
  <member type="way" ref="1444814171" role=""/>
  <member type="way" ref="703479968" role=""/>
  <member type="way" ref="703479961" role=""/>
  <member type="way" ref="770280389" role=""/>
  <member type="way" ref="148227815" role=""/>
  <member type="way" ref="616187882" role=""/>
  <member type="way" ref="128606508" role=""/>
  <member type="way" ref="616187883" role=""/>
  <member type="way" ref="109151058" role=""/>
  <member type="way" ref="124777813" role=""/>
  <member type="way" ref="82915642" role=""/>
  <member type="way" ref="124777810" role=""/>
  <member type="way" ref="203345445" role=""/>
  <member type="way" ref="109151052" role=""/>
  <member type="way" ref="706821061" role=""/>
  <member type="way" ref="738065081" role=""/>
  <member type="way" ref="20131637" role=""/>
  <member type="way" ref="88205207" role=""/>
  <member type="way" ref="326379190" role=""/>
  <member type="way" ref="88205203" role=""/>
  <member type="way" ref="303871814" role=""/>
  <member type="way" ref="88205201" role=""/>
  <member type="way" ref="303871815" role=""/>
  <member type="way" ref="249807923" role=""/>
  <member type="way" ref="121228740" role=""/>
  <member type="way" ref="857364652" role=""/>
  <member type="way" ref="9894073" role=""/>
  <member type="way" ref="179839016" role=""/>
  <member type="way" ref="31378806" role=""/>
  <member type="way" ref="1053041556" role=""/>
  <member type="way" ref="147299587" role=""/>
  <member type="way" ref="71133309" role=""/>
  <member type="way" ref="226404821" role=""/>
  <member type="way" ref="179837198" role=""/>
  <member type="way" ref="58075450" role=""/>
  <member type="way" ref="147299587" role=""/>
  <member type="way" ref="226404822" role=""/>
  <member type="way" ref="249807917" role=""/>
  <member type="way" ref="974939346" role=""/>
  <member type="way" ref="1052964453" role=""/>
  <member type="way" ref="58075452" role=""/>
  <member type="way" ref="979678947" role=""/>
  <member type="way" ref="979678946" role=""/>
  <member type="way" ref="71133297" role=""/>
  <member type="way" ref="974939343" role=""/>
  <member type="way" ref="974939344" role=""/>
  <member type="way" ref="1052967550" role=""/>
  <member type="way" ref="974939341" role=""/>
  <member type="way" ref="1052967551" role=""/>
  <member type="way" ref="979678947" role=""/>
  <member type="way" ref="979678946" role=""/>
  <member type="way" ref="179837199" role=""/>
  <member type="way" ref="943648800" role=""/>
  <member type="way" ref="31372002" role=""/>
  <member type="way" ref="170350281" role=""/>
  <member type="way" ref="170350286" role=""/>
  <member type="way" ref="1266449206" role=""/>
  <member type="way" ref="1133914240" role=""/>
  <member type="way" ref="170350282" role=""/>
  <member type="way" ref="121228742" role=""/>
  <member type="way" ref="951430430" role=""/>
  <member type="way" ref="951430428" role=""/>
  <member type="way" ref="303871813" role=""/>
  <member type="way" ref="88205201" role=""/>
  <member type="way" ref="303871812" role=""/>
  <member type="way" ref="326379185" role=""/>
  <member type="way" ref="182567441" role=""/>
  <member type="way" ref="249807926" role=""/>
  <member type="way" ref="303879078" role=""/>
  <member type="way" ref="88205214" role=""/>
  <member type="way" ref="303879076" role=""/>
  <member type="way" ref="303879077" role=""/>
  <member type="way" ref="303871816" role=""/>
  <member type="way" ref="249807930" role=""/>
  <member type="way" ref="642022188" role=""/>
  <member type="way" ref="249807928" role=""/>
  <member type="way" ref="326379203" role=""/>
  <member type="way" ref="303879074" role=""/>
  <member type="way" ref="352554850" role=""/>
  <member type="way" ref="31370925" role=""/>
  <member type="way" ref="633499772" role=""/>
  <member type="way" ref="227455565" role=""/>
  <member type="way" ref="1313717053" role=""/>
  <member type="way" ref="173981258" role=""/>
  <member type="way" ref="201509676" role=""/>
  <member type="way" ref="95110914" role=""/>
  <member type="way" ref="201509684" role=""/>
  <member type="way" ref="1066474060" role=""/>
  <member type="way" ref="265587431" role=""/>
  <member type="way" ref="77722192" role=""/>
  <member type="way" ref="132831587" role=""/>
  <member type="way" ref="1313717051" role=""/>
  <member type="way" ref="1313717052" role=""/>
  <member type="way" ref="166535326" role=""/>
  <member type="way" ref="1315581486" role=""/>
  <member type="way" ref="1315581487" role=""/>
  <member type="way" ref="1315581488" role=""/>
  <member type="way" ref="132831584" role=""/>
  <member type="way" ref="234098792" role=""/>
  <member type="way" ref="1116090510" role=""/>
  <member type="way" ref="1116090511" role=""/>
  <member type="way" ref="234098793" role=""/>
  <member type="way" ref="234098790" role=""/>
  <member type="way" ref="256540877" role=""/>
  <member type="way" ref="151871791" role=""/>
  <member type="way" ref="151871797" role=""/>
  <member type="way" ref="769152343" role=""/>
  <member type="way" ref="151871795" role=""/>
  <member type="way" ref="291244429" role=""/>
  <member type="way" ref="151871793" role=""/>
  <member type="way" ref="151871802" role=""/>
  <member type="way" ref="757260878" role=""/>
  <member type="way" ref="757260877" role=""/>
  <member type="way" ref="518673861" role=""/>
  <member type="way" ref="518673860" role=""/>
  <member type="way" ref="256540874" role=""/>
  <member type="way" ref="1315581490" role=""/>
  <member type="way" ref="1315581489" role=""/>
  <member type="way" ref="233612225" role=""/>
  <member type="way" ref="638056139" role=""/>
  <member type="way" ref="31402013" role=""/>
  <member type="way" ref="759807739" role=""/>
  <member type="way" ref="233612219" role=""/>
  <member type="way" ref="233612210" role=""/>
  <member type="way" ref="233612221" role=""/>
  <member type="way" ref="518679359" role=""/>
  <member type="way" ref="518679352" role=""/>
  <member type="way" ref="518679354" role=""/>
  <member type="way" ref="518679355" role=""/>
  <member type="way" ref="518679357" role=""/>
  <member type="way" ref="223469870" role=""/>
  <member type="way" ref="1280825416" role=""/>
  <member type="way" ref="1280825417" role=""/>
  <member type="way" ref="570979666" role=""/>
  <member type="way" ref="256540875" role=""/>
  <member type="way" ref="949614119" role=""/>
  <member type="way" ref="649591373" role=""/>
  <member type="way" ref="649591370" role=""/>
  <member type="way" ref="164842134" role=""/>
  <member type="way" ref="770674185" role=""/>
  <member type="way" ref="4459078" role=""/>
  <member type="way" ref="327467583" role=""/>
  <member type="way" ref="1047515289" role=""/>
  <member type="way" ref="1047320312" role=""/>
  <tag k="air_conditioning" v="yes"/>
  <tag k="blind" v="limited"/>
  <tag k="bus_class:length" v="4"/>
  <tag k="charge" v="88 RUB"/>
  <tag k="charge:cards" v="88 RUB"/>
  <tag k="charge:cash" v="88 RUB"/>
  <tag k="charge:ekp_card" v="65 RUB"/>
  <tag k="charge:ekp_nfc" v="65 RUB"/>
  <tag k="charge:podorozhnik" v="65 RUB"/>
  <tag k="charge:qr_ticket" v="88 RUB"/>
  <tag k="colour" v="#10a855"/>
  <tag k="deaf" v="yes"/>
  <tag k="fee" v="yes"/>
  <tag k="from" v="Заречная улица, угол улицы Михаила Дудина"/>
  <tag k="name" v="Автобус № 148: Заречная улица =&gt; станция метро «Проспект Просвещения»"/>
  <tag k="network" v="Комитет по Транспорту Санкт-Петербурга"/>
  <tag k="network:en" v="Saint-Petersburg Transport Committee"/>
  <tag k="network:ru" v="Комитет по Транспорту Санкт-Петербурга"/>
  <tag k="network:wikidata" v="Q115120075"/>
  <tag k="operator" v="АО «Третий парк»"/>
  <tag k="payment:cards" v="yes"/>
  <tag k="payment:cash" v="no"/>
  <tag k="payment:contactless" v="yes"/>
  <tag k="payment:maestro" v="no"/>
  <tag k="payment:mastercard" v="no"/>
  <tag k="payment:mir" v="yes"/>
  <tag k="payment:nfc" v="yes"/>
  <tag k="payment:podorozhnik" v="yes"/>
  <tag k="payment:podorozhnik:activation" v="yes"/>
  <tag k="payment:social_cards" v="yes"/>
  <tag k="payment:strelka" v="no"/>
  <tag k="payment:troika" v="no"/>
  <tag k="payment:visa" v="no"/>
  <tag k="public_transport:version" v="2"/>
  <tag k="ref" v="148"/>
  <tag k="route" v="bus"/>
  <tag k="source" v="Реестр смежных межрегиональных маршрутов регулярных перевозок в Санкт-Петербурге и Ленинградской области"/>
  <tag k="to" v="станция метро «Проспект Просвещения»"/>
  <tag k="type" v="route"/>
  <tag k="website" v="https://transport.orgp.spb.ru/Portal/transport/route/2556"/>
  <tag k="wheelchair" v="yes"/>
 </relation>
 <relation id="3550566" visible="true" version="88" changeset="180687358" timestamp="2026-03-31T18:27:39Z" user="Bobropiton" uid="2055718">
  <member type="node" ref="10066531054" role="stop_entry_only"/>
  <member type="node" ref="10066531053" role="platform_entry_only"/>
  <member type="node" ref="6606427558" role="stop"/>
  <member type="node" ref="7734695001" role="platform"/>
  <member type="node" ref="8323272393" role="stop"/>
  <member type="node" ref="8323272394" role="platform"/>
  <member type="node" ref="8323272391" role="stop"/>
  <member type="node" ref="7734701542" role="platform"/>
  <member type="node" ref="8323272389" role="stop"/>
  <member type="node" ref="8323272390" role="platform"/>
  <member type="node" ref="8323272388" role="stop"/>
  <member type="node" ref="3644755308" role="platform"/>
  <member type="node" ref="9893028144" role="stop"/>
  <member type="node" ref="9893028143" role="platform"/>
  <member type="node" ref="8323272386" role="stop"/>
  <member type="node" ref="8323272387" role="platform"/>
  <member type="node" ref="8323272385" role="stop"/>
  <member type="node" ref="4785757507" role="platform"/>
  <member type="node" ref="1520279808" role="stop"/>
  <member type="node" ref="2142685830" role="platform"/>
  <member type="node" ref="6704164103" role="stop"/>
  <member type="node" ref="2159511517" role="platform"/>
  <member type="node" ref="8323272384" role="stop"/>
  <member type="node" ref="3644748723" role="platform"/>
  <member type="node" ref="12329520490" role="stop"/>
  <member type="node" ref="12803668379" role="platform"/>
  <member type="node" ref="12803668380" role="stop"/>
  <member type="node" ref="12803668383" role="platform"/>
  <member type="node" ref="8779964372" role="stop"/>
  <member type="node" ref="4075165295" role="platform"/>
  <member type="node" ref="1902669380" role="stop"/>
  <member type="node" ref="1866426083" role="platform"/>
  <member type="node" ref="8328726560" role="stop"/>
  <member type="node" ref="5495060603" role="platform"/>
  <member type="node" ref="8323434512" role="stop"/>
  <member type="node" ref="1259355836" role="platform"/>
  <member type="node" ref="3551741971" role="stop"/>
  <member type="node" ref="1024058631" role="platform"/>
  <member type="node" ref="9899616874" role="stop"/>
  <member type="node" ref="9899616875" role="platform"/>
  <member type="node" ref="3551741945" role="stop"/>
  <member type="node" ref="3086176117" role="platform"/>
  <member type="node" ref="3551741978" role="stop"/>
  <member type="node" ref="3551741953" role="platform"/>
  <member type="node" ref="3533402601" role="stop"/>
  <member type="node" ref="3533402656" role="platform"/>
  <member type="node" ref="3533402649" role="stop_exit_only"/>
  <member type="node" ref="8170243011" role="platform_exit_only"/>
  <member type="way" ref="1444814168" role=""/>
  <member type="way" ref="1444814174" role=""/>
  <member type="way" ref="1444814172" role=""/>
  <member type="way" ref="725963244" role=""/>
  <member type="way" ref="1084462870" role=""/>
  <member type="way" ref="797518227" role=""/>
  <member type="way" ref="703479972" role=""/>
  <member type="way" ref="725963247" role=""/>
  <member type="way" ref="1428304982" role=""/>
  <member type="way" ref="1428304981" role=""/>
  <member type="way" ref="703479966" role=""/>
  <member type="way" ref="797518228" role=""/>
  <member type="way" ref="1242831744" role=""/>
  <member type="way" ref="1268134135" role=""/>
  <member type="way" ref="1428304985" role=""/>
  <member type="way" ref="1428304986" role=""/>
  <member type="way" ref="1428304990" role=""/>
  <member type="way" ref="1428304989" role=""/>
  <member type="way" ref="448684666" role=""/>
  <member type="way" ref="648549020" role=""/>
  <member type="way" ref="1428305008" role=""/>
  <member type="way" ref="1428305007" role=""/>
  <member type="way" ref="292491696" role=""/>
  <member type="way" ref="1428305002" role=""/>
  <member type="way" ref="1428305001" role=""/>
  <member type="way" ref="486591290" role=""/>
  <member type="way" ref="668556787" role=""/>
  <member type="way" ref="558123759" role=""/>
  <member type="way" ref="422300257" role=""/>
  <member type="way" ref="1428304998" role=""/>
  <member type="way" ref="1428304997" role=""/>
  <member type="way" ref="313220573" role=""/>
  <member type="way" ref="974572319" role=""/>
  <member type="way" ref="1467480505" role=""/>
  <member type="way" ref="183963512" role=""/>
  <member type="way" ref="1428304996" role=""/>
  <member type="way" ref="1428304995" role=""/>
  <member type="way" ref="176968766" role=""/>
  <member type="way" ref="1428304993" role=""/>
  <member type="way" ref="138646361" role=""/>
  <member type="way" ref="948836657" role=""/>
  <member type="way" ref="1428304994" role=""/>
  <member type="way" ref="401962907" role=""/>
  <member type="way" ref="348102929" role=""/>
  <member type="way" ref="895417348" role=""/>
  <member type="way" ref="1257227654" role=""/>
  <member type="way" ref="1257227655" role=""/>
  <member type="way" ref="639234059" role=""/>
  <member type="way" ref="770326028" role=""/>
  <member type="way" ref="1382926223" role=""/>
  <member type="way" ref="1249957747" role=""/>
  <member type="way" ref="1428304976" role=""/>
  <member type="way" ref="1428304975" role=""/>
  <member type="way" ref="118372875" role=""/>
  <member type="way" ref="348102924" role=""/>
  <member type="way" ref="571671619" role=""/>
  <member type="way" ref="118372871" role=""/>
  <member type="way" ref="181331256" role=""/>
  <member type="way" ref="571674185" role=""/>
  <member type="way" ref="721118983" role=""/>
  <member type="way" ref="571674182" role=""/>
  <member type="way" ref="518663756" role=""/>
  <member type="way" ref="49360129" role=""/>
  <member type="way" ref="518663758" role=""/>
  <member type="way" ref="518663762" role=""/>
  <member type="way" ref="143010430" role=""/>
  <member type="way" ref="439920802" role=""/>
  <member type="way" ref="749028561" role=""/>
  <member type="way" ref="31396140" role=""/>
  <member type="way" ref="1494692295" role=""/>
  <member type="way" ref="172397693" role=""/>
  <member type="way" ref="1136849197" role=""/>
  <member type="way" ref="822444510" role=""/>
  <member type="way" ref="742839280" role=""/>
  <member type="way" ref="85104148" role=""/>
  <member type="way" ref="406599273" role=""/>
  <member type="way" ref="406599272" role=""/>
  <member type="way" ref="1188143939" role=""/>
  <member type="way" ref="1079101534" role=""/>
  <member type="way" ref="144323566" role=""/>
  <member type="way" ref="85104147" role=""/>
  <member type="way" ref="672532982" role=""/>
  <member type="way" ref="85104151" role=""/>
  <member type="way" ref="172531669" role=""/>
  <member type="way" ref="172531668" role=""/>
  <tag k="blind" v="limited"/>
  <tag k="bus_class:length" v="4;5"/>
  <tag k="charge" v="88 RUB"/>
  <tag k="charge:cards" v="88 RUB"/>
  <tag k="charge:cash" v="88 RUB"/>
  <tag k="charge:ekp_card" v="65 RUB"/>
  <tag k="charge:ekp_nfc" v="65 RUB"/>
  <tag k="charge:podorozhnik" v="65 RUB"/>
  <tag k="charge:qr_ticket" v="88 RUB"/>
  <tag k="colour" v="#10a855"/>
  <tag k="deaf" v="yes"/>
  <tag k="fee" v="yes"/>
  <tag k="from" v="Толубеевский проезд"/>
  <tag k="name" v="Автобус № 143: Толубеевский проезд → улица Жени Егоровой"/>
  <tag k="network" v="Комитет по Транспорту Санкт-Петербурга"/>
  <tag k="network:en" v="Saint-Petersburg Transport Committee"/>
  <tag k="network:ru" v="Комитет по Транспорту Санкт-Петербурга"/>
  <tag k="network:wikidata" v="Q115120075"/>
  <tag k="operator" v="СПб ГУП «Пассажиравтотранс»"/>
  <tag k="payment:cards" v="yes"/>
  <tag k="payment:cash" v="no"/>
  <tag k="payment:contactless" v="yes"/>
  <tag k="payment:maestro" v="no"/>
  <tag k="payment:mastercard" v="no"/>
  <tag k="payment:mir" v="yes"/>
  <tag k="payment:nfc" v="yes"/>
  <tag k="payment:podorozhnik" v="yes"/>
  <tag k="payment:podorozhnik:activation" v="yes"/>
  <tag k="payment:social_cards" v="yes"/>
  <tag k="payment:strelka" v="no"/>
  <tag k="payment:troika" v="no"/>
  <tag k="payment:visa" v="no"/>
  <tag k="public_transport:version" v="2"/>
  <tag k="ref" v="143"/>
  <tag k="route" v="bus"/>
  <tag k="source" v="Реестр муниципальных маршрутов регулярных перевозок в Санкт-Петербурге"/>
  <tag k="to" v="улица Жени Егоровой"/>
  <tag k="type" v="route"/>
  <tag k="website" v="https://transport.orgp.spb.ru/Portal/transport/route/335"/>
  <tag k="wheelchair" v="yes"/>
 </relation>
 <relation id="3553029" visible="true" version="4" changeset="176962093" timestamp="2026-01-07T21:58:55Z" user="Bobropiton" uid="2055718">
  <member type="relation" ref="1342796" role=""/>
  <member type="relation" ref="3550566" role=""/>
  <tag k="colour" v="#10a855"/>
  <tag k="name" v="Автобус № 143"/>
  <tag k="network" v="Комитет по Транспорту Санкт-Петербурга"/>
  <tag k="network:en" v="Saint-Petersburg Transport Committee"/>
  <tag k="network:wikidata" v="Q115120075"/>
  <tag k="operator" v="СПб ГУП «Пассажиравтотранс»"/>
  <tag k="ref" v="143"/>
  <tag k="route_master" v="bus"/>
  <tag k="type" v="route_master"/>
 </relation>
 <relation id="7062478" visible="true" version="8" changeset="143619638" timestamp="2023-11-04T15:43:24Z" user="mini-me" uid="3846961">
  <member type="way" ref="865234129" role="outer"/>
  <member type="way" ref="477918954" role="outer"/>
  <member type="way" ref="865580935" role="outer"/>
  <member type="way" ref="865580934" role="outer"/>
  <member type="way" ref="865234130" role="outer"/>
  <member type="way" ref="865234122" role="outer"/>
  <member type="way" ref="407583252" role="outer"/>
  <tag k="landuse" v="residential"/>
  <tag k="residential" v="urban"/>
  <tag k="type" v="multipolygon"/>
 </relation>
 <relation id="11743075" visible="true" version="2" changeset="117473837" timestamp="2022-02-16T12:06:22Z" user="anastasia_" uid="12947812">
  <member type="way" ref="421563017" role="outer"/>
  <member type="way" ref="421563016" role="outer"/>
  <member type="way" ref="421563015" role="outer"/>
  <tag k="addr:city" v="Парголово"/>
  <tag k="addr:housenumber" v="41"/>
  <tag k="addr:postcode" v="194358"/>
  <tag k="addr:street" v="Заречная улица"/>
  <tag k="building" v="apartments"/>
  <tag k="building:flats" v="950"/>
  <tag k="building:levels" v="26"/>
  <tag k="description" v="очередь 12 корпус 11"/>
  <tag k="energy_class" v="B"/>
  <tag k="start_date" v="2019-05-13"/>
  <tag k="type" v="multipolygon"/>
 </relation>
 <relation id="13164975" visible="true" version="8" changeset="177280014" timestamp="2026-01-16T01:25:48Z" user="Bobropiton" uid="2055718">
  <member type="relation" ref="2729417" role=""/>
  <member type="relation" ref="2707228" role=""/>
  <tag k="colour" v="#10a855"/>
  <tag k="name" v="Автобус № 148"/>
  <tag k="network" v="Комитет по Транспорту Санкт-Петербурга"/>
  <tag k="network:en" v="Saint-Petersburg Transport Committee"/>
  <tag k="network:wikidata" v="Q115120075"/>
  <tag k="operator" v="АО «Третий парк»"/>
  <tag k="ref" v="148"/>
  <tag k="route_master" v="bus"/>
  <tag k="type" v="route_master"/>
 </relation>
 <relation id="13817893" visible="true" version="19" changeset="183791534" timestamp="2026-06-07T17:15:15Z" user="masmirnov" uid="16256027">
  <member type="way" ref="519427765" role="outer"/>
  <member type="way" ref="1527274506" role="outer"/>
  <member type="way" ref="1527274505" role="outer"/>
  <member type="way" ref="1032903896" role="outer"/>
  <member type="way" ref="1032903894" role="outer"/>
  <member type="way" ref="1032903900" role="outer"/>
  <member type="way" ref="1032903902" role="outer"/>
  <member type="way" ref="1032903901" role="outer"/>
  <tag k="landuse" v="residential"/>
  <tag k="name" v="Северная долина"/>
  <tag k="residential" v="urban"/>
  <tag k="type" v="multipolygon"/>
 </relation>
 <relation id="13817894" visible="true" version="1" changeset="117565697" timestamp="2022-02-18T13:37:54Z" user="anastasia_" uid="12947812">
  <member type="way" ref="1032903902" role="outer"/>
  <member type="way" ref="1032903901" role="outer"/>
  <member type="way" ref="1032903895" role="outer"/>
  <member type="way" ref="1032903896" role="outer"/>
  <member type="way" ref="1032903894" role="outer"/>
  <member type="way" ref="1032903897" role="outer"/>
  <member type="way" ref="1032903899" role="outer"/>
  <tag k="landuse" v="residential"/>
  <tag k="residential" v="urban"/>
  <tag k="type" v="multipolygon"/>
 </relation>
 <relation id="14359749" visible="true" version="60" changeset="177280014" timestamp="2026-01-16T01:25:48Z" user="Bobropiton" uid="2055718">
  <member type="node" ref="10066531054" role="stop_entry_only"/>
  <member type="node" ref="10066531053" role="platform_entry_only"/>
  <member type="node" ref="6606427558" role="stop"/>
  <member type="node" ref="7734695001" role="platform"/>
  <member type="node" ref="8323272393" role="stop"/>
  <member type="node" ref="8323272394" role="platform"/>
  <member type="node" ref="8323272391" role="stop"/>
  <member type="node" ref="7734701542" role="platform"/>
  <member type="node" ref="8323272389" role="stop"/>
  <member type="node" ref="8323272390" role="platform"/>
  <member type="node" ref="8323272388" role="stop"/>
  <member type="node" ref="3644755308" role="platform"/>
  <member type="node" ref="9893028144" role="stop"/>
  <member type="node" ref="9893028143" role="platform"/>
  <member type="node" ref="8323272386" role="stop"/>
  <member type="node" ref="8323272387" role="platform"/>
  <member type="node" ref="8323272385" role="stop"/>
  <member type="node" ref="4785757507" role="platform"/>
  <member type="node" ref="1520279808" role="stop"/>
  <member type="node" ref="2142685830" role="platform"/>
  <member type="node" ref="6704164100" role="stop"/>
  <member type="node" ref="2159511390" role="platform"/>
  <member type="node" ref="1902669380" role="stop"/>
  <member type="node" ref="1866426083" role="platform"/>
  <member type="node" ref="9892177325" role="stop"/>
  <member type="node" ref="9892177324" role="platform"/>
  <member type="node" ref="3551741944" role="stop"/>
  <member type="node" ref="2771357257" role="platform"/>
  <member type="node" ref="9936971671" role="stop"/>
  <member type="node" ref="9936971670" role="platform"/>
  <member type="node" ref="3533402668" role="stop"/>
  <member type="node" ref="1024058395" role="platform"/>
  <member type="node" ref="2946610392" role="stop"/>
  <member type="node" ref="3555358507" role="platform"/>
  <member type="node" ref="8323443122" role="stop"/>
  <member type="node" ref="1027658425" role="platform"/>
  <member type="node" ref="9892177323" role="stop"/>
  <member type="node" ref="9892177322" role="platform"/>
  <member type="node" ref="9892177321" role="stop"/>
  <member type="node" ref="9892177320" role="platform"/>
  <member type="node" ref="9892177328" role="stop"/>
  <member type="node" ref="9756417575" role="platform"/>
  <member type="node" ref="4670048100" role="stop"/>
  <member type="node" ref="4670048099" role="platform"/>
  <member type="node" ref="9936971666" role="stop"/>
  <member type="node" ref="9936971665" role="platform"/>
  <member type="node" ref="11211160768" role="stop"/>
  <member type="node" ref="11211160767" role="platform"/>
  <member type="node" ref="9892177319" role="stop"/>
  <member type="node" ref="8121643406" role="platform"/>
  <member type="node" ref="8319582577" role="stop"/>
  <member type="node" ref="8319582576" role="platform"/>
  <member type="node" ref="8319582575" role="stop"/>
  <member type="node" ref="8319582574" role="platform"/>
  <member type="node" ref="3521144483" role="stop"/>
  <member type="node" ref="3521144477" role="platform"/>
  <member type="node" ref="11253007193" role="stop"/>
  <member type="node" ref="11253007194" role="platform"/>
  <member type="node" ref="1573033963" role="stop"/>
  <member type="node" ref="9892177332" role="platform"/>
  <member type="node" ref="8273519749" role="stop"/>
  <member type="node" ref="1140826038" role="platform"/>
  <member type="node" ref="8273519747" role="stop"/>
  <member type="node" ref="561208490" role="platform"/>
  <member type="node" ref="3076229177" role="stop"/>
  <member type="node" ref="3076229210" role="platform"/>
  <member type="node" ref="3401278626" role="stop"/>
  <member type="node" ref="2971749925" role="platform"/>
  <member type="node" ref="13344553497" role="stop"/>
  <member type="node" ref="13344553496" role="platform"/>
  <member type="node" ref="3401278618" role="stop"/>
  <member type="node" ref="2971750633" role="platform"/>
  <member type="node" ref="3401278625" role="stop"/>
  <member type="node" ref="6843834600" role="platform"/>
  <member type="node" ref="5823242602" role="stop"/>
  <member type="node" ref="3380839914" role="platform"/>
  <member type="node" ref="7577490774" role="stop"/>
  <member type="node" ref="2410873929" role="platform"/>
  <member type="node" ref="7594321492" role="stop"/>
  <member type="node" ref="2374751882" role="platform"/>
  <member type="node" ref="7601985425" role="stop"/>
  <member type="node" ref="2374751766" role="platform"/>
  <member type="node" ref="9695434785" role="stop"/>
  <member type="node" ref="9695434786" role="platform"/>
  <member type="node" ref="7602205652" role="stop_exit_only"/>
  <member type="node" ref="2539893620" role="platform_exit_only"/>
  <member type="way" ref="1444814168" role=""/>
  <member type="way" ref="1444814174" role=""/>
  <member type="way" ref="1444814172" role=""/>
  <member type="way" ref="725963244" role=""/>
  <member type="way" ref="1084462870" role=""/>
  <member type="way" ref="797518227" role=""/>
  <member type="way" ref="703479972" role=""/>
  <member type="way" ref="725963247" role=""/>
  <member type="way" ref="1428304982" role=""/>
  <member type="way" ref="1428304981" role=""/>
  <member type="way" ref="703479966" role=""/>
  <member type="way" ref="797518228" role=""/>
  <member type="way" ref="1242831744" role=""/>
  <member type="way" ref="1268134135" role=""/>
  <member type="way" ref="1428304985" role=""/>
  <member type="way" ref="1428304986" role=""/>
  <member type="way" ref="1428304990" role=""/>
  <member type="way" ref="1428304989" role=""/>
  <member type="way" ref="448684666" role=""/>
  <member type="way" ref="648549020" role=""/>
  <member type="way" ref="1428305008" role=""/>
  <member type="way" ref="1428305007" role=""/>
  <member type="way" ref="292491696" role=""/>
  <member type="way" ref="1428305002" role=""/>
  <member type="way" ref="1428305001" role=""/>
  <member type="way" ref="486591290" role=""/>
  <member type="way" ref="668556787" role=""/>
  <member type="way" ref="558123759" role=""/>
  <member type="way" ref="422300257" role=""/>
  <member type="way" ref="1428304998" role=""/>
  <member type="way" ref="1428304997" role=""/>
  <member type="way" ref="313220573" role=""/>
  <member type="way" ref="974572319" role=""/>
  <member type="way" ref="1467480505" role=""/>
  <member type="way" ref="183963512" role=""/>
  <member type="way" ref="1428304996" role=""/>
  <member type="way" ref="1428304995" role=""/>
  <member type="way" ref="176968766" role=""/>
  <member type="way" ref="1428304993" role=""/>
  <member type="way" ref="138646361" role=""/>
  <member type="way" ref="948836657" role=""/>
  <member type="way" ref="1428304994" role=""/>
  <member type="way" ref="401962907" role=""/>
  <member type="way" ref="948836658" role=""/>
  <member type="way" ref="1257227658" role=""/>
  <member type="way" ref="1257227659" role=""/>
  <member type="way" ref="350642229" role=""/>
  <member type="way" ref="765992131" role=""/>
  <member type="way" ref="181331256" role=""/>
  <member type="way" ref="571674185" role=""/>
  <member type="way" ref="721118983" role=""/>
  <member type="way" ref="571674182" role=""/>
  <member type="way" ref="518663756" role=""/>
  <member type="way" ref="49360129" role=""/>
  <member type="way" ref="518663758" role=""/>
  <member type="way" ref="518663762" role=""/>
  <member type="way" ref="107042489" role=""/>
  <member type="way" ref="211408105" role=""/>
  <member type="way" ref="1188143940" role=""/>
  <member type="way" ref="1188143941" role=""/>
  <member type="way" ref="31372201" role=""/>
  <member type="way" ref="1079101534" role=""/>
  <member type="way" ref="1188143939" role=""/>
  <member type="way" ref="406599272" role=""/>
  <member type="way" ref="406599273" role=""/>
  <member type="way" ref="88213665" role=""/>
  <member type="way" ref="144323565" role=""/>
  <member type="way" ref="742839281" role=""/>
  <member type="way" ref="327691111" role=""/>
  <member type="way" ref="265652567" role=""/>
  <member type="way" ref="85104150" role=""/>
  <member type="way" ref="265574285" role=""/>
  <member type="way" ref="1047320311" role=""/>
  <member type="way" ref="746573650" role=""/>
  <member type="way" ref="4462110" role=""/>
  <member type="way" ref="31380253" role=""/>
  <member type="way" ref="849337101" role=""/>
  <member type="way" ref="172397905" role=""/>
  <member type="way" ref="1079101535" role=""/>
  <member type="way" ref="172397908" role=""/>
  <member type="way" ref="561402514" role=""/>
  <member type="way" ref="561402515" role=""/>
  <member type="way" ref="422234024" role=""/>
  <member type="way" ref="422234023" role=""/>
  <member type="way" ref="422234026" role=""/>
  <member type="way" ref="31403789" role=""/>
  <member type="way" ref="762029279" role=""/>
  <member type="way" ref="762029280" role=""/>
  <member type="way" ref="1189497791" role=""/>
  <member type="way" ref="1189497792" role=""/>
  <member type="way" ref="612667495" role=""/>
  <member type="way" ref="1189497788" role=""/>
  <member type="way" ref="327576189" role=""/>
  <member type="way" ref="88964912" role=""/>
  <member type="way" ref="31404364" role=""/>
  <member type="way" ref="1083351854" role=""/>
  <member type="way" ref="691806453" role=""/>
  <member type="way" ref="1253435091" role=""/>
  <member type="way" ref="1253435092" role=""/>
  <member type="way" ref="31364802" role=""/>
  <member type="way" ref="571680541" role=""/>
  <member type="way" ref="571680542" role=""/>
  <member type="way" ref="195870619" role=""/>
  <member type="way" ref="195870617" role=""/>
  <member type="way" ref="200468554" role=""/>
  <member type="way" ref="195870627" role=""/>
  <member type="way" ref="144529113" role=""/>
  <member type="way" ref="762026223" role=""/>
  <member type="way" ref="741957995" role=""/>
  <member type="way" ref="31365359" role=""/>
  <member type="way" ref="361354583" role=""/>
  <member type="way" ref="131611144" role=""/>
  <member type="way" ref="194972629" role=""/>
  <member type="way" ref="450106502" role=""/>
  <member type="way" ref="70746366" role=""/>
  <member type="way" ref="31370364" role=""/>
  <member type="way" ref="130705737" role=""/>
  <member type="way" ref="183892195" role=""/>
  <member type="way" ref="571956628" role=""/>
  <member type="way" ref="571956629" role=""/>
  <member type="way" ref="249794597" role=""/>
  <member type="way" ref="509507728" role=""/>
  <member type="way" ref="249794599" role=""/>
  <member type="way" ref="31366958" role=""/>
  <member type="way" ref="232765007" role=""/>
  <member type="way" ref="184011332" role=""/>
  <member type="way" ref="422014472" role=""/>
  <member type="way" ref="422014474" role=""/>
  <member type="way" ref="422014473" role=""/>
  <member type="way" ref="422014475" role=""/>
  <member type="way" ref="197938364" role=""/>
  <member type="way" ref="77909121" role=""/>
  <member type="way" ref="197935144" role=""/>
  <member type="way" ref="172396502" role=""/>
  <member type="way" ref="764301126" role=""/>
  <member type="way" ref="766860741" role=""/>
  <member type="way" ref="766860740" role=""/>
  <member type="way" ref="31386268" role=""/>
  <member type="way" ref="766860739" role=""/>
  <member type="way" ref="249801097" role=""/>
  <member type="way" ref="249801094" role=""/>
  <member type="way" ref="249801098" role=""/>
  <member type="way" ref="142888189" role=""/>
  <member type="way" ref="249801096" role=""/>
  <member type="way" ref="177564983" role=""/>
  <member type="way" ref="172798642" role=""/>
  <member type="way" ref="183887054" role=""/>
  <member type="way" ref="888726500" role=""/>
  <tag k="air_conditioning" v="yes"/>
  <tag k="blind" v="limited"/>
  <tag k="bus_class:length" v="3"/>
  <tag k="charge" v="88 RUB"/>
  <tag k="charge:cards" v="88 RUB"/>
  <tag k="charge:cash" v="88 RUB"/>
  <tag k="charge:ekp_card" v="65 RUB"/>
  <tag k="charge:ekp_nfc" v="65 RUB"/>
  <tag k="charge:podorozhnik" v="65 RUB"/>
  <tag k="charge:qr_ticket" v="88 RUB"/>
  <tag k="colour" v="#10a855"/>
  <tag k="deaf" v="yes"/>
  <tag k="fee" v="yes"/>
  <tag k="from" v="Толубеевский проезд"/>
  <tag k="name" v="Автобус № 199: Толубеевский проезд =&gt; железнодорожная станция «Ручьи»"/>
  <tag k="name:uk" v="Автобус № 199: Толубіївський проїзд =&gt; залізнична станція «Струмки»"/>
  <tag k="network" v="Комитет по Транспорту Санкт-Петербурга"/>
  <tag k="network:en" v="Saint-Petersburg Transport Committee"/>
  <tag k="network:ru" v="Комитет по Транспорту Санкт-Петербурга"/>
  <tag k="network:wikidata" v="Q115120075"/>
  <tag k="operator" v="АО «Третий парк»"/>
  <tag k="payment:cards" v="yes"/>
  <tag k="payment:cash" v="no"/>
  <tag k="payment:contactless" v="yes"/>
  <tag k="payment:maestro" v="no"/>
  <tag k="payment:mastercard" v="no"/>
  <tag k="payment:mir" v="yes"/>
  <tag k="payment:nfc" v="yes"/>
  <tag k="payment:podorozhnik" v="yes"/>
  <tag k="payment:podorozhnik:activation" v="yes"/>
  <tag k="payment:social_cards" v="yes"/>
  <tag k="payment:strelka" v="no"/>
  <tag k="payment:troika" v="no"/>
  <tag k="payment:visa" v="no"/>
  <tag k="public_transport:version" v="2"/>
  <tag k="ref" v="199"/>
  <tag k="route" v="bus"/>
  <tag k="source" v="Реестр муниципальных маршрутов регулярных перевозок в Санкт-Петербурге"/>
  <tag k="to" v="железнодорожная станция «Ручьи»"/>
  <tag k="type" v="route"/>
  <tag k="website" v="https://transport.orgp.spb.ru/Portal/transport/route/6122"/>
  <tag k="wheelchair" v="yes"/>
 </relation>
 <relation id="14359750" visible="true" version="59" changeset="188497090" timestamp="2026-09-03T21:03:48Z" user="Bobropiton" uid="2055718">
  <member type="node" ref="7602205653" role="stop_entry_only"/>
  <member type="node" ref="1396352493" role="platform_entry_only"/>
  <member type="node" ref="9695434787" role="stop"/>
  <member type="node" ref="9695434788" role="platform"/>
  <member type="node" ref="3403203957" role="stop"/>
  <member type="node" ref="2374751795" role="platform"/>
  <member type="node" ref="7594321493" role="stop"/>
  <member type="node" ref="2374751892" role="platform"/>
  <member type="node" ref="9155816272" role="stop"/>
  <member type="node" ref="9155816271" role="platform"/>
  <member type="node" ref="3400369541" role="stop"/>
  <member type="node" ref="2971750638" role="platform"/>
  <member type="node" ref="3400369542" role="stop"/>
  <member type="node" ref="2971749931" role="platform"/>
  <member type="node" ref="3400369540" role="stop"/>
  <member type="node" ref="1601509668" role="platform"/>
  <member type="node" ref="3049504446" role="stop"/>
  <member type="node" ref="3076229182" role="platform"/>
  <member type="node" ref="8273911683" role="stop"/>
  <member type="node" ref="561208478" role="platform"/>
  <member type="node" ref="8273519748" role="stop"/>
  <member type="node" ref="1140823100" role="platform"/>
  <member type="node" ref="10292170991" role="stop"/>
  <member type="node" ref="10292170992" role="platform"/>
  <member type="node" ref="1569306060" role="stop"/>
  <member type="node" ref="9892177333" role="platform"/>
  <member type="node" ref="3521144895" role="stop"/>
  <member type="node" ref="3521144490" role="platform"/>
  <member type="node" ref="8319582590" role="stop"/>
  <member type="node" ref="619699697" role="platform"/>
  <member type="node" ref="8319582588" role="stop"/>
  <member type="node" ref="8319582589" role="platform"/>
  <member type="node" ref="7592047460" role="stop"/>
  <member type="node" ref="1030461646" role="platform"/>
  <member type="node" ref="9953611029" role="stop"/>
  <member type="node" ref="9953611028" role="platform"/>
  <member type="node" ref="9892177331" role="stop"/>
  <member type="node" ref="9892177330" role="platform"/>
  <member type="node" ref="4670048098" role="stop"/>
  <member type="node" ref="4670048097" role="platform"/>
  <member type="node" ref="9892177329" role="stop"/>
  <member type="node" ref="9756417576" role="platform"/>
  <member type="node" ref="9892177326" role="stop"/>
  <member type="node" ref="9892177327" role="platform"/>
  <member type="node" ref="8323434514" role="stop"/>
  <member type="node" ref="1029310358" role="platform"/>
  <member type="node" ref="8323434513" role="stop"/>
  <member type="node" ref="1027658833" role="platform"/>
  <member type="node" ref="8328726563" role="stop"/>
  <member type="node" ref="1917612046" role="platform"/>
  <member type="node" ref="8328726562" role="stop"/>
  <member type="node" ref="8328726561" role="platform"/>
  <member type="node" ref="8328726558" role="stop"/>
  <member type="node" ref="8328726559" role="platform"/>
  <member type="node" ref="8328162779" role="stop"/>
  <member type="node" ref="1917612045" role="platform"/>
  <member type="node" ref="8328726557" role="stop"/>
  <member type="node" ref="2142685836" role="platform"/>
  <member type="node" ref="8328726556" role="stop"/>
  <member type="node" ref="4225228119" role="platform"/>
  <member type="node" ref="11253007191" role="stop"/>
  <member type="node" ref="11253007192" role="platform"/>
  <member type="node" ref="3644756201" role="stop"/>
  <member type="node" ref="3790738902" role="platform"/>
  <member type="node" ref="8328726555" role="stop"/>
  <member type="node" ref="8328726554" role="platform"/>
  <member type="node" ref="8328726553" role="stop"/>
  <member type="node" ref="8328726552" role="platform"/>
  <member type="node" ref="8323272392" role="stop"/>
  <member type="node" ref="7734704136" role="platform"/>
  <member type="node" ref="6806447804" role="stop"/>
  <member type="node" ref="8323272395" role="platform"/>
  <member type="node" ref="10066531054" role="stop_exit_only"/>
  <member type="node" ref="10066531053" role="platform_exit_only"/>
  <member type="way" ref="247049363" role=""/>
  <member type="way" ref="4456566" role=""/>
  <member type="way" ref="247049364" role=""/>
  <member type="way" ref="172798642" role=""/>
  <member type="way" ref="177564984" role=""/>
  <member type="way" ref="249801100" role=""/>
  <member type="way" ref="172396851" role=""/>
  <member type="way" ref="31388138" role=""/>
  <member type="way" ref="766860742" role=""/>
  <member type="way" ref="31402109" role=""/>
  <member type="way" ref="172396503" role=""/>
  <member type="way" ref="31371500" role=""/>
  <member type="way" ref="4459534" role=""/>
  <member type="way" ref="31403670" role=""/>
  <member type="way" ref="1083855008" role=""/>
  <member type="way" ref="571838725" role=""/>
  <member type="way" ref="571956627" role=""/>
  <member type="way" ref="31386920" role=""/>
  <member type="way" ref="70746355" role=""/>
  <member type="way" ref="770344812" role=""/>
  <member type="way" ref="31396561" role=""/>
  <member type="way" ref="144526044" role=""/>
  <member type="way" ref="1553820528" role=""/>
  <member type="way" ref="131611143" role=""/>
  <member type="way" ref="361354572" role=""/>
  <member type="way" ref="741957996" role=""/>
  <member type="way" ref="31386228" role=""/>
  <member type="way" ref="181344175" role=""/>
  <member type="way" ref="1047314586" role=""/>
  <member type="way" ref="1554871118" role=""/>
  <member type="way" ref="176032414" role=""/>
  <member type="way" ref="762026224" role=""/>
  <member type="way" ref="144529127" role=""/>
  <member type="way" ref="195870627" role=""/>
  <member type="way" ref="200468554" role=""/>
  <member type="way" ref="195870617" role=""/>
  <member type="way" ref="195870619" role=""/>
  <member type="way" ref="571680542" role=""/>
  <member type="way" ref="571680541" role=""/>
  <member type="way" ref="31364802" role=""/>
  <member type="way" ref="1253435094" role=""/>
  <member type="way" ref="1253435093" role=""/>
  <member type="way" ref="198276030" role=""/>
  <member type="way" ref="1187709141" role=""/>
  <member type="way" ref="1187709140" role=""/>
  <member type="way" ref="390879424" role=""/>
  <member type="way" ref="1079101540" role=""/>
  <member type="way" ref="1189497796" role=""/>
  <member type="way" ref="1189497797" role=""/>
  <member type="way" ref="31371520" role=""/>
  <member type="way" ref="422234023" role=""/>
  <member type="way" ref="422234024" role=""/>
  <member type="way" ref="561402515" role=""/>
  <member type="way" ref="561402514" role=""/>
  <member type="way" ref="172397908" role=""/>
  <member type="way" ref="1079101537" role=""/>
  <member type="way" ref="1079101536" role=""/>
  <member type="way" ref="172397906" role=""/>
  <member type="way" ref="746573649" role=""/>
  <member type="way" ref="31389782" role=""/>
  <member type="way" ref="143013959" role=""/>
  <member type="way" ref="979690348" role=""/>
  <member type="way" ref="484376269" role=""/>
  <member type="way" ref="766848766" role=""/>
  <member type="way" ref="518663760" role=""/>
  <member type="way" ref="518663759" role=""/>
  <member type="way" ref="484376271" role=""/>
  <member type="way" ref="518663757" role=""/>
  <member type="way" ref="148227814" role=""/>
  <member type="way" ref="348102923" role=""/>
  <member type="way" ref="799847033" role=""/>
  <member type="way" ref="171213137" role=""/>
  <member type="way" ref="1550298532" role=""/>
  <member type="way" ref="171213139" role=""/>
  <member type="way" ref="540483184" role=""/>
  <member type="way" ref="895936082" role=""/>
  <member type="way" ref="1257227656" role=""/>
  <member type="way" ref="401962908" role=""/>
  <member type="way" ref="1257227657" role=""/>
  <member type="way" ref="144330169" role=""/>
  <member type="way" ref="422300260" role=""/>
  <member type="way" ref="1257227653" role=""/>
  <member type="way" ref="1257227652" role=""/>
  <member type="way" ref="1467480506" role=""/>
  <member type="way" ref="184731552" role=""/>
  <member type="way" ref="567559695" role=""/>
  <member type="way" ref="558123759" role=""/>
  <member type="way" ref="668556787" role=""/>
  <member type="way" ref="313220580" role=""/>
  <member type="way" ref="1428305000" role=""/>
  <member type="way" ref="1428304999" role=""/>
  <member type="way" ref="562349295" role=""/>
  <member type="way" ref="422300263" role=""/>
  <member type="way" ref="540483194" role=""/>
  <member type="way" ref="1428305006" role=""/>
  <member type="way" ref="1428305005" role=""/>
  <member type="way" ref="387305084" role=""/>
  <member type="way" ref="1428304988" role=""/>
  <member type="way" ref="1428304987" role=""/>
  <member type="way" ref="379502006" role=""/>
  <member type="way" ref="1428304984" role=""/>
  <member type="way" ref="1428304983" role=""/>
  <member type="way" ref="725963246" role=""/>
  <member type="way" ref="1428304979" role=""/>
  <member type="way" ref="1428304980" role=""/>
  <member type="way" ref="703479967" role=""/>
  <member type="way" ref="725963245" role=""/>
  <member type="way" ref="1084462869" role=""/>
  <member type="way" ref="703479969" role=""/>
  <member type="way" ref="1444814170" role=""/>
  <member type="way" ref="1444814175" role=""/>
  <member type="way" ref="1444814167" role=""/>
  <tag k="air_conditioning" v="yes"/>
  <tag k="blind" v="limited"/>
  <tag k="bus_class:length" v="3"/>
  <tag k="charge" v="88 RUB"/>
  <tag k="charge:cards" v="88 RUB"/>
  <tag k="charge:cash" v="88 RUB"/>
  <tag k="charge:ekp_card" v="65 RUB"/>
  <tag k="charge:ekp_nfc" v="65 RUB"/>
  <tag k="charge:podorozhnik" v="65 RUB"/>
  <tag k="charge:qr_ticket" v="88 RUB"/>
  <tag k="colour" v="#10a855"/>
  <tag k="deaf" v="yes"/>
  <tag k="fee" v="yes"/>
  <tag k="from" v="железнодорожная станция «Ручьи»"/>
  <tag k="name" v="Автобус № 199: железнодорожная станция «Ручьи» =&gt; Толубеевский проезд"/>
  <tag k="name:uk" v="Автобус № 199: залізнична станція «Струмки» =&gt; Толубіївський проїзд"/>
  <tag k="network" v="Комитет по Транспорту Санкт-Петербурга"/>
  <tag k="network:en" v="Saint-Petersburg Transport Committee"/>
  <tag k="network:ru" v="Комитет по Транспорту Санкт-Петербурга"/>
  <tag k="network:wikidata" v="Q115120075"/>
  <tag k="operator" v="АО «Третий парк»"/>
  <tag k="payment:cards" v="yes"/>
  <tag k="payment:cash" v="no"/>
  <tag k="payment:contactless" v="yes"/>
  <tag k="payment:maestro" v="no"/>
  <tag k="payment:mastercard" v="no"/>
  <tag k="payment:mir" v="yes"/>
  <tag k="payment:nfc" v="yes"/>
  <tag k="payment:podorozhnik" v="yes"/>
  <tag k="payment:podorozhnik:activation" v="yes"/>
  <tag k="payment:social_cards" v="yes"/>
  <tag k="payment:strelka" v="no"/>
  <tag k="payment:troika" v="no"/>
  <tag k="payment:visa" v="no"/>
  <tag k="public_transport:version" v="2"/>
  <tag k="ref" v="199"/>
  <tag k="route" v="bus"/>
  <tag k="source" v="Реестр муниципальных маршрутов регулярных перевозок в Санкт-Петербурге"/>
  <tag k="to" v="Толубеевский проезд"/>
  <tag k="type" v="route"/>
  <tag k="website" v="https://transport.orgp.spb.ru/Portal/transport/route/6122"/>
  <tag k="wheelchair" v="yes"/>
 </relation>
 <relation id="14359751" visible="true" version="6" changeset="132611132" timestamp="2023-02-16T05:38:47Z" user="OSM FTW" uid="17746333">
  <member type="relation" ref="14359750" role=""/>
  <member type="relation" ref="14359749" role=""/>
  <tag k="colour" v="#10a855"/>
  <tag k="name" v="Автобус № 199"/>
  <tag k="network" v="Комитет по Транспорту Санкт-Петербурга"/>
  <tag k="network:en" v="Saint-Petersburg Transport Committee"/>
  <tag k="network:wikidata" v="Q115120075"/>
  <tag k="operator" v="АО «Третий парк»"/>
  <tag k="ref" v="199"/>
  <tag k="route_master" v="bus"/>
  <tag k="type" v="route_master"/>
 </relation>
 <relation id="14361202" visible="true" version="43" changeset="177280014" timestamp="2026-01-16T01:25:48Z" user="Bobropiton" uid="2055718">
  <member type="node" ref="8323272384" role="stop"/>
  <member type="node" ref="3644748723" role="platform"/>
  <member type="node" ref="9197326363" role="stop"/>
  <member type="node" ref="3324760564" role="platform"/>
  <member type="node" ref="8328726555" role="stop"/>
  <member type="node" ref="8328726554" role="platform"/>
  <member type="node" ref="8328726553" role="stop"/>
  <member type="node" ref="8328726552" role="platform"/>
  <member type="node" ref="8323272392" role="stop"/>
  <member type="node" ref="7734704136" role="platform"/>
  <member type="node" ref="6806447804" role="stop"/>
  <member type="node" ref="8323272395" role="platform"/>
  <member type="node" ref="8779964369" role="stop"/>
  <member type="node" ref="6403934058" role="platform"/>
  <member type="node" ref="8779964370" role="stop"/>
  <member type="node" ref="4075165858" role="platform"/>
  <member type="node" ref="9893028146" role="stop"/>
  <member type="node" ref="9893028145" role="platform"/>
  <member type="node" ref="8323272388" role="stop"/>
  <member type="node" ref="3644755308" role="platform"/>
  <member type="node" ref="9893028144" role="stop"/>
  <member type="node" ref="9893028143" role="platform"/>
  <member type="node" ref="8323272386" role="stop"/>
  <member type="node" ref="8323272387" role="platform"/>
  <member type="node" ref="8323272385" role="stop"/>
  <member type="node" ref="4785757507" role="platform"/>
  <member type="node" ref="1520279808" role="stop"/>
  <member type="node" ref="2142685830" role="platform"/>
  <member type="node" ref="6704164103" role="stop"/>
  <member type="node" ref="2159511517" role="platform"/>
  <member type="node" ref="8323272384" role="stop"/>
  <member type="node" ref="3644748723" role="platform"/>
  <member type="way" ref="1257227655" role=""/>
  <member type="way" ref="639234059" role=""/>
  <member type="way" ref="1428305012" role=""/>
  <member type="way" ref="1382927922" role=""/>
  <member type="way" ref="1428305011" role=""/>
  <member type="way" ref="765992132" role=""/>
  <member type="way" ref="540483194" role=""/>
  <member type="way" ref="1428305006" role=""/>
  <member type="way" ref="1428305005" role=""/>
  <member type="way" ref="387305084" role=""/>
  <member type="way" ref="1428304988" role=""/>
  <member type="way" ref="1428304987" role=""/>
  <member type="way" ref="379502006" role=""/>
  <member type="way" ref="1428304984" role=""/>
  <member type="way" ref="1428304983" role=""/>
  <member type="way" ref="725963246" role=""/>
  <member type="way" ref="1428304979" role=""/>
  <member type="way" ref="1428304980" role=""/>
  <member type="way" ref="703479967" role=""/>
  <member type="way" ref="725963245" role=""/>
  <member type="way" ref="1084462869" role=""/>
  <member type="way" ref="703479969" role=""/>
  <member type="way" ref="1444814171" role=""/>
  <member type="way" ref="703479968" role=""/>
  <member type="way" ref="540483187" role=""/>
  <member type="way" ref="635129888" role=""/>
  <member type="way" ref="774970432" role=""/>
  <member type="way" ref="1428304992" role=""/>
  <member type="way" ref="1428304991" role=""/>
  <member type="way" ref="137609382" role=""/>
  <member type="way" ref="562534291" role=""/>
  <member type="way" ref="540483185" role=""/>
  <member type="way" ref="1428305008" role=""/>
  <member type="way" ref="1428305007" role=""/>
  <member type="way" ref="292491696" role=""/>
  <member type="way" ref="1428305002" role=""/>
  <member type="way" ref="1428305001" role=""/>
  <member type="way" ref="486591290" role=""/>
  <member type="way" ref="668556787" role=""/>
  <member type="way" ref="558123759" role=""/>
  <member type="way" ref="422300257" role=""/>
  <member type="way" ref="1428304998" role=""/>
  <member type="way" ref="1428304997" role=""/>
  <member type="way" ref="313220573" role=""/>
  <member type="way" ref="974572319" role=""/>
  <member type="way" ref="1467480505" role=""/>
  <member type="way" ref="183963512" role=""/>
  <member type="way" ref="1428304996" role=""/>
  <member type="way" ref="1428304995" role=""/>
  <member type="way" ref="176968766" role=""/>
  <member type="way" ref="1428304993" role=""/>
  <member type="way" ref="138646361" role=""/>
  <member type="way" ref="948836657" role=""/>
  <member type="way" ref="1428304994" role=""/>
  <member type="way" ref="401962907" role=""/>
  <member type="way" ref="348102929" role=""/>
  <member type="way" ref="895417348" role=""/>
  <member type="way" ref="1257227654" role=""/>
  <tag k="air_conditioning" v="yes"/>
  <tag k="blind" v="limited"/>
  <tag k="bus_class:length" v="3"/>
  <tag k="charge" v="88 RUB"/>
  <tag k="charge:cards" v="88 RUB"/>
  <tag k="charge:cash" v="88 RUB"/>
  <tag k="charge:ekp_card" v="65 RUB"/>
  <tag k="charge:ekp_nfc" v="65 RUB"/>
  <tag k="charge:podorozhnik" v="65 RUB"/>
  <tag k="charge:qr_ticket" v="88 RUB"/>
  <tag k="colour" v="#10a855"/>
  <tag k="deaf" v="yes"/>
  <tag k="fee" v="yes"/>
  <tag k="from" v="станция метро «Парнас»"/>
  <tag k="name" v="Автобус № 214А: станция метро «Парнас» =&gt; станция метро «Парнас»"/>
  <tag k="network" v="Комитет по Транспорту Санкт-Петербурга"/>
  <tag k="network:en" v="Saint-Petersburg Transport Committee"/>
  <tag k="network:ru" v="Комитет по Транспорту Санкт-Петербурга"/>
  <tag k="network:wikidata" v="Q115120075"/>
  <tag k="operator" v="ООО «ВЕСТ-СЕРВИС»"/>
  <tag k="payment:cards" v="yes"/>
  <tag k="payment:cash" v="no"/>
  <tag k="payment:contactless" v="yes"/>
  <tag k="payment:maestro" v="no"/>
  <tag k="payment:mastercard" v="no"/>
  <tag k="payment:mir" v="yes"/>
  <tag k="payment:nfc" v="yes"/>
  <tag k="payment:podorozhnik" v="yes"/>
  <tag k="payment:podorozhnik:activation" v="yes"/>
  <tag k="payment:social_cards" v="yes"/>
  <tag k="payment:strelka" v="no"/>
  <tag k="payment:troika" v="no"/>
  <tag k="payment:visa" v="no"/>
  <tag k="public_transport:version" v="2"/>
  <tag k="ref" v="214А"/>
  <tag k="roundtrip" v="yes"/>
  <tag k="route" v="bus"/>
  <tag k="source" v="Реестр муниципальных маршрутов регулярных перевозок в Санкт-Петербурге"/>
  <tag k="to" v="станция метро «Парнас»"/>
  <tag k="type" v="route"/>
  <tag k="website" v="https://transport.orgp.spb.ru/Portal/transport/route/13475"/>
  <tag k="wheelchair" v="yes"/>
 </relation>
 <relation id="14361203" visible="true" version="5" changeset="176962093" timestamp="2026-01-07T21:58:55Z" user="Bobropiton" uid="2055718">
  <member type="relation" ref="14361202" role=""/>
  <tag k="colour" v="#10a855"/>
  <tag k="name" v="Автобус № 214А"/>
  <tag k="network" v="Комитет по Транспорту Санкт-Петербурга"/>
  <tag k="network:en" v="Saint-Petersburg Transport Committee"/>
  <tag k="network:wikidata" v="Q115120075"/>
  <tag k="operator" v="ООО «ВЕСТ-СЕРВИС»"/>
  <tag k="ref" v="214А"/>
  <tag k="route_master" v="bus"/>
  <tag k="type" v="route_master"/>
 </relation>
 <relation id="14361243" visible="true" version="49" changeset="177280014" timestamp="2026-01-16T01:25:48Z" user="Bobropiton" uid="2055718">
  <member type="node" ref="8328162779" role="stop"/>
  <member type="node" ref="1917612045" role="platform"/>
  <member type="node" ref="8328726557" role="stop"/>
  <member type="node" ref="2142685836" role="platform"/>
  <member type="node" ref="8328726556" role="stop"/>
  <member type="node" ref="4225228119" role="platform"/>
  <member type="node" ref="11253007191" role="stop"/>
  <member type="node" ref="11253007192" role="platform"/>
  <member type="node" ref="3644756201" role="stop"/>
  <member type="node" ref="3790738902" role="platform"/>
  <member type="node" ref="9929766589" role="stop"/>
  <member type="node" ref="9929766588" role="platform"/>
  <member type="node" ref="9674967351" role="stop"/>
  <member type="node" ref="9674967352" role="platform"/>
  <member type="node" ref="8779964371" role="stop"/>
  <member type="node" ref="4075166721" role="platform"/>
  <member type="node" ref="6606427558" role="stop"/>
  <member type="node" ref="7734695001" role="platform"/>
  <member type="node" ref="8323272393" role="stop"/>
  <member type="node" ref="8323272394" role="platform"/>
  <member type="node" ref="8323272391" role="stop"/>
  <member type="node" ref="7734701542" role="platform"/>
  <member type="node" ref="8323272389" role="stop"/>
  <member type="node" ref="8323272390" role="platform"/>
  <member type="node" ref="8328726551" role="stop"/>
  <member type="node" ref="3644753210" role="platform"/>
  <member type="node" ref="4220424777" role="stop"/>
  <member type="node" ref="3324758601" role="platform"/>
  <member type="node" ref="8328162779" role="stop"/>
  <member type="node" ref="1917612045" role="platform"/>
  <member type="way" ref="401962908" role=""/>
  <member type="way" ref="1257227657" role=""/>
  <member type="way" ref="144330169" role=""/>
  <member type="way" ref="422300260" role=""/>
  <member type="way" ref="1257227653" role=""/>
  <member type="way" ref="1257227652" role=""/>
  <member type="way" ref="1467480506" role=""/>
  <member type="way" ref="184731552" role=""/>
  <member type="way" ref="567559695" role=""/>
  <member type="way" ref="558123759" role=""/>
  <member type="way" ref="668556787" role=""/>
  <member type="way" ref="313220580" role=""/>
  <member type="way" ref="1428305000" role=""/>
  <member type="way" ref="1428304999" role=""/>
  <member type="way" ref="562349295" role=""/>
  <member type="way" ref="422300263" role=""/>
  <member type="way" ref="405121335" role=""/>
  <member type="way" ref="1428305010" role=""/>
  <member type="way" ref="1428305009" role=""/>
  <member type="way" ref="774970434" role=""/>
  <member type="way" ref="774970433" role=""/>
  <member type="way" ref="681389909" role=""/>
  <member type="way" ref="540483193" role=""/>
  <member type="way" ref="721889736" role=""/>
  <member type="way" ref="1444814176" role=""/>
  <member type="way" ref="635129887" role=""/>
  <member type="way" ref="1444814177" role=""/>
  <member type="way" ref="770280389" role=""/>
  <member type="way" ref="703479970" role=""/>
  <member type="way" ref="703479959" role=""/>
  <member type="way" ref="1065555118" role=""/>
  <member type="way" ref="1444814169" role=""/>
  <member type="way" ref="725963244" role=""/>
  <member type="way" ref="1084462870" role=""/>
  <member type="way" ref="797518227" role=""/>
  <member type="way" ref="703479972" role=""/>
  <member type="way" ref="725963247" role=""/>
  <member type="way" ref="1428304982" role=""/>
  <member type="way" ref="1428304981" role=""/>
  <member type="way" ref="703479966" role=""/>
  <member type="way" ref="797518228" role=""/>
  <member type="way" ref="1242831744" role=""/>
  <member type="way" ref="1268134135" role=""/>
  <member type="way" ref="1428304985" role=""/>
  <member type="way" ref="1428304986" role=""/>
  <member type="way" ref="1428304990" role=""/>
  <member type="way" ref="1428304989" role=""/>
  <member type="way" ref="448684666" role=""/>
  <member type="way" ref="648549020" role=""/>
  <member type="way" ref="422300264" role=""/>
  <member type="way" ref="292491700" role=""/>
  <member type="way" ref="1428305004" role=""/>
  <member type="way" ref="1428305003" role=""/>
  <member type="way" ref="422300265" role=""/>
  <member type="way" ref="1428305014" role=""/>
  <member type="way" ref="1428305013" role=""/>
  <member type="way" ref="564463343" role=""/>
  <member type="way" ref="895936082" role=""/>
  <member type="way" ref="1257227656" role=""/>
  <tag k="air_conditioning" v="yes"/>
  <tag k="blind" v="limited"/>
  <tag k="bus_class:length" v="3"/>
  <tag k="charge" v="88 RUB"/>
  <tag k="charge:cards" v="88 RUB"/>
  <tag k="charge:cash" v="88 RUB"/>
  <tag k="charge:ekp_card" v="65 RUB"/>
  <tag k="charge:ekp_nfc" v="65 RUB"/>
  <tag k="charge:podorozhnik" v="65 RUB"/>
  <tag k="charge:qr_ticket" v="88 RUB"/>
  <tag k="colour" v="#10a855"/>
  <tag k="deaf" v="yes"/>
  <tag k="fee" v="yes"/>
  <tag k="from" v="станция метро «Парнас»"/>
  <tag k="name" v="Автобус № 214Б: станция метро «Парнас» =&gt; станция метро «Парнас»"/>
  <tag k="name:uk" v="Автобус №214Б: станція метро «Парнас» =&gt; станція метро «Парнас»"/>
  <tag k="network" v="Комитет по Транспорту Санкт-Петербурга"/>
  <tag k="network:en" v="Saint-Petersburg Transport Committee"/>
  <tag k="network:ru" v="Комитет по Транспорту Санкт-Петербурга"/>
  <tag k="network:wikidata" v="Q115120075"/>
  <tag k="operator" v="ООО «ВЕСТ-СЕРВИС»"/>
  <tag k="payment:cards" v="yes"/>
  <tag k="payment:cash" v="no"/>
  <tag k="payment:contactless" v="yes"/>
  <tag k="payment:maestro" v="no"/>
  <tag k="payment:mastercard" v="no"/>
  <tag k="payment:mir" v="yes"/>
  <tag k="payment:nfc" v="yes"/>
  <tag k="payment:podorozhnik" v="yes"/>
  <tag k="payment:podorozhnik:activation" v="yes"/>
  <tag k="payment:social_cards" v="yes"/>
  <tag k="payment:strelka" v="no"/>
  <tag k="payment:troika" v="no"/>
  <tag k="payment:visa" v="no"/>
  <tag k="public_transport:version" v="2"/>
  <tag k="ref" v="214Б"/>
  <tag k="roundtrip" v="yes"/>
  <tag k="route" v="bus"/>
  <tag k="source" v="Реестр муниципальных маршрутов регулярных перевозок в Санкт-Петербурге"/>
  <tag k="to" v="станция метро «Парнас»"/>
  <tag k="type" v="route"/>
  <tag k="website" v="https://transport.orgp.spb.ru/Portal/transport/route/14075"/>
  <tag k="wheelchair" v="yes"/>
 </relation>
 <relation id="14361244" visible="true" version="5" changeset="176962093" timestamp="2026-01-07T21:58:55Z" user="Bobropiton" uid="2055718">
  <member type="relation" ref="14361243" role=""/>
  <tag k="colour" v="#10a855"/>
  <tag k="name" v="Автобус № 214Б"/>
  <tag k="network" v="Комитет по Транспорту Санкт-Петербурга"/>
  <tag k="network:en" v="Saint-Petersburg Transport Committee"/>
  <tag k="network:wikidata" v="Q115120075"/>
  <tag k="operator" v="ООО «ВЕСТ-СЕРВИС»"/>
  <tag k="ref" v="214Б"/>
  <tag k="route_master" v="bus"/>
  <tag k="type" v="route_master"/>
 </relation>
 <relation id="14362710" visible="true" version="7" changeset="132611132" timestamp="2023-02-16T05:38:47Z" user="OSM FTW" uid="17746333">
  <member type="relation" ref="14395760" role=""/>
  <member type="relation" ref="14395759" role=""/>
  <tag k="colour" v="#10a855"/>
  <tag k="name" v="Автобус № 271"/>
  <tag k="network" v="Комитет по Транспорту Санкт-Петербурга"/>
  <tag k="network:en" v="Saint-Petersburg Transport Committee"/>
  <tag k="network:wikidata" v="Q115120075"/>
  <tag k="operator" v="ООО «ВЕСТ-СЕРВИС»"/>
  <tag k="ref" v="271"/>
  <tag k="route_master" v="bus"/>
  <tag k="type" v="route_master"/>
 </relation>
 <relation id="14395759" visible="true" version="73" changeset="188470163" timestamp="2026-09-03T12:46:56Z" user="Bobropiton" uid="2055718">
  <member type="node" ref="10066531054" role="stop_entry_only"/>
  <member type="node" ref="10066531053" role="platform_entry_only"/>
  <member type="node" ref="6606427558" role="stop"/>
  <member type="node" ref="7734695001" role="platform"/>
  <member type="node" ref="8323272393" role="stop"/>
  <member type="node" ref="8323272394" role="platform"/>
  <member type="node" ref="8323272391" role="stop"/>
  <member type="node" ref="7734701542" role="platform"/>
  <member type="node" ref="8323272389" role="stop"/>
  <member type="node" ref="8323272390" role="platform"/>
  <member type="node" ref="8328726551" role="stop"/>
  <member type="node" ref="3644753210" role="platform"/>
  <member type="node" ref="4220424777" role="stop"/>
  <member type="node" ref="3324758601" role="platform"/>
  <member type="node" ref="6704164100" role="stop"/>
  <member type="node" ref="2159511390" role="platform"/>
  <member type="node" ref="1902669380" role="stop"/>
  <member type="node" ref="1866426083" role="platform"/>
  <member type="node" ref="8328726560" role="stop"/>
  <member type="node" ref="5495060603" role="platform"/>
  <member type="node" ref="8322158842" role="stop"/>
  <member type="node" ref="6397031810" role="platform"/>
  <member type="node" ref="8323443122" role="stop"/>
  <member type="node" ref="1027658425" role="platform"/>
  <member type="node" ref="8323443121" role="stop"/>
  <member type="node" ref="1027659492" role="platform"/>
  <member type="node" ref="8323443119" role="stop"/>
  <member type="node" ref="8323443120" role="platform"/>
  <member type="node" ref="8323443117" role="stop"/>
  <member type="node" ref="8323443118" role="platform"/>
  <member type="node" ref="3401287618" role="stop"/>
  <member type="node" ref="1601509692" role="platform"/>
  <member type="node" ref="9677633504" role="stop"/>
  <member type="node" ref="9677633505" role="platform"/>
  <member type="node" ref="9892177319" role="stop"/>
  <member type="node" ref="8121643406" role="platform"/>
  <member type="node" ref="8319582577" role="stop"/>
  <member type="node" ref="8319582576" role="platform"/>
  <member type="node" ref="8319582575" role="stop"/>
  <member type="node" ref="8319582574" role="platform"/>
  <member type="node" ref="3521144492" role="stop"/>
  <member type="node" ref="619699698" role="platform"/>
  <member type="node" ref="3521144488" role="stop"/>
  <member type="node" ref="619699695" role="platform"/>
  <member type="node" ref="3521144480" role="stop"/>
  <member type="node" ref="3521144893" role="platform"/>
  <member type="node" ref="13004840943" role="stop"/>
  <member type="node" ref="13004840946" role="platform"/>
  <member type="node" ref="3521144485" role="stop"/>
  <member type="node" ref="505115790" role="platform"/>
  <member type="node" ref="3521144475" role="stop"/>
  <member type="node" ref="1499067578" role="platform"/>
  <member type="node" ref="7176906245" role="stop"/>
  <member type="node" ref="1483573371" role="platform"/>
  <member type="node" ref="3521148949" role="stop"/>
  <member type="node" ref="1483572570" role="platform"/>
  <member type="node" ref="7179749876" role="stop"/>
  <member type="node" ref="1029184657" role="platform"/>
  <member type="node" ref="8325792073" role="stop"/>
  <member type="node" ref="1801319035" role="platform"/>
  <member type="node" ref="7175423124" role="stop"/>
  <member type="node" ref="1801319036" role="platform"/>
  <member type="node" ref="3673058584" role="stop"/>
  <member type="node" ref="1674397490" role="platform"/>
  <member type="node" ref="3673058588" role="stop"/>
  <member type="node" ref="3004086574" role="platform"/>
  <member type="node" ref="3673058587" role="stop"/>
  <member type="node" ref="1659398664" role="platform"/>
  <member type="node" ref="3076124789" role="stop"/>
  <member type="node" ref="563674020" role="platform"/>
  <member type="node" ref="3076124786" role="stop"/>
  <member type="node" ref="1369716689" role="platform"/>
  <member type="node" ref="3394777577" role="stop"/>
  <member type="node" ref="560037069" role="platform"/>
  <member type="node" ref="6190368134" role="stop"/>
  <member type="node" ref="6190365785" role="platform"/>
  <member type="node" ref="3394777578" role="stop"/>
  <member type="node" ref="560037073" role="platform"/>
  <member type="node" ref="6122965125" role="stop"/>
  <member type="node" ref="6122965127" role="platform"/>
  <member type="node" ref="9817525734" role="stop"/>
  <member type="node" ref="9817525733" role="platform"/>
  <member type="node" ref="8145735128" role="stop"/>
  <member type="node" ref="2896322739" role="platform"/>
  <member type="node" ref="8145735132" role="stop"/>
  <member type="node" ref="659398382" role="platform"/>
  <member type="node" ref="8365370071" role="stop"/>
  <member type="node" ref="1056270643" role="platform"/>
  <member type="node" ref="3566536393" role="stop"/>
  <member type="node" ref="3566536394" role="platform"/>
  <member type="node" ref="3566457911" role="stop"/>
  <member type="node" ref="401448627" role="platform"/>
  <member type="node" ref="3564222507" role="stop"/>
  <member type="node" ref="1728172603" role="platform"/>
  <member type="node" ref="3564222514" role="stop"/>
  <member type="node" ref="401448434" role="platform"/>
  <member type="node" ref="3564222501" role="stop"/>
  <member type="node" ref="401446643" role="platform"/>
  <member type="node" ref="3066602819" role="stop"/>
  <member type="node" ref="401445980" role="platform"/>
  <member type="node" ref="3066602815" role="stop"/>
  <member type="node" ref="388236439" role="platform"/>
  <member type="node" ref="3564222518" role="stop"/>
  <member type="node" ref="388237641" role="platform"/>
  <member type="node" ref="3564222517" role="stop"/>
  <member type="node" ref="959656341" role="platform"/>
  <member type="node" ref="3564222509" role="stop"/>
  <member type="node" ref="1401940274" role="platform"/>
  <member type="node" ref="3564222511" role="stop"/>
  <member type="node" ref="3564222513" role="platform"/>
  <member type="node" ref="3564222505" role="stop"/>
  <member type="node" ref="995826939" role="platform"/>
  <member type="node" ref="9709879865" role="stop"/>
  <member type="node" ref="9709879866" role="platform"/>
  <member type="node" ref="3056919459" role="stop"/>
  <member type="node" ref="2411565568" role="platform"/>
  <member type="node" ref="1586068612" role="stop"/>
  <member type="node" ref="1586068598" role="platform"/>
  <member type="node" ref="1586327328" role="stop_exit_only"/>
  <member type="node" ref="1586327329" role="platform_exit_only"/>
  <member type="way" ref="1444814168" role=""/>
  <member type="way" ref="1444814174" role=""/>
  <member type="way" ref="1444814172" role=""/>
  <member type="way" ref="725963244" role=""/>
  <member type="way" ref="1084462870" role=""/>
  <member type="way" ref="797518227" role=""/>
  <member type="way" ref="703479972" role=""/>
  <member type="way" ref="725963247" role=""/>
  <member type="way" ref="1428304982" role=""/>
  <member type="way" ref="1428304981" role=""/>
  <member type="way" ref="703479966" role=""/>
  <member type="way" ref="797518228" role=""/>
  <member type="way" ref="1242831744" role=""/>
  <member type="way" ref="1268134135" role=""/>
  <member type="way" ref="1428304985" role=""/>
  <member type="way" ref="1428304986" role=""/>
  <member type="way" ref="1428304990" role=""/>
  <member type="way" ref="1428304989" role=""/>
  <member type="way" ref="448684666" role=""/>
  <member type="way" ref="648549020" role=""/>
  <member type="way" ref="422300264" role=""/>
  <member type="way" ref="292491700" role=""/>
  <member type="way" ref="1428305004" role=""/>
  <member type="way" ref="1428305003" role=""/>
  <member type="way" ref="422300265" role=""/>
  <member type="way" ref="1428305014" role=""/>
  <member type="way" ref="1428305013" role=""/>
  <member type="way" ref="564463343" role=""/>
  <member type="way" ref="446493277" role=""/>
  <member type="way" ref="948836658" role=""/>
  <member type="way" ref="1257227658" role=""/>
  <member type="way" ref="1257227659" role=""/>
  <member type="way" ref="350642229" role=""/>
  <member type="way" ref="765992131" role=""/>
  <member type="way" ref="181331256" role=""/>
  <member type="way" ref="571674185" role=""/>
  <member type="way" ref="721118983" role=""/>
  <member type="way" ref="571674182" role=""/>
  <member type="way" ref="518663756" role=""/>
  <member type="way" ref="49360129" role=""/>
  <member type="way" ref="518663758" role=""/>
  <member type="way" ref="518663762" role=""/>
  <member type="way" ref="143010430" role=""/>
  <member type="way" ref="439920802" role=""/>
  <member type="way" ref="749028561" role=""/>
  <member type="way" ref="143019427" role=""/>
  <member type="way" ref="4462110" role=""/>
  <member type="way" ref="31380253" role=""/>
  <member type="way" ref="849337101" role=""/>
  <member type="way" ref="172397905" role=""/>
  <member type="way" ref="1079101535" role=""/>
  <member type="way" ref="31375599" role=""/>
  <member type="way" ref="31376326" role=""/>
  <member type="way" ref="300063704" role=""/>
  <member type="way" ref="762027588" role=""/>
  <member type="way" ref="31396973" role=""/>
  <member type="way" ref="31386282" role=""/>
  <member type="way" ref="1372985257" role=""/>
  <member type="way" ref="762029279" role=""/>
  <member type="way" ref="762029280" role=""/>
  <member type="way" ref="1189497791" role=""/>
  <member type="way" ref="1189497792" role=""/>
  <member type="way" ref="612667495" role=""/>
  <member type="way" ref="1189497788" role=""/>
  <member type="way" ref="327576189" role=""/>
  <member type="way" ref="88964912" role=""/>
  <member type="way" ref="31404364" role=""/>
  <member type="way" ref="1083351854" role=""/>
  <member type="way" ref="691806453" role=""/>
  <member type="way" ref="198276029" role=""/>
  <member type="way" ref="1116327655" role=""/>
  <member type="way" ref="31401691" role=""/>
  <member type="way" ref="200468559" role=""/>
  <member type="way" ref="1047320310" role=""/>
  <member type="way" ref="138017160" role=""/>
  <member type="way" ref="449768842" role=""/>
  <member type="way" ref="200468562" role=""/>
  <member type="way" ref="144323745" role=""/>
  <member type="way" ref="31396305" role=""/>
  <member type="way" ref="1120199342" role=""/>
  <member type="way" ref="144525714" role=""/>
  <member type="way" ref="1120199340" role=""/>
  <member type="way" ref="1120199338" role=""/>
  <member type="way" ref="1120199335" role=""/>
  <member type="way" ref="1120199334" role=""/>
  <member type="way" ref="1554756768" role=""/>
  <member type="way" ref="768738667" role=""/>
  <member type="way" ref="1120199333" role=""/>
  <member type="way" ref="768738673" role=""/>
  <member type="way" ref="769136676" role=""/>
  <member type="way" ref="1159273551" role=""/>
  <member type="way" ref="769136673" role=""/>
  <member type="way" ref="769400941" role=""/>
  <member type="way" ref="805010282" role=""/>
  <member type="way" ref="363103044" role=""/>
  <member type="way" ref="363103033" role=""/>
  <member type="way" ref="126388266" role=""/>
  <member type="way" ref="990965397" role=""/>
  <member type="way" ref="31377713" role=""/>
  <member type="way" ref="515669201" role=""/>
  <member type="way" ref="165555866" role=""/>
  <member type="way" ref="144840228" role=""/>
  <member type="way" ref="165555867" role=""/>
  <member type="way" ref="144840227" role=""/>
  <member type="way" ref="758190629" role=""/>
  <member type="way" ref="31366034" role=""/>
  <member type="way" ref="313530718" role=""/>
  <member type="way" ref="154186382" role=""/>
  <member type="way" ref="154186380" role=""/>
  <member type="way" ref="25453161" role=""/>
  <member type="way" ref="154186376" role=""/>
  <member type="way" ref="1185946235" role=""/>
  <member type="way" ref="1185946236" role=""/>
  <member type="way" ref="361354589" role=""/>
  <member type="way" ref="183892198" role=""/>
  <member type="way" ref="1185946246" role=""/>
  <member type="way" ref="1185946245" role=""/>
  <member type="way" ref="183892205" role=""/>
  <member type="way" ref="1069627160" role=""/>
  <member type="way" ref="576472614" role=""/>
  <member type="way" ref="194644406" role=""/>
  <member type="way" ref="830745379" role=""/>
  <member type="way" ref="31379044" role=""/>
  <member type="way" ref="830745380" role=""/>
  <member type="way" ref="1116306579" role=""/>
  <member type="way" ref="31381201" role=""/>
  <member type="way" ref="1290014133" role=""/>
  <member type="way" ref="1290014132" role=""/>
  <member type="way" ref="765380272" role=""/>
  <member type="way" ref="1086050014" role=""/>
  <member type="way" ref="31395593" role=""/>
  <member type="way" ref="653400742" role=""/>
  <member type="way" ref="172496820" role=""/>
  <member type="way" ref="406220324" role=""/>
  <member type="way" ref="31371262" role=""/>
  <member type="way" ref="406220325" role=""/>
  <member type="way" ref="975784328" role=""/>
  <member type="way" ref="241540524" role=""/>
  <member type="way" ref="1215112493" role=""/>
  <member type="way" ref="241540522" role=""/>
  <member type="way" ref="697624204" role=""/>
  <member type="way" ref="901368150" role=""/>
  <member type="way" ref="1429192584" role=""/>
  <member type="way" ref="8231151" role=""/>
  <member type="way" ref="4454660" role=""/>
  <member type="way" ref="172319085" role=""/>
  <member type="way" ref="899313146" role=""/>
  <member type="way" ref="9895635" role=""/>
  <member type="way" ref="901368151" role=""/>
  <member type="way" ref="31400681" role=""/>
  <member type="way" ref="830745394" role=""/>
  <member type="way" ref="1203813560" role=""/>
  <member type="way" ref="62000796" role=""/>
  <member type="way" ref="62000803" role=""/>
  <member type="way" ref="236132350" role=""/>
  <member type="way" ref="830745398" role=""/>
  <member type="way" ref="1229550210" role=""/>
  <member type="way" ref="172347907" role=""/>
  <member type="way" ref="830745397" role=""/>
  <member type="way" ref="605277218" role=""/>
  <member type="way" ref="1116373419" role=""/>
  <member type="way" ref="31371804" role=""/>
  <member type="way" ref="172350833" role=""/>
  <member type="way" ref="1116373420" role=""/>
  <member type="way" ref="1220160517" role=""/>
  <member type="way" ref="605277209" role=""/>
  <member type="way" ref="31389880" role=""/>
  <member type="way" ref="245846807" role=""/>
  <member type="way" ref="1116087967" role=""/>
  <member type="way" ref="172351018" role=""/>
  <member type="way" ref="1062919013" role=""/>
  <member type="way" ref="597228644" role=""/>
  <member type="way" ref="1175224256" role=""/>
  <member type="way" ref="1175224258" role=""/>
  <member type="way" ref="1175224257" role=""/>
  <member type="way" ref="597717245" role=""/>
  <member type="way" ref="172351017" role=""/>
  <member type="way" ref="597707301" role=""/>
  <member type="way" ref="382750347" role=""/>
  <member type="way" ref="23377510" role=""/>
  <member type="way" ref="336081104" role=""/>
  <member type="way" ref="19846790" role=""/>
  <member type="way" ref="172351031" role=""/>
  <member type="way" ref="194795469" role=""/>
  <member type="way" ref="365249853" role=""/>
  <member type="way" ref="995226443" role=""/>
  <member type="way" ref="597256340" role=""/>
  <member type="way" ref="365249852" role=""/>
  <member type="way" ref="599781194" role=""/>
  <member type="way" ref="41290859" role=""/>
  <member type="way" ref="1098729687" role=""/>
  <member type="way" ref="34746064" role=""/>
  <tag k="air_conditioning" v="yes"/>
  <tag k="blind" v="limited"/>
  <tag k="bus_class:length" v="4"/>
  <tag k="charge" v="88 RUB"/>
  <tag k="charge:cards" v="88 RUB"/>
  <tag k="charge:cash" v="88 RUB"/>
  <tag k="charge:ekp_card" v="65 RUB"/>
  <tag k="charge:ekp_nfc" v="65 RUB"/>
  <tag k="charge:podorozhnik" v="65 RUB"/>
  <tag k="charge:qr_ticket" v="88 RUB"/>
  <tag k="colour" v="#10a855"/>
  <tag k="deaf" v="yes"/>
  <tag k="fee" v="yes"/>
  <tag k="from" v="Толубеевский проезд"/>
  <tag k="name" v="Автобус № 271: Толубеевский проезд =&gt; станция метро «Ладожская»"/>
  <tag k="name:uk" v="Автобус № 271: Толубіївський проїзд =&gt; станція метро «Ладозька»"/>
  <tag k="network" v="Комитет по Транспорту Санкт-Петербурга"/>
  <tag k="network:en" v="Saint-Petersburg Transport Committee"/>
  <tag k="network:ru" v="Комитет по Транспорту Санкт-Петербурга"/>
  <tag k="network:wikidata" v="Q115120075"/>
  <tag k="operator" v="ООО «ВЕСТ-СЕРВИС»"/>
  <tag k="payment:cards" v="yes"/>
  <tag k="payment:cash" v="no"/>
  <tag k="payment:contactless" v="yes"/>
  <tag k="payment:maestro" v="no"/>
  <tag k="payment:mastercard" v="no"/>
  <tag k="payment:mir" v="yes"/>
  <tag k="payment:nfc" v="yes"/>
  <tag k="payment:podorozhnik" v="yes"/>
  <tag k="payment:podorozhnik:activation" v="yes"/>
  <tag k="payment:social_cards" v="yes"/>
  <tag k="payment:strelka" v="no"/>
  <tag k="payment:troika" v="no"/>
  <tag k="payment:visa" v="no"/>
  <tag k="public_transport:version" v="2"/>
  <tag k="ref" v="271"/>
  <tag k="route" v="bus"/>
  <tag k="source" v="Реестр муниципальных маршрутов регулярных перевозок в Санкт-Петербурге"/>
  <tag k="to" v="станция метро «Ладожская»"/>
  <tag k="type" v="route"/>
  <tag k="website" v="https://transport.orgp.spb.ru/Portal/transport/route/14094"/>
  <tag k="wheelchair" v="yes"/>
 </relation>
 <relation id="14395760" visible="true" version="76" changeset="188470163" timestamp="2026-09-03T12:46:56Z" user="Bobropiton" uid="2055718">
  <member type="node" ref="9098947414" role="stop_entry_only"/>
  <member type="node" ref="9098947413" role="platform_entry_only"/>
  <member type="node" ref="3056919461" role="stop"/>
  <member type="node" ref="2411565567" role="platform"/>
  <member type="node" ref="258978" role="stop"/>
  <member type="node" ref="1401933392" role="platform"/>
  <member type="node" ref="3564222516" role="stop"/>
  <member type="node" ref="995826937" role="platform"/>
  <member type="node" ref="3564222504" role="stop"/>
  <member type="node" ref="995826941" role="platform"/>
  <member type="node" ref="3564222510" role="stop"/>
  <member type="node" ref="959656334" role="platform"/>
  <member type="node" ref="3564222508" role="stop"/>
  <member type="node" ref="1401944394" role="platform"/>
  <member type="node" ref="3066602824" role="stop"/>
  <member type="node" ref="401445409" role="platform"/>
  <member type="node" ref="3066602825" role="stop"/>
  <member type="node" ref="401445969" role="platform"/>
  <member type="node" ref="3564222515" role="stop"/>
  <member type="node" ref="401446029" role="platform"/>
  <member type="node" ref="3564222512" role="stop"/>
  <member type="node" ref="401446662" role="platform"/>
  <member type="node" ref="3564222502" role="stop"/>
  <member type="node" ref="401448446" role="platform"/>
  <member type="node" ref="3564222506" role="stop"/>
  <member type="node" ref="401448486" role="platform"/>
  <member type="node" ref="3566457913" role="stop"/>
  <member type="node" ref="401448452" role="platform"/>
  <member type="node" ref="3566457912" role="stop"/>
  <member type="node" ref="2995359183" role="platform"/>
  <member type="node" ref="8319907636" role="stop"/>
  <member type="node" ref="1056270650" role="platform"/>
  <member type="node" ref="8145735134" role="stop"/>
  <member type="node" ref="659399224" role="platform"/>
  <member type="node" ref="8145735133" role="stop"/>
  <member type="node" ref="659397976" role="platform"/>
  <member type="node" ref="8145735131" role="stop"/>
  <member type="node" ref="659403290" role="platform"/>
  <member type="node" ref="8145735130" role="stop"/>
  <member type="node" ref="1410933373" role="platform"/>
  <member type="node" ref="9937092308" role="stop"/>
  <member type="node" ref="4012703032" role="platform"/>
  <member type="node" ref="4217367319" role="stop"/>
  <member type="node" ref="6122965126" role="platform"/>
  <member type="node" ref="3394777580" role="stop"/>
  <member type="node" ref="563675162" role="platform"/>
  <member type="node" ref="6190368133" role="stop"/>
  <member type="node" ref="6190361775" role="platform"/>
  <member type="node" ref="3076124787" role="stop"/>
  <member type="node" ref="762659705" role="platform"/>
  <member type="node" ref="3076124790" role="stop"/>
  <member type="node" ref="1683495673" role="platform"/>
  <member type="node" ref="3076124791" role="stop"/>
  <member type="node" ref="1683495652" role="platform"/>
  <member type="node" ref="10185350598" role="stop"/>
  <member type="node" ref="10185350597" role="platform"/>
  <member type="node" ref="3673058589" role="stop"/>
  <member type="node" ref="3004086575" role="platform"/>
  <member type="node" ref="3058638336" role="stop"/>
  <member type="node" ref="365075021" role="platform"/>
  <member type="node" ref="3521144491" role="stop"/>
  <member type="node" ref="365073186" role="platform"/>
  <member type="node" ref="3521144489" role="stop"/>
  <member type="node" ref="7146353757" role="platform"/>
  <member type="node" ref="3521764969" role="stop"/>
  <member type="node" ref="1483572558" role="platform"/>
  <member type="node" ref="3521155166" role="stop"/>
  <member type="node" ref="2086694403" role="platform"/>
  <member type="node" ref="3521144897" role="stop"/>
  <member type="node" ref="3521144482" role="platform"/>
  <member type="node" ref="3521144476" role="stop"/>
  <member type="node" ref="1499067580" role="platform"/>
  <member type="node" ref="3521144486" role="stop"/>
  <member type="node" ref="660176510" role="platform"/>
  <member type="node" ref="13004840944" role="stop"/>
  <member type="node" ref="13004840945" role="platform"/>
  <member type="node" ref="3521144487" role="stop"/>
  <member type="node" ref="619699699" role="platform"/>
  <member type="node" ref="3521144484" role="stop"/>
  <member type="node" ref="619699696" role="platform"/>
  <member type="node" ref="8319582590" role="stop"/>
  <member type="node" ref="619699697" role="platform"/>
  <member type="node" ref="8319582588" role="stop"/>
  <member type="node" ref="8319582589" role="platform"/>
  <member type="node" ref="9677633507" role="stop"/>
  <member type="node" ref="9677633508" role="platform"/>
  <member type="node" ref="9893762435" role="stop"/>
  <member type="node" ref="9893762434" role="platform"/>
  <member type="node" ref="3400447899" role="stop"/>
  <member type="node" ref="3380839912" role="platform"/>
  <member type="node" ref="8323434516" role="stop"/>
  <member type="node" ref="1601509700" role="platform"/>
  <member type="node" ref="9165985099" role="stop"/>
  <member type="node" ref="9165985098" role="platform"/>
  <member type="node" ref="8323434515" role="stop"/>
  <member type="node" ref="1030001181" role="platform"/>
  <member type="node" ref="8323434514" role="stop"/>
  <member type="node" ref="1029310358" role="platform"/>
  <member type="node" ref="8323434513" role="stop"/>
  <member type="node" ref="1027658833" role="platform"/>
  <member type="node" ref="8328726563" role="stop"/>
  <member type="node" ref="1917612046" role="platform"/>
  <member type="node" ref="8328726562" role="stop"/>
  <member type="node" ref="8328726561" role="platform"/>
  <member type="node" ref="8328726558" role="stop"/>
  <member type="node" ref="8328726559" role="platform"/>
  <member type="node" ref="8323272384" role="stop"/>
  <member type="node" ref="3644748723" role="platform"/>
  <member type="node" ref="9197326363" role="stop"/>
  <member type="node" ref="3324760564" role="platform"/>
  <member type="node" ref="8328726555" role="stop"/>
  <member type="node" ref="8328726554" role="platform"/>
  <member type="node" ref="8328726553" role="stop"/>
  <member type="node" ref="8328726552" role="platform"/>
  <member type="node" ref="8323272392" role="stop"/>
  <member type="node" ref="7734704136" role="platform"/>
  <member type="node" ref="6806447804" role="stop"/>
  <member type="node" ref="8323272395" role="platform"/>
  <member type="node" ref="10066531054" role="stop_exit_only"/>
  <member type="node" ref="10066531053" role="platform_exit_only"/>
  <member type="way" ref="984064376" role=""/>
  <member type="way" ref="1431541738" role=""/>
  <member type="way" ref="1113170736" role=""/>
  <member type="way" ref="185960925" role=""/>
  <member type="way" ref="1113170735" role=""/>
  <member type="way" ref="889135956" role=""/>
  <member type="way" ref="1431541737" role=""/>
  <member type="way" ref="1293827654" role=""/>
  <member type="way" ref="1431541736" role=""/>
  <member type="way" ref="1293827653" role=""/>
  <member type="way" ref="185960927" role=""/>
  <member type="way" ref="185960928" role=""/>
  <member type="way" ref="599781195" role=""/>
  <member type="way" ref="599736335" role=""/>
  <member type="way" ref="144664181" role=""/>
  <member type="way" ref="144664178" role=""/>
  <member type="way" ref="338583312" role=""/>
  <member type="way" ref="1159852780" role=""/>
  <member type="way" ref="132387624" role=""/>
  <member type="way" ref="597242310" role=""/>
  <member type="way" ref="597242305" role=""/>
  <member type="way" ref="382750349" role=""/>
  <member type="way" ref="193086961" role=""/>
  <member type="way" ref="617154716" role=""/>
  <member type="way" ref="597717245" role=""/>
  <member type="way" ref="1175224257" role=""/>
  <member type="way" ref="1175224258" role=""/>
  <member type="way" ref="1175224256" role=""/>
  <member type="way" ref="597228644" role=""/>
  <member type="way" ref="1062919013" role=""/>
  <member type="way" ref="172351018" role=""/>
  <member type="way" ref="1116087966" role=""/>
  <member type="way" ref="334416501" role=""/>
  <member type="way" ref="830745401" role=""/>
  <member type="way" ref="172350729" role=""/>
  <member type="way" ref="830745400" role=""/>
  <member type="way" ref="862103081" role=""/>
  <member type="way" ref="31385820" role=""/>
  <member type="way" ref="830745396" role=""/>
  <member type="way" ref="1203813559" role=""/>
  <member type="way" ref="830745399" role=""/>
  <member type="way" ref="62000798" role=""/>
  <member type="way" ref="315606741" role=""/>
  <member type="way" ref="315606739" role=""/>
  <member type="way" ref="31375123" role=""/>
  <member type="way" ref="1203813561" role=""/>
  <member type="way" ref="830745395" role=""/>
  <member type="way" ref="31377846" role=""/>
  <member type="way" ref="172348546" role=""/>
  <member type="way" ref="830745393" role=""/>
  <member type="way" ref="194457243" role=""/>
  <member type="way" ref="899313148" role=""/>
  <member type="way" ref="830745392" role=""/>
  <member type="way" ref="31367834" role=""/>
  <member type="way" ref="1091176855" role=""/>
  <member type="way" ref="1436586237" role=""/>
  <member type="way" ref="172319572" role=""/>
  <member type="way" ref="1436586238" role=""/>
  <member type="way" ref="195870604" role=""/>
  <member type="way" ref="62280485" role=""/>
  <member type="way" ref="697624204" role=""/>
  <member type="way" ref="241540522" role=""/>
  <member type="way" ref="241540523" role=""/>
  <member type="way" ref="241540521" role=""/>
  <member type="way" ref="241540525" role=""/>
  <member type="way" ref="1215112494" role=""/>
  <member type="way" ref="406220325" role=""/>
  <member type="way" ref="31371262" role=""/>
  <member type="way" ref="406220324" role=""/>
  <member type="way" ref="172496820" role=""/>
  <member type="way" ref="653400742" role=""/>
  <member type="way" ref="31395593" role=""/>
  <member type="way" ref="1086050014" role=""/>
  <member type="way" ref="765380272" role=""/>
  <member type="way" ref="1290014132" role=""/>
  <member type="way" ref="1290014133" role=""/>
  <member type="way" ref="31381201" role=""/>
  <member type="way" ref="194644407" role=""/>
  <member type="way" ref="830745378" role=""/>
  <member type="way" ref="396753099" role=""/>
  <member type="way" ref="818735611" role=""/>
  <member type="way" ref="130996818" role=""/>
  <member type="way" ref="450106521" role=""/>
  <member type="way" ref="1185946244" role=""/>
  <member type="way" ref="1185946243" role=""/>
  <member type="way" ref="422014479" role=""/>
  <member type="way" ref="183892196" role=""/>
  <member type="way" ref="1185946233" role=""/>
  <member type="way" ref="1185946234" role=""/>
  <member type="way" ref="25453163" role=""/>
  <member type="way" ref="154186379" role=""/>
  <member type="way" ref="154186381" role=""/>
  <member type="way" ref="327576188" role=""/>
  <member type="way" ref="172306703" role=""/>
  <member type="way" ref="335185092" role=""/>
  <member type="way" ref="1436534211" role=""/>
  <member type="way" ref="245831211" role=""/>
  <member type="way" ref="758190628" role=""/>
  <member type="way" ref="364930115" role=""/>
  <member type="way" ref="144840226" role=""/>
  <member type="way" ref="90025772" role=""/>
  <member type="way" ref="90025768" role=""/>
  <member type="way" ref="990965398" role=""/>
  <member type="way" ref="1113275703" role=""/>
  <member type="way" ref="4458592" role=""/>
  <member type="way" ref="772987366" role=""/>
  <member type="way" ref="363103044" role=""/>
  <member type="way" ref="805010282" role=""/>
  <member type="way" ref="769400941" role=""/>
  <member type="way" ref="770015178" role=""/>
  <member type="way" ref="769400946" role=""/>
  <member type="way" ref="769136675" role=""/>
  <member type="way" ref="769136674" role=""/>
  <member type="way" ref="1169744016" role=""/>
  <member type="way" ref="1169744015" role=""/>
  <member type="way" ref="769136668" role=""/>
  <member type="way" ref="1120199332" role=""/>
  <member type="way" ref="1120199336" role=""/>
  <member type="way" ref="799841988" role=""/>
  <member type="way" ref="1554756769" role=""/>
  <member type="way" ref="768738672" role=""/>
  <member type="way" ref="1120199337" role=""/>
  <member type="way" ref="1120199339" role=""/>
  <member type="way" ref="1120199341" role=""/>
  <member type="way" ref="1025931393" role=""/>
  <member type="way" ref="1120199343" role=""/>
  <member type="way" ref="768738671" role=""/>
  <member type="way" ref="138017157" role=""/>
  <member type="way" ref="138017159" role=""/>
  <member type="way" ref="200468558" role=""/>
  <member type="way" ref="198267161" role=""/>
  <member type="way" ref="1116327657" role=""/>
  <member type="way" ref="31374220" role=""/>
  <member type="way" ref="195909899" role=""/>
  <member type="way" ref="200468546" role=""/>
  <member type="way" ref="1253435086" role=""/>
  <member type="way" ref="198276030" role=""/>
  <member type="way" ref="1187709141" role=""/>
  <member type="way" ref="1187709140" role=""/>
  <member type="way" ref="1189497795" role=""/>
  <member type="way" ref="1189497794" role=""/>
  <member type="way" ref="1189497793" role=""/>
  <member type="way" ref="1189497790" role=""/>
  <member type="way" ref="1189497789" role=""/>
  <member type="way" ref="88964913" role=""/>
  <member type="way" ref="762029281" role=""/>
  <member type="way" ref="1372985255" role=""/>
  <member type="way" ref="640129828" role=""/>
  <member type="way" ref="31386436" role=""/>
  <member type="way" ref="176032412" role=""/>
  <member type="way" ref="31400276" role=""/>
  <member type="way" ref="1372985256" role=""/>
  <member type="way" ref="31399059" role=""/>
  <member type="way" ref="31399754" role=""/>
  <member type="way" ref="89939116" role=""/>
  <member type="way" ref="31398806" role=""/>
  <member type="way" ref="1079101536" role=""/>
  <member type="way" ref="172397906" role=""/>
  <member type="way" ref="746573649" role=""/>
  <member type="way" ref="31389782" role=""/>
  <member type="way" ref="143013959" role=""/>
  <member type="way" ref="979690348" role=""/>
  <member type="way" ref="484376269" role=""/>
  <member type="way" ref="766848766" role=""/>
  <member type="way" ref="518663760" role=""/>
  <member type="way" ref="518663759" role=""/>
  <member type="way" ref="484376271" role=""/>
  <member type="way" ref="518663757" role=""/>
  <member type="way" ref="148227814" role=""/>
  <member type="way" ref="348102923" role=""/>
  <member type="way" ref="799847033" role=""/>
  <member type="way" ref="171213137" role=""/>
  <member type="way" ref="1550298532" role=""/>
  <member type="way" ref="171213139" role=""/>
  <member type="way" ref="895417348" role=""/>
  <member type="way" ref="1257227654" role=""/>
  <member type="way" ref="1257227655" role=""/>
  <member type="way" ref="639234059" role=""/>
  <member type="way" ref="1428305012" role=""/>
  <member type="way" ref="1382927922" role=""/>
  <member type="way" ref="1428305011" role=""/>
  <member type="way" ref="765992132" role=""/>
  <member type="way" ref="540483194" role=""/>
  <member type="way" ref="1428305006" role=""/>
  <member type="way" ref="1428305005" role=""/>
  <member type="way" ref="387305084" role=""/>
  <member type="way" ref="1428304988" role=""/>
  <member type="way" ref="1428304987" role=""/>
  <member type="way" ref="379502006" role=""/>
  <member type="way" ref="1428304984" role=""/>
  <member type="way" ref="1428304983" role=""/>
  <member type="way" ref="725963246" role=""/>
  <member type="way" ref="1428304979" role=""/>
  <member type="way" ref="1428304980" role=""/>
  <member type="way" ref="703479967" role=""/>
  <member type="way" ref="725963245" role=""/>
  <member type="way" ref="1084462869" role=""/>
  <member type="way" ref="703479969" role=""/>
  <member type="way" ref="1444814170" role=""/>
  <member type="way" ref="1444814175" role=""/>
  <member type="way" ref="1444814167" role=""/>
  <tag k="air_conditioning" v="yes"/>
  <tag k="blind" v="limited"/>
  <tag k="bus_class:length" v="4"/>
  <tag k="charge" v="88 RUB"/>
  <tag k="charge:cards" v="88 RUB"/>
  <tag k="charge:cash" v="88 RUB"/>
  <tag k="charge:ekp_card" v="65 RUB"/>
  <tag k="charge:ekp_nfc" v="65 RUB"/>
  <tag k="charge:podorozhnik" v="65 RUB"/>
  <tag k="charge:qr_ticket" v="88 RUB"/>
  <tag k="colour" v="#10a855"/>
  <tag k="deaf" v="yes"/>
  <tag k="fee" v="yes"/>
  <tag k="from" v="станция метро «Ладожская»"/>
  <tag k="name" v="Автобус № 271: станция метро «Ладожская» =&gt; Толубеевский проезд"/>
  <tag k="name:uk" v="Автобус № 271: станція метро «Ладозька» =&gt; Толубіївський проїзд"/>
  <tag k="network" v="Комитет по Транспорту Санкт-Петербурга"/>
  <tag k="network:en" v="Saint-Petersburg Transport Committee"/>
  <tag k="network:ru" v="Комитет по Транспорту Санкт-Петербурга"/>
  <tag k="network:wikidata" v="Q115120075"/>
  <tag k="operator" v="ООО «ВЕСТ-СЕРВИС»"/>
  <tag k="payment:cards" v="yes"/>
  <tag k="payment:cash" v="no"/>
  <tag k="payment:contactless" v="yes"/>
  <tag k="payment:maestro" v="no"/>
  <tag k="payment:mastercard" v="no"/>
  <tag k="payment:mir" v="yes"/>
  <tag k="payment:nfc" v="yes"/>
  <tag k="payment:podorozhnik" v="yes"/>
  <tag k="payment:podorozhnik:activation" v="yes"/>
  <tag k="payment:social_cards" v="yes"/>
  <tag k="payment:strelka" v="no"/>
  <tag k="payment:troika" v="no"/>
  <tag k="payment:visa" v="no"/>
  <tag k="public_transport:version" v="2"/>
  <tag k="ref" v="271"/>
  <tag k="route" v="bus"/>
  <tag k="source" v="Реестр муниципальных маршрутов регулярных перевозок в Санкт-Петербурге"/>
  <tag k="to" v="Толубеевский проезд"/>
  <tag k="type" v="route"/>
  <tag k="website" v="https://transport.orgp.spb.ru/Portal/transport/route/14094"/>
  <tag k="wheelchair" v="yes"/>
 </relation>
 <relation id="14643219" visible="true" version="12" changeset="141361719" timestamp="2023-09-16T23:21:35Z" user="traveleditor" uid="8726248">
  <member type="node" ref="8323272392" role="stop"/>
  <member type="node" ref="7734704136" role="platform"/>
  <tag k="name" v="Заречная улица"/>
  <tag k="public_transport" v="stop_area"/>
  <tag k="type" v="public_transport"/>
 </relation>
 <relation id="14643220" visible="true" version="13" changeset="171409094" timestamp="2025-09-03T13:47:39Z" user="Bobropiton" uid="2055718">
  <member type="node" ref="6806447804" role="stop"/>
  <member type="node" ref="8323272395" role="platform"/>
  <tag k="name" v="Заречная улица, 42"/>
  <tag k="public_transport" v="stop_area"/>
  <tag k="type" v="public_transport"/>
 </relation>
 <relation id="14643221" visible="true" version="13" changeset="171409094" timestamp="2025-09-03T13:47:39Z" user="Bobropiton" uid="2055718">
  <member type="node" ref="8323272393" role="stop"/>
  <member type="node" ref="8323272394" role="platform"/>
  <tag k="name" v="Заречная улица, 42"/>
  <tag k="public_transport" v="stop_area"/>
  <tag k="type" v="public_transport"/>
 </relation>
 <relation id="17195651" visible="true" version="3" changeset="183791534" timestamp="2026-06-07T17:15:15Z" user="masmirnov" uid="16256027">
  <member type="way" ref="1159878677" role="outer"/>
  <member type="way" ref="1249580087" role="outer"/>
  <member type="way" ref="1159878678" role="outer"/>
  <tag k="addr:city" v="Парголово"/>
  <tag k="addr:housenumber" v="36 с1"/>
  <tag k="addr:street" v="Заречная улица"/>
  <tag k="building" v="apartments"/>
  <tag k="building:flats" v="444"/>
  <tag k="building:levels" v="25"/>
  <tag k="building:levels:underground" v="1"/>
  <tag k="energy_class" v="C"/>
  <tag k="height" v="74.98"/>
  <tag k="roof:shape" v="flat"/>
  <tag k="start_date" v="2023-12-08"/>
  <tag k="type" v="multipolygon"/>
 </relation>
</osm>
