<?xml version="1.0" encoding="UTF-8"?>
<osm version="0.6" generator="openstreetmap-cgimap 2.1.0 (244687 spike-07.openstreetmap.org)" copyright="OpenStreetMap and contributors" attribution="http://www.openstreetmap.org/copyright" license="http://opendatacommons.org/licenses/odbl/1-0/">
 <bounds minlat="60.0752882" minlon="30.2963891" maxlat="60.0779831" maxlon="30.3017915"/>
 <node id="26044086" visible="true" version="8" changeset="87468493" timestamp="2020-07-02T20:31:31Z" user="Pavel239" uid="354001" lat="60.0742354" lon="30.2947070"/>
 <node id="26044087" visible="true" version="6" changeset="87468493" timestamp="2020-07-02T20:31:31Z" user="Pavel239" uid="354001" lat="60.0745279" lon="30.2947679"/>
 <node id="270839889" visible="true" version="8" changeset="18350057" timestamp="2013-10-14T13:10:56Z" user="Константин Гам" uid="392109" lat="60.0784321" lon="30.3006023"/>
 <node id="270839890" visible="true" version="3" changeset="13581344" timestamp="2012-10-21T15:19:28Z" user="Zverik" uid="290271" lat="60.0785321" lon="30.2992274"/>
 <node id="270839892" visible="true" version="2" changeset="622457" timestamp="2008-09-13T19:57:31Z" user="red_rebel" uid="15056" lat="60.0777900" lon="30.2969836"/>
 <node id="270839893" visible="true" version="2" changeset="622457" timestamp="2008-09-13T19:57:31Z" user="red_rebel" uid="15056" lat="60.0776185" lon="30.2966108"/>
 <node id="270839894" visible="true" version="3" changeset="87468493" timestamp="2020-07-02T19:30:03Z" user="Pavel239" uid="354001" lat="60.0768787" lon="30.2955198"/>
 <node id="296466094" visible="true" version="2" changeset="13581344" timestamp="2012-10-21T15:19:28Z" user="Zverik" uid="290271" lat="60.0785101" lon="30.2997700"/>
 <node id="336038814" visible="true" version="4" changeset="33900128" timestamp="2015-09-09T06:31:24Z" user="Danidin9" uid="395588" lat="60.0713425" lon="30.2982959"/>
 <node id="336038816" visible="true" version="4" changeset="33900128" timestamp="2015-09-09T06:31:24Z" user="Danidin9" uid="395588" lat="60.0716930" lon="30.2981274"/>
 <node id="336039443" visible="true" version="4" changeset="9950108" timestamp="2011-11-25T23:50:39Z" user="Danidin9" uid="395588" lat="60.0761237" lon="30.3012800"/>
 <node id="336039444" visible="true" version="6" changeset="33900128" timestamp="2015-09-09T06:31:25Z" user="Danidin9" uid="395588" lat="60.0757314" lon="30.3016015"/>
 <node id="336039446" visible="true" version="3" changeset="155119716" timestamp="2024-08-11T19:53:37Z" user="Andrei Lazarev" uid="10884546" lat="60.0742355" lon="30.3016750"/>
 <node id="336039450" visible="true" version="4" changeset="9949556" timestamp="2011-11-25T22:37:44Z" user="Danidin9" uid="395588" lat="60.0721333" lon="30.2969494"/>
 <node id="336039465" visible="true" version="4" changeset="33900128" timestamp="2015-09-09T06:31:25Z" user="Danidin9" uid="395588" lat="60.0768831" lon="30.2957025"/>
 <node id="336040013" visible="true" version="4" changeset="9950108" timestamp="2011-11-25T23:50:39Z" user="Danidin9" uid="395588" lat="60.0761307" lon="30.3015734"/>
 <node id="336040014" visible="true" version="2" changeset="832129" timestamp="2009-01-24T19:45:32Z" user="Ivan Komarov" uid="69864" lat="60.0759848" lon="30.3016573"/>
 <node id="427529668" visible="true" version="3" changeset="9949556" timestamp="2011-11-25T22:37:45Z" user="Danidin9" uid="395588" lat="60.0747201" lon="30.3039822"/>
 <node id="427543735" visible="true" version="3" changeset="170094653" timestamp="2025-08-07T08:54:15Z" user="user_23034906" uid="23034906" lat="60.0751671" lon="30.2984330"/>
 <node id="427543900" visible="true" version="2" changeset="9949556" timestamp="2011-11-25T22:37:46Z" user="Danidin9" uid="395588" lat="60.0752874" lon="30.2981529"/>
 <node id="427543901" visible="true" version="2" changeset="9949556" timestamp="2011-11-25T22:37:46Z" user="Danidin9" uid="395588" lat="60.0752118" lon="30.2981498"/>
 <node id="427543902" visible="true" version="2" changeset="9949556" timestamp="2011-11-25T22:37:46Z" user="Danidin9" uid="395588" lat="60.0753146" lon="30.2982096"/>
 <node id="427543904" visible="true" version="2" changeset="9949556" timestamp="2011-11-25T22:37:46Z" user="Danidin9" uid="395588" lat="60.0751835" lon="30.2982042"/>
 <node id="427543905" visible="true" version="2" changeset="9949556" timestamp="2011-11-25T22:37:46Z" user="Danidin9" uid="395588" lat="60.0752498" lon="30.2981310"/>
 <node id="1103124191" visible="true" version="5" changeset="17239757" timestamp="2013-08-06T11:10:24Z" user="paavolobja" uid="386821" lat="60.0812361" lon="30.3064492"/>
 <node id="1103124383" visible="true" version="5" changeset="17239757" timestamp="2013-08-06T11:10:24Z" user="paavolobja" uid="386821" lat="60.0806521" lon="30.3052777"/>
 <node id="1103173255" visible="true" version="1" changeset="6966649" timestamp="2011-01-14T12:16:34Z" user="xronos" uid="104972" lat="60.0758279" lon="30.2959598"/>
 <node id="1103173257" visible="true" version="2" changeset="154764722" timestamp="2024-08-03T08:57:47Z" user="Andrei Lazarev" uid="10884546" lat="60.0768226" lon="30.3010840"/>
 <node id="1103173273" visible="true" version="2" changeset="154764722" timestamp="2024-08-03T08:57:47Z" user="Andrei Lazarev" uid="10884546" lat="60.0768781" lon="30.2996657"/>
 <node id="1103173278" visible="true" version="1" changeset="6966649" timestamp="2011-01-14T12:16:34Z" user="xronos" uid="104972" lat="60.0768449" lon="30.2977831"/>
 <node id="1103173286" visible="true" version="2" changeset="154764722" timestamp="2024-08-03T08:57:47Z" user="Andrei Lazarev" uid="10884546" lat="60.0766321" lon="30.2957425"/>
 <node id="1103173287" visible="true" version="2" changeset="154764722" timestamp="2024-08-03T08:57:47Z" user="Andrei Lazarev" uid="10884546" lat="60.0769833" lon="30.3030309"/>
 <node id="1103173290" visible="true" version="1" changeset="6966649" timestamp="2011-01-14T12:16:35Z" user="xronos" uid="104972" lat="60.0770729" lon="30.2961114"/>
 <node id="1103173292" visible="true" version="1" changeset="6966649" timestamp="2011-01-14T12:16:35Z" user="xronos" uid="104972" lat="60.0755186" lon="30.2972940"/>
 <node id="1103173294" visible="true" version="2" changeset="154764722" timestamp="2024-08-03T08:57:47Z" user="Andrei Lazarev" uid="10884546" lat="60.0767015" lon="30.3003617"/>
 <node id="1103173303" visible="true" version="2" changeset="154764722" timestamp="2024-08-03T08:57:47Z" user="Andrei Lazarev" uid="10884546" lat="60.0768981" lon="30.2989571"/>
 <node id="1103173305" visible="true" version="3" changeset="155119606" timestamp="2024-08-11T19:50:25Z" user="Andrei Lazarev" uid="10884546" lat="60.0765704" lon="30.3047681"/>
 <node id="1103173306" visible="true" version="1" changeset="6966649" timestamp="2011-01-14T12:16:35Z" user="xronos" uid="104972" lat="60.0768989" lon="30.2972359"/>
 <node id="1103173317" visible="true" version="3" changeset="12486844" timestamp="2012-07-25T13:12:24Z" user="Danidin9" uid="395588" lat="60.0759809" lon="30.2957178"/>
 <node id="1103173318" visible="true" version="2" changeset="154764722" timestamp="2024-08-03T08:57:47Z" user="Andrei Lazarev" uid="10884546" lat="60.0768998" lon="30.3015833"/>
 <node id="1103173322" visible="true" version="1" changeset="6966649" timestamp="2011-01-14T12:16:36Z" user="xronos" uid="104972" lat="60.0771248" lon="30.2958547"/>
 <node id="1103173324" visible="true" version="2" changeset="9949556" timestamp="2011-11-25T22:37:38Z" user="Danidin9" uid="395588" lat="60.0751675" lon="30.2981303"/>
 <node id="1103173326" visible="true" version="2" changeset="154764722" timestamp="2024-08-03T08:57:47Z" user="Andrei Lazarev" uid="10884546" lat="60.0768335" lon="30.2999866"/>
 <node id="1103173333" visible="true" version="2" changeset="154764722" timestamp="2024-08-03T08:57:47Z" user="Andrei Lazarev" uid="10884546" lat="60.0768511" lon="30.2981420"/>
 <node id="1103173339" visible="true" version="1" changeset="6966649" timestamp="2011-01-14T12:16:37Z" user="xronos" uid="104972" lat="60.0768028" lon="30.2961195"/>
 <node id="1103173340" visible="true" version="2" changeset="154764722" timestamp="2024-08-03T08:57:47Z" user="Andrei Lazarev" uid="10884546" lat="60.0768788" lon="30.3035410"/>
 <node id="1103173343" visible="true" version="1" changeset="6966649" timestamp="2011-01-14T12:16:37Z" user="xronos" uid="104972" lat="60.0770399" lon="30.2965985"/>
 <node id="1103173344" visible="true" version="1" changeset="6966649" timestamp="2011-01-14T12:16:37Z" user="xronos" uid="104972" lat="60.0756498" lon="30.2967021"/>
 <node id="1103173345" visible="true" version="2" changeset="154764722" timestamp="2024-08-03T08:57:47Z" user="Andrei Lazarev" uid="10884546" lat="60.0767324" lon="30.3006185"/>
 <node id="1103173355" visible="true" version="2" changeset="154764722" timestamp="2024-08-03T08:57:47Z" user="Andrei Lazarev" uid="10884546" lat="60.0769118" lon="30.2992896"/>
 <node id="1103173358" visible="true" version="1" changeset="6966649" timestamp="2011-01-14T12:16:37Z" user="xronos" uid="104972" lat="60.0768779" lon="30.2974644"/>
 <node id="1103173361" visible="true" version="1" changeset="6966649" timestamp="2011-01-14T12:16:38Z" user="xronos" uid="104972" lat="60.0761982" lon="30.2956028"/>
 <node id="1103173362" visible="true" version="2" changeset="154764722" timestamp="2024-08-03T08:57:47Z" user="Andrei Lazarev" uid="10884546" lat="60.0770046" lon="30.3026542"/>
 <node id="1103173369" visible="true" version="2" changeset="9949556" timestamp="2011-11-25T22:37:39Z" user="Danidin9" uid="395588" lat="60.0752739" lon="30.2980619"/>
 <node id="1103173371" visible="true" version="2" changeset="154764722" timestamp="2024-08-03T08:57:47Z" user="Andrei Lazarev" uid="10884546" lat="60.0767569" lon="30.3001245"/>
 <node id="1103173379" visible="true" version="2" changeset="154764722" timestamp="2024-08-03T08:57:47Z" user="Andrei Lazarev" uid="10884546" lat="60.0768841" lon="30.2985781"/>
 <node id="1103173381" visible="true" version="1" changeset="6966649" timestamp="2011-01-14T12:16:39Z" user="xronos" uid="104972" lat="60.0769481" lon="30.2965799"/>
 <node id="1103173382" visible="true" version="1" changeset="6966649" timestamp="2011-01-14T12:16:39Z" user="xronos" uid="104972" lat="60.0767159" lon="30.3040732"/>
 <node id="1103173389" visible="true" version="1" changeset="6966649" timestamp="2011-01-14T12:16:39Z" user="xronos" uid="104972" lat="60.0769499" lon="30.2969593"/>
 <node id="1108164650" visible="true" version="3" changeset="155119529" timestamp="2024-08-11T19:48:03Z" user="Andrei Lazarev" uid="10884546" lat="60.0758158" lon="30.3017186"/>
 <node id="1108164652" visible="true" version="2" changeset="155119529" timestamp="2024-08-11T19:48:03Z" user="Andrei Lazarev" uid="10884546" lat="60.0754075" lon="30.3017010"/>
 <node id="1108164661" visible="true" version="2" changeset="9949556" timestamp="2011-11-25T22:37:40Z" user="Danidin9" uid="395588" lat="60.0742153" lon="30.3017897"/>
 <node id="1108164663" visible="true" version="2" changeset="155119529" timestamp="2024-08-11T19:48:03Z" user="Andrei Lazarev" uid="10884546" lat="60.0755522" lon="30.3017163"/>
 <node id="1108164674" visible="true" version="2" changeset="155119529" timestamp="2024-08-11T19:48:03Z" user="Andrei Lazarev" uid="10884546" lat="60.0756156" lon="30.3017529"/>
 <node id="1108164677" visible="true" version="1" changeset="7004402" timestamp="2011-01-17T21:10:08Z" user="xronos" uid="104972" lat="60.0755795" lon="30.3022908"/>
 <node id="1108164685" visible="true" version="1" changeset="7004402" timestamp="2011-01-17T21:10:08Z" user="xronos" uid="104972" lat="60.0754021" lon="30.3025848"/>
 <node id="1108164697" visible="true" version="1" changeset="7004402" timestamp="2011-01-17T21:10:08Z" user="xronos" uid="104972" lat="60.0751916" lon="30.3030448"/>
 <node id="1108164699" visible="true" version="1" changeset="7004402" timestamp="2011-01-17T21:10:09Z" user="xronos" uid="104972" lat="60.0750828" lon="30.3033245"/>
 <node id="1108164700" visible="true" version="1" changeset="7004402" timestamp="2011-01-17T21:10:09Z" user="xronos" uid="104972" lat="60.0743518" lon="30.3017312"/>
 <node id="1108164703" visible="true" version="2" changeset="9949556" timestamp="2011-11-25T22:37:41Z" user="Danidin9" uid="395588" lat="60.0748198" lon="30.3037917"/>
 <node id="1108164704" visible="true" version="1" changeset="7004402" timestamp="2011-01-17T21:10:09Z" user="xronos" uid="104972" lat="60.0748131" lon="30.3017502"/>
 <node id="1108164729" visible="true" version="2" changeset="155119529" timestamp="2024-08-11T19:48:03Z" user="Andrei Lazarev" uid="10884546" lat="60.0752211" lon="30.3017141"/>
 <node id="1108164734" visible="true" version="13" changeset="141361606" timestamp="2023-09-16T23:15:16Z" user="traveleditor" uid="8726248" lat="60.0757658" lon="30.3017494">
  <tag k="name" v="Парнас"/>
  <tag k="natural" v="peak"/>
 </node>
 <node id="1108175990" visible="true" version="5" changeset="159321477" timestamp="2024-11-19T12:00:11Z" user="asdfwqer" uid="20626553" lat="60.0772824" lon="30.2991137"/>
 <node id="1108175994" visible="true" version="5" changeset="159321477" timestamp="2024-11-19T12:00:11Z" user="asdfwqer" uid="20626553" lat="60.0776041" lon="30.2991402"/>
 <node id="1108176005" visible="true" version="5" changeset="159321477" timestamp="2024-11-19T12:00:11Z" user="asdfwqer" uid="20626553" lat="60.0772906" lon="30.2983183"/>
 <node id="1108176011" visible="true" version="5" changeset="159321477" timestamp="2024-11-19T12:00:11Z" user="asdfwqer" uid="20626553" lat="60.0772362" lon="30.2987917"/>
 <node id="1108176013" visible="true" version="5" changeset="159321477" timestamp="2024-11-19T12:00:11Z" user="asdfwqer" uid="20626553" lat="60.0775117" lon="30.2993705"/>
 <node id="1108176033" visible="true" version="5" changeset="159321477" timestamp="2024-11-19T12:00:11Z" user="asdfwqer" uid="20626553" lat="60.0772371" lon="30.2995543"/>
 <node id="1108176039" visible="true" version="5" changeset="159321477" timestamp="2024-11-19T12:00:11Z" user="asdfwqer" uid="20626553" lat="60.0775883" lon="30.2985983"/>
 <node id="1108176059" visible="true" version="5" changeset="159321477" timestamp="2024-11-19T12:00:11Z" user="asdfwqer" uid="20626553" lat="60.0775460" lon="30.2979691"/>
 <node id="1108176064" visible="true" version="5" changeset="159321477" timestamp="2024-11-19T12:00:11Z" user="asdfwqer" uid="20626553" lat="60.0775458" lon="30.2996033"/>
 <node id="1108176087" visible="true" version="5" changeset="159321477" timestamp="2024-11-19T12:00:11Z" user="asdfwqer" uid="20626553" lat="60.0775563" lon="30.2977089"/>
 <node id="1108176093" visible="true" version="5" changeset="159321477" timestamp="2024-11-19T12:00:11Z" user="asdfwqer" uid="20626553" lat="60.0773817" lon="30.2979908"/>
 <node id="1108176129" visible="true" version="5" changeset="159321477" timestamp="2024-11-19T12:00:11Z" user="asdfwqer" uid="20626553" lat="60.0772948" lon="30.2988008"/>
 <node id="1108176131" visible="true" version="5" changeset="159321477" timestamp="2024-11-19T12:00:11Z" user="asdfwqer" uid="20626553" lat="60.0775550" lon="30.2993775"/>
 <node id="1108176134" visible="true" version="5" changeset="159321477" timestamp="2024-11-19T12:00:11Z" user="asdfwqer" uid="20626553" lat="60.0776162" lon="30.2988430"/>
 <node id="1108176185" visible="true" version="5" changeset="159321477" timestamp="2024-11-19T12:00:11Z" user="asdfwqer" uid="20626553" lat="60.0772442" lon="30.2993661"/>
 <node id="1108176193" visible="true" version="5" changeset="159321477" timestamp="2024-11-19T12:00:11Z" user="asdfwqer" uid="20626553" lat="60.0772825" lon="30.2985262"/>
 <node id="1108176197" visible="true" version="5" changeset="159321477" timestamp="2024-11-19T12:00:11Z" user="asdfwqer" uid="20626553" lat="60.0773837" lon="30.2979294"/>
 <node id="1108176199" visible="true" version="5" changeset="159321477" timestamp="2024-11-19T12:00:11Z" user="asdfwqer" uid="20626553" lat="60.0772728" lon="30.2993704"/>
 <node id="1108176202" visible="true" version="5" changeset="159321477" timestamp="2024-11-19T12:00:11Z" user="asdfwqer" uid="20626553" lat="60.0775997" lon="30.2983738"/>
 <node id="1108176206" visible="true" version="5" changeset="159321477" timestamp="2024-11-19T12:00:11Z" user="asdfwqer" uid="20626553" lat="60.0772245" lon="30.2991049"/>
 <node id="1108176208" visible="true" version="5" changeset="159321477" timestamp="2024-11-19T12:00:11Z" user="asdfwqer" uid="20626553" lat="60.0773601" lon="30.2979256"/>
 <node id="1108176246" visible="true" version="5" changeset="159321477" timestamp="2024-11-19T12:00:11Z" user="asdfwqer" uid="20626553" lat="60.0773699" lon="30.2976791"/>
 <node id="1108176255" visible="true" version="5" changeset="159321477" timestamp="2024-11-19T12:00:11Z" user="asdfwqer" uid="20626553" lat="60.0775520" lon="30.2985924"/>
 <node id="1361198234" visible="true" version="5" changeset="159321477" timestamp="2024-11-19T12:00:11Z" user="asdfwqer" uid="20626553" lat="60.0779608" lon="30.2974403"/>
 <node id="1379924902" visible="true" version="3" changeset="163611140" timestamp="2025-03-14T13:48:43Z" user="MosKartograf" uid="382604" lat="60.0686150" lon="30.2979621"/>
 <node id="1379924905" visible="true" version="1" changeset="8880441" timestamp="2011-07-31T12:28:08Z" user="Константин Гам" uid="392109" lat="60.0688593" lon="30.2979232"/>
 <node id="1379924906" visible="true" version="1" changeset="8880441" timestamp="2011-07-31T12:28:08Z" user="Константин Гам" uid="392109" lat="60.0690820" lon="30.2976871"/>
 <node id="1379924907" visible="true" version="1" changeset="8880441" timestamp="2011-07-31T12:28:08Z" user="Константин Гам" uid="392109" lat="60.0691350" lon="30.3038983"/>
 <node id="1379924908" visible="true" version="1" changeset="8880441" timestamp="2011-07-31T12:28:08Z" user="Константин Гам" uid="392109" lat="60.0691662" lon="30.3038661"/>
 <node id="1379924909" visible="true" version="1" changeset="8880441" timestamp="2011-07-31T12:28:08Z" user="Константин Гам" uid="392109" lat="60.0692071" lon="30.3038607"/>
 <node id="1379924910" visible="true" version="1" changeset="8880441" timestamp="2011-07-31T12:28:08Z" user="Константин Гам" uid="392109" lat="60.0693251" lon="30.3038069"/>
 <node id="1379924911" visible="true" version="2" changeset="12766953" timestamp="2012-08-17T20:31:59Z" user="BoomEngine" uid="288925" lat="60.0693454" lon="30.2975904"/>
 <node id="1379924912" visible="true" version="1" changeset="8880441" timestamp="2011-07-31T12:28:08Z" user="Константин Гам" uid="392109" lat="60.0695182" lon="30.3037424"/>
 <node id="1379924913" visible="true" version="1" changeset="8880441" timestamp="2011-07-31T12:28:08Z" user="Константин Гам" uid="392109" lat="60.0695779" lon="30.3038635"/>
 <node id="1379924914" visible="true" version="1" changeset="8880441" timestamp="2011-07-31T12:28:08Z" user="Константин Гам" uid="392109" lat="60.0696275" lon="30.3038876"/>
 <node id="1379924915" visible="true" version="1" changeset="8880441" timestamp="2011-07-31T12:28:08Z" user="Константин Гам" uid="392109" lat="60.0697590" lon="30.3037801"/>
 <node id="1379924916" visible="true" version="1" changeset="8880441" timestamp="2011-07-31T12:28:08Z" user="Константин Гам" uid="392109" lat="60.0697596" lon="30.3042190"/>
 <node id="1379924917" visible="true" version="1" changeset="8880441" timestamp="2011-07-31T12:28:08Z" user="Константин Гам" uid="392109" lat="60.0697738" lon="30.3040493"/>
 <node id="1379924918" visible="true" version="1" changeset="8880441" timestamp="2011-07-31T12:28:08Z" user="Константин Гам" uid="392109" lat="60.0697948" lon="30.3043114"/>
 <node id="1379924919" visible="true" version="1" changeset="8880441" timestamp="2011-07-31T12:28:08Z" user="Константин Гам" uid="392109" lat="60.0698007" lon="30.3038444"/>
 <node id="1379924920" visible="true" version="1" changeset="8880441" timestamp="2011-07-31T12:28:09Z" user="Константин Гам" uid="392109" lat="60.0698157" lon="30.3039536"/>
 <node id="1379924921" visible="true" version="1" changeset="8880441" timestamp="2011-07-31T12:28:09Z" user="Константин Гам" uid="392109" lat="60.0699004" lon="30.3042795"/>
 <node id="1379924922" visible="true" version="1" changeset="8880441" timestamp="2011-07-31T12:28:09Z" user="Константин Гам" uid="392109" lat="60.0699562" lon="30.2978795"/>
 <node id="1379924923" visible="true" version="1" changeset="8880441" timestamp="2011-07-31T12:28:09Z" user="Константин Гам" uid="392109" lat="60.0700149" lon="30.3043198"/>
 <node id="1379924924" visible="true" version="1" changeset="8880441" timestamp="2011-07-31T12:28:09Z" user="Константин Гам" uid="392109" lat="60.0700902" lon="30.3043657"/>
 <node id="1379924925" visible="true" version="1" changeset="8880441" timestamp="2011-07-31T12:28:09Z" user="Константин Гам" uid="392109" lat="60.0701245" lon="30.3044149"/>
 <node id="1379924926" visible="true" version="1" changeset="8880441" timestamp="2011-07-31T12:28:09Z" user="Константин Гам" uid="392109" lat="60.0702211" lon="30.3044182"/>
 <node id="1379924927" visible="true" version="1" changeset="8880441" timestamp="2011-07-31T12:28:09Z" user="Константин Гам" uid="392109" lat="60.0702629" lon="30.3043114"/>
 <node id="1379924928" visible="true" version="1" changeset="8880441" timestamp="2011-07-31T12:28:09Z" user="Константин Гам" uid="392109" lat="60.0703012" lon="30.3041627"/>
 <node id="1379924929" visible="true" version="1" changeset="8880441" timestamp="2011-07-31T12:28:09Z" user="Константин Гам" uid="392109" lat="60.0703473" lon="30.3040397"/>
 <node id="1379924930" visible="true" version="1" changeset="8880441" timestamp="2011-07-31T12:28:09Z" user="Константин Гам" uid="392109" lat="60.0703831" lon="30.3039474"/>
 <node id="1379924931" visible="true" version="1" changeset="8880441" timestamp="2011-07-31T12:28:09Z" user="Константин Гам" uid="392109" lat="60.0704515" lon="30.3038117"/>
 <node id="1379924932" visible="true" version="1" changeset="8880441" timestamp="2011-07-31T12:28:09Z" user="Константин Гам" uid="392109" lat="60.0705609" lon="30.3038223"/>
 <node id="1379924958" visible="true" version="2" changeset="12766953" timestamp="2012-08-17T20:31:59Z" user="BoomEngine" uid="288925" lat="60.0706511" lon="30.2980551"/>
 <node id="1379924959" visible="true" version="1" changeset="8880441" timestamp="2011-07-31T12:28:10Z" user="Константин Гам" uid="392109" lat="60.0707251" lon="30.3039454"/>
 <node id="1379924962" visible="true" version="1" changeset="8880441" timestamp="2011-07-31T12:28:10Z" user="Константин Гам" uid="392109" lat="60.0707753" lon="30.3040882"/>
 <node id="1379924963" visible="true" version="1" changeset="8880441" timestamp="2011-07-31T12:28:10Z" user="Константин Гам" uid="392109" lat="60.0707810" lon="30.3043175"/>
 <node id="1379924964" visible="true" version="1" changeset="8880441" timestamp="2011-07-31T12:28:10Z" user="Константин Гам" uid="392109" lat="60.0708488" lon="30.3045426"/>
 <node id="1379924974" visible="true" version="1" changeset="8880441" timestamp="2011-07-31T12:28:10Z" user="Константин Гам" uid="392109" lat="60.0711053" lon="30.3045403"/>
 <node id="1379924977" visible="true" version="1" changeset="8880441" timestamp="2011-07-31T12:28:10Z" user="Константин Гам" uid="392109" lat="60.0711882" lon="30.3046422"/>
 <node id="1379924979" visible="true" version="2" changeset="12766953" timestamp="2012-08-17T20:31:59Z" user="BoomEngine" uid="288925" lat="60.0712369" lon="30.2982802"/>
 <node id="1379924983" visible="true" version="1" changeset="8880441" timestamp="2011-07-31T12:28:10Z" user="Константин Гам" uid="392109" lat="60.0713060" lon="30.3048921"/>
 <node id="1379924985" visible="true" version="1" changeset="8880441" timestamp="2011-07-31T12:28:10Z" user="Константин Гам" uid="392109" lat="60.0713630" lon="30.3048598"/>
 <node id="1379924986" visible="true" version="1" changeset="8880441" timestamp="2011-07-31T12:28:10Z" user="Константин Гам" uid="392109" lat="60.0714227" lon="30.3048907"/>
 <node id="1379924992" visible="true" version="1" changeset="8880441" timestamp="2011-07-31T12:28:10Z" user="Константин Гам" uid="392109" lat="60.0714590" lon="30.2982445"/>
 <node id="1379924994" visible="true" version="1" changeset="8880441" timestamp="2011-07-31T12:28:10Z" user="Константин Гам" uid="392109" lat="60.0714757" lon="30.3050049"/>
 <node id="1379924996" visible="true" version="1" changeset="8880441" timestamp="2011-07-31T12:28:10Z" user="Константин Гам" uid="392109" lat="60.0714757" lon="30.3053624"/>
 <node id="1379924998" visible="true" version="1" changeset="8880441" timestamp="2011-07-31T12:28:10Z" user="Константин Гам" uid="392109" lat="60.0715438" lon="30.3055477"/>
 <node id="1379925002" visible="true" version="1" changeset="8880441" timestamp="2011-07-31T12:28:11Z" user="Константин Гам" uid="392109" lat="60.0716106" lon="30.3056658"/>
 <node id="1379925009" visible="true" version="1" changeset="8880441" timestamp="2011-07-31T12:28:11Z" user="Константин Гам" uid="392109" lat="60.0716852" lon="30.3057315"/>
 <node id="1379925011" visible="true" version="1" changeset="8880441" timestamp="2011-07-31T12:28:11Z" user="Константин Гам" uid="392109" lat="60.0717602" lon="30.3056583"/>
 <node id="1379925012" visible="true" version="1" changeset="8880441" timestamp="2011-07-31T12:28:11Z" user="Константин Гам" uid="392109" lat="60.0717898" lon="30.2979794"/>
 <node id="1379925015" visible="true" version="1" changeset="8880441" timestamp="2011-07-31T12:28:11Z" user="Константин Гам" uid="392109" lat="60.0718440" lon="30.3055205"/>
 <node id="1379925019" visible="true" version="1" changeset="8880441" timestamp="2011-07-31T12:28:11Z" user="Константин Гам" uid="392109" lat="60.0719421" lon="30.3055356"/>
 <node id="1379925025" visible="true" version="1" changeset="8880441" timestamp="2011-07-31T12:28:11Z" user="Константин Гам" uid="392109" lat="60.0720074" lon="30.3055827"/>
 <node id="1379925026" visible="true" version="2" changeset="12766953" timestamp="2012-08-17T20:31:59Z" user="BoomEngine" uid="288925" lat="60.0719922" lon="30.2976783"/>
 <node id="1379925029" visible="true" version="1" changeset="8880441" timestamp="2011-07-31T12:28:11Z" user="Константин Гам" uid="392109" lat="60.0721214" lon="30.3055373"/>
 <node id="1379925031" visible="true" version="1" changeset="8880441" timestamp="2011-07-31T12:28:11Z" user="Константин Гам" uid="392109" lat="60.0721635" lon="30.3056216"/>
 <node id="1379925032" visible="true" version="1" changeset="8880441" timestamp="2011-07-31T12:28:11Z" user="Константин Гам" uid="392109" lat="60.0721832" lon="30.3057817"/>
 <node id="1379925035" visible="true" version="1" changeset="8880441" timestamp="2011-07-31T12:28:11Z" user="Константин Гам" uid="392109" lat="60.0722408" lon="30.3057922"/>
 <node id="1379925036" visible="true" version="1" changeset="8880441" timestamp="2011-07-31T12:28:11Z" user="Константин Гам" uid="392109" lat="60.0723050" lon="30.3058316"/>
 <node id="1379925038" visible="true" version="1" changeset="8880441" timestamp="2011-07-31T12:28:12Z" user="Константин Гам" uid="392109" lat="60.0723416" lon="30.3059340"/>
 <node id="1379925039" visible="true" version="1" changeset="8880441" timestamp="2011-07-31T12:28:12Z" user="Константин Гам" uid="392109" lat="60.0723587" lon="30.3060285"/>
 <node id="1379925040" visible="true" version="1" changeset="8880441" timestamp="2011-07-31T12:28:12Z" user="Константин Гам" uid="392109" lat="60.0723901" lon="30.3061807"/>
 <node id="1379925043" visible="true" version="1" changeset="8880441" timestamp="2011-07-31T12:28:12Z" user="Константин Гам" uid="392109" lat="60.0724892" lon="30.3062752"/>
 <node id="1379925044" visible="true" version="1" changeset="8880441" timestamp="2011-07-31T12:28:12Z" user="Константин Гам" uid="392109" lat="60.0726044" lon="30.3063251"/>
 <node id="1379925045" visible="true" version="1" changeset="8880441" timestamp="2011-07-31T12:28:12Z" user="Константин Гам" uid="392109" lat="60.0727367" lon="30.3063119"/>
 <node id="1379925046" visible="true" version="1" changeset="8880441" timestamp="2011-07-31T12:28:12Z" user="Константин Гам" uid="392109" lat="60.0728388" lon="30.3062148"/>
 <node id="1379925047" visible="true" version="1" changeset="8880441" timestamp="2011-07-31T12:28:12Z" user="Константин Гам" uid="392109" lat="60.0729501" lon="30.2987960"/>
 <node id="1379925049" visible="true" version="1" changeset="8880441" timestamp="2011-07-31T12:28:12Z" user="Константин Гам" uid="392109" lat="60.0730234" lon="30.3060101"/>
 <node id="1379925051" visible="true" version="1" changeset="8880441" timestamp="2011-07-31T12:28:12Z" user="Константин Гам" uid="392109" lat="60.0731171" lon="30.3059789"/>
 <node id="1379925052" visible="true" version="1" changeset="8880441" timestamp="2011-07-31T12:28:12Z" user="Константин Гам" uid="392109" lat="60.0732087" lon="30.3059999"/>
 <node id="1379925053" visible="true" version="1" changeset="8880441" timestamp="2011-07-31T12:28:12Z" user="Константин Гам" uid="392109" lat="60.0732454" lon="30.3060367"/>
 <node id="1379925055" visible="true" version="1" changeset="8880441" timestamp="2011-07-31T12:28:12Z" user="Константин Гам" uid="392109" lat="60.0733122" lon="30.3061312"/>
 <node id="1379925057" visible="true" version="1" changeset="8880441" timestamp="2011-07-31T12:28:12Z" user="Константин Гам" uid="392109" lat="60.0734656" lon="30.2992126"/>
 <node id="1379925059" visible="true" version="1" changeset="8880441" timestamp="2011-07-31T12:28:12Z" user="Константин Гам" uid="392109" lat="60.0734903" lon="30.3064960"/>
 <node id="1379925061" visible="true" version="1" changeset="8880441" timestamp="2011-07-31T12:28:12Z" user="Константин Гам" uid="392109" lat="60.0735531" lon="30.3064803"/>
 <node id="1379925065" visible="true" version="1" changeset="8880441" timestamp="2011-07-31T12:28:12Z" user="Константин Гам" uid="392109" lat="60.0735895" lon="30.2953436"/>
 <node id="1379925066" visible="true" version="1" changeset="8880441" timestamp="2011-07-31T12:28:12Z" user="Константин Гам" uid="392109" lat="60.0735989" lon="30.3063936"/>
 <node id="1379925067" visible="true" version="1" changeset="8880441" timestamp="2011-07-31T12:28:12Z" user="Константин Гам" uid="392109" lat="60.0736566" lon="30.3063359"/>
 <node id="1379925068" visible="true" version="1" changeset="8880441" timestamp="2011-07-31T12:28:13Z" user="Константин Гам" uid="392109" lat="60.0737207" lon="30.3063490"/>
 <node id="1379925069" visible="true" version="1" changeset="8880441" timestamp="2011-07-31T12:28:13Z" user="Константин Гам" uid="392109" lat="60.0737915" lon="30.3064076"/>
 <node id="1379925070" visible="true" version="2" changeset="12766953" timestamp="2012-08-17T20:31:59Z" user="BoomEngine" uid="288925" lat="60.0741778" lon="30.2949381"/>
 <node id="1379925071" visible="true" version="1" changeset="8880441" timestamp="2011-07-31T12:28:13Z" user="Константин Гам" uid="392109" lat="60.0738372" lon="30.2970899"/>
 <node id="1379925072" visible="true" version="1" changeset="8880441" timestamp="2011-07-31T12:28:13Z" user="Константин Гам" uid="392109" lat="60.0738692" lon="30.2982433"/>
 <node id="1379925074" visible="true" version="1" changeset="8880441" timestamp="2011-07-31T12:28:13Z" user="Константин Гам" uid="392109" lat="60.0738959" lon="30.3064609"/>
 <node id="1379925075" visible="true" version="1" changeset="8880441" timestamp="2011-07-31T12:28:13Z" user="Константин Гам" uid="392109" lat="60.0739266" lon="30.3064855"/>
 <node id="1379925077" visible="true" version="1" changeset="8880441" timestamp="2011-07-31T12:28:13Z" user="Константин Гам" uid="392109" lat="60.0739716" lon="30.3065593"/>
 <node id="1379925078" visible="true" version="1" changeset="8880441" timestamp="2011-07-31T12:28:13Z" user="Константин Гам" uid="392109" lat="60.0739849" lon="30.3067248"/>
 <node id="1379925079" visible="true" version="1" changeset="8880441" timestamp="2011-07-31T12:28:13Z" user="Константин Гам" uid="392109" lat="60.0739931" lon="30.3067699"/>
 <node id="1379925080" visible="true" version="1" changeset="8880441" timestamp="2011-07-31T12:28:13Z" user="Константин Гам" uid="392109" lat="60.0740749" lon="30.3070119"/>
 <node id="1379925081" visible="true" version="1" changeset="8880441" timestamp="2011-07-31T12:28:13Z" user="Константин Гам" uid="392109" lat="60.0741015" lon="30.3072087"/>
 <node id="1379925082" visible="true" version="1" changeset="8880441" timestamp="2011-07-31T12:28:13Z" user="Константин Гам" uid="392109" lat="60.0741404" lon="30.3074056"/>
 <node id="1379925084" visible="true" version="1" changeset="8880441" timestamp="2011-07-31T12:28:13Z" user="Константин Гам" uid="392109" lat="60.0741833" lon="30.3074999"/>
 <node id="1379925086" visible="true" version="1" changeset="8880441" timestamp="2011-07-31T12:28:13Z" user="Константин Гам" uid="392109" lat="60.0743471" lon="30.3078706"/>
 <node id="1379925088" visible="true" version="1" changeset="8880441" timestamp="2011-07-31T12:28:13Z" user="Константин Гам" uid="392109" lat="60.0743593" lon="30.3074630"/>
 <node id="1379925089" visible="true" version="1" changeset="8880441" timestamp="2011-07-31T12:28:13Z" user="Константин Гам" uid="392109" lat="60.0743602" lon="30.3078968"/>
 <node id="1379925090" visible="true" version="1" changeset="8880441" timestamp="2011-07-31T12:28:13Z" user="Константин Гам" uid="392109" lat="60.0743716" lon="30.3077623"/>
 <node id="1379925091" visible="true" version="1" changeset="8880441" timestamp="2011-07-31T12:28:14Z" user="Константин Гам" uid="392109" lat="60.0743879" lon="30.3075286"/>
 <node id="1379925092" visible="true" version="1" changeset="8880441" timestamp="2011-07-31T12:28:14Z" user="Константин Гам" uid="392109" lat="60.0743962" lon="30.3079001"/>
 <node id="1379925093" visible="true" version="1" changeset="8880441" timestamp="2011-07-31T12:28:14Z" user="Константин Гам" uid="392109" lat="60.0744084" lon="30.3076599"/>
 <node id="1379925094" visible="true" version="1" changeset="8880441" timestamp="2011-07-31T12:28:14Z" user="Константин Гам" uid="392109" lat="60.0744104" lon="30.3076148"/>
 <node id="1379925095" visible="true" version="1" changeset="8880441" timestamp="2011-07-31T12:28:14Z" user="Константин Гам" uid="392109" lat="60.0744469" lon="30.3079263"/>
 <node id="1379925096" visible="true" version="1" changeset="8880441" timestamp="2011-07-31T12:28:14Z" user="Константин Гам" uid="392109" lat="60.0744764" lon="30.3080248"/>
 <node id="1379925097" visible="true" version="1" changeset="8880441" timestamp="2011-07-31T12:28:14Z" user="Константин Гам" uid="392109" lat="60.0745012" lon="30.2948644"/>
 <node id="1379925098" visible="true" version="1" changeset="8880441" timestamp="2011-07-31T12:28:14Z" user="Константин Гам" uid="392109" lat="60.0745582" lon="30.3086055"/>
 <node id="1379925099" visible="true" version="1" changeset="8880441" timestamp="2011-07-31T12:28:14Z" user="Константин Гам" uid="392109" lat="60.0745689" lon="30.3093404"/>
 <node id="1379925100" visible="true" version="1" changeset="8880441" timestamp="2011-07-31T12:28:14Z" user="Константин Гам" uid="392109" lat="60.0745729" lon="30.3094641"/>
 <node id="1379925101" visible="true" version="1" changeset="8880441" timestamp="2011-07-31T12:28:14Z" user="Константин Гам" uid="392109" lat="60.0745789" lon="30.3092450"/>
 <node id="1379925102" visible="true" version="1" changeset="8880441" timestamp="2011-07-31T12:28:14Z" user="Константин Гам" uid="392109" lat="60.0745880" lon="30.3086685"/>
 <node id="1379925103" visible="true" version="1" changeset="8880441" timestamp="2011-07-31T12:28:14Z" user="Константин Гам" uid="392109" lat="60.0746005" lon="30.3095896"/>
 <node id="1379925104" visible="true" version="1" changeset="8880441" timestamp="2011-07-31T12:28:14Z" user="Константин Гам" uid="392109" lat="60.0746185" lon="30.3089278"/>
 <node id="1379925105" visible="true" version="1" changeset="8880441" timestamp="2011-07-31T12:28:14Z" user="Константин Гам" uid="392109" lat="60.0746196" lon="30.3088068"/>
 <node id="1379925106" visible="true" version="1" changeset="8880441" timestamp="2011-07-31T12:28:14Z" user="Константин Гам" uid="392109" lat="60.0746267" lon="30.3097051"/>
 <node id="1379925107" visible="true" version="1" changeset="8880441" timestamp="2011-07-31T12:28:14Z" user="Константин Гам" uid="392109" lat="60.0746600" lon="30.3098428"/>
 <node id="1379925108" visible="true" version="1" changeset="8880441" timestamp="2011-07-31T12:28:14Z" user="Константин Гам" uid="392109" lat="60.0746610" lon="30.2948564"/>
 <node id="1379925109" visible="true" version="1" changeset="8880441" timestamp="2011-07-31T12:28:14Z" user="Константин Гам" uid="392109" lat="60.0746718" lon="30.3098932"/>
 <node id="1379925110" visible="true" version="1" changeset="8880441" timestamp="2011-07-31T12:28:14Z" user="Константин Гам" uid="392109" lat="60.0746978" lon="30.3100460"/>
 <node id="1379925111" visible="true" version="1" changeset="8880441" timestamp="2011-07-31T12:28:14Z" user="Константин Гам" uid="392109" lat="60.0747254" lon="30.3101821"/>
 <node id="1379925112" visible="true" version="1" changeset="8880441" timestamp="2011-07-31T12:28:14Z" user="Константин Гам" uid="392109" lat="60.0747457" lon="30.3102836"/>
 <node id="1379925113" visible="true" version="1" changeset="8880441" timestamp="2011-07-31T12:28:14Z" user="Константин Гам" uid="392109" lat="60.0747675" lon="30.3103609"/>
 <node id="1379925114" visible="true" version="1" changeset="8880441" timestamp="2011-07-31T12:28:14Z" user="Константин Гам" uid="392109" lat="60.0747902" lon="30.3104466"/>
 <node id="1379925115" visible="true" version="1" changeset="8880441" timestamp="2011-07-31T12:28:15Z" user="Константин Гам" uid="392109" lat="60.0748078" lon="30.3105104"/>
 <node id="1379925116" visible="true" version="1" changeset="8880441" timestamp="2011-07-31T12:28:15Z" user="Константин Гам" uid="392109" lat="60.0748111" lon="30.3105591"/>
 <node id="1379925117" visible="true" version="1" changeset="8880441" timestamp="2011-07-31T12:28:15Z" user="Константин Гам" uid="392109" lat="60.0748142" lon="30.3106777"/>
 <node id="1379925118" visible="true" version="1" changeset="8880441" timestamp="2011-07-31T12:28:15Z" user="Константин Гам" uid="392109" lat="60.0748142" lon="30.3109142"/>
 <node id="1379925119" visible="true" version="1" changeset="8880441" timestamp="2011-07-31T12:28:15Z" user="Константин Гам" uid="392109" lat="60.0748582" lon="30.3111744"/>
 <node id="1379925120" visible="true" version="1" changeset="8880441" timestamp="2011-07-31T12:28:15Z" user="Константин Гам" uid="392109" lat="60.0748705" lon="30.3111755"/>
 <node id="1379925121" visible="true" version="1" changeset="8880441" timestamp="2011-07-31T12:28:15Z" user="Константин Гам" uid="392109" lat="60.0750519" lon="30.3115307"/>
 <node id="1379925123" visible="true" version="1" changeset="8880441" timestamp="2011-07-31T12:28:15Z" user="Константин Гам" uid="392109" lat="60.0751242" lon="30.3116840"/>
 <node id="1379925124" visible="true" version="1" changeset="8880441" timestamp="2011-07-31T12:28:15Z" user="Константин Гам" uid="392109" lat="60.0751504" lon="30.3117617"/>
 <node id="1379925125" visible="true" version="1" changeset="8880441" timestamp="2011-07-31T12:28:15Z" user="Константин Гам" uid="392109" lat="60.0751860" lon="30.3117953"/>
 <node id="1379925126" visible="true" version="1" changeset="8880441" timestamp="2011-07-31T12:28:15Z" user="Константин Гам" uid="392109" lat="60.0752321" lon="30.3118688"/>
 <node id="1379925127" visible="true" version="1" changeset="8880441" timestamp="2011-07-31T12:28:15Z" user="Константин Гам" uid="392109" lat="60.0752614" lon="30.3119381"/>
 <node id="1379925128" visible="true" version="1" changeset="8880441" timestamp="2011-07-31T12:28:15Z" user="Константин Гам" uid="392109" lat="60.0753012" lon="30.3120137"/>
 <node id="1379925129" visible="true" version="1" changeset="8880441" timestamp="2011-07-31T12:28:15Z" user="Константин Гам" uid="392109" lat="60.0753273" lon="30.2950526"/>
 <node id="1379925130" visible="true" version="1" changeset="8880441" timestamp="2011-07-31T12:28:15Z" user="Константин Гам" uid="392109" lat="60.0753863" lon="30.3121615"/>
 <node id="1379925133" visible="true" version="1" changeset="8880441" timestamp="2011-07-31T12:28:15Z" user="Константин Гам" uid="392109" lat="60.0754906" lon="30.3122533"/>
 <node id="1379925134" visible="true" version="1" changeset="8880441" timestamp="2011-07-31T12:28:15Z" user="Константин Гам" uid="392109" lat="60.0755417" lon="30.3123036"/>
 <node id="1379925136" visible="true" version="1" changeset="8880441" timestamp="2011-07-31T12:28:15Z" user="Константин Гам" uid="392109" lat="60.0755962" lon="30.3123608"/>
 <node id="1379925138" visible="true" version="1" changeset="8880441" timestamp="2011-07-31T12:28:15Z" user="Константин Гам" uid="392109" lat="60.0756607" lon="30.3124364"/>
 <node id="1379925139" visible="true" version="1" changeset="8880441" timestamp="2011-07-31T12:28:16Z" user="Константин Гам" uid="392109" lat="60.0756808" lon="30.3131537"/>
 <node id="1379925140" visible="true" version="1" changeset="8880441" timestamp="2011-07-31T12:28:16Z" user="Константин Гам" uid="392109" lat="60.0756984" lon="30.3125943"/>
 <node id="1379925141" visible="true" version="1" changeset="8880441" timestamp="2011-07-31T12:28:16Z" user="Константин Гам" uid="392109" lat="60.0757094" lon="30.3132299"/>
 <node id="1379925143" visible="true" version="1" changeset="8880441" timestamp="2011-07-31T12:28:16Z" user="Константин Гам" uid="392109" lat="60.0757697" lon="30.3132232"/>
 <node id="1379925144" visible="true" version="1" changeset="8880441" timestamp="2011-07-31T12:28:16Z" user="Константин Гам" uid="392109" lat="60.0758006" lon="30.3132044"/>
 <node id="1379925145" visible="true" version="1" changeset="8880441" timestamp="2011-07-31T12:28:16Z" user="Константин Гам" uid="392109" lat="60.0758314" lon="30.3131869"/>
 <node id="1379925146" visible="true" version="1" changeset="8880441" timestamp="2011-07-31T12:28:16Z" user="Константин Гам" uid="392109" lat="60.0758884" lon="30.3131708"/>
 <node id="1379925147" visible="true" version="1" changeset="8880441" timestamp="2011-07-31T12:28:16Z" user="Константин Гам" uid="392109" lat="60.0759172" lon="30.3131936"/>
 <node id="1379925148" visible="true" version="1" changeset="8880441" timestamp="2011-07-31T12:28:16Z" user="Константин Гам" uid="392109" lat="60.0759426" lon="30.3132201"/>
 <node id="1379925149" visible="true" version="1" changeset="8880441" timestamp="2011-07-31T12:28:16Z" user="Константин Гам" uid="392109" lat="60.0759443" lon="30.2951936"/>
 <node id="1379925150" visible="true" version="1" changeset="8880441" timestamp="2011-07-31T12:28:16Z" user="Константин Гам" uid="392109" lat="60.0759470" lon="30.3143039"/>
 <node id="1379925151" visible="true" version="1" changeset="8880441" timestamp="2011-07-31T12:28:16Z" user="Константин Гам" uid="392109" lat="60.0759596" lon="30.3142640"/>
 <node id="1379925152" visible="true" version="1" changeset="8880441" timestamp="2011-07-31T12:28:16Z" user="Константин Гам" uid="392109" lat="60.0759707" lon="30.3132604"/>
 <node id="1379925153" visible="true" version="1" changeset="8880441" timestamp="2011-07-31T12:28:16Z" user="Константин Гам" uid="392109" lat="60.0759861" lon="30.3146079"/>
 <node id="1379925154" visible="true" version="1" changeset="8880441" timestamp="2011-07-31T12:28:16Z" user="Константин Гам" uid="392109" lat="60.0759922" lon="30.3132913"/>
 <node id="1379925155" visible="true" version="1" changeset="8880441" timestamp="2011-07-31T12:28:16Z" user="Константин Гам" uid="392109" lat="60.0759978" lon="30.3142171"/>
 <node id="1379925156" visible="true" version="1" changeset="8880441" timestamp="2011-07-31T12:28:16Z" user="Константин Гам" uid="392109" lat="60.0759982" lon="30.3133262"/>
 <node id="1379925157" visible="true" version="1" changeset="8880441" timestamp="2011-07-31T12:28:16Z" user="Константин Гам" uid="392109" lat="60.0760133" lon="30.3134683"/>
 <node id="1379925158" visible="true" version="1" changeset="8880441" timestamp="2011-07-31T12:28:16Z" user="Константин Гам" uid="392109" lat="60.0760261" lon="30.3135785"/>
 <node id="1379925159" visible="true" version="1" changeset="8880441" timestamp="2011-07-31T12:28:16Z" user="Константин Гам" uid="392109" lat="60.0760276" lon="30.3148323"/>
 <node id="1379925160" visible="true" version="1" changeset="8880441" timestamp="2011-07-31T12:28:16Z" user="Константин Гам" uid="392109" lat="60.0760355" lon="30.3136229"/>
 <node id="1379925161" visible="true" version="1" changeset="8880441" timestamp="2011-07-31T12:28:16Z" user="Константин Гам" uid="392109" lat="60.0760420" lon="30.3141646"/>
 <node id="1379925163" visible="true" version="1" changeset="8880441" timestamp="2011-07-31T12:28:17Z" user="Константин Гам" uid="392109" lat="60.0760529" lon="30.3136766"/>
 <node id="1379925164" visible="true" version="1" changeset="8880441" timestamp="2011-07-31T12:28:17Z" user="Константин Гам" uid="392109" lat="60.0760732" lon="30.3149157"/>
 <node id="1379925165" visible="true" version="1" changeset="8880441" timestamp="2011-07-31T12:28:17Z" user="Константин Гам" uid="392109" lat="60.0760941" lon="30.3156152"/>
 <node id="1379925166" visible="true" version="1" changeset="8880441" timestamp="2011-07-31T12:28:17Z" user="Константин Гам" uid="392109" lat="60.0761054" lon="30.3157485"/>
 <node id="1379925167" visible="true" version="1" changeset="8880441" timestamp="2011-07-31T12:28:17Z" user="Константин Гам" uid="392109" lat="60.0761124" lon="30.3138300"/>
 <node id="1379925168" visible="true" version="1" changeset="8880441" timestamp="2011-07-31T12:28:17Z" user="Константин Гам" uid="392109" lat="60.0761189" lon="30.3153611"/>
 <node id="1379925169" visible="true" version="1" changeset="8880441" timestamp="2011-07-31T12:28:17Z" user="Константин Гам" uid="392109" lat="60.0761226" lon="30.3155302"/>
 <node id="1379925170" visible="true" version="1" changeset="8880441" timestamp="2011-07-31T12:28:17Z" user="Константин Гам" uid="392109" lat="60.0761255" lon="30.3140071"/>
 <node id="1379925171" visible="true" version="1" changeset="8880441" timestamp="2011-07-31T12:28:17Z" user="Константин Гам" uid="392109" lat="60.0761293" lon="30.3152422"/>
 <node id="1379925172" visible="true" version="1" changeset="8880441" timestamp="2011-07-31T12:28:17Z" user="Константин Гам" uid="392109" lat="60.0761379" lon="30.3152138"/>
 <node id="1379925173" visible="true" version="1" changeset="8880441" timestamp="2011-07-31T12:28:17Z" user="Константин Гам" uid="392109" lat="60.0761427" lon="30.3154371"/>
 <node id="1379925174" visible="true" version="1" changeset="8880441" timestamp="2011-07-31T12:28:17Z" user="Константин Гам" uid="392109" lat="60.0761431" lon="30.3157979"/>
 <node id="1379925175" visible="true" version="1" changeset="8880441" timestamp="2011-07-31T12:28:17Z" user="Константин Гам" uid="392109" lat="60.0761651" lon="30.3149466"/>
 <node id="1379925176" visible="true" version="1" changeset="8880441" timestamp="2011-07-31T12:28:17Z" user="Константин Гам" uid="392109" lat="60.0761708" lon="30.3151184"/>
 <node id="1379925177" visible="true" version="1" changeset="8880441" timestamp="2011-07-31T12:28:17Z" user="Константин Гам" uid="392109" lat="60.0761748" lon="30.3150835"/>
 <node id="1379925178" visible="true" version="1" changeset="8880441" timestamp="2011-07-31T12:28:17Z" user="Константин Гам" uid="392109" lat="60.0761838" lon="30.3150124"/>
 <node id="1379925179" visible="true" version="1" changeset="8880441" timestamp="2011-07-31T12:28:17Z" user="Константин Гам" uid="392109" lat="60.0762070" lon="30.3158336"/>
 <node id="1379925180" visible="true" version="1" changeset="8880441" timestamp="2011-07-31T12:28:17Z" user="Константин Гам" uid="392109" lat="60.0763358" lon="30.3158861"/>
 <node id="1379925181" visible="true" version="1" changeset="8880441" timestamp="2011-07-31T12:28:17Z" user="Константин Гам" uid="392109" lat="60.0763424" lon="30.3162561"/>
 <node id="1379925182" visible="true" version="1" changeset="8880441" timestamp="2011-07-31T12:28:17Z" user="Константин Гам" uid="392109" lat="60.0763670" lon="30.3160723"/>
 <node id="1379925183" visible="true" version="1" changeset="8880441" timestamp="2011-07-31T12:28:17Z" user="Константин Гам" uid="392109" lat="60.0763672" lon="30.3159533"/>
 <node id="1379925184" visible="true" version="1" changeset="8880441" timestamp="2011-07-31T12:28:17Z" user="Константин Гам" uid="392109" lat="60.0763686" lon="30.3163447"/>
 <node id="1379925185" visible="true" version="1" changeset="8880441" timestamp="2011-07-31T12:28:17Z" user="Константин Гам" uid="392109" lat="60.0763751" lon="30.3164234"/>
 <node id="1379925187" visible="true" version="1" changeset="8880441" timestamp="2011-07-31T12:28:17Z" user="Константин Гам" uid="392109" lat="60.0764602" lon="30.3165711"/>
 <node id="1379925188" visible="true" version="1" changeset="8880441" timestamp="2011-07-31T12:28:18Z" user="Константин Гам" uid="392109" lat="60.0765175" lon="30.3165711"/>
 <node id="1379925189" visible="true" version="1" changeset="8880441" timestamp="2011-07-31T12:28:18Z" user="Константин Гам" uid="392109" lat="60.0765937" lon="30.3164934"/>
 <node id="1379925190" visible="true" version="1" changeset="8880441" timestamp="2011-07-31T12:28:18Z" user="Константин Гам" uid="392109" lat="60.0766166" lon="30.3047522"/>
 <node id="1379925192" visible="true" version="1" changeset="8880441" timestamp="2011-07-31T12:28:18Z" user="Константин Гам" uid="392109" lat="60.0766304" lon="30.3164514"/>
 <node id="1379925193" visible="true" version="1" changeset="8880441" timestamp="2011-07-31T12:28:18Z" user="Константин Гам" uid="392109" lat="60.0766395" lon="30.3168687"/>
 <node id="1379925194" visible="true" version="1" changeset="8880441" timestamp="2011-07-31T12:28:18Z" user="Константин Гам" uid="392109" lat="60.0766723" lon="30.3169449"/>
 <node id="1379925195" visible="true" version="1" changeset="8880441" timestamp="2011-07-31T12:28:18Z" user="Константин Гам" uid="392109" lat="60.0767050" lon="30.3166220"/>
 <node id="1379925196" visible="true" version="1" changeset="8880441" timestamp="2011-07-31T12:28:18Z" user="Константин Гам" uid="392109" lat="60.0767171" lon="30.3002913"/>
 <node id="1379925197" visible="true" version="1" changeset="8880441" timestamp="2011-07-31T12:28:18Z" user="Константин Гам" uid="392109" lat="60.0767338" lon="30.3181601"/>
 <node id="1379925198" visible="true" version="1" changeset="8880441" timestamp="2011-07-31T12:28:18Z" user="Константин Гам" uid="392109" lat="60.0767521" lon="30.3182389"/>
 <node id="1379925199" visible="true" version="1" changeset="8880441" timestamp="2011-07-31T12:28:18Z" user="Константин Гам" uid="392109" lat="60.0767731" lon="30.3169527"/>
 <node id="1379925200" visible="true" version="1" changeset="8880441" timestamp="2011-07-31T12:28:18Z" user="Константин Гам" uid="392109" lat="60.0767744" lon="30.3178268"/>
 <node id="1379925201" visible="true" version="1" changeset="8880441" timestamp="2011-07-31T12:28:18Z" user="Константин Гам" uid="392109" lat="60.0767862" lon="30.3175223"/>
 <node id="1379925202" visible="true" version="1" changeset="8880441" timestamp="2011-07-31T12:28:18Z" user="Константин Гам" uid="392109" lat="60.0768006" lon="30.3183202"/>
 <node id="1379925203" visible="true" version="1" changeset="8880441" timestamp="2011-07-31T12:28:18Z" user="Константин Гам" uid="392109" lat="60.0768490" lon="30.3173701"/>
 <node id="1379925205" visible="true" version="1" changeset="8880441" timestamp="2011-07-31T12:28:18Z" user="Константин Гам" uid="392109" lat="60.0768687" lon="30.3169868"/>
 <node id="1379925206" visible="true" version="1" changeset="8880441" timestamp="2011-07-31T12:28:18Z" user="Константин Гам" uid="392109" lat="60.0768687" lon="30.3183150"/>
 <node id="1379925207" visible="true" version="1" changeset="8880441" timestamp="2011-07-31T12:28:18Z" user="Константин Гам" uid="392109" lat="60.0768913" lon="30.2955929"/>
 <node id="1379925208" visible="true" version="1" changeset="8880441" timestamp="2011-07-31T12:28:18Z" user="Константин Гам" uid="392109" lat="60.0768922" lon="30.3171575"/>
 <node id="1379925209" visible="true" version="1" changeset="8880441" timestamp="2011-07-31T12:28:18Z" user="Константин Гам" uid="392109" lat="60.0769008" lon="30.3063296"/>
 <node id="1379925210" visible="true" version="1" changeset="8880441" timestamp="2011-07-31T12:28:18Z" user="Константин Гам" uid="392109" lat="60.0769017" lon="30.2972078"/>
 <node id="1379925211" visible="true" version="1" changeset="8880441" timestamp="2011-07-31T12:28:18Z" user="Константин Гам" uid="392109" lat="60.0769368" lon="30.2998974"/>
 <node id="1379925212" visible="true" version="1" changeset="8880441" timestamp="2011-07-31T12:28:19Z" user="Константин Гам" uid="392109" lat="60.0769459" lon="30.3182415"/>
 <node id="1379925213" visible="true" version="1" changeset="8880441" timestamp="2011-07-31T12:28:19Z" user="Константин Гам" uid="392109" lat="60.0769591" lon="30.3016142"/>
 <node id="1379925214" visible="true" version="1" changeset="8880441" timestamp="2011-07-31T12:28:19Z" user="Константин Гам" uid="392109" lat="60.0769641" lon="30.3019446"/>
 <node id="1379925215" visible="true" version="1" changeset="8880441" timestamp="2011-07-31T12:28:19Z" user="Константин Гам" uid="392109" lat="60.0769760" lon="30.3180578"/>
 <node id="1379925216" visible="true" version="1" changeset="8880441" timestamp="2011-07-31T12:28:19Z" user="Константин Гам" uid="392109" lat="60.0769807" lon="30.2955499"/>
 <node id="1379925217" visible="true" version="1" changeset="8880441" timestamp="2011-07-31T12:28:19Z" user="Константин Гам" uid="392109" lat="60.0769901" lon="30.3069290"/>
 <node id="1379925218" visible="true" version="1" changeset="8880441" timestamp="2011-07-31T12:28:19Z" user="Константин Гам" uid="392109" lat="60.0770106" lon="30.3063261"/>
 <node id="1379925219" visible="true" version="1" changeset="8880441" timestamp="2011-07-31T12:28:19Z" user="Константин Гам" uid="392109" lat="60.0770114" lon="30.3031820"/>
 <node id="1379925222" visible="true" version="1" changeset="8880441" timestamp="2011-07-31T12:28:19Z" user="Константин Гам" uid="392109" lat="60.0770428" lon="30.3179423"/>
 <node id="1379925223" visible="true" version="1" changeset="8880441" timestamp="2011-07-31T12:28:19Z" user="Константин Гам" uid="392109" lat="60.0770671" lon="30.2962273"/>
 <node id="1379925225" visible="true" version="1" changeset="8880441" timestamp="2011-07-31T12:28:19Z" user="Константин Гам" uid="392109" lat="60.0771423" lon="30.3177979"/>
 <node id="1379925227" visible="true" version="1" changeset="8880441" timestamp="2011-07-31T12:28:19Z" user="Константин Гам" uid="392109" lat="60.0771982" lon="30.2960671"/>
 <node id="1379925230" visible="true" version="1" changeset="8880441" timestamp="2011-07-31T12:28:19Z" user="Константин Гам" uid="392109" lat="60.0772510" lon="30.3177664"/>
 <node id="1379925231" visible="true" version="1" changeset="8880441" timestamp="2011-07-31T12:28:19Z" user="Константин Гам" uid="392109" lat="60.0772668" lon="30.3063530"/>
 <node id="1379925233" visible="true" version="1" changeset="8880441" timestamp="2011-07-31T12:28:19Z" user="Константин Гам" uid="392109" lat="60.0773033" lon="30.3178582"/>
 <node id="1379925236" visible="true" version="1" changeset="8880441" timestamp="2011-07-31T12:28:20Z" user="Константин Гам" uid="392109" lat="60.0773527" lon="30.3181354"/>
 <node id="1379925237" visible="true" version="1" changeset="8880441" timestamp="2011-07-31T12:28:20Z" user="Константин Гам" uid="392109" lat="60.0773745" lon="30.2951731"/>
 <node id="1379925238" visible="true" version="1" changeset="8880441" timestamp="2011-07-31T12:28:20Z" user="Константин Гам" uid="392109" lat="60.0773842" lon="30.3181940"/>
 <node id="1379925239" visible="true" version="1" changeset="8880441" timestamp="2011-07-31T12:28:20Z" user="Константин Гам" uid="392109" lat="60.0774122" lon="30.3181534"/>
 <node id="1379925240" visible="true" version="1" changeset="8880441" timestamp="2011-07-31T12:28:20Z" user="Константин Гам" uid="392109" lat="60.0774482" lon="30.3084088"/>
 <node id="1379925241" visible="true" version="1" changeset="8880441" timestamp="2011-07-31T12:28:20Z" user="Константин Гам" uid="392109" lat="60.0774823" lon="30.3180150"/>
 <node id="1379925245" visible="true" version="1" changeset="8880441" timestamp="2011-07-31T12:28:20Z" user="Константин Гам" uid="392109" lat="60.0775386" lon="30.3180307"/>
 <node id="1379925246" visible="true" version="2" changeset="47475362" timestamp="2017-04-05T12:52:41Z" user="Сергей-Питер" uid="380755" lat="60.0775867" lon="30.3180732"/>
 <node id="1379925247" visible="true" version="1" changeset="8880441" timestamp="2011-07-31T12:28:20Z" user="Константин Гам" uid="392109" lat="60.0776328" lon="30.2965332"/>
 <node id="1379925248" visible="true" version="2" changeset="47475362" timestamp="2017-04-05T12:52:41Z" user="Сергей-Питер" uid="380755" lat="60.0776476" lon="30.3181326"/>
 <node id="1379925249" visible="true" version="1" changeset="8880441" timestamp="2011-07-31T12:28:20Z" user="Константин Гам" uid="392109" lat="60.0776495" lon="30.3064680"/>
 <node id="1379925252" visible="true" version="1" changeset="8880441" timestamp="2011-07-31T12:28:20Z" user="Константин Гам" uid="392109" lat="60.0777007" lon="30.3096540"/>
 <node id="1379925253" visible="true" version="2" changeset="47475362" timestamp="2017-04-05T12:52:41Z" user="Сергей-Питер" uid="380755" lat="60.0777127" lon="30.3182073"/>
 <node id="1379925255" visible="true" version="2" changeset="9950108" timestamp="2011-11-25T23:50:36Z" user="Danidin9" uid="395588" lat="60.0778341" lon="30.3062888"/>
 <node id="1379925258" visible="true" version="1" changeset="8880441" timestamp="2011-07-31T12:28:21Z" user="Константин Гам" uid="392109" lat="60.0779045" lon="30.3110238"/>
 <node id="1379925259" visible="true" version="1" changeset="8880441" timestamp="2011-07-31T12:28:21Z" user="Константин Гам" uid="392109" lat="60.0779198" lon="30.3062576"/>
 <node id="1379925260" visible="true" version="2" changeset="47475362" timestamp="2017-04-05T12:52:41Z" user="Сергей-Питер" uid="380755" lat="60.0777969" lon="30.3182629"/>
 <node id="1379925262" visible="true" version="1" changeset="8880441" timestamp="2011-07-31T12:28:21Z" user="Константин Гам" uid="392109" lat="60.0779444" lon="30.3114243"/>
 <node id="1379925264" visible="true" version="2" changeset="159321477" timestamp="2024-11-19T12:00:11Z" user="asdfwqer" uid="20626553" lat="60.0779978" lon="30.2974651"/>
 <node id="1379925266" visible="true" version="1" changeset="8880441" timestamp="2011-07-31T12:28:21Z" user="Константин Гам" uid="392109" lat="60.0780604" lon="30.3056424"/>
 <node id="1379925267" visible="true" version="2" changeset="47475362" timestamp="2017-04-05T12:52:41Z" user="Сергей-Питер" uid="380755" lat="60.0778721" lon="30.3184251"/>
 <node id="1379925268" visible="true" version="1" changeset="8880441" timestamp="2011-07-31T12:28:21Z" user="Константин Гам" uid="392109" lat="60.0781192" lon="30.3062422"/>
 <node id="1379925269" visible="true" version="1" changeset="8880441" timestamp="2011-07-31T12:28:21Z" user="Константин Гам" uid="392109" lat="60.0781569" lon="30.3050772"/>
 <node id="1379925271" visible="true" version="3" changeset="47475362" timestamp="2017-04-05T12:52:41Z" user="Сергей-Питер" uid="380755" lat="60.0779939" lon="30.3186001"/>
 <node id="1379925272" visible="true" version="1" changeset="8880441" timestamp="2011-07-31T12:28:21Z" user="Константин Гам" uid="392109" lat="60.0782049" lon="30.3046991"/>
 <node id="1379925273" visible="true" version="3" changeset="47475362" timestamp="2017-04-05T12:52:41Z" user="Сергей-Питер" uid="380755" lat="60.0781108" lon="30.3187042"/>
 <node id="1379925274" visible="true" version="1" changeset="8880441" timestamp="2011-07-31T12:28:21Z" user="Константин Гам" uid="392109" lat="60.0782511" lon="30.3139275"/>
 <node id="1379925275" visible="true" version="2" changeset="47475362" timestamp="2017-04-05T12:52:41Z" user="Сергей-Питер" uid="380755" lat="60.0782242" lon="30.3188131"/>
 <node id="1379925276" visible="true" version="1" changeset="8880441" timestamp="2011-07-31T12:28:21Z" user="Константин Гам" uid="392109" lat="60.0782560" lon="30.3041864"/>
 <node id="1379925277" visible="true" version="1" changeset="8880441" timestamp="2011-07-31T12:28:21Z" user="Константин Гам" uid="392109" lat="60.0782854" lon="30.3038036"/>
 <node id="1379925278" visible="true" version="1" changeset="8880441" timestamp="2011-07-31T12:28:21Z" user="Константин Гам" uid="392109" lat="60.0783236" lon="30.3060595"/>
 <node id="1379925279" visible="true" version="1" changeset="8880441" timestamp="2011-07-31T12:28:21Z" user="Константин Гам" uid="392109" lat="60.0783289" lon="30.3030859"/>
 <node id="1379925280" visible="true" version="2" changeset="128254788" timestamp="2022-10-30T16:34:52Z" user="Ser9ei" uid="10524327" lat="60.0784198" lon="30.3024315"/>
 <node id="1379925282" visible="true" version="2" changeset="128254788" timestamp="2022-10-30T16:34:52Z" user="Ser9ei" uid="10524327" lat="60.0783605" lon="30.3024084"/>
 <node id="1379925283" visible="true" version="1" changeset="8880441" timestamp="2011-07-31T12:28:22Z" user="Константин Гам" uid="392109" lat="60.0784030" lon="30.3017069"/>
 <node id="1379925285" visible="true" version="1" changeset="8880441" timestamp="2011-07-31T12:28:22Z" user="Константин Гам" uid="392109" lat="60.0784379" lon="30.3012919"/>
 <node id="1379925288" visible="true" version="1" changeset="8880441" timestamp="2011-07-31T12:28:22Z" user="Константин Гам" uid="392109" lat="60.0784490" lon="30.3059468"/>
 <node id="1379925289" visible="true" version="2" changeset="47475362" timestamp="2017-04-05T12:52:41Z" user="Сергей-Питер" uid="380755" lat="60.0783679" lon="30.3188320"/>
 <node id="1379925290" visible="true" version="1" changeset="8880441" timestamp="2011-07-31T12:28:22Z" user="Константин Гам" uid="392109" lat="60.0784858" lon="30.3007472"/>
 <node id="1379925291" visible="true" version="1" changeset="8880441" timestamp="2011-07-31T12:28:22Z" user="Константин Гам" uid="392109" lat="60.0785341" lon="30.3161957"/>
 <node id="1379925292" visible="true" version="2" changeset="159321477" timestamp="2024-11-19T12:00:11Z" user="asdfwqer" uid="20626553" lat="60.0784629" lon="30.2988268"/>
 <node id="1379925294" visible="true" version="2" changeset="159321477" timestamp="2024-11-19T12:00:11Z" user="asdfwqer" uid="20626553" lat="60.0785371" lon="30.2998116"/>
 <node id="1379925295" visible="true" version="2" changeset="47475362" timestamp="2017-04-05T12:52:41Z" user="Сергей-Питер" uid="380755" lat="60.0785356" lon="30.3188570"/>
 <node id="1379925297" visible="true" version="2" changeset="159321477" timestamp="2024-11-19T12:00:11Z" user="asdfwqer" uid="20626553" lat="60.0785574" lon="30.2992410"/>
 <node id="1379925303" visible="true" version="2" changeset="47475362" timestamp="2017-04-05T12:52:41Z" user="Сергей-Питер" uid="380755" lat="60.0786465" lon="30.3188904"/>
 <node id="1379925309" visible="true" version="1" changeset="8880441" timestamp="2011-07-31T12:28:23Z" user="Константин Гам" uid="392109" lat="60.0787533" lon="30.3055879"/>
 <node id="1379925312" visible="true" version="1" changeset="8880441" timestamp="2011-07-31T12:28:23Z" user="Константин Гам" uid="392109" lat="60.0787891" lon="30.3055418"/>
 <node id="1379925316" visible="true" version="2" changeset="47475362" timestamp="2017-04-05T12:52:41Z" user="Сергей-Питер" uid="380755" lat="60.0787101" lon="30.3176201"/>
 <node id="1379925318" visible="true" version="1" changeset="8880441" timestamp="2011-07-31T12:28:23Z" user="Константин Гам" uid="392109" lat="60.0788351" lon="30.3055213"/>
 <node id="1379925319" visible="true" version="2" changeset="47475362" timestamp="2017-04-05T12:52:41Z" user="Сергей-Питер" uid="380755" lat="60.0787533" lon="30.3180313"/>
 <node id="1379925331" visible="true" version="2" changeset="17239757" timestamp="2013-08-06T11:10:25Z" user="paavolobja" uid="386821" lat="60.0788472" lon="30.2922710"/>
 <node id="1379925332" visible="true" version="1" changeset="8880441" timestamp="2011-07-31T12:28:24Z" user="Константин Гам" uid="392109" lat="60.0788888" lon="30.3055110"/>
 <node id="1379925340" visible="true" version="2" changeset="163611140" timestamp="2025-03-14T13:48:43Z" user="MosKartograf" uid="382604" lat="60.0790955" lon="30.2903541"/>
 <node id="1379925357" visible="true" version="1" changeset="8880441" timestamp="2011-07-31T12:28:25Z" user="Константин Гам" uid="392109" lat="60.0797474" lon="30.3058859"/>
 <node id="1379925388" visible="true" version="4" changeset="17239757" timestamp="2013-08-06T11:10:25Z" user="paavolobja" uid="386821" lat="60.0804075" lon="30.3056682"/>
 <node id="1379925391" visible="true" version="6" changeset="118442787" timestamp="2022-03-13T19:16:58Z" user="Pavel239" uid="354001" lat="60.0803305" lon="30.3061016"/>
 <node id="1379925413" visible="true" version="4" changeset="17239757" timestamp="2013-08-06T11:10:25Z" user="paavolobja" uid="386821" lat="60.0808943" lon="30.3058635"/>
 <node id="1379925416" visible="true" version="4" changeset="17239757" timestamp="2013-08-06T11:10:25Z" user="paavolobja" uid="386821" lat="60.0809816" lon="30.3061563"/>
 <node id="1379925420" visible="true" version="4" changeset="17239757" timestamp="2013-08-06T11:10:25Z" user="paavolobja" uid="386821" lat="60.0810971" lon="30.3062626"/>
 <node id="1379925426" visible="true" version="4" changeset="17239757" timestamp="2013-08-06T11:10:25Z" user="paavolobja" uid="386821" lat="60.0812160" lon="30.3062850"/>
 <node id="1379925472" visible="true" version="2" changeset="13918765" timestamp="2012-11-18T14:28:14Z" user="paavolobja" uid="386821" lat="60.0812956" lon="30.3063893"/>
 <node id="1401901640" visible="true" version="4" changeset="87468493" timestamp="2020-07-02T19:30:03Z" user="Pavel239" uid="354001" lat="60.0747491" lon="30.2947989"/>
 <node id="1401901646" visible="true" version="2" changeset="154764722" timestamp="2024-08-03T08:57:47Z" user="Andrei Lazarev" uid="10884546" lat="60.0759775" lon="30.3015927"/>
 <node id="1401901649" visible="true" version="2" changeset="154764722" timestamp="2024-08-03T08:57:47Z" user="Andrei Lazarev" uid="10884546" lat="60.0761004" lon="30.3016050"/>
 <node id="1401901651" visible="true" version="1" changeset="9044875" timestamp="2011-08-17T07:25:04Z" user="Константин Гам" uid="392109" lat="60.0761331" lon="30.3016074"/>
 <node id="1401901653" visible="true" version="1" changeset="9044875" timestamp="2011-08-17T07:25:04Z" user="Константин Гам" uid="392109" lat="60.0761823" lon="30.3016210"/>
 <node id="1401901656" visible="true" version="2" changeset="166988261" timestamp="2025-05-30T19:46:19Z" user="Andrei Lazarev" uid="10884546" lat="60.0762467" lon="30.3016343"/>
 <node id="1401901658" visible="true" version="1" changeset="9044875" timestamp="2011-08-17T07:25:04Z" user="Константин Гам" uid="392109" lat="60.0763399" lon="30.3016515"/>
 <node id="1401901660" visible="true" version="1" changeset="9044875" timestamp="2011-08-17T07:25:04Z" user="Константин Гам" uid="392109" lat="60.0764162" lon="30.3016923"/>
 <node id="1401901665" visible="true" version="1" changeset="9044875" timestamp="2011-08-17T07:25:04Z" user="Константин Гам" uid="392109" lat="60.0765517" lon="30.3017976"/>
 <node id="1401901683" visible="true" version="2" changeset="154764722" timestamp="2024-08-03T08:57:47Z" user="Andrei Lazarev" uid="10884546" lat="60.0767396" lon="30.3018634"/>
 <node id="1401901687" visible="true" version="1" changeset="9044875" timestamp="2011-08-17T07:25:04Z" user="Константин Гам" uid="392109" lat="60.0768824" lon="30.3020473"/>
 <node id="1401901689" visible="true" version="2" changeset="154764722" timestamp="2024-08-03T08:57:47Z" user="Andrei Lazarev" uid="10884546" lat="60.0769796" lon="30.3021183"/>
 <node id="1417971516" visible="true" version="3" changeset="13799503" timestamp="2012-11-08T17:03:36Z" user="Danidin9" uid="395588" lat="60.0774566" lon="30.3014216"/>
 <node id="1417971519" visible="true" version="2" changeset="9950108" timestamp="2011-11-25T23:50:36Z" user="Danidin9" uid="395588" lat="60.0775207" lon="30.3005857"/>
 <node id="1417971520" visible="true" version="3" changeset="13799503" timestamp="2012-11-08T17:03:36Z" user="Danidin9" uid="395588" lat="60.0775795" lon="30.3014837"/>
 <node id="1417971523" visible="true" version="3" changeset="13799503" timestamp="2012-11-08T17:03:36Z" user="Danidin9" uid="395588" lat="60.0777221" lon="30.3015457"/>
 <node id="1417971525" visible="true" version="3" changeset="13799503" timestamp="2012-11-08T17:03:36Z" user="Danidin9" uid="395588" lat="60.0778468" lon="30.3017536"/>
 <node id="1417971527" visible="true" version="2" changeset="9950108" timestamp="2011-11-25T23:50:36Z" user="Danidin9" uid="395588" lat="60.0779735" lon="30.3017616"/>
 <node id="1417971529" visible="true" version="2" changeset="9950108" timestamp="2011-11-25T23:50:37Z" user="Danidin9" uid="395588" lat="60.0781202" lon="30.3017616"/>
 <node id="1417971531" visible="true" version="2" changeset="9950108" timestamp="2011-11-25T23:50:37Z" user="Danidin9" uid="395588" lat="60.0781802" lon="30.3017115"/>
 <node id="1435398046" visible="true" version="2" changeset="170093323" timestamp="2025-08-07T08:19:42Z" user="user_23034906" uid="23034906" lat="60.0784503" lon="30.2965933"/>
 <node id="1435398048" visible="true" version="1" changeset="9323770" timestamp="2011-09-17T13:13:54Z" user="userxp" uid="370543" lat="60.0779286" lon="30.2965357"/>
 <node id="1435398049" visible="true" version="1" changeset="9323770" timestamp="2011-09-17T13:13:54Z" user="userxp" uid="370543" lat="60.0777653" lon="30.2965250"/>
 <node id="1435398050" visible="true" version="1" changeset="9323770" timestamp="2011-09-17T13:13:54Z" user="userxp" uid="370543" lat="60.0776568" lon="30.2966940"/>
 <node id="1479499922" visible="true" version="1" changeset="9647837" timestamp="2011-10-24T21:30:19Z" user="smiroshkin" uid="477480" lat="60.0751726" lon="30.2982796"/>
 <node id="1479499925" visible="true" version="1" changeset="9647837" timestamp="2011-10-24T21:30:19Z" user="smiroshkin" uid="477480" lat="60.0753546" lon="30.2988053"/>
 <node id="1479499927" visible="true" version="1" changeset="9647837" timestamp="2011-10-24T21:30:19Z" user="smiroshkin" uid="477480" lat="60.0754938" lon="30.2995885"/>
 <node id="1479499929" visible="true" version="1" changeset="9647837" timestamp="2011-10-24T21:30:19Z" user="smiroshkin" uid="477480" lat="60.0756329" lon="30.3004253"/>
 <node id="1479499931" visible="true" version="2" changeset="13444425" timestamp="2012-10-10T17:49:47Z" user="PavelRus" uid="336663" lat="60.0756818" lon="30.3009139"/>
 <node id="1479499933" visible="true" version="1" changeset="9647837" timestamp="2011-10-24T21:30:19Z" user="smiroshkin" uid="477480" lat="60.0756383" lon="30.3010369"/>
 <node id="1479499935" visible="true" version="1" changeset="9647837" timestamp="2011-10-24T21:30:19Z" user="smiroshkin" uid="477480" lat="60.0755687" lon="30.3011013"/>
 <node id="1479499937" visible="true" version="1" changeset="9647837" timestamp="2011-10-24T21:30:19Z" user="smiroshkin" uid="477480" lat="60.0748408" lon="30.3012729"/>
 <node id="1479499939" visible="true" version="1" changeset="9647837" timestamp="2011-10-24T21:30:19Z" user="smiroshkin" uid="477480" lat="60.0747605" lon="30.3013373"/>
 <node id="1479499941" visible="true" version="1" changeset="9647837" timestamp="2011-10-24T21:30:19Z" user="smiroshkin" uid="477480" lat="60.0746801" lon="30.3017447"/>
 <node id="1517034938" visible="true" version="1" changeset="9949556" timestamp="2011-11-25T22:37:08Z" user="Danidin9" uid="395588" lat="60.0750138" lon="30.3012321"/>
 <node id="1517034940" visible="true" version="1" changeset="9949556" timestamp="2011-11-25T22:37:08Z" user="Danidin9" uid="395588" lat="60.0750998" lon="30.2983371"/>
 <node id="1517034941" visible="true" version="1" changeset="9949556" timestamp="2011-11-25T22:37:08Z" user="Danidin9" uid="395588" lat="60.0751062" lon="30.2981715"/>
 <node id="1517034942" visible="true" version="1" changeset="9949556" timestamp="2011-11-25T22:37:08Z" user="Danidin9" uid="395588" lat="60.0751355" lon="30.2984871"/>
 <node id="1517034943" visible="true" version="2" changeset="170094653" timestamp="2025-08-07T08:54:15Z" user="user_23034906" uid="23034906" lat="60.0751471" lon="30.2982727"/>
 <node id="1517034944" visible="true" version="1" changeset="9949556" timestamp="2011-11-25T22:37:09Z" user="Danidin9" uid="395588" lat="60.0751532" lon="30.2980345"/>
 <node id="1517034945" visible="true" version="1" changeset="9949556" timestamp="2011-11-25T22:37:09Z" user="Danidin9" uid="395588" lat="60.0751820" lon="30.2983558"/>
 <node id="1517034946" visible="true" version="1" changeset="9949556" timestamp="2011-11-25T22:37:09Z" user="Danidin9" uid="395588" lat="60.0752038" lon="30.2985811"/>
 <node id="1517034954" visible="true" version="2" changeset="170094653" timestamp="2025-08-07T08:54:15Z" user="user_23034906" uid="23034906" lat="60.0752130" lon="30.2985058"/>
 <node id="1517034956" visible="true" version="1" changeset="9949556" timestamp="2011-11-25T22:37:09Z" user="Danidin9" uid="395588" lat="60.0752091" lon="30.2984125"/>
 <node id="1517034958" visible="true" version="1" changeset="9949556" timestamp="2011-11-25T22:37:09Z" user="Danidin9" uid="395588" lat="60.0752280" lon="30.2979630"/>
 <node id="1517034961" visible="true" version="1" changeset="9949556" timestamp="2011-11-25T22:37:09Z" user="Danidin9" uid="395588" lat="60.0752467" lon="30.2984344"/>
 <node id="1517034962" visible="true" version="2" changeset="170094653" timestamp="2025-08-07T08:54:15Z" user="user_23034906" uid="23034906" lat="60.0752769" lon="30.2985066"/>
 <node id="1517034964" visible="true" version="1" changeset="9949556" timestamp="2011-11-25T22:37:09Z" user="Danidin9" uid="395588" lat="60.0752847" lon="30.2984156"/>
 <node id="1517034965" visible="true" version="1" changeset="9949556" timestamp="2011-11-25T22:37:09Z" user="Danidin9" uid="395588" lat="60.0752864" lon="30.2985941"/>
 <node id="1517034973" visible="true" version="1" changeset="9949556" timestamp="2011-11-25T22:37:09Z" user="Danidin9" uid="395588" lat="60.0753106" lon="30.2979759"/>
 <node id="1517034975" visible="true" version="1" changeset="9949556" timestamp="2011-11-25T22:37:10Z" user="Danidin9" uid="395588" lat="60.0753130" lon="30.2983612"/>
 <node id="1517034977" visible="true" version="1" changeset="9949556" timestamp="2011-11-25T22:37:10Z" user="Danidin9" uid="395588" lat="60.0753239" lon="30.2982858"/>
 <node id="1517034979" visible="true" version="1" changeset="9949556" timestamp="2011-11-25T22:37:10Z" user="Danidin9" uid="395588" lat="60.0753309" lon="30.2981183"/>
 <node id="1517034981" visible="true" version="1" changeset="9949556" timestamp="2011-11-25T22:37:10Z" user="Danidin9" uid="395588" lat="60.0753420" lon="30.2984533"/>
 <node id="1517034986" visible="true" version="1" changeset="9949556" timestamp="2011-11-25T22:37:10Z" user="Danidin9" uid="395588" lat="60.0753612" lon="30.2985225"/>
 <node id="1517034987" visible="true" version="1" changeset="9949556" timestamp="2011-11-25T22:37:10Z" user="Danidin9" uid="395588" lat="60.0753629" lon="30.2982328"/>
 <node id="1517034988" visible="true" version="1" changeset="9949556" timestamp="2011-11-25T22:37:10Z" user="Danidin9" uid="395588" lat="60.0753685" lon="30.2983612"/>
 <node id="1517034992" visible="true" version="1" changeset="9949556" timestamp="2011-11-25T22:37:10Z" user="Danidin9" uid="395588" lat="60.0753789" lon="30.2980700"/>
 <node id="1517034995" visible="true" version="1" changeset="9949556" timestamp="2011-11-25T22:37:10Z" user="Danidin9" uid="395588" lat="60.0754081" lon="30.2983856"/>
 <node id="1517034996" visible="true" version="1" changeset="9949556" timestamp="2011-11-25T22:37:10Z" user="Danidin9" uid="395588" lat="60.0754146" lon="30.2982200"/>
 <node id="1517129887" visible="true" version="3" changeset="170094653" timestamp="2025-08-07T08:54:15Z" user="user_23034906" uid="23034906" lat="60.0757700" lon="30.3015578"/>
 <node id="1517129895" visible="true" version="2" changeset="170094653" timestamp="2025-08-07T08:54:15Z" user="user_23034906" uid="23034906" lat="60.0757614" lon="30.3017044"/>
 <node id="1517129897" visible="true" version="2" changeset="170094653" timestamp="2025-08-07T08:54:15Z" user="user_23034906" uid="23034906" lat="60.0758315" lon="30.3013852"/>
 <node id="1517129899" visible="true" version="2" changeset="170094653" timestamp="2025-08-07T08:54:15Z" user="user_23034906" uid="23034906" lat="60.0758017" lon="30.3018096"/>
 <node id="1517129903" visible="true" version="1" changeset="9950108" timestamp="2011-11-25T23:49:53Z" user="Danidin9" uid="395588" lat="60.0758385" lon="30.3013171"/>
 <node id="1517129904" visible="true" version="3" changeset="170094653" timestamp="2025-08-07T08:54:15Z" user="user_23034906" uid="23034906" lat="60.0758980" lon="30.3018717"/>
 <node id="1517129906" visible="true" version="1" changeset="9950108" timestamp="2011-11-25T23:49:53Z" user="Danidin9" uid="395588" lat="60.0767966" lon="30.3005134"/>
 <node id="1517129907" visible="true" version="1" changeset="9950108" timestamp="2011-11-25T23:49:53Z" user="Danidin9" uid="395588" lat="60.0768025" lon="30.3003234"/>
 <node id="1517129909" visible="true" version="1" changeset="9950108" timestamp="2011-11-25T23:49:53Z" user="Danidin9" uid="395588" lat="60.0769299" lon="30.2973123"/>
 <node id="1517129916" visible="true" version="1" changeset="9950108" timestamp="2011-11-25T23:49:53Z" user="Danidin9" uid="395588" lat="60.0769684" lon="30.3011905"/>
 <node id="1517129927" visible="true" version="1" changeset="9950108" timestamp="2011-11-25T23:49:54Z" user="Danidin9" uid="395588" lat="60.0769879" lon="30.3052208"/>
 <node id="1517129930" visible="true" version="2" changeset="13799503" timestamp="2012-11-08T17:03:36Z" user="Danidin9" uid="395588" lat="60.0769627" lon="30.2977636"/>
 <node id="1517129934" visible="true" version="1" changeset="9950108" timestamp="2011-11-25T23:49:54Z" user="Danidin9" uid="395588" lat="60.0770188" lon="30.2997948"/>
 <node id="1517129936" visible="true" version="2" changeset="13799503" timestamp="2012-11-08T17:03:36Z" user="Danidin9" uid="395588" lat="60.0769681" lon="30.2982109"/>
 <node id="1517129939" visible="true" version="1" changeset="9950108" timestamp="2011-11-25T23:49:54Z" user="Danidin9" uid="395588" lat="60.0770395" lon="30.2994207"/>
 <node id="1517129958" visible="true" version="1" changeset="9950108" timestamp="2011-11-25T23:49:54Z" user="Danidin9" uid="395588" lat="60.0770810" lon="30.2966472"/>
 <node id="1517129961" visible="true" version="1" changeset="9950108" timestamp="2011-11-25T23:49:54Z" user="Danidin9" uid="395588" lat="60.0770840" lon="30.3020219"/>
 <node id="1517129964" visible="true" version="1" changeset="9950108" timestamp="2011-11-25T23:49:54Z" user="Danidin9" uid="395588" lat="60.0770958" lon="30.3030493"/>
 <node id="1517129966" visible="true" version="1" changeset="9950108" timestamp="2011-11-25T23:49:54Z" user="Danidin9" uid="395588" lat="60.0771047" lon="30.2963205"/>
 <node id="1517129986" visible="true" version="1" changeset="9950108" timestamp="2011-11-25T23:49:55Z" user="Danidin9" uid="395588" lat="60.0771462" lon="30.3026989"/>
 <node id="1517129998" visible="true" version="1" changeset="9950108" timestamp="2011-11-25T23:49:55Z" user="Danidin9" uid="395588" lat="60.0771925" lon="30.3054791"/>
 <node id="1517130006" visible="true" version="3" changeset="27576774" timestamp="2014-12-19T19:49:17Z" user="AKuzmin" uid="1762329" lat="60.0773025" lon="30.3015094"/>
 <node id="1517130012" visible="true" version="3" changeset="27576774" timestamp="2014-12-19T19:49:17Z" user="AKuzmin" uid="1762329" lat="60.0773221" lon="30.3011417"/>
 <node id="1517130046" visible="true" version="3" changeset="27576774" timestamp="2014-12-19T19:49:17Z" user="AKuzmin" uid="1762329" lat="60.0774022" lon="30.3011591"/>
 <node id="1517130069" visible="true" version="1" changeset="9950108" timestamp="2011-11-25T23:49:56Z" user="Danidin9" uid="395588" lat="60.0775917" lon="30.2966798"/>
 <node id="1517130085" visible="true" version="1" changeset="9950108" timestamp="2011-11-25T23:49:56Z" user="Danidin9" uid="395588" lat="60.0777717" lon="30.2970972"/>
 <node id="1517130129" visible="true" version="1" changeset="9950108" timestamp="2011-11-25T23:49:57Z" user="Danidin9" uid="395588" lat="60.0779451" lon="30.3056783"/>
 <node id="1517130185" visible="true" version="1" changeset="9950108" timestamp="2011-11-25T23:49:58Z" user="Danidin9" uid="395588" lat="60.0780961" lon="30.3047925"/>
 <node id="1517130192" visible="true" version="1" changeset="9950108" timestamp="2011-11-25T23:49:58Z" user="Danidin9" uid="395588" lat="60.0781828" lon="30.3036545"/>
 <node id="1517130194" visible="true" version="1" changeset="9950108" timestamp="2011-11-25T23:49:58Z" user="Danidin9" uid="395588" lat="60.0782108" lon="30.3016869"/>
 <node id="1517130197" visible="true" version="1" changeset="9950108" timestamp="2011-11-25T23:49:58Z" user="Danidin9" uid="395588" lat="60.0782113" lon="30.3031717"/>
 <node id="1517130199" visible="true" version="1" changeset="9950108" timestamp="2011-11-25T23:49:58Z" user="Danidin9" uid="395588" lat="60.0782332" lon="30.3028025"/>
 <node id="1517130202" visible="true" version="1" changeset="9950108" timestamp="2011-11-25T23:49:58Z" user="Danidin9" uid="395588" lat="60.0782415" lon="30.3009189"/>
 <node id="1517130211" visible="true" version="1" changeset="9950108" timestamp="2011-11-25T23:49:58Z" user="Danidin9" uid="395588" lat="60.0782891" lon="30.3017037"/>
 <node id="1517130212" visible="true" version="1" changeset="9950108" timestamp="2011-11-25T23:49:58Z" user="Danidin9" uid="395588" lat="60.0782947" lon="30.3009245"/>
 <node id="1517130214" visible="true" version="3" changeset="27576727" timestamp="2014-12-19T19:46:35Z" user="AKuzmin" uid="1762329" lat="60.0783190" lon="30.3003022"/>
 <node id="1517130222" visible="true" version="1" changeset="9950108" timestamp="2011-11-25T23:49:59Z" user="Danidin9" uid="395588" lat="60.0783618" lon="30.3003359"/>
 <node id="1517130226" visible="true" version="1" changeset="9950108" timestamp="2011-11-25T23:49:59Z" user="Danidin9" uid="395588" lat="60.0783781" lon="30.2988459"/>
 <node id="1517130241" visible="true" version="1" changeset="9950108" timestamp="2011-11-25T23:49:59Z" user="Danidin9" uid="395588" lat="60.0784429" lon="30.2998482"/>
 <node id="1517130246" visible="true" version="1" changeset="9950108" timestamp="2011-11-25T23:49:59Z" user="Danidin9" uid="395588" lat="60.0784769" lon="30.2993771"/>
 <node id="1517130247" visible="true" version="1" changeset="9950108" timestamp="2011-11-25T23:49:59Z" user="Danidin9" uid="395588" lat="60.0785151" lon="30.3004233"/>
 <node id="1782848426" visible="true" version="1" changeset="11857324" timestamp="2012-06-10T18:00:57Z" user="userxp" uid="370543" lat="60.0759690" lon="30.2969883"/>
 <node id="1782848428" visible="true" version="1" changeset="11857324" timestamp="2012-06-10T18:00:57Z" user="userxp" uid="370543" lat="60.0761644" lon="30.2965216"/>
 <node id="1782848431" visible="true" version="1" changeset="11857324" timestamp="2012-06-10T18:00:57Z" user="userxp" uid="370543" lat="60.0756108" lon="30.2976911"/>
 <node id="1782848435" visible="true" version="1" changeset="11857324" timestamp="2012-06-10T18:00:58Z" user="userxp" uid="370543" lat="60.0757844" lon="30.2972190"/>
 <node id="1859163208" visible="true" version="1" changeset="12671837" timestamp="2012-08-09T18:24:09Z" user="sabadash" uid="764472" lat="60.0756856" lon="30.3008873"/>
 <node id="1859163214" visible="true" version="2" changeset="154764722" timestamp="2024-08-03T08:57:47Z" user="Andrei Lazarev" uid="10884546" lat="60.0761652" lon="30.3013348"/>
 <node id="1859163221" visible="true" version="2" changeset="154764722" timestamp="2024-08-03T08:57:47Z" user="Andrei Lazarev" uid="10884546" lat="60.0760332" lon="30.3015865"/>
 <node id="1859163252" visible="true" version="3" changeset="154764722" timestamp="2024-08-03T08:57:47Z" user="Andrei Lazarev" uid="10884546" lat="60.0758557" lon="30.3016958"/>
 <node id="1859163364" visible="true" version="1" changeset="12671837" timestamp="2012-08-09T18:24:12Z" user="sabadash" uid="764472" lat="60.0756117" lon="30.3003013"/>
 <node id="1859163367" visible="true" version="1" changeset="12671837" timestamp="2012-08-09T18:24:12Z" user="sabadash" uid="764472" lat="60.0753770" lon="30.3003155"/>
 <node id="1859163369" visible="true" version="1" changeset="12671837" timestamp="2012-08-09T18:24:12Z" user="sabadash" uid="764472" lat="60.0752807" lon="30.3003584"/>
 <node id="1859163371" visible="true" version="1" changeset="12671837" timestamp="2012-08-09T18:24:12Z" user="sabadash" uid="764472" lat="60.0750586" lon="30.3007017"/>
 <node id="1859163375" visible="true" version="1" changeset="12671837" timestamp="2012-08-09T18:24:12Z" user="sabadash" uid="764472" lat="60.0747749" lon="30.3008037"/>
 <node id="1859163376" visible="true" version="1" changeset="12671837" timestamp="2012-08-09T18:24:12Z" user="sabadash" uid="764472" lat="60.0745181" lon="30.3008838"/>
 <node id="1859163587" visible="true" version="1" changeset="12671837" timestamp="2012-08-09T18:24:15Z" user="sabadash" uid="764472" lat="60.0780502" lon="30.2977214"/>
 <node id="1870563525" visible="true" version="1" changeset="12766953" timestamp="2012-08-17T20:31:26Z" user="BoomEngine" uid="288925" lat="60.0694433" lon="30.2975873"/>
 <node id="1870563537" visible="true" version="1" changeset="12766953" timestamp="2012-08-17T20:31:27Z" user="BoomEngine" uid="288925" lat="60.0695114" lon="30.2976215"/>
 <node id="1870564144" visible="true" version="1" changeset="12766953" timestamp="2012-08-17T20:31:35Z" user="BoomEngine" uid="288925" lat="60.0718841" lon="30.2978361"/>
 <node id="1870564178" visible="true" version="1" changeset="12766953" timestamp="2012-08-17T20:31:36Z" user="BoomEngine" uid="288925" lat="60.0720544" lon="30.2974074"/>
 <node id="1957103112" visible="true" version="3" changeset="159321477" timestamp="2024-11-19T12:00:11Z" user="asdfwqer" uid="20626553" lat="60.0782613" lon="30.2966880">
  <tag k="barrier" v="block"/>
 </node>
 <node id="2002913136" visible="true" version="2" changeset="27576727" timestamp="2014-12-19T19:46:35Z" user="AKuzmin" uid="1762329" lat="60.0769753" lon="30.2980468"/>
 <node id="2002913138" visible="true" version="2" changeset="27576727" timestamp="2014-12-19T19:46:35Z" user="AKuzmin" uid="1762329" lat="60.0770021" lon="30.2978744"/>
 <node id="2002913140" visible="true" version="2" changeset="27576727" timestamp="2014-12-19T19:46:35Z" user="AKuzmin" uid="1762329" lat="60.0770468" lon="30.2980914"/>
 <node id="2002913141" visible="true" version="2" changeset="128254734" timestamp="2022-10-30T16:33:16Z" user="Ser9ei" uid="10524327" lat="60.0771391" lon="30.3003634"/>
 <node id="2002913142" visible="true" version="2" changeset="27576727" timestamp="2014-12-19T19:46:35Z" user="AKuzmin" uid="1762329" lat="60.0770736" lon="30.2979190"/>
 <node id="2002913145" visible="true" version="1" changeset="13799503" timestamp="2012-11-08T17:03:26Z" user="Danidin9" uid="395588" lat="60.0770814" lon="30.2989096"/>
 <node id="2002913146" visible="true" version="1" changeset="13799503" timestamp="2012-11-08T17:03:26Z" user="Danidin9" uid="395588" lat="60.0770870" lon="30.3013475"/>
 <node id="2002913150" visible="true" version="1" changeset="13799503" timestamp="2012-11-08T17:03:26Z" user="Danidin9" uid="395588" lat="60.0770983" lon="30.2994182"/>
 <node id="2002913152" visible="true" version="1" changeset="13799503" timestamp="2012-11-08T17:03:26Z" user="Danidin9" uid="395588" lat="60.0771068" lon="30.3014577"/>
 <node id="2002913157" visible="true" version="1" changeset="13799503" timestamp="2012-11-08T17:03:26Z" user="Danidin9" uid="395588" lat="60.0771589" lon="30.2988220"/>
 <node id="2002913162" visible="true" version="1" changeset="13799503" timestamp="2012-11-08T17:03:26Z" user="Danidin9" uid="395588" lat="60.0771699" lon="30.2992158">
  <tag k="natural" v="tree"/>
 </node>
 <node id="2002913164" visible="true" version="1" changeset="13799503" timestamp="2012-11-08T17:03:26Z" user="Danidin9" uid="395588" lat="60.0771702" lon="30.2997008"/>
 <node id="2002913165" visible="true" version="1" changeset="13799503" timestamp="2012-11-08T17:03:26Z" user="Danidin9" uid="395588" lat="60.0771737" lon="30.2983388"/>
 <node id="2002913167" visible="true" version="1" changeset="13799503" timestamp="2012-11-08T17:03:26Z" user="Danidin9" uid="395588" lat="60.0771843" lon="30.3014747"/>
 <node id="2002913168" visible="true" version="2" changeset="159321477" timestamp="2024-11-19T12:00:11Z" user="asdfwqer" uid="20626553" lat="60.0771646" lon="30.2989363"/>
 <node id="2002913169" visible="true" version="1" changeset="13799503" timestamp="2012-11-08T17:03:26Z" user="Danidin9" uid="395588" lat="60.0771998" lon="30.2986214"/>
 <node id="2002913171" visible="true" version="2" changeset="159321477" timestamp="2024-11-19T12:00:11Z" user="asdfwqer" uid="20626553" lat="60.0771675" lon="30.2989834"/>
 <node id="2002913174" visible="true" version="2" changeset="159321477" timestamp="2024-11-19T12:00:11Z" user="asdfwqer" uid="20626553" lat="60.0771709" lon="30.2988906"/>
 <node id="2002913178" visible="true" version="2" changeset="159321477" timestamp="2024-11-19T12:00:11Z" user="asdfwqer" uid="20626553" lat="60.0771791" lon="30.2990248"/>
 <node id="2002913180" visible="true" version="2" changeset="159321477" timestamp="2024-11-19T12:00:11Z" user="asdfwqer" uid="20626553" lat="60.0771854" lon="30.2988531"/>
 <node id="2002913181" visible="true" version="2" changeset="159321477" timestamp="2024-11-19T12:00:11Z" user="asdfwqer" uid="20626553" lat="60.0771978" lon="30.2990539"/>
 <node id="2002913182" visible="true" version="2" changeset="159321477" timestamp="2024-11-19T12:00:11Z" user="asdfwqer" uid="20626553" lat="60.0772061" lon="30.2988298"/>
 <node id="2002913184" visible="true" version="1" changeset="13799503" timestamp="2012-11-08T17:03:27Z" user="Danidin9" uid="395588" lat="60.0772407" lon="30.3011582"/>
 <node id="2002913185" visible="true" version="1" changeset="13799503" timestamp="2012-11-08T17:03:27Z" user="Danidin9" uid="395588" lat="60.0772421" lon="30.3012416"/>
 <node id="2002913187" visible="true" version="1" changeset="13799503" timestamp="2012-11-08T17:03:27Z" user="Danidin9" uid="395588" lat="60.0772428" lon="30.2978218"/>
 <node id="2002913188" visible="true" version="1" changeset="13799503" timestamp="2012-11-08T17:03:27Z" user="Danidin9" uid="395588" lat="60.0772434" lon="30.3012762"/>
 <node id="2002913190" visible="true" version="1" changeset="13799503" timestamp="2012-11-08T17:03:27Z" user="Danidin9" uid="395588" lat="60.0772475" lon="30.3012086"/>
 <node id="2002913191" visible="true" version="1" changeset="13799503" timestamp="2012-11-08T17:03:27Z" user="Danidin9" uid="395588" lat="60.0772513" lon="30.3013071"/>
 <node id="2002913193" visible="true" version="3" changeset="159321477" timestamp="2024-11-19T12:00:11Z" user="asdfwqer" uid="20626553" lat="60.0772262" lon="30.2990583"/>
 <node id="2002913194" visible="true" version="1" changeset="13799503" timestamp="2012-11-08T17:03:27Z" user="Danidin9" uid="395588" lat="60.0772548" lon="30.2996782"/>
 <node id="2002913197" visible="true" version="1" changeset="13799503" timestamp="2012-11-08T17:03:27Z" user="Danidin9" uid="395588" lat="60.0772587" lon="30.3011823"/>
 <node id="2002913200" visible="true" version="3" changeset="159321477" timestamp="2024-11-19T12:00:11Z" user="asdfwqer" uid="20626553" lat="60.0772346" lon="30.2988342"/>
 <node id="2002913201" visible="true" version="1" changeset="13799503" timestamp="2012-11-08T17:03:27Z" user="Danidin9" uid="395588" lat="60.0772644" lon="30.3013297"/>
 <node id="2002913202" visible="true" version="1" changeset="13799503" timestamp="2012-11-08T17:03:27Z" user="Danidin9" uid="395588" lat="60.0772741" lon="30.3011665"/>
 <node id="2002913204" visible="true" version="2" changeset="27576774" timestamp="2014-12-19T19:49:17Z" user="AKuzmin" uid="1762329" lat="60.0772801" lon="30.3014129"/>
 <node id="2002913205" visible="true" version="2" changeset="27576774" timestamp="2014-12-19T19:49:17Z" user="AKuzmin" uid="1762329" lat="60.0772849" lon="30.3013348"/>
 <node id="2002913209" visible="true" version="1" changeset="13799503" timestamp="2012-11-08T17:03:27Z" user="Danidin9" uid="395588" lat="60.0772935" lon="30.2979800"/>
 <node id="2002913211" visible="true" version="1" changeset="13799503" timestamp="2012-11-08T17:03:27Z" user="Danidin9" uid="395588" lat="60.0772942" lon="30.3015425"/>
 <node id="2002913214" visible="true" version="1" changeset="13799503" timestamp="2012-11-08T17:03:27Z" user="Danidin9" uid="395588" lat="60.0773013" lon="30.2999155"/>
 <node id="2002913215" visible="true" version="1" changeset="13799503" timestamp="2012-11-08T17:03:27Z" user="Danidin9" uid="395588" lat="60.0773027" lon="30.2997205"/>
 <node id="2002913218" visible="true" version="2" changeset="27576774" timestamp="2014-12-19T19:49:17Z" user="AKuzmin" uid="1762329" lat="60.0773081" lon="30.3014199"/>
 <node id="2002913219" visible="true" version="1" changeset="13799503" timestamp="2012-11-08T17:03:27Z" user="Danidin9" uid="395588" lat="60.0773076" lon="30.2982173"/>
 <node id="2002913221" visible="true" version="1" changeset="13799503" timestamp="2012-11-08T17:03:27Z" user="Danidin9" uid="395588" lat="60.0773104" lon="30.2977426"/>
 <node id="2002913222" visible="true" version="2" changeset="27576774" timestamp="2014-12-19T19:49:17Z" user="AKuzmin" uid="1762329" lat="60.0773202" lon="30.3011761"/>
 <node id="2002913223" visible="true" version="1" changeset="13799503" timestamp="2012-11-08T17:03:27Z" user="Danidin9" uid="395588" lat="60.0773309" lon="30.3011187"/>
 <node id="2002913225" visible="true" version="3" changeset="159321477" timestamp="2024-11-19T12:00:11Z" user="asdfwqer" uid="20626553" lat="60.0773053" lon="30.2985298"/>
 <node id="2002913226" visible="true" version="1" changeset="13799503" timestamp="2012-11-08T17:03:27Z" user="Danidin9" uid="395588" lat="60.0773428" lon="30.2980704"/>
 <node id="2002913227" visible="true" version="2" changeset="27576774" timestamp="2014-12-19T19:49:17Z" user="AKuzmin" uid="1762329" lat="60.0773440" lon="30.3015197"/>
 <node id="2002913229" visible="true" version="3" changeset="159321477" timestamp="2024-11-19T12:00:11Z" user="asdfwqer" uid="20626553" lat="60.0773332" lon="30.2995688"/>
 <node id="2002913230" visible="true" version="2" changeset="159321477" timestamp="2024-11-19T12:00:11Z" user="asdfwqer" uid="20626553" lat="60.0773312" lon="30.2996217"/>
 <node id="2002913232" visible="true" version="2" changeset="159321477" timestamp="2024-11-19T12:00:11Z" user="asdfwqer" uid="20626553" lat="60.0773420" lon="30.2996602"/>
 <node id="2002913233" visible="true" version="1" changeset="13799503" timestamp="2012-11-08T17:03:27Z" user="Danidin9" uid="395588" lat="60.0773767" lon="30.2976381"/>
 <node id="2002913235" visible="true" version="2" changeset="27576774" timestamp="2014-12-19T19:49:17Z" user="AKuzmin" uid="1762329" lat="60.0773822" lon="30.3015281"/>
 <node id="2002913239" visible="true" version="2" changeset="159321477" timestamp="2024-11-19T12:00:11Z" user="asdfwqer" uid="20626553" lat="60.0773594" lon="30.2996876"/>
 <node id="2002913240" visible="true" version="1" changeset="13799503" timestamp="2012-11-08T17:03:27Z" user="Danidin9" uid="395588" lat="60.0773929" lon="30.3015651"/>
 <node id="2002913241" visible="true" version="1" changeset="13799503" timestamp="2012-11-08T17:03:27Z" user="Danidin9" uid="395588" lat="60.0773971" lon="30.3014182"/>
 <node id="2002913243" visible="true" version="2" changeset="159321477" timestamp="2024-11-19T12:00:11Z" user="asdfwqer" uid="20626553" lat="60.0773805" lon="30.2996996"/>
 <node id="2002913244" visible="true" version="1" changeset="13799503" timestamp="2012-11-08T17:03:27Z" user="Danidin9" uid="395588" lat="60.0774126" lon="30.3012006"/>
 <node id="2002913246" visible="true" version="1" changeset="13799503" timestamp="2012-11-08T17:03:27Z" user="Danidin9" uid="395588" lat="60.0774168" lon="30.3011413"/>
 <node id="2002913247" visible="true" version="3" changeset="159321477" timestamp="2024-11-19T12:00:11Z" user="asdfwqer" uid="20626553" lat="60.0773990" lon="30.2983352"/>
 <node id="2002913248" visible="true" version="2" changeset="159321477" timestamp="2024-11-19T12:00:11Z" user="asdfwqer" uid="20626553" lat="60.0774025" lon="30.2996944"/>
 <node id="2002913250" visible="true" version="3" changeset="159321477" timestamp="2024-11-19T12:00:11Z" user="asdfwqer" uid="20626553" lat="60.0774121" lon="30.2979970"/>
 <node id="2002913251" visible="true" version="2" changeset="159321477" timestamp="2024-11-19T12:00:11Z" user="asdfwqer" uid="20626553" lat="60.0774217" lon="30.2996728"/>
 <node id="2002913254" visible="true" version="1" changeset="13799503" timestamp="2012-11-08T17:03:28Z" user="Danidin9" uid="395588" lat="60.0774556" lon="30.2976183"/>
 <node id="2002913255" visible="true" version="2" changeset="159321477" timestamp="2024-11-19T12:00:11Z" user="asdfwqer" uid="20626553" lat="60.0774354" lon="30.2996381"/>
 <node id="2002913257" visible="true" version="3" changeset="159321477" timestamp="2024-11-19T12:00:11Z" user="asdfwqer" uid="20626553" lat="60.0774374" lon="30.2995856"/>
 <node id="2002913258" visible="true" version="1" changeset="13799503" timestamp="2012-11-08T17:03:28Z" user="Danidin9" uid="395588" lat="60.0774749" lon="30.2999550">
  <tag k="natural" v="tree"/>
 </node>
 <node id="2002913260" visible="true" version="1" changeset="13799503" timestamp="2012-11-08T17:03:28Z" user="Danidin9" uid="395588" lat="60.0774803" lon="30.3011752"/>
 <node id="2002913261" visible="true" version="1" changeset="13799503" timestamp="2012-11-08T17:03:28Z" user="Danidin9" uid="395588" lat="60.0774880" lon="30.2975222"/>
 <node id="2002913262" visible="true" version="3" changeset="159321477" timestamp="2024-11-19T12:00:11Z" user="asdfwqer" uid="20626553" lat="60.0774596" lon="30.2983476"/>
 <node id="2002913264" visible="true" version="1" changeset="13799503" timestamp="2012-11-08T17:03:28Z" user="Danidin9" uid="395588" lat="60.0775025" lon="30.3001156"/>
 <node id="2002913265" visible="true" version="3" changeset="159321477" timestamp="2024-11-19T12:00:11Z" user="asdfwqer" uid="20626553" lat="60.0774741" lon="30.2980088"/>
 <node id="2002913267" visible="true" version="1" changeset="13799503" timestamp="2012-11-08T17:03:28Z" user="Danidin9" uid="395588" lat="60.0775127" lon="30.2997912">
  <tag k="natural" v="tree"/>
 </node>
 <node id="2002913270" visible="true" version="3" changeset="159321477" timestamp="2024-11-19T12:00:11Z" user="asdfwqer" uid="20626553" lat="60.0775009" lon="30.2980131"/>
 <node id="2002913271" visible="true" version="1" changeset="13799503" timestamp="2012-11-08T17:03:28Z" user="Danidin9" uid="395588" lat="60.0775396" lon="30.2982128"/>
 <node id="2002913273" visible="true" version="3" changeset="159321477" timestamp="2024-11-19T12:00:11Z" user="asdfwqer" uid="20626553" lat="60.0775030" lon="30.2979622"/>
 <node id="2002913274" visible="true" version="1" changeset="13799503" timestamp="2012-11-08T17:03:28Z" user="Danidin9" uid="395588" lat="60.0775556" lon="30.2982807"/>
 <node id="2002913276" visible="true" version="3" changeset="159321477" timestamp="2024-11-19T12:00:11Z" user="asdfwqer" uid="20626553" lat="60.0775216" lon="30.2991267"/>
 <node id="2002913278" visible="true" version="1" changeset="13799503" timestamp="2012-11-08T17:03:28Z" user="Danidin9" uid="395588" lat="60.0775675" lon="30.2980090"/>
 <node id="2002913279" visible="true" version="3" changeset="159321477" timestamp="2024-11-19T12:00:11Z" user="asdfwqer" uid="20626553" lat="60.0775424" lon="30.2988310"/>
 <node id="2002913282" visible="true" version="1" changeset="13799503" timestamp="2012-11-08T17:03:28Z" user="Danidin9" uid="395588" lat="60.0775853" lon="30.2974883"/>
 <node id="2002913284" visible="true" version="1" changeset="13799503" timestamp="2012-11-08T17:03:28Z" user="Danidin9" uid="395588" lat="60.0776024" lon="30.3004665"/>
 <node id="2002913285" visible="true" version="1" changeset="13799503" timestamp="2012-11-08T17:03:28Z" user="Danidin9" uid="395588" lat="60.0776104" lon="30.2996953">
  <tag k="natural" v="tree"/>
 </node>
 <node id="2002913287" visible="true" version="1" changeset="13799503" timestamp="2012-11-08T17:03:28Z" user="Danidin9" uid="395588" lat="60.0776114" lon="30.2979171"/>
 <node id="2002913288" visible="true" version="1" changeset="13799503" timestamp="2012-11-08T17:03:28Z" user="Danidin9" uid="395588" lat="60.0776313" lon="30.2986643"/>
 <node id="2002913290" visible="true" version="1" changeset="13799503" timestamp="2012-11-08T17:03:28Z" user="Danidin9" uid="395588" lat="60.0776333" lon="30.2988681"/>
 <node id="2002913291" visible="true" version="1" changeset="13799503" timestamp="2012-11-08T17:03:28Z" user="Danidin9" uid="395588" lat="60.0776403" lon="30.2993396">
  <tag k="natural" v="tree"/>
 </node>
 <node id="2002913293" visible="true" version="1" changeset="13799503" timestamp="2012-11-08T17:03:28Z" user="Danidin9" uid="395588" lat="60.0776403" lon="30.3000349"/>
 <node id="2002913302" visible="true" version="1" changeset="13799503" timestamp="2012-11-08T17:03:28Z" user="Danidin9" uid="395588" lat="60.0776433" lon="30.2976414"/>
 <node id="2002913303" visible="true" version="1" changeset="13799503" timestamp="2012-11-08T17:03:29Z" user="Danidin9" uid="395588" lat="60.0776592" lon="30.2989360"/>
 <node id="2002913305" visible="true" version="1" changeset="13799503" timestamp="2012-11-08T17:03:29Z" user="Danidin9" uid="395588" lat="60.0776612" lon="30.2982927"/>
 <node id="2002913306" visible="true" version="1" changeset="13799503" timestamp="2012-11-08T17:03:29Z" user="Danidin9" uid="395588" lat="60.0776662" lon="30.2995754"/>
 <node id="2002913308" visible="true" version="1" changeset="13799503" timestamp="2012-11-08T17:03:29Z" user="Danidin9" uid="395588" lat="60.0776802" lon="30.3004385"/>
 <node id="2002913309" visible="true" version="1" changeset="13799503" timestamp="2012-11-08T17:03:29Z" user="Danidin9" uid="395588" lat="60.0776941" lon="30.2997153"/>
 <node id="2002913310" visible="true" version="1" changeset="13799503" timestamp="2012-11-08T17:03:29Z" user="Danidin9" uid="395588" lat="60.0777021" lon="30.2994156"/>
 <node id="2002913311" visible="true" version="1" changeset="13799503" timestamp="2012-11-08T17:03:29Z" user="Danidin9" uid="395588" lat="60.0777111" lon="30.2989480"/>
 <node id="2002913312" visible="true" version="1" changeset="13799503" timestamp="2012-11-08T17:03:29Z" user="Danidin9" uid="395588" lat="60.0777435" lon="30.3061906"/>
 <node id="2002913313" visible="true" version="1" changeset="13799503" timestamp="2012-11-08T17:03:29Z" user="Danidin9" uid="395588" lat="60.0777629" lon="30.2988521"/>
 <node id="2002913315" visible="true" version="1" changeset="13799503" timestamp="2012-11-08T17:03:29Z" user="Danidin9" uid="395588" lat="60.0777858" lon="30.3004545"/>
 <node id="2002913316" visible="true" version="1" changeset="13799503" timestamp="2012-11-08T17:03:29Z" user="Danidin9" uid="395588" lat="60.0777878" lon="30.2992797"/>
 <node id="2002913317" visible="true" version="1" changeset="13799503" timestamp="2012-11-08T17:03:29Z" user="Danidin9" uid="395588" lat="60.0778067" lon="30.2989121"/>
 <node id="2002913319" visible="true" version="1" changeset="13799503" timestamp="2012-11-08T17:03:29Z" user="Danidin9" uid="395588" lat="60.0778217" lon="30.2998351"/>
 <node id="2002913320" visible="true" version="1" changeset="13799503" timestamp="2012-11-08T17:03:29Z" user="Danidin9" uid="395588" lat="60.0778291" lon="30.3060850"/>
 <node id="2002913322" visible="true" version="1" changeset="13799503" timestamp="2012-11-08T17:03:29Z" user="Danidin9" uid="395588" lat="60.0778317" lon="30.2997153"/>
 <node id="2002913323" visible="true" version="1" changeset="13799503" timestamp="2012-11-08T17:03:29Z" user="Danidin9" uid="395588" lat="60.0778616" lon="30.3004425"/>
 <node id="2002913324" visible="true" version="1" changeset="13799503" timestamp="2012-11-08T17:03:29Z" user="Danidin9" uid="395588" lat="60.0778925" lon="30.2988641"/>
 <node id="2002913326" visible="true" version="1" changeset="13799503" timestamp="2012-11-08T17:03:29Z" user="Danidin9" uid="395588" lat="60.0778994" lon="30.3000349"/>
 <node id="2002913327" visible="true" version="1" changeset="13799503" timestamp="2012-11-08T17:03:29Z" user="Danidin9" uid="395588" lat="60.0779024" lon="30.2993197"/>
 <node id="2002913329" visible="true" version="1" changeset="13799503" timestamp="2012-11-08T17:03:29Z" user="Danidin9" uid="395588" lat="60.0779114" lon="30.3002787"/>
 <node id="2002913330" visible="true" version="1" changeset="13799503" timestamp="2012-11-08T17:03:29Z" user="Danidin9" uid="395588" lat="60.0779253" lon="30.2996233"/>
 <node id="2002913331" visible="true" version="1" changeset="13799503" timestamp="2012-11-08T17:03:29Z" user="Danidin9" uid="395588" lat="60.0779463" lon="30.3004265">
  <tag k="natural" v="tree"/>
 </node>
 <node id="2002913334" visible="true" version="1" changeset="13799503" timestamp="2012-11-08T17:03:29Z" user="Danidin9" uid="395588" lat="60.0779483" lon="30.2991678"/>
 <node id="2002913335" visible="true" version="1" changeset="13799503" timestamp="2012-11-08T17:03:29Z" user="Danidin9" uid="395588" lat="60.0779582" lon="30.2990040"/>
 <node id="2002913340" visible="true" version="1" changeset="13799503" timestamp="2012-11-08T17:03:29Z" user="Danidin9" uid="395588" lat="60.0780150" lon="30.3000629"/>
 <node id="2002913341" visible="true" version="1" changeset="13799503" timestamp="2012-11-08T17:03:29Z" user="Danidin9" uid="395588" lat="60.0780270" lon="30.3003067"/>
 <node id="2002913342" visible="true" version="1" changeset="13799503" timestamp="2012-11-08T17:03:29Z" user="Danidin9" uid="395588" lat="60.0780449" lon="30.2998112"/>
 <node id="2002913347" visible="true" version="1" changeset="13799503" timestamp="2012-11-08T17:03:29Z" user="Danidin9" uid="395588" lat="60.0780828" lon="30.3004585"/>
 <node id="2002913348" visible="true" version="1" changeset="13799503" timestamp="2012-11-08T17:03:29Z" user="Danidin9" uid="395588" lat="60.0781897" lon="30.3005098"/>
 <node id="2002913354" visible="true" version="1" changeset="13799503" timestamp="2012-11-08T17:03:29Z" user="Danidin9" uid="395588" lat="60.0782255" lon="30.3002698"/>
 <node id="2002913357" visible="true" version="2" changeset="27576742" timestamp="2014-12-19T19:47:18Z" user="AKuzmin" uid="1762329" lat="60.0782953" lon="30.3008450"/>
 <node id="2002913359" visible="true" version="2" changeset="27576742" timestamp="2014-12-19T19:47:18Z" user="AKuzmin" uid="1762329" lat="60.0783038" lon="30.3006751"/>
 <node id="2002913361" visible="true" version="3" changeset="27576774" timestamp="2014-12-19T19:49:17Z" user="AKuzmin" uid="1762329" lat="60.0783067" lon="30.3005758">
  <tag k="access" v="private"/>
  <tag k="barrier" v="gate"/>
 </node>
 <node id="2949674788" visible="true" version="3" changeset="159321477" timestamp="2024-11-19T12:00:11Z" user="asdfwqer" uid="20626553" lat="60.0780207" lon="30.2973308">
  <tag k="barrier" v="lift_gate"/>
  <tag k="vehicle" v="private"/>
 </node>
 <node id="2949674791" visible="true" version="2" changeset="159321477" timestamp="2024-11-19T12:00:11Z" user="asdfwqer" uid="20626553" lat="60.0785094" lon="30.2973494"/>
 <node id="3243260494" visible="true" version="3" changeset="186022488" timestamp="2026-07-19T18:41:02Z" user="TrickyFoxy" uid="11528195" lat="60.0774847" lon="30.2978827">
  <tag k="email" v="office@eztab.ru"/>
  <tag k="name" v="ЭЗТАБ"/>
  <tag k="name:en" v="EZTAB"/>
  <tag k="name:ru" v="ЭЗТАБ"/>
  <tag k="office" v="company"/>
  <tag k="phone" v="+7 812 3238913;+7 812 3238914"/>
  <tag k="website" v="https://eztab.ru"/>
 </node>
 <node id="3243260495" visible="true" version="1" changeset="27576727" timestamp="2014-12-19T19:46:35Z" user="AKuzmin" uid="1762329" lat="60.0777480" lon="30.2986579"/>
 <node id="3243260496" visible="true" version="2" changeset="128254734" timestamp="2022-10-30T16:33:16Z" user="Ser9ei" uid="10524327" lat="60.0775861" lon="30.3005038"/>
 <node id="3735493471" visible="true" version="2" changeset="154764722" timestamp="2024-08-03T08:57:47Z" user="Andrei Lazarev" uid="10884546" lat="60.0759713" lon="30.3011185"/>
 <node id="4418672244" visible="true" version="11" changeset="141361632" timestamp="2023-09-16T23:16:38Z" user="traveleditor" uid="8726248" lat="60.0762186" lon="30.2983072">
  <tag k="historic" v="ruins"/>
  <tag k="name" v="Развалины павильона &quot;Холодные бани&quot;"/>
 </node>
 <node id="4418672245" visible="true" version="1" changeset="42440093" timestamp="2016-09-26T09:11:59Z" user="RainbowKnight" uid="3690104" lat="60.0760073" lon="30.3008074"/>
 <node id="4418672246" visible="true" version="1" changeset="42440093" timestamp="2016-09-26T09:11:59Z" user="RainbowKnight" uid="3690104" lat="60.0760600" lon="30.2972839"/>
 <node id="4418672247" visible="true" version="1" changeset="42440093" timestamp="2016-09-26T09:11:59Z" user="RainbowKnight" uid="3690104" lat="60.0760685" lon="30.2979717"/>
 <node id="4418672248" visible="true" version="2" changeset="154764722" timestamp="2024-08-03T08:57:47Z" user="Andrei Lazarev" uid="10884546" lat="60.0761661" lon="30.2984061"/>
 <node id="4418672249" visible="true" version="1" changeset="42440093" timestamp="2016-09-26T09:11:59Z" user="RainbowKnight" uid="3690104" lat="60.0761571" lon="30.3000858"/>
 <node id="4418672250" visible="true" version="2" changeset="154764722" timestamp="2024-08-03T08:57:47Z" user="Andrei Lazarev" uid="10884546" lat="60.0762550" lon="30.2993980"/>
 <node id="4418672251" visible="true" version="2" changeset="154764722" timestamp="2024-08-03T08:57:47Z" user="Andrei Lazarev" uid="10884546" lat="60.0762549" lon="30.2986515"/>
 <node id="4418672252" visible="true" version="2" changeset="154764722" timestamp="2024-08-03T08:57:47Z" user="Andrei Lazarev" uid="10884546" lat="60.0763528" lon="30.2988827"/>
 <node id="6088074087" visible="true" version="2" changeset="87468493" timestamp="2020-07-02T19:30:03Z" user="Pavel239" uid="354001" lat="60.0758906" lon="30.2950838"/>
 <node id="6264409955" visible="true" version="1" changeset="67002936" timestamp="2019-02-07T18:04:07Z" user="Menak Vishap" uid="2580027" lat="60.0799858" lon="30.3064006"/>
 <node id="6268147228" visible="true" version="1" changeset="67052950" timestamp="2019-02-09T16:08:24Z" user="Menak Vishap" uid="2580027" lat="60.0768691" lon="30.2960209"/>
 <node id="6268147229" visible="true" version="1" changeset="67052950" timestamp="2019-02-09T16:08:24Z" user="Menak Vishap" uid="2580027" lat="60.0768184" lon="30.2964336"/>
 <node id="6268147230" visible="true" version="1" changeset="67052950" timestamp="2019-02-09T16:08:24Z" user="Menak Vishap" uid="2580027" lat="60.0769509" lon="30.2964223"/>
 <node id="6268147231" visible="true" version="1" changeset="67052950" timestamp="2019-02-09T16:08:24Z" user="Menak Vishap" uid="2580027" lat="60.0771850" lon="30.2964676"/>
 <node id="6268147232" visible="true" version="1" changeset="67052950" timestamp="2019-02-09T16:08:24Z" user="Menak Vishap" uid="2580027" lat="60.0772837" lon="30.2967502"/>
 <node id="6268147233" visible="true" version="1" changeset="67052950" timestamp="2019-02-09T16:08:24Z" user="Menak Vishap" uid="2580027" lat="60.0772978" lon="30.2971460"/>
 <node id="6268147234" visible="true" version="1" changeset="67052950" timestamp="2019-02-09T16:08:24Z" user="Menak Vishap" uid="2580027" lat="60.0771201" lon="30.2975191"/>
 <node id="6268147235" visible="true" version="1" changeset="67052950" timestamp="2019-02-09T16:08:24Z" user="Menak Vishap" uid="2580027" lat="60.0770186" lon="30.2977282"/>
 <node id="6268147236" visible="true" version="1" changeset="67052950" timestamp="2019-02-09T16:08:24Z" user="Menak Vishap" uid="2580027" lat="60.0768240" lon="30.2988024"/>
 <node id="6268147237" visible="true" version="1" changeset="67052950" timestamp="2019-02-09T16:08:24Z" user="Menak Vishap" uid="2580027" lat="60.0767986" lon="30.2991246"/>
 <node id="6268147238" visible="true" version="1" changeset="67052950" timestamp="2019-02-09T16:08:24Z" user="Menak Vishap" uid="2580027" lat="60.0766576" lon="30.2992999"/>
 <node id="6268147239" visible="true" version="1" changeset="67052950" timestamp="2019-02-09T16:08:24Z" user="Menak Vishap" uid="2580027" lat="60.0764405" lon="30.2990963"/>
 <node id="6268147240" visible="true" version="1" changeset="67052950" timestamp="2019-02-09T16:08:24Z" user="Menak Vishap" uid="2580027" lat="60.0761810" lon="30.2990624"/>
 <node id="6268147241" visible="true" version="1" changeset="67052950" timestamp="2019-02-09T16:08:24Z" user="Menak Vishap" uid="2580027" lat="60.0760428" lon="30.2993225"/>
 <node id="6268147242" visible="true" version="1" changeset="67052950" timestamp="2019-02-09T16:08:24Z" user="Menak Vishap" uid="2580027" lat="60.0760992" lon="30.2998143"/>
 <node id="6268147243" visible="true" version="1" changeset="67052950" timestamp="2019-02-09T16:08:24Z" user="Menak Vishap" uid="2580027" lat="60.0763728" lon="30.3000404"/>
 <node id="6268147244" visible="true" version="1" changeset="67052950" timestamp="2019-02-09T16:08:24Z" user="Menak Vishap" uid="2580027" lat="60.0765984" lon="30.3003175"/>
 <node id="6268147245" visible="true" version="1" changeset="67052950" timestamp="2019-02-09T16:08:24Z" user="Menak Vishap" uid="2580027" lat="60.0767366" lon="30.3006453"/>
 <node id="6268147246" visible="true" version="1" changeset="67052950" timestamp="2019-02-09T16:08:24Z" user="Menak Vishap" uid="2580027" lat="60.0767056" lon="30.3012050"/>
 <node id="6268147247" visible="true" version="1" changeset="67052950" timestamp="2019-02-09T16:08:24Z" user="Menak Vishap" uid="2580027" lat="60.0764912" lon="30.3014142"/>
 <node id="6268147248" visible="true" version="1" changeset="67052950" timestamp="2019-02-09T16:08:24Z" user="Menak Vishap" uid="2580027" lat="60.0762318" lon="30.3012729"/>
 <node id="6268147249" visible="true" version="1" changeset="67052950" timestamp="2019-02-09T16:08:24Z" user="Menak Vishap" uid="2580027" lat="60.0760823" lon="30.3010241"/>
 <node id="6268147250" visible="true" version="1" changeset="67052950" timestamp="2019-02-09T16:08:24Z" user="Menak Vishap" uid="2580027" lat="60.0759075" lon="30.3010580"/>
 <node id="6268147251" visible="true" version="1" changeset="67052950" timestamp="2019-02-09T16:08:24Z" user="Menak Vishap" uid="2580027" lat="60.0758930" lon="30.3012403"/>
 <node id="6268147252" visible="true" version="1" changeset="67052950" timestamp="2019-02-09T16:08:24Z" user="Menak Vishap" uid="2580027" lat="60.0760317" lon="30.3010051"/>
 <node id="6268147253" visible="true" version="2" changeset="155119716" timestamp="2024-08-11T19:53:37Z" user="Andrei Lazarev" uid="10884546" lat="60.0740787" lon="30.3012780"/>
 <node id="6268250335" visible="true" version="1" changeset="67054114" timestamp="2019-02-09T16:57:36Z" user="Menak Vishap" uid="2580027" lat="60.0807331" lon="30.3054737"/>
 <node id="6268288168" visible="true" version="1" changeset="67054638" timestamp="2019-02-09T17:16:45Z" user="Menak Vishap" uid="2580027" lat="60.0758545" lon="30.3019087"/>
 <node id="6510187384" visible="true" version="14" changeset="159321477" timestamp="2024-11-19T12:00:11Z" user="asdfwqer" uid="20626553" lat="60.0777956" lon="30.2990708">
  <tag k="historic" v="memorial"/>
  <tag k="memorial" v="bust"/>
  <tag k="memorial:subject" v="Валентин Петрович Вологдин"/>
  <tag k="name" v="В. П. Вологдин"/>
  <tag k="subject:wikidata" v="Q4123662"/>
  <tag k="subject:wikipedia" v="ru:Вологдин, Валентин Петрович"/>
 </node>
 <node id="6882896993" visible="true" version="1" changeset="75737266" timestamp="2019-10-15T17:33:25Z" user="LittleFishes" uid="9403399" lat="60.0769370" lon="30.3065725"/>
 <node id="6882897040" visible="true" version="1" changeset="75737266" timestamp="2019-10-15T17:33:25Z" user="LittleFishes" uid="9403399" lat="60.0752188" lon="30.2971410"/>
 <node id="6882897041" visible="true" version="1" changeset="75737266" timestamp="2019-10-15T17:33:25Z" user="LittleFishes" uid="9403399" lat="60.0753077" lon="30.2967848"/>
 <node id="6882897042" visible="true" version="1" changeset="75737266" timestamp="2019-10-15T17:33:25Z" user="LittleFishes" uid="9403399" lat="60.0753923" lon="30.2964027"/>
 <node id="6882897043" visible="true" version="1" changeset="75737266" timestamp="2019-10-15T17:33:25Z" user="LittleFishes" uid="9403399" lat="60.0755137" lon="30.2962641"/>
 <node id="6882897044" visible="true" version="1" changeset="75737266" timestamp="2019-10-15T17:33:25Z" user="LittleFishes" uid="9403399" lat="60.0755921" lon="30.2959313"/>
 <node id="6882897045" visible="true" version="1" changeset="75737266" timestamp="2019-10-15T17:33:25Z" user="LittleFishes" uid="9403399" lat="60.0757196" lon="30.2957218"/>
 <node id="6882897046" visible="true" version="1" changeset="75737266" timestamp="2019-10-15T17:33:25Z" user="LittleFishes" uid="9403399" lat="60.0757857" lon="30.2955215"/>
 <node id="6882897047" visible="true" version="2" changeset="87468493" timestamp="2020-07-02T19:30:03Z" user="Pavel239" uid="354001" lat="60.0760921" lon="30.2951828"/>
 <node id="7678050652" visible="true" version="1" changeset="87468493" timestamp="2020-07-02T19:30:03Z" user="Pavel239" uid="354001" lat="60.0753735" lon="30.2982961"/>
 <node id="7678050656" visible="true" version="1" changeset="87468493" timestamp="2020-07-02T19:30:03Z" user="Pavel239" uid="354001" lat="60.0758691" lon="30.2980811"/>
 <node id="7709885486" visible="true" version="1" changeset="87908693" timestamp="2020-07-13T08:08:22Z" user="sleemp" uid="8660675" lat="60.0752351" lon="30.2949099"/>
 <node id="8225236317" visible="true" version="2" changeset="122591294" timestamp="2022-06-19T19:14:36Z" user="Soshal Distan Singh" uid="11327915" lat="60.0774430" lon="30.2989541">
  <tag k="addr:housenumber" v="1"/>
  <tag k="addr:postcode" v="194362"/>
  <tag k="addr:street" v="Шуваловский парк"/>
  <tag k="name" v="ВНИИ токов высокой частоты имени В. П. Вологдина"/>
  <tag k="office" v="research"/>
  <tag k="phone" v="+7 812 5168410"/>
  <tag k="short_name" v="ФГУП «ВНИИТВЧ»"/>
  <tag k="website" v="http://www.vniitvch.ru"/>
 </node>
 <node id="8766302552" visible="true" version="2" changeset="170898099" timestamp="2025-08-23T21:49:02Z" user="Константин Гам" uid="392109" lat="60.0762079" lon="30.2952368"/>
 <node id="9248588984" visible="true" version="1" changeset="113736428" timestamp="2021-11-13T16:15:16Z" user="TrTtpTm" uid="4714465" lat="60.0755763" lon="30.2986827"/>
 <node id="9248588985" visible="true" version="1" changeset="113736428" timestamp="2021-11-13T16:15:16Z" user="TrTtpTm" uid="4714465" lat="60.0758439" lon="30.2989080"/>
 <node id="9248588986" visible="true" version="1" changeset="113736428" timestamp="2021-11-13T16:15:16Z" user="TrTtpTm" uid="4714465" lat="60.0760258" lon="30.2990582"/>
 <node id="9248588987" visible="true" version="1" changeset="113736428" timestamp="2021-11-13T16:15:16Z" user="TrTtpTm" uid="4714465" lat="60.0761971" lon="30.2991655"/>
 <node id="9248588988" visible="true" version="1" changeset="113736428" timestamp="2021-11-13T16:15:16Z" user="TrTtpTm" uid="4714465" lat="60.0763951" lon="30.2992084"/>
 <node id="9248588989" visible="true" version="1" changeset="113736428" timestamp="2021-11-13T16:15:16Z" user="TrTtpTm" uid="4714465" lat="60.0766681" lon="30.2993693"/>
 <node id="9248588990" visible="true" version="1" changeset="113736428" timestamp="2021-11-13T16:15:16Z" user="TrTtpTm" uid="4714465" lat="60.0767965" lon="30.2993371"/>
 <node id="9248588991" visible="true" version="1" changeset="113736428" timestamp="2021-11-13T16:15:16Z" user="TrTtpTm" uid="4714465" lat="60.0769287" lon="30.2992737"/>
 <node id="9576090475" visible="true" version="1" changeset="118442787" timestamp="2022-03-13T19:16:58Z" user="Pavel239" uid="354001" lat="60.0797626" lon="30.3058976"/>
 <node id="10140299445" visible="true" version="1" changeset="128254788" timestamp="2022-10-30T16:34:52Z" user="Ser9ei" uid="10524327" lat="60.0783958" lon="30.3028572"/>
 <node id="10140299446" visible="true" version="1" changeset="128254788" timestamp="2022-10-30T16:34:52Z" user="Ser9ei" uid="10524327" lat="60.0783302" lon="30.3028411"/>
 <node id="10140304730" visible="true" version="2" changeset="159321477" timestamp="2024-11-19T12:00:11Z" user="asdfwqer" uid="20626553" lat="60.0779996" lon="30.3034491"/>
 <node id="10140304731" visible="true" version="2" changeset="159321477" timestamp="2024-11-19T12:00:11Z" user="asdfwqer" uid="20626553" lat="60.0779501" lon="30.3034142"/>
 <node id="10140304732" visible="true" version="1" changeset="128254734" timestamp="2022-10-30T16:33:16Z" user="Ser9ei" uid="10524327" lat="60.0779221" lon="30.3033386"/>
 <node id="10140304733" visible="true" version="1" changeset="128254734" timestamp="2022-10-30T16:33:16Z" user="Ser9ei" uid="10524327" lat="60.0778833" lon="30.3032675"/>
 <node id="10140304734" visible="true" version="1" changeset="128254734" timestamp="2022-10-30T16:33:16Z" user="Ser9ei" uid="10524327" lat="60.0778459" lon="30.3032380"/>
 <node id="10140304735" visible="true" version="1" changeset="128254734" timestamp="2022-10-30T16:33:16Z" user="Ser9ei" uid="10524327" lat="60.0777816" lon="30.3032085"/>
 <node id="10140304736" visible="true" version="1" changeset="128254734" timestamp="2022-10-30T16:33:16Z" user="Ser9ei" uid="10524327" lat="60.0777368" lon="30.3031147"/>
 <node id="10140304737" visible="true" version="1" changeset="128254734" timestamp="2022-10-30T16:33:16Z" user="Ser9ei" uid="10524327" lat="60.0776693" lon="30.3030650"/>
 <node id="10140304738" visible="true" version="1" changeset="128254734" timestamp="2022-10-30T16:33:16Z" user="Ser9ei" uid="10524327" lat="60.0775492" lon="30.3030248"/>
 <node id="10140304739" visible="true" version="1" changeset="128254734" timestamp="2022-10-30T16:33:16Z" user="Ser9ei" uid="10524327" lat="60.0775709" lon="30.3023073"/>
 <node id="10140304740" visible="true" version="1" changeset="128254734" timestamp="2022-10-30T16:33:16Z" user="Ser9ei" uid="10524327" lat="60.0775656" lon="30.3020257"/>
 <node id="10140304741" visible="true" version="1" changeset="128254734" timestamp="2022-10-30T16:33:16Z" user="Ser9ei" uid="10524327" lat="60.0775321" lon="30.3017119"/>
 <node id="10140304742" visible="true" version="1" changeset="128254734" timestamp="2022-10-30T16:33:16Z" user="Ser9ei" uid="10524327" lat="60.0774987" lon="30.3014007"/>
 <node id="10140304743" visible="true" version="1" changeset="128254734" timestamp="2022-10-30T16:33:16Z" user="Ser9ei" uid="10524327" lat="60.0775375" lon="30.3009742"/>
 <node id="10140304744" visible="true" version="1" changeset="128254734" timestamp="2022-10-30T16:33:16Z" user="Ser9ei" uid="10524327" lat="60.0777181" lon="30.2992925"/>
 <node id="11333694269" visible="true" version="1" changeset="143794685" timestamp="2023-11-08T19:20:27Z" user="mystery2008" uid="9329003" lat="60.0757141" lon="30.2966941">
  <tag k="name" v="Заваленный вход в катакомбы"/>
  <tag k="tourism" v="attraction"/>
 </node>
 <node id="11333694270" visible="true" version="1" changeset="143794685" timestamp="2023-11-08T19:20:28Z" user="mystery2008" uid="9329003" lat="60.0761028" lon="30.2978159">
  <tag k="name" v="Заваленный вход в катакомбы"/>
  <tag k="tourism" v="attraction"/>
 </node>
 <node id="11333694369" visible="true" version="1" changeset="143794685" timestamp="2023-11-08T19:20:28Z" user="mystery2008" uid="9329003" lat="60.0761034" lon="30.2968937">
  <tag k="name" v="Заваленный вход в катакомбы"/>
  <tag k="tourism" v="attraction"/>
 </node>
 <node id="11343328669" visible="true" version="2" changeset="143932601" timestamp="2023-11-12T13:07:32Z" user="mystery2008" uid="9329003" lat="60.0765495" lon="30.3006300">
  <tag k="name" v="Вход в катакомбы"/>
  <tag k="tourism" v="attraction"/>
 </node>
 <node id="12038277819" visible="true" version="1" changeset="153639075" timestamp="2024-07-06T20:43:05Z" user="Andrei Lazarev" uid="10884546" lat="60.0776084" lon="30.2962589"/>
 <node id="12038277820" visible="true" version="2" changeset="182112214" timestamp="2026-05-02T11:38:06Z" user="ron1024" uid="4004697" lat="60.0774933" lon="30.2960497"/>
 <node id="12038277821" visible="true" version="1" changeset="153639075" timestamp="2024-07-06T20:43:05Z" user="Andrei Lazarev" uid="10884546" lat="60.0773287" lon="30.2959371"/>
 <node id="12038277822" visible="true" version="1" changeset="153639075" timestamp="2024-07-06T20:43:05Z" user="Andrei Lazarev" uid="10884546" lat="60.0771735" lon="30.2957761"/>
 <node id="12090137748" visible="true" version="1" changeset="154764722" timestamp="2024-08-03T08:57:47Z" user="Andrei Lazarev" uid="10884546" lat="60.0761411" lon="30.3017055"/>
 <node id="12090137749" visible="true" version="1" changeset="154764722" timestamp="2024-08-03T08:57:47Z" user="Andrei Lazarev" uid="10884546" lat="60.0760911" lon="30.3017092"/>
 <node id="12090137750" visible="true" version="1" changeset="154764722" timestamp="2024-08-03T08:57:47Z" user="Andrei Lazarev" uid="10884546" lat="60.0759921" lon="30.3017843"/>
 <node id="12090137751" visible="true" version="1" changeset="154764722" timestamp="2024-08-03T08:57:47Z" user="Andrei Lazarev" uid="10884546" lat="60.0758008" lon="30.3020981"/>
 <node id="12090137752" visible="true" version="1" changeset="154764722" timestamp="2024-08-03T08:57:47Z" user="Andrei Lazarev" uid="10884546" lat="60.0756532" lon="30.3021196"/>
 <node id="12090137753" visible="true" version="1" changeset="154764722" timestamp="2024-08-03T08:57:47Z" user="Andrei Lazarev" uid="10884546" lat="60.0762452" lon="30.3013239"/>
 <node id="12090137754" visible="true" version="1" changeset="154764722" timestamp="2024-08-03T08:57:47Z" user="Andrei Lazarev" uid="10884546" lat="60.0763092" lon="30.3011325"/>
 <node id="12090137755" visible="true" version="1" changeset="154764722" timestamp="2024-08-03T08:57:47Z" user="Andrei Lazarev" uid="10884546" lat="60.0763212" lon="30.3007650"/>
 <node id="12090137756" visible="true" version="1" changeset="154764722" timestamp="2024-08-03T08:57:47Z" user="Andrei Lazarev" uid="10884546" lat="60.0763881" lon="30.3005370"/>
 <node id="12090137757" visible="true" version="1" changeset="154764722" timestamp="2024-08-03T08:57:47Z" user="Andrei Lazarev" uid="10884546" lat="60.0763346" lon="30.3002796"/>
 <node id="12090137758" visible="true" version="1" changeset="154764722" timestamp="2024-08-03T08:57:47Z" user="Andrei Lazarev" uid="10884546" lat="60.0762356" lon="30.3003037"/>
 <node id="12090137759" visible="true" version="1" changeset="154764722" timestamp="2024-08-03T08:57:47Z" user="Andrei Lazarev" uid="10884546" lat="60.0761268" lon="30.3002320"/>
 <node id="12090137764" visible="true" version="1" changeset="154764722" timestamp="2024-08-03T08:57:47Z" user="Andrei Lazarev" uid="10884546" lat="60.0750207" lon="30.2999872"/>
 <node id="12090137765" visible="true" version="1" changeset="154764722" timestamp="2024-08-03T08:57:47Z" user="Andrei Lazarev" uid="10884546" lat="60.0754562" lon="30.2993771"/>
 <node id="12090137766" visible="true" version="1" changeset="154764722" timestamp="2024-08-03T08:57:47Z" user="Andrei Lazarev" uid="10884546" lat="60.0750712" lon="30.3012186"/>
 <node id="12090137767" visible="true" version="1" changeset="154764722" timestamp="2024-08-03T08:57:47Z" user="Andrei Lazarev" uid="10884546" lat="60.0748748" lon="30.3007678"/>
 <node id="12090137768" visible="true" version="1" changeset="154764722" timestamp="2024-08-03T08:57:47Z" user="Andrei Lazarev" uid="10884546" lat="60.0747209" lon="30.3003144"/>
 <node id="12090146772" visible="true" version="1" changeset="154764722" timestamp="2024-08-03T08:57:47Z" user="Andrei Lazarev" uid="10884546" lat="60.0765286" lon="30.2979514"/>
 <node id="12090146773" visible="true" version="1" changeset="154764722" timestamp="2024-08-03T08:57:47Z" user="Andrei Lazarev" uid="10884546" lat="60.0764082" lon="30.2983162"/>
 <node id="12090146774" visible="true" version="1" changeset="154764722" timestamp="2024-08-03T08:57:47Z" user="Andrei Lazarev" uid="10884546" lat="60.0763828" lon="30.2987561"/>
 <node id="12090146775" visible="true" version="1" changeset="154764722" timestamp="2024-08-03T08:57:47Z" user="Andrei Lazarev" uid="10884546" lat="60.0768735" lon="30.2984384"/>
 <node id="12090146776" visible="true" version="1" changeset="154764722" timestamp="2024-08-03T08:57:47Z" user="Andrei Lazarev" uid="10884546" lat="60.0768123" lon="30.2984932"/>
 <node id="12090146777" visible="true" version="1" changeset="154764722" timestamp="2024-08-03T08:57:47Z" user="Andrei Lazarev" uid="10884546" lat="60.0766009" lon="30.2986434"/>
 <node id="12090146778" visible="true" version="1" changeset="154764722" timestamp="2024-08-03T08:57:47Z" user="Andrei Lazarev" uid="10884546" lat="60.0765367" lon="30.2988392"/>
 <node id="12090146779" visible="true" version="1" changeset="154764722" timestamp="2024-08-03T08:57:47Z" user="Andrei Lazarev" uid="10884546" lat="60.0765554" lon="30.3003010"/>
 <node id="12090146780" visible="true" version="1" changeset="154764722" timestamp="2024-08-03T08:57:47Z" user="Andrei Lazarev" uid="10884546" lat="60.0765112" lon="30.3001159"/>
 <node id="12090146781" visible="true" version="1" changeset="154764722" timestamp="2024-08-03T08:57:47Z" user="Andrei Lazarev" uid="10884546" lat="60.0765126" lon="30.2999067"/>
 <node id="12090146782" visible="true" version="1" changeset="154764722" timestamp="2024-08-03T08:57:47Z" user="Andrei Lazarev" uid="10884546" lat="60.0764602" lon="30.2992468"/>
 <node id="12090146783" visible="true" version="1" changeset="154764722" timestamp="2024-08-03T08:57:47Z" user="Andrei Lazarev" uid="10884546" lat="60.0764671" lon="30.2991798"/>
 <node id="12090146784" visible="true" version="1" changeset="154764722" timestamp="2024-08-03T08:57:47Z" user="Andrei Lazarev" uid="10884546" lat="60.0766464" lon="30.2990377"/>
 <node id="12090146785" visible="true" version="1" changeset="154764722" timestamp="2024-08-03T08:57:47Z" user="Andrei Lazarev" uid="10884546" lat="60.0767779" lon="30.3008803"/>
 <node id="12090146786" visible="true" version="1" changeset="154764722" timestamp="2024-08-03T08:57:47Z" user="Andrei Lazarev" uid="10884546" lat="60.0767561" lon="30.3009823"/>
 <node id="12090146787" visible="true" version="1" changeset="154764722" timestamp="2024-08-03T08:57:47Z" user="Andrei Lazarev" uid="10884546" lat="60.0765688" lon="30.3012800"/>
 <node id="12090146788" visible="true" version="1" changeset="154764722" timestamp="2024-08-03T08:57:47Z" user="Andrei Lazarev" uid="10884546" lat="60.0760978" lon="30.3012961"/>
 <node id="12090146789" visible="true" version="1" changeset="154764722" timestamp="2024-08-03T08:57:47Z" user="Andrei Lazarev" uid="10884546" lat="60.0758564" lon="30.3015958"/>
 <node id="12090146790" visible="true" version="1" changeset="154764722" timestamp="2024-08-03T08:57:47Z" user="Andrei Lazarev" uid="10884546" lat="60.0766758" lon="30.3011727"/>
 <node id="12090146791" visible="true" version="1" changeset="154764722" timestamp="2024-08-03T08:57:47Z" user="Andrei Lazarev" uid="10884546" lat="60.0766062" lon="30.3016072"/>
 <node id="12090146797" visible="true" version="1" changeset="154764722" timestamp="2024-08-03T08:57:47Z" user="Andrei Lazarev" uid="10884546" lat="60.0750455" lon="30.3035944"/>
 <node id="12090146798" visible="true" version="1" changeset="154764722" timestamp="2024-08-03T08:57:47Z" user="Andrei Lazarev" uid="10884546" lat="60.0750884" lon="30.3033102"/>
 <node id="12090146799" visible="true" version="1" changeset="154764722" timestamp="2024-08-03T08:57:47Z" user="Andrei Lazarev" uid="10884546" lat="60.0751357" lon="30.3034662"/>
 <node id="12090146800" visible="true" version="1" changeset="154764722" timestamp="2024-08-03T08:57:47Z" user="Andrei Lazarev" uid="10884546" lat="60.0750126" lon="30.3034492"/>
 <node id="12090146801" visible="true" version="1" changeset="154764722" timestamp="2024-08-03T08:57:47Z" user="Andrei Lazarev" uid="10884546" lat="60.0749205" lon="30.3036127"/>
 <node id="12090146802" visible="true" version="1" changeset="154764722" timestamp="2024-08-03T08:57:47Z" user="Andrei Lazarev" uid="10884546" lat="60.0749571" lon="30.3036605"/>
 <node id="12090146803" visible="true" version="1" changeset="154764722" timestamp="2024-08-03T08:57:47Z" user="Andrei Lazarev" uid="10884546" lat="60.0750702" lon="30.3035760"/>
 <node id="12090146804" visible="true" version="1" changeset="154764722" timestamp="2024-08-03T08:57:47Z" user="Andrei Lazarev" uid="10884546" lat="60.0752174" lon="30.3033292"/>
 <node id="12090146805" visible="true" version="1" changeset="154764722" timestamp="2024-08-03T08:57:47Z" user="Andrei Lazarev" uid="10884546" lat="60.0753552" lon="30.3032058"/>
 <node id="12090146806" visible="true" version="1" changeset="154764722" timestamp="2024-08-03T08:57:47Z" user="Andrei Lazarev" uid="10884546" lat="60.0754676" lon="30.3029966"/>
 <node id="12090146807" visible="true" version="1" changeset="154764722" timestamp="2024-08-03T08:57:47Z" user="Andrei Lazarev" uid="10884546" lat="60.0756081" lon="30.3027955"/>
 <node id="12090146808" visible="true" version="1" changeset="154764722" timestamp="2024-08-03T08:57:47Z" user="Andrei Lazarev" uid="10884546" lat="60.0758355" lon="30.3027123"/>
 <node id="12090146809" visible="true" version="1" changeset="154764722" timestamp="2024-08-03T08:57:47Z" user="Andrei Lazarev" uid="10884546" lat="60.0759894" lon="30.3023985"/>
 <node id="12090146810" visible="true" version="1" changeset="154764722" timestamp="2024-08-03T08:57:47Z" user="Andrei Lazarev" uid="10884546" lat="60.0761272" lon="30.3021330"/>
 <node id="12090146811" visible="true" version="1" changeset="154764722" timestamp="2024-08-03T08:57:47Z" user="Andrei Lazarev" uid="10884546" lat="60.0761500" lon="30.3018138"/>
 <node id="12104779895" visible="true" version="1" changeset="155119606" timestamp="2024-08-11T19:50:25Z" user="Andrei Lazarev" uid="10884546" lat="60.0769408" lon="30.3032381"/>
 <node id="12104779898" visible="true" version="1" changeset="155119606" timestamp="2024-08-11T19:50:25Z" user="Andrei Lazarev" uid="10884546" lat="60.0768298" lon="30.3019796"/>
 <node id="12104779899" visible="true" version="1" changeset="155119606" timestamp="2024-08-11T19:50:25Z" user="Andrei Lazarev" uid="10884546" lat="60.0767278" lon="30.3002492"/>
 <node id="12104779900" visible="true" version="1" changeset="155119606" timestamp="2024-08-11T19:50:25Z" user="Andrei Lazarev" uid="10884546" lat="60.0766557" lon="30.3000757"/>
 <node id="12104886332" visible="true" version="1" changeset="155119529" timestamp="2024-08-11T19:48:03Z" user="Andrei Lazarev" uid="10884546" lat="60.0758415" lon="30.3017039"/>
 <node id="12104886333" visible="true" version="1" changeset="155119529" timestamp="2024-08-11T19:48:03Z" user="Andrei Lazarev" uid="10884546" lat="60.0758108" lon="30.3016736"/>
 <node id="12104886334" visible="true" version="1" changeset="155119529" timestamp="2024-08-11T19:48:03Z" user="Andrei Lazarev" uid="10884546" lat="60.0757583" lon="30.3016575"/>
 <node id="12104886335" visible="true" version="1" changeset="155119529" timestamp="2024-08-11T19:48:03Z" user="Andrei Lazarev" uid="10884546" lat="60.0756736" lon="30.3017011"/>
 <node id="12104886336" visible="true" version="1" changeset="155119529" timestamp="2024-08-11T19:48:03Z" user="Andrei Lazarev" uid="10884546" lat="60.0756445" lon="30.3017836"/>
 <node id="12104886337" visible="true" version="1" changeset="155119529" timestamp="2024-08-11T19:48:03Z" user="Andrei Lazarev" uid="10884546" lat="60.0757693" lon="30.3017682"/>
 <node id="12104886338" visible="true" version="1" changeset="155119529" timestamp="2024-08-11T19:48:03Z" user="Andrei Lazarev" uid="10884546" lat="60.0757078" lon="30.3017896"/>
 <node id="12104940932" visible="true" version="1" changeset="155119716" timestamp="2024-08-11T19:53:37Z" user="Andrei Lazarev" uid="10884546" lat="60.0746192" lon="30.3016944"/>
 <node id="12104940933" visible="true" version="1" changeset="155119716" timestamp="2024-08-11T19:53:37Z" user="Andrei Lazarev" uid="10884546" lat="60.0748969" lon="30.3017038"/>
 <node id="12104940934" visible="true" version="1" changeset="155119716" timestamp="2024-08-11T19:53:37Z" user="Andrei Lazarev" uid="10884546" lat="60.0754482" lon="30.3016739"/>
 <node id="12104940935" visible="true" version="1" changeset="155119716" timestamp="2024-08-11T19:53:37Z" user="Andrei Lazarev" uid="10884546" lat="60.0756194" lon="30.3017134"/>
 <node id="12104940936" visible="true" version="1" changeset="155119716" timestamp="2024-08-11T19:53:37Z" user="Andrei Lazarev" uid="10884546" lat="60.0756797" lon="30.3018232"/>
 <node id="12104940937" visible="true" version="1" changeset="155119716" timestamp="2024-08-11T19:53:37Z" user="Andrei Lazarev" uid="10884546" lat="60.0757539" lon="30.3018191"/>
 <node id="12104940938" visible="true" version="1" changeset="155119716" timestamp="2024-08-11T19:53:37Z" user="Andrei Lazarev" uid="10884546" lat="60.0745229" lon="30.3018004"/>
 <node id="12104940939" visible="true" version="1" changeset="155119716" timestamp="2024-08-11T19:53:37Z" user="Andrei Lazarev" uid="10884546" lat="60.0750060" lon="30.3017977"/>
 <node id="12104940940" visible="true" version="1" changeset="155119716" timestamp="2024-08-11T19:53:37Z" user="Andrei Lazarev" uid="10884546" lat="60.0754087" lon="30.3017507"/>
 <node id="12104940941" visible="true" version="1" changeset="155119716" timestamp="2024-08-11T19:53:37Z" user="Andrei Lazarev" uid="10884546" lat="60.0756041" lon="30.3018030"/>
 <node id="12104940942" visible="true" version="1" changeset="155119716" timestamp="2024-08-11T19:53:37Z" user="Andrei Lazarev" uid="10884546" lat="60.0756429" lon="30.3020847"/>
 <node id="12104940943" visible="true" version="1" changeset="155119716" timestamp="2024-08-11T19:53:37Z" user="Andrei Lazarev" uid="10884546" lat="60.0750742" lon="30.3032139"/>
 <node id="12104940944" visible="true" version="1" changeset="155119716" timestamp="2024-08-11T19:53:37Z" user="Andrei Lazarev" uid="10884546" lat="60.0747250" lon="30.3038549"/>
 <node id="12104940945" visible="true" version="1" changeset="155119716" timestamp="2024-08-11T19:53:37Z" user="Andrei Lazarev" uid="10884546" lat="60.0745470" lon="30.3033105"/>
 <node id="12104940946" visible="true" version="1" changeset="155119716" timestamp="2024-08-11T19:53:37Z" user="Andrei Lazarev" uid="10884546" lat="60.0743958" lon="30.3027096"/>
 <node id="12104940947" visible="true" version="1" changeset="155119716" timestamp="2024-08-11T19:53:37Z" user="Andrei Lazarev" uid="10884546" lat="60.0742834" lon="30.3018379"/>
 <node id="12104947601" visible="true" version="1" changeset="155119606" timestamp="2024-08-11T19:50:25Z" user="Andrei Lazarev" uid="10884546" lat="60.0765023" lon="30.2997765"/>
 <node id="12104947602" visible="true" version="1" changeset="155119606" timestamp="2024-08-11T19:50:25Z" user="Andrei Lazarev" uid="10884546" lat="60.0765447" lon="30.3011271"/>
 <node id="12104947603" visible="true" version="1" changeset="155119606" timestamp="2024-08-11T19:50:25Z" user="Andrei Lazarev" uid="10884546" lat="60.0765273" lon="30.3009635"/>
 <node id="12104947604" visible="true" version="1" changeset="155119606" timestamp="2024-08-11T19:50:25Z" user="Andrei Lazarev" uid="10884546" lat="60.0764457" lon="30.3007892"/>
 <node id="12104947605" visible="true" version="1" changeset="155119606" timestamp="2024-08-11T19:50:25Z" user="Andrei Lazarev" uid="10884546" lat="60.0764216" lon="30.3006014"/>
 <node id="12104953493" visible="true" version="1" changeset="155120450" timestamp="2024-08-11T20:15:52Z" user="Andrei Lazarev" uid="10884546" lat="60.0761110" lon="30.2962875"/>
 <node id="12104953494" visible="true" version="1" changeset="155120450" timestamp="2024-08-11T20:15:52Z" user="Andrei Lazarev" uid="10884546" lat="60.0764785" lon="30.2957035"/>
 <node id="12104986296" visible="true" version="1" changeset="155120583" timestamp="2024-08-11T20:20:09Z" user="Andrei Lazarev" uid="10884546" lat="60.0761861" lon="30.3013319"/>
 <node id="12155317407" visible="true" version="1" changeset="156183677" timestamp="2024-09-04T12:21:31Z" user="Andrei Lazarev" uid="10884546" lat="60.0762185" lon="30.2961167"/>
 <node id="12155317408" visible="true" version="1" changeset="156183677" timestamp="2024-09-04T12:21:31Z" user="Andrei Lazarev" uid="10884546" lat="60.0764162" lon="30.2963018"/>
 <node id="12155317409" visible="true" version="1" changeset="156183677" timestamp="2024-09-04T12:21:31Z" user="Andrei Lazarev" uid="10884546" lat="60.0765554" lon="30.2965084"/>
 <node id="12155317410" visible="true" version="1" changeset="156183677" timestamp="2024-09-04T12:21:31Z" user="Andrei Lazarev" uid="10884546" lat="60.0766250" lon="30.2969107"/>
 <node id="12155317411" visible="true" version="1" changeset="156183677" timestamp="2024-09-04T12:21:31Z" user="Andrei Lazarev" uid="10884546" lat="60.0765728" lon="30.2975491"/>
 <node id="12354148919" visible="true" version="1" changeset="159321477" timestamp="2024-11-19T12:00:11Z" user="asdfwqer" uid="20626553" lat="60.0780679" lon="30.2974306"/>
 <node id="12354148920" visible="true" version="1" changeset="159321477" timestamp="2024-11-19T12:00:11Z" user="asdfwqer" uid="20626553" lat="60.0783362" lon="30.2974337"/>
 <node id="12354148921" visible="true" version="1" changeset="159321477" timestamp="2024-11-19T12:00:11Z" user="asdfwqer" uid="20626553" lat="60.0784881" lon="30.2973625"/>
 <node id="12354148922" visible="true" version="1" changeset="159321477" timestamp="2024-11-19T12:00:11Z" user="asdfwqer" uid="20626553" lat="60.0785152" lon="30.2973459"/>
 <node id="12354148923" visible="true" version="1" changeset="159321477" timestamp="2024-11-19T12:00:11Z" user="asdfwqer" uid="20626553" lat="60.0782615" lon="30.2974881"/>
 <node id="12354148925" visible="true" version="1" changeset="159321477" timestamp="2024-11-19T12:00:11Z" user="asdfwqer" uid="20626553" lat="60.0782038" lon="30.2981589"/>
 <node id="12354148928" visible="true" version="1" changeset="159321477" timestamp="2024-11-19T12:00:11Z" user="asdfwqer" uid="20626553" lat="60.0782186" lon="30.2974753"/>
 <node id="12354148930" visible="true" version="2" changeset="170093323" timestamp="2025-08-07T08:19:42Z" user="user_23034906" uid="23034906" lat="60.0779976" lon="30.2965725"/>
 <node id="12354148931" visible="true" version="1" changeset="159321477" timestamp="2024-11-19T12:00:11Z" user="asdfwqer" uid="20626553" lat="60.0779169" lon="30.2975177"/>
 <node id="12354148932" visible="true" version="1" changeset="159321477" timestamp="2024-11-19T12:00:11Z" user="asdfwqer" uid="20626553" lat="60.0779023" lon="30.2975387"/>
 <node id="12354148933" visible="true" version="1" changeset="159321477" timestamp="2024-11-19T12:00:11Z" user="asdfwqer" uid="20626553" lat="60.0779144" lon="30.2975724"/>
 <node id="12354148934" visible="true" version="1" changeset="159321477" timestamp="2024-11-19T12:00:11Z" user="asdfwqer" uid="20626553" lat="60.0779290" lon="30.2975514"/>
 <node id="12354148935" visible="true" version="1" changeset="159321477" timestamp="2024-11-19T12:00:11Z" user="asdfwqer" uid="20626553" lat="60.0779634" lon="30.2976501"/>
 <node id="12354148936" visible="true" version="1" changeset="159321477" timestamp="2024-11-19T12:00:11Z" user="asdfwqer" uid="20626553" lat="60.0779520" lon="30.2976169"/>
 <node id="12354148937" visible="true" version="1" changeset="159321477" timestamp="2024-11-19T12:00:11Z" user="asdfwqer" uid="20626553" lat="60.0779374" lon="30.2976378"/>
 <node id="12354148938" visible="true" version="1" changeset="159321477" timestamp="2024-11-19T12:00:11Z" user="asdfwqer" uid="20626553" lat="60.0779495" lon="30.2976716"/>
 <node id="12354148939" visible="true" version="1" changeset="159321477" timestamp="2024-11-19T12:00:11Z" user="asdfwqer" uid="20626553" lat="60.0779641" lon="30.2976506"/>
 <node id="12354148941" visible="true" version="1" changeset="159321477" timestamp="2024-11-19T12:00:11Z" user="asdfwqer" uid="20626553" lat="60.0785858" lon="30.2971971"/>
 <node id="12354148942" visible="true" version="1" changeset="159321477" timestamp="2024-11-19T12:00:11Z" user="asdfwqer" uid="20626553" lat="60.0787746" lon="30.2968315"/>
 <node id="12354148966" visible="true" version="1" changeset="159321477" timestamp="2024-11-19T12:00:11Z" user="asdfwqer" uid="20626553" lat="60.0784443" lon="30.2988441"/>
 <node id="12354148968" visible="true" version="1" changeset="159321477" timestamp="2024-11-19T12:00:11Z" user="asdfwqer" uid="20626553" lat="60.0778165" lon="30.2969672"/>
 <node id="12875973403" visible="true" version="1" changeset="166988261" timestamp="2025-05-30T19:46:19Z" user="Andrei Lazarev" uid="10884546" lat="60.0764825" lon="30.3014396"/>
 <node id="12875973404" visible="true" version="1" changeset="166988261" timestamp="2025-05-30T19:46:19Z" user="Andrei Lazarev" uid="10884546" lat="60.0763895" lon="30.3015187"/>
 <node id="12875985808" visible="true" version="1" changeset="166988237" timestamp="2025-05-30T19:45:32Z" user="Andrei Lazarev" uid="10884546" lat="60.0735402" lon="30.3013601"/>
 <node id="12875985809" visible="true" version="1" changeset="166988237" timestamp="2025-05-30T19:45:32Z" user="Andrei Lazarev" uid="10884546" lat="60.0736598" lon="30.3014222"/>
 <node id="12875985810" visible="true" version="1" changeset="166988237" timestamp="2025-05-30T19:45:32Z" user="Andrei Lazarev" uid="10884546" lat="60.0737963" lon="30.3015456"/>
 <node id="12875985811" visible="true" version="1" changeset="166988237" timestamp="2025-05-30T19:45:32Z" user="Andrei Lazarev" uid="10884546" lat="60.0739309" lon="30.3017385"/>
 <node id="12875985812" visible="true" version="1" changeset="166988237" timestamp="2025-05-30T19:45:32Z" user="Andrei Lazarev" uid="10884546" lat="60.0739730" lon="30.3017253"/>
 <node id="12875985813" visible="true" version="1" changeset="166988237" timestamp="2025-05-30T19:45:32Z" user="Andrei Lazarev" uid="10884546" lat="60.0741349" lon="30.3017548"/>
 <node id="13055768946" visible="true" version="1" changeset="170094653" timestamp="2025-08-07T08:54:15Z" user="user_23034906" uid="23034906" lat="60.0758625" lon="30.3013409"/>
 <node id="13055768947" visible="true" version="1" changeset="170094653" timestamp="2025-08-07T08:54:15Z" user="user_23034906" uid="23034906" lat="60.0758963" lon="30.3013494"/>
 <node id="13055768948" visible="true" version="1" changeset="170094653" timestamp="2025-08-07T08:54:15Z" user="user_23034906" uid="23034906" lat="60.0759387" lon="30.3014181"/>
 <node id="13055768949" visible="true" version="1" changeset="170094653" timestamp="2025-08-07T08:54:15Z" user="user_23034906" uid="23034906" lat="60.0759688" lon="30.3014626"/>
 <node id="13055768950" visible="true" version="1" changeset="170094653" timestamp="2025-08-07T08:54:15Z" user="user_23034906" uid="23034906" lat="60.0759806" lon="30.3015522"/>
 <node id="13055768951" visible="true" version="1" changeset="170094653" timestamp="2025-08-07T08:54:15Z" user="user_23034906" uid="23034906" lat="60.0757853" lon="30.3014860"/>
 <node id="13055768952" visible="true" version="1" changeset="170094653" timestamp="2025-08-07T08:54:15Z" user="user_23034906" uid="23034906" lat="60.0756726" lon="30.3014445"/>
 <node id="13055768953" visible="true" version="1" changeset="170094653" timestamp="2025-08-07T08:54:15Z" user="user_23034906" uid="23034906" lat="60.0755543" lon="30.3013243"/>
 <node id="13055768954" visible="true" version="1" changeset="170094653" timestamp="2025-08-07T08:54:15Z" user="user_23034906" uid="23034906" lat="60.0754359" lon="30.3012781"/>
 <node id="13055768955" visible="true" version="1" changeset="170094653" timestamp="2025-08-07T08:54:15Z" user="user_23034906" uid="23034906" lat="60.0752869" lon="30.3013181"/>
 <node id="13055768956" visible="true" version="1" changeset="170094653" timestamp="2025-08-07T08:54:15Z" user="user_23034906" uid="23034906" lat="60.0751289" lon="30.3014200"/>
 <node id="13055768957" visible="true" version="1" changeset="170094653" timestamp="2025-08-07T08:54:15Z" user="user_23034906" uid="23034906" lat="60.0750741" lon="30.3015095"/>
 <node id="13055768958" visible="true" version="1" changeset="170094653" timestamp="2025-08-07T08:54:15Z" user="user_23034906" uid="23034906" lat="60.0750680" lon="30.3019933"/>
 <node id="13055768959" visible="true" version="1" changeset="170094653" timestamp="2025-08-07T08:54:15Z" user="user_23034906" uid="23034906" lat="60.0751451" lon="30.3025137"/>
 <node id="13055768960" visible="true" version="1" changeset="170094653" timestamp="2025-08-07T08:54:15Z" user="user_23034906" uid="23034906" lat="60.0752100" lon="30.3027779"/>
 <node id="13055768961" visible="true" version="1" changeset="170094653" timestamp="2025-08-07T08:54:15Z" user="user_23034906" uid="23034906" lat="60.0752729" lon="30.3029527"/>
 <node id="13055768962" visible="true" version="1" changeset="170094653" timestamp="2025-08-07T08:54:15Z" user="user_23034906" uid="23034906" lat="60.0753190" lon="30.3030131"/>
 <node id="13055768963" visible="true" version="1" changeset="170094653" timestamp="2025-08-07T08:54:15Z" user="user_23034906" uid="23034906" lat="60.0750586" lon="30.3016397"/>
 <node id="13055768984" visible="true" version="1" changeset="170094653" timestamp="2025-08-07T08:54:15Z" user="user_23034906" uid="23034906" lat="60.0752202" lon="30.2980775"/>
 <node id="13055800438" visible="true" version="1" changeset="170093323" timestamp="2025-08-07T08:19:42Z" user="user_23034906" uid="23034906" lat="60.0748492" lon="30.3038584"/>
 <node id="13055800439" visible="true" version="1" changeset="170093323" timestamp="2025-08-07T08:19:42Z" user="user_23034906" uid="23034906" lat="60.0749480" lon="30.3037133"/>
 <node id="13055800440" visible="true" version="2" changeset="170094653" timestamp="2025-08-07T08:54:15Z" user="user_23034906" uid="23034906" lat="60.0752146" lon="30.3032240"/>
 <node id="13055800441" visible="true" version="2" changeset="170094653" timestamp="2025-08-07T08:54:15Z" user="user_23034906" uid="23034906" lat="60.0753985" lon="30.3028848"/>
 <node id="13055800442" visible="true" version="2" changeset="170094653" timestamp="2025-08-07T08:54:15Z" user="user_23034906" uid="23034906" lat="60.0757527" lon="30.3021773"/>
 <node id="13055800443" visible="true" version="1" changeset="170093323" timestamp="2025-08-07T08:19:42Z" user="user_23034906" uid="23034906" lat="60.0758145" lon="30.3020208"/>
 <node id="13055800444" visible="true" version="2" changeset="170094653" timestamp="2025-08-07T08:54:15Z" user="user_23034906" uid="23034906" lat="60.0759781" lon="30.3017286"/>
 <node id="13055800445" visible="true" version="2" changeset="170094653" timestamp="2025-08-07T08:54:15Z" user="user_23034906" uid="23034906" lat="60.0758448" lon="30.3018468"/>
 <node id="13062360189" visible="true" version="1" changeset="170264003" timestamp="2025-08-10T20:31:22Z" user="applethecandy" uid="23177989" lat="60.0701524" lon="30.3044159"/>
 <way id="36772206" visible="true" version="5" changeset="188584882" timestamp="2026-09-05T18:25:14Z" user="Pavel239" uid="354001">
  <nd ref="1517034975"/>
  <nd ref="1517034964"/>
  <nd ref="1517034961"/>
  <nd ref="1517034956"/>
  <nd ref="1517034945"/>
  <nd ref="1479499922"/>
  <nd ref="427543904"/>
  <nd ref="427543901"/>
  <nd ref="427543905"/>
  <nd ref="427543900"/>
  <nd ref="427543902"/>
  <nd ref="1517034977"/>
  <nd ref="1517034975"/>
  <tag k="name" v="Пруд Звезда"/>
  <tag k="natural" v="water"/>
  <tag k="water" v="pond"/>
 </way>
 <way id="95086050" visible="true" version="5" changeset="170094653" timestamp="2025-08-07T08:54:15Z" user="user_23034906" uid="23034906">
  <nd ref="1103173306"/>
  <nd ref="1103173381"/>
  <nd ref="1103173339"/>
  <nd ref="1103173286"/>
  <nd ref="12104953494"/>
  <nd ref="1103173361"/>
  <nd ref="1103173317"/>
  <nd ref="1103173255"/>
  <nd ref="1103173344"/>
  <nd ref="1103173292"/>
  <nd ref="1103173369"/>
  <nd ref="13055768984"/>
  <nd ref="1103173324"/>
  <nd ref="1517034943"/>
  <nd ref="427543735"/>
  <tag k="highway" v="path"/>
  <tag k="surface" v="compacted"/>
 </way>
 <way id="95086052" visible="true" version="9" changeset="170093323" timestamp="2025-08-07T08:19:42Z" user="user_23034906" uid="23034906">
  <nd ref="12104779899"/>
  <nd ref="1103173371"/>
  <nd ref="1103173326"/>
  <nd ref="1103173273"/>
  <nd ref="1103173355"/>
  <nd ref="1103173303"/>
  <nd ref="1103173379"/>
  <nd ref="12090146775"/>
  <nd ref="1103173333"/>
  <nd ref="1103173278"/>
  <nd ref="1103173358"/>
  <nd ref="1103173306"/>
  <nd ref="1103173389"/>
  <nd ref="1103173343"/>
  <nd ref="1103173290"/>
  <nd ref="1103173322"/>
  <nd ref="12038277822"/>
  <nd ref="12038277821"/>
  <nd ref="12038277820"/>
  <nd ref="12038277819"/>
  <nd ref="1435398049"/>
  <tag k="highway" v="path"/>
  <tag k="surface" v="unpaved"/>
 </way>
 <way id="95566526" visible="true" version="7" changeset="155119529" timestamp="2024-08-11T19:48:03Z" user="Andrei Lazarev" uid="10884546">
  <nd ref="1108164650"/>
  <nd ref="12090137752"/>
  <nd ref="1108164677"/>
  <nd ref="1108164685"/>
  <nd ref="1108164697"/>
  <nd ref="12090146798"/>
  <nd ref="1108164699"/>
  <nd ref="12090146800"/>
  <nd ref="12090146801"/>
  <nd ref="1108164703"/>
  <nd ref="427529668"/>
  <tag k="highway" v="path"/>
  <tag k="surface" v="compacted"/>
 </way>
 <way id="95566528" visible="true" version="6" changeset="166988237" timestamp="2025-05-30T19:45:32Z" user="Andrei Lazarev" uid="10884546">
  <nd ref="12875985808"/>
  <nd ref="12875985809"/>
  <nd ref="12875985810"/>
  <nd ref="12875985811"/>
  <nd ref="12875985812"/>
  <nd ref="12875985813"/>
  <nd ref="1108164661"/>
  <nd ref="1108164700"/>
  <nd ref="1479499941"/>
  <nd ref="1108164704"/>
  <nd ref="1108164729"/>
  <nd ref="1108164652"/>
  <nd ref="1108164663"/>
  <nd ref="1108164674"/>
  <nd ref="12104886336"/>
  <nd ref="12104886338"/>
  <nd ref="12104886337"/>
  <nd ref="1108164650"/>
  <tag k="highway" v="path"/>
  <tag k="surface" v="unpaved"/>
 </way>
 <way id="95567220" visible="true" version="10" changeset="135610023" timestamp="2023-05-02T10:36:47Z" user="mini-me" uid="3846961">
  <nd ref="2002913273"/>
  <nd ref="2002913270"/>
  <nd ref="2002913265"/>
  <nd ref="2002913262"/>
  <nd ref="1108176202"/>
  <nd ref="1108176039"/>
  <nd ref="1108176255"/>
  <nd ref="2002913279"/>
  <nd ref="1108176134"/>
  <nd ref="1108175994"/>
  <nd ref="2002913276"/>
  <nd ref="1108176013"/>
  <nd ref="1108176131"/>
  <nd ref="1108176064"/>
  <nd ref="2002913257"/>
  <nd ref="2002913255"/>
  <nd ref="2002913251"/>
  <nd ref="2002913248"/>
  <nd ref="2002913243"/>
  <nd ref="2002913239"/>
  <nd ref="2002913232"/>
  <nd ref="2002913230"/>
  <nd ref="2002913229"/>
  <nd ref="1108176033"/>
  <nd ref="1108176185"/>
  <nd ref="1108176199"/>
  <nd ref="1108175990"/>
  <nd ref="1108176206"/>
  <nd ref="2002913193"/>
  <nd ref="2002913181"/>
  <nd ref="2002913178"/>
  <nd ref="2002913171"/>
  <nd ref="2002913168"/>
  <nd ref="2002913174"/>
  <nd ref="2002913180"/>
  <nd ref="2002913182"/>
  <nd ref="2002913200"/>
  <nd ref="1108176011"/>
  <nd ref="1108176129"/>
  <nd ref="2002913225"/>
  <nd ref="1108176193"/>
  <nd ref="1108176005"/>
  <nd ref="2002913247"/>
  <nd ref="2002913250"/>
  <nd ref="1108176093"/>
  <nd ref="1108176197"/>
  <nd ref="1108176208"/>
  <nd ref="1108176246"/>
  <nd ref="1108176087"/>
  <nd ref="1108176059"/>
  <nd ref="2002913273"/>
  <tag k="addr:housenumber" v="1Д"/>
  <tag k="addr:place" v="Шуваловский парк"/>
  <tag k="building" v="yes"/>
  <tag k="name" v="Усадьба Воронцовой-Дашковой"/>
  <tag k="tourism" v="attraction"/>
 </way>
 <way id="123874541" visible="true" version="12" changeset="163611140" timestamp="2025-03-14T13:48:43Z" user="MosKartograf" uid="382604">
  <nd ref="1379925472"/>
  <nd ref="1103124191"/>
  <nd ref="1379925426"/>
  <nd ref="1379925420"/>
  <nd ref="1379925416"/>
  <nd ref="1379925413"/>
  <nd ref="6268250335"/>
  <nd ref="1103124383"/>
  <nd ref="1379925388"/>
  <nd ref="1379925391"/>
  <nd ref="6264409955"/>
  <nd ref="9576090475"/>
  <nd ref="1379925357"/>
  <nd ref="1379925332"/>
  <nd ref="1379925318"/>
  <nd ref="1379925312"/>
  <nd ref="1379925309"/>
  <nd ref="1379925288"/>
  <nd ref="1379925278"/>
  <nd ref="1379925268"/>
  <nd ref="1379925259"/>
  <nd ref="1379925266"/>
  <nd ref="1379925269"/>
  <nd ref="1379925272"/>
  <nd ref="1379925276"/>
  <nd ref="1379925277"/>
  <nd ref="1379925279"/>
  <nd ref="10140299446"/>
  <nd ref="10140299445"/>
  <nd ref="1379925280"/>
  <nd ref="1379925282"/>
  <nd ref="1379925283"/>
  <nd ref="1379925285"/>
  <nd ref="1379925290"/>
  <nd ref="1517130247"/>
  <nd ref="1379925294"/>
  <nd ref="1379925297"/>
  <nd ref="1379925292"/>
  <nd ref="1379925264"/>
  <nd ref="12354148968"/>
  <nd ref="1379925247"/>
  <nd ref="1379925216"/>
  <nd ref="1379925237"/>
  <nd ref="1379925331"/>
  <nd ref="1379925340"/>
 </way>
 <way id="123874544" visible="true" version="16" changeset="170264003" timestamp="2025-08-10T20:31:22Z" user="applethecandy" uid="23177989">
  <nd ref="1379924907"/>
  <nd ref="1379924908"/>
  <nd ref="1379924909"/>
  <nd ref="1379924910"/>
  <nd ref="1379924912"/>
  <nd ref="1379924913"/>
  <nd ref="1379924914"/>
  <nd ref="1379924915"/>
  <nd ref="1379924919"/>
  <nd ref="1379924920"/>
  <nd ref="1379924917"/>
  <nd ref="1379924916"/>
  <nd ref="1379924918"/>
  <nd ref="1379924921"/>
  <nd ref="1379924923"/>
  <nd ref="1379924924"/>
  <nd ref="1379924925"/>
  <nd ref="13062360189"/>
  <nd ref="1379924926"/>
  <nd ref="1379924927"/>
  <nd ref="1379924928"/>
  <nd ref="1379924929"/>
  <nd ref="1379924930"/>
  <nd ref="1379924931"/>
  <nd ref="1379924932"/>
  <nd ref="1379924959"/>
  <nd ref="1379924962"/>
  <nd ref="1379924963"/>
  <nd ref="1379924964"/>
  <nd ref="1379924974"/>
  <nd ref="1379924977"/>
  <nd ref="1379924983"/>
  <nd ref="1379924985"/>
  <nd ref="1379924986"/>
  <nd ref="1379924994"/>
  <nd ref="1379924996"/>
  <nd ref="1379924998"/>
  <nd ref="1379925002"/>
  <nd ref="1379925009"/>
  <nd ref="1379925011"/>
  <nd ref="1379925015"/>
  <nd ref="1379925019"/>
  <nd ref="1379925025"/>
  <nd ref="1379925029"/>
  <nd ref="1379925031"/>
  <nd ref="1379925032"/>
  <nd ref="1379925035"/>
  <nd ref="1379925036"/>
  <nd ref="1379925038"/>
  <nd ref="1379925039"/>
  <nd ref="1379925040"/>
  <nd ref="1379925043"/>
  <nd ref="1379925044"/>
  <nd ref="1379925045"/>
  <nd ref="1379925046"/>
  <nd ref="1379925049"/>
  <nd ref="1379925051"/>
  <nd ref="1379925052"/>
  <nd ref="1379925053"/>
  <nd ref="1379925055"/>
  <nd ref="1379925059"/>
  <nd ref="1379925061"/>
  <nd ref="1379925066"/>
  <nd ref="1379925067"/>
  <nd ref="1379925068"/>
  <nd ref="1379925069"/>
  <nd ref="1379925074"/>
  <nd ref="1379925075"/>
  <nd ref="1379925077"/>
  <nd ref="1379925078"/>
  <nd ref="1379925079"/>
  <nd ref="1379925080"/>
  <nd ref="1379925081"/>
  <nd ref="1379925082"/>
  <nd ref="1379925084"/>
  <nd ref="1379925088"/>
  <nd ref="1379925091"/>
  <nd ref="1379925094"/>
  <nd ref="1379925093"/>
  <nd ref="1379925090"/>
  <nd ref="1379925086"/>
  <nd ref="1379925089"/>
  <nd ref="1379925092"/>
  <nd ref="1379925095"/>
  <nd ref="1379925096"/>
  <nd ref="1379925098"/>
  <nd ref="1379925102"/>
  <nd ref="1379925105"/>
  <nd ref="1379925104"/>
  <nd ref="1379925101"/>
  <nd ref="1379925099"/>
  <nd ref="1379925100"/>
  <nd ref="1379925103"/>
  <nd ref="1379925106"/>
  <nd ref="1379925107"/>
  <nd ref="1379925109"/>
  <nd ref="1379925110"/>
  <nd ref="1379925111"/>
  <nd ref="1379925112"/>
  <nd ref="1379925113"/>
  <nd ref="1379925114"/>
  <nd ref="1379925115"/>
  <nd ref="1379925116"/>
  <nd ref="1379925117"/>
  <nd ref="1379925118"/>
  <nd ref="1379925119"/>
  <nd ref="1379925120"/>
  <nd ref="1379925121"/>
  <nd ref="1379925123"/>
  <nd ref="1379925124"/>
  <nd ref="1379925125"/>
  <nd ref="1379925126"/>
  <nd ref="1379925127"/>
  <nd ref="1379925128"/>
  <nd ref="1379925130"/>
  <nd ref="1379925133"/>
  <nd ref="1379925134"/>
  <nd ref="1379925136"/>
  <nd ref="1379925138"/>
  <nd ref="1379925140"/>
  <nd ref="1379925139"/>
  <nd ref="1379925141"/>
  <nd ref="1379925143"/>
  <nd ref="1379925144"/>
  <nd ref="1379925145"/>
  <nd ref="1379925146"/>
  <nd ref="1379925147"/>
  <nd ref="1379925148"/>
  <nd ref="1379925152"/>
  <nd ref="1379925154"/>
  <nd ref="1379925156"/>
  <nd ref="1379925157"/>
  <nd ref="1379925158"/>
  <nd ref="1379925160"/>
  <nd ref="1379925163"/>
  <nd ref="1379925167"/>
  <nd ref="1379925170"/>
  <nd ref="1379925161"/>
  <nd ref="1379925155"/>
  <nd ref="1379925151"/>
  <nd ref="1379925150"/>
  <nd ref="1379925153"/>
  <nd ref="1379925159"/>
  <nd ref="1379925164"/>
  <nd ref="1379925175"/>
  <nd ref="1379925178"/>
  <nd ref="1379925177"/>
  <nd ref="1379925176"/>
  <nd ref="1379925172"/>
  <nd ref="1379925171"/>
  <nd ref="1379925168"/>
  <nd ref="1379925173"/>
  <nd ref="1379925169"/>
  <nd ref="1379925165"/>
  <nd ref="1379925166"/>
  <nd ref="1379925174"/>
  <nd ref="1379925179"/>
  <nd ref="1379925180"/>
  <nd ref="1379925183"/>
  <nd ref="1379925182"/>
  <nd ref="1379925181"/>
  <nd ref="1379925184"/>
  <nd ref="1379925185"/>
  <nd ref="1379925187"/>
  <nd ref="1379925188"/>
  <nd ref="1379925189"/>
  <nd ref="1379925192"/>
  <nd ref="1379925195"/>
  <nd ref="1379925193"/>
  <nd ref="1379925194"/>
  <nd ref="1379925199"/>
  <nd ref="1379925205"/>
  <nd ref="1379925208"/>
  <nd ref="1379925203"/>
  <nd ref="1379925201"/>
  <nd ref="1379925200"/>
  <nd ref="1379925197"/>
  <nd ref="1379925198"/>
  <nd ref="1379925202"/>
  <nd ref="1379925206"/>
  <nd ref="1379925212"/>
  <nd ref="1379925215"/>
  <nd ref="1379925222"/>
  <nd ref="1379925225"/>
  <nd ref="1379925230"/>
  <nd ref="1379925233"/>
  <nd ref="1379925236"/>
  <nd ref="1379925238"/>
  <nd ref="1379925239"/>
  <nd ref="1379925241"/>
  <nd ref="1379925245"/>
  <nd ref="1379925246"/>
  <nd ref="1379925248"/>
  <nd ref="1379925253"/>
  <nd ref="1379925260"/>
  <nd ref="1379925267"/>
  <nd ref="1379925271"/>
  <nd ref="1379925273"/>
  <nd ref="1379925275"/>
  <nd ref="1379925289"/>
  <nd ref="1379925295"/>
  <nd ref="1379925303"/>
  <nd ref="1379925319"/>
  <nd ref="1379925316"/>
  <nd ref="1379925291"/>
  <nd ref="1379925274"/>
  <nd ref="1379925262"/>
  <nd ref="1379925258"/>
  <nd ref="1379925252"/>
  <nd ref="1379925240"/>
  <nd ref="1379925217"/>
  <nd ref="6882896993"/>
  <nd ref="1379925209"/>
  <nd ref="1379925218"/>
  <nd ref="1379925231"/>
  <nd ref="1379925249"/>
  <nd ref="1379925255"/>
  <nd ref="2002913312"/>
  <nd ref="1517129998"/>
  <nd ref="1517129927"/>
  <nd ref="1379925190"/>
  <nd ref="1379925219"/>
  <nd ref="1379925214"/>
  <nd ref="1379925213"/>
  <nd ref="1379925196"/>
  <nd ref="1379925211"/>
  <nd ref="9248588991"/>
  <nd ref="1379925210"/>
  <nd ref="1379925223"/>
  <nd ref="1379925227"/>
  <nd ref="1379925207"/>
  <nd ref="1379925149"/>
  <nd ref="1379925129"/>
  <nd ref="1379925108"/>
  <nd ref="1379925097"/>
  <nd ref="1379925070"/>
  <nd ref="1379925065"/>
  <nd ref="1379925071"/>
  <nd ref="1379925072"/>
  <nd ref="1379925057"/>
  <nd ref="1379925047"/>
  <nd ref="336039450"/>
  <nd ref="1870564178"/>
  <nd ref="1379925026"/>
  <nd ref="1870564144"/>
  <nd ref="1379925012"/>
  <nd ref="336038816"/>
  <nd ref="1379924992"/>
  <nd ref="336038814"/>
  <nd ref="1379924979"/>
  <nd ref="1379924958"/>
  <nd ref="1379924922"/>
  <nd ref="1870563537"/>
  <nd ref="1870563525"/>
  <nd ref="1379924911"/>
  <nd ref="1379924906"/>
  <nd ref="1379924905"/>
  <nd ref="1379924902"/>
 </way>
 <way id="126469667" visible="true" version="6" changeset="170093323" timestamp="2025-08-07T08:19:42Z" user="user_23034906" uid="23034906">
  <nd ref="1108164650"/>
  <nd ref="12104886332"/>
  <nd ref="1859163252"/>
  <nd ref="1401901646"/>
  <nd ref="1859163221"/>
  <nd ref="1401901649"/>
  <nd ref="1401901651"/>
  <nd ref="1401901653"/>
  <nd ref="1401901656"/>
  <nd ref="1401901658"/>
  <nd ref="1401901660"/>
  <nd ref="1401901665"/>
  <nd ref="1401901683"/>
  <nd ref="12104779898"/>
  <nd ref="1401901687"/>
  <nd ref="1401901689"/>
  <tag k="highway" v="footway"/>
 </way>
 <way id="134584706" visible="true" version="11" changeset="154764722" timestamp="2024-08-03T08:57:47Z" user="Andrei Lazarev" uid="10884546">
  <nd ref="1517034962"/>
  <nd ref="1479499925"/>
  <nd ref="12090137765"/>
  <nd ref="1479499927"/>
  <nd ref="1859163364"/>
  <nd ref="1479499929"/>
  <nd ref="1859163208"/>
  <nd ref="1479499931"/>
  <nd ref="1479499933"/>
  <nd ref="1479499935"/>
  <nd ref="12090137766"/>
  <nd ref="1517034938"/>
  <nd ref="1479499937"/>
  <nd ref="1479499939"/>
  <nd ref="1479499941"/>
  <tag k="highway" v="path"/>
  <tag k="surface" v="unpaved"/>
 </way>
 <way id="138363660" visible="true" version="2" changeset="87468493" timestamp="2020-07-02T19:30:03Z" user="Pavel239" uid="354001">
  <nd ref="1103173369"/>
  <nd ref="1517034979"/>
  <nd ref="1517034987"/>
  <nd ref="7678050652"/>
  <nd ref="1517034988"/>
  <nd ref="1517034981"/>
  <nd ref="1517034962"/>
  <nd ref="1517034954"/>
  <nd ref="427543735"/>
  <tag k="highway" v="path"/>
  <tag k="surface" v="unpaved"/>
 </way>
 <way id="138363662" visible="true" version="1" changeset="9949556" timestamp="2011-11-25T22:37:14Z" user="Danidin9" uid="395588">
  <nd ref="1517034996"/>
  <nd ref="1517034995"/>
  <nd ref="1517034986"/>
  <nd ref="1517034965"/>
  <nd ref="1517034946"/>
  <nd ref="1517034942"/>
  <nd ref="1517034940"/>
  <nd ref="1517034941"/>
  <nd ref="1517034944"/>
  <nd ref="1517034958"/>
  <nd ref="1517034973"/>
  <nd ref="1517034992"/>
  <nd ref="1517034996"/>
 </way>
 <way id="138367149" visible="true" version="6" changeset="159321477" timestamp="2024-11-19T12:00:11Z" user="asdfwqer" uid="20626553">
  <nd ref="2002913312"/>
  <nd ref="1517129998"/>
  <nd ref="1517129927"/>
  <nd ref="1379925190"/>
  <nd ref="1517129964"/>
  <nd ref="1517129986"/>
  <nd ref="1517129961"/>
  <nd ref="1517129916"/>
  <nd ref="1517129906"/>
  <nd ref="1517129907"/>
  <nd ref="1517129934"/>
  <nd ref="1517129939"/>
  <nd ref="1517129936"/>
  <nd ref="1517129930"/>
  <nd ref="1517129909"/>
  <nd ref="1517129958"/>
  <nd ref="1517129966"/>
  <nd ref="1379925227"/>
  <nd ref="1517130069"/>
  <nd ref="1517130085"/>
  <nd ref="12354148931"/>
  <nd ref="12354148934"/>
  <nd ref="12354148936"/>
  <nd ref="12354148935"/>
  <nd ref="1517130226"/>
  <nd ref="1517130246"/>
  <nd ref="1517130241"/>
  <nd ref="1517130222"/>
  <nd ref="1517130214"/>
  <nd ref="2002913361"/>
  <nd ref="2002913359"/>
  <nd ref="2002913357"/>
  <nd ref="1517130212"/>
  <nd ref="1517130202"/>
  <nd ref="1517130194"/>
  <nd ref="1517130211"/>
  <nd ref="1517130199"/>
  <nd ref="1517130197"/>
  <nd ref="1517130192"/>
  <nd ref="1517130185"/>
  <nd ref="1517130129"/>
  <nd ref="2002913320"/>
  <nd ref="2002913312"/>
  <tag k="amenity" v="research_institute"/>
  <tag k="barrier" v="fence"/>
  <tag k="name" v="НИИ токов высокой частоты"/>
  <tag k="office" v="research"/>
 </way>
 <way id="138367157" visible="true" version="2" changeset="13799503" timestamp="2012-11-08T17:03:35Z" user="Danidin9" uid="395588">
  <nd ref="2002913241"/>
  <nd ref="2002913240"/>
  <nd ref="2002913211"/>
  <nd ref="2002913167"/>
  <nd ref="2002913152"/>
  <nd ref="2002913146"/>
  <nd ref="2002913184"/>
  <nd ref="2002913223"/>
  <nd ref="2002913246"/>
  <nd ref="2002913244"/>
  <nd ref="2002913260"/>
  <nd ref="1417971519"/>
  <nd ref="2002913284"/>
  <nd ref="2002913308"/>
  <nd ref="2002913315"/>
  <nd ref="2002913323"/>
  <nd ref="2002913329"/>
  <nd ref="2002913326"/>
  <nd ref="2002913319"/>
  <nd ref="2002913322"/>
  <nd ref="2002913330"/>
  <nd ref="2002913342"/>
  <nd ref="2002913340"/>
  <nd ref="2002913341"/>
  <nd ref="2002913347"/>
  <nd ref="2002913348"/>
  <nd ref="2002913354"/>
  <nd ref="1517130214"/>
  <nd ref="1517130222"/>
  <nd ref="1517130247"/>
  <nd ref="1379925290"/>
  <nd ref="1379925285"/>
  <nd ref="1379925283"/>
  <nd ref="1517130211"/>
  <nd ref="1417971531"/>
  <nd ref="1417971529"/>
  <nd ref="1417971527"/>
  <nd ref="1417971525"/>
  <nd ref="1417971523"/>
  <nd ref="1417971520"/>
  <nd ref="1417971516"/>
  <nd ref="2002913241"/>
 </way>
 <way id="138367161" visible="true" version="7" changeset="76308256" timestamp="2019-10-28T16:55:24Z" user="xronos" uid="104972">
  <nd ref="2002913222"/>
  <nd ref="1517130012"/>
  <nd ref="1517130046"/>
  <nd ref="2002913235"/>
  <nd ref="2002913227"/>
  <nd ref="1517130006"/>
  <nd ref="2002913218"/>
  <nd ref="2002913204"/>
  <nd ref="2002913205"/>
  <nd ref="2002913201"/>
  <nd ref="2002913191"/>
  <nd ref="2002913188"/>
  <nd ref="2002913185"/>
  <nd ref="2002913190"/>
  <nd ref="2002913197"/>
  <nd ref="2002913202"/>
  <nd ref="2002913222"/>
  <tag k="addr:housenumber" v="1Ж"/>
  <tag k="addr:place" v="Шуваловский парк"/>
  <tag k="building" v="yes"/>
  <tag k="name" v="Малый дворец"/>
  <tag k="tourism" v="attraction"/>
 </way>
 <way id="138367166" visible="true" version="3" changeset="170094653" timestamp="2025-08-07T08:54:15Z" user="user_23034906" uid="23034906">
  <nd ref="13055768950"/>
  <nd ref="13055768949"/>
  <nd ref="13055768948"/>
  <nd ref="13055768947"/>
  <nd ref="13055768946"/>
  <nd ref="1517129897"/>
  <nd ref="13055768951"/>
  <nd ref="1517129887"/>
  <nd ref="1517129895"/>
  <nd ref="1517129899"/>
  <nd ref="13055800445"/>
  <nd ref="1517129904"/>
  <tag k="natural" v="cliff"/>
 </way>
 <way id="166862386" visible="true" version="3" changeset="155120450" timestamp="2024-08-11T20:15:52Z" user="Andrei Lazarev" uid="10884546">
  <nd ref="1517034987"/>
  <nd ref="1782848431"/>
  <nd ref="1782848435"/>
  <nd ref="1782848426"/>
  <nd ref="1782848428"/>
  <nd ref="12104953493"/>
  <nd ref="1103173317"/>
  <tag k="highway" v="path"/>
 </way>
 <way id="175307365" visible="true" version="3" changeset="155120583" timestamp="2024-08-11T20:20:09Z" user="Andrei Lazarev" uid="10884546">
  <nd ref="1859163252"/>
  <nd ref="12090146789"/>
  <nd ref="1859163208"/>
  <nd ref="3735493471"/>
  <nd ref="12090146788"/>
  <nd ref="1859163214"/>
  <nd ref="12104986296"/>
  <nd ref="12090137753"/>
  <nd ref="12090146787"/>
  <nd ref="12090146790"/>
  <nd ref="12090146786"/>
  <nd ref="12090146785"/>
  <tag k="highway" v="path"/>
  <tag k="surface" v="unpaved"/>
 </way>
 <way id="175307374" visible="true" version="2" changeset="154764722" timestamp="2024-08-03T08:57:47Z" user="Andrei Lazarev" uid="10884546">
  <nd ref="1859163364"/>
  <nd ref="1859163367"/>
  <nd ref="1859163369"/>
  <nd ref="1859163371"/>
  <nd ref="12090137767"/>
  <nd ref="1859163375"/>
  <nd ref="1859163376"/>
  <tag k="highway" v="path"/>
  <tag k="surface" v="unpaved"/>
 </way>
 <way id="186920198" visible="true" version="24" changeset="170898099" timestamp="2025-08-23T21:49:11Z" user="Константин Гам" uid="392109">
  <nd ref="270839889"/>
  <nd ref="296466094"/>
  <nd ref="270839890"/>
  <nd ref="12354148966"/>
  <nd ref="12354148925"/>
  <nd ref="1859163587"/>
  <nd ref="1361198234"/>
  <nd ref="270839892"/>
  <nd ref="1435398050"/>
  <nd ref="270839893"/>
  <nd ref="1103173322"/>
  <nd ref="270839894"/>
  <nd ref="8766302552"/>
  <nd ref="6882897047"/>
  <nd ref="6088074087"/>
  <nd ref="7709885486"/>
  <nd ref="1401901640"/>
  <nd ref="26044087"/>
  <nd ref="26044086"/>
  <tag k="highway" v="residential"/>
  <tag k="lanes" v="1"/>
  <tag k="lit" v="yes"/>
  <tag k="maxspeed" v="RU:urban"/>
  <tag k="name" v="улица Вологдина"/>
  <tag k="surface" v="asphalt"/>
 </way>
 <way id="189700003" visible="true" version="4" changeset="128254734" timestamp="2022-10-30T16:33:16Z" user="Ser9ei" uid="10524327">
  <nd ref="2002913141"/>
  <nd ref="3243260496"/>
  <nd ref="2002913361"/>
  <tag k="access" v="private"/>
  <tag k="highway" v="service"/>
  <tag k="surface" v="asphalt"/>
 </way>
 <way id="189700006" visible="true" version="3" changeset="29814562" timestamp="2015-03-28T21:07:32Z" user="Pavel47" uid="472653">
  <nd ref="2002913142"/>
  <nd ref="2002913140"/>
  <nd ref="2002913136"/>
  <nd ref="2002913138"/>
  <nd ref="2002913142"/>
  <tag k="addr:housenumber" v="1О"/>
  <tag k="addr:place" v="Шуваловский парк"/>
  <tag k="building" v="industrial"/>
 </way>
 <way id="189700010" visible="true" version="1" changeset="13799503" timestamp="2012-11-08T17:03:30Z" user="Danidin9" uid="395588">
  <nd ref="2002913282"/>
  <nd ref="2002913261"/>
  <nd ref="2002913254"/>
  <nd ref="2002913233"/>
  <nd ref="2002913221"/>
  <nd ref="2002913187"/>
  <nd ref="2002913209"/>
  <nd ref="2002913226"/>
  <nd ref="2002913219"/>
  <nd ref="2002913165"/>
  <nd ref="2002913169"/>
  <nd ref="2002913157"/>
  <nd ref="2002913145"/>
  <nd ref="2002913150"/>
  <nd ref="2002913164"/>
  <nd ref="2002913194"/>
  <nd ref="2002913215"/>
  <nd ref="2002913214"/>
  <nd ref="2002913264"/>
  <nd ref="2002913293"/>
  <nd ref="2002913309"/>
  <nd ref="2002913306"/>
  <nd ref="2002913310"/>
  <nd ref="2002913316"/>
  <nd ref="2002913327"/>
  <nd ref="2002913334"/>
  <nd ref="2002913335"/>
  <nd ref="2002913324"/>
  <nd ref="2002913317"/>
  <nd ref="2002913313"/>
  <nd ref="2002913311"/>
  <nd ref="2002913303"/>
  <nd ref="2002913290"/>
  <nd ref="2002913288"/>
  <nd ref="2002913305"/>
  <nd ref="2002913274"/>
  <nd ref="2002913271"/>
  <nd ref="2002913278"/>
  <nd ref="2002913287"/>
  <nd ref="2002913302"/>
  <nd ref="2002913282"/>
 </way>
 <way id="291507000" visible="true" version="1" changeset="23972460" timestamp="2014-07-05T19:36:54Z" user="Dinamik" uid="39040">
  <nd ref="2949674788"/>
  <nd ref="1361198234"/>
  <tag k="highway" v="service"/>
 </way>
 <way id="317983198" visible="true" version="3" changeset="128254734" timestamp="2022-10-30T16:33:16Z" user="Ser9ei" uid="10524327">
  <nd ref="3243260495"/>
  <nd ref="10140304744"/>
  <nd ref="3243260496"/>
  <nd ref="10140304743"/>
  <nd ref="10140304742"/>
  <nd ref="10140304741"/>
  <nd ref="10140304740"/>
  <nd ref="10140304739"/>
  <nd ref="10140304738"/>
  <nd ref="10140304737"/>
  <nd ref="10140304736"/>
  <nd ref="10140304735"/>
  <nd ref="10140304734"/>
  <nd ref="10140304733"/>
  <nd ref="10140304732"/>
  <nd ref="10140304731"/>
  <nd ref="10140304730"/>
  <tag k="access" v="private"/>
  <tag k="highway" v="service"/>
  <tag k="surface" v="asphalt"/>
 </way>
 <way id="444383535" visible="true" version="2" changeset="154764722" timestamp="2024-08-03T08:57:47Z" user="Andrei Lazarev" uid="10884546">
  <nd ref="1782848426"/>
  <nd ref="4418672246"/>
  <nd ref="4418672247"/>
  <nd ref="4418672248"/>
  <nd ref="4418672251"/>
  <nd ref="4418672252"/>
  <nd ref="4418672250"/>
  <nd ref="4418672249"/>
  <nd ref="12090137759"/>
  <nd ref="4418672245"/>
  <nd ref="3735493471"/>
  <nd ref="12090146789"/>
  <tag k="highway" v="path"/>
 </way>
 <way id="669368458" visible="true" version="1" changeset="67052950" timestamp="2019-02-09T16:08:25Z" user="Menak Vishap" uid="2580027">
  <nd ref="336039465"/>
  <nd ref="6268147228"/>
  <nd ref="6268147229"/>
  <nd ref="6268147230"/>
  <nd ref="6268147231"/>
  <nd ref="6268147232"/>
  <nd ref="6268147233"/>
  <nd ref="6268147234"/>
  <nd ref="6268147235"/>
  <nd ref="6268147236"/>
  <nd ref="6268147237"/>
  <nd ref="6268147238"/>
  <nd ref="6268147239"/>
  <nd ref="6268147240"/>
  <nd ref="6268147241"/>
  <nd ref="6268147242"/>
  <nd ref="6268147243"/>
  <nd ref="6268147244"/>
  <nd ref="6268147245"/>
  <nd ref="6268147246"/>
  <nd ref="6268147247"/>
  <nd ref="6268147248"/>
  <nd ref="6268147249"/>
  <nd ref="6268147252"/>
  <nd ref="6268147250"/>
  <nd ref="6268147251"/>
 </way>
 <way id="669368459" visible="true" version="2" changeset="155119716" timestamp="2024-08-11T19:53:37Z" user="Andrei Lazarev" uid="10884546">
  <nd ref="6268147251"/>
  <nd ref="1517129903"/>
  <nd ref="336039444"/>
  <nd ref="12104940935"/>
  <nd ref="12104940934"/>
  <nd ref="12104940933"/>
  <nd ref="12104940932"/>
  <nd ref="336039446"/>
  <nd ref="6268147253"/>
 </way>
 <way id="669380869" visible="true" version="1" changeset="67054638" timestamp="2019-02-09T17:16:47Z" user="Menak Vishap" uid="2580027">
  <nd ref="6268288168"/>
  <nd ref="336040014"/>
  <nd ref="336040013"/>
  <nd ref="336039443"/>
  <nd ref="3735493471"/>
  <nd ref="6268147251"/>
 </way>
 <way id="734904483" visible="true" version="1" changeset="75737266" timestamp="2019-10-15T17:33:25Z" user="LittleFishes" uid="9403399">
  <nd ref="6882897040"/>
  <nd ref="6882897041"/>
  <nd ref="6882897042"/>
  <nd ref="6882897043"/>
  <nd ref="6882897044"/>
  <nd ref="6882897045"/>
  <nd ref="6882897046"/>
  <tag k="highway" v="path"/>
 </way>
 <way id="822311296" visible="true" version="1" changeset="87468493" timestamp="2020-07-02T19:30:03Z" user="Pavel239" uid="354001">
  <nd ref="4418672247"/>
  <nd ref="7678050656"/>
  <nd ref="7678050652"/>
  <tag k="highway" v="footway"/>
 </way>
 <way id="1002072438" visible="true" version="2" changeset="154764722" timestamp="2024-08-03T08:57:47Z" user="Andrei Lazarev" uid="10884546">
  <nd ref="1517034981"/>
  <nd ref="9248588984"/>
  <nd ref="9248588985"/>
  <nd ref="9248588986"/>
  <nd ref="9248588987"/>
  <nd ref="9248588988"/>
  <nd ref="12090146782"/>
  <nd ref="9248588989"/>
  <nd ref="9248588990"/>
  <nd ref="1103173355"/>
  <tag k="highway" v="path"/>
 </way>
 <way id="1305368658" visible="true" version="1" changeset="154764722" timestamp="2024-08-03T08:57:47Z" user="Andrei Lazarev" uid="10884546">
  <nd ref="12090137752"/>
  <nd ref="12090137751"/>
  <nd ref="12090137750"/>
  <nd ref="12090137749"/>
  <nd ref="12090137748"/>
  <tag k="highway" v="path"/>
 </way>
 <way id="1305368659" visible="true" version="1" changeset="154764722" timestamp="2024-08-03T08:57:47Z" user="Andrei Lazarev" uid="10884546">
  <nd ref="12090137759"/>
  <nd ref="12090137758"/>
  <nd ref="12090137757"/>
  <nd ref="12090137756"/>
  <nd ref="12090137755"/>
  <nd ref="12090137754"/>
  <nd ref="12090137753"/>
  <tag k="highway" v="path"/>
 </way>
 <way id="1305368661" visible="true" version="1" changeset="154764722" timestamp="2024-08-03T08:57:47Z" user="Andrei Lazarev" uid="10884546">
  <nd ref="12090137765"/>
  <nd ref="12090137764"/>
  <nd ref="12090137768"/>
  <tag k="highway" v="path"/>
 </way>
 <way id="1305368663" visible="true" version="1" changeset="154764722" timestamp="2024-08-03T08:57:47Z" user="Andrei Lazarev" uid="10884546">
  <nd ref="12090146774"/>
  <nd ref="12090146773"/>
  <nd ref="12090146772"/>
  <nd ref="1103173278"/>
  <tag k="highway" v="path"/>
 </way>
 <way id="1305368664" visible="true" version="1" changeset="154764722" timestamp="2024-08-03T08:57:47Z" user="Andrei Lazarev" uid="10884546">
  <nd ref="12090146777"/>
  <nd ref="12090146774"/>
  <nd ref="4418672252"/>
  <nd ref="12090146783"/>
  <nd ref="12090146778"/>
  <nd ref="12090146777"/>
  <nd ref="12090146776"/>
  <nd ref="12090146775"/>
  <tag k="highway" v="path"/>
 </way>
 <way id="1305368665" visible="true" version="2" changeset="155119606" timestamp="2024-08-11T19:50:25Z" user="Andrei Lazarev" uid="10884546">
  <nd ref="1103173303"/>
  <nd ref="12090146784"/>
  <nd ref="12090146783"/>
  <nd ref="12090146782"/>
  <nd ref="12104947601"/>
  <nd ref="12090146781"/>
  <nd ref="12090146780"/>
  <nd ref="12090146779"/>
  <nd ref="1103173294"/>
  <tag k="highway" v="path"/>
 </way>
 <way id="1305368671" visible="true" version="1" changeset="154764722" timestamp="2024-08-03T08:57:47Z" user="Andrei Lazarev" uid="10884546">
  <nd ref="1401901651"/>
  <nd ref="12090137748"/>
  <nd ref="12090146811"/>
  <nd ref="12090146810"/>
  <nd ref="12090146809"/>
  <nd ref="12090146808"/>
  <nd ref="12090146807"/>
  <nd ref="12090146806"/>
  <nd ref="12090146805"/>
  <nd ref="12090146804"/>
  <nd ref="12090146799"/>
  <nd ref="12090146803"/>
  <nd ref="12090146797"/>
  <nd ref="12090146802"/>
  <nd ref="12090146801"/>
  <tag k="highway" v="path"/>
 </way>
 <way id="1307107867" visible="true" version="1" changeset="155119529" timestamp="2024-08-11T19:48:03Z" user="Andrei Lazarev" uid="10884546">
  <nd ref="1108164674"/>
  <nd ref="12104886335"/>
  <nd ref="12104886334"/>
  <nd ref="12104886333"/>
  <nd ref="12104886332"/>
  <tag k="highway" v="path"/>
 </way>
 <way id="1307108119" visible="true" version="1" changeset="155119606" timestamp="2024-08-11T19:50:25Z" user="Andrei Lazarev" uid="10884546">
  <nd ref="12090146790"/>
  <nd ref="12090146791"/>
  <nd ref="1401901665"/>
  <tag k="highway" v="path"/>
 </way>
 <way id="1307108120" visible="true" version="1" changeset="155119606" timestamp="2024-08-11T19:50:25Z" user="Andrei Lazarev" uid="10884546">
  <nd ref="12104947601"/>
  <nd ref="12104779900"/>
  <nd ref="12104779899"/>
  <tag k="highway" v="path"/>
 </way>
 <way id="1307108121" visible="true" version="1" changeset="155119606" timestamp="2024-08-11T19:50:25Z" user="Andrei Lazarev" uid="10884546">
  <nd ref="12090137756"/>
  <nd ref="12104947605"/>
  <nd ref="12104947604"/>
  <nd ref="12104947603"/>
  <nd ref="12104947602"/>
  <nd ref="12090146790"/>
  <tag k="highway" v="path"/>
 </way>
 <way id="1307108968" visible="true" version="1" changeset="155119716" timestamp="2024-08-11T19:53:37Z" user="Andrei Lazarev" uid="10884546">
  <nd ref="12104940947"/>
  <nd ref="12104940946"/>
  <nd ref="12104940945"/>
  <nd ref="12104940944"/>
  <nd ref="12104940943"/>
  <nd ref="12104940942"/>
  <nd ref="12104940937"/>
  <nd ref="12104940936"/>
  <nd ref="12104940941"/>
  <nd ref="12104940940"/>
  <nd ref="12104940939"/>
  <nd ref="12104940938"/>
  <nd ref="12104940947"/>
  <tag k="natural" v="scrub"/>
 </way>
 <way id="1307113512" visible="true" version="2" changeset="166988261" timestamp="2025-05-30T19:46:19Z" user="Andrei Lazarev" uid="10884546">
  <nd ref="12104986296"/>
  <nd ref="1401901656"/>
  <nd ref="12875973404"/>
  <nd ref="12875973403"/>
  <nd ref="12090146787"/>
  <tag k="highway" v="path"/>
 </way>
 <way id="1313229707" visible="true" version="1" changeset="156183677" timestamp="2024-09-04T12:21:31Z" user="Andrei Lazarev" uid="10884546">
  <nd ref="12090146772"/>
  <nd ref="12155317411"/>
  <nd ref="12155317410"/>
  <nd ref="12155317409"/>
  <nd ref="12155317408"/>
  <nd ref="12155317407"/>
  <tag k="highway" v="path"/>
 </way>
 <way id="1335373311" visible="true" version="1" changeset="159321477" timestamp="2024-11-19T12:00:11Z" user="asdfwqer" uid="20626553">
  <nd ref="1361198234"/>
  <nd ref="12354148919"/>
  <nd ref="12354148928"/>
  <nd ref="12354148923"/>
  <nd ref="12354148920"/>
  <nd ref="12354148921"/>
  <nd ref="2949674791"/>
  <nd ref="12354148922"/>
  <nd ref="12354148941"/>
  <nd ref="12354148942"/>
  <tag k="highway" v="path"/>
 </way>
 <way id="1335373315" visible="true" version="1" changeset="159321477" timestamp="2024-11-19T12:00:11Z" user="asdfwqer" uid="20626553">
  <nd ref="12354148931"/>
  <nd ref="12354148932"/>
  <nd ref="12354148933"/>
  <nd ref="12354148934"/>
  <nd ref="12354148931"/>
  <tag k="building" v="yes"/>
 </way>
 <way id="1335373316" visible="true" version="1" changeset="159321477" timestamp="2024-11-19T12:00:11Z" user="asdfwqer" uid="20626553">
  <nd ref="12354148936"/>
  <nd ref="12354148937"/>
  <nd ref="12354148938"/>
  <nd ref="12354148939"/>
  <nd ref="12354148936"/>
  <tag k="building" v="yes"/>
 </way>
 <way id="1420692673" visible="true" version="2" changeset="170094653" timestamp="2025-08-07T08:54:15Z" user="user_23034906" uid="23034906">
  <nd ref="13055800438"/>
  <nd ref="13055800439"/>
  <nd ref="13055800440"/>
  <nd ref="13055768962"/>
  <nd ref="13055800441"/>
  <nd ref="13055800442"/>
  <nd ref="13055800443"/>
  <nd ref="1517129904"/>
  <nd ref="13055800444"/>
  <tag k="natural" v="cliff"/>
 </way>
 <way id="1420692675" visible="true" version="1" changeset="170093323" timestamp="2025-08-07T08:19:42Z" user="user_23034906" uid="23034906">
  <nd ref="1103173305"/>
  <nd ref="1103173382"/>
  <nd ref="1103173340"/>
  <nd ref="12104779895"/>
  <nd ref="1103173287"/>
  <nd ref="1103173362"/>
  <nd ref="1401901689"/>
  <nd ref="1103173318"/>
  <nd ref="1103173257"/>
  <nd ref="12090146785"/>
  <nd ref="1103173345"/>
  <nd ref="1103173294"/>
  <nd ref="12104779899"/>
  <tag k="highway" v="footway"/>
  <tag k="surface" v="unpaved"/>
 </way>
 <way id="1420692677" visible="true" version="1" changeset="170093323" timestamp="2025-08-07T08:19:42Z" user="user_23034906" uid="23034906">
  <nd ref="1435398046"/>
  <nd ref="1957103112"/>
  <nd ref="12354148930"/>
  <nd ref="1435398048"/>
  <nd ref="1435398049"/>
  <nd ref="1435398050"/>
  <tag k="highway" v="footway"/>
 </way>
 <way id="1420699532" visible="true" version="1" changeset="170094653" timestamp="2025-08-07T08:54:15Z" user="user_23034906" uid="23034906">
  <nd ref="13055768951"/>
  <nd ref="13055768952"/>
  <nd ref="13055768953"/>
  <tag k="natural" v="cliff"/>
 </way>
 <way id="1420699533" visible="true" version="1" changeset="170094653" timestamp="2025-08-07T08:54:15Z" user="user_23034906" uid="23034906">
  <nd ref="13055768953"/>
  <nd ref="13055768954"/>
  <nd ref="13055768955"/>
  <nd ref="13055768956"/>
  <nd ref="13055768957"/>
  <nd ref="13055768963"/>
  <nd ref="13055768958"/>
  <nd ref="13055768959"/>
  <nd ref="13055768960"/>
  <nd ref="13055768961"/>
  <nd ref="13055768962"/>
  <tag k="natural" v="earth_bank"/>
 </way>
 <relation id="1375813" visible="true" version="6" changeset="155119716" timestamp="2024-08-11T19:53:37Z" user="Andrei Lazarev" uid="10884546">
  <member type="way" ref="95099613" role="outer"/>
  <member type="way" ref="669380871" role="outer"/>
  <member type="way" ref="669380869" role="outer"/>
  <member type="way" ref="669368459" role="outer"/>
  <member type="way" ref="669368460" role="outer"/>
  <member type="way" ref="138363664" role="outer"/>
  <member type="way" ref="95099614" role="outer"/>
  <member type="way" ref="138363667" role="outer"/>
  <member type="way" ref="95099627" role="outer"/>
  <member type="way" ref="138363680" role="outer"/>
  <member type="way" ref="138363679" role="outer"/>
  <member type="way" ref="134586117" role="outer"/>
  <member type="way" ref="138363671" role="outer"/>
  <member type="way" ref="138363670" role="outer"/>
  <member type="way" ref="138363669" role="outer"/>
  <member type="way" ref="138363673" role="outer"/>
  <member type="way" ref="138363668" role="outer"/>
  <member type="way" ref="138363675" role="outer"/>
  <member type="way" ref="25881260" role="inner"/>
  <member type="way" ref="1307108968" role="inner"/>
  <tag k="landuse" v="grass"/>
  <tag k="type" v="multipolygon"/>
 </relation>
 <relation id="1598486" visible="true" version="21" changeset="170093323" timestamp="2025-08-07T08:19:42Z" user="user_23034906" uid="23034906">
  <member type="way" ref="37284416" role="inner"/>
  <member type="way" ref="36772265" role="inner"/>
  <member type="way" ref="95099172" role="inner"/>
  <member type="way" ref="95099171" role="inner"/>
  <member type="way" ref="669380868" role="outer"/>
  <member type="way" ref="95099067" role="outer"/>
  <member type="way" ref="114577019" role="outer"/>
  <member type="way" ref="669368461" role="outer"/>
  <member type="way" ref="669368460" role="outer"/>
  <member type="way" ref="138363665" role="outer"/>
  <member type="way" ref="138363679" role="outer"/>
  <member type="way" ref="138363663" role="outer"/>
  <member type="way" ref="138363675" role="outer"/>
  <member type="way" ref="138363666" role="outer"/>
  <member type="way" ref="138363669" role="outer"/>
  <member type="way" ref="138363677" role="outer"/>
  <member type="way" ref="95099613" role="outer"/>
  <member type="way" ref="669380873" role="outer"/>
  <member type="way" ref="138367168" role="outer"/>
  <member type="way" ref="669380874" role="outer"/>
  <member type="way" ref="669366337" role="outer"/>
  <member type="way" ref="669366356" role="outer"/>
  <member type="way" ref="669366354" role="outer"/>
  <member type="way" ref="669366339" role="outer"/>
  <member type="way" ref="669366341" role="outer"/>
  <member type="way" ref="669366345" role="outer"/>
  <member type="way" ref="669377331" role="outer"/>
  <member type="way" ref="669377332" role="outer"/>
  <member type="way" ref="669380872" role="outer"/>
  <member type="way" ref="669380869" role="outer"/>
  <member type="way" ref="669368458" role="outer"/>
  <member type="way" ref="669368457" role="outer"/>
  <member type="way" ref="138363672" role="outer"/>
  <member type="way" ref="95099627" role="outer"/>
  <member type="way" ref="138363678" role="inner"/>
  <member type="way" ref="138363671" role="outer"/>
  <member type="way" ref="138363674" role="outer"/>
  <member type="way" ref="95099614" role="outer"/>
  <member type="way" ref="138363676" role="outer"/>
  <member type="way" ref="138367171" role="inner"/>
  <member type="way" ref="138367165" role="inner"/>
  <member type="way" ref="138367157" role="inner"/>
  <member type="way" ref="189700010" role="inner"/>
  <member type="way" ref="669370819" role="inner"/>
  <member type="way" ref="669370820" role="inner"/>
  <member type="way" ref="669383800" role="outer"/>
  <member type="way" ref="669383799" role="outer"/>
  <member type="way" ref="669383801" role="outer"/>
  <tag k="leaf_cycle" v="deciduous"/>
  <tag k="leaf_type" v="broadleaved"/>
  <tag k="natural" v="wood"/>
  <tag k="type" v="multipolygon"/>
 </relation>
 <relation id="1692338" visible="true" version="27" changeset="163611140" timestamp="2025-03-14T13:48:43Z" user="MosKartograf" uid="382604">
  <member type="way" ref="1367333796" role="outer"/>
  <member type="way" ref="1367333790" role="outer"/>
  <member type="way" ref="1367333791" role="outer"/>
  <member type="way" ref="1367333781" role="outer"/>
  <member type="way" ref="1367333783" role="outer"/>
  <member type="way" ref="1367333767" role="outer"/>
  <member type="way" ref="123874541" role="outer"/>
  <member type="way" ref="1367333760" role="outer"/>
  <member type="way" ref="123874552" role="inner"/>
  <member type="way" ref="123874549" role="inner"/>
  <member type="way" ref="1367333771" role="outer"/>
  <member type="way" ref="123874544" role="outer"/>
  <member type="way" ref="1367333797" role="outer"/>
  <member type="way" ref="1367333798" role="outer"/>
  <member type="way" ref="1367333757" role="outer"/>
  <member type="way" ref="123874546" role="outer"/>
  <member type="way" ref="1367333774" role="outer"/>
  <member type="way" ref="1367333769" role="outer"/>
  <member type="way" ref="123874545" role="outer"/>
  <tag k="leisure" v="park"/>
  <tag k="name" v="Шуваловский парк"/>
  <tag k="note" v="граница объекта Всемирного наследия в другом отношении"/>
  <tag k="type" v="multipolygon"/>
  <tag k="wikidata" v="Q2753218"/>
  <tag k="wikipedia" v="ru:Шуваловский парк"/>
 </relation>
 <relation id="9310883" visible="true" version="6" changeset="67055179" timestamp="2019-02-09T17:39:10Z" user="Menak Vishap" uid="2580027">
  <member type="way" ref="669368462" role="outer"/>
  <member type="way" ref="669368461" role="outer"/>
  <member type="way" ref="669368459" role="outer"/>
  <member type="way" ref="669368458" role="outer"/>
  <member type="way" ref="138363662" role="inner"/>
  <member type="way" ref="669368535" role="inner"/>
  <member type="way" ref="669377338" role="outer"/>
  <member type="way" ref="669380874" role="outer"/>
  <member type="way" ref="669380870" role="outer"/>
  <member type="way" ref="669380873" role="outer"/>
  <member type="way" ref="669380871" role="outer"/>
  <member type="way" ref="669380872" role="outer"/>
  <member type="way" ref="669380875" role="outer"/>
  <member type="way" ref="669380876" role="outer"/>
  <member type="way" ref="669380877" role="outer"/>
  <member type="way" ref="669383798" role="outer"/>
  <member type="way" ref="669383801" role="outer"/>
  <member type="way" ref="669383802" role="outer"/>
  <tag k="leaf_cycle" v="mixed"/>
  <tag k="leaf_type" v="mixed"/>
  <tag k="natural" v="wood"/>
  <tag k="type" v="multipolygon"/>
 </relation>
</osm>
