{
  "type": "FeatureCollection",
  "name": "moscow_center_+1_+2_2f59b7ad_mixed_scale",
  "crs": {
    "type": "name",
    "properties": {
      "name": "EPSG:4326"
    }
  },
  "metadata": {
    "dataset_version": "osm_building_anchored_routing_scenes_v3",
    "parent_scene_id": "moscow_center_+1_+2_2f59b7ad",
    "split": "test",
    "city": "Москва",
    "seed": "moscow_center",
    "research_bucket": "mixed_scale",
    "source_research_bucket": "refusal",
    "research_bucket_is_ground_truth": false,
    "bbox_south_west_north_east": [
      55.7620882,
      37.6420433,
      55.7647831,
      37.6468333
    ],
    "real_data_source": "OpenStreetMap via Overpass API",
    "source_file": "data/real_geojson_places/refusal/023_moscow_center_+1_+2_2f59b7ad.geojson",
    "real_layers": [
      "restrictions",
      "consumer_building_footprints"
    ],
    "synthetic_layers": [
      "source",
      "heat_network",
      "heat_chamber",
      "heat_demand"
    ],
    "consumer_selection": "deterministic points inside real OSM building footprints",
    "flow_model": "synthetic proxy derived from building footprint area; not metered demand",
    "note": "OSM buildings anchor consumers; heat demand and seed network are synthetic proxies."
  },
  "features": [
    {
      "type": "Feature",
      "properties": {
        "id": "moscow_center_+1_+2_2f59b7ad_mixed_scale_osm_way_22143842_1",
        "object_type": "restriction",
        "restriction_type": "road",
        "name": "Большой Харитоньевский переулок",
        "osm_kind": "road",
        "osm_id": 22143842,
        "osm_type": "way",
        "osm_tags": {
          "highway": "unclassified",
          "name": "Большой Харитоньевский переулок"
        },
        "case_id": "moscow_center_+1_+2_2f59b7ad_mixed_scale"
      },
      "geometry": {
        "type": "LineString",
        "coordinates": [
          [
            37.6423616,
            55.7633736
          ],
          [
            37.642397,
            55.7633957
          ],
          [
            37.6424241,
            55.7634125
          ],
          [
            37.6427491,
            55.7636111
          ],
          [
            37.6428918,
            55.7636983
          ],
          [
            37.6429851,
            55.7637549
          ],
          [
            37.6430199,
            55.7637747
          ],
          [
            37.6431857,
            55.7638596
          ]
        ]
      }
    },
    {
      "type": "Feature",
      "properties": {
        "id": "moscow_center_+1_+2_2f59b7ad_mixed_scale_osm_way_22564963_2",
        "object_type": "restriction",
        "restriction_type": "road",
        "name": "",
        "osm_kind": "road",
        "osm_id": 22564963,
        "osm_type": "way",
        "osm_tags": {
          "highway": "service"
        },
        "case_id": "moscow_center_+1_+2_2f59b7ad_mixed_scale"
      },
      "geometry": {
        "type": "LineString",
        "coordinates": [
          [
            37.6436725,
            55.763379
          ],
          [
            37.6436456,
            55.7633648
          ],
          [
            37.6433859,
            55.7635181
          ],
          [
            37.6431359,
            55.7636658
          ],
          [
            37.6430441,
            55.76372
          ],
          [
            37.6429851,
            55.7637549
          ]
        ]
      }
    },
    {
      "type": "Feature",
      "properties": {
        "id": "moscow_center_+1_+2_2f59b7ad_mixed_scale_osm_way_22576303_3",
        "object_type": "restriction",
        "restriction_type": "road",
        "name": "улица Чаплыгина",
        "osm_kind": "road",
        "osm_id": 22576303,
        "osm_type": "way",
        "osm_tags": {
          "highway": "residential",
          "name": "улица Чаплыгина"
        },
        "case_id": "moscow_center_+1_+2_2f59b7ad_mixed_scale"
      },
      "geometry": {
        "type": "LineString",
        "coordinates": [
          [
            37.649215,
            55.762012
          ],
          [
            37.6491916,
            55.762028
          ],
          [
            37.6491379,
            55.7620631
          ],
          [
            37.6488501,
            55.7622596
          ],
          [
            37.648653,
            55.7623952
          ],
          [
            37.6485776,
            55.7624451
          ],
          [
            37.6483298,
            55.7626038
          ],
          [
            37.6481297,
            55.7627307
          ],
          [
            37.6480757,
            55.7627652
          ],
          [
            37.6479491,
            55.7628455
          ],
          [
            37.6479019,
            55.7628756
          ],
          [
            37.6477106,
            55.7629976
          ],
          [
            37.6476494,
            55.7630365
          ],
          [
            37.6475907,
            55.763074
          ],
          [
            37.6472906,
            55.7632638
          ],
          [
            37.6472422,
            55.7632944
          ],
          [
            37.6471824,
            55.7633319
          ],
          [
            37.6471478,
            55.7633537
          ],
          [
            37.6468797,
            55.7635196
          ],
          [
            37.646483,
            55.7637652
          ],
          [
            37.6460483,
            55.7640342
          ],
          [
            37.6457889,
            55.7641954
          ],
          [
            37.6456859,
            55.7642613
          ],
          [
            37.6455653,
            55.7643384
          ],
          [
            37.6454504,
            55.7644225
          ],
          [
            37.6453369,
            55.7645057
          ]
        ]
      }
    },
    {
      "type": "Feature",
      "properties": {
        "id": "moscow_center_+1_+2_2f59b7ad_mixed_scale_osm_way_22576605_4",
        "object_type": "restriction",
        "restriction_type": "road",
        "name": "улица Жуковского",
        "osm_kind": "road",
        "osm_id": 22576605,
        "osm_type": "way",
        "osm_tags": {
          "highway": "residential",
          "name": "улица Жуковского"
        },
        "case_id": "moscow_center_+1_+2_2f59b7ad_mixed_scale"
      },
      "geometry": {
        "type": "LineString",
        "coordinates": [
          [
            37.6444516,
            55.7644615
          ],
          [
            37.6445064,
            55.7644116
          ],
          [
            37.6446636,
            55.7642687
          ],
          [
            37.6447139,
            55.764223
          ],
          [
            37.6453258,
            55.7636209
          ],
          [
            37.6454302,
            55.7635202
          ],
          [
            37.6454647,
            55.7634912
          ],
          [
            37.6456644,
            55.7633397
          ],
          [
            37.6458181,
            55.7632448
          ],
          [
            37.6458926,
            55.7631988
          ],
          [
            37.6459665,
            55.7631521
          ],
          [
            37.6459734,
            55.7631477
          ],
          [
            37.6463183,
            55.7629297
          ],
          [
            37.646365,
            55.7629018
          ]
        ]
      }
    },
    {
      "type": "Feature",
      "properties": {
        "id": "moscow_center_+1_+2_2f59b7ad_mixed_scale_osm_way_24456327_5",
        "object_type": "restriction",
        "restriction_type": "road",
        "name": "Чистопрудный бульвар",
        "osm_kind": "major_road",
        "osm_id": 24456327,
        "osm_type": "way",
        "osm_tags": {
          "highway": "secondary",
          "name": "Чистопрудный бульвар"
        },
        "case_id": "moscow_center_+1_+2_2f59b7ad_mixed_scale"
      },
      "geometry": {
        "type": "LineString",
        "coordinates": [
          [
            37.6414116,
            55.7629873
          ],
          [
            37.6415828,
            55.762903
          ],
          [
            37.6418028,
            55.7627726
          ],
          [
            37.6421517,
            55.7625393
          ],
          [
            37.6424866,
            55.762305
          ],
          [
            37.6431965,
            55.7617928
          ],
          [
            37.6432323,
            55.76176
          ],
          [
            37.6432648,
            55.7617279
          ],
          [
            37.6440341,
            55.760801
          ],
          [
            37.6441978,
            55.760599
          ],
          [
            37.6444029,
            55.7603582
          ],
          [
            37.64449,
            55.7602559
          ],
          [
            37.644651,
            55.760061
          ]
        ]
      }
    },
    {
      "type": "Feature",
      "properties": {
        "id": "moscow_center_+1_+2_2f59b7ad_mixed_scale_osm_way_31724075_6",
        "object_type": "restriction",
        "restriction_type": "oks",
        "name": "",
        "osm_kind": "building",
        "osm_id": 31724075,
        "osm_type": "way",
        "osm_tags": {
          "building": "apartments"
        },
        "case_id": "moscow_center_+1_+2_2f59b7ad_mixed_scale"
      },
      "geometry": {
        "type": "Polygon",
        "coordinates": [
          [
            [
              37.6430756,
              55.7630952
            ],
            [
              37.6432138,
              55.7631746
            ],
            [
              37.6432431,
              55.7631924
            ],
            [
              37.6436101,
              55.7629937
            ],
            [
              37.6436258,
              55.7630028
            ],
            [
              37.6437229,
              55.7629503
            ],
            [
              37.6437075,
              55.7629413
            ],
            [
              37.643795,
              55.7628939
            ],
            [
              37.6438106,
              55.762903
            ],
            [
              37.6438698,
              55.7628704
            ],
            [
              37.6439161,
              55.7628409
            ],
            [
              37.6439657,
              55.7628118
            ],
            [
              37.6442073,
              55.762676
            ],
            [
              37.6440363,
              55.7625947
            ],
            [
              37.6437043,
              55.7627735
            ],
            [
              37.6436516,
              55.7628022
            ],
            [
              37.6435356,
              55.7628653
            ],
            [
              37.6434145,
              55.7629311
            ],
            [
              37.6433977,
              55.7629213
            ],
            [
              37.6430756,
              55.7630952
            ]
          ]
        ]
      }
    },
    {
      "type": "Feature",
      "properties": {
        "id": "moscow_center_+1_+2_2f59b7ad_mixed_scale_osm_way_31724115_7",
        "object_type": "restriction",
        "restriction_type": "oks",
        "name": "",
        "osm_kind": "building",
        "osm_id": 31724115,
        "osm_type": "way",
        "osm_tags": {
          "building": "apartments"
        },
        "case_id": "moscow_center_+1_+2_2f59b7ad_mixed_scale",
        "selected_as_heat_demand_proxy": true,
        "connection_point_id": "moscow_center_+1_+2_2f59b7ad_mixed_scale_cp_3"
      },
      "geometry": {
        "type": "Polygon",
        "coordinates": [
          [
            [
              37.6448003,
              55.7630698
            ],
            [
              37.6449523,
              55.7631361
            ],
            [
              37.6450426,
              55.7630705
            ],
            [
              37.6453161,
              55.7628719
            ],
            [
              37.645164,
              55.7628056
            ],
            [
              37.6449852,
              55.7629355
            ],
            [
              37.6449074,
              55.762992
            ],
            [
              37.6448003,
              55.7630698
            ]
          ]
        ]
      }
    },
    {
      "type": "Feature",
      "properties": {
        "id": "moscow_center_+1_+2_2f59b7ad_mixed_scale_osm_way_31724116_8",
        "object_type": "restriction",
        "restriction_type": "oks",
        "name": "",
        "osm_kind": "building",
        "osm_id": 31724116,
        "osm_type": "way",
        "osm_tags": {
          "building": "apartments"
        },
        "case_id": "moscow_center_+1_+2_2f59b7ad_mixed_scale"
      },
      "geometry": {
        "type": "Polygon",
        "coordinates": [
          [
            [
              37.6456082,
              55.7625438
            ],
            [
              37.6453821,
              55.762451
            ],
            [
              37.6453818,
              55.7624391
            ],
            [
              37.6454004,
              55.7624247
            ],
            [
              37.6453538,
              55.7624056
            ],
            [
              37.6452797,
              55.7624627
            ],
            [
              37.6450979,
              55.7623881
            ],
            [
              37.6453434,
              55.7621986
            ],
            [
              37.6455213,
              55.7622716
            ],
            [
              37.645457,
              55.7623212
            ],
            [
              37.6454977,
              55.7623379
            ],
            [
              37.6455227,
              55.7623186
            ],
            [
              37.6457691,
              55.7624197
            ],
            [
              37.6456082,
              55.7625438
            ]
          ]
        ]
      }
    },
    {
      "type": "Feature",
      "properties": {
        "id": "moscow_center_+1_+2_2f59b7ad_mixed_scale_osm_way_31724122_9",
        "object_type": "restriction",
        "restriction_type": "oks",
        "name": "",
        "osm_kind": "building",
        "osm_id": 31724122,
        "osm_type": "way",
        "osm_tags": {
          "building": "apartments"
        },
        "case_id": "moscow_center_+1_+2_2f59b7ad_mixed_scale"
      },
      "geometry": {
        "type": "Polygon",
        "coordinates": [
          [
            [
              37.6450759,
              55.7650071
            ],
            [
              37.645121,
              55.7649673
            ],
            [
              37.6451813,
              55.7649141
            ],
            [
              37.6450764,
              55.7648764
            ],
            [
              37.644959,
              55.7648342
            ],
            [
              37.644977,
              55.7648183
            ],
            [
              37.6449178,
              55.7647971
            ],
            [
              37.644904,
              55.7648093
            ],
            [
              37.6448194,
              55.7647789
            ],
            [
              37.6448336,
              55.7647665
            ],
            [
              37.6447662,
              55.7647424
            ],
            [
              37.6447458,
              55.7647603
            ],
            [
              37.6446361,
              55.764721
            ],
            [
              37.6445589,
              55.7646933
            ],
            [
              37.6445214,
              55.7646799
            ],
            [
              37.6444105,
              55.7647778
            ],
            [
              37.6444477,
              55.7647911
            ],
            [
              37.6445231,
              55.7648182
            ],
            [
              37.6445139,
              55.7648263
            ],
            [
              37.6445707,
              55.7648467
            ],
            [
              37.6445954,
              55.7648249
            ],
            [
              37.6446327,
              55.7648383
            ],
            [
              37.6446173,
              55.7648519
            ],
            [
              37.6447143,
              55.7648868
            ],
            [
              37.6447291,
              55.7648737
            ],
            [
              37.6447751,
              55.7648902
            ],
            [
              37.6447604,
              55.7649033
            ],
            [
              37.6448864,
              55.7649485
            ],
            [
              37.6448763,
              55.7649574
            ],
            [
              37.6449313,
              55.7649772
            ],
            [
              37.6449414,
              55.7649682
            ],
            [
              37.6450683,
              55.7650138
            ],
            [
              37.6450759,
              55.7650071
            ]
          ]
        ]
      }
    },
    {
      "type": "Feature",
      "properties": {
        "id": "moscow_center_+1_+2_2f59b7ad_mixed_scale_osm_way_42503280_10",
        "object_type": "restriction",
        "restriction_type": "oks",
        "name": "",
        "osm_kind": "building",
        "osm_id": 42503280,
        "osm_type": "way",
        "osm_tags": {
          "building": "apartments"
        },
        "case_id": "moscow_center_+1_+2_2f59b7ad_mixed_scale"
      },
      "geometry": {
        "type": "Polygon",
        "coordinates": [
          [
            [
              37.6470998,
              55.7632987
            ],
            [
              37.6470723,
              55.7633152
            ],
            [
              37.6469626,
              55.7633822
            ],
            [
              37.6466015,
              55.7636029
            ],
            [
              37.6464359,
              55.7637041
            ],
            [
              37.6463144,
              55.7636415
            ],
            [
              37.646418,
              55.7635783
            ],
            [
              37.6463937,
              55.7635657
            ],
            [
              37.6463921,
              55.7635489
            ],
            [
              37.6463038,
              55.7635031
            ],
            [
              37.6464172,
              55.7634339
            ],
            [
              37.6465175,
              55.7634858
            ],
            [
              37.6464956,
              55.7634992
            ],
            [
              37.6465225,
              55.7635131
            ],
            [
              37.6465671,
              55.7634869
            ],
            [
              37.646566,
              55.7634775
            ],
            [
              37.6467478,
              55.7633706
            ],
            [
              37.6467647,
              55.7633708
            ],
            [
              37.6468092,
              55.7633447
            ],
            [
              37.6467771,
              55.7633281
            ],
            [
              37.6467523,
              55.7633433
            ],
            [
              37.6466469,
              55.7632887
            ],
            [
              37.6467681,
              55.7632146
            ],
            [
              37.6468653,
              55.7632649
            ],
            [
              37.646898,
              55.7632615
            ],
            [
              37.6469101,
              55.7632677
            ],
            [
              37.6469416,
              55.7632485
            ],
            [
              37.6469678,
              55.7632306
            ],
            [
              37.6470998,
              55.7632987
            ]
          ]
        ]
      }
    },
    {
      "type": "Feature",
      "properties": {
        "id": "moscow_center_+1_+2_2f59b7ad_mixed_scale_osm_way_42503282_11",
        "object_type": "restriction",
        "restriction_type": "oks",
        "name": "",
        "osm_kind": "building",
        "osm_id": 42503282,
        "osm_type": "way",
        "osm_tags": {
          "building": "commercial"
        },
        "case_id": "moscow_center_+1_+2_2f59b7ad_mixed_scale",
        "selected_as_heat_demand_proxy": true,
        "connection_point_id": "moscow_center_+1_+2_2f59b7ad_mixed_scale_cp_8"
      },
      "geometry": {
        "type": "Polygon",
        "coordinates": [
          [
            [
              37.6462621,
              55.7636146
            ],
            [
              37.6462293,
              55.7636347
            ],
            [
              37.6461246,
              55.7636989
            ],
            [
              37.6461006,
              55.7636864
            ],
            [
              37.6460639,
              55.7637089
            ],
            [
              37.6460894,
              55.7637221
            ],
            [
              37.6457356,
              55.7639388
            ],
            [
              37.6457077,
              55.7639244
            ],
            [
              37.6456686,
              55.7639483
            ],
            [
              37.6456962,
              55.7639626
            ],
            [
              37.6455808,
              55.7640333
            ],
            [
              37.6457535,
              55.7641225
            ],
            [
              37.6462706,
              55.7638054
            ],
            [
              37.6464032,
              55.7637241
            ],
            [
              37.6464359,
              55.7637041
            ],
            [
              37.6463144,
              55.7636415
            ],
            [
              37.6462621,
              55.7636146
            ]
          ]
        ]
      }
    },
    {
      "type": "Feature",
      "properties": {
        "id": "moscow_center_+1_+2_2f59b7ad_mixed_scale_osm_way_42503284_12",
        "object_type": "restriction",
        "restriction_type": "oks",
        "name": "",
        "osm_kind": "building",
        "osm_id": 42503284,
        "osm_type": "way",
        "osm_tags": {
          "building": "office"
        },
        "case_id": "moscow_center_+1_+2_2f59b7ad_mixed_scale"
      },
      "geometry": {
        "type": "Polygon",
        "coordinates": [
          [
            [
              37.6445647,
              55.7644362
            ],
            [
              37.6450416,
              55.7646173
            ],
            [
              37.6451845,
              55.7644982
            ],
            [
              37.6449925,
              55.7644253
            ],
            [
              37.6450089,
              55.7644116
            ],
            [
              37.6449066,
              55.7643728
            ],
            [
              37.6448909,
              55.7643858
            ],
            [
              37.6447083,
              55.7643165
            ],
            [
              37.6445647,
              55.7644362
            ]
          ]
        ]
      }
    },
    {
      "type": "Feature",
      "properties": {
        "id": "moscow_center_+1_+2_2f59b7ad_mixed_scale_osm_way_42503285_13",
        "object_type": "restriction",
        "restriction_type": "oks",
        "name": "",
        "osm_kind": "building",
        "osm_id": 42503285,
        "osm_type": "way",
        "osm_tags": {
          "building": "hotel"
        },
        "case_id": "moscow_center_+1_+2_2f59b7ad_mixed_scale"
      },
      "geometry": {
        "type": "Polygon",
        "coordinates": [
          [
            [
              37.6447566,
              55.7642694
            ],
            [
              37.6448928,
              55.764322
            ],
            [
              37.6450407,
              55.7642011
            ],
            [
              37.6451179,
              55.7642309
            ],
            [
              37.6450949,
              55.7642498
            ],
            [
              37.6453729,
              55.7643589
            ],
            [
              37.6454686,
              55.7642876
            ],
            [
              37.6453578,
              55.7642432
            ],
            [
              37.6449606,
              55.7640822
            ],
            [
              37.6447566,
              55.7642694
            ]
          ]
        ]
      }
    },
    {
      "type": "Feature",
      "properties": {
        "id": "moscow_center_+1_+2_2f59b7ad_mixed_scale_osm_way_42503287_14",
        "object_type": "restriction",
        "restriction_type": "oks",
        "name": "",
        "osm_kind": "building",
        "osm_id": 42503287,
        "osm_type": "way",
        "osm_tags": {
          "building": "hospital"
        },
        "case_id": "moscow_center_+1_+2_2f59b7ad_mixed_scale",
        "selected_as_heat_demand_proxy": true,
        "connection_point_id": "moscow_center_+1_+2_2f59b7ad_mixed_scale_cp_7"
      },
      "geometry": {
        "type": "Polygon",
        "coordinates": [
          [
            [
              37.6454686,
              55.7642876
            ],
            [
              37.6456516,
              55.7641792
            ],
            [
              37.6452808,
              55.7640122
            ],
            [
              37.6453125,
              55.7639809
            ],
            [
              37.6453314,
              55.7639868
            ],
            [
              37.6453738,
              55.7639449
            ],
            [
              37.6453548,
              55.763939
            ],
            [
              37.6451662,
              55.7638803
            ],
            [
              37.6450342,
              55.7640147
            ],
            [
              37.6453509,
              55.7641431
            ],
            [
              37.645322,
              55.7641649
            ],
            [
              37.6453663,
              55.7641829
            ],
            [
              37.6453498,
              55.7641953
            ],
            [
              37.645396,
              55.7642147
            ],
            [
              37.6453578,
              55.7642432
            ],
            [
              37.6454686,
              55.7642876
            ]
          ]
        ]
      }
    },
    {
      "type": "Feature",
      "properties": {
        "id": "moscow_center_+1_+2_2f59b7ad_mixed_scale_osm_way_42503290_15",
        "object_type": "restriction",
        "restriction_type": "oks",
        "name": "",
        "osm_kind": "building",
        "osm_id": 42503290,
        "osm_type": "way",
        "osm_tags": {
          "building": "apartments"
        },
        "case_id": "moscow_center_+1_+2_2f59b7ad_mixed_scale"
      },
      "geometry": {
        "type": "Polygon",
        "coordinates": [
          [
            [
              37.6451662,
              55.7638803
            ],
            [
              37.6453548,
              55.763939
            ],
            [
              37.6453801,
              55.7639091
            ],
            [
              37.6454294,
              55.7639014
            ],
            [
              37.6454982,
              55.7639212
            ],
            [
              37.6455203,
              55.7639262
            ],
            [
              37.6455645,
              55.7638815
            ],
            [
              37.6455896,
              55.7638894
            ],
            [
              37.6456142,
              55.7638645
            ],
            [
              37.6455891,
              55.7638566
            ],
            [
              37.6456365,
              55.7638086
            ],
            [
              37.6455484,
              55.7637776
            ],
            [
              37.6455193,
              55.7637551
            ],
            [
              37.6455423,
              55.763731
            ],
            [
              37.6454054,
              55.7636783
            ],
            [
              37.6453807,
              55.7636692
            ],
            [
              37.6452735,
              55.7637747
            ],
            [
              37.6451662,
              55.7638803
            ]
          ]
        ]
      }
    },
    {
      "type": "Feature",
      "properties": {
        "id": "moscow_center_+1_+2_2f59b7ad_mixed_scale_osm_way_42503292_16",
        "object_type": "restriction",
        "restriction_type": "oks",
        "name": "",
        "osm_kind": "building",
        "osm_id": 42503292,
        "osm_type": "way",
        "osm_tags": {
          "building": "apartments"
        },
        "case_id": "moscow_center_+1_+2_2f59b7ad_mixed_scale"
      },
      "geometry": {
        "type": "Polygon",
        "coordinates": [
          [
            [
              37.6454054,
              55.7636783
            ],
            [
              37.6455423,
              55.763731
            ],
            [
              37.6455721,
              55.7637065
            ],
            [
              37.6456042,
              55.7636801
            ],
            [
              37.6456369,
              55.7636927
            ],
            [
              37.6458629,
              55.7635052
            ],
            [
              37.6459312,
              55.7634485
            ],
            [
              37.6457746,
              55.76337
            ],
            [
              37.6456998,
              55.7634314
            ],
            [
              37.6456794,
              55.7634235
            ],
            [
              37.6456404,
              55.7634557
            ],
            [
              37.6456631,
              55.7634644
            ],
            [
              37.6455592,
              55.7635499
            ],
            [
              37.6455409,
              55.7635429
            ],
            [
              37.6454997,
              55.7635768
            ],
            [
              37.6455195,
              55.7635844
            ],
            [
              37.6454307,
              55.7636574
            ],
            [
              37.6454054,
              55.7636783
            ]
          ]
        ]
      }
    },
    {
      "type": "Feature",
      "properties": {
        "id": "moscow_center_+1_+2_2f59b7ad_mixed_scale_osm_way_42503294_17",
        "object_type": "restriction",
        "restriction_type": "oks",
        "name": "",
        "osm_kind": "building",
        "osm_id": 42503294,
        "osm_type": "way",
        "osm_tags": {
          "building": "apartments"
        },
        "case_id": "moscow_center_+1_+2_2f59b7ad_mixed_scale"
      },
      "geometry": {
        "type": "Polygon",
        "coordinates": [
          [
            [
              37.6457392,
              55.7633523
            ],
            [
              37.6457746,
              55.76337
            ],
            [
              37.6459312,
              55.7634485
            ],
            [
              37.645983,
              55.7634158
            ],
            [
              37.6459952,
              55.7634219
            ],
            [
              37.646069,
              55.7633752
            ],
            [
              37.6460939,
              55.7633876
            ],
            [
              37.646185,
              55.7633301
            ],
            [
              37.6460755,
              55.7632752
            ],
            [
              37.6461432,
              55.7632325
            ],
            [
              37.6461704,
              55.7632153
            ],
            [
              37.6460509,
              55.7631554
            ],
            [
              37.6460226,
              55.7631733
            ],
            [
              37.6458944,
              55.7632543
            ],
            [
              37.6457392,
              55.7633523
            ]
          ]
        ]
      }
    },
    {
      "type": "Feature",
      "properties": {
        "id": "moscow_center_+1_+2_2f59b7ad_mixed_scale_osm_way_42503296_18",
        "object_type": "restriction",
        "restriction_type": "oks",
        "name": "",
        "osm_kind": "building",
        "osm_id": 42503296,
        "osm_type": "way",
        "osm_tags": {
          "building": "apartments"
        },
        "case_id": "moscow_center_+1_+2_2f59b7ad_mixed_scale"
      },
      "geometry": {
        "type": "Polygon",
        "coordinates": [
          [
            [
              37.6460509,
              55.7631554
            ],
            [
              37.6461704,
              55.7632153
            ],
            [
              37.646225,
              55.7632427
            ],
            [
              37.6463713,
              55.7631502
            ],
            [
              37.6463971,
              55.7631632
            ],
            [
              37.6463316,
              55.7632045
            ],
            [
              37.6464324,
              55.763255
            ],
            [
              37.6464894,
              55.763219
            ],
            [
              37.6465316,
              55.7632402
            ],
            [
              37.646648,
              55.7631667
            ],
            [
              37.6464721,
              55.7630785
            ],
            [
              37.6465331,
              55.7630399
            ],
            [
              37.6465624,
              55.7630214
            ],
            [
              37.6465373,
              55.7630089
            ],
            [
              37.6463955,
              55.7629378
            ],
            [
              37.6463675,
              55.7629555
            ],
            [
              37.646244,
              55.7630335
            ],
            [
              37.6460509,
              55.7631554
            ]
          ]
        ]
      }
    },
    {
      "type": "Feature",
      "properties": {
        "id": "moscow_center_+1_+2_2f59b7ad_mixed_scale_osm_way_42503298_19",
        "object_type": "restriction",
        "restriction_type": "oks",
        "name": "",
        "osm_kind": "building",
        "osm_id": 42503298,
        "osm_type": "way",
        "osm_tags": {
          "building": "service"
        },
        "case_id": "moscow_center_+1_+2_2f59b7ad_mixed_scale"
      },
      "geometry": {
        "type": "Polygon",
        "coordinates": [
          [
            [
              37.6470275,
              55.7625782
            ],
            [
              37.64701,
              55.7625779
            ],
            [
              37.6469943,
              55.7625804
            ],
            [
              37.6469788,
              55.7625847
            ],
            [
              37.6469662,
              55.7625913
            ],
            [
              37.6467902,
              55.762701
            ],
            [
              37.6470321,
              55.7628028
            ],
            [
              37.6472327,
              55.7626679
            ],
            [
              37.6470786,
              55.7625925
            ],
            [
              37.6470603,
              55.7625847
            ],
            [
              37.6470466,
              55.7625807
            ],
            [
              37.6470275,
              55.7625782
            ]
          ]
        ]
      }
    },
    {
      "type": "Feature",
      "properties": {
        "id": "moscow_center_+1_+2_2f59b7ad_mixed_scale_osm_way_42503300_20",
        "object_type": "restriction",
        "restriction_type": "oks",
        "name": "",
        "osm_kind": "building",
        "osm_id": 42503300,
        "osm_type": "way",
        "osm_tags": {
          "building": "apartments"
        },
        "case_id": "moscow_center_+1_+2_2f59b7ad_mixed_scale"
      },
      "geometry": {
        "type": "Polygon",
        "coordinates": [
          [
            [
              37.6463955,
              55.7629378
            ],
            [
              37.6464641,
              55.7628939
            ],
            [
              37.6467376,
              55.7627186
            ],
            [
              37.6467752,
              55.7626945
            ],
            [
              37.6467902,
              55.762701
            ],
            [
              37.6470321,
              55.7628028
            ],
            [
              37.6472112,
              55.7628756
            ],
            [
              37.647146,
              55.7629166
            ],
            [
              37.6469518,
              55.7628272
            ],
            [
              37.6466289,
              55.7630257
            ],
            [
              37.6465647,
              55.7629923
            ],
            [
              37.6465373,
              55.7630089
            ],
            [
              37.6463955,
              55.7629378
            ]
          ]
        ]
      }
    },
    {
      "type": "Feature",
      "properties": {
        "id": "moscow_center_+1_+2_2f59b7ad_mixed_scale_osm_way_42503311_21",
        "object_type": "restriction",
        "restriction_type": "oks",
        "name": "Современник",
        "osm_kind": "building",
        "osm_id": 42503311,
        "osm_type": "way",
        "osm_tags": {
          "building": "theatre",
          "name": "Современник"
        },
        "case_id": "moscow_center_+1_+2_2f59b7ad_mixed_scale",
        "selected_as_heat_demand_proxy": true,
        "connection_point_id": "moscow_center_+1_+2_2f59b7ad_mixed_scale_cp_2"
      },
      "geometry": {
        "type": "Polygon",
        "coordinates": [
          [
            [
              37.6452981,
              55.7615441
            ],
            [
              37.6452809,
              55.761564
            ],
            [
              37.6452785,
              55.761586
            ],
            [
              37.6452913,
              55.7616069
            ],
            [
              37.6453174,
              55.7616234
            ],
            [
              37.6453207,
              55.7616243
            ],
            [
              37.6452645,
              55.7616753
            ],
            [
              37.6453036,
              55.7616889
            ],
            [
              37.6452867,
              55.7617042
            ],
            [
              37.6454142,
              55.7617487
            ],
            [
              37.6453712,
              55.7617898
            ],
            [
              37.6460308,
              55.7620267
            ],
            [
              37.6460839,
              55.7620458
            ],
            [
              37.6461041,
              55.7620264
            ],
            [
              37.6462931,
              55.7620913
            ],
            [
              37.6463432,
              55.7620515
            ],
            [
              37.6462895,
              55.7620127
            ],
            [
              37.6464631,
              55.7618552
            ],
            [
              37.6463679,
              55.7617825
            ],
            [
              37.645665,
              55.7615372
            ],
            [
              37.6456819,
              55.7615218
            ],
            [
              37.6455476,
              55.761475
            ],
            [
              37.6455307,
              55.7614903
            ],
            [
              37.6454857,
              55.7614746
            ],
            [
              37.6454252,
              55.7615295
            ],
            [
              37.6454037,
              55.7615236
            ],
            [
              37.6453645,
              55.7615223
            ],
            [
              37.6453275,
              55.7615295
            ],
            [
              37.6452981,
              55.7615441
            ]
          ]
        ]
      }
    },
    {
      "type": "Feature",
      "properties": {
        "id": "moscow_center_+1_+2_2f59b7ad_mixed_scale_osm_way_42503314_22",
        "object_type": "restriction",
        "restriction_type": "oks",
        "name": "Бизнес-центр «Бульварное Кольцо»",
        "osm_kind": "building",
        "osm_id": 42503314,
        "osm_type": "way",
        "osm_tags": {
          "building": "office",
          "name": "Бизнес-центр «Бульварное Кольцо»"
        },
        "case_id": "moscow_center_+1_+2_2f59b7ad_mixed_scale"
      },
      "geometry": {
        "type": "Polygon",
        "coordinates": [
          [
            [
              37.6457642,
              55.7622629
            ],
            [
              37.6460308,
              55.7620267
            ],
            [
              37.6458526,
              55.7619627
            ],
            [
              37.6453712,
              55.7617898
            ],
            [
              37.6453225,
              55.7617722
            ],
            [
              37.645267,
              55.761823
            ],
            [
              37.6450668,
              55.7620108
            ],
            [
              37.6452565,
              55.7620806
            ],
            [
              37.6454176,
              55.7621384
            ],
            [
              37.6457642,
              55.7622629
            ]
          ]
        ]
      }
    },
    {
      "type": "Feature",
      "properties": {
        "id": "moscow_center_+1_+2_2f59b7ad_mixed_scale_osm_way_42503315_23",
        "object_type": "restriction",
        "restriction_type": "oks",
        "name": "",
        "osm_kind": "building",
        "osm_id": 42503315,
        "osm_type": "way",
        "osm_tags": {
          "building": "apartments"
        },
        "case_id": "moscow_center_+1_+2_2f59b7ad_mixed_scale"
      },
      "geometry": {
        "type": "Polygon",
        "coordinates": [
          [
            [
              37.6446071,
              55.7621871
            ],
            [
              37.6447698,
              55.7622438
            ],
            [
              37.6447491,
              55.7622626
            ],
            [
              37.6448565,
              55.7623
            ],
            [
              37.6448979,
              55.7622624
            ],
            [
              37.644862,
              55.7622499
            ],
            [
              37.644976,
              55.7621464
            ],
            [
              37.6447477,
              55.7620668
            ],
            [
              37.6447419,
              55.7620648
            ],
            [
              37.6446071,
              55.7621871
            ]
          ]
        ]
      }
    },
    {
      "type": "Feature",
      "properties": {
        "id": "moscow_center_+1_+2_2f59b7ad_mixed_scale_osm_way_42503317_24",
        "object_type": "restriction",
        "restriction_type": "oks",
        "name": "",
        "osm_kind": "building",
        "osm_id": 42503317,
        "osm_type": "way",
        "osm_tags": {
          "building": "apartments"
        },
        "case_id": "moscow_center_+1_+2_2f59b7ad_mixed_scale"
      },
      "geometry": {
        "type": "Polygon",
        "coordinates": [
          [
            [
              37.6445865,
              55.7622059
            ],
            [
              37.6445518,
              55.7622375
            ],
            [
              37.6444254,
              55.7623525
            ],
            [
              37.6443777,
              55.7623959
            ],
            [
              37.6445912,
              55.762486
            ],
            [
              37.6446433,
              55.7624422
            ],
            [
              37.6447331,
              55.7623667
            ],
            [
              37.6447979,
              55.7623903
            ],
            [
              37.6448516,
              55.762344
            ],
            [
              37.644888,
              55.762312
            ],
            [
              37.6448565,
              55.7623
            ],
            [
              37.6447491,
              55.7622626
            ],
            [
              37.6445865,
              55.7622059
            ]
          ]
        ]
      }
    },
    {
      "type": "Feature",
      "properties": {
        "id": "moscow_center_+1_+2_2f59b7ad_mixed_scale_osm_way_42503318_25",
        "object_type": "restriction",
        "restriction_type": "oks",
        "name": "",
        "osm_kind": "building",
        "osm_id": 42503318,
        "osm_type": "way",
        "osm_tags": {
          "building": "apartments"
        },
        "case_id": "moscow_center_+1_+2_2f59b7ad_mixed_scale"
      },
      "geometry": {
        "type": "Polygon",
        "coordinates": [
          [
            [
              37.643027,
              55.7635545
            ],
            [
              37.6429379,
              55.7635033
            ],
            [
              37.6427031,
              55.7633683
            ],
            [
              37.6426725,
              55.7633852
            ],
            [
              37.6426121,
              55.7633504
            ],
            [
              37.6426229,
              55.7633445
            ],
            [
              37.6430756,
              55.7630952
            ],
            [
              37.6432138,
              55.7631746
            ],
            [
              37.6431486,
              55.7632105
            ],
            [
              37.6429575,
              55.7633157
            ],
            [
              37.6428913,
              55.7633521
            ],
            [
              37.6429341,
              55.7633767
            ],
            [
              37.6429715,
              55.7633561
            ],
            [
              37.6431749,
              55.7634731
            ],
            [
              37.643027,
              55.7635545
            ]
          ]
        ]
      }
    },
    {
      "type": "Feature",
      "properties": {
        "id": "moscow_center_+1_+2_2f59b7ad_mixed_scale_osm_way_42503320_26",
        "object_type": "restriction",
        "restriction_type": "oks",
        "name": "",
        "osm_kind": "building",
        "osm_id": 42503320,
        "osm_type": "way",
        "osm_tags": {
          "building": "apartments"
        },
        "case_id": "moscow_center_+1_+2_2f59b7ad_mixed_scale"
      },
      "geometry": {
        "type": "Polygon",
        "coordinates": [
          [
            [
              37.6440363,
              55.7625947
            ],
            [
              37.6442073,
              55.762676
            ],
            [
              37.6445238,
              55.7628213
            ],
            [
              37.6444918,
              55.7628433
            ],
            [
              37.6446403,
              55.7629116
            ],
            [
              37.6446723,
              55.7628896
            ],
            [
              37.6447262,
              55.7629144
            ],
            [
              37.6448073,
              55.7628605
            ],
            [
              37.6446789,
              55.7628006
            ],
            [
              37.6444213,
              55.7626806
            ],
            [
              37.644315,
              55.762631
            ],
            [
              37.644412,
              55.7625805
            ],
            [
              37.644485,
              55.7625425
            ],
            [
              37.6445527,
              55.7625723
            ],
            [
              37.6446412,
              55.7625091
            ],
            [
              37.6445912,
              55.762486
            ],
            [
              37.6443777,
              55.7623959
            ],
            [
              37.644263,
              55.7624635
            ],
            [
              37.6442207,
              55.7624884
            ],
            [
              37.6440363,
              55.7625947
            ]
          ]
        ]
      }
    },
    {
      "type": "Feature",
      "properties": {
        "id": "moscow_center_+1_+2_2f59b7ad_mixed_scale_osm_way_42503323_27",
        "object_type": "restriction",
        "restriction_type": "oks",
        "name": "",
        "osm_kind": "building",
        "osm_id": 42503323,
        "osm_type": "way",
        "osm_tags": {
          "building": "apartments"
        },
        "case_id": "moscow_center_+1_+2_2f59b7ad_mixed_scale"
      },
      "geometry": {
        "type": "Polygon",
        "coordinates": [
          [
            [
              37.6446172,
              55.7625995
            ],
            [
              37.6448556,
              55.762701
            ],
            [
              37.6449413,
              55.7627375
            ],
            [
              37.6449501,
              55.762731
            ],
            [
              37.6450281,
              55.762673
            ],
            [
              37.6449189,
              55.7626265
            ],
            [
              37.6448482,
              55.7625964
            ],
            [
              37.644704,
              55.762535
            ],
            [
              37.6446172,
              55.7625995
            ]
          ]
        ]
      }
    },
    {
      "type": "Feature",
      "properties": {
        "id": "moscow_center_+1_+2_2f59b7ad_mixed_scale_osm_way_42503325_28",
        "object_type": "restriction",
        "restriction_type": "oks",
        "name": "",
        "osm_kind": "building",
        "osm_id": 42503325,
        "osm_type": "way",
        "osm_tags": {
          "building": "apartments"
        },
        "case_id": "moscow_center_+1_+2_2f59b7ad_mixed_scale"
      },
      "geometry": {
        "type": "Polygon",
        "coordinates": [
          [
            [
              37.6448482,
              55.7625964
            ],
            [
              37.6448927,
              55.7625613
            ],
            [
              37.6449393,
              55.7625246
            ],
            [
              37.6449063,
              55.7625113
            ],
            [
              37.6449106,
              55.7625079
            ],
            [
              37.6447937,
              55.7624607
            ],
            [
              37.6447828,
              55.7624692
            ],
            [
              37.6447326,
              55.7624489
            ],
            [
              37.6447075,
              55.7624685
            ],
            [
              37.6446433,
              55.7624422
            ],
            [
              37.6445912,
              55.762486
            ],
            [
              37.6446412,
              55.7625091
            ],
            [
              37.644704,
              55.762535
            ],
            [
              37.6448482,
              55.7625964
            ]
          ]
        ]
      }
    },
    {
      "type": "Feature",
      "properties": {
        "id": "moscow_center_+1_+2_2f59b7ad_mixed_scale_osm_way_42503327_29",
        "object_type": "restriction",
        "restriction_type": "oks",
        "name": "",
        "osm_kind": "building",
        "osm_id": 42503327,
        "osm_type": "way",
        "osm_tags": {
          "building": "apartments"
        },
        "case_id": "moscow_center_+1_+2_2f59b7ad_mixed_scale"
      },
      "geometry": {
        "type": "Polygon",
        "coordinates": [
          [
            [
              37.645098,
              55.7626997
            ],
            [
              37.6453158,
              55.7625195
            ],
            [
              37.6453473,
              55.762493
            ],
            [
              37.6451641,
              55.7624232
            ],
            [
              37.645131,
              55.7624506
            ],
            [
              37.6450433,
              55.7625233
            ],
            [
              37.6449189,
              55.7626265
            ],
            [
              37.6450281,
              55.762673
            ],
            [
              37.645098,
              55.7626997
            ]
          ]
        ]
      }
    },
    {
      "type": "Feature",
      "properties": {
        "id": "moscow_center_+1_+2_2f59b7ad_mixed_scale_osm_way_42503329_30",
        "object_type": "restriction",
        "restriction_type": "oks",
        "name": "",
        "osm_kind": "building",
        "osm_id": 42503329,
        "osm_type": "way",
        "osm_tags": {
          "building": "apartments"
        },
        "case_id": "moscow_center_+1_+2_2f59b7ad_mixed_scale"
      },
      "geometry": {
        "type": "Polygon",
        "coordinates": [
          [
            [
              37.6440482,
              55.7633037
            ],
            [
              37.6441367,
              55.7632317
            ],
            [
              37.6441516,
              55.7632375
            ],
            [
              37.6441698,
              55.7632227
            ],
            [
              37.644189,
              55.763207
            ],
            [
              37.6441742,
              55.7632012
            ],
            [
              37.6442802,
              55.7631149
            ],
            [
              37.6442097,
              55.7630875
            ],
            [
              37.6441871,
              55.7631059
            ],
            [
              37.6440979,
              55.7630712
            ],
            [
              37.6438885,
              55.7632416
            ],
            [
              37.6440482,
              55.7633037
            ]
          ]
        ]
      }
    },
    {
      "type": "Feature",
      "properties": {
        "id": "moscow_center_+1_+2_2f59b7ad_mixed_scale_osm_way_42503333_31",
        "object_type": "restriction",
        "restriction_type": "oks",
        "name": "Городская поликлиника № 5. Филиал 1",
        "osm_kind": "building",
        "osm_id": 42503333,
        "osm_type": "way",
        "osm_tags": {
          "building": "clinic",
          "name": "Городская поликлиника № 5. Филиал 1"
        },
        "case_id": "moscow_center_+1_+2_2f59b7ad_mixed_scale"
      },
      "geometry": {
        "type": "Polygon",
        "coordinates": [
          [
            [
              37.6443879,
              55.7641593
            ],
            [
              37.6444243,
              55.7641744
            ],
            [
              37.6443821,
              55.7642067
            ],
            [
              37.6445268,
              55.7642666
            ],
            [
              37.6443959,
              55.7643745
            ],
            [
              37.6439954,
              55.7641962
            ],
            [
              37.643875,
              55.7641426
            ],
            [
              37.6441289,
              55.7639485
            ],
            [
              37.6442346,
              55.7639955
            ],
            [
              37.6443337,
              55.7640365
            ],
            [
              37.6442496,
              55.764102
            ],
            [
              37.6442229,
              55.7641224
            ],
            [
              37.6442599,
              55.7641378
            ],
            [
              37.6442866,
              55.7641174
            ],
            [
              37.6443145,
              55.7641289
            ],
            [
              37.6443329,
              55.7641206
            ],
            [
              37.6443563,
              55.7641186
            ],
            [
              37.6443783,
              55.7641235
            ],
            [
              37.644393,
              55.7641338
            ],
            [
              37.6443965,
              55.764147
            ],
            [
              37.6443879,
              55.7641593
            ]
          ]
        ]
      }
    },
    {
      "type": "Feature",
      "properties": {
        "id": "moscow_center_+1_+2_2f59b7ad_mixed_scale_osm_way_42503335_32",
        "object_type": "restriction",
        "restriction_type": "oks",
        "name": "",
        "osm_kind": "building",
        "osm_id": 42503335,
        "osm_type": "way",
        "osm_tags": {
          "building": "apartments"
        },
        "case_id": "moscow_center_+1_+2_2f59b7ad_mixed_scale",
        "selected_as_heat_demand_proxy": true,
        "connection_point_id": "moscow_center_+1_+2_2f59b7ad_mixed_scale_cp_6"
      },
      "geometry": {
        "type": "Polygon",
        "coordinates": [
          [
            [
              37.6446341,
              55.764154
            ],
            [
              37.6447608,
              55.7640325
            ],
            [
              37.6449814,
              55.7638209
            ],
            [
              37.6450912,
              55.7637157
            ],
            [
              37.6449012,
              55.763653
            ],
            [
              37.6448227,
              55.7637284
            ],
            [
              37.6447748,
              55.7637125
            ],
            [
              37.6447849,
              55.7637028
            ],
            [
              37.6446134,
              55.7636461
            ],
            [
              37.6445251,
              55.7637308
            ],
            [
              37.6446991,
              55.7637882
            ],
            [
              37.6447103,
              55.7637775
            ],
            [
              37.6447552,
              55.7637923
            ],
            [
              37.6447167,
              55.7638293
            ],
            [
              37.6446905,
              55.7638206
            ],
            [
              37.6446041,
              55.7639034
            ],
            [
              37.6446305,
              55.7639121
            ],
            [
              37.6445924,
              55.7639487
            ],
            [
              37.644566,
              55.76394
            ],
            [
              37.6445229,
              55.7639813
            ],
            [
              37.6445507,
              55.7639905
            ],
            [
              37.6445142,
              55.7640255
            ],
            [
              37.6444864,
              55.7640163
            ],
            [
              37.6444174,
              55.7640825
            ],
            [
              37.6446341,
              55.764154
            ]
          ]
        ]
      }
    },
    {
      "type": "Feature",
      "properties": {
        "id": "moscow_center_+1_+2_2f59b7ad_mixed_scale_osm_way_42503337_33",
        "object_type": "restriction",
        "restriction_type": "oks",
        "name": "",
        "osm_kind": "building",
        "osm_id": 42503337,
        "osm_type": "way",
        "osm_tags": {
          "building": "apartments"
        },
        "case_id": "moscow_center_+1_+2_2f59b7ad_mixed_scale",
        "selected_as_heat_demand_proxy": true,
        "connection_point_id": "moscow_center_+1_+2_2f59b7ad_mixed_scale_cp_4"
      },
      "geometry": {
        "type": "Polygon",
        "coordinates": [
          [
            [
              37.6450912,
              55.7637157
            ],
            [
              37.645201,
              55.7635962
            ],
            [
              37.6453173,
              55.7634787
            ],
            [
              37.645348,
              55.763453
            ],
            [
              37.6454309,
              55.7633895
            ],
            [
              37.6455644,
              55.763298
            ],
            [
              37.6452976,
              55.7631734
            ],
            [
              37.6452219,
              55.7632274
            ],
            [
              37.6452924,
              55.7632604
            ],
            [
              37.6451398,
              55.7633835
            ],
            [
              37.6451092,
              55.7634079
            ],
            [
              37.645075,
              55.7634391
            ],
            [
              37.6450536,
              55.7634612
            ],
            [
              37.6449479,
              55.7634263
            ],
            [
              37.6448001,
              55.7635615
            ],
            [
              37.6449135,
              55.7636007
            ],
            [
              37.644869,
              55.7636406
            ],
            [
              37.6449012,
              55.763653
            ],
            [
              37.6450912,
              55.7637157
            ]
          ]
        ]
      }
    },
    {
      "type": "Feature",
      "properties": {
        "id": "moscow_center_+1_+2_2f59b7ad_mixed_scale_osm_way_42503339_34",
        "object_type": "restriction",
        "restriction_type": "oks",
        "name": "",
        "osm_kind": "building",
        "osm_id": 42503339,
        "osm_type": "way",
        "osm_tags": {
          "building": "apartments"
        },
        "case_id": "moscow_center_+1_+2_2f59b7ad_mixed_scale"
      },
      "geometry": {
        "type": "Polygon",
        "coordinates": [
          [
            [
              37.6455644,
              55.763298
            ],
            [
              37.6456363,
              55.7632493
            ],
            [
              37.6457852,
              55.7631482
            ],
            [
              37.645803,
              55.7631363
            ],
            [
              37.6457895,
              55.76313
            ],
            [
              37.6455362,
              55.7630116
            ],
            [
              37.6452976,
              55.7631734
            ],
            [
              37.6455644,
              55.763298
            ]
          ]
        ]
      }
    },
    {
      "type": "Feature",
      "properties": {
        "id": "moscow_center_+1_+2_2f59b7ad_mixed_scale_osm_way_42503340_35",
        "object_type": "restriction",
        "restriction_type": "oks",
        "name": "",
        "osm_kind": "building",
        "osm_id": 42503340,
        "osm_type": "way",
        "osm_tags": {
          "building": "yes"
        },
        "case_id": "moscow_center_+1_+2_2f59b7ad_mixed_scale"
      },
      "geometry": {
        "type": "Polygon",
        "coordinates": [
          [
            [
              37.6454676,
              55.7628618
            ],
            [
              37.6455761,
              55.7629107
            ],
            [
              37.6456417,
              55.7628646
            ],
            [
              37.6456801,
              55.7628819
            ],
            [
              37.6458897,
              55.7627345
            ],
            [
              37.6457773,
              55.7626839
            ],
            [
              37.6456967,
              55.7627405
            ],
            [
              37.6456622,
              55.762725
            ],
            [
              37.6454676,
              55.7628618
            ]
          ]
        ]
      }
    },
    {
      "type": "Feature",
      "properties": {
        "id": "moscow_center_+1_+2_2f59b7ad_mixed_scale_osm_way_42503341_36",
        "object_type": "restriction",
        "restriction_type": "oks",
        "name": "",
        "osm_kind": "building",
        "osm_id": 42503341,
        "osm_type": "way",
        "osm_tags": {
          "building": "office"
        },
        "case_id": "moscow_center_+1_+2_2f59b7ad_mixed_scale"
      },
      "geometry": {
        "type": "Polygon",
        "coordinates": [
          [
            [
              37.6462842,
              55.7628468
            ],
            [
              37.646303,
              55.7628349
            ],
            [
              37.6464835,
              55.7627206
            ],
            [
              37.6463126,
              55.7626351
            ],
            [
              37.6462768,
              55.7626172
            ],
            [
              37.6461253,
              55.7627131
            ],
            [
              37.6462323,
              55.7627666
            ],
            [
              37.6461844,
              55.7627969
            ],
            [
              37.6462842,
              55.7628468
            ]
          ]
        ]
      }
    },
    {
      "type": "Feature",
      "properties": {
        "id": "moscow_center_+1_+2_2f59b7ad_mixed_scale_osm_way_42503342_37",
        "object_type": "restriction",
        "restriction_type": "oks",
        "name": "",
        "osm_kind": "building",
        "osm_id": 42503342,
        "osm_type": "way",
        "osm_tags": {
          "building": "office"
        },
        "case_id": "moscow_center_+1_+2_2f59b7ad_mixed_scale"
      },
      "geometry": {
        "type": "Polygon",
        "coordinates": [
          [
            [
              37.6466046,
              55.7626439
            ],
            [
              37.646726,
              55.7625671
            ],
            [
              37.6466238,
              55.762516
            ],
            [
              37.6466029,
              55.7625292
            ],
            [
              37.6463732,
              55.7624144
            ],
            [
              37.646291,
              55.7624665
            ],
            [
              37.646327,
              55.7624845
            ],
            [
              37.6462237,
              55.7625499
            ],
            [
              37.6463486,
              55.7626123
            ],
            [
              37.6463126,
              55.7626351
            ],
            [
              37.6464835,
              55.7627206
            ],
            [
              37.6466046,
              55.7626439
            ]
          ]
        ]
      }
    },
    {
      "type": "Feature",
      "properties": {
        "id": "moscow_center_+1_+2_2f59b7ad_mixed_scale_osm_way_43565414_38",
        "object_type": "restriction",
        "restriction_type": "road",
        "name": "",
        "osm_kind": "road",
        "osm_id": 43565414,
        "osm_type": "way",
        "osm_tags": {
          "highway": "footway"
        },
        "case_id": "moscow_center_+1_+2_2f59b7ad_mixed_scale"
      },
      "geometry": {
        "type": "LineString",
        "coordinates": [
          [
            37.6434968,
            55.7624918
          ],
          [
            37.6433191,
            55.7626191
          ],
          [
            37.6419923,
            55.7633556
          ],
          [
            37.6413059,
            55.763676
          ],
          [
            37.6405065,
            55.7640373
          ],
          [
            37.6403846,
            55.7640736
          ],
          [
            37.6402652,
            55.7640917
          ],
          [
            37.6401517,
            55.7640947
          ]
        ]
      }
    },
    {
      "type": "Feature",
      "properties": {
        "id": "moscow_center_+1_+2_2f59b7ad_mixed_scale_osm_way_45256560_39",
        "object_type": "restriction",
        "restriction_type": "oks",
        "name": "",
        "osm_kind": "building",
        "osm_id": 45256560,
        "osm_type": "way",
        "osm_tags": {
          "building": "garages"
        },
        "case_id": "moscow_center_+1_+2_2f59b7ad_mixed_scale"
      },
      "geometry": {
        "type": "Polygon",
        "coordinates": [
          [
            [
              37.6416768,
              55.7619136
            ],
            [
              37.6421313,
              55.7620979
            ],
            [
              37.6422174,
              55.7620306
            ],
            [
              37.6419031,
              55.7619033
            ],
            [
              37.6419402,
              55.7618743
            ],
            [
              37.641824,
              55.7618272
            ],
            [
              37.6417869,
              55.7618562
            ],
            [
              37.6417628,
              55.7618464
            ],
            [
              37.6416768,
              55.7619136
            ]
          ]
        ]
      }
    },
    {
      "type": "Feature",
      "properties": {
        "id": "moscow_center_+1_+2_2f59b7ad_mixed_scale_osm_way_45256568_40",
        "object_type": "restriction",
        "restriction_type": "oks",
        "name": "",
        "osm_kind": "building",
        "osm_id": 45256568,
        "osm_type": "way",
        "osm_tags": {
          "building": "apartments"
        },
        "case_id": "moscow_center_+1_+2_2f59b7ad_mixed_scale"
      },
      "geometry": {
        "type": "Polygon",
        "coordinates": [
          [
            [
              37.6429246,
              55.7614833
            ],
            [
              37.642874,
              55.7614683
            ],
            [
              37.6428193,
              55.7615264
            ],
            [
              37.6427665,
              55.7615826
            ],
            [
              37.6427086,
              55.7616447
            ],
            [
              37.6426516,
              55.7617059
            ],
            [
              37.6427042,
              55.7617216
            ],
            [
              37.6426498,
              55.761781
            ],
            [
              37.642577,
              55.7618604
            ],
            [
              37.6424305,
              55.7620203
            ],
            [
              37.6423624,
              55.7620946
            ],
            [
              37.6424866,
              55.7621513
            ],
            [
              37.6428577,
              55.7617627
            ],
            [
              37.6428253,
              55.761753
            ],
            [
              37.6429381,
              55.7616329
            ],
            [
              37.6430426,
              55.7615224
            ],
            [
              37.6430917,
              55.7615371
            ],
            [
              37.64343,
              55.7611557
            ],
            [
              37.643268,
              55.7611069
            ],
            [
              37.6430315,
              55.7613662
            ],
            [
              37.6429246,
              55.7614833
            ]
          ]
        ]
      }
    },
    {
      "type": "Feature",
      "properties": {
        "id": "moscow_center_+1_+2_2f59b7ad_mixed_scale_osm_way_45256569_41",
        "object_type": "restriction",
        "restriction_type": "oks",
        "name": "",
        "osm_kind": "building",
        "osm_id": 45256569,
        "osm_type": "way",
        "osm_tags": {
          "building": "apartments"
        },
        "case_id": "moscow_center_+1_+2_2f59b7ad_mixed_scale"
      },
      "geometry": {
        "type": "Polygon",
        "coordinates": [
          [
            [
              37.6423624,
              55.7620946
            ],
            [
              37.6422174,
              55.7620306
            ],
            [
              37.6421313,
              55.7620979
            ],
            [
              37.6422632,
              55.7621576
            ],
            [
              37.642162,
              55.7622278
            ],
            [
              37.642051,
              55.7621772
            ],
            [
              37.6420043,
              55.7622096
            ],
            [
              37.6418912,
              55.762158
            ],
            [
              37.6418087,
              55.7622152
            ],
            [
              37.6418445,
              55.7622315
            ],
            [
              37.6417799,
              55.7622763
            ],
            [
              37.6419697,
              55.7623629
            ],
            [
              37.6419338,
              55.7623878
            ],
            [
              37.6420761,
              55.7624528
            ],
            [
              37.6424866,
              55.7621513
            ],
            [
              37.6423624,
              55.7620946
            ]
          ]
        ]
      }
    },
    {
      "type": "Feature",
      "properties": {
        "id": "moscow_center_+1_+2_2f59b7ad_mixed_scale_osm_way_45402036_42",
        "object_type": "restriction",
        "restriction_type": "oks",
        "name": "",
        "osm_kind": "building",
        "osm_id": 45402036,
        "osm_type": "way",
        "osm_tags": {
          "building": "apartments"
        },
        "case_id": "moscow_center_+1_+2_2f59b7ad_mixed_scale"
      },
      "geometry": {
        "type": "Polygon",
        "coordinates": [
          [
            [
              37.6456069,
              55.7644052
            ],
            [
              37.6455614,
              55.7644375
            ],
            [
              37.6454883,
              55.7644894
            ],
            [
              37.6453344,
              55.7645988
            ],
            [
              37.6452415,
              55.7646647
            ],
            [
              37.6452407,
              55.764685
            ],
            [
              37.6454164,
              55.7647575
            ],
            [
              37.6454902,
              55.764696
            ],
            [
              37.645468,
              55.7646851
            ],
            [
              37.6457085,
              55.7645117
            ],
            [
              37.6457405,
              55.7645092
            ],
            [
              37.6457608,
              55.7645184
            ],
            [
              37.6457605,
              55.7645381
            ],
            [
              37.6457978,
              55.7645549
            ],
            [
              37.6458456,
              55.7645229
            ],
            [
              37.6456069,
              55.7644052
            ]
          ]
        ]
      }
    },
    {
      "type": "Feature",
      "properties": {
        "id": "moscow_center_+1_+2_2f59b7ad_mixed_scale_osm_way_45402037_43",
        "object_type": "restriction",
        "restriction_type": "oks",
        "name": "",
        "osm_kind": "building",
        "osm_id": 45402037,
        "osm_type": "way",
        "osm_tags": {
          "building": "apartments"
        },
        "case_id": "moscow_center_+1_+2_2f59b7ad_mixed_scale"
      },
      "geometry": {
        "type": "Polygon",
        "coordinates": [
          [
            [
              37.6457072,
              55.7647096
            ],
            [
              37.6456523,
              55.7647601
            ],
            [
              37.6456229,
              55.7647499
            ],
            [
              37.6455887,
              55.7647813
            ],
            [
              37.6456182,
              55.7647915
            ],
            [
              37.6455951,
              55.7648126
            ],
            [
              37.6459515,
              55.7649354
            ],
            [
              37.6459809,
              55.7649084
            ],
            [
              37.6460636,
              55.7648324
            ],
            [
              37.6458841,
              55.7647706
            ],
            [
              37.6457072,
              55.7647096
            ]
          ]
        ]
      }
    },
    {
      "type": "Feature",
      "properties": {
        "id": "moscow_center_+1_+2_2f59b7ad_mixed_scale_osm_way_45402045_44",
        "object_type": "restriction",
        "restriction_type": "oks",
        "name": "",
        "osm_kind": "building",
        "osm_id": 45402045,
        "osm_type": "way",
        "osm_tags": {
          "building": "apartments"
        },
        "case_id": "moscow_center_+1_+2_2f59b7ad_mixed_scale"
      },
      "geometry": {
        "type": "Polygon",
        "coordinates": [
          [
            [
              37.6416003,
              55.7643741
            ],
            [
              37.64174,
              55.7644681
            ],
            [
              37.6418499,
              55.7644158
            ],
            [
              37.6420944,
              55.7642994
            ],
            [
              37.6422214,
              55.764239
            ],
            [
              37.6420598,
              55.7641587
            ],
            [
              37.6416003,
              55.7643741
            ]
          ]
        ]
      }
    },
    {
      "type": "Feature",
      "properties": {
        "id": "moscow_center_+1_+2_2f59b7ad_mixed_scale_osm_way_45402046_45",
        "object_type": "restriction",
        "restriction_type": "oks",
        "name": "",
        "osm_kind": "building",
        "osm_id": 45402046,
        "osm_type": "way",
        "osm_tags": {
          "building": "office"
        },
        "case_id": "moscow_center_+1_+2_2f59b7ad_mixed_scale"
      },
      "geometry": {
        "type": "Polygon",
        "coordinates": [
          [
            [
              37.6424376,
              55.7643012
            ],
            [
              37.6423251,
              55.7642319
            ],
            [
              37.642268,
              55.7642611
            ],
            [
              37.6422214,
              55.764239
            ],
            [
              37.6420598,
              55.7641587
            ],
            [
              37.6422308,
              55.7640778
            ],
            [
              37.6423312,
              55.7640303
            ],
            [
              37.6423609,
              55.7640162
            ],
            [
              37.6425667,
              55.764109
            ],
            [
              37.6425166,
              55.7641421
            ],
            [
              37.6426259,
              55.7642048
            ],
            [
              37.6424376,
              55.7643012
            ]
          ]
        ]
      }
    },
    {
      "type": "Feature",
      "properties": {
        "id": "moscow_center_+1_+2_2f59b7ad_mixed_scale_osm_way_52823280_46",
        "object_type": "restriction",
        "restriction_type": "oks",
        "name": "",
        "osm_kind": "building",
        "osm_id": 52823280,
        "osm_type": "way",
        "osm_tags": {
          "building": "yes"
        },
        "case_id": "moscow_center_+1_+2_2f59b7ad_mixed_scale"
      },
      "geometry": {
        "type": "Polygon",
        "coordinates": [
          [
            [
              37.6423268,
              55.7638921
            ],
            [
              37.6423194,
              55.7638872
            ],
            [
              37.6422526,
              55.7638427
            ],
            [
              37.6416927,
              55.7641085
            ],
            [
              37.6417669,
              55.7641579
            ],
            [
              37.6419296,
              55.7640807
            ],
            [
              37.6423268,
              55.7638921
            ]
          ]
        ]
      }
    },
    {
      "type": "Feature",
      "properties": {
        "id": "moscow_center_+1_+2_2f59b7ad_mixed_scale_osm_way_52823281_47",
        "object_type": "restriction",
        "restriction_type": "oks",
        "name": "",
        "osm_kind": "building",
        "osm_id": 52823281,
        "osm_type": "way",
        "osm_tags": {
          "building": "office"
        },
        "case_id": "moscow_center_+1_+2_2f59b7ad_mixed_scale"
      },
      "geometry": {
        "type": "Polygon",
        "coordinates": [
          [
            [
              37.6426733,
              55.7637246
            ],
            [
              37.6424258,
              55.7635765
            ],
            [
              37.642293,
              55.7634971
            ],
            [
              37.6420018,
              55.7636384
            ],
            [
              37.6422883,
              55.7638265
            ],
            [
              37.6422526,
              55.7638427
            ],
            [
              37.6423194,
              55.7638872
            ],
            [
              37.642337,
              55.7638787
            ],
            [
              37.6423548,
              55.7638702
            ],
            [
              37.6423666,
              55.7638779
            ],
            [
              37.6425227,
              55.7637997
            ],
            [
              37.6426733,
              55.7637246
            ]
          ]
        ]
      }
    },
    {
      "type": "Feature",
      "properties": {
        "id": "moscow_center_+1_+2_2f59b7ad_mixed_scale_osm_way_52823282_48",
        "object_type": "restriction",
        "restriction_type": "oks",
        "name": "",
        "osm_kind": "building",
        "osm_id": 52823282,
        "osm_type": "way",
        "osm_tags": {
          "building": "commercial"
        },
        "case_id": "moscow_center_+1_+2_2f59b7ad_mixed_scale"
      },
      "geometry": {
        "type": "Polygon",
        "coordinates": [
          [
            [
              37.6421427,
              55.7637547
            ],
            [
              37.6420904,
              55.7637203
            ],
            [
              37.642053,
              55.7637382
            ],
            [
              37.6419433,
              55.7636659
            ],
            [
              37.6416874,
              55.7637889
            ],
            [
              37.6416288,
              55.763817
            ],
            [
              37.64181,
              55.7639364
            ],
            [
              37.6418865,
              55.7638997
            ],
            [
              37.6418673,
              55.763887
            ],
            [
              37.641942,
              55.7638511
            ],
            [
              37.6419611,
              55.7638637
            ],
            [
              37.6420497,
              55.7638211
            ],
            [
              37.6420306,
              55.7638086
            ],
            [
              37.6421427,
              55.7637547
            ]
          ]
        ]
      }
    },
    {
      "type": "Feature",
      "properties": {
        "id": "moscow_center_+1_+2_2f59b7ad_mixed_scale_osm_way_52823284_49",
        "object_type": "restriction",
        "restriction_type": "oks",
        "name": "",
        "osm_kind": "building",
        "osm_id": 52823284,
        "osm_type": "way",
        "osm_tags": {
          "building": "yes"
        },
        "case_id": "moscow_center_+1_+2_2f59b7ad_mixed_scale"
      },
      "geometry": {
        "type": "Polygon",
        "coordinates": [
          [
            [
              37.6437508,
              55.7630369
            ],
            [
              37.6435616,
              55.7631452
            ],
            [
              37.6436728,
              55.7632066
            ],
            [
              37.6438904,
              55.7630821
            ],
            [
              37.6438604,
              55.7630655
            ],
            [
              37.6438319,
              55.7630817
            ],
            [
              37.6437508,
              55.7630369
            ]
          ]
        ]
      }
    },
    {
      "type": "Feature",
      "properties": {
        "id": "moscow_center_+1_+2_2f59b7ad_mixed_scale_osm_way_52823290_50",
        "object_type": "restriction",
        "restriction_type": "oks",
        "name": "",
        "osm_kind": "building",
        "osm_id": 52823290,
        "osm_type": "way",
        "osm_tags": {
          "building": "yes"
        },
        "case_id": "moscow_center_+1_+2_2f59b7ad_mixed_scale"
      },
      "geometry": {
        "type": "Polygon",
        "coordinates": [
          [
            [
              37.6457209,
              55.7624598
            ],
            [
              37.6458646,
              55.7625227
            ],
            [
              37.6461305,
              55.7623304
            ],
            [
              37.6459877,
              55.7622665
            ],
            [
              37.6457209,
              55.7624598
            ]
          ]
        ]
      }
    },
    {
      "type": "Feature",
      "properties": {
        "id": "moscow_center_+1_+2_2f59b7ad_mixed_scale_osm_way_53039458_51",
        "object_type": "restriction",
        "restriction_type": "oks",
        "name": "",
        "osm_kind": "building",
        "osm_id": 53039458,
        "osm_type": "way",
        "osm_tags": {
          "building": "office"
        },
        "case_id": "moscow_center_+1_+2_2f59b7ad_mixed_scale",
        "selected_as_heat_demand_proxy": true,
        "connection_point_id": "moscow_center_+1_+2_2f59b7ad_mixed_scale_cp_1"
      },
      "geometry": {
        "type": "Polygon",
        "coordinates": [
          [
            [
              37.6472965,
              55.7619971
            ],
            [
              37.6472331,
              55.7620429
            ],
            [
              37.6471583,
              55.7620104
            ],
            [
              37.6471388,
              55.7620246
            ],
            [
              37.6470565,
              55.7619889
            ],
            [
              37.6471259,
              55.761942
            ],
            [
              37.6469505,
              55.7618643
            ],
            [
              37.6468813,
              55.7618336
            ],
            [
              37.6466819,
              55.7619479
            ],
            [
              37.6466487,
              55.7619323
            ],
            [
              37.6464578,
              55.7620583
            ],
            [
              37.6463957,
              55.7620372
            ],
            [
              37.6460376,
              55.7622273
            ],
            [
              37.6465738,
              55.7623887
            ],
            [
              37.6465941,
              55.7623768
            ],
            [
              37.6466394,
              55.7623502
            ],
            [
              37.6468473,
              55.7624556
            ],
            [
              37.6468842,
              55.762451
            ],
            [
              37.6469237,
              55.7624466
            ],
            [
              37.6469964,
              55.7623955
            ],
            [
              37.6471074,
              55.7623174
            ],
            [
              37.6474905,
              55.7620801
            ],
            [
              37.6473905,
              55.7620385
            ],
            [
              37.6472965,
              55.7619971
            ]
          ]
        ]
      }
    },
    {
      "type": "Feature",
      "properties": {
        "id": "moscow_center_+1_+2_2f59b7ad_mixed_scale_osm_way_123457149_52",
        "object_type": "restriction",
        "restriction_type": "railway",
        "name": "",
        "osm_kind": "railway",
        "osm_id": 123457149,
        "osm_type": "way",
        "osm_tags": {
          "railway": "tram"
        },
        "case_id": "moscow_center_+1_+2_2f59b7ad_mixed_scale"
      },
      "geometry": {
        "type": "LineString",
        "coordinates": [
          [
            37.6390464,
            55.7643207
          ],
          [
            37.6405207,
            55.7635469
          ],
          [
            37.6414078,
            55.7630666
          ],
          [
            37.6414779,
            55.7630293
          ],
          [
            37.6418383,
            55.7628135
          ],
          [
            37.6428971,
            55.7620896
          ]
        ]
      }
    },
    {
      "type": "Feature",
      "properties": {
        "id": "moscow_center_+1_+2_2f59b7ad_mixed_scale_osm_way_123457153_53",
        "object_type": "restriction",
        "restriction_type": "railway",
        "name": "",
        "osm_kind": "railway",
        "osm_id": 123457153,
        "osm_type": "way",
        "osm_tags": {
          "railway": "tram"
        },
        "case_id": "moscow_center_+1_+2_2f59b7ad_mixed_scale"
      },
      "geometry": {
        "type": "LineString",
        "coordinates": [
          [
            37.6438137,
            55.7625334
          ],
          [
            37.6423196,
            55.763345
          ],
          [
            37.6421323,
            55.7634444
          ],
          [
            37.6408191,
            55.764066
          ],
          [
            37.6396251,
            55.7646088
          ]
        ]
      }
    },
    {
      "type": "Feature",
      "properties": {
        "id": "moscow_center_+1_+2_2f59b7ad_mixed_scale_osm_way_159234903_54",
        "object_type": "restriction",
        "restriction_type": "road",
        "name": "",
        "osm_kind": "road",
        "osm_id": 159234903,
        "osm_type": "way",
        "osm_tags": {
          "highway": "service"
        },
        "case_id": "moscow_center_+1_+2_2f59b7ad_mixed_scale"
      },
      "geometry": {
        "type": "LineString",
        "coordinates": [
          [
            37.6449737,
            55.7632942
          ],
          [
            37.645007,
            55.76327
          ]
        ]
      }
    },
    {
      "type": "Feature",
      "properties": {
        "id": "moscow_center_+1_+2_2f59b7ad_mixed_scale_osm_way_159234910_55",
        "object_type": "restriction",
        "restriction_type": "road",
        "name": "",
        "osm_kind": "road",
        "osm_id": 159234910,
        "osm_type": "way",
        "osm_tags": {
          "highway": "service"
        },
        "case_id": "moscow_center_+1_+2_2f59b7ad_mixed_scale"
      },
      "geometry": {
        "type": "LineString",
        "coordinates": [
          [
            37.6445255,
            55.7631283
          ],
          [
            37.6445773,
            55.7630906
          ]
        ]
      }
    },
    {
      "type": "Feature",
      "properties": {
        "id": "moscow_center_+1_+2_2f59b7ad_mixed_scale_osm_way_159234913_56",
        "object_type": "restriction",
        "restriction_type": "road",
        "name": "",
        "osm_kind": "road",
        "osm_id": 159234913,
        "osm_type": "way",
        "osm_tags": {
          "highway": "service"
        },
        "case_id": "moscow_center_+1_+2_2f59b7ad_mixed_scale"
      },
      "geometry": {
        "type": "LineString",
        "coordinates": [
          [
            37.6463183,
            55.7629297
          ],
          [
            37.6463549,
            55.7629491
          ],
          [
            37.6463675,
            55.7629555
          ]
        ]
      }
    },
    {
      "type": "Feature",
      "properties": {
        "id": "moscow_center_+1_+2_2f59b7ad_mixed_scale_osm_way_159234916_57",
        "object_type": "restriction",
        "restriction_type": "road",
        "name": "",
        "osm_kind": "road",
        "osm_id": 159234916,
        "osm_type": "way",
        "osm_tags": {
          "highway": "service"
        },
        "case_id": "moscow_center_+1_+2_2f59b7ad_mixed_scale"
      },
      "geometry": {
        "type": "LineString",
        "coordinates": [
          [
            37.6457889,
            55.7641954
          ],
          [
            37.6457269,
            55.7641637
          ],
          [
            37.645717,
            55.7641588
          ],
          [
            37.6457005,
            55.7641508
          ],
          [
            37.6454589,
            55.7640327
          ],
          [
            37.6458347,
            55.763804
          ],
          [
            37.645657,
            55.7637382
          ],
          [
            37.6455721,
            55.7637065
          ]
        ]
      }
    },
    {
      "type": "Feature",
      "properties": {
        "id": "moscow_center_+1_+2_2f59b7ad_mixed_scale_osm_way_159234920_58",
        "object_type": "restriction",
        "restriction_type": "road",
        "name": "",
        "osm_kind": "road",
        "osm_id": 159234920,
        "osm_type": "way",
        "osm_tags": {
          "highway": "service"
        },
        "case_id": "moscow_center_+1_+2_2f59b7ad_mixed_scale"
      },
      "geometry": {
        "type": "LineString",
        "coordinates": [
          [
            37.6454302,
            55.7635202
          ],
          [
            37.6453361,
            55.7634855
          ],
          [
            37.6453173,
            55.7634787
          ]
        ]
      }
    },
    {
      "type": "Feature",
      "properties": {
        "id": "moscow_center_+1_+2_2f59b7ad_mixed_scale_osm_way_159234924_59",
        "object_type": "restriction",
        "restriction_type": "oks",
        "name": "",
        "osm_kind": "building",
        "osm_id": 159234924,
        "osm_type": "way",
        "osm_tags": {
          "building": "yes"
        },
        "case_id": "moscow_center_+1_+2_2f59b7ad_mixed_scale"
      },
      "geometry": {
        "type": "Polygon",
        "coordinates": [
          [
            [
              37.6461209,
              55.7635405
            ],
            [
              37.6461719,
              55.7635085
            ],
            [
              37.6461156,
              55.7634801
            ],
            [
              37.6460646,
              55.7635121
            ],
            [
              37.6461209,
              55.7635405
            ]
          ]
        ]
      }
    },
    {
      "type": "Feature",
      "properties": {
        "id": "moscow_center_+1_+2_2f59b7ad_mixed_scale_osm_way_160034901_60",
        "object_type": "restriction",
        "restriction_type": "road",
        "name": "",
        "osm_kind": "road",
        "osm_id": 160034901,
        "osm_type": "way",
        "osm_tags": {
          "highway": "service"
        },
        "case_id": "moscow_center_+1_+2_2f59b7ad_mixed_scale"
      },
      "geometry": {
        "type": "LineString",
        "coordinates": [
          [
            37.6454307,
            55.7636574
          ],
          [
            37.6453858,
            55.7636417
          ],
          [
            37.6453258,
            55.7636209
          ]
        ]
      }
    },
    {
      "type": "Feature",
      "properties": {
        "id": "moscow_center_+1_+2_2f59b7ad_mixed_scale_osm_way_160034916_61",
        "object_type": "restriction",
        "restriction_type": "road",
        "name": "",
        "osm_kind": "road",
        "osm_id": 160034916,
        "osm_type": "way",
        "osm_tags": {
          "highway": "service"
        },
        "case_id": "moscow_center_+1_+2_2f59b7ad_mixed_scale"
      },
      "geometry": {
        "type": "LineString",
        "coordinates": [
          [
            37.6463675,
            55.7629555
          ],
          [
            37.6465331,
            55.7630399
          ]
        ]
      }
    },
    {
      "type": "Feature",
      "properties": {
        "id": "moscow_center_+1_+2_2f59b7ad_mixed_scale_osm_way_160034929_62",
        "object_type": "restriction",
        "restriction_type": "road",
        "name": "",
        "osm_kind": "road",
        "osm_id": 160034929,
        "osm_type": "way",
        "osm_tags": {
          "highway": "service"
        },
        "case_id": "moscow_center_+1_+2_2f59b7ad_mixed_scale"
      },
      "geometry": {
        "type": "LineString",
        "coordinates": [
          [
            37.6453173,
            55.7634787
          ],
          [
            37.6451092,
            55.7634079
          ]
        ]
      }
    },
    {
      "type": "Feature",
      "properties": {
        "id": "moscow_center_+1_+2_2f59b7ad_mixed_scale_osm_way_160034934_63",
        "object_type": "restriction",
        "restriction_type": "road",
        "name": "",
        "osm_kind": "road",
        "osm_id": 160034934,
        "osm_type": "way",
        "osm_tags": {
          "highway": "service"
        },
        "case_id": "moscow_center_+1_+2_2f59b7ad_mixed_scale"
      },
      "geometry": {
        "type": "LineString",
        "coordinates": [
          [
            37.6438698,
            55.7628704
          ],
          [
            37.6437043,
            55.7627735
          ]
        ]
      }
    },
    {
      "type": "Feature",
      "properties": {
        "id": "moscow_center_+1_+2_2f59b7ad_mixed_scale_osm_way_160034950_64",
        "object_type": "restriction",
        "restriction_type": "road",
        "name": "",
        "osm_kind": "road",
        "osm_id": 160034950,
        "osm_type": "way",
        "osm_tags": {
          "highway": "service"
        },
        "case_id": "moscow_center_+1_+2_2f59b7ad_mixed_scale"
      },
      "geometry": {
        "type": "LineString",
        "coordinates": [
          [
            37.6437043,
            55.7627735
          ],
          [
            37.6436842,
            55.7627618
          ],
          [
            37.6436696,
            55.7627533
          ],
          [
            37.6436592,
            55.7627472
          ],
          [
            37.6435914,
            55.7627075
          ]
        ]
      }
    },
    {
      "type": "Feature",
      "properties": {
        "id": "moscow_center_+1_+2_2f59b7ad_mixed_scale_osm_way_160034958_65",
        "object_type": "restriction",
        "restriction_type": "road",
        "name": "",
        "osm_kind": "road",
        "osm_id": 160034958,
        "osm_type": "way",
        "osm_tags": {
          "highway": "service"
        },
        "case_id": "moscow_center_+1_+2_2f59b7ad_mixed_scale"
      },
      "geometry": {
        "type": "LineString",
        "coordinates": [
          [
            37.6455721,
            55.7637065
          ],
          [
            37.6454307,
            55.7636574
          ]
        ]
      }
    },
    {
      "type": "Feature",
      "properties": {
        "id": "moscow_center_+1_+2_2f59b7ad_mixed_scale_osm_way_160034973_66",
        "object_type": "restriction",
        "restriction_type": "road",
        "name": "",
        "osm_kind": "road",
        "osm_id": 160034973,
        "osm_type": "way",
        "osm_tags": {
          "highway": "service"
        },
        "case_id": "moscow_center_+1_+2_2f59b7ad_mixed_scale"
      },
      "geometry": {
        "type": "LineString",
        "coordinates": [
          [
            37.6465331,
            55.7630399
          ],
          [
            37.6466143,
            55.7630814
          ],
          [
            37.6467778,
            55.7631649
          ],
          [
            37.646831,
            55.763192
          ],
          [
            37.6469416,
            55.7632485
          ]
        ]
      }
    },
    {
      "type": "Feature",
      "properties": {
        "id": "moscow_center_+1_+2_2f59b7ad_mixed_scale_osm_way_160034978_67",
        "object_type": "restriction",
        "restriction_type": "road",
        "name": "",
        "osm_kind": "road",
        "osm_id": 160034978,
        "osm_type": "way",
        "osm_tags": {
          "highway": "service"
        },
        "case_id": "moscow_center_+1_+2_2f59b7ad_mixed_scale"
      },
      "geometry": {
        "type": "LineString",
        "coordinates": [
          [
            37.6451092,
            55.7634079
          ],
          [
            37.6450493,
            55.7633875
          ],
          [
            37.6450168,
            55.7633764
          ],
          [
            37.6450175,
            55.7633112
          ],
          [
            37.6449737,
            55.7632942
          ],
          [
            37.6445255,
            55.7631283
          ],
          [
            37.6444322,
            55.7630931
          ],
          [
            37.6442884,
            55.7630386
          ],
          [
            37.6442431,
            55.7630204
          ],
          [
            37.6439277,
            55.7628932
          ],
          [
            37.6439007,
            55.7628828
          ],
          [
            37.6438698,
            55.7628704
          ]
        ]
      }
    },
    {
      "type": "Feature",
      "properties": {
        "id": "moscow_center_+1_+2_2f59b7ad_mixed_scale_osm_way_173086596_68",
        "object_type": "restriction",
        "restriction_type": "oks",
        "name": "",
        "osm_kind": "building",
        "osm_id": 173086596,
        "osm_type": "way",
        "osm_tags": {
          "building": "yes"
        },
        "case_id": "moscow_center_+1_+2_2f59b7ad_mixed_scale"
      },
      "geometry": {
        "type": "Polygon",
        "coordinates": [
          [
            [
              37.6442346,
              55.7639955
            ],
            [
              37.6443337,
              55.7640365
            ],
            [
              37.6444208,
              55.7639699
            ],
            [
              37.6443217,
              55.7639289
            ],
            [
              37.6442346,
              55.7639955
            ]
          ]
        ]
      }
    },
    {
      "type": "Feature",
      "properties": {
        "id": "moscow_center_+1_+2_2f59b7ad_mixed_scale_osm_way_173497522_69",
        "object_type": "restriction",
        "restriction_type": "road",
        "name": "",
        "osm_kind": "road",
        "osm_id": 173497522,
        "osm_type": "way",
        "osm_tags": {
          "highway": "service"
        },
        "case_id": "moscow_center_+1_+2_2f59b7ad_mixed_scale"
      },
      "geometry": {
        "type": "LineString",
        "coordinates": [
          [
            37.6454156,
            55.7648285
          ],
          [
            37.6454547,
            55.7647944
          ],
          [
            37.6454645,
            55.7647859
          ],
          [
            37.6454868,
            55.7647664
          ],
          [
            37.6456439,
            55.7646406
          ],
          [
            37.6457446,
            55.7645584
          ]
        ]
      }
    },
    {
      "type": "Feature",
      "properties": {
        "id": "moscow_center_+1_+2_2f59b7ad_mixed_scale_osm_way_173841235_70",
        "object_type": "restriction",
        "restriction_type": "road",
        "name": "",
        "osm_kind": "road",
        "osm_id": 173841235,
        "osm_type": "way",
        "osm_tags": {
          "highway": "service"
        },
        "case_id": "moscow_center_+1_+2_2f59b7ad_mixed_scale"
      },
      "geometry": {
        "type": "LineString",
        "coordinates": [
          [
            37.6414988,
            55.7643579
          ],
          [
            37.6415468,
            55.7643905
          ],
          [
            37.6415912,
            55.7644211
          ],
          [
            37.6417329,
            55.764519
          ],
          [
            37.6418593,
            55.7644573
          ],
          [
            37.6421687,
            55.7643062
          ],
          [
            37.6424401,
            55.7643501
          ],
          [
            37.6426196,
            55.7642574
          ],
          [
            37.6426685,
            55.7641815
          ],
          [
            37.6428115,
            55.7640954
          ],
          [
            37.6429738,
            55.7640385
          ]
        ]
      }
    },
    {
      "type": "Feature",
      "properties": {
        "id": "moscow_center_+1_+2_2f59b7ad_mixed_scale_osm_way_173841243_71",
        "object_type": "restriction",
        "restriction_type": "road",
        "name": "",
        "osm_kind": "road",
        "osm_id": 173841243,
        "osm_type": "way",
        "osm_tags": {
          "highway": "footway"
        },
        "case_id": "moscow_center_+1_+2_2f59b7ad_mixed_scale"
      },
      "geometry": {
        "type": "LineString",
        "coordinates": [
          [
            37.6446439,
            55.7646125
          ],
          [
            37.6443971,
            55.7646568
          ]
        ]
      }
    },
    {
      "type": "Feature",
      "properties": {
        "id": "moscow_center_+1_+2_2f59b7ad_mixed_scale_osm_way_173841246_72",
        "object_type": "restriction",
        "restriction_type": "road",
        "name": "Гусятников переулок",
        "osm_kind": "road",
        "osm_id": 173841246,
        "osm_type": "way",
        "osm_tags": {
          "highway": "unclassified",
          "name": "Гусятников переулок"
        },
        "case_id": "moscow_center_+1_+2_2f59b7ad_mixed_scale"
      },
      "geometry": {
        "type": "LineString",
        "coordinates": [
          [
            37.6428918,
            55.7636983
          ],
          [
            37.6427949,
            55.7637442
          ],
          [
            37.6416675,
            55.764278
          ],
          [
            37.6414988,
            55.7643579
          ],
          [
            37.6412202,
            55.7644899
          ],
          [
            37.6407587,
            55.7647084
          ],
          [
            37.6404506,
            55.7648543
          ],
          [
            37.6401913,
            55.7649771
          ],
          [
            37.6401214,
            55.7650082
          ],
          [
            37.6400939,
            55.7650221
          ],
          [
            37.639404,
            55.7653145
          ],
          [
            37.6393018,
            55.7653595
          ],
          [
            37.6387686,
            55.7655942
          ],
          [
            37.6386771,
            55.7656345
          ]
        ]
      }
    },
    {
      "type": "Feature",
      "properties": {
        "id": "moscow_center_+1_+2_2f59b7ad_mixed_scale_osm_way_174315447_73",
        "object_type": "restriction",
        "restriction_type": "road",
        "name": "Большой Харитоньевский переулок",
        "osm_kind": "road",
        "osm_id": 174315447,
        "osm_type": "way",
        "osm_tags": {
          "highway": "residential",
          "name": "Большой Харитоньевский переулок"
        },
        "case_id": "moscow_center_+1_+2_2f59b7ad_mixed_scale"
      },
      "geometry": {
        "type": "LineString",
        "coordinates": [
          [
            37.6431857,
            55.7638596
          ],
          [
            37.6432251,
            55.7638795
          ],
          [
            37.6437564,
            55.764149
          ],
          [
            37.6437884,
            55.7641673
          ],
          [
            37.6438801,
            55.7642141
          ],
          [
            37.6440726,
            55.7643022
          ],
          [
            37.6443296,
            55.7644106
          ],
          [
            37.6444516,
            55.7644615
          ],
          [
            37.6444823,
            55.7644735
          ],
          [
            37.6445455,
            55.7644979
          ],
          [
            37.6447057,
            55.7645597
          ]
        ]
      }
    },
    {
      "type": "Feature",
      "properties": {
        "id": "moscow_center_+1_+2_2f59b7ad_mixed_scale_osm_way_174347476_74",
        "object_type": "restriction",
        "restriction_type": "road",
        "name": "",
        "osm_kind": "road",
        "osm_id": 174347476,
        "osm_type": "way",
        "osm_tags": {
          "highway": "service"
        },
        "case_id": "moscow_center_+1_+2_2f59b7ad_mixed_scale"
      },
      "geometry": {
        "type": "LineString",
        "coordinates": [
          [
            37.6429738,
            55.7640385
          ],
          [
            37.643144,
            55.7639322
          ]
        ]
      }
    },
    {
      "type": "Feature",
      "properties": {
        "id": "moscow_center_+1_+2_2f59b7ad_mixed_scale_osm_way_174347478_75",
        "object_type": "restriction",
        "restriction_type": "road",
        "name": "",
        "osm_kind": "road",
        "osm_id": 174347478,
        "osm_type": "way",
        "osm_tags": {
          "highway": "service"
        },
        "case_id": "moscow_center_+1_+2_2f59b7ad_mixed_scale"
      },
      "geometry": {
        "type": "LineString",
        "coordinates": [
          [
            37.6447057,
            55.7645597
          ],
          [
            37.6446586,
            55.7645999
          ],
          [
            37.6446439,
            55.7646125
          ],
          [
            37.6445589,
            55.7646933
          ]
        ]
      }
    },
    {
      "type": "Feature",
      "properties": {
        "id": "moscow_center_+1_+2_2f59b7ad_mixed_scale_osm_way_174347479_76",
        "object_type": "restriction",
        "restriction_type": "road",
        "name": "",
        "osm_kind": "road",
        "osm_id": 174347479,
        "osm_type": "way",
        "osm_tags": {
          "highway": "service"
        },
        "case_id": "moscow_center_+1_+2_2f59b7ad_mixed_scale"
      },
      "geometry": {
        "type": "LineString",
        "coordinates": [
          [
            37.6433859,
            55.7635181
          ],
          [
            37.6432582,
            55.7634472
          ],
          [
            37.6430627,
            55.7633387
          ],
          [
            37.6433346,
            55.763191
          ],
          [
            37.6437489,
            55.762966
          ],
          [
            37.6438827,
            55.7628927
          ],
          [
            37.6439007,
            55.7628828
          ]
        ]
      }
    },
    {
      "type": "Feature",
      "properties": {
        "id": "moscow_center_+1_+2_2f59b7ad_mixed_scale_osm_way_174347481_77",
        "object_type": "restriction",
        "restriction_type": "road",
        "name": "",
        "osm_kind": "road",
        "osm_id": 174347481,
        "osm_type": "way",
        "osm_tags": {
          "highway": "service"
        },
        "case_id": "moscow_center_+1_+2_2f59b7ad_mixed_scale"
      },
      "geometry": {
        "type": "LineString",
        "coordinates": [
          [
            37.643144,
            55.7639322
          ],
          [
            37.6431614,
            55.7639209
          ],
          [
            37.643173,
            55.7639134
          ],
          [
            37.6432251,
            55.7638795
          ]
        ]
      }
    },
    {
      "type": "Feature",
      "properties": {
        "id": "moscow_center_+1_+2_2f59b7ad_mixed_scale_osm_way_174347482_78",
        "object_type": "restriction",
        "restriction_type": "road",
        "name": "",
        "osm_kind": "road",
        "osm_id": 174347482,
        "osm_type": "way",
        "osm_tags": {
          "highway": "service"
        },
        "case_id": "moscow_center_+1_+2_2f59b7ad_mixed_scale"
      },
      "geometry": {
        "type": "LineString",
        "coordinates": [
          [
            37.6445589,
            55.7646933
          ],
          [
            37.6444477,
            55.7647911
          ]
        ]
      }
    },
    {
      "type": "Feature",
      "properties": {
        "id": "moscow_center_+1_+2_2f59b7ad_mixed_scale_osm_way_174347484_79",
        "object_type": "restriction",
        "restriction_type": "park",
        "name": "",
        "osm_kind": "green",
        "osm_id": 174347484,
        "osm_type": "way",
        "osm_tags": {
          "landuse": "grass"
        },
        "case_id": "moscow_center_+1_+2_2f59b7ad_mixed_scale"
      },
      "geometry": {
        "type": "Polygon",
        "coordinates": [
          [
            [
              37.644436,
              55.7646139
            ],
            [
              37.6444697,
              55.7646244
            ],
            [
              37.6445994,
              55.7646016
            ],
            [
              37.6444475,
              55.764548
            ],
            [
              37.644436,
              55.7646139
            ]
          ]
        ]
      }
    },
    {
      "type": "Feature",
      "properties": {
        "id": "moscow_center_+1_+2_2f59b7ad_mixed_scale_osm_way_175332971_80",
        "object_type": "restriction",
        "restriction_type": "road",
        "name": "Чистопрудный бульвар",
        "osm_kind": "major_road",
        "osm_id": 175332971,
        "osm_type": "way",
        "osm_tags": {
          "highway": "secondary",
          "name": "Чистопрудный бульвар"
        },
        "case_id": "moscow_center_+1_+2_2f59b7ad_mixed_scale"
      },
      "geometry": {
        "type": "LineString",
        "coordinates": [
          [
            37.645884,
            55.760866
          ],
          [
            37.645359,
            55.7613575
          ],
          [
            37.6451807,
            55.7615157
          ],
          [
            37.6447178,
            55.7619485
          ],
          [
            37.6446609,
            55.7620016
          ],
          [
            37.6444643,
            55.762187
          ],
          [
            37.6444448,
            55.7622009
          ],
          [
            37.6443123,
            55.7623081
          ],
          [
            37.6442188,
            55.7623699
          ],
          [
            37.6441116,
            55.7624298
          ],
          [
            37.6435914,
            55.7627075
          ],
          [
            37.6423616,
            55.7633736
          ],
          [
            37.6421702,
            55.7634684
          ],
          [
            37.6411717,
            55.7639381
          ],
          [
            37.6399264,
            55.7645112
          ],
          [
            37.6394754,
            55.7647187
          ]
        ]
      }
    },
    {
      "type": "Feature",
      "properties": {
        "id": "moscow_center_+1_+2_2f59b7ad_mixed_scale_osm_way_209447982_81",
        "object_type": "restriction",
        "restriction_type": "oks",
        "name": "",
        "osm_kind": "building",
        "osm_id": 209447982,
        "osm_type": "way",
        "osm_tags": {
          "building": "commercial"
        },
        "case_id": "moscow_center_+1_+2_2f59b7ad_mixed_scale"
      },
      "geometry": {
        "type": "Polygon",
        "coordinates": [
          [
            [
              37.6446071,
              55.7621871
            ],
            [
              37.6445865,
              55.7622059
            ],
            [
              37.6447491,
              55.7622626
            ],
            [
              37.6447698,
              55.7622438
            ],
            [
              37.6446071,
              55.7621871
            ]
          ]
        ]
      }
    },
    {
      "type": "Feature",
      "properties": {
        "id": "moscow_center_+1_+2_2f59b7ad_mixed_scale_osm_way_209447987_82",
        "object_type": "restriction",
        "restriction_type": "road",
        "name": "",
        "osm_kind": "road",
        "osm_id": 209447987,
        "osm_type": "way",
        "osm_tags": {
          "highway": "service"
        },
        "case_id": "moscow_center_+1_+2_2f59b7ad_mixed_scale"
      },
      "geometry": {
        "type": "LineString",
        "coordinates": [
          [
            37.6441116,
            55.7624298
          ],
          [
            37.644171,
            55.7624617
          ],
          [
            37.6442018,
            55.7624783
          ],
          [
            37.6442207,
            55.7624884
          ]
        ]
      }
    },
    {
      "type": "Feature",
      "properties": {
        "id": "moscow_center_+1_+2_2f59b7ad_mixed_scale_osm_way_209447988_83",
        "object_type": "restriction",
        "restriction_type": "road",
        "name": "",
        "osm_kind": "road",
        "osm_id": 209447988,
        "osm_type": "way",
        "osm_tags": {
          "highway": "service"
        },
        "case_id": "moscow_center_+1_+2_2f59b7ad_mixed_scale"
      },
      "geometry": {
        "type": "LineString",
        "coordinates": [
          [
            37.6442207,
            55.7624884
          ],
          [
            37.644412,
            55.7625805
          ]
        ]
      }
    },
    {
      "type": "Feature",
      "properties": {
        "id": "moscow_center_+1_+2_2f59b7ad_mixed_scale_osm_way_209447991_84",
        "object_type": "restriction",
        "restriction_type": "road",
        "name": "",
        "osm_kind": "road",
        "osm_id": 209447991,
        "osm_type": "way",
        "osm_tags": {
          "highway": "service"
        },
        "case_id": "moscow_center_+1_+2_2f59b7ad_mixed_scale"
      },
      "geometry": {
        "type": "LineString",
        "coordinates": [
          [
            37.644412,
            55.7625805
          ],
          [
            37.6449545,
            55.7628198
          ]
        ]
      }
    },
    {
      "type": "Feature",
      "properties": {
        "id": "moscow_center_+1_+2_2f59b7ad_mixed_scale_osm_way_209447993_85",
        "object_type": "restriction",
        "restriction_type": "road",
        "name": "",
        "osm_kind": "road",
        "osm_id": 209447993,
        "osm_type": "way",
        "osm_tags": {
          "highway": "service"
        },
        "case_id": "moscow_center_+1_+2_2f59b7ad_mixed_scale"
      },
      "geometry": {
        "type": "LineString",
        "coordinates": [
          [
            37.6421517,
            55.7625393
          ],
          [
            37.6421087,
            55.7625181
          ],
          [
            37.6420623,
            55.7624954
          ],
          [
            37.6420394,
            55.7624841
          ],
          [
            37.6417179,
            55.7623267
          ],
          [
            37.6417055,
            55.762183
          ],
          [
            37.6418707,
            55.762065
          ],
          [
            37.641673,
            55.7619849
          ]
        ]
      }
    },
    {
      "type": "Feature",
      "properties": {
        "id": "moscow_center_+1_+2_2f59b7ad_mixed_scale_osm_way_209448000_86",
        "object_type": "restriction",
        "restriction_type": "road",
        "name": "улица Жуковского",
        "osm_kind": "road",
        "osm_id": 209448000,
        "osm_type": "way",
        "osm_tags": {
          "highway": "residential",
          "name": "улица Жуковского"
        },
        "case_id": "moscow_center_+1_+2_2f59b7ad_mixed_scale"
      },
      "geometry": {
        "type": "LineString",
        "coordinates": [
          [
            37.646365,
            55.7629018
          ],
          [
            37.6468557,
            55.7625983
          ],
          [
            37.6469349,
            55.7625465
          ],
          [
            37.6469836,
            55.7625146
          ],
          [
            37.6470607,
            55.762465
          ],
          [
            37.6474666,
            55.7622021
          ],
          [
            37.6476101,
            55.7621092
          ],
          [
            37.6477201,
            55.7620384
          ],
          [
            37.648037,
            55.7618303
          ],
          [
            37.6481395,
            55.7617612
          ]
        ]
      }
    },
    {
      "type": "Feature",
      "properties": {
        "id": "moscow_center_+1_+2_2f59b7ad_mixed_scale_osm_way_225880184_87",
        "object_type": "restriction",
        "restriction_type": "road",
        "name": "",
        "osm_kind": "road",
        "osm_id": 225880184,
        "osm_type": "way",
        "osm_tags": {
          "highway": "service"
        },
        "case_id": "moscow_center_+1_+2_2f59b7ad_mixed_scale"
      },
      "geometry": {
        "type": "LineString",
        "coordinates": [
          [
            37.645007,
            55.76327
          ],
          [
            37.6451428,
            55.7631712
          ],
          [
            37.6452635,
            55.7631357
          ],
          [
            37.6455264,
            55.7629482
          ]
        ]
      }
    },
    {
      "type": "Feature",
      "properties": {
        "id": "moscow_center_+1_+2_2f59b7ad_mixed_scale_osm_way_225880185_88",
        "object_type": "restriction",
        "restriction_type": "road",
        "name": "",
        "osm_kind": "road",
        "osm_id": 225880185,
        "osm_type": "way",
        "osm_tags": {
          "highway": "service"
        },
        "case_id": "moscow_center_+1_+2_2f59b7ad_mixed_scale"
      },
      "geometry": {
        "type": "LineString",
        "coordinates": [
          [
            37.6458443,
            55.7630935
          ],
          [
            37.6458792,
            55.7631102
          ],
          [
            37.6459312,
            55.7631351
          ],
          [
            37.6459665,
            55.7631521
          ]
        ]
      }
    },
    {
      "type": "Feature",
      "properties": {
        "id": "moscow_center_+1_+2_2f59b7ad_mixed_scale_osm_way_225880186_89",
        "object_type": "restriction",
        "restriction_type": "road",
        "name": "",
        "osm_kind": "road",
        "osm_id": 225880186,
        "osm_type": "way",
        "osm_tags": {
          "highway": "service"
        },
        "case_id": "moscow_center_+1_+2_2f59b7ad_mixed_scale"
      },
      "geometry": {
        "type": "LineString",
        "coordinates": [
          [
            37.6445773,
            55.7630906
          ],
          [
            37.6449545,
            55.7628198
          ],
          [
            37.6451348,
            55.7628045
          ],
          [
            37.6451799,
            55.7627758
          ]
        ]
      }
    },
    {
      "type": "Feature",
      "properties": {
        "id": "moscow_center_+1_+2_2f59b7ad_mixed_scale_osm_way_243438208_90",
        "object_type": "restriction",
        "restriction_type": "road",
        "name": "",
        "osm_kind": "road",
        "osm_id": 243438208,
        "osm_type": "way",
        "osm_tags": {
          "highway": "footway"
        },
        "case_id": "moscow_center_+1_+2_2f59b7ad_mixed_scale"
      },
      "geometry": {
        "type": "LineString",
        "coordinates": [
          [
            37.6383316,
            55.7653231
          ],
          [
            37.6391374,
            55.7649516
          ],
          [
            37.6399952,
            55.7645562
          ],
          [
            37.6412387,
            55.7639839
          ],
          [
            37.6422307,
            55.7635066
          ],
          [
            37.6423666,
            55.7634426
          ],
          [
            37.6423776,
            55.7634368
          ]
        ]
      }
    },
    {
      "type": "Feature",
      "properties": {
        "id": "moscow_center_+1_+2_2f59b7ad_mixed_scale_osm_way_300790173_91",
        "object_type": "restriction",
        "restriction_type": "road",
        "name": "",
        "osm_kind": "road",
        "osm_id": 300790173,
        "osm_type": "way",
        "osm_tags": {
          "highway": "service"
        },
        "case_id": "moscow_center_+1_+2_2f59b7ad_mixed_scale"
      },
      "geometry": {
        "type": "LineString",
        "coordinates": [
          [
            37.6457701,
            55.7643006
          ],
          [
            37.6459478,
            55.7643855
          ]
        ]
      }
    },
    {
      "type": "Feature",
      "properties": {
        "id": "moscow_center_+1_+2_2f59b7ad_mixed_scale_osm_way_300790174_92",
        "object_type": "restriction",
        "restriction_type": "road",
        "name": "",
        "osm_kind": "road",
        "osm_id": 300790174,
        "osm_type": "way",
        "osm_tags": {
          "highway": "service"
        },
        "case_id": "moscow_center_+1_+2_2f59b7ad_mixed_scale"
      },
      "geometry": {
        "type": "LineString",
        "coordinates": [
          [
            37.6459478,
            55.7643855
          ],
          [
            37.6463577,
            55.7645789
          ],
          [
            37.6462676,
            55.7646626
          ]
        ]
      }
    },
    {
      "type": "Feature",
      "properties": {
        "id": "moscow_center_+1_+2_2f59b7ad_mixed_scale_osm_way_349555476_93",
        "object_type": "restriction",
        "restriction_type": "road",
        "name": "",
        "osm_kind": "road",
        "osm_id": 349555476,
        "osm_type": "way",
        "osm_tags": {
          "highway": "footway"
        },
        "case_id": "moscow_center_+1_+2_2f59b7ad_mixed_scale"
      },
      "geometry": {
        "type": "LineString",
        "coordinates": [
          [
            37.6437377,
            55.7650157
          ],
          [
            37.6438009,
            55.7648162
          ],
          [
            37.6438372,
            55.7647006
          ]
        ]
      }
    },
    {
      "type": "Feature",
      "properties": {
        "id": "moscow_center_+1_+2_2f59b7ad_mixed_scale_osm_way_358198920_94",
        "object_type": "restriction",
        "restriction_type": "road",
        "name": "",
        "osm_kind": "road",
        "osm_id": 358198920,
        "osm_type": "way",
        "osm_tags": {
          "highway": "cycleway"
        },
        "case_id": "moscow_center_+1_+2_2f59b7ad_mixed_scale"
      },
      "geometry": {
        "type": "LineString",
        "coordinates": [
          [
            37.6424697,
            55.7633589
          ],
          [
            37.642397,
            55.7633957
          ],
          [
            37.642316,
            55.7634366
          ]
        ]
      }
    },
    {
      "type": "Feature",
      "properties": {
        "id": "moscow_center_+1_+2_2f59b7ad_mixed_scale_osm_way_358198927_95",
        "object_type": "restriction",
        "restriction_type": "road",
        "name": "",
        "osm_kind": "road",
        "osm_id": 358198927,
        "osm_type": "way",
        "osm_tags": {
          "highway": "cycleway"
        },
        "case_id": "moscow_center_+1_+2_2f59b7ad_mixed_scale"
      },
      "geometry": {
        "type": "LineString",
        "coordinates": [
          [
            37.642316,
            55.7634366
          ],
          [
            37.6422028,
            55.7634889
          ],
          [
            37.6412088,
            55.7639634
          ],
          [
            37.6399634,
            55.7645354
          ],
          [
            37.639108,
            55.7649322
          ],
          [
            37.6383009,
            55.7653018
          ]
        ]
      }
    },
    {
      "type": "Feature",
      "properties": {
        "id": "moscow_center_+1_+2_2f59b7ad_mixed_scale_osm_way_358198929_96",
        "object_type": "restriction",
        "restriction_type": "road",
        "name": "",
        "osm_kind": "road",
        "osm_id": 358198929,
        "osm_type": "way",
        "osm_tags": {
          "highway": "cycleway"
        },
        "case_id": "moscow_center_+1_+2_2f59b7ad_mixed_scale"
      },
      "geometry": {
        "type": "LineString",
        "coordinates": [
          [
            37.646054,
            55.7603214
          ],
          [
            37.6460588,
            55.7606419
          ],
          [
            37.6460474,
            55.7607264
          ],
          [
            37.6460206,
            55.7607906
          ],
          [
            37.645983,
            55.7608483
          ],
          [
            37.645938,
            55.7608866
          ],
          [
            37.6454057,
            55.7613746
          ],
          [
            37.6452339,
            55.7615354
          ],
          [
            37.6447747,
            55.7619684
          ],
          [
            37.6447182,
            55.7620216
          ],
          [
            37.6445235,
            55.7622054
          ],
          [
            37.6445055,
            55.7622219
          ],
          [
            37.6443792,
            55.7623339
          ],
          [
            37.644318,
            55.7623785
          ],
          [
            37.644171,
            55.7624617
          ],
          [
            37.6436592,
            55.7627472
          ],
          [
            37.6434861,
            55.7628374
          ],
          [
            37.6424914,
            55.7633476
          ],
          [
            37.6424697,
            55.7633589
          ]
        ]
      }
    },
    {
      "type": "Feature",
      "properties": {
        "id": "moscow_center_+1_+2_2f59b7ad_mixed_scale_osm_way_360794133_97",
        "object_type": "restriction",
        "restriction_type": "road",
        "name": "",
        "osm_kind": "road",
        "osm_id": 360794133,
        "osm_type": "way",
        "osm_tags": {
          "highway": "footway"
        },
        "case_id": "moscow_center_+1_+2_2f59b7ad_mixed_scale"
      },
      "geometry": {
        "type": "LineString",
        "coordinates": [
          [
            37.6387125,
            55.7655655
          ],
          [
            37.6393617,
            55.7652839
          ],
          [
            37.6400211,
            55.7649993
          ],
          [
            37.6400466,
            55.7649873
          ],
          [
            37.6404004,
            55.7648213
          ],
          [
            37.6407072,
            55.7646754
          ],
          [
            37.6416168,
            55.7642429
          ],
          [
            37.6427372,
            55.7637116
          ]
        ]
      }
    },
    {
      "type": "Feature",
      "properties": {
        "id": "moscow_center_+1_+2_2f59b7ad_mixed_scale_osm_way_360794134_98",
        "object_type": "restriction",
        "restriction_type": "road",
        "name": "",
        "osm_kind": "road",
        "osm_id": 360794134,
        "osm_type": "way",
        "osm_tags": {
          "highway": "footway"
        },
        "case_id": "moscow_center_+1_+2_2f59b7ad_mixed_scale"
      },
      "geometry": {
        "type": "LineString",
        "coordinates": [
          [
            37.6428567,
            55.7637776
          ],
          [
            37.6428122,
            55.7637844
          ],
          [
            37.6415468,
            55.7643905
          ],
          [
            37.6412699,
            55.7645226
          ],
          [
            37.6410882,
            55.7646093
          ]
        ]
      }
    },
    {
      "type": "Feature",
      "properties": {
        "id": "moscow_center_+1_+2_2f59b7ad_mixed_scale_osm_way_360794140_99",
        "object_type": "restriction",
        "restriction_type": "road",
        "name": "",
        "osm_kind": "road",
        "osm_id": 360794140,
        "osm_type": "way",
        "osm_tags": {
          "highway": "footway"
        },
        "case_id": "moscow_center_+1_+2_2f59b7ad_mixed_scale"
      },
      "geometry": {
        "type": "LineString",
        "coordinates": [
          [
            37.6427505,
            55.7637191
          ],
          [
            37.6427949,
            55.7637442
          ],
          [
            37.6428371,
            55.7637682
          ]
        ]
      }
    },
    {
      "type": "Feature",
      "properties": {
        "id": "moscow_center_+1_+2_2f59b7ad_mixed_scale_osm_way_360794141_100",
        "object_type": "restriction",
        "restriction_type": "road",
        "name": "",
        "osm_kind": "road",
        "osm_id": 360794141,
        "osm_type": "way",
        "osm_tags": {
          "highway": "footway"
        },
        "case_id": "moscow_center_+1_+2_2f59b7ad_mixed_scale"
      },
      "geometry": {
        "type": "LineString",
        "coordinates": [
          [
            37.6428567,
            55.7637776
          ],
          [
            37.6428829,
            55.7637815
          ],
          [
            37.6429503,
            55.7638149
          ],
          [
            37.6431614,
            55.7639209
          ],
          [
            37.6437228,
            55.764208
          ],
          [
            37.64381,
            55.7642526
          ],
          [
            37.6440076,
            55.7643396
          ],
          [
            37.6442764,
            55.7644505
          ],
          [
            37.6443879,
            55.7644966
          ],
          [
            37.6444343,
            55.7645142
          ],
          [
            37.6444972,
            55.7645383
          ],
          [
            37.6446586,
            55.7645999
          ],
          [
            37.6449231,
            55.7646995
          ],
          [
            37.6451264,
            55.764776
          ],
          [
            37.6453358,
            55.7648549
          ],
          [
            37.6457966,
            55.7650039
          ],
          [
            37.6458147,
            55.7650163
          ],
          [
            37.6458114,
            55.7650288
          ],
          [
            37.6454266,
            55.7654996
          ],
          [
            37.645191,
            55.7657875
          ],
          [
            37.6451552,
            55.7658258
          ],
          [
            37.6451082,
            55.7658761
          ],
          [
            37.6447477,
            55.7662643
          ],
          [
            37.6446445,
            55.7663876
          ],
          [
            37.6446347,
            55.7663908
          ],
          [
            37.644622,
            55.7663915
          ],
          [
            37.6446112,
            55.7663898
          ],
          [
            37.6446015,
            55.7663869
          ]
        ]
      }
    },
    {
      "type": "Feature",
      "properties": {
        "id": "moscow_center_+1_+2_2f59b7ad_mixed_scale_osm_way_360794142_101",
        "object_type": "restriction",
        "restriction_type": "road",
        "name": "",
        "osm_kind": "road",
        "osm_id": 360794142,
        "osm_type": "way",
        "osm_tags": {
          "highway": "footway"
        },
        "case_id": "moscow_center_+1_+2_2f59b7ad_mixed_scale"
      },
      "geometry": {
        "type": "LineString",
        "coordinates": [
          [
            37.6445547,
            55.7644317
          ],
          [
            37.6449937,
            55.7640259
          ],
          [
            37.6453858,
            55.7636417
          ]
        ]
      }
    },
    {
      "type": "Feature",
      "properties": {
        "id": "moscow_center_+1_+2_2f59b7ad_mixed_scale_osm_way_360794143_102",
        "object_type": "restriction",
        "restriction_type": "road",
        "name": "",
        "osm_kind": "road",
        "osm_id": 360794143,
        "osm_type": "way",
        "osm_tags": {
          "highway": "footway"
        },
        "case_id": "moscow_center_+1_+2_2f59b7ad_mixed_scale"
      },
      "geometry": {
        "type": "LineString",
        "coordinates": [
          [
            37.6445416,
            55.7644265
          ],
          [
            37.6445064,
            55.7644116
          ],
          [
            37.6444753,
            55.7643999
          ]
        ]
      }
    },
    {
      "type": "Feature",
      "properties": {
        "id": "moscow_center_+1_+2_2f59b7ad_mixed_scale_osm_way_360794144_103",
        "object_type": "restriction",
        "restriction_type": "road",
        "name": "",
        "osm_kind": "road",
        "osm_id": 360794144,
        "osm_type": "way",
        "osm_tags": {
          "highway": "footway"
        },
        "case_id": "moscow_center_+1_+2_2f59b7ad_mixed_scale"
      },
      "geometry": {
        "type": "LineString",
        "coordinates": [
          [
            37.6425649,
            55.763337
          ],
          [
            37.643,
            55.7635904
          ],
          [
            37.6430441,
            55.76372
          ],
          [
            37.6430818,
            55.763739
          ],
          [
            37.643807,
            55.7641146
          ],
          [
            37.6438664,
            55.7641453
          ],
          [
            37.6443759,
            55.7643759
          ],
          [
            37.6443846,
            55.7643798
          ],
          [
            37.6444015,
            55.7643809
          ],
          [
            37.644417,
            55.7643765
          ]
        ]
      }
    },
    {
      "type": "Feature",
      "properties": {
        "id": "moscow_center_+1_+2_2f59b7ad_mixed_scale_osm_way_360794145_104",
        "object_type": "restriction",
        "restriction_type": "road",
        "name": "",
        "osm_kind": "road",
        "osm_id": 360794145,
        "osm_type": "way",
        "osm_tags": {
          "highway": "footway"
        },
        "case_id": "moscow_center_+1_+2_2f59b7ad_mixed_scale"
      },
      "geometry": {
        "type": "LineString",
        "coordinates": [
          [
            37.644417,
            55.7643765
          ],
          [
            37.6446352,
            55.7641974
          ],
          [
            37.64511,
            55.7637239
          ],
          [
            37.6453361,
            55.7634855
          ],
          [
            37.6453655,
            55.7634599
          ],
          [
            37.6455987,
            55.7632938
          ],
          [
            37.6457357,
            55.7632026
          ],
          [
            37.6458041,
            55.7631571
          ],
          [
            37.6458792,
            55.7631102
          ],
          [
            37.6459972,
            55.7630402
          ],
          [
            37.646285,
            55.7628623
          ],
          [
            37.646771,
            55.7625556
          ],
          [
            37.6468517,
            55.7625047
          ],
          [
            37.6469776,
            55.7624242
          ]
        ]
      }
    },
    {
      "type": "Feature",
      "properties": {
        "id": "moscow_center_+1_+2_2f59b7ad_mixed_scale_osm_way_360794146_105",
        "object_type": "restriction",
        "restriction_type": "road",
        "name": "",
        "osm_kind": "road",
        "osm_id": 360794146,
        "osm_type": "way",
        "osm_tags": {
          "highway": "footway"
        },
        "case_id": "moscow_center_+1_+2_2f59b7ad_mixed_scale"
      },
      "geometry": {
        "type": "LineString",
        "coordinates": [
          [
            37.6445547,
            55.7644317
          ],
          [
            37.644558,
            55.7644409
          ],
          [
            37.6445961,
            55.7644556
          ],
          [
            37.6450237,
            55.7646205
          ],
          [
            37.6450389,
            55.7646264
          ],
          [
            37.6450519,
            55.7646266
          ]
        ]
      }
    },
    {
      "type": "Feature",
      "properties": {
        "id": "moscow_center_+1_+2_2f59b7ad_mixed_scale_osm_way_360794147_106",
        "object_type": "restriction",
        "restriction_type": "road",
        "name": "",
        "osm_kind": "road",
        "osm_id": 360794147,
        "osm_type": "way",
        "osm_tags": {
          "highway": "footway"
        },
        "case_id": "moscow_center_+1_+2_2f59b7ad_mixed_scale"
      },
      "geometry": {
        "type": "LineString",
        "coordinates": [
          [
            37.6450618,
            55.7646304
          ],
          [
            37.6451303,
            55.7646566
          ],
          [
            37.6451927,
            55.7646807
          ]
        ]
      }
    },
    {
      "type": "Feature",
      "properties": {
        "id": "moscow_center_+1_+2_2f59b7ad_mixed_scale_osm_way_360794148_107",
        "object_type": "restriction",
        "restriction_type": "road",
        "name": "",
        "osm_kind": "road",
        "osm_id": 360794148,
        "osm_type": "way",
        "osm_tags": {
          "highway": "footway"
        },
        "case_id": "moscow_center_+1_+2_2f59b7ad_mixed_scale"
      },
      "geometry": {
        "type": "LineString",
        "coordinates": [
          [
            37.6452119,
            55.7646877
          ],
          [
            37.6452329,
            55.7646959
          ],
          [
            37.6454645,
            55.7647859
          ],
          [
            37.6458919,
            55.7649303
          ],
          [
            37.6460485,
            55.7649794
          ]
        ]
      }
    },
    {
      "type": "Feature",
      "properties": {
        "id": "moscow_center_+1_+2_2f59b7ad_mixed_scale_osm_way_360794150_108",
        "object_type": "restriction",
        "restriction_type": "road",
        "name": "",
        "osm_kind": "road",
        "osm_id": 360794150,
        "osm_type": "way",
        "osm_tags": {
          "highway": "footway"
        },
        "case_id": "moscow_center_+1_+2_2f59b7ad_mixed_scale"
      },
      "geometry": {
        "type": "LineString",
        "coordinates": [
          [
            37.6450519,
            55.7646266
          ],
          [
            37.6452536,
            55.7644737
          ],
          [
            37.6453646,
            55.7643897
          ],
          [
            37.6454616,
            55.7643149
          ],
          [
            37.6455552,
            55.7642539
          ],
          [
            37.645717,
            55.7641588
          ],
          [
            37.6464166,
            55.763731
          ],
          [
            37.6470867,
            55.7633226
          ],
          [
            37.6471199,
            55.763302
          ],
          [
            37.6472292,
            55.7632344
          ],
          [
            37.6475347,
            55.7630453
          ],
          [
            37.647652,
            55.7629684
          ],
          [
            37.6478868,
            55.7628145
          ],
          [
            37.6481945,
            55.7626127
          ],
          [
            37.6485059,
            55.7624112
          ],
          [
            37.6485894,
            55.7623552
          ],
          [
            37.6487792,
            55.7622278
          ],
          [
            37.6490642,
            55.7620294
          ],
          [
            37.6490668,
            55.7620247
          ],
          [
            37.6490747,
            55.7620121
          ]
        ]
      }
    },
    {
      "type": "Feature",
      "properties": {
        "id": "moscow_center_+1_+2_2f59b7ad_mixed_scale_osm_way_360794151_109",
        "object_type": "restriction",
        "restriction_type": "road",
        "name": "",
        "osm_kind": "road",
        "osm_id": 360794151,
        "osm_type": "way",
        "osm_tags": {
          "highway": "footway"
        },
        "case_id": "moscow_center_+1_+2_2f59b7ad_mixed_scale"
      },
      "geometry": {
        "type": "LineString",
        "coordinates": [
          [
            37.6452119,
            55.7646877
          ],
          [
            37.6452116,
            55.7646768
          ],
          [
            37.6452224,
            55.7646671
          ],
          [
            37.6455699,
            55.7644144
          ],
          [
            37.645756,
            55.764294
          ],
          [
            37.6461175,
            55.76407
          ],
          [
            37.6469492,
            55.7635545
          ],
          [
            37.6472365,
            55.7633789
          ]
        ]
      }
    },
    {
      "type": "Feature",
      "properties": {
        "id": "moscow_center_+1_+2_2f59b7ad_mixed_scale_osm_way_360794158_110",
        "object_type": "restriction",
        "restriction_type": "road",
        "name": "",
        "osm_kind": "road",
        "osm_id": 360794158,
        "osm_type": "way",
        "osm_tags": {
          "highway": "footway"
        },
        "case_id": "moscow_center_+1_+2_2f59b7ad_mixed_scale"
      },
      "geometry": {
        "type": "LineString",
        "coordinates": [
          [
            37.6459309,
            55.7609468
          ],
          [
            37.6459236,
            55.7609524
          ],
          [
            37.6459135,
            55.7609602
          ],
          [
            37.6456647,
            55.7611853
          ],
          [
            37.645441,
            55.7613877
          ],
          [
            37.6453895,
            55.7614343
          ],
          [
            37.6452704,
            55.7615489
          ],
          [
            37.6450111,
            55.7617955
          ],
          [
            37.6448132,
            55.7619818
          ],
          [
            37.6447549,
            55.7620343
          ],
          [
            37.644554,
            55.7622139
          ],
          [
            37.6445365,
            55.7622321
          ],
          [
            37.6444092,
            55.7623457
          ],
          [
            37.6443431,
            55.762396
          ],
          [
            37.6442018,
            55.7624783
          ]
        ]
      }
    },
    {
      "type": "Feature",
      "properties": {
        "id": "moscow_center_+1_+2_2f59b7ad_mixed_scale_osm_way_360794162_111",
        "object_type": "restriction",
        "restriction_type": "road",
        "name": "",
        "osm_kind": "road",
        "osm_id": 360794162,
        "osm_type": "way",
        "osm_tags": {
          "highway": "footway"
        },
        "case_id": "moscow_center_+1_+2_2f59b7ad_mixed_scale"
      },
      "geometry": {
        "type": "LineString",
        "coordinates": [
          [
            37.6453858,
            55.7636417
          ],
          [
            37.6454727,
            55.7635518
          ],
          [
            37.6455197,
            55.7635073
          ],
          [
            37.6457083,
            55.7633625
          ],
          [
            37.6458596,
            55.7632661
          ],
          [
            37.6460128,
            55.7631686
          ],
          [
            37.6463549,
            55.7629491
          ],
          [
            37.6467755,
            55.7626855
          ],
          [
            37.6470259,
            55.7625354
          ],
          [
            37.6471058,
            55.7624875
          ],
          [
            37.6474704,
            55.7622487
          ]
        ]
      }
    },
    {
      "type": "Feature",
      "properties": {
        "id": "moscow_center_+1_+2_2f59b7ad_mixed_scale_osm_way_375048235_112",
        "object_type": "restriction",
        "restriction_type": "road",
        "name": "",
        "osm_kind": "road",
        "osm_id": 375048235,
        "osm_type": "way",
        "osm_tags": {
          "highway": "footway"
        },
        "case_id": "moscow_center_+1_+2_2f59b7ad_mixed_scale"
      },
      "geometry": {
        "type": "LineString",
        "coordinates": [
          [
            37.6430937,
            55.761752
          ],
          [
            37.6420623,
            55.7624954
          ],
          [
            37.6415513,
            55.7628309
          ],
          [
            37.6413523,
            55.7629496
          ],
          [
            37.6411762,
            55.7630511
          ],
          [
            37.6409041,
            55.7632058
          ],
          [
            37.6404181,
            55.7634659
          ],
          [
            37.640399,
            55.7634743
          ]
        ]
      }
    },
    {
      "type": "Feature",
      "properties": {
        "id": "moscow_center_+1_+2_2f59b7ad_mixed_scale_osm_way_375105247_113",
        "object_type": "restriction",
        "restriction_type": "road",
        "name": "",
        "osm_kind": "road",
        "osm_id": 375105247,
        "osm_type": "way",
        "osm_tags": {
          "highway": "footway"
        },
        "case_id": "moscow_center_+1_+2_2f59b7ad_mixed_scale"
      },
      "geometry": {
        "type": "LineString",
        "coordinates": [
          [
            37.644391,
            55.7621647
          ],
          [
            37.6444137,
            55.7621717
          ],
          [
            37.6444643,
            55.762187
          ],
          [
            37.6445235,
            55.7622054
          ],
          [
            37.6445365,
            55.7622094
          ]
        ]
      }
    },
    {
      "type": "Feature",
      "properties": {
        "id": "moscow_center_+1_+2_2f59b7ad_mixed_scale_osm_way_508234827_114",
        "object_type": "restriction",
        "restriction_type": "road",
        "name": "",
        "osm_kind": "road",
        "osm_id": 508234827,
        "osm_type": "way",
        "osm_tags": {
          "highway": "footway"
        },
        "case_id": "moscow_center_+1_+2_2f59b7ad_mixed_scale"
      },
      "geometry": {
        "type": "LineString",
        "coordinates": [
          [
            37.6393729,
            55.7644159
          ],
          [
            37.6399587,
            55.764103
          ],
          [
            37.6401456,
            55.7640031
          ],
          [
            37.6407895,
            55.7636408
          ],
          [
            37.6416909,
            55.7631644
          ],
          [
            37.6419041,
            55.7630467
          ],
          [
            37.6428204,
            55.7623965
          ]
        ]
      }
    },
    {
      "type": "Feature",
      "properties": {
        "id": "moscow_center_+1_+2_2f59b7ad_mixed_scale_osm_way_508234829_115",
        "object_type": "restriction",
        "restriction_type": "road",
        "name": "",
        "osm_kind": "road",
        "osm_id": 508234829,
        "osm_type": "way",
        "osm_tags": {
          "highway": "footway"
        },
        "case_id": "moscow_center_+1_+2_2f59b7ad_mixed_scale"
      },
      "geometry": {
        "type": "LineString",
        "coordinates": [
          [
            37.6421103,
            55.7634304
          ],
          [
            37.6421323,
            55.7634444
          ],
          [
            37.6421513,
            55.7634564
          ],
          [
            37.6421702,
            55.7634684
          ],
          [
            37.6422028,
            55.7634889
          ],
          [
            37.642212,
            55.7634947
          ]
        ]
      }
    },
    {
      "type": "Feature",
      "properties": {
        "id": "moscow_center_+1_+2_2f59b7ad_mixed_scale_osm_way_508234830_116",
        "object_type": "restriction",
        "restriction_type": "road",
        "name": "",
        "osm_kind": "road",
        "osm_id": 508234830,
        "osm_type": "way",
        "osm_tags": {
          "highway": "footway"
        },
        "case_id": "moscow_center_+1_+2_2f59b7ad_mixed_scale"
      },
      "geometry": {
        "type": "LineString",
        "coordinates": [
          [
            37.6415057,
            55.7630469
          ],
          [
            37.6416188,
            55.7631187
          ],
          [
            37.6416909,
            55.7631644
          ],
          [
            37.6419923,
            55.7633556
          ],
          [
            37.6421103,
            55.7634304
          ]
        ]
      }
    },
    {
      "type": "Feature",
      "properties": {
        "id": "moscow_center_+1_+2_2f59b7ad_mixed_scale_osm_way_530343542_117",
        "object_type": "restriction",
        "restriction_type": "road",
        "name": "",
        "osm_kind": "road",
        "osm_id": 530343542,
        "osm_type": "way",
        "osm_tags": {
          "highway": "service"
        },
        "case_id": "moscow_center_+1_+2_2f59b7ad_mixed_scale"
      },
      "geometry": {
        "type": "LineString",
        "coordinates": [
          [
            37.6445518,
            55.7622375
          ],
          [
            37.6445365,
            55.7622321
          ],
          [
            37.6445055,
            55.7622219
          ],
          [
            37.6444448,
            55.7622009
          ]
        ]
      }
    },
    {
      "type": "Feature",
      "properties": {
        "id": "moscow_center_+1_+2_2f59b7ad_mixed_scale_osm_way_530343543_118",
        "object_type": "restriction",
        "restriction_type": "road",
        "name": "",
        "osm_kind": "road",
        "osm_id": 530343543,
        "osm_type": "way",
        "osm_tags": {
          "highway": "service"
        },
        "case_id": "moscow_center_+1_+2_2f59b7ad_mixed_scale"
      },
      "geometry": {
        "type": "LineString",
        "coordinates": [
          [
            37.6448516,
            55.762344
          ],
          [
            37.6445518,
            55.7622375
          ]
        ]
      }
    },
    {
      "type": "Feature",
      "properties": {
        "id": "moscow_center_+1_+2_2f59b7ad_mixed_scale_osm_way_530343544_119",
        "object_type": "restriction",
        "restriction_type": "road",
        "name": "",
        "osm_kind": "road",
        "osm_id": 530343544,
        "osm_type": "way",
        "osm_tags": {
          "highway": "service"
        },
        "case_id": "moscow_center_+1_+2_2f59b7ad_mixed_scale"
      },
      "geometry": {
        "type": "LineString",
        "coordinates": [
          [
            37.645131,
            55.7624506
          ],
          [
            37.645094,
            55.7624365
          ],
          [
            37.644888,
            55.7623578
          ],
          [
            37.6448516,
            55.762344
          ]
        ]
      }
    },
    {
      "type": "Feature",
      "properties": {
        "id": "moscow_center_+1_+2_2f59b7ad_mixed_scale_osm_way_530343545_120",
        "object_type": "restriction",
        "restriction_type": "road",
        "name": "",
        "osm_kind": "road",
        "osm_id": 530343545,
        "osm_type": "way",
        "osm_tags": {
          "highway": "service"
        },
        "case_id": "moscow_center_+1_+2_2f59b7ad_mixed_scale"
      },
      "geometry": {
        "type": "LineString",
        "coordinates": [
          [
            37.6453158,
            55.7625195
          ],
          [
            37.645131,
            55.7624506
          ]
        ]
      }
    },
    {
      "type": "Feature",
      "properties": {
        "id": "moscow_center_+1_+2_2f59b7ad_mixed_scale_osm_way_530343546_121",
        "object_type": "restriction",
        "restriction_type": "road",
        "name": "",
        "osm_kind": "road",
        "osm_id": 530343546,
        "osm_type": "way",
        "osm_tags": {
          "highway": "service"
        },
        "case_id": "moscow_center_+1_+2_2f59b7ad_mixed_scale"
      },
      "geometry": {
        "type": "LineString",
        "coordinates": [
          [
            37.6452147,
            55.7627478
          ],
          [
            37.6454405,
            55.7625671
          ],
          [
            37.6453158,
            55.7625195
          ]
        ]
      }
    },
    {
      "type": "Feature",
      "properties": {
        "id": "moscow_center_+1_+2_2f59b7ad_mixed_scale_osm_way_530343547_122",
        "object_type": "restriction",
        "restriction_type": "oks",
        "name": "",
        "osm_kind": "building",
        "osm_id": 530343547,
        "osm_type": "way",
        "osm_tags": {
          "building": "service"
        },
        "case_id": "moscow_center_+1_+2_2f59b7ad_mixed_scale"
      },
      "geometry": {
        "type": "Polygon",
        "coordinates": [
          [
            [
              37.6454566,
              55.762657
            ],
            [
              37.6455231,
              55.7626857
            ],
            [
              37.6456716,
              55.7625765
            ],
            [
              37.6456051,
              55.7625479
            ],
            [
              37.6454566,
              55.762657
            ]
          ]
        ]
      }
    },
    {
      "type": "Feature",
      "properties": {
        "id": "moscow_center_+1_+2_2f59b7ad_mixed_scale_osm_way_530343548_123",
        "object_type": "restriction",
        "restriction_type": "oks",
        "name": "",
        "osm_kind": "building",
        "osm_id": 530343548,
        "osm_type": "way",
        "osm_tags": {
          "building": "service"
        },
        "case_id": "moscow_center_+1_+2_2f59b7ad_mixed_scale"
      },
      "geometry": {
        "type": "Polygon",
        "coordinates": [
          [
            [
              37.6450281,
              55.762673
            ],
            [
              37.645098,
              55.7626997
            ],
            [
              37.6451927,
              55.7627388
            ],
            [
              37.6451357,
              55.7627825
            ],
            [
              37.6450751,
              55.7627575
            ],
            [
              37.6450539,
              55.7627738
            ],
            [
              37.6449501,
              55.762731
            ],
            [
              37.6450281,
              55.762673
            ]
          ]
        ]
      }
    },
    {
      "type": "Feature",
      "properties": {
        "id": "moscow_center_+1_+2_2f59b7ad_mixed_scale_osm_way_533065234_124",
        "object_type": "restriction",
        "restriction_type": "railway",
        "name": "Большой Харитоньевский переулок",
        "osm_kind": "railway",
        "osm_id": 533065234,
        "osm_type": "way",
        "osm_tags": {
          "name": "Большой Харитоньевский переулок",
          "railway": "platform"
        },
        "case_id": "moscow_center_+1_+2_2f59b7ad_mixed_scale"
      },
      "geometry": {
        "type": "LineString",
        "coordinates": [
          [
            37.6422539,
            55.7634025
          ],
          [
            37.6427348,
            55.7631444
          ]
        ]
      }
    },
    {
      "type": "Feature",
      "properties": {
        "id": "moscow_center_+1_+2_2f59b7ad_mixed_scale_osm_way_533065235_125",
        "object_type": "restriction",
        "restriction_type": "road",
        "name": "",
        "osm_kind": "road",
        "osm_id": 533065235,
        "osm_type": "way",
        "osm_tags": {
          "highway": "footway"
        },
        "case_id": "moscow_center_+1_+2_2f59b7ad_mixed_scale"
      },
      "geometry": {
        "type": "LineString",
        "coordinates": [
          [
            37.6421513,
            55.7634564
          ],
          [
            37.6422539,
            55.7634025
          ]
        ]
      }
    },
    {
      "type": "Feature",
      "properties": {
        "id": "moscow_center_+1_+2_2f59b7ad_mixed_scale_osm_way_559414784_126",
        "object_type": "restriction",
        "restriction_type": "road",
        "name": "",
        "osm_kind": "road",
        "osm_id": 559414784,
        "osm_type": "way",
        "osm_tags": {
          "highway": "footway"
        },
        "case_id": "moscow_center_+1_+2_2f59b7ad_mixed_scale"
      },
      "geometry": {
        "type": "LineString",
        "coordinates": [
          [
            37.6437954,
            55.7651579
          ],
          [
            37.6437609,
            55.7650239
          ],
          [
            37.6437377,
            55.7650157
          ],
          [
            37.6433006,
            55.7648533
          ],
          [
            37.6428559,
            55.7647164
          ],
          [
            37.6428166,
            55.7647079
          ],
          [
            37.64278,
            55.7647024
          ],
          [
            37.6427371,
            55.7646985
          ],
          [
            37.64268,
            55.764694
          ],
          [
            37.6425652,
            55.7646851
          ],
          [
            37.6425153,
            55.7646821
          ],
          [
            37.6424596,
            55.7646828
          ],
          [
            37.6423972,
            55.7646885
          ],
          [
            37.6423353,
            55.7647024
          ],
          [
            37.6422886,
            55.7647172
          ],
          [
            37.6422717,
            55.7647263
          ],
          [
            37.6422548,
            55.7647355
          ],
          [
            37.6422259,
            55.7647573
          ],
          [
            37.641974,
            55.7650145
          ]
        ]
      }
    },
    {
      "type": "Feature",
      "properties": {
        "id": "moscow_center_+1_+2_2f59b7ad_mixed_scale_osm_way_559414793_127",
        "object_type": "restriction",
        "restriction_type": "road",
        "name": "",
        "osm_kind": "road",
        "osm_id": 559414793,
        "osm_type": "way",
        "osm_tags": {
          "highway": "service"
        },
        "case_id": "moscow_center_+1_+2_2f59b7ad_mixed_scale"
      },
      "geometry": {
        "type": "LineString",
        "coordinates": [
          [
            37.6443971,
            55.7646568
          ],
          [
            37.6442194,
            55.7647832
          ],
          [
            37.6440483,
            55.7647979
          ],
          [
            37.6438372,
            55.7647006
          ],
          [
            37.6436526,
            55.7646126
          ],
          [
            37.6432626,
            55.7644338
          ],
          [
            37.6430413,
            55.7644539
          ],
          [
            37.6426196,
            55.7642574
          ]
        ]
      }
    },
    {
      "type": "Feature",
      "properties": {
        "id": "moscow_center_+1_+2_2f59b7ad_mixed_scale_osm_way_559414794_128",
        "object_type": "restriction",
        "restriction_type": "road",
        "name": "",
        "osm_kind": "road",
        "osm_id": 559414794,
        "osm_type": "way",
        "osm_tags": {
          "highway": "service"
        },
        "case_id": "moscow_center_+1_+2_2f59b7ad_mixed_scale"
      },
      "geometry": {
        "type": "LineString",
        "coordinates": [
          [
            37.6447139,
            55.764223
          ],
          [
            37.6446352,
            55.7641974
          ],
          [
            37.6445964,
            55.7641847
          ],
          [
            37.6444114,
            55.7641237
          ],
          [
            37.6443842,
            55.764065
          ],
          [
            37.644483,
            55.7639681
          ],
          [
            37.644651,
            55.7638035
          ]
        ]
      }
    },
    {
      "type": "Feature",
      "properties": {
        "id": "moscow_center_+1_+2_2f59b7ad_mixed_scale_osm_way_559414795_129",
        "object_type": "restriction",
        "restriction_type": "road",
        "name": "",
        "osm_kind": "road",
        "osm_id": 559414795,
        "osm_type": "way",
        "osm_tags": {
          "highway": "footway"
        },
        "case_id": "moscow_center_+1_+2_2f59b7ad_mixed_scale"
      },
      "geometry": {
        "type": "LineString",
        "coordinates": [
          [
            37.6442846,
            55.7644443
          ],
          [
            37.6442764,
            55.7644505
          ]
        ]
      }
    },
    {
      "type": "Feature",
      "properties": {
        "id": "moscow_center_+1_+2_2f59b7ad_mixed_scale_osm_way_559414796_130",
        "object_type": "restriction",
        "restriction_type": "road",
        "name": "",
        "osm_kind": "road",
        "osm_id": 559414796,
        "osm_type": "way",
        "osm_tags": {
          "highway": "footway"
        },
        "case_id": "moscow_center_+1_+2_2f59b7ad_mixed_scale"
      },
      "geometry": {
        "type": "LineString",
        "coordinates": [
          [
            37.6443759,
            55.7643759
          ],
          [
            37.6443676,
            55.7643821
          ]
        ]
      }
    },
    {
      "type": "Feature",
      "properties": {
        "id": "moscow_center_+1_+2_2f59b7ad_mixed_scale_osm_way_559414797_131",
        "object_type": "restriction",
        "restriction_type": "road",
        "name": "",
        "osm_kind": "road",
        "osm_id": 559414797,
        "osm_type": "way",
        "osm_tags": {
          "highway": "footway"
        },
        "case_id": "moscow_center_+1_+2_2f59b7ad_mixed_scale"
      },
      "geometry": {
        "type": "LineString",
        "coordinates": [
          [
            37.6443676,
            55.7643821
          ],
          [
            37.6443296,
            55.7644106
          ],
          [
            37.6442846,
            55.7644443
          ]
        ]
      }
    },
    {
      "type": "Feature",
      "properties": {
        "id": "moscow_center_+1_+2_2f59b7ad_mixed_scale_osm_way_559414799_132",
        "object_type": "restriction",
        "restriction_type": "road",
        "name": "",
        "osm_kind": "road",
        "osm_id": 559414799,
        "osm_type": "way",
        "osm_tags": {
          "highway": "service"
        },
        "case_id": "moscow_center_+1_+2_2f59b7ad_mixed_scale"
      },
      "geometry": {
        "type": "LineString",
        "coordinates": [
          [
            37.6443956,
            55.7645471
          ],
          [
            37.6443486,
            55.7645286
          ],
          [
            37.6440574,
            55.7644093
          ],
          [
            37.6439642,
            55.7643711
          ],
          [
            37.6437514,
            55.7642737
          ],
          [
            37.6436776,
            55.7642362
          ],
          [
            37.6437095,
            55.7642163
          ],
          [
            37.6437228,
            55.764208
          ],
          [
            37.6437884,
            55.7641673
          ]
        ]
      }
    },
    {
      "type": "Feature",
      "properties": {
        "id": "moscow_center_+1_+2_2f59b7ad_mixed_scale_osm_way_559414800_133",
        "object_type": "restriction",
        "restriction_type": "road",
        "name": "",
        "osm_kind": "road",
        "osm_id": 559414800,
        "osm_type": "way",
        "osm_tags": {
          "highway": "service"
        },
        "case_id": "moscow_center_+1_+2_2f59b7ad_mixed_scale"
      },
      "geometry": {
        "type": "LineString",
        "coordinates": [
          [
            37.6444823,
            55.7644735
          ],
          [
            37.6444343,
            55.7645142
          ],
          [
            37.6444188,
            55.7645274
          ],
          [
            37.6443956,
            55.7645471
          ],
          [
            37.6443971,
            55.7646568
          ]
        ]
      }
    },
    {
      "type": "Feature",
      "properties": {
        "id": "moscow_center_+1_+2_2f59b7ad_mixed_scale_osm_way_559414801_134",
        "object_type": "restriction",
        "restriction_type": "road",
        "name": "",
        "osm_kind": "road",
        "osm_id": 559414801,
        "osm_type": "way",
        "osm_tags": {
          "highway": "footway"
        },
        "case_id": "moscow_center_+1_+2_2f59b7ad_mixed_scale"
      },
      "geometry": {
        "type": "LineString",
        "coordinates": [
          [
            37.6429638,
            55.7638071
          ],
          [
            37.6429503,
            55.7638149
          ]
        ]
      }
    },
    {
      "type": "Feature",
      "properties": {
        "id": "moscow_center_+1_+2_2f59b7ad_mixed_scale_osm_way_559414802_135",
        "object_type": "restriction",
        "restriction_type": "road",
        "name": "",
        "osm_kind": "road",
        "osm_id": 559414802,
        "osm_type": "way",
        "osm_tags": {
          "highway": "footway"
        },
        "case_id": "moscow_center_+1_+2_2f59b7ad_mixed_scale"
      },
      "geometry": {
        "type": "LineString",
        "coordinates": [
          [
            37.6430818,
            55.763739
          ],
          [
            37.6430663,
            55.7637472
          ]
        ]
      }
    },
    {
      "type": "Feature",
      "properties": {
        "id": "moscow_center_+1_+2_2f59b7ad_mixed_scale_osm_way_559414803_136",
        "object_type": "restriction",
        "restriction_type": "road",
        "name": "",
        "osm_kind": "road",
        "osm_id": 559414803,
        "osm_type": "way",
        "osm_tags": {
          "highway": "footway"
        },
        "case_id": "moscow_center_+1_+2_2f59b7ad_mixed_scale"
      },
      "geometry": {
        "type": "LineString",
        "coordinates": [
          [
            37.6430663,
            55.7637472
          ],
          [
            37.6430199,
            55.7637747
          ],
          [
            37.6429638,
            55.7638071
          ]
        ]
      }
    },
    {
      "type": "Feature",
      "properties": {
        "id": "moscow_center_+1_+2_2f59b7ad_mixed_scale_osm_way_559414806_137",
        "object_type": "restriction",
        "restriction_type": "road",
        "name": "",
        "osm_kind": "road",
        "osm_id": 559414806,
        "osm_type": "way",
        "osm_tags": {
          "highway": "footway"
        },
        "case_id": "moscow_center_+1_+2_2f59b7ad_mixed_scale"
      },
      "geometry": {
        "type": "LineString",
        "coordinates": [
          [
            37.6428371,
            55.7637682
          ],
          [
            37.6428567,
            55.7637776
          ]
        ]
      }
    },
    {
      "type": "Feature",
      "properties": {
        "id": "moscow_center_+1_+2_2f59b7ad_mixed_scale_osm_way_559414807_138",
        "object_type": "restriction",
        "restriction_type": "road",
        "name": "",
        "osm_kind": "road",
        "osm_id": 559414807,
        "osm_type": "way",
        "osm_tags": {
          "highway": "footway"
        },
        "case_id": "moscow_center_+1_+2_2f59b7ad_mixed_scale"
      },
      "geometry": {
        "type": "LineString",
        "coordinates": [
          [
            37.6427372,
            55.7637116
          ],
          [
            37.6427505,
            55.7637191
          ]
        ]
      }
    },
    {
      "type": "Feature",
      "properties": {
        "id": "moscow_center_+1_+2_2f59b7ad_mixed_scale_osm_way_559414808_139",
        "object_type": "restriction",
        "restriction_type": "road",
        "name": "",
        "osm_kind": "road",
        "osm_id": 559414808,
        "osm_type": "way",
        "osm_tags": {
          "highway": "footway"
        },
        "case_id": "moscow_center_+1_+2_2f59b7ad_mixed_scale"
      },
      "geometry": {
        "type": "LineString",
        "coordinates": [
          [
            37.6424702,
            55.7633885
          ],
          [
            37.6425649,
            55.763337
          ],
          [
            37.6436842,
            55.7627618
          ],
          [
            37.6442018,
            55.7624783
          ]
        ]
      }
    },
    {
      "type": "Feature",
      "properties": {
        "id": "moscow_center_+1_+2_2f59b7ad_mixed_scale_osm_way_559414809_140",
        "object_type": "restriction",
        "restriction_type": "road",
        "name": "",
        "osm_kind": "road",
        "osm_id": 559414809,
        "osm_type": "way",
        "osm_tags": {
          "highway": "footway"
        },
        "case_id": "moscow_center_+1_+2_2f59b7ad_mixed_scale"
      },
      "geometry": {
        "type": "LineString",
        "coordinates": [
          [
            37.6423776,
            55.7634368
          ],
          [
            37.6424241,
            55.7634125
          ],
          [
            37.6424702,
            55.7633885
          ]
        ]
      }
    },
    {
      "type": "Feature",
      "properties": {
        "id": "moscow_center_+1_+2_2f59b7ad_mixed_scale_osm_way_559414810_141",
        "object_type": "restriction",
        "restriction_type": "road",
        "name": "",
        "osm_kind": "road",
        "osm_id": 559414810,
        "osm_type": "way",
        "osm_tags": {
          "highway": "footway"
        },
        "case_id": "moscow_center_+1_+2_2f59b7ad_mixed_scale"
      },
      "geometry": {
        "type": "LineString",
        "coordinates": [
          [
            37.6427372,
            55.7637116
          ],
          [
            37.6427493,
            55.7637027
          ],
          [
            37.642753,
            55.7636971
          ],
          [
            37.6427543,
            55.7636886
          ],
          [
            37.6427523,
            55.7636786
          ],
          [
            37.6427463,
            55.7636705
          ],
          [
            37.6424202,
            55.7634669
          ],
          [
            37.6423666,
            55.7634426
          ]
        ]
      }
    },
    {
      "type": "Feature",
      "properties": {
        "id": "moscow_center_+1_+2_2f59b7ad_mixed_scale_osm_way_559414811_142",
        "object_type": "restriction",
        "restriction_type": "park",
        "name": "",
        "osm_kind": "green",
        "osm_id": 559414811,
        "osm_type": "way",
        "osm_tags": {
          "landuse": "grass"
        },
        "case_id": "moscow_center_+1_+2_2f59b7ad_mixed_scale"
      },
      "geometry": {
        "type": "Polygon",
        "coordinates": [
          [
            [
              37.6424576,
              55.7635773
            ],
            [
              37.6425153,
              55.7635455
            ],
            [
              37.6427258,
              55.7636769
            ],
            [
              37.6427288,
              55.7636802
            ],
            [
              37.6427288,
              55.7636846
            ],
            [
              37.6427254,
              55.7636912
            ],
            [
              37.6426879,
              55.7637137
            ],
            [
              37.6424576,
              55.7635773
            ]
          ]
        ]
      }
    },
    {
      "type": "Feature",
      "properties": {
        "id": "moscow_center_+1_+2_2f59b7ad_mixed_scale_osm_way_559414812_143",
        "object_type": "restriction",
        "restriction_type": "park",
        "name": "",
        "osm_kind": "green",
        "osm_id": 559414812,
        "osm_type": "way",
        "osm_tags": {
          "landuse": "grass"
        },
        "case_id": "moscow_center_+1_+2_2f59b7ad_mixed_scale"
      },
      "geometry": {
        "type": "Polygon",
        "coordinates": [
          [
            [
              37.6424092,
              55.7635501
            ],
            [
              37.6423129,
              55.7634917
            ],
            [
              37.6423474,
              55.7634737
            ],
            [
              37.6423553,
              55.7634711
            ],
            [
              37.6423654,
              55.7634693
            ],
            [
              37.6423798,
              55.7634694
            ],
            [
              37.6423928,
              55.7634728
            ],
            [
              37.6424646,
              55.7635176
            ],
            [
              37.6424092,
              55.7635501
            ]
          ]
        ]
      }
    },
    {
      "type": "Feature",
      "properties": {
        "id": "moscow_center_+1_+2_2f59b7ad_mixed_scale_osm_way_559414819_144",
        "object_type": "restriction",
        "restriction_type": "road",
        "name": "",
        "osm_kind": "road",
        "osm_id": 559414819,
        "osm_type": "way",
        "osm_tags": {
          "highway": "footway"
        },
        "case_id": "moscow_center_+1_+2_2f59b7ad_mixed_scale"
      },
      "geometry": {
        "type": "LineString",
        "coordinates": [
          [
            37.6418593,
            55.7644573
          ],
          [
            37.6422447,
            55.764561
          ],
          [
            37.6423466,
            55.764607
          ],
          [
            37.6424164,
            55.7646485
          ],
          [
            37.6424596,
            55.7646828
          ]
        ]
      }
    },
    {
      "type": "Feature",
      "properties": {
        "id": "moscow_center_+1_+2_2f59b7ad_mixed_scale_osm_way_573743184_145",
        "object_type": "restriction",
        "restriction_type": "park",
        "name": "",
        "osm_kind": "green",
        "osm_id": 573743184,
        "osm_type": "way",
        "osm_tags": {
          "landuse": "grass"
        },
        "case_id": "moscow_center_+1_+2_2f59b7ad_mixed_scale"
      },
      "geometry": {
        "type": "Polygon",
        "coordinates": [
          [
            [
              37.6424933,
              55.763404
            ],
            [
              37.6425649,
              55.7633656
            ],
            [
              37.6426537,
              55.7634181
            ],
            [
              37.6426163,
              55.7634381
            ],
            [
              37.6427208,
              55.7634998
            ],
            [
              37.6426866,
              55.7635182
            ],
            [
              37.6424933,
              55.763404
            ]
          ]
        ]
      }
    },
    {
      "type": "Feature",
      "properties": {
        "id": "moscow_center_+1_+2_2f59b7ad_mixed_scale_osm_way_573743187_146",
        "object_type": "restriction",
        "restriction_type": "road",
        "name": "",
        "osm_kind": "road",
        "osm_id": 573743187,
        "osm_type": "way",
        "osm_tags": {
          "highway": "footway"
        },
        "case_id": "moscow_center_+1_+2_2f59b7ad_mixed_scale"
      },
      "geometry": {
        "type": "LineString",
        "coordinates": [
          [
            37.6442884,
            55.7630386
          ],
          [
            37.6438937,
            55.7630463
          ],
          [
            37.6437489,
            55.762966
          ]
        ]
      }
    },
    {
      "type": "Feature",
      "properties": {
        "id": "moscow_center_+1_+2_2f59b7ad_mixed_scale_osm_way_573743188_147",
        "object_type": "restriction",
        "restriction_type": "road",
        "name": "",
        "osm_kind": "road",
        "osm_id": 573743188,
        "osm_type": "way",
        "osm_tags": {
          "highway": "footway"
        },
        "case_id": "moscow_center_+1_+2_2f59b7ad_mixed_scale"
      },
      "geometry": {
        "type": "LineString",
        "coordinates": [
          [
            37.6445365,
            55.7622094
          ],
          [
            37.644554,
            55.7622139
          ]
        ]
      }
    },
    {
      "type": "Feature",
      "properties": {
        "id": "moscow_center_+1_+2_2f59b7ad_mixed_scale_osm_way_573743189_148",
        "object_type": "restriction",
        "restriction_type": "road",
        "name": "",
        "osm_kind": "road",
        "osm_id": 573743189,
        "osm_type": "way",
        "osm_tags": {
          "highway": "service"
        },
        "case_id": "moscow_center_+1_+2_2f59b7ad_mixed_scale"
      },
      "geometry": {
        "type": "LineString",
        "coordinates": [
          [
            37.6448304,
            55.7619877
          ],
          [
            37.6448583,
            55.7619975
          ],
          [
            37.6457949,
            55.7623237
          ]
        ]
      }
    },
    {
      "type": "Feature",
      "properties": {
        "id": "moscow_center_+1_+2_2f59b7ad_mixed_scale_osm_way_573743190_149",
        "object_type": "restriction",
        "restriction_type": "road",
        "name": "",
        "osm_kind": "road",
        "osm_id": 573743190,
        "osm_type": "way",
        "osm_tags": {
          "highway": "service"
        },
        "case_id": "moscow_center_+1_+2_2f59b7ad_mixed_scale"
      },
      "geometry": {
        "type": "LineString",
        "coordinates": [
          [
            37.6444322,
            55.7630931
          ],
          [
            37.6444067,
            55.7631139
          ]
        ]
      }
    },
    {
      "type": "Feature",
      "properties": {
        "id": "moscow_center_+1_+2_2f59b7ad_mixed_scale_osm_way_573743192_150",
        "object_type": "restriction",
        "restriction_type": "road",
        "name": "",
        "osm_kind": "road",
        "osm_id": 573743192,
        "osm_type": "way",
        "osm_tags": {
          "highway": "service"
        },
        "case_id": "moscow_center_+1_+2_2f59b7ad_mixed_scale"
      },
      "geometry": {
        "type": "LineString",
        "coordinates": [
          [
            37.6450505,
            55.7621373
          ],
          [
            37.6449294,
            55.7622473
          ]
        ]
      }
    },
    {
      "type": "Feature",
      "properties": {
        "id": "moscow_center_+1_+2_2f59b7ad_mixed_scale_osm_way_573743193_151",
        "object_type": "restriction",
        "restriction_type": "road",
        "name": "",
        "osm_kind": "road",
        "osm_id": 573743193,
        "osm_type": "way",
        "osm_tags": {
          "highway": "service"
        },
        "case_id": "moscow_center_+1_+2_2f59b7ad_mixed_scale"
      },
      "geometry": {
        "type": "LineString",
        "coordinates": [
          [
            37.6446609,
            55.7620016
          ],
          [
            37.6447182,
            55.7620216
          ],
          [
            37.6447319,
            55.7620263
          ],
          [
            37.6447549,
            55.7620343
          ],
          [
            37.6447746,
            55.7620412
          ],
          [
            37.6450505,
            55.7621373
          ],
          [
            37.6452546,
            55.7622084
          ]
        ]
      }
    },
    {
      "type": "Feature",
      "properties": {
        "id": "moscow_center_+1_+2_2f59b7ad_mixed_scale_osm_way_588621759_152",
        "object_type": "restriction",
        "restriction_type": "road",
        "name": "",
        "osm_kind": "road",
        "osm_id": 588621759,
        "osm_type": "way",
        "osm_tags": {
          "highway": "footway"
        },
        "case_id": "moscow_center_+1_+2_2f59b7ad_mixed_scale"
      },
      "geometry": {
        "type": "LineString",
        "coordinates": [
          [
            37.6449937,
            55.7640259
          ],
          [
            37.6450133,
            55.7640338
          ],
          [
            37.6453008,
            55.7641504
          ]
        ]
      }
    },
    {
      "type": "Feature",
      "properties": {
        "id": "moscow_center_+1_+2_2f59b7ad_mixed_scale_osm_way_588718436_153",
        "object_type": "restriction",
        "restriction_type": "road",
        "name": "",
        "osm_kind": "road",
        "osm_id": 588718436,
        "osm_type": "way",
        "osm_tags": {
          "highway": "service"
        },
        "case_id": "moscow_center_+1_+2_2f59b7ad_mixed_scale"
      },
      "geometry": {
        "type": "LineString",
        "coordinates": [
          [
            37.6461432,
            55.7632325
          ],
          [
            37.6460356,
            55.7631797
          ]
        ]
      }
    },
    {
      "type": "Feature",
      "properties": {
        "id": "moscow_center_+1_+2_2f59b7ad_mixed_scale_osm_way_588718438_154",
        "object_type": "restriction",
        "restriction_type": "road",
        "name": "",
        "osm_kind": "road",
        "osm_id": 588718438,
        "osm_type": "way",
        "osm_tags": {
          "highway": "service"
        },
        "case_id": "moscow_center_+1_+2_2f59b7ad_mixed_scale"
      },
      "geometry": {
        "type": "LineString",
        "coordinates": [
          [
            37.6460226,
            55.7631733
          ],
          [
            37.6460128,
            55.7631686
          ],
          [
            37.6459734,
            55.7631477
          ]
        ]
      }
    },
    {
      "type": "Feature",
      "properties": {
        "id": "moscow_center_+1_+2_2f59b7ad_mixed_scale_osm_way_632499935_155",
        "object_type": "restriction",
        "restriction_type": "road",
        "name": "",
        "osm_kind": "road",
        "osm_id": 632499935,
        "osm_type": "way",
        "osm_tags": {
          "highway": "footway"
        },
        "case_id": "moscow_center_+1_+2_2f59b7ad_mixed_scale"
      },
      "geometry": {
        "type": "LineString",
        "coordinates": [
          [
            37.6425277,
            55.7648477
          ],
          [
            37.64268,
            55.764694
          ]
        ]
      }
    },
    {
      "type": "Feature",
      "properties": {
        "id": "moscow_center_+1_+2_2f59b7ad_mixed_scale_osm_way_632499937_156",
        "object_type": "restriction",
        "restriction_type": "road",
        "name": "",
        "osm_kind": "road",
        "osm_id": 632499937,
        "osm_type": "way",
        "osm_tags": {
          "highway": "footway"
        },
        "case_id": "moscow_center_+1_+2_2f59b7ad_mixed_scale"
      },
      "geometry": {
        "type": "LineString",
        "coordinates": [
          [
            37.6435172,
            55.7642593
          ],
          [
            37.643604,
            55.7642
          ],
          [
            37.6436776,
            55.7642362
          ]
        ]
      }
    },
    {
      "type": "Feature",
      "properties": {
        "id": "moscow_center_+1_+2_2f59b7ad_mixed_scale_osm_way_632499938_157",
        "object_type": "restriction",
        "restriction_type": "road",
        "name": "",
        "osm_kind": "road",
        "osm_id": 632499938,
        "osm_type": "way",
        "osm_tags": {
          "highway": "footway"
        },
        "case_id": "moscow_center_+1_+2_2f59b7ad_mixed_scale"
      },
      "geometry": {
        "type": "LineString",
        "coordinates": [
          [
            37.6439788,
            55.76447
          ],
          [
            37.6440574,
            55.7644093
          ]
        ]
      }
    },
    {
      "type": "Feature",
      "properties": {
        "id": "moscow_center_+1_+2_2f59b7ad_mixed_scale_osm_way_652297526_158",
        "object_type": "restriction",
        "restriction_type": "oks",
        "name": "",
        "osm_kind": "building",
        "osm_id": 652297526,
        "osm_type": "way",
        "osm_tags": {
          "building": "yes"
        },
        "case_id": "moscow_center_+1_+2_2f59b7ad_mixed_scale"
      },
      "geometry": {
        "type": "Polygon",
        "coordinates": [
          [
            [
              37.6442268,
              55.7638259
            ],
            [
              37.6443329,
              55.7638808
            ],
            [
              37.6443982,
              55.7638408
            ],
            [
              37.6442922,
              55.7637859
            ],
            [
              37.6442268,
              55.7638259
            ]
          ]
        ]
      }
    },
    {
      "type": "Feature",
      "properties": {
        "id": "moscow_center_+1_+2_2f59b7ad_mixed_scale_osm_way_661814807_159",
        "object_type": "restriction",
        "restriction_type": "road",
        "name": "",
        "osm_kind": "road",
        "osm_id": 661814807,
        "osm_type": "way",
        "osm_tags": {
          "highway": "service"
        },
        "case_id": "moscow_center_+1_+2_2f59b7ad_mixed_scale"
      },
      "geometry": {
        "type": "LineString",
        "coordinates": [
          [
            37.6469349,
            55.7625465
          ],
          [
            37.6468517,
            55.7625047
          ],
          [
            37.6467845,
            55.7624719
          ],
          [
            37.6465941,
            55.7623768
          ]
        ]
      }
    },
    {
      "type": "Feature",
      "properties": {
        "id": "moscow_center_+1_+2_2f59b7ad_mixed_scale_osm_way_661818059_160",
        "object_type": "restriction",
        "restriction_type": "road",
        "name": "",
        "osm_kind": "road",
        "osm_id": 661818059,
        "osm_type": "way",
        "osm_tags": {
          "highway": "service"
        },
        "case_id": "moscow_center_+1_+2_2f59b7ad_mixed_scale"
      },
      "geometry": {
        "type": "LineString",
        "coordinates": [
          [
            37.6462706,
            55.7628551
          ],
          [
            37.646285,
            55.7628623
          ],
          [
            37.646365,
            55.7629018
          ]
        ]
      }
    },
    {
      "type": "Feature",
      "properties": {
        "id": "moscow_center_+1_+2_2f59b7ad_mixed_scale_osm_way_661818060_161",
        "object_type": "restriction",
        "restriction_type": "road",
        "name": "",
        "osm_kind": "road",
        "osm_id": 661818060,
        "osm_type": "way",
        "osm_tags": {
          "highway": "service"
        },
        "case_id": "moscow_center_+1_+2_2f59b7ad_mixed_scale"
      },
      "geometry": {
        "type": "LineString",
        "coordinates": [
          [
            37.6462706,
            55.7628551
          ],
          [
            37.646213,
            55.7628269
          ],
          [
            37.6460055,
            55.7627247
          ],
          [
            37.6457224,
            55.7629067
          ]
        ]
      }
    },
    {
      "type": "Feature",
      "properties": {
        "id": "moscow_center_+1_+2_2f59b7ad_mixed_scale_osm_way_662076870_162",
        "object_type": "restriction",
        "restriction_type": "road",
        "name": "",
        "osm_kind": "road",
        "osm_id": 662076870,
        "osm_type": "way",
        "osm_tags": {
          "highway": "service"
        },
        "case_id": "moscow_center_+1_+2_2f59b7ad_mixed_scale"
      },
      "geometry": {
        "type": "LineString",
        "coordinates": [
          [
            37.6457852,
            55.7631482
          ],
          [
            37.6458041,
            55.7631571
          ],
          [
            37.6458595,
            55.7631832
          ],
          [
            37.6458926,
            55.7631988
          ]
        ]
      }
    },
    {
      "type": "Feature",
      "properties": {
        "id": "moscow_center_+1_+2_2f59b7ad_mixed_scale_osm_way_662076871_163",
        "object_type": "restriction",
        "restriction_type": "road",
        "name": "",
        "osm_kind": "road",
        "osm_id": 662076871,
        "osm_type": "way",
        "osm_tags": {
          "highway": "footway"
        },
        "case_id": "moscow_center_+1_+2_2f59b7ad_mixed_scale"
      },
      "geometry": {
        "type": "LineString",
        "coordinates": [
          [
            37.6459806,
            55.7630322
          ],
          [
            37.6457224,
            55.7629067
          ],
          [
            37.645981,
            55.7628482
          ],
          [
            37.646213,
            55.7628269
          ]
        ]
      }
    },
    {
      "type": "Feature",
      "properties": {
        "id": "moscow_center_+1_+2_2f59b7ad_mixed_scale_osm_way_664354374_164",
        "object_type": "restriction",
        "restriction_type": "road",
        "name": "",
        "osm_kind": "road",
        "osm_id": 664354374,
        "osm_type": "way",
        "osm_tags": {
          "highway": "footway"
        },
        "case_id": "moscow_center_+1_+2_2f59b7ad_mixed_scale"
      },
      "geometry": {
        "type": "LineString",
        "coordinates": [
          [
            37.643,
            55.7635904
          ],
          [
            37.6432582,
            55.7634472
          ]
        ]
      }
    },
    {
      "type": "Feature",
      "properties": {
        "id": "moscow_center_+1_+2_2f59b7ad_mixed_scale_osm_way_671000092_165",
        "object_type": "restriction",
        "restriction_type": "road",
        "name": "",
        "osm_kind": "road",
        "osm_id": 671000092,
        "osm_type": "way",
        "osm_tags": {
          "highway": "cycleway"
        },
        "case_id": "moscow_center_+1_+2_2f59b7ad_mixed_scale"
      },
      "geometry": {
        "type": "LineString",
        "coordinates": [
          [
            37.6414441,
            55.7629354
          ],
          [
            37.6415859,
            55.7628526
          ],
          [
            37.6421087,
            55.7625181
          ],
          [
            37.643138,
            55.7617696
          ],
          [
            37.6431727,
            55.7617387
          ],
          [
            37.6432004,
            55.7617098
          ],
          [
            37.6439682,
            55.7607843
          ],
          [
            37.6441347,
            55.760582
          ],
          [
            37.6443272,
            55.7603497
          ],
          [
            37.6444189,
            55.7602389
          ],
          [
            37.6446989,
            55.7599052
          ],
          [
            37.6447874,
            55.7598702
          ]
        ]
      }
    },
    {
      "type": "Feature",
      "properties": {
        "id": "moscow_center_+1_+2_2f59b7ad_mixed_scale_osm_way_700857135_166",
        "object_type": "restriction",
        "restriction_type": "road",
        "name": "",
        "osm_kind": "road",
        "osm_id": 700857135,
        "osm_type": "way",
        "osm_tags": {
          "highway": "service"
        },
        "case_id": "moscow_center_+1_+2_2f59b7ad_mixed_scale"
      },
      "geometry": {
        "type": "LineString",
        "coordinates": [
          [
            37.6439277,
            55.7628932
          ],
          [
            37.6439579,
            55.7628761
          ],
          [
            37.6439888,
            55.7628588
          ],
          [
            37.6442392,
            55.7627186
          ]
        ]
      }
    },
    {
      "type": "Feature",
      "properties": {
        "id": "moscow_center_+1_+2_2f59b7ad_mixed_scale_osm_way_704984373_167",
        "object_type": "restriction",
        "restriction_type": "oks",
        "name": "",
        "osm_kind": "building",
        "osm_id": 704984373,
        "osm_type": "way",
        "osm_tags": {
          "building": "yes"
        },
        "case_id": "moscow_center_+1_+2_2f59b7ad_mixed_scale"
      },
      "geometry": {
        "type": "Polygon",
        "coordinates": [
          [
            [
              37.646928,
              55.7637869
            ],
            [
              37.6470319,
              55.7637233
            ],
            [
              37.6469186,
              55.7636647
            ],
            [
              37.6469128,
              55.7636683
            ],
            [
              37.6468146,
              55.7637283
            ],
            [
              37.6468498,
              55.7637464
            ],
            [
              37.646928,
              55.7637869
            ]
          ]
        ]
      }
    },
    {
      "type": "Feature",
      "properties": {
        "id": "moscow_center_+1_+2_2f59b7ad_mixed_scale_osm_way_704984374_168",
        "object_type": "restriction",
        "restriction_type": "road",
        "name": "",
        "osm_kind": "road",
        "osm_id": 704984374,
        "osm_type": "way",
        "osm_tags": {
          "highway": "service"
        },
        "case_id": "moscow_center_+1_+2_2f59b7ad_mixed_scale"
      },
      "geometry": {
        "type": "LineString",
        "coordinates": [
          [
            37.6456859,
            55.7642613
          ],
          [
            37.6457459,
            55.7642893
          ],
          [
            37.645756,
            55.764294
          ],
          [
            37.6457701,
            55.7643006
          ]
        ]
      }
    },
    {
      "type": "Feature",
      "properties": {
        "id": "moscow_center_+1_+2_2f59b7ad_mixed_scale_osm_way_704984385_169",
        "object_type": "restriction",
        "restriction_type": "road",
        "name": "",
        "osm_kind": "road",
        "osm_id": 704984385,
        "osm_type": "way",
        "osm_tags": {
          "highway": "service"
        },
        "case_id": "moscow_center_+1_+2_2f59b7ad_mixed_scale"
      },
      "geometry": {
        "type": "LineString",
        "coordinates": [
          [
            37.6444067,
            55.7631139
          ],
          [
            37.6441355,
            55.7633345
          ]
        ]
      }
    },
    {
      "type": "Feature",
      "properties": {
        "id": "moscow_center_+1_+2_2f59b7ad_mixed_scale_osm_way_705280768_170",
        "object_type": "restriction",
        "restriction_type": "road",
        "name": "",
        "osm_kind": "road",
        "osm_id": 705280768,
        "osm_type": "way",
        "osm_tags": {
          "highway": "service"
        },
        "case_id": "moscow_center_+1_+2_2f59b7ad_mixed_scale"
      },
      "geometry": {
        "type": "LineString",
        "coordinates": [
          [
            37.6454504,
            55.7644225
          ],
          [
            37.6453646,
            55.7643897
          ],
          [
            37.6453432,
            55.7643814
          ],
          [
            37.645061,
            55.7642735
          ],
          [
            37.6449566,
            55.7643599
          ],
          [
            37.6452305,
            55.7644649
          ],
          [
            37.6452536,
            55.7644737
          ],
          [
            37.6453369,
            55.7645057
          ]
        ]
      }
    },
    {
      "type": "Feature",
      "properties": {
        "id": "moscow_center_+1_+2_2f59b7ad_mixed_scale_osm_way_705280788_171",
        "object_type": "restriction",
        "restriction_type": "road",
        "name": "",
        "osm_kind": "road",
        "osm_id": 705280788,
        "osm_type": "way",
        "osm_tags": {
          "highway": "service"
        },
        "case_id": "moscow_center_+1_+2_2f59b7ad_mixed_scale"
      },
      "geometry": {
        "type": "LineString",
        "coordinates": [
          [
            37.645657,
            55.7637382
          ],
          [
            37.6459362,
            55.763507
          ]
        ]
      }
    },
    {
      "type": "Feature",
      "properties": {
        "id": "moscow_center_+1_+2_2f59b7ad_mixed_scale_osm_way_705280789_172",
        "object_type": "restriction",
        "restriction_type": "oks",
        "name": "",
        "osm_kind": "building",
        "osm_id": 705280789,
        "osm_type": "way",
        "osm_tags": {
          "building": "service"
        },
        "case_id": "moscow_center_+1_+2_2f59b7ad_mixed_scale",
        "selected_as_heat_demand_proxy": true,
        "connection_point_id": "moscow_center_+1_+2_2f59b7ad_mixed_scale_cp_5"
      },
      "geometry": {
        "type": "Polygon",
        "coordinates": [
          [
            [
              37.6461466,
              55.7635633
            ],
            [
              37.6460674,
              55.7635233
            ],
            [
              37.6460051,
              55.7635623
            ],
            [
              37.6460843,
              55.7636024
            ],
            [
              37.6461466,
              55.7635633
            ]
          ]
        ]
      }
    },
    {
      "type": "Feature",
      "properties": {
        "id": "moscow_center_+1_+2_2f59b7ad_mixed_scale_osm_way_705280790_173",
        "object_type": "restriction",
        "restriction_type": "road",
        "name": "",
        "osm_kind": "road",
        "osm_id": 705280790,
        "osm_type": "way",
        "osm_tags": {
          "highway": "service"
        },
        "case_id": "moscow_center_+1_+2_2f59b7ad_mixed_scale"
      },
      "geometry": {
        "type": "LineString",
        "coordinates": [
          [
            37.6464032,
            55.7637241
          ],
          [
            37.6464166,
            55.763731
          ],
          [
            37.646483,
            55.7637652
          ]
        ]
      }
    },
    {
      "type": "Feature",
      "properties": {
        "id": "moscow_center_+1_+2_2f59b7ad_mixed_scale_osm_way_705280791_174",
        "object_type": "restriction",
        "restriction_type": "road",
        "name": "",
        "osm_kind": "road",
        "osm_id": 705280791,
        "osm_type": "way",
        "osm_tags": {
          "highway": "service"
        },
        "case_id": "moscow_center_+1_+2_2f59b7ad_mixed_scale"
      },
      "geometry": {
        "type": "LineString",
        "coordinates": [
          [
            37.6462293,
            55.7636347
          ],
          [
            37.6464032,
            55.7637241
          ]
        ]
      }
    },
    {
      "type": "Feature",
      "properties": {
        "id": "moscow_center_+1_+2_2f59b7ad_mixed_scale_osm_way_705280792_175",
        "object_type": "restriction",
        "restriction_type": "road",
        "name": "",
        "osm_kind": "road",
        "osm_id": 705280792,
        "osm_type": "way",
        "osm_tags": {
          "highway": "service"
        },
        "case_id": "moscow_center_+1_+2_2f59b7ad_mixed_scale"
      },
      "geometry": {
        "type": "LineString",
        "coordinates": [
          [
            37.6458347,
            55.763804
          ],
          [
            37.6461638,
            55.7635988
          ],
          [
            37.6462293,
            55.7636347
          ]
        ]
      }
    },
    {
      "type": "Feature",
      "properties": {
        "id": "moscow_center_+1_+2_2f59b7ad_mixed_scale_osm_way_705280793_176",
        "object_type": "restriction",
        "restriction_type": "road",
        "name": "",
        "osm_kind": "road",
        "osm_id": 705280793,
        "osm_type": "way",
        "osm_tags": {
          "highway": "service"
        },
        "case_id": "moscow_center_+1_+2_2f59b7ad_mixed_scale"
      },
      "geometry": {
        "type": "LineString",
        "coordinates": [
          [
            37.6454589,
            55.7640327
          ],
          [
            37.645466,
            55.7639664
          ],
          [
            37.6454982,
            55.7639212
          ]
        ]
      }
    },
    {
      "type": "Feature",
      "properties": {
        "id": "moscow_center_+1_+2_2f59b7ad_mixed_scale_osm_way_706498364_177",
        "object_type": "restriction",
        "restriction_type": "road",
        "name": "",
        "osm_kind": "road",
        "osm_id": 706498364,
        "osm_type": "way",
        "osm_tags": {
          "highway": "service"
        },
        "case_id": "moscow_center_+1_+2_2f59b7ad_mixed_scale"
      },
      "geometry": {
        "type": "LineString",
        "coordinates": [
          [
            37.6460483,
            55.7640342
          ],
          [
            37.6461175,
            55.76407
          ],
          [
            37.6461373,
            55.7640802
          ]
        ]
      }
    },
    {
      "type": "Feature",
      "properties": {
        "id": "moscow_center_+1_+2_2f59b7ad_mixed_scale_osm_way_706498365_178",
        "object_type": "restriction",
        "restriction_type": "road",
        "name": "",
        "osm_kind": "road",
        "osm_id": 706498365,
        "osm_type": "way",
        "osm_tags": {
          "highway": "service"
        },
        "case_id": "moscow_center_+1_+2_2f59b7ad_mixed_scale"
      },
      "geometry": {
        "type": "LineString",
        "coordinates": [
          [
            37.6461373,
            55.7640802
          ],
          [
            37.646369,
            55.7641999
          ],
          [
            37.6464356,
            55.7642343
          ],
          [
            37.6465161,
            55.7641867
          ],
          [
            37.6468803,
            55.764154
          ],
          [
            37.6470128,
            55.7641421
          ],
          [
            37.6472315,
            55.7642552
          ],
          [
            37.6472872,
            55.7642605
          ],
          [
            37.6473486,
            55.7642549
          ],
          [
            37.6473912,
            55.7642402
          ],
          [
            37.6477843,
            55.7639669
          ]
        ]
      }
    },
    {
      "type": "Feature",
      "properties": {
        "id": "moscow_center_+1_+2_2f59b7ad_mixed_scale_osm_way_706804924_179",
        "object_type": "restriction",
        "restriction_type": "road",
        "name": "",
        "osm_kind": "road",
        "osm_id": 706804924,
        "osm_type": "way",
        "osm_tags": {
          "highway": "service"
        },
        "case_id": "moscow_center_+1_+2_2f59b7ad_mixed_scale"
      },
      "geometry": {
        "type": "LineString",
        "coordinates": [
          [
            37.6461242,
            55.7648065
          ],
          [
            37.6460705,
            55.764788
          ],
          [
            37.6457369,
            55.7646728
          ],
          [
            37.6456439,
            55.7646406
          ]
        ]
      }
    },
    {
      "type": "Feature",
      "properties": {
        "id": "moscow_center_+1_+2_2f59b7ad_mixed_scale_osm_way_706804925_180",
        "object_type": "restriction",
        "restriction_type": "road",
        "name": "",
        "osm_kind": "road",
        "osm_id": 706804925,
        "osm_type": "way",
        "osm_tags": {
          "highway": "footway"
        },
        "case_id": "moscow_center_+1_+2_2f59b7ad_mixed_scale"
      },
      "geometry": {
        "type": "LineString",
        "coordinates": [
          [
            37.6444753,
            55.7643999
          ],
          [
            37.644417,
            55.7643765
          ]
        ]
      }
    },
    {
      "type": "Feature",
      "properties": {
        "id": "moscow_center_+1_+2_2f59b7ad_mixed_scale_osm_way_706804926_181",
        "object_type": "restriction",
        "restriction_type": "road",
        "name": "",
        "osm_kind": "road",
        "osm_id": 706804926,
        "osm_type": "way",
        "osm_tags": {
          "highway": "footway"
        },
        "case_id": "moscow_center_+1_+2_2f59b7ad_mixed_scale"
      },
      "geometry": {
        "type": "LineString",
        "coordinates": [
          [
            37.6445547,
            55.7644317
          ],
          [
            37.6445416,
            55.7644265
          ]
        ]
      }
    },
    {
      "type": "Feature",
      "properties": {
        "id": "moscow_center_+1_+2_2f59b7ad_mixed_scale_osm_way_706804927_182",
        "object_type": "restriction",
        "restriction_type": "road",
        "name": "",
        "osm_kind": "road",
        "osm_id": 706804927,
        "osm_type": "way",
        "osm_tags": {
          "highway": "footway"
        },
        "case_id": "moscow_center_+1_+2_2f59b7ad_mixed_scale"
      },
      "geometry": {
        "type": "LineString",
        "coordinates": [
          [
            37.6451927,
            55.7646807
          ],
          [
            37.6452119,
            55.7646877
          ]
        ]
      }
    },
    {
      "type": "Feature",
      "properties": {
        "id": "moscow_center_+1_+2_2f59b7ad_mixed_scale_osm_way_706804928_183",
        "object_type": "restriction",
        "restriction_type": "road",
        "name": "",
        "osm_kind": "road",
        "osm_id": 706804928,
        "osm_type": "way",
        "osm_tags": {
          "highway": "footway"
        },
        "case_id": "moscow_center_+1_+2_2f59b7ad_mixed_scale"
      },
      "geometry": {
        "type": "LineString",
        "coordinates": [
          [
            37.6450519,
            55.7646266
          ],
          [
            37.6450618,
            55.7646304
          ]
        ]
      }
    },
    {
      "type": "Feature",
      "properties": {
        "id": "moscow_center_+1_+2_2f59b7ad_mixed_scale_osm_way_706804933_184",
        "object_type": "restriction",
        "restriction_type": "road",
        "name": "",
        "osm_kind": "road",
        "osm_id": 706804933,
        "osm_type": "way",
        "osm_tags": {
          "highway": "service"
        },
        "case_id": "moscow_center_+1_+2_2f59b7ad_mixed_scale"
      },
      "geometry": {
        "type": "LineString",
        "coordinates": [
          [
            37.6464356,
            55.7642343
          ],
          [
            37.6465873,
            55.7642291
          ],
          [
            37.6466602,
            55.764235
          ],
          [
            37.6467227,
            55.7642486
          ],
          [
            37.6467656,
            55.764266
          ],
          [
            37.6468259,
            55.7642982
          ]
        ]
      }
    },
    {
      "type": "Feature",
      "properties": {
        "id": "moscow_center_+1_+2_2f59b7ad_mixed_scale_osm_way_759604410_185",
        "object_type": "restriction",
        "restriction_type": "road",
        "name": "",
        "osm_kind": "road",
        "osm_id": 759604410,
        "osm_type": "way",
        "osm_tags": {
          "highway": "footway"
        },
        "case_id": "moscow_center_+1_+2_2f59b7ad_mixed_scale"
      },
      "geometry": {
        "type": "LineString",
        "coordinates": [
          [
            37.6445054,
            55.7645315
          ],
          [
            37.6444972,
            55.7645383
          ]
        ]
      }
    },
    {
      "type": "Feature",
      "properties": {
        "id": "moscow_center_+1_+2_2f59b7ad_mixed_scale_osm_way_759604411_186",
        "object_type": "restriction",
        "restriction_type": "road",
        "name": "",
        "osm_kind": "road",
        "osm_id": 759604411,
        "osm_type": "way",
        "osm_tags": {
          "highway": "footway"
        },
        "case_id": "moscow_center_+1_+2_2f59b7ad_mixed_scale"
      },
      "geometry": {
        "type": "LineString",
        "coordinates": [
          [
            37.6445961,
            55.7644556
          ],
          [
            37.6445909,
            55.7644599
          ]
        ]
      }
    },
    {
      "type": "Feature",
      "properties": {
        "id": "moscow_center_+1_+2_2f59b7ad_mixed_scale_osm_way_759604412_187",
        "object_type": "restriction",
        "restriction_type": "road",
        "name": "",
        "osm_kind": "road",
        "osm_id": 759604412,
        "osm_type": "way",
        "osm_tags": {
          "highway": "footway"
        },
        "case_id": "moscow_center_+1_+2_2f59b7ad_mixed_scale"
      },
      "geometry": {
        "type": "LineString",
        "coordinates": [
          [
            37.6445909,
            55.7644599
          ],
          [
            37.6445455,
            55.7644979
          ],
          [
            37.6445054,
            55.7645315
          ]
        ]
      }
    },
    {
      "type": "Feature",
      "properties": {
        "id": "moscow_center_+1_+2_2f59b7ad_mixed_scale_osm_way_759604413_188",
        "object_type": "restriction",
        "restriction_type": "road",
        "name": "",
        "osm_kind": "road",
        "osm_id": 759604413,
        "osm_type": "way",
        "osm_tags": {
          "highway": "footway"
        },
        "case_id": "moscow_center_+1_+2_2f59b7ad_mixed_scale"
      },
      "geometry": {
        "type": "LineString",
        "coordinates": [
          [
            37.6451366,
            55.7647683
          ],
          [
            37.6451264,
            55.764776
          ]
        ]
      }
    },
    {
      "type": "Feature",
      "properties": {
        "id": "moscow_center_+1_+2_2f59b7ad_mixed_scale_osm_way_759604414_189",
        "object_type": "restriction",
        "restriction_type": "road",
        "name": "",
        "osm_kind": "road",
        "osm_id": 759604414,
        "osm_type": "way",
        "osm_tags": {
          "highway": "footway"
        },
        "case_id": "moscow_center_+1_+2_2f59b7ad_mixed_scale"
      },
      "geometry": {
        "type": "LineString",
        "coordinates": [
          [
            37.6452329,
            55.7646959
          ],
          [
            37.6452243,
            55.7647024
          ]
        ]
      }
    },
    {
      "type": "Feature",
      "properties": {
        "id": "moscow_center_+1_+2_2f59b7ad_mixed_scale_osm_way_759604415_190",
        "object_type": "restriction",
        "restriction_type": "road",
        "name": "",
        "osm_kind": "road",
        "osm_id": 759604415,
        "osm_type": "way",
        "osm_tags": {
          "highway": "footway"
        },
        "case_id": "moscow_center_+1_+2_2f59b7ad_mixed_scale"
      },
      "geometry": {
        "type": "LineString",
        "coordinates": [
          [
            37.6452243,
            55.7647024
          ],
          [
            37.6451771,
            55.7647379
          ],
          [
            37.6451366,
            55.7647683
          ]
        ]
      }
    },
    {
      "type": "Feature",
      "properties": {
        "id": "moscow_center_+1_+2_2f59b7ad_mixed_scale_osm_way_759604416_191",
        "object_type": "restriction",
        "restriction_type": "road",
        "name": "",
        "osm_kind": "road",
        "osm_id": 759604416,
        "osm_type": "way",
        "osm_tags": {
          "highway": "footway"
        },
        "case_id": "moscow_center_+1_+2_2f59b7ad_mixed_scale"
      },
      "geometry": {
        "type": "LineString",
        "coordinates": [
          [
            37.6449329,
            55.7646918
          ],
          [
            37.6449231,
            55.7646995
          ]
        ]
      }
    },
    {
      "type": "Feature",
      "properties": {
        "id": "moscow_center_+1_+2_2f59b7ad_mixed_scale_osm_way_759604417_192",
        "object_type": "restriction",
        "restriction_type": "road",
        "name": "",
        "osm_kind": "road",
        "osm_id": 759604417,
        "osm_type": "way",
        "osm_tags": {
          "highway": "footway"
        },
        "case_id": "moscow_center_+1_+2_2f59b7ad_mixed_scale"
      },
      "geometry": {
        "type": "LineString",
        "coordinates": [
          [
            37.6450237,
            55.7646205
          ],
          [
            37.645018,
            55.764625
          ]
        ]
      }
    },
    {
      "type": "Feature",
      "properties": {
        "id": "moscow_center_+1_+2_2f59b7ad_mixed_scale_osm_way_759604418_193",
        "object_type": "restriction",
        "restriction_type": "road",
        "name": "",
        "osm_kind": "road",
        "osm_id": 759604418,
        "osm_type": "way",
        "osm_tags": {
          "highway": "footway"
        },
        "case_id": "moscow_center_+1_+2_2f59b7ad_mixed_scale"
      },
      "geometry": {
        "type": "LineString",
        "coordinates": [
          [
            37.645018,
            55.764625
          ],
          [
            37.6449747,
            55.7646605
          ],
          [
            37.6449329,
            55.7646918
          ]
        ]
      }
    },
    {
      "type": "Feature",
      "properties": {
        "id": "moscow_center_+1_+2_2f59b7ad_mixed_scale_osm_way_763230964_194",
        "object_type": "restriction",
        "restriction_type": "road",
        "name": "",
        "osm_kind": "road",
        "osm_id": 763230964,
        "osm_type": "way",
        "osm_tags": {
          "highway": "service"
        },
        "case_id": "moscow_center_+1_+2_2f59b7ad_mixed_scale"
      },
      "geometry": {
        "type": "LineString",
        "coordinates": [
          [
            37.6449995,
            55.7625148
          ],
          [
            37.6447998,
            55.762434
          ],
          [
            37.644888,
            55.7623578
          ]
        ]
      }
    },
    {
      "type": "Feature",
      "properties": {
        "id": "moscow_center_+1_+2_2f59b7ad_mixed_scale_osm_way_763230965_195",
        "object_type": "restriction",
        "restriction_type": "road",
        "name": "",
        "osm_kind": "road",
        "osm_id": 763230965,
        "osm_type": "way",
        "osm_tags": {
          "highway": "service"
        },
        "case_id": "moscow_center_+1_+2_2f59b7ad_mixed_scale"
      },
      "geometry": {
        "type": "LineString",
        "coordinates": [
          [
            37.645094,
            55.7624365
          ],
          [
            37.6449995,
            55.7625148
          ],
          [
            37.6449012,
            55.7625964
          ]
        ]
      }
    },
    {
      "type": "Feature",
      "properties": {
        "id": "moscow_center_+1_+2_2f59b7ad_mixed_scale_osm_way_763230967_196",
        "object_type": "restriction",
        "restriction_type": "road",
        "name": "",
        "osm_kind": "road",
        "osm_id": 763230967,
        "osm_type": "way",
        "osm_tags": {
          "highway": "footway"
        },
        "case_id": "moscow_center_+1_+2_2f59b7ad_mixed_scale"
      },
      "geometry": {
        "type": "LineString",
        "coordinates": [
          [
            37.6459972,
            55.7630402
          ],
          [
            37.6459806,
            55.7630322
          ]
        ]
      }
    },
    {
      "type": "Feature",
      "properties": {
        "id": "moscow_center_+1_+2_2f59b7ad_mixed_scale_osm_way_763230970_197",
        "object_type": "restriction",
        "restriction_type": "road",
        "name": "",
        "osm_kind": "road",
        "osm_id": 763230970,
        "osm_type": "way",
        "osm_tags": {
          "highway": "service"
        },
        "case_id": "moscow_center_+1_+2_2f59b7ad_mixed_scale"
      },
      "geometry": {
        "type": "LineString",
        "coordinates": [
          [
            37.646756,
            55.7625481
          ],
          [
            37.646771,
            55.7625556
          ],
          [
            37.6468557,
            55.7625983
          ]
        ]
      }
    },
    {
      "type": "Feature",
      "properties": {
        "id": "moscow_center_+1_+2_2f59b7ad_mixed_scale_osm_way_763230971_198",
        "object_type": "restriction",
        "restriction_type": "road",
        "name": "",
        "osm_kind": "road",
        "osm_id": 763230971,
        "osm_type": "way",
        "osm_tags": {
          "highway": "service"
        },
        "case_id": "moscow_center_+1_+2_2f59b7ad_mixed_scale"
      },
      "geometry": {
        "type": "LineString",
        "coordinates": [
          [
            37.646756,
            55.7625481
          ],
          [
            37.6466696,
            55.762505
          ]
        ]
      }
    },
    {
      "type": "Feature",
      "properties": {
        "id": "moscow_center_+1_+2_2f59b7ad_mixed_scale_osm_way_763230973_199",
        "object_type": "restriction",
        "restriction_type": "road",
        "name": "",
        "osm_kind": "road",
        "osm_id": 763230973,
        "osm_type": "way",
        "osm_tags": {
          "highway": "service"
        },
        "case_id": "moscow_center_+1_+2_2f59b7ad_mixed_scale"
      },
      "geometry": {
        "type": "LineString",
        "coordinates": [
          [
            37.6460356,
            55.7631797
          ],
          [
            37.6460226,
            55.7631733
          ]
        ]
      }
    },
    {
      "type": "Feature",
      "properties": {
        "id": "moscow_center_+1_+2_2f59b7ad_mixed_scale_osm_way_763230974_200",
        "object_type": "restriction",
        "restriction_type": "oks",
        "name": "",
        "osm_kind": "building",
        "osm_id": 763230974,
        "osm_type": "way",
        "osm_tags": {
          "building": "garage"
        },
        "case_id": "moscow_center_+1_+2_2f59b7ad_mixed_scale"
      },
      "geometry": {
        "type": "Polygon",
        "coordinates": [
          [
            [
              37.6461269,
              55.763543
            ],
            [
              37.6461632,
              55.7635613
            ],
            [
              37.6462137,
              55.7635296
            ],
            [
              37.6461774,
              55.7635113
            ],
            [
              37.6461269,
              55.763543
            ]
          ]
        ]
      }
    },
    {
      "type": "Feature",
      "properties": {
        "id": "moscow_center_+1_+2_2f59b7ad_mixed_scale_osm_way_763230975_201",
        "object_type": "restriction",
        "restriction_type": "road",
        "name": "",
        "osm_kind": "road",
        "osm_id": 763230975,
        "osm_type": "way",
        "osm_tags": {
          "highway": "service"
        },
        "case_id": "moscow_center_+1_+2_2f59b7ad_mixed_scale"
      },
      "geometry": {
        "type": "LineString",
        "coordinates": [
          [
            37.646367,
            55.7635776
          ],
          [
            37.6462273,
            55.7635063
          ],
          [
            37.6467778,
            55.7631649
          ]
        ]
      }
    },
    {
      "type": "Feature",
      "properties": {
        "id": "moscow_center_+1_+2_2f59b7ad_mixed_scale_osm_way_763230976_202",
        "object_type": "restriction",
        "restriction_type": "road",
        "name": "",
        "osm_kind": "road",
        "osm_id": 763230976,
        "osm_type": "way",
        "osm_tags": {
          "highway": "service"
        },
        "case_id": "moscow_center_+1_+2_2f59b7ad_mixed_scale"
      },
      "geometry": {
        "type": "LineString",
        "coordinates": [
          [
            37.6461432,
            55.7632325
          ],
          [
            37.6462809,
            55.7633
          ],
          [
            37.6463615,
            55.763248
          ]
        ]
      }
    },
    {
      "type": "Feature",
      "properties": {
        "id": "moscow_center_+1_+2_2f59b7ad_mixed_scale_osm_way_763230978_203",
        "object_type": "restriction",
        "restriction_type": "road",
        "name": "",
        "osm_kind": "road",
        "osm_id": 763230978,
        "osm_type": "way",
        "osm_tags": {
          "highway": "service"
        },
        "case_id": "moscow_center_+1_+2_2f59b7ad_mixed_scale"
      },
      "geometry": {
        "type": "LineString",
        "coordinates": [
          [
            37.6466143,
            55.7630814
          ],
          [
            37.6469519,
            55.762874
          ],
          [
            37.6471788,
            55.7629787
          ]
        ]
      }
    },
    {
      "type": "Feature",
      "properties": {
        "id": "moscow_center_+1_+2_2f59b7ad_mixed_scale_osm_way_763230979_204",
        "object_type": "restriction",
        "restriction_type": "road",
        "name": "",
        "osm_kind": "road",
        "osm_id": 763230979,
        "osm_type": "way",
        "osm_tags": {
          "highway": "service"
        },
        "case_id": "moscow_center_+1_+2_2f59b7ad_mixed_scale"
      },
      "geometry": {
        "type": "LineString",
        "coordinates": [
          [
            37.646831,
            55.763192
          ],
          [
            37.6471788,
            55.7629787
          ],
          [
            37.6472788,
            55.7629174
          ]
        ]
      }
    },
    {
      "type": "Feature",
      "properties": {
        "id": "moscow_center_+1_+2_2f59b7ad_mixed_scale_osm_way_763230982_205",
        "object_type": "restriction",
        "restriction_type": "road",
        "name": "",
        "osm_kind": "road",
        "osm_id": 763230982,
        "osm_type": "way",
        "osm_tags": {
          "highway": "footway"
        },
        "case_id": "moscow_center_+1_+2_2f59b7ad_mixed_scale"
      },
      "geometry": {
        "type": "LineString",
        "coordinates": [
          [
            37.6468125,
            55.7638842
          ],
          [
            37.6469222,
            55.7638238
          ],
          [
            37.6470779,
            55.7639034
          ],
          [
            37.6471943,
            55.7638328
          ],
          [
            37.6473202,
            55.7637567
          ],
          [
            37.6473343,
            55.7637478
          ],
          [
            37.6471083,
            55.7636343
          ]
        ]
      }
    },
    {
      "type": "Feature",
      "properties": {
        "id": "moscow_center_+1_+2_2f59b7ad_mixed_scale_osm_way_763387849_206",
        "object_type": "restriction",
        "restriction_type": "road",
        "name": "",
        "osm_kind": "road",
        "osm_id": 763387849,
        "osm_type": "way",
        "osm_tags": {
          "highway": "footway"
        },
        "case_id": "moscow_center_+1_+2_2f59b7ad_mixed_scale"
      },
      "geometry": {
        "type": "LineString",
        "coordinates": [
          [
            37.6436456,
            55.7633648
          ],
          [
            37.6433346,
            55.763191
          ]
        ]
      }
    },
    {
      "type": "Feature",
      "properties": {
        "id": "moscow_center_+1_+2_2f59b7ad_mixed_scale_osm_way_763387850_207",
        "object_type": "restriction",
        "restriction_type": "road",
        "name": "",
        "osm_kind": "road",
        "osm_id": 763387850,
        "osm_type": "way",
        "osm_tags": {
          "highway": "service"
        },
        "case_id": "moscow_center_+1_+2_2f59b7ad_mixed_scale"
      },
      "geometry": {
        "type": "LineString",
        "coordinates": [
          [
            37.6440871,
            55.7639246
          ],
          [
            37.6441296,
            55.7637829
          ],
          [
            37.6442744,
            55.7636958
          ],
          [
            37.6436725,
            55.763379
          ]
        ]
      }
    },
    {
      "type": "Feature",
      "properties": {
        "id": "moscow_center_+1_+2_2f59b7ad_mixed_scale_osm_way_763387851_208",
        "object_type": "restriction",
        "restriction_type": "road",
        "name": "",
        "osm_kind": "road",
        "osm_id": 763387851,
        "osm_type": "way",
        "osm_tags": {
          "highway": "service"
        },
        "case_id": "moscow_center_+1_+2_2f59b7ad_mixed_scale"
      },
      "geometry": {
        "type": "LineString",
        "coordinates": [
          [
            37.6437564,
            55.764149
          ],
          [
            37.643807,
            55.7641146
          ],
          [
            37.6439277,
            55.7640325
          ],
          [
            37.6440871,
            55.7639246
          ]
        ]
      }
    },
    {
      "type": "Feature",
      "properties": {
        "id": "moscow_center_+1_+2_2f59b7ad_mixed_scale_osm_way_901893303_209",
        "object_type": "restriction",
        "restriction_type": "road",
        "name": "",
        "osm_kind": "road",
        "osm_id": 901893303,
        "osm_type": "way",
        "osm_tags": {
          "highway": "footway"
        },
        "case_id": "moscow_center_+1_+2_2f59b7ad_mixed_scale"
      },
      "geometry": {
        "type": "LineString",
        "coordinates": [
          [
            37.6450493,
            55.7633875
          ],
          [
            37.6450155,
            55.7634187
          ],
          [
            37.6450033,
            55.7634307
          ]
        ]
      }
    },
    {
      "type": "Feature",
      "properties": {
        "id": "moscow_center_+1_+2_2f59b7ad_mixed_scale_osm_way_901893304_210",
        "object_type": "restriction",
        "restriction_type": "road",
        "name": "",
        "osm_kind": "road",
        "osm_id": 901893304,
        "osm_type": "way",
        "osm_tags": {
          "highway": "service"
        },
        "case_id": "moscow_center_+1_+2_2f59b7ad_mixed_scale"
      },
      "geometry": {
        "type": "LineString",
        "coordinates": [
          [
            37.6451799,
            55.7627758
          ],
          [
            37.6452147,
            55.7627478
          ]
        ]
      }
    },
    {
      "type": "Feature",
      "properties": {
        "id": "moscow_center_+1_+2_2f59b7ad_mixed_scale_osm_way_901893305_211",
        "object_type": "restriction",
        "restriction_type": "road",
        "name": "",
        "osm_kind": "road",
        "osm_id": 901893305,
        "osm_type": "way",
        "osm_tags": {
          "highway": "service"
        },
        "case_id": "moscow_center_+1_+2_2f59b7ad_mixed_scale"
      },
      "geometry": {
        "type": "LineString",
        "coordinates": [
          [
            37.6451799,
            55.7627758
          ],
          [
            37.6453225,
            55.7628354
          ],
          [
            37.6453775,
            55.7628777
          ],
          [
            37.6455264,
            55.7629482
          ],
          [
            37.6458443,
            55.7630935
          ]
        ]
      }
    },
    {
      "type": "Feature",
      "properties": {
        "id": "moscow_center_+1_+2_2f59b7ad_mixed_scale_osm_way_909234964_212",
        "object_type": "restriction",
        "restriction_type": "road",
        "name": "",
        "osm_kind": "road",
        "osm_id": 909234964,
        "osm_type": "way",
        "osm_tags": {
          "highway": "footway"
        },
        "case_id": "moscow_center_+1_+2_2f59b7ad_mixed_scale"
      },
      "geometry": {
        "type": "LineString",
        "coordinates": [
          [
            37.6440954,
            55.7620854
          ],
          [
            37.644391,
            55.7621647
          ]
        ]
      }
    },
    {
      "type": "Feature",
      "properties": {
        "id": "moscow_center_+1_+2_2f59b7ad_mixed_scale_osm_way_909234967_213",
        "object_type": "restriction",
        "restriction_type": "road",
        "name": "",
        "osm_kind": "road",
        "osm_id": 909234967,
        "osm_type": "way",
        "osm_tags": {
          "highway": "footway"
        },
        "case_id": "moscow_center_+1_+2_2f59b7ad_mixed_scale"
      },
      "geometry": {
        "type": "LineString",
        "coordinates": [
          [
            37.6440954,
            55.7620854
          ],
          [
            37.6438874,
            55.7622392
          ],
          [
            37.643661,
            55.7623856
          ],
          [
            37.6435998,
            55.7624252
          ],
          [
            37.6434968,
            55.7624918
          ]
        ]
      }
    },
    {
      "type": "Feature",
      "properties": {
        "id": "moscow_center_+1_+2_2f59b7ad_mixed_scale_osm_way_909234968_214",
        "object_type": "restriction",
        "restriction_type": "road",
        "name": "",
        "osm_kind": "road",
        "osm_id": 909234968,
        "osm_type": "way",
        "osm_tags": {
          "highway": "footway"
        },
        "case_id": "moscow_center_+1_+2_2f59b7ad_mixed_scale"
      },
      "geometry": {
        "type": "LineString",
        "coordinates": [
          [
            37.6428204,
            55.7623965
          ],
          [
            37.6434718,
            55.761929
          ]
        ]
      }
    },
    {
      "type": "Feature",
      "properties": {
        "id": "moscow_center_+1_+2_2f59b7ad_mixed_scale_osm_way_930717209_215",
        "object_type": "restriction",
        "restriction_type": "road",
        "name": "",
        "osm_kind": "road",
        "osm_id": 930717209,
        "osm_type": "way",
        "osm_tags": {
          "highway": "footway"
        },
        "case_id": "moscow_center_+1_+2_2f59b7ad_mixed_scale"
      },
      "geometry": {
        "type": "LineString",
        "coordinates": [
          [
            37.6433006,
            55.7648533
          ],
          [
            37.6436526,
            55.7646126
          ]
        ]
      }
    },
    {
      "type": "Feature",
      "properties": {
        "id": "moscow_center_+1_+2_2f59b7ad_mixed_scale_osm_way_932566450_216",
        "object_type": "restriction",
        "restriction_type": "road",
        "name": "",
        "osm_kind": "road",
        "osm_id": 932566450,
        "osm_type": "way",
        "osm_tags": {
          "highway": "footway"
        },
        "case_id": "moscow_center_+1_+2_2f59b7ad_mixed_scale"
      },
      "geometry": {
        "type": "LineString",
        "coordinates": [
          [
            37.6458508,
            55.7632616
          ],
          [
            37.6458596,
            55.7632661
          ]
        ]
      }
    },
    {
      "type": "Feature",
      "properties": {
        "id": "moscow_center_+1_+2_2f59b7ad_mixed_scale_osm_way_932566451_217",
        "object_type": "restriction",
        "restriction_type": "road",
        "name": "",
        "osm_kind": "road",
        "osm_id": 932566451,
        "osm_type": "way",
        "osm_tags": {
          "highway": "footway"
        },
        "case_id": "moscow_center_+1_+2_2f59b7ad_mixed_scale"
      },
      "geometry": {
        "type": "LineString",
        "coordinates": [
          [
            37.6457357,
            55.7632026
          ],
          [
            37.6457875,
            55.7632292
          ]
        ]
      }
    },
    {
      "type": "Feature",
      "properties": {
        "id": "moscow_center_+1_+2_2f59b7ad_mixed_scale_osm_way_932566452_218",
        "object_type": "restriction",
        "restriction_type": "road",
        "name": "",
        "osm_kind": "road",
        "osm_id": 932566452,
        "osm_type": "way",
        "osm_tags": {
          "highway": "footway"
        },
        "case_id": "moscow_center_+1_+2_2f59b7ad_mixed_scale"
      },
      "geometry": {
        "type": "LineString",
        "coordinates": [
          [
            37.6457875,
            55.7632292
          ],
          [
            37.6458181,
            55.7632448
          ],
          [
            37.6458508,
            55.7632616
          ]
        ]
      }
    },
    {
      "type": "Feature",
      "properties": {
        "id": "moscow_center_+1_+2_2f59b7ad_mixed_scale_osm_way_932566457_219",
        "object_type": "restriction",
        "restriction_type": "road",
        "name": "",
        "osm_kind": "road",
        "osm_id": 932566457,
        "osm_type": "way",
        "osm_tags": {
          "highway": "footway"
        },
        "case_id": "moscow_center_+1_+2_2f59b7ad_mixed_scale"
      },
      "geometry": {
        "type": "LineString",
        "coordinates": [
          [
            37.642212,
            55.7634947
          ],
          [
            37.6422307,
            55.7635066
          ]
        ]
      }
    },
    {
      "type": "Feature",
      "properties": {
        "id": "moscow_center_+1_+2_2f59b7ad_mixed_scale_osm_way_939731496_220",
        "object_type": "restriction",
        "restriction_type": "road",
        "name": "",
        "osm_kind": "road",
        "osm_id": 939731496,
        "osm_type": "way",
        "osm_tags": {
          "highway": "footway"
        },
        "case_id": "moscow_center_+1_+2_2f59b7ad_mixed_scale"
      },
      "geometry": {
        "type": "LineString",
        "coordinates": [
          [
            37.6461665,
            55.7647602
          ],
          [
            37.6457446,
            55.7645584
          ]
        ]
      }
    },
    {
      "type": "Feature",
      "properties": {
        "id": "moscow_center_+1_+2_2f59b7ad_mixed_scale_osm_way_955646035_221",
        "object_type": "restriction",
        "restriction_type": "road",
        "name": "",
        "osm_kind": "road",
        "osm_id": 955646035,
        "osm_type": "way",
        "osm_tags": {
          "highway": "footway"
        },
        "case_id": "moscow_center_+1_+2_2f59b7ad_mixed_scale"
      },
      "geometry": {
        "type": "LineString",
        "coordinates": [
          [
            37.6429968,
            55.762403
          ],
          [
            37.643609,
            55.7619634
          ]
        ]
      }
    },
    {
      "type": "Feature",
      "properties": {
        "id": "moscow_center_+1_+2_2f59b7ad_mixed_scale_osm_way_1105524531_222",
        "object_type": "restriction",
        "restriction_type": "road",
        "name": "",
        "osm_kind": "road",
        "osm_id": 1105524531,
        "osm_type": "way",
        "osm_tags": {
          "highway": "service"
        },
        "case_id": "moscow_center_+1_+2_2f59b7ad_mixed_scale"
      },
      "geometry": {
        "type": "LineString",
        "coordinates": [
          [
            37.6418707,
            55.762065
          ],
          [
            37.6420917,
            55.7621546
          ]
        ]
      }
    },
    {
      "type": "Feature",
      "properties": {
        "id": "moscow_center_+1_+2_2f59b7ad_mixed_scale_osm_way_1106935209_223",
        "object_type": "restriction",
        "restriction_type": "park",
        "name": "",
        "osm_kind": "green",
        "osm_id": 1106935209,
        "osm_type": "way",
        "osm_tags": {
          "landuse": "grass"
        },
        "case_id": "moscow_center_+1_+2_2f59b7ad_mixed_scale"
      },
      "geometry": {
        "type": "Polygon",
        "coordinates": [
          [
            [
              37.6431298,
              55.7622802
            ],
            [
              37.6434434,
              55.762059
            ],
            [
              37.643386,
              55.7620332
            ],
            [
              37.6430724,
              55.7622544
            ],
            [
              37.6431298,
              55.7622802
            ]
          ]
        ]
      }
    },
    {
      "type": "Feature",
      "properties": {
        "id": "moscow_center_+1_+2_2f59b7ad_mixed_scale_osm_way_1106935213_224",
        "object_type": "restriction",
        "restriction_type": "park",
        "name": "",
        "osm_kind": "green",
        "osm_id": 1106935213,
        "osm_type": "way",
        "osm_tags": {
          "landuse": "grass"
        },
        "case_id": "moscow_center_+1_+2_2f59b7ad_mixed_scale"
      },
      "geometry": {
        "type": "Polygon",
        "coordinates": [
          [
            [
              37.6437602,
              55.7621348
            ],
            [
              37.6437387,
              55.7621552
            ],
            [
              37.64373,
              55.7621816
            ],
            [
              37.6437307,
              55.7622061
            ],
            [
              37.6437501,
              55.7622148
            ],
            [
              37.6437199,
              55.7622797
            ],
            [
              37.6437608,
              55.7623001
            ],
            [
              37.643905,
              55.7622042
            ],
            [
              37.6437602,
              55.7621348
            ]
          ]
        ]
      }
    },
    {
      "type": "Feature",
      "properties": {
        "id": "moscow_center_+1_+2_2f59b7ad_mixed_scale_osm_way_1106939469_225",
        "object_type": "restriction",
        "restriction_type": "road",
        "name": "",
        "osm_kind": "road",
        "osm_id": 1106939469,
        "osm_type": "way",
        "osm_tags": {
          "highway": "footway"
        },
        "case_id": "moscow_center_+1_+2_2f59b7ad_mixed_scale"
      },
      "geometry": {
        "type": "LineString",
        "coordinates": [
          [
            37.643661,
            55.7623856
          ],
          [
            37.6436985,
            55.7622733
          ],
          [
            37.6436904,
            55.7621842
          ],
          [
            37.643609,
            55.7619634
          ]
        ]
      }
    },
    {
      "type": "Feature",
      "properties": {
        "id": "moscow_center_+1_+2_2f59b7ad_mixed_scale_osm_way_1106945236_226",
        "object_type": "restriction",
        "restriction_type": "road",
        "name": "",
        "osm_kind": "road",
        "osm_id": 1106945236,
        "osm_type": "way",
        "osm_tags": {
          "highway": "footway"
        },
        "case_id": "moscow_center_+1_+2_2f59b7ad_mixed_scale"
      },
      "geometry": {
        "type": "LineString",
        "coordinates": [
          [
            37.6435998,
            55.7624252
          ],
          [
            37.6429968,
            55.762403
          ],
          [
            37.6428204,
            55.7623965
          ]
        ]
      }
    },
    {
      "type": "Feature",
      "properties": {
        "id": "moscow_center_+1_+2_2f59b7ad_mixed_scale_osm_way_1155702198_227",
        "object_type": "restriction",
        "restriction_type": "road",
        "name": "",
        "osm_kind": "road",
        "osm_id": 1155702198,
        "osm_type": "way",
        "osm_tags": {
          "highway": "service"
        },
        "case_id": "moscow_center_+1_+2_2f59b7ad_mixed_scale"
      },
      "geometry": {
        "type": "LineString",
        "coordinates": [
          [
            37.6449566,
            55.7643599
          ],
          [
            37.6447302,
            55.764294
          ],
          [
            37.6446636,
            55.7642687
          ]
        ]
      }
    },
    {
      "type": "Feature",
      "properties": {
        "id": "moscow_center_+1_+2_2f59b7ad_mixed_scale_osm_way_1288242580_228",
        "object_type": "restriction",
        "restriction_type": "road",
        "name": "",
        "osm_kind": "road",
        "osm_id": 1288242580,
        "osm_type": "way",
        "osm_tags": {
          "highway": "path"
        },
        "case_id": "moscow_center_+1_+2_2f59b7ad_mixed_scale"
      },
      "geometry": {
        "type": "LineString",
        "coordinates": [
          [
            37.6424596,
            55.7646828
          ],
          [
            37.6425037,
            55.7646134
          ],
          [
            37.6424645,
            55.7645546
          ],
          [
            37.6423744,
            55.7645022
          ],
          [
            37.6422782,
            55.7644194
          ],
          [
            37.6422061,
            55.7643653
          ],
          [
            37.6421687,
            55.7643062
          ]
        ]
      }
    },
    {
      "type": "Feature",
      "properties": {
        "id": "moscow_center_+1_+2_2f59b7ad_mixed_scale_osm_way_1300230055_229",
        "object_type": "restriction",
        "restriction_type": "railway",
        "name": "",
        "osm_kind": "railway",
        "osm_id": 1300230055,
        "osm_type": "way",
        "osm_tags": {
          "railway": "tram"
        },
        "case_id": "moscow_center_+1_+2_2f59b7ad_mixed_scale"
      },
      "geometry": {
        "type": "LineString",
        "coordinates": [
          [
            37.6428971,
            55.7620896
          ],
          [
            37.6431942,
            55.7618621
          ],
          [
            37.6432551,
            55.7618161
          ],
          [
            37.6433296,
            55.7617436
          ],
          [
            37.6437164,
            55.7613085
          ]
        ]
      }
    },
    {
      "type": "Feature",
      "properties": {
        "id": "moscow_center_+1_+2_2f59b7ad_mixed_scale_osm_way_1300230057_230",
        "object_type": "restriction",
        "restriction_type": "railway",
        "name": "",
        "osm_kind": "railway",
        "osm_id": 1300230057,
        "osm_type": "way",
        "osm_tags": {
          "railway": "tram"
        },
        "case_id": "moscow_center_+1_+2_2f59b7ad_mixed_scale"
      },
      "geometry": {
        "type": "LineString",
        "coordinates": [
          [
            37.644664,
            55.7619345
          ],
          [
            37.6444137,
            55.7621717
          ],
          [
            37.6443971,
            55.7621876
          ],
          [
            37.6443207,
            55.7622457
          ],
          [
            37.6442209,
            55.7623122
          ],
          [
            37.6438137,
            55.7625334
          ]
        ]
      }
    },
    {
      "type": "Feature",
      "properties": {
        "id": "moscow_center_+1_+2_2f59b7ad_mixed_scale_osm_way_1486362231_231",
        "object_type": "restriction",
        "restriction_type": "road",
        "name": "",
        "osm_kind": "road",
        "osm_id": 1486362231,
        "osm_type": "way",
        "osm_tags": {
          "highway": "steps"
        },
        "case_id": "moscow_center_+1_+2_2f59b7ad_mixed_scale"
      },
      "geometry": {
        "type": "LineString",
        "coordinates": [
          [
            37.6427961,
            55.7638461
          ],
          [
            37.6427691,
            55.7638325
          ]
        ]
      }
    },
    {
      "type": "Feature",
      "properties": {
        "id": "moscow_center_+1_+2_2f59b7ad_mixed_scale_osm_way_1486362232_232",
        "object_type": "restriction",
        "restriction_type": "road",
        "name": "",
        "osm_kind": "road",
        "osm_id": 1486362232,
        "osm_type": "way",
        "osm_tags": {
          "highway": "steps"
        },
        "case_id": "moscow_center_+1_+2_2f59b7ad_mixed_scale"
      },
      "geometry": {
        "type": "LineString",
        "coordinates": [
          [
            37.6427839,
            55.7638233
          ],
          [
            37.6428106,
            55.7638368
          ]
        ]
      }
    },
    {
      "type": "Feature",
      "properties": {
        "id": "moscow_center_+1_+2_2f59b7ad_mixed_scale_osm_way_1529704371_233",
        "object_type": "restriction",
        "restriction_type": "road",
        "name": "Большой Харитоньевский переулок",
        "osm_kind": "road",
        "osm_id": 1529704371,
        "osm_type": "way",
        "osm_tags": {
          "highway": "residential",
          "name": "Большой Харитоньевский переулок"
        },
        "case_id": "moscow_center_+1_+2_2f59b7ad_mixed_scale"
      },
      "geometry": {
        "type": "LineString",
        "coordinates": [
          [
            37.645074,
            55.7646977
          ],
          [
            37.6451771,
            55.7647379
          ],
          [
            37.6453791,
            55.7648165
          ]
        ]
      }
    },
    {
      "type": "Feature",
      "properties": {
        "id": "moscow_center_+1_+2_2f59b7ad_mixed_scale_osm_way_1529704374_234",
        "object_type": "restriction",
        "restriction_type": "road",
        "name": "Большой Харитоньевский переулок",
        "osm_kind": "road",
        "osm_id": 1529704374,
        "osm_type": "way",
        "osm_tags": {
          "highway": "residential",
          "name": "Большой Харитоньевский переулок"
        },
        "case_id": "moscow_center_+1_+2_2f59b7ad_mixed_scale"
      },
      "geometry": {
        "type": "LineString",
        "coordinates": [
          [
            37.6447057,
            55.7645597
          ],
          [
            37.6449747,
            55.7646605
          ],
          [
            37.645074,
            55.7646977
          ]
        ]
      }
    },
    {
      "type": "Feature",
      "properties": {
        "id": "moscow_center_+1_+2_2f59b7ad_mixed_scale_osm_way_1529704375_235",
        "object_type": "restriction",
        "restriction_type": "road",
        "name": "улица Чаплыгина",
        "osm_kind": "road",
        "osm_id": 1529704375,
        "osm_type": "way",
        "osm_tags": {
          "highway": "residential",
          "name": "улица Чаплыгина"
        },
        "case_id": "moscow_center_+1_+2_2f59b7ad_mixed_scale"
      },
      "geometry": {
        "type": "LineString",
        "coordinates": [
          [
            37.6453369,
            55.7645057
          ],
          [
            37.6451303,
            55.7646566
          ],
          [
            37.645074,
            55.7646977
          ]
        ]
      }
    },
    {
      "type": "Feature",
      "properties": {
        "id": "moscow_center_+1_+2_2f59b7ad_mixed_scale_osm_way_1529705497_236",
        "object_type": "restriction",
        "restriction_type": "road",
        "name": "",
        "osm_kind": "road",
        "osm_id": 1529705497,
        "osm_type": "way",
        "osm_tags": {
          "highway": "service"
        },
        "case_id": "moscow_center_+1_+2_2f59b7ad_mixed_scale"
      },
      "geometry": {
        "type": "LineString",
        "coordinates": [
          [
            37.6461942,
            55.7648252
          ],
          [
            37.6465834,
            55.7649272
          ],
          [
            37.6467078,
            55.7647773
          ],
          [
            37.6468939,
            55.7647521
          ],
          [
            37.6470963,
            55.7648084
          ],
          [
            37.6469432,
            55.7650085
          ],
          [
            37.6469069,
            55.765056
          ]
        ]
      }
    },
    {
      "type": "Feature",
      "properties": {
        "id": "moscow_center_+1_+2_2f59b7ad_mixed_scale_osm_way_1529705498_237",
        "object_type": "restriction",
        "restriction_type": "road",
        "name": "",
        "osm_kind": "road",
        "osm_id": 1529705498,
        "osm_type": "way",
        "osm_tags": {
          "highway": "service"
        },
        "case_id": "moscow_center_+1_+2_2f59b7ad_mixed_scale"
      },
      "geometry": {
        "type": "LineString",
        "coordinates": [
          [
            37.6461242,
            55.7648065
          ],
          [
            37.6461665,
            55.7647602
          ],
          [
            37.6462676,
            55.7646626
          ]
        ]
      }
    },
    {
      "type": "Feature",
      "properties": {
        "id": "moscow_center_+1_+2_2f59b7ad_mixed_scale_source",
        "object_type": "source",
        "case_id": "moscow_center_+1_+2_2f59b7ad_mixed_scale"
      },
      "geometry": {
        "type": "Point",
        "coordinates": [
          37.64236263333333,
          55.763166160000004
        ]
      }
    },
    {
      "type": "Feature",
      "properties": {
        "id": "moscow_center_+1_+2_2f59b7ad_mixed_scale_existing_network",
        "object_type": "heat_network",
        "diameter": 500,
        "flow_tph": 180.0,
        "upstream_object_id": "moscow_center_+1_+2_2f59b7ad_mixed_scale_source",
        "case_id": "moscow_center_+1_+2_2f59b7ad_mixed_scale"
      },
      "geometry": {
        "type": "LineString",
        "coordinates": [
          [
            37.64236263333333,
            55.763166160000004
          ],
          [
            37.6434803,
            55.763435650000005
          ]
        ]
      }
    },
    {
      "type": "Feature",
      "properties": {
        "id": "moscow_center_+1_+2_2f59b7ad_mixed_scale_existing_chamber",
        "object_type": "heat_chamber",
        "diameter": 500,
        "upstream_object_id": "moscow_center_+1_+2_2f59b7ad_mixed_scale_source",
        "case_id": "moscow_center_+1_+2_2f59b7ad_mixed_scale"
      },
      "geometry": {
        "type": "Point",
        "coordinates": [
          37.6434803,
          55.763435650000005
        ]
      }
    },
    {
      "type": "Feature",
      "properties": {
        "id": "moscow_center_+1_+2_2f59b7ad_mixed_scale_cp_1",
        "object_type": "oks_connection_point",
        "flow_tph": 47.361,
        "case_id": "moscow_center_+1_+2_2f59b7ad_mixed_scale",
        "consumer_role": "osm_building_heat_demand_proxy",
        "source_building_osm_id": 53039458,
        "source_building_osm_type": "way",
        "source_building_name": "",
        "source_building_tags": {
          "building": "office"
        },
        "footprint_area_m2": 3078.45,
        "flow_basis": "synthetic_proxy_from_osm_footprint_area",
        "stress_bucket": "mixed_scale"
      },
      "geometry": {
        "type": "Point",
        "coordinates": [
          37.646785295760225,
          55.76215562466015
        ]
      }
    },
    {
      "type": "Feature",
      "properties": {
        "id": "moscow_center_+1_+2_2f59b7ad_mixed_scale_cp_2",
        "object_type": "oks_connection_point",
        "flow_tph": 38.749,
        "case_id": "moscow_center_+1_+2_2f59b7ad_mixed_scale",
        "consumer_role": "osm_building_heat_demand_proxy",
        "source_building_osm_id": 42503311,
        "source_building_osm_type": "way",
        "source_building_name": "Современник",
        "source_building_tags": {
          "building": "theatre",
          "name": "Современник"
        },
        "footprint_area_m2": 2518.67,
        "flow_basis": "synthetic_proxy_from_osm_footprint_area",
        "stress_bucket": "mixed_scale"
      },
      "geometry": {
        "type": "Point",
        "coordinates": [
          37.645875865936645,
          55.76181384342683
        ]
      }
    },
    {
      "type": "Feature",
      "properties": {
        "id": "moscow_center_+1_+2_2f59b7ad_mixed_scale_cp_3",
        "object_type": "oks_connection_point",
        "flow_tph": 5.0,
        "case_id": "moscow_center_+1_+2_2f59b7ad_mixed_scale",
        "consumer_role": "osm_building_heat_demand_proxy",
        "source_building_osm_id": 31724115,
        "source_building_osm_type": "way",
        "source_building_name": "",
        "source_building_tags": {
          "building": "apartments"
        },
        "footprint_area_m2": 448.17,
        "flow_basis": "synthetic_proxy_from_osm_footprint_area",
        "stress_bucket": "mixed_scale"
      },
      "geometry": {
        "type": "Point",
        "coordinates": [
          37.64506104837023,
          55.76297507775672
        ]
      }
    },
    {
      "type": "Feature",
      "properties": {
        "id": "moscow_center_+1_+2_2f59b7ad_mixed_scale_cp_4",
        "object_type": "oks_connection_point",
        "flow_tph": 10.643,
        "case_id": "moscow_center_+1_+2_2f59b7ad_mixed_scale",
        "consumer_role": "osm_building_heat_demand_proxy",
        "source_building_osm_id": 42503337,
        "source_building_osm_type": "way",
        "source_building_name": "",
        "source_building_tags": {
          "building": "apartments"
        },
        "footprint_area_m2": 1064.31,
        "flow_basis": "synthetic_proxy_from_osm_footprint_area",
        "stress_bucket": "mixed_scale"
      },
      "geometry": {
        "type": "Point",
        "coordinates": [
          37.64517495487288,
          55.76345814604495
        ]
      }
    },
    {
      "type": "Feature",
      "properties": {
        "id": "moscow_center_+1_+2_2f59b7ad_mixed_scale_cp_5",
        "object_type": "oks_connection_point",
        "flow_tph": 5.0,
        "case_id": "moscow_center_+1_+2_2f59b7ad_mixed_scale",
        "consumer_role": "osm_building_heat_demand_proxy",
        "source_building_osm_id": 705280789,
        "source_building_osm_type": "way",
        "source_building_name": "",
        "source_building_tags": {
          "building": "service"
        },
        "footprint_area_m2": 38.96,
        "flow_basis": "synthetic_proxy_from_osm_footprint_area",
        "stress_bucket": "mixed_scale"
      },
      "geometry": {
        "type": "Point",
        "coordinates": [
          37.64607585,
          55.76356285
        ]
      }
    },
    {
      "type": "Feature",
      "properties": {
        "id": "moscow_center_+1_+2_2f59b7ad_mixed_scale_cp_6",
        "object_type": "oks_connection_point",
        "flow_tph": 9.93,
        "case_id": "moscow_center_+1_+2_2f59b7ad_mixed_scale",
        "consumer_role": "osm_building_heat_demand_proxy",
        "source_building_osm_id": 42503335,
        "source_building_osm_type": "way",
        "source_building_name": "",
        "source_building_tags": {
          "building": "apartments"
        },
        "footprint_area_m2": 992.99,
        "flow_basis": "synthetic_proxy_from_osm_footprint_area",
        "stress_bucket": "mixed_scale"
      },
      "geometry": {
        "type": "Point",
        "coordinates": [
          37.64476114060181,
          55.76390314874733
        ]
      }
    },
    {
      "type": "Feature",
      "properties": {
        "id": "moscow_center_+1_+2_2f59b7ad_mixed_scale_cp_7",
        "object_type": "oks_connection_point",
        "flow_tph": 5.974,
        "case_id": "moscow_center_+1_+2_2f59b7ad_mixed_scale",
        "consumer_role": "osm_building_heat_demand_proxy",
        "source_building_osm_id": 42503287,
        "source_building_osm_type": "way",
        "source_building_name": "",
        "source_building_tags": {
          "building": "hospital"
        },
        "footprint_area_m2": 597.42,
        "flow_basis": "synthetic_proxy_from_osm_footprint_area",
        "stress_bucket": "mixed_scale"
      },
      "geometry": {
        "type": "Point",
        "coordinates": [
          37.645391875050045,
          55.76417042986171
        ]
      }
    },
    {
      "type": "Feature",
      "properties": {
        "id": "moscow_center_+1_+2_2f59b7ad_mixed_scale_cp_8",
        "object_type": "oks_connection_point",
        "flow_tph": 9.432,
        "case_id": "moscow_center_+1_+2_2f59b7ad_mixed_scale",
        "consumer_role": "osm_building_heat_demand_proxy",
        "source_building_osm_id": 42503282,
        "source_building_osm_type": "way",
        "source_building_name": "",
        "source_building_tags": {
          "building": "commercial"
        },
        "footprint_area_m2": 943.19,
        "flow_basis": "synthetic_proxy_from_osm_footprint_area",
        "stress_bucket": "mixed_scale"
      },
      "geometry": {
        "type": "Point",
        "coordinates": [
          37.64601466593372,
          55.76388011138301
        ]
      }
    }
  ]
}